LocalTimestamp,EmotiBitTimestamp,PacketNumber,DataLength,TypeTag,ProtocolVersion,DataReliability,T1
1738263920.670818,191937.000,27893,1,T1,1,100,33.286
1738263920.803823,192070.000,27911,1,T1,1,100,33.372
1738263920.937829,192204.000,27927,1,T1,1,100,33.196
1738263921.070833,192337.000,27966,1,T1,1,100,33.298
1738263921.203839,192470.000,27982,1,T1,1,100,33.306
1738263921.337844,192604.000,27998,1,T1,1,100,33.416
1738263921.470849,192737.000,28030,1,T1,1,100,33.428
1738263921.603854,192870.000,28047,1,T1,1,100,33.327
1738263921.737859,193004.000,28062,1,T1,1,100,33.319
1738263921.870864,193137.000,28095,1,T1,1,100,33.351
1738263922.003869,193270.000,28111,1,T1,1,100,33.329
1738263922.137874,193404.000,28126,1,T1,1,100,33.249
1738263922.270879,193537.000,28144,1,T1,1,100,33.356
1738263922.403884,193670.000,28179,1,T1,1,100,33.402
1738263922.537889,193804.000,28194,1,T1,1,100,33.387
1738263922.670894,193937.000,28211,1,T1,1,100,33.345
1738263922.803899,194070.000,28241,1,T1,1,100,33.397
1738263922.937904,194204.000,28257,1,T1,1,100,33.420
1738263923.070909,194337.000,28273,1,T1,1,100,33.430
1738263923.203914,194470.000,28304,1,T1,1,100,33.328
1738263923.336919,194603.000,28321,1,T1,1,100,33.496
1738263923.470924,194737.000,28337,1,T1,1,100,33.498
1738263923.603930,194870.000,28368,1,T1,1,100,33.464
1738263923.736935,195003.000,28385,1,T1,1,100,33.449
1738263923.870940,195137.000,28401,1,T1,1,100,33.478
1738263924.003945,195270.000,28434,1,T1,1,100,33.561
1738263924.136950,195403.000,28449,1,T1,1,100,33.562
1738263924.270955,195537.000,28466,1,T1,1,100,33.420
1738263924.403960,195670.000,28481,1,T1,1,100,33.466
1738263924.536965,195803.000,28513,1,T1,1,100,33.450
1738263924.670970,195937.000,28530,1,T1,1,100,33.407
1738263924.803975,196070.000,28545,1,T1,1,100,33.354
1738263924.936980,196203.000,28576,1,T1,1,100,33.401
1738263925.070985,196337.000,28592,1,T1,1,100,33.422
1738263925.203990,196470.000,28607,1,T1,1,100,33.395
1738263925.336995,196603.000,28638,1,T1,1,100,33.455
1738263925.471000,196737.000,28654,1,T1,1,100,33.445
1738263925.604005,196870.000,28672,1,T1,1,100,33.441
1738263925.737010,197003.000,28702,1,T1,1,100,33.474
1738263925.870015,197136.000,28718,1,T1,1,100,33.418
1738263926.004020,197270.000,28734,1,T1,1,100,33.465
1738263926.137026,197403.000,28772,1,T1,1,100,33.520
1738263926.270031,197536.000,28790,1,T1,1,100,33.509
1738263926.404036,197670.000,28806,1,T1,1,100,33.539
1738263926.537041,197803.000,28823,1,T1,1,100,33.552
1738263926.670046,197936.000,28856,1,T1,1,100,33.452
1738263926.804051,198070.000,28872,1,T1,1,100,33.479
1738263926.937056,198203.000,28890,1,T1,1,100,33.526
1738263927.070061,198336.000,28922,1,T1,1,100,33.618
1738263927.204066,198470.000,28938,1,T1,1,100,33.480
1738263927.337071,198603.000,28956,1,T1,1,100,33.527
1738263927.470076,198736.000,28988,1,T1,1,100,33.441
1738263927.604081,198870.000,29005,1,T1,1,100,33.403
1738263927.737086,199003.000,29022,1,T1,1,100,33.458
1738263927.870091,199136.000,29055,1,T1,1,100,33.482
1738263928.004097,199270.000,29071,1,T1,1,100,33.528
1738263928.137101,199403.000,29088,1,T1,1,100,33.476
1738263928.270107,199536.000,29123,1,T1,1,100,33.454
1738263928.404112,199670.000,29139,1,T1,1,100,33.551
1738263928.537117,199803.000,29156,1,T1,1,100,33.593
1738263928.670122,199936.000,29173,1,T1,1,100,33.540
1738263928.804127,200070.000,29205,1,T1,1,100,33.517
1738263928.937132,200203.000,29223,1,T1,1,100,33.508
1738263929.070137,200336.000,29239,1,T1,1,100,33.468
1738263929.203142,200469.000,29272,1,T1,1,100,33.557
1738263929.337147,200603.000,29289,1,T1,1,100,33.489
1738263929.470152,200736.000,29305,1,T1,1,100,33.602
1738263929.603157,200869.000,29340,1,T1,1,100,33.615
1738263929.737162,201003.000,29357,1,T1,1,100,33.550
1738263929.870167,201136.000,29373,1,T1,1,100,33.628
1738263930.003172,201269.000,29391,1,T1,1,100,33.555
1738263930.137177,201403.000,29423,1,T1,1,100,33.595
1738263930.270182,201536.000,29440,1,T1,1,100,33.576
1738263930.403187,201669.000,29457,1,T1,1,100,33.498
1738263930.537193,201803.000,29488,1,T1,1,100,33.534
1738263930.670197,201936.000,29505,1,T1,1,100,33.550
1738263930.803203,202069.000,29521,1,T1,1,100,33.593
1738263930.937208,202203.000,29556,1,T1,1,100,33.540
1738263931.070213,202336.000,29571,1,T1,1,100,33.517
1738263931.203218,202469.000,29592,1,T1,1,100,33.543
1738263931.337223,202603.000,29623,1,T1,1,100,33.554
1738263931.470228,202736.000,29638,1,T1,1,100,33.594
1738263931.603233,202869.000,29655,1,T1,1,100,33.576
1738263931.737238,203003.000,29670,1,T1,1,100,33.568
1738263931.870243,203136.000,29700,1,T1,1,100,33.565
1738263932.003248,203269.000,29717,1,T1,1,100,33.528
1738263932.137253,203403.000,29734,1,T1,1,100,33.654
1738263932.270258,203536.000,29765,1,T1,1,100,33.567
1738263932.403263,203669.000,29781,1,T1,1,100,33.529
1738263932.536268,203802.000,29796,1,T1,1,100,33.583
1738263932.670273,203936.000,29827,1,T1,1,100,33.642
1738263932.803278,204069.000,29843,1,T1,1,100,33.633
1738263932.937284,204203.000,29859,1,T1,1,100,33.664
1738263933.070288,204336.000,29889,1,T1,1,100,33.606
1738263933.203294,204469.000,29905,1,T1,1,100,33.652
1738263933.336299,204602.000,29923,1,T1,1,100,33.637
1738263933.470304,204736.000,29939,1,T1,1,100,33.524
1738263933.603309,204869.000,29970,1,T1,1,100,33.581
1738263933.736314,205002.000,29985,1,T1,1,100,33.606
1738263933.870319,205136.000,30001,1,T1,1,100,33.581
1738263934.003324,205269.000,30032,1,T1,1,100,33.571
1738263934.136329,205402.000,30047,1,T1,1,100,33.566
1738263934.270334,205536.000,30064,1,T1,1,100,33.599
1738263934.403339,205669.000,30094,1,T1,1,100,33.614
1738263934.536344,205802.000,30109,1,T1,1,100,33.620
1738263934.670349,205936.000,30128,1,T1,1,100,33.587
1738263934.803354,206069.000,30158,1,T1,1,100,33.538
1738263934.936359,206202.000,30174,1,T1,1,100,33.516
1738263935.070364,206336.000,30190,1,T1,1,100,33.543
1738263935.203369,206469.000,30221,1,T1,1,100,33.625
1738263935.336375,206602.000,30236,1,T1,1,100,33.660
1738263935.470380,206736.000,30252,1,T1,1,100,33.640
1738263935.603384,206869.000,30268,1,T1,1,100,33.632
1738263935.736390,207002.000,30300,1,T1,1,100,33.663
1738263935.870395,207136.000,30316,1,T1,1,100,33.677
1738263936.003400,207269.000,30332,1,T1,1,100,33.683
1738263936.136405,207402.000,30362,1,T1,1,100,33.686
1738263936.269910,207535.500,30382,2,T1,1,100,33.687
1738263936.403415,207669.000,30382,2,T1,1,100,33.758
1738263936.536420,207802.000,30413,1,T1,1,100,33.647
1738263936.669425,207935.000,30429,1,T1,1,100,33.528
1738263936.803430,208069.000,30446,1,T1,1,100,33.583
1738263936.936435,208202.000,30477,1,T1,1,100,33.607
1738263937.069440,208335.000,30493,1,T1,1,100,33.582
1738263937.203445,208469.000,30508,1,T1,1,100,33.642
1738263937.336450,208602.000,30525,1,T1,1,100,33.632
1738263937.469455,208735.000,30555,1,T1,1,100,33.664
1738263937.603461,208869.000,30571,1,T1,1,100,33.642
1738263937.736465,209002.000,30589,1,T1,1,100,33.632
1738263937.869471,209135.000,30620,1,T1,1,100,33.628
1738263938.003476,209269.000,30635,1,T1,1,100,33.591
1738263938.136481,209402.000,30651,1,T1,1,100,33.610
1738263938.269486,209535.000,30684,1,T1,1,100,33.654
1738263938.403491,209669.000,30699,1,T1,1,100,33.708
1738263938.536496,209802.000,30715,1,T1,1,100,33.732
1738263938.669501,209935.000,30746,1,T1,1,100,33.636
1738263938.803506,210069.000,30761,1,T1,1,100,33.736
1738263938.936511,210202.000,30778,1,T1,1,100,33.673
1738263939.069516,210335.000,30810,1,T1,1,100,33.681
1738263939.203521,210469.000,30825,1,T1,1,100,33.756
1738263939.336526,210602.000,30842,1,T1,1,100,33.859
1738263939.469531,210735.000,30857,1,T1,1,100,33.903
1738263939.603536,210869.000,30888,1,T1,1,100,33.816
1738263939.736541,211002.000,30904,1,T1,1,100,33.743
1738263939.869546,211135.000,30919,1,T1,1,100,33.783
1738263940.002552,211268.000,30936,1,T1,1,100,33.693
1738263940.136557,211402.000,30966,1,T1,1,100,33.654
1738263940.269562,211535.000,30984,1,T1,1,100,33.673
1738263940.402567,211668.000,31000,1,T1,1,100,33.717
1738263940.536572,211802.000,31031,1,T1,1,100,33.700
1738263940.669577,211935.000,31046,1,T1,1,100,33.728
1738263940.802582,212068.000,31062,1,T1,1,100,33.741
1738263940.936587,212202.000,31093,1,T1,1,100,33.781
1738263941.069592,212335.000,31108,1,T1,1,100,33.799
1738263941.202597,212468.000,31124,1,T1,1,100,33.807
1738263941.336102,212601.500,31162,2,T1,1,100,33.739
1738263941.469607,212735.000,31162,2,T1,1,100,33.816
1738263941.602612,212868.000,31193,1,T1,1,100,33.850
1738263941.736617,213002.000,31209,1,T1,1,100,33.758
1738263941.869622,213135.000,31224,1,T1,1,100,33.789
1738263942.002627,213268.000,31255,1,T1,1,100,33.838
1738263942.136632,213402.000,31271,1,T1,1,100,33.788
1738263942.269637,213535.000,31287,1,T1,1,100,33.766
1738263942.402642,213668.000,31303,1,T1,1,100,33.722
1738263942.536648,213802.000,31334,1,T1,1,100,33.773
1738263942.669653,213935.000,31351,1,T1,1,100,33.795
1738263942.802658,214068.000,31367,1,T1,1,100,33.734
1738263942.935663,214201.000,31398,1,T1,1,100,33.779
1738263943.069668,214335.000,31413,1,T1,1,100,33.762
1738263943.202673,214468.000,31429,1,T1,1,100,33.755
1738263943.335678,214601.000,31462,1,T1,1,100,33.752
1738263943.469683,214735.000,31477,1,T1,1,100,33.786
1738263943.602688,214868.000,31494,1,T1,1,100,33.801
1738263943.735693,215001.000,31524,1,T1,1,100,33.737
1738263943.869698,215135.000,31539,1,T1,1,100,33.780
1738263944.002703,215268.000,31556,1,T1,1,100,33.798
1738263944.135708,215401.000,31588,1,T1,1,100,33.771
1738263944.269713,215535.000,31604,1,T1,1,100,33.724
1738263944.402718,215668.000,31620,1,T1,1,100,33.739
1738263944.535723,215801.000,31637,1,T1,1,100,33.816
1738263944.669729,215935.000,31668,1,T1,1,100,33.779
1738263944.802733,216068.000,31684,1,T1,1,100,33.762
1738263944.935739,216201.000,31700,1,T1,1,100,33.755
1738263945.069744,216335.000,31730,1,T1,1,100,33.823
1738263945.202749,216468.000,31746,1,T1,1,100,33.817
1738263945.335754,216601.000,31762,1,T1,1,100,33.779
1738263945.469759,216735.000,31792,1,T1,1,100,33.869
1738263945.602764,216868.000,31811,1,T1,1,100,33.766
1738263945.735769,217001.000,31826,1,T1,1,100,33.792
1738263945.868774,217134.000,31842,1,T1,1,100,33.768
1738263946.002779,217268.000,31873,1,T1,1,100,33.793
1738263946.135784,217401.000,31888,1,T1,1,100,33.875
1738263946.268789,217534.000,31904,1,T1,1,100,33.804
1738263946.402794,217668.000,31935,1,T1,1,100,33.738
1738263946.535799,217801.000,31955,1,T1,1,100,33.780
1738263946.668804,217934.000,31972,1,T1,1,100,33.799
1738263946.802809,218068.000,31988,1,T1,1,100,33.736
1738263946.935814,218201.000,32004,1,T1,1,100,33.744
1738263947.068820,218334.000,32034,1,T1,1,100,33.783
1738263947.202825,218468.000,32052,1,T1,1,100,33.800
1738263947.335829,218601.000,32068,1,T1,1,100,33.878
1738263947.468835,218734.000,32100,1,T1,1,100,33.841
1738263947.602840,218868.000,32117,1,T1,1,100,33.896
1738263947.735845,219001.000,32132,1,T1,1,100,33.884
1738263947.868850,219134.000,32165,1,T1,1,100,33.843
1738263948.002855,219268.000,32181,1,T1,1,100,33.826
1738263948.135860,219401.000,32196,1,T1,1,100,33.925
1738263948.268865,219534.000,32229,1,T1,1,100,33.896
1738263948.402870,219668.000,32245,1,T1,1,100,33.920
1738263948.535875,219801.000,32262,1,T1,1,100,33.930
1738263948.668880,219934.000,32279,1,T1,1,100,33.863
1738263948.802885,220068.000,32309,1,T1,1,100,33.870
1738263948.935890,220201.000,32325,1,T1,1,100,33.837
1738263949.068895,220334.000,32343,1,T1,1,100,33.894
1738263949.201900,220467.000,32374,1,T1,1,100,33.883
1738263949.335905,220601.000,32389,1,T1,1,100,33.843
1738263949.468910,220734.000,32405,1,T1,1,100,33.826
1738263949.601916,220867.000,32436,1,T1,1,100,33.889
1738263949.735921,221001.000,32451,1,T1,1,100,33.846
1738263949.868926,221134.000,32467,1,T1,1,100,33.898
1738263950.001931,221267.000,32500,1,T1,1,100,33.885
1738263950.135936,221401.000,32515,1,T1,1,100,33.915
1738263950.268941,221534.000,32532,1,T1,1,100,33.892
1738263950.401946,221667.000,32547,1,T1,1,100,33.741
1738263950.535951,221801.000,32580,1,T1,1,100,33.817
1738263950.668956,221934.000,32598,1,T1,1,100,33.850
1738263950.801961,222067.000,32613,1,T1,1,100,33.864
1738263950.935966,222201.000,32646,1,T1,1,100,33.906
1738263951.068971,222334.000,32662,1,T1,1,100,33.817
1738263951.201976,222467.000,32679,1,T1,1,100,33.779
1738263951.335981,222601.000,32710,1,T1,1,100,33.798
1738263951.468986,222734.000,32726,1,T1,1,100,33.771
1738263951.601991,222867.000,32742,1,T1,1,100,33.794
1738263951.735996,223001.000,32779,1,T1,1,100,33.876
1738263951.869001,223134.000,32795,1,T1,1,100,33.840
1738263952.002007,223267.000,32811,1,T1,1,100,33.860
1738263952.136012,223401.000,32841,1,T1,1,100,33.868
1738263952.269017,223534.000,32858,1,T1,1,100,33.943
1738263952.402022,223667.000,32873,1,T1,1,100,33.869
1738263952.536027,223801.000,32904,1,T1,1,100,33.872
1738263952.669032,223934.000,32920,1,T1,1,100,33.909
1738263952.802037,224067.000,32935,1,T1,1,100,33.854
1738263952.935042,224200.000,32951,1,T1,1,100,33.902
1738263953.069047,224334.000,32982,1,T1,1,100,33.922
1738263953.202052,224467.000,32997,1,T1,1,100,33.895
1738263953.335057,224600.000,33016,1,T1,1,100,33.955
1738263953.469062,224734.000,33048,1,T1,1,100,33.945
1738263953.602067,224867.000,33066,1,T1,1,100,33.941
1738263953.735072,225000.000,33082,1,T1,1,100,33.868
1738263953.869077,225134.000,33113,1,T1,1,100,33.978
1738263954.002082,225267.000,33128,1,T1,1,100,33.920
1738263954.135087,225400.000,33144,1,T1,1,100,33.894
1738263954.269093,225534.000,33177,1,T1,1,100,33.990
1738263954.402097,225667.000,33192,1,T1,1,100,33.960
1738263954.536103,225801.000,33208,1,T1,1,100,33.841
1738263954.669108,225934.000,33224,1,T1,1,100,33.967
1738263954.802113,226067.000,33254,1,T1,1,100,33.950
1738263954.935118,226200.000,33271,1,T1,1,100,34.049
1738263955.069123,226334.000,33286,1,T1,1,100,33.950
1738263955.202128,226467.000,33317,1,T1,1,100,33.943
1738263955.335133,226600.000,33333,1,T1,1,100,33.904
1738263955.469138,226734.000,33348,1,T1,1,100,33.923
1738263955.602143,226867.000,33379,1,T1,1,100,33.967
1738263955.735148,227000.000,33395,1,T1,1,100,33.879
1738263955.868153,227133.000,33410,1,T1,1,100,33.948
1738263956.002158,227267.000,33441,1,T1,1,100,33.942
1738263956.135163,227400.000,33459,1,T1,1,100,33.975
1738263956.268168,227533.000,33475,1,T1,1,100,33.883
1738263956.402173,227667.000,33505,1,T1,1,100,33.949
1738263956.535178,227800.000,33521,1,T1,1,100,34.014
1738263956.668184,227933.000,33537,1,T1,1,100,33.970
1738263956.802189,228067.000,33558,1,T1,1,100,33.881
1738263956.935194,228200.000,33575,1,T1,1,100,33.913
1738263957.068199,228333.000,33590,1,T1,1,100,33.891
1738263957.202204,228467.000,33621,1,T1,1,100,33.882
1738263957.335209,228600.000,33637,1,T1,1,100,33.843
1738263957.468214,228733.000,33652,1,T1,1,100,33.967
1738263957.602219,228867.000,33685,1,T1,1,100,33.986
1738263957.735224,229000.000,33701,1,T1,1,100,33.888
1738263957.868229,229133.000,33716,1,T1,1,100,33.987
1738263958.002234,229267.000,33747,1,T1,1,100,34.030
1738263958.135239,229400.000,33763,1,T1,1,100,33.977
1738263958.268244,229533.000,33779,1,T1,1,100,33.884
1738263958.402249,229667.000,33797,1,T1,1,100,33.950
1738263958.535254,229800.000,33827,1,T1,1,100,34.049
1738263958.668259,229933.000,33843,1,T1,1,100,34.057
1738263958.802264,230067.000,33859,1,T1,1,100,34.131
1738263958.935269,230200.000,33892,1,T1,1,100,34.092
1738263959.068274,230333.000,33907,1,T1,1,100,33.933
1738263959.201280,230466.000,33923,1,T1,1,100,33.971
1738263959.335285,230600.000,33954,1,T1,1,100,33.988
1738263959.468290,230733.000,33969,1,T1,1,100,33.959
1738263959.601295,230866.000,33986,1,T1,1,100,34.053
1738263959.735300,231000.000,34016,1,T1,1,100,34.023
1738263959.868305,231133.000,34031,1,T1,1,100,33.904
1738263960.001310,231266.000,34048,1,T1,1,100,34.065
1738263960.135315,231400.000,34078,1,T1,1,100,33.957
1738263960.268320,231533.000,34094,1,T1,1,100,33.911
1738263960.401325,231666.000,34110,1,T1,1,100,33.961
1738263960.535330,231800.000,34125,1,T1,1,100,33.983
1738263960.668335,231933.000,34156,1,T1,1,100,34.028
1738263960.801340,232066.000,34172,1,T1,1,100,34.012
1738263960.935345,232200.000,34187,1,T1,1,100,34.041
1738263961.068350,232333.000,34220,1,T1,1,100,34.053
1738263961.201355,232466.000,34236,1,T1,1,100,34.023
1738263961.335361,232600.000,34252,1,T1,1,100,34.045
1738263961.468365,232733.000,34284,1,T1,1,100,34.091
1738263961.601371,232866.000,34301,1,T1,1,100,34.039
1738263961.735376,233000.000,34318,1,T1,1,100,33.981
1738263961.868381,233133.000,34353,2,T1,1,100,34.027
1738263962.001386,233266.000,34353,2,T1,1,100,34.083
1738263962.135391,233400.000,34385,1,T1,1,100,34.000
1738263962.268396,233533.000,34401,1,T1,1,100,34.071
1738263962.401401,233666.000,34417,1,T1,1,100,34.066
1738263962.534406,233799.000,34448,1,T1,1,100,34.100
1738263962.668411,233933.000,34463,1,T1,1,100,34.079
1738263962.801416,234066.000,34479,1,T1,1,100,34.069
1738263962.935421,234200.000,34494,1,T1,1,100,34.030
1738263963.068426,234333.000,34525,1,T1,1,100,34.048
1738263963.201431,234466.000,34541,1,T1,1,100,34.056
1738263963.334436,234599.000,34557,1,T1,1,100,34.060
1738263963.468441,234733.000,34589,1,T1,1,100,34.061
1738263963.601446,234866.000,34606,1,T1,1,100,34.062
1738263963.734452,234999.000,34621,1,T1,1,100,34.133
1738263963.868457,235133.000,34652,1,T1,1,100,34.058
1738263964.001462,235266.000,34670,1,T1,1,100,34.025
1738263964.134467,235399.000,34685,1,T1,1,100,34.082
1738263964.268472,235533.000,34716,1,T1,1,100,34.071
1738263964.401477,235666.000,34732,1,T1,1,100,34.031
1738263964.534482,235799.000,34747,1,T1,1,100,34.049
1738263964.668487,235933.000,34778,1,T1,1,100,34.092
1738263964.801492,236066.000,34794,1,T1,1,100,34.111
1738263964.934497,236199.000,34810,1,T1,1,100,34.083
1738263965.068502,236333.000,34826,1,T1,1,100,34.072
1738263965.201507,236466.000,34856,1,T1,1,100,34.102
1738263965.334512,236599.000,34872,1,T1,1,100,34.080
1738263965.468517,236733.000,34888,1,T1,1,100,34.141
1738263965.601522,236866.000,34919,1,T1,1,100,34.096
1738263965.734527,236999.000,34934,1,T1,1,100,34.006
1738263965.867532,237132.000,34952,1,T1,1,100,34.109
1738263966.001537,237266.000,34983,1,T1,1,100,34.118
1738263966.134542,237399.000,34998,1,T1,1,100,34.157
1738263966.267548,237532.000,35015,1,T1,1,100,34.245
1738263966.401553,237666.000,35045,1,T1,1,100,34.213
1738263966.534558,237799.000,35060,1,T1,1,100,34.057
1738263966.668563,237933.000,35079,1,T1,1,100,34.095
1738263966.801568,238066.000,35109,1,T1,1,100,34.183
1738263966.934573,238199.000,35125,1,T1,1,100,34.115
1738263967.067578,238332.000,35146,1,T1,1,100,34.050
1738263967.201583,238466.000,35161,1,T1,1,100,34.057
1738263967.334588,238599.000,35178,1,T1,1,100,34.096
1738263967.467593,238732.000,35208,1,T1,1,100,34.112
1738263967.601598,238866.000,35224,1,T1,1,100,34.084
1738263967.734603,238999.000,35240,1,T1,1,100,34.143
1738263967.867608,239132.000,35255,1,T1,1,100,34.097
1738263968.001613,239266.000,35288,1,T1,1,100,34.078
1738263968.134618,239399.000,35304,1,T1,1,100,34.104
1738263968.267623,239532.000,35320,1,T1,1,100,34.116
1738263968.401628,239666.000,35352,1,T1,1,100,34.157
1738263968.534633,239799.000,35368,1,T1,1,100,34.103
1738263968.667639,239932.000,35384,1,T1,1,100,34.080
1738263968.801644,240066.000,35414,1,T1,1,100,34.141
1738263968.934649,240199.000,35431,1,T1,1,100,34.132
1738263969.067654,240332.000,35448,1,T1,1,100,34.128
1738263969.200659,240465.000,35479,1,T1,1,100,34.162
1738263969.334664,240599.000,35495,1,T1,1,100,34.176
1738263969.467669,240732.000,35510,1,T1,1,100,34.112
1738263969.600674,240865.000,35541,1,T1,1,100,34.155
1738263969.734679,240999.000,35557,1,T1,1,100,34.209
1738263969.867684,241132.000,35572,1,T1,1,100,34.232
1738263970.000689,241265.000,35591,1,T1,1,100,34.207
1738263970.134694,241399.000,35623,1,T1,1,100,34.125
1738263970.267699,241532.000,35639,1,T1,1,100,34.125
1738263970.400704,241665.000,35655,1,T1,1,100,34.125
1738263970.534709,241799.000,35686,1,T1,1,100,34.160
1738263970.667714,241932.000,35701,1,T1,1,100,34.140
1738263970.800719,242065.000,35719,1,T1,1,100,34.203
1738263970.934725,242199.000,35750,1,T1,1,100,34.123
1738263971.067729,242332.000,35765,1,T1,1,100,34.124
1738263971.200735,242465.000,35781,1,T1,1,100,34.196
1738263971.334740,242599.000,35812,1,T1,1,100,34.226
1738263971.467745,242732.000,35827,1,T1,1,100,34.240
1738263971.600750,242865.000,35844,1,T1,1,100,34.210
1738263971.734755,242999.000,35876,1,T1,1,100,34.197
1738263971.867760,243132.000,35891,1,T1,1,100,34.298
1738263972.000765,243265.000,35908,1,T1,1,100,34.164
1738263972.134270,243398.500,35946,2,T1,1,100,34.213
1738263972.267775,243532.000,35946,2,T1,1,100,34.199
1738263972.400780,243665.000,35978,2,T1,1,100,34.192
1738263972.533785,243798.000,35978,2,T1,1,100,34.119
1738263972.667790,243932.000,36009,1,T1,1,100,34.158
1738263972.800795,244065.000,36024,1,T1,1,100,34.068
1738263972.933800,244198.000,36041,1,T1,1,100,34.171
1738263973.067806,244332.000,36071,1,T1,1,100,34.216
1738263973.200810,244465.000,36086,1,T1,1,100,34.093
1738263973.333816,244598.000,36105,1,T1,1,100,34.182
1738263973.467821,244732.000,36120,1,T1,1,100,34.150
1738263973.600826,244865.000,36153,1,T1,1,100,34.207
1738263973.733831,244998.000,36169,1,T1,1,100,34.196
1738263973.867836,245132.000,36184,1,T1,1,100,34.262
1738263974.000841,245265.000,36215,1,T1,1,100,34.220
1738263974.133846,245398.000,36231,1,T1,1,100,34.166
1738263974.267851,245532.000,36247,1,T1,1,100,34.178
1738263974.400856,245665.000,36279,1,T1,1,100,34.183
1738263974.533861,245798.000,36295,1,T1,1,100,34.186
1738263974.667866,245932.000,36311,1,T1,1,100,34.151
1738263974.800871,246065.000,36341,1,T1,1,100,34.172
1738263974.933876,246198.000,36358,1,T1,1,100,34.181
1738263975.067881,246332.000,36373,1,T1,1,100,34.185
1738263975.200886,246465.000,36406,1,T1,1,100,34.186
1738263975.333891,246598.000,36422,1,T1,1,100,34.187
1738263975.467896,246732.000,36437,1,T1,1,100,34.294
1738263975.600901,246865.000,36468,1,T1,1,100,34.340
1738263975.733907,246998.000,36484,1,T1,1,100,34.253
1738263975.866912,247131.000,36499,1,T1,1,100,34.322
1738263976.000917,247265.000,36516,1,T1,1,100,34.281
1738263976.133922,247398.000,36546,1,T1,1,100,34.264
1738263976.266927,247531.000,36562,1,T1,1,100,34.185
1738263976.400932,247665.000,36578,1,T1,1,100,34.328
1738263976.533937,247798.000,36609,1,T1,1,100,34.319
1738263976.666942,247931.000,36624,1,T1,1,100,34.280
1738263976.800947,248065.000,36640,1,T1,1,100,34.157
1738263976.933952,248198.000,36671,1,T1,1,100,34.103
1738263977.066957,248331.000,36686,1,T1,1,100,34.186
1738263977.200962,248465.000,36702,1,T1,1,100,34.152
1738263977.333967,248598.000,36726,1,T1,1,100,34.207
1738263977.466972,248731.000,36741,1,T1,1,100,34.196
1738263977.600977,248865.000,36772,1,T1,1,100,34.191
1738263977.733982,248998.000,36788,1,T1,1,100,34.225
1738263977.866987,249131.000,36803,1,T1,1,100,34.204
1738263978.000993,249265.000,36836,1,T1,1,100,34.230
1738263978.133997,249398.000,36852,1,T1,1,100,34.206
1738263978.267003,249531.000,36868,1,T1,1,100,34.195
1738263978.401008,249665.000,36886,1,T1,1,100,34.226
1738263978.534013,249798.000,36917,1,T1,1,100,34.275
1738263978.667018,249931.000,36932,1,T1,1,100,34.261
1738263978.801023,250065.000,36948,1,T1,1,100,34.219
1738263978.934028,250198.000,36979,1,T1,1,100,34.201
1738263979.067033,250331.000,36994,1,T1,1,100,34.300
1738263979.201038,250465.000,37010,1,T1,1,100,34.201
1738263979.334043,250598.000,37041,1,T1,1,100,34.229
1738263979.467048,250731.000,37056,1,T1,1,100,34.170
1738263979.601053,250865.000,37073,1,T1,1,100,34.215
1738263979.734058,250998.000,37103,1,T1,1,100,34.306
1738263979.867063,251131.000,37118,1,T1,1,100,34.345
1738263980.000068,251264.000,37135,1,T1,1,100,34.220
1738263980.134073,251398.000,37150,1,T1,1,100,34.273
1738263980.267078,251531.000,37181,1,T1,1,100,34.224
1738263980.400084,251664.000,37197,1,T1,1,100,34.203
1738263980.534089,251798.000,37212,1,T1,1,100,34.159
1738263980.667094,251931.000,37243,1,T1,1,100,34.317
1738263980.800099,252064.000,37259,1,T1,1,100,34.244
1738263980.934104,252198.000,37277,1,T1,1,100,34.176
1738263981.067109,252331.000,37307,1,T1,1,100,34.183
1738263981.200114,252464.000,37323,1,T1,1,100,34.185
1738263981.334119,252598.000,37339,1,T1,1,100,34.222
1738263981.467124,252731.000,37369,1,T1,1,100,34.202
1738263981.600129,252864.000,37386,1,T1,1,100,34.229
1738263981.734134,252998.000,37401,1,T1,1,100,34.312
1738263981.867139,253131.000,37432,1,T1,1,100,34.277
1738263982.000144,253264.000,37450,1,T1,1,100,34.262
1738263982.134149,253398.000,37465,1,T1,1,100,34.255
1738263982.267154,253531.000,37496,1,T1,1,100,34.394
1738263982.400159,253664.000,37517,1,T1,1,100,34.348
1738263982.533164,253797.000,37533,1,T1,1,100,34.257
1738263982.667170,253931.000,37551,1,T1,1,100,34.324
1738263982.800174,254064.000,37566,1,T1,1,100,34.282
1738263982.934180,254198.000,37597,1,T1,1,100,34.335
1738263983.067185,254331.000,37613,1,T1,1,100,34.358
1738263983.200190,254464.000,37628,1,T1,1,100,34.226
1738263983.333195,254597.000,37645,1,T1,1,100,34.275
1738263983.467200,254731.000,37677,1,T1,1,100,34.296
1738263983.600205,254864.000,37693,1,T1,1,100,34.235
1738263983.733210,254997.000,37709,1,T1,1,100,34.208
1738263983.867215,255131.000,37740,1,T1,1,100,34.267
1738263984.000220,255264.000,37755,1,T1,1,100,34.293
1738263984.133225,255397.000,37773,1,T1,1,100,34.304
1738263984.267230,255531.000,37804,1,T1,1,100,34.344
1738263984.400235,255664.000,37819,1,T1,1,100,34.291
1738263984.533240,255797.000,37835,1,T1,1,100,34.268
1738263984.667245,255931.000,37868,1,T1,1,100,34.293
1738263984.800250,256064.000,37883,1,T1,1,100,34.269
1738263984.933255,256197.000,37900,1,T1,1,100,34.329
1738263985.067261,256331.000,37930,1,T1,1,100,34.213
1738263985.200265,256464.000,37945,1,T1,1,100,34.340
1738263985.333271,256597.000,37962,1,T1,1,100,34.396
1738263985.467276,256731.000,37977,1,T1,1,100,34.313
1738263985.600281,256864.000,38008,1,T1,1,100,34.206
1738263985.733286,256997.000,38026,1,T1,1,100,34.267
1738263985.866291,257130.000,38041,1,T1,1,100,34.293
1738263986.000296,257264.000,38074,1,T1,1,100,34.375
1738263986.133301,257397.000,38090,1,T1,1,100,34.339
1738263986.266306,257530.000,38106,1,T1,1,100,34.324
1738263986.400311,257664.000,38138,1,T1,1,100,34.353
1738263986.533316,257797.000,38154,1,T1,1,100,34.295
1738263986.666321,257930.000,38170,1,T1,1,100,34.305
1738263986.800326,258064.000,38202,1,T1,1,100,34.380
1738263986.933331,258197.000,38219,1,T1,1,100,34.377
1738263987.066336,258330.000,38234,1,T1,1,100,34.376
1738263987.200341,258464.000,38267,1,T1,1,100,34.340
1738263987.333346,258597.000,38283,1,T1,1,100,34.395
1738263987.466352,258730.000,38298,1,T1,1,100,34.419
1738263987.600357,258864.000,38320,1,T1,1,100,34.252
1738263987.733361,258997.000,38335,1,T1,1,100,34.322
1738263987.866367,259130.000,38366,1,T1,1,100,34.458
1738263988.000372,259264.000,38382,1,T1,1,100,34.376
1738263988.133377,259397.000,38397,1,T1,1,100,34.375
1738263988.266382,259530.000,38430,1,T1,1,100,34.340
1738263988.400387,259664.000,38446,1,T1,1,100,34.289
1738263988.533392,259797.000,38461,1,T1,1,100,34.302
1738263988.666397,259930.000,38492,1,T1,1,100,34.379
1738263988.800402,260064.000,38508,1,T1,1,100,34.377
1738263988.933407,260197.000,38524,1,T1,1,100,34.447
1738263989.066412,260330.000,38540,1,T1,1,100,34.335
1738263989.200417,260464.000,38571,1,T1,1,100,34.358
1738263989.333422,260597.000,38586,1,T1,1,100,34.368
1738263989.466427,260730.000,38602,1,T1,1,100,34.372
1738263989.599432,260863.000,38633,1,T1,1,100,34.374
1738263989.733438,260997.000,38648,1,T1,1,100,34.303
1738263989.866442,261130.000,38666,1,T1,1,100,34.202
1738263989.999448,261263.000,38697,1,T1,1,100,34.407
1738263990.133453,261397.000,38712,1,T1,1,100,34.318
1738263990.266458,261530.000,38729,1,T1,1,100,34.386
1738263990.399463,261663.000,38759,1,T1,1,100,34.309
1738263990.533468,261797.000,38774,1,T1,1,100,34.382
1738263990.666473,261930.000,38791,1,T1,1,100,34.413
1738263990.799478,262063.000,38806,1,T1,1,100,34.321
1738263990.933483,262197.000,38837,1,T1,1,100,34.458
1738263991.066488,262330.000,38853,1,T1,1,100,34.446
1738263991.199493,262463.000,38868,1,T1,1,100,34.406
1738263991.333498,262597.000,38899,1,T1,1,100,34.317
1738263991.466503,262730.000,38915,1,T1,1,100,34.456
1738263991.599508,262863.000,38931,1,T1,1,100,34.446
1738263991.733513,262997.000,38961,1,T1,1,100,34.406
1738263991.866518,263130.000,38977,1,T1,1,100,34.424
1738263991.999523,263263.000,38993,1,T1,1,100,34.502
1738263992.133528,263397.000,39023,1,T1,1,100,34.395
1738263992.266534,263530.000,39040,1,T1,1,100,34.419
1738263992.399539,263663.000,39055,1,T1,1,100,34.394
1738263992.533544,263797.000,39086,1,T1,1,100,34.454
1738263992.666549,263930.000,39107,1,T1,1,100,34.445
1738263992.799554,264063.000,39122,1,T1,1,100,34.334
1738263992.932559,264196.000,39139,1,T1,1,100,34.286
1738263993.066564,264330.000,39154,1,T1,1,100,34.443
1738263993.199569,264463.000,39185,1,T1,1,100,34.298
1738263993.332574,264596.000,39203,1,T1,1,100,34.306
1738263993.466579,264730.000,39218,1,T1,1,100,34.310
1738263993.599584,264863.000,39249,1,T1,1,100,34.311
1738263993.732589,264996.000,39265,1,T1,1,100,34.383
1738263993.866594,265130.000,39280,1,T1,1,100,34.378
1738263993.999599,265263.000,39297,1,T1,1,100,34.341
1738263994.132604,265396.000,39327,1,T1,1,100,34.360
1738263994.266609,265530.000,39345,1,T1,1,100,34.404
1738263994.399614,265663.000,39361,1,T1,1,100,34.352
1738263994.532619,265796.000,39392,1,T1,1,100,34.330
1738263994.666625,265930.000,39407,1,T1,1,100,34.426
1738263994.799630,266063.000,39423,1,T1,1,100,34.397
1738263994.932635,266196.000,39454,1,T1,1,100,34.349
1738263995.066640,266330.000,39469,1,T1,1,100,34.328
1738263995.199645,266463.000,39485,1,T1,1,100,34.426
1738263995.332650,266596.000,39516,1,T1,1,100,34.397
1738263995.466655,266730.000,39531,1,T1,1,100,34.455
1738263995.599660,266863.000,39548,1,T1,1,100,34.516
1738263995.732665,266996.000,39578,1,T1,1,100,34.542
1738263995.866670,267130.000,39593,1,T1,1,100,34.483
1738263995.999675,267263.000,39610,1,T1,1,100,34.528
1738263996.132680,267396.000,39625,1,T1,1,100,34.477
1738263996.266685,267530.000,39658,1,T1,1,100,34.525
1738263996.399690,267663.000,39674,1,T1,1,100,34.546
1738263996.532695,267796.000,39689,1,T1,1,100,34.449
1738263996.665700,267929.000,39720,1,T1,1,100,34.443
1738263996.799706,268063.000,39736,1,T1,1,100,34.475
1738263996.932710,268196.000,39752,1,T1,1,100,34.347
1738263997.065716,268329.000,39782,1,T1,1,100,34.399
1738263997.199721,268463.000,39798,1,T1,1,100,34.385
1738263997.332726,268596.000,39814,1,T1,1,100,34.344
1738263997.465731,268729.000,39844,1,T1,1,100,34.397
1738263997.599736,268863.000,39861,1,T1,1,100,34.420
1738263997.732741,268996.000,39876,1,T1,1,100,34.572
1738263997.865746,269129.000,39897,1,T1,1,100,34.460
1738263997.999751,269263.000,39913,1,T1,1,100,34.447
1738263998.132756,269396.000,39943,1,T1,1,100,34.406
1738263998.265761,269529.000,39960,1,T1,1,100,34.495
1738263998.399766,269663.000,39977,1,T1,1,100,34.462
1738263998.532771,269796.000,40008,1,T1,1,100,34.448
1738263998.665776,269929.000,40024,1,T1,1,100,34.478
1738263998.799781,270063.000,40039,1,T1,1,100,34.526
1738263998.932786,270196.000,40072,1,T1,1,100,34.476
1738263999.065791,270329.000,40088,1,T1,1,100,34.454
1738263999.198797,270462.000,40103,1,T1,1,100,34.551
1738263999.332802,270596.000,40120,1,T1,1,100,34.522
1738263999.465806,270729.000,40150,1,T1,1,100,34.545
1738263999.598812,270862.000,40168,1,T1,1,100,34.519
1738263999.732817,270996.000,40184,1,T1,1,100,34.544
1738263999.865822,271129.000,40215,1,T1,1,100,34.519
1738263999.998827,271262.000,40230,1,T1,1,100,34.473
1738264000.132832,271396.000,40246,1,T1,1,100,34.346
1738264000.265837,271529.000,40277,1,T1,1,100,34.504
1738264000.399842,271663.000,40292,1,T1,1,100,34.502
1738264000.532847,271796.000,40308,1,T1,1,100,34.572
1738264000.665852,271929.000,40339,1,T1,1,100,34.637
1738264000.798857,272062.000,40354,1,T1,1,100,34.630
1738264000.932862,272196.000,40371,1,T1,1,100,34.627
1738264001.065867,272329.000,40401,1,T1,1,100,34.484
1738264001.198872,272462.000,40416,1,T1,1,100,34.564
1738264001.332877,272596.000,40433,1,T1,1,100,34.563
1738264001.465882,272729.000,40448,1,T1,1,100,34.563
1738264001.598887,272862.000,40479,1,T1,1,100,34.456
1738264001.732893,272996.000,40495,1,T1,1,100,34.517
1738264001.865898,273129.000,40510,1,T1,1,100,34.543
1738264001.998903,273262.000,40541,1,T1,1,100,34.483
1738264002.132908,273396.000,40557,1,T1,1,100,34.564
1738264002.265913,273529.000,40573,1,T1,1,100,34.527
1738264002.398918,273662.000,40603,1,T1,1,100,34.547
1738264002.532923,273796.000,40621,1,T1,1,100,34.556
1738264002.665928,273929.000,40637,1,T1,1,100,34.489
1738264002.798933,274062.000,40667,1,T1,1,100,34.566
1738264002.932938,274196.000,40689,1,T1,1,100,34.529
1738264003.065943,274329.000,40704,1,T1,1,100,34.583
1738264003.198948,274462.000,40720,1,T1,1,100,34.501
1738264003.331953,274595.000,40736,1,T1,1,100,34.500
1738264003.465958,274729.000,40768,1,T1,1,100,34.465
1738264003.598963,274862.000,40785,1,T1,1,100,34.378
1738264003.731968,274995.000,40800,1,T1,1,100,34.447
1738264003.865973,275129.000,40831,1,T1,1,100,34.442
1738264003.998978,275262.000,40847,1,T1,1,100,34.475
1738264004.131984,275395.000,40862,1,T1,1,100,34.454
1738264004.265989,275529.000,40893,1,T1,1,100,34.444
1738264004.398994,275662.000,40909,1,T1,1,100,34.476
1738264004.531999,275795.000,40924,1,T1,1,100,34.525
1738264004.666004,275929.000,40941,1,T1,1,100,34.582
1738264004.799009,276062.000,40956,1,T1,1,100,34.535
1738264004.932014,276195.000,40989,1,T1,1,100,34.551
1738264005.066019,276329.000,41005,1,T1,1,100,34.522
1738264005.199024,276462.000,41020,1,T1,1,100,34.545
1738264005.332029,276595.000,41053,1,T1,1,100,34.519
1738264005.466034,276729.000,41069,1,T1,1,100,34.473
1738264005.599039,276862.000,41085,1,T1,1,100,34.488
1738264005.732044,276995.000,41115,1,T1,1,100,34.530
1738264005.866049,277129.000,41131,1,T1,1,100,34.513
1738264005.999054,277262.000,41147,1,T1,1,100,34.541
1738264006.132059,277395.000,41177,1,T1,1,100,34.553
1738264006.265064,277528.000,41194,1,T1,1,100,34.488
1738264006.399070,277662.000,41209,1,T1,1,100,34.459
1738264006.532074,277795.000,41225,1,T1,1,100,34.518
1738264006.665080,277928.000,41256,1,T1,1,100,34.508
1738264006.799085,278062.000,41271,1,T1,1,100,34.432
1738264006.932090,278195.000,41288,1,T1,1,100,34.471
1738264007.065095,278328.000,41318,1,T1,1,100,34.558
1738264007.199100,278462.000,41333,1,T1,1,100,34.561
1738264007.332105,278595.000,41350,1,T1,1,100,34.420
1738264007.465110,278728.000,41380,1,T1,1,100,34.501
1738264007.599115,278862.000,41396,1,T1,1,100,34.571
1738264007.732120,278995.000,41412,1,T1,1,100,34.566
1738264007.865125,279128.000,41443,1,T1,1,100,34.564
1738264007.998630,279261.500,41464,2,T1,1,100,34.528
1738264008.132135,279395.000,41464,2,T1,1,100,34.547
1738264008.265140,279528.000,41497,1,T1,1,100,34.521
1738264008.399145,279662.000,41512,1,T1,1,100,34.580
1738264008.532150,279795.000,41528,1,T1,1,100,34.535
1738264008.665155,279928.000,41559,1,T1,1,100,34.586
1738264008.799160,280062.000,41574,1,T1,1,100,34.502
1738264008.932166,280195.000,41591,1,T1,1,100,34.643
1738264009.065171,280328.000,41621,1,T1,1,100,34.633
1738264009.199176,280462.000,41636,1,T1,1,100,34.664
1738264009.332181,280595.000,41653,1,T1,1,100,34.677
1738264009.465186,280728.000,41668,1,T1,1,100,34.648
1738264009.598191,280861.000,41699,1,T1,1,100,34.670
1738264009.732196,280995.000,41715,1,T1,1,100,34.751
1738264009.865201,281128.000,41730,1,T1,1,100,34.679
1738264009.998206,281261.000,41761,1,T1,1,100,34.649
1738264010.132211,281395.000,41777,1,T1,1,100,34.671
1738264010.265216,281528.000,41795,1,T1,1,100,34.751
1738264010.398221,281661.000,41825,1,T1,1,100,34.750
1738264010.532226,281795.000,41841,1,T1,1,100,34.644
1738264010.665231,281928.000,41857,1,T1,1,100,34.633
1738264010.798236,282061.000,41887,1,T1,1,100,34.629
1738264010.932241,282195.000,41904,1,T1,1,100,34.591
1738264011.065246,282328.000,41919,1,T1,1,100,34.575
1738264011.198251,282461.000,41950,1,T1,1,100,34.674
1738264011.332257,282595.000,41966,1,T1,1,100,34.646
1738264011.465262,282728.000,41981,1,T1,1,100,34.528
1738264011.598267,282861.000,41997,1,T1,1,100,34.618
1738264011.732272,282995.000,42028,1,T1,1,100,34.658
1738264011.865277,283128.000,42043,1,T1,1,100,34.675
1738264011.998282,283261.000,42060,1,T1,1,100,34.717
1738264012.132287,283395.000,42092,1,T1,1,100,34.630
1738264012.265292,283528.000,42108,1,T1,1,100,34.662
1738264012.398297,283661.000,42124,1,T1,1,100,34.641
1738264012.531302,283794.000,42155,1,T1,1,100,34.597
1738264012.665307,283928.000,42172,1,T1,1,100,34.471
1738264012.798312,284061.000,42188,1,T1,1,100,34.629
1738264012.931317,284194.000,42221,1,T1,1,100,34.627
1738264013.065322,284328.000,42236,1,T1,1,100,34.555
1738264013.198327,284461.000,42257,1,T1,1,100,34.595
1738264013.331332,284594.000,42275,1,T1,1,100,34.612
1738264013.465338,284728.000,42291,1,T1,1,100,34.584
1738264013.598342,284861.000,42322,1,T1,1,100,34.607
1738264013.731348,284994.000,42337,1,T1,1,100,34.724
1738264013.865353,285128.000,42355,1,T1,1,100,34.703
1738264013.998358,285261.000,42386,1,T1,1,100,34.623
1738264014.131363,285394.000,42401,1,T1,1,100,34.553
1738264014.265368,285528.000,42418,1,T1,1,100,34.665
1738264014.398373,285661.000,42448,1,T1,1,100,34.607
1738264014.531378,285794.000,42463,1,T1,1,100,34.653
1738264014.665383,285928.000,42480,1,T1,1,100,34.601
1738264014.798388,286061.000,42510,1,T1,1,100,34.615
1738264014.931393,286194.000,42528,1,T1,1,100,34.692
1738264015.065398,286328.000,42544,1,T1,1,100,34.725
1738264015.198403,286461.000,42559,1,T1,1,100,34.668
1738264015.331408,286594.000,42592,1,T1,1,100,34.644
1738264015.465413,286728.000,42608,1,T1,1,100,34.633
1738264015.598418,286861.000,42624,1,T1,1,100,34.628
1738264015.731423,286994.000,42654,1,T1,1,100,34.662
1738264015.865428,287128.000,42672,1,T1,1,100,34.712
1738264015.998434,287261.000,42688,1,T1,1,100,34.698
1738264016.131438,287394.000,42718,1,T1,1,100,34.657
1738264016.264444,287527.000,42735,1,T1,1,100,34.639
1738264016.398449,287661.000,42750,1,T1,1,100,34.666
1738264016.531454,287794.000,42783,1,T1,1,100,34.607
1738264016.664459,287927.000,42799,1,T1,1,100,34.653
1738264016.798464,288061.000,42814,1,T1,1,100,34.637
1738264016.931469,288194.000,42847,1,T1,1,100,34.666
1738264017.064474,288327.000,42863,1,T1,1,100,34.643
1738264017.198479,288461.000,42878,1,T1,1,100,34.633
1738264017.331484,288594.000,42895,1,T1,1,100,34.557
1738264017.464489,288727.000,42925,1,T1,1,100,34.667
1738264017.598494,288861.000,42941,1,T1,1,100,34.572
1738264017.731499,288994.000,42959,1,T1,1,100,34.602
1738264017.864504,289127.000,42992,1,T1,1,100,34.615
1738264017.998509,289261.000,43007,1,T1,1,100,34.656
1738264018.131514,289394.000,43023,1,T1,1,100,34.603
1738264018.265019,289527.500,43061,2,T1,1,100,34.615
1738264018.398525,289661.000,43061,2,T1,1,100,34.621
1738264018.531530,289794.000,43091,1,T1,1,100,34.659
1738264018.664535,289927.000,43107,1,T1,1,100,34.640
1738264018.798540,290061.000,43123,1,T1,1,100,34.596
1738264018.931545,290194.000,43158,1,T1,1,100,34.648
1738264019.064550,290327.000,43173,1,T1,1,100,34.635
1738264019.197555,290460.000,43189,1,T1,1,100,34.700
1738264019.331560,290594.000,43220,1,T1,1,100,34.658
1738264019.464565,290727.000,43235,1,T1,1,100,34.604
1738264019.598570,290861.000,43252,1,T1,1,100,34.651
1738264019.731575,290994.000,43286,1,T1,1,100,34.636
1738264019.864580,291127.000,43301,1,T1,1,100,34.630
1738264019.997585,291260.000,43318,1,T1,1,100,34.698
1738264020.131590,291394.000,43348,1,T1,1,100,34.621
1738264020.264595,291527.000,43364,1,T1,1,100,34.588
1738264020.397600,291660.000,43380,1,T1,1,100,34.573
1738264020.531605,291794.000,43411,1,T1,1,100,34.638
1738264020.664610,291927.000,43426,1,T1,1,100,34.631
1738264020.797616,292060.000,43442,1,T1,1,100,34.627
1738264020.931621,292194.000,43457,1,T1,1,100,34.626
1738264021.064626,292327.000,43488,1,T1,1,100,34.625
1738264021.197631,292460.000,43504,1,T1,1,100,34.661
1738264021.331636,292594.000,43520,1,T1,1,100,34.676
1738264021.464641,292727.000,43550,1,T1,1,100,34.718
1738264021.597646,292860.000,43567,1,T1,1,100,34.701
1738264021.731651,292994.000,43582,1,T1,1,100,34.764
1738264021.864656,293127.000,43613,1,T1,1,100,34.756
1738264021.997661,293260.000,43629,1,T1,1,100,34.788
1738264022.131666,293394.000,43644,1,T1,1,100,34.802
1738264022.264671,293527.000,43677,1,T1,1,100,34.808
1738264022.397676,293660.000,43693,1,T1,1,100,34.598
1738264022.530681,293793.000,43708,1,T1,1,100,34.613
1738264022.664686,293927.000,43739,1,T1,1,100,34.584
1738264022.797691,294060.000,43755,1,T1,1,100,34.607
1738264022.930696,294193.000,43771,1,T1,1,100,34.653
1738264023.064702,294327.000,43787,1,T1,1,100,34.637
1738264023.197706,294460.000,43818,1,T1,1,100,34.772
1738264023.330712,294593.000,43835,1,T1,1,100,34.760
1738264023.464717,294727.000,43854,1,T1,1,100,34.719
1738264023.597722,294860.000,43870,1,T1,1,100,34.736
1738264023.731727,294994.000,43888,1,T1,1,100,34.780
1738264023.864732,295127.000,43918,1,T1,1,100,34.798
1738264023.997737,295260.000,43934,1,T1,1,100,34.771
1738264024.130742,295393.000,43950,1,T1,1,100,34.830
1738264024.264747,295527.000,43981,1,T1,1,100,34.749
1738264024.397752,295660.000,43996,1,T1,1,100,34.714
1738264024.530757,295793.000,44012,1,T1,1,100,34.664
1738264024.664762,295927.000,44043,1,T1,1,100,34.713
1738264024.797767,296060.000,44060,1,T1,1,100,34.698
1738264024.930772,296193.000,44077,1,T1,1,100,34.692
1738264025.064777,296327.000,44107,1,T1,1,100,34.619
1738264025.197783,296460.000,44122,1,T1,1,100,34.764
1738264025.330787,296593.000,44139,1,T1,1,100,34.650
1738264025.464792,296727.000,44154,1,T1,1,100,34.707
1738264025.597798,296860.000,44185,1,T1,1,100,34.660
1738264025.730803,296993.000,44201,1,T1,1,100,34.747
1738264025.863808,297126.000,44216,1,T1,1,100,34.713
1738264025.997813,297260.000,44247,1,T1,1,100,34.699
1738264026.130818,297393.000,44263,1,T1,1,100,34.657
1738264026.263823,297526.000,44279,1,T1,1,100,34.710
1738264026.397828,297660.000,44309,1,T1,1,100,34.733
1738264026.530833,297793.000,44325,1,T1,1,100,34.672
1738264026.663838,297926.000,44341,1,T1,1,100,34.822
1738264026.797843,298060.000,44371,1,T1,1,100,34.817
1738264026.930848,298193.000,44390,1,T1,1,100,34.743
1738264027.063853,298326.000,44405,1,T1,1,100,34.712
1738264027.197858,298460.000,44436,1,T1,1,100,34.698
1738264027.330863,298593.000,44452,1,T1,1,100,34.763
1738264027.464868,298727.000,44467,1,T1,1,100,34.756
1738264027.597873,298860.000,44484,1,T1,1,100,34.717
1738264027.730878,298993.000,44516,1,T1,1,100,34.771
1738264027.863883,299126.000,44531,1,T1,1,100,34.795
1738264027.997889,299260.000,44548,1,T1,1,100,34.769
1738264028.130894,299393.000,44578,1,T1,1,100,34.829
1738264028.263899,299526.000,44594,1,T1,1,100,34.784
1738264028.397904,299660.000,44612,1,T1,1,100,34.800
1738264028.530909,299793.000,44650,2,T1,1,100,34.807
1738264028.663914,299926.000,44650,2,T1,1,100,34.846
1738264028.797919,300060.000,44680,1,T1,1,100,34.898
1738264028.930924,300193.000,44696,1,T1,1,100,34.814
1738264029.063929,300326.000,44712,1,T1,1,100,34.813
1738264029.196934,300459.000,44743,1,T1,1,100,34.706
1738264029.330939,300593.000,44758,1,T1,1,100,34.802
1738264029.463944,300726.000,44774,1,T1,1,100,34.808
1738264029.596949,300859.000,44789,1,T1,1,100,34.740
1738264029.730954,300993.000,44820,1,T1,1,100,34.675
1738264029.863959,301126.000,44836,1,T1,1,100,34.753
1738264029.996964,301259.000,44852,1,T1,1,100,34.680
1738264030.130970,301393.000,44882,1,T1,1,100,34.684
1738264030.263974,301526.000,44899,1,T1,1,100,34.722
1738264030.396980,301659.000,44914,1,T1,1,100,34.702
1738264030.530985,301793.000,44945,1,T1,1,100,34.800
1738264030.663990,301926.000,44961,1,T1,1,100,34.701
1738264030.796995,302059.000,44976,1,T1,1,100,34.800
1738264030.931000,302193.000,45007,1,T1,1,100,34.807
1738264031.064005,302326.000,45023,1,T1,1,100,34.775
1738264031.197010,302459.000,45038,1,T1,1,100,34.832
1738264031.331015,302593.000,45069,1,T1,1,100,34.856
1738264031.464020,302726.000,45085,1,T1,1,100,34.938
1738264031.597025,302859.000,45101,1,T1,1,100,34.831
1738264031.731030,302993.000,45117,1,T1,1,100,34.821
1738264031.864035,303126.000,45147,1,T1,1,100,34.781
1738264031.997040,303259.000,45163,1,T1,1,100,34.834
1738264032.131045,303393.000,45181,1,T1,1,100,34.822
1738264032.264050,303526.000,45212,1,T1,1,100,34.852
1738264032.397055,303659.000,45227,1,T1,1,100,34.759
1738264032.530061,303792.000,45243,1,T1,1,100,34.789
1738264032.664066,303926.000,45274,1,T1,1,100,34.767
1738264032.797071,304059.000,45289,1,T1,1,100,34.686
1738264032.930076,304192.000,45306,1,T1,1,100,34.758
1738264033.064081,304326.000,45336,1,T1,1,100,34.789
1738264033.197086,304459.000,45351,1,T1,1,100,34.767
1738264033.330091,304592.000,45370,1,T1,1,100,34.722
1738264033.464096,304726.000,45400,1,T1,1,100,34.738
1738264033.597101,304859.000,45416,1,T1,1,100,34.780
1738264033.730106,304992.000,45437,1,T1,1,100,34.799
1738264033.864111,305126.000,45452,1,T1,1,100,34.806
1738264033.997116,305259.000,45469,1,T1,1,100,34.881
1738264034.130121,305392.000,45499,1,T1,1,100,34.807
1738264034.264126,305526.000,45515,1,T1,1,100,34.739
1738264034.397131,305659.000,45531,1,T1,1,100,34.745
1738264034.530136,305792.000,45562,1,T1,1,100,34.819
1738264034.664141,305926.000,45577,1,T1,1,100,34.851
1738264034.797147,306059.000,45593,1,T1,1,100,34.794
1738264034.930151,306192.000,45608,1,T1,1,100,34.840
1738264035.064157,306326.000,45641,1,T1,1,100,34.789
1738264035.197162,306459.000,45657,1,T1,1,100,34.767
1738264035.330167,306592.000,45673,1,T1,1,100,34.793
1738264035.464172,306726.000,45705,1,T1,1,100,34.875
1738264035.597177,306859.000,45722,1,T1,1,100,34.839
1738264035.730182,306992.000,45737,1,T1,1,100,34.824
1738264035.864187,307126.000,45768,1,T1,1,100,34.818
1738264035.997192,307259.000,45784,1,T1,1,100,34.815
1738264036.130197,307392.000,45799,1,T1,1,100,34.884
1738264036.263202,307525.000,45830,1,T1,1,100,34.879
1738264036.397207,307659.000,45846,1,T1,1,100,34.841
1738264036.530212,307792.000,45861,1,T1,1,100,34.931
1738264036.663217,307925.000,45892,1,T1,1,100,34.935
1738264036.797222,308059.000,45908,1,T1,1,100,34.865
1738264036.930227,308192.000,45924,1,T1,1,100,34.800
1738264037.063232,308325.000,45940,1,T1,1,100,34.772
1738264037.197237,308459.000,45955,1,T1,1,100,34.937
1738264037.330243,308592.000,45974,1,T1,1,100,34.760
1738264037.463248,308725.000,45989,1,T1,1,100,34.719
1738264037.597253,308859.000,46022,1,T1,1,100,34.772
1738264037.730258,308992.000,46038,1,T1,1,100,34.866
1738264037.863263,309125.000,46053,1,T1,1,100,34.836
1738264037.997268,309259.000,46084,1,T1,1,100,34.893
1738264038.130273,309392.000,46102,1,T1,1,100,34.848
1738264038.263278,309525.000,46118,1,T1,1,100,34.863
1738264038.397283,309659.000,46150,1,T1,1,100,34.834
1738264038.530288,309792.000,46166,1,T1,1,100,34.787
1738264038.663293,309925.000,46182,1,T1,1,100,34.872
1738264038.796798,310058.500,46216,2,T1,1,100,34.874
1738264038.930303,310192.000,46216,2,T1,1,100,34.874
1738264039.063308,310325.000,46246,1,T1,1,100,34.804
1738264039.196313,310458.000,46263,1,T1,1,100,34.773
1738264039.330318,310592.000,46278,1,T1,1,100,34.796
1738264039.463323,310725.000,46294,1,T1,1,100,34.841
1738264039.596328,310858.000,46325,1,T1,1,100,34.896
1738264039.730334,310992.000,46340,1,T1,1,100,34.884
1738264039.863338,311125.000,46356,1,T1,1,100,34.879
1738264039.996344,311258.000,46387,1,T1,1,100,34.877
1738264040.130349,311392.000,46402,1,T1,1,100,34.840
1738264040.263354,311525.000,46419,1,T1,1,100,34.895
1738264040.396359,311658.000,46449,1,T1,1,100,34.884
1738264040.530364,311792.000,46464,1,T1,1,100,34.914
1738264040.663369,311925.000,46481,1,T1,1,100,34.857
1738264040.796374,312058.000,46496,1,T1,1,100,34.973
1738264040.930379,312192.000,46527,1,T1,1,100,34.918
1738264041.063384,312325.000,46543,1,T1,1,100,34.858
1738264041.196389,312458.000,46558,1,T1,1,100,34.868
1738264041.330394,312592.000,46575,1,T1,1,100,34.943
1738264041.463399,312725.000,46605,1,T1,1,100,34.798
1738264041.596404,312858.000,46621,1,T1,1,100,34.735
1738264041.730409,312992.000,46637,1,T1,1,100,34.779
1738264041.863415,313125.000,46668,1,T1,1,100,34.798
1738264041.996419,313258.000,46683,1,T1,1,100,34.806
1738264042.130424,313392.000,46699,1,T1,1,100,34.774
1738264042.263430,313525.000,46730,1,T1,1,100,34.902
1738264042.396435,313658.000,46745,1,T1,1,100,34.958
1738264042.529440,313791.000,46761,1,T1,1,100,34.840
1738264042.663445,313925.000,46777,1,T1,1,100,34.824
1738264042.796450,314058.000,46807,1,T1,1,100,34.889
1738264042.930455,314192.000,46824,1,T1,1,100,34.916
1738264043.063460,314325.000,46839,1,T1,1,100,34.857
1738264043.196465,314458.000,46870,1,T1,1,100,34.796
1738264043.329470,314591.000,46888,1,T1,1,100,34.841
1738264043.463475,314725.000,46903,1,T1,1,100,34.860
1738264043.596480,314858.000,46922,1,T1,1,100,34.904
1738264043.729485,314991.000,46952,1,T1,1,100,34.817
1738264043.863490,315125.000,46967,1,T1,1,100,34.850
1738264043.996495,315258.000,46991,1,T1,1,100,34.864
1738264044.129500,315391.000,47006,1,T1,1,100,34.906
1738264044.263505,315525.000,47023,1,T1,1,100,34.853
1738264044.396511,315658.000,47053,1,T1,1,100,34.901
1738264044.529516,315791.000,47068,1,T1,1,100,34.851
1738264044.663521,315925.000,47085,1,T1,1,100,34.829
1738264044.796526,316058.000,47115,1,T1,1,100,34.855
1738264044.929531,316191.000,47131,1,T1,1,100,34.866
1738264045.063536,316325.000,47149,1,T1,1,100,34.907
1738264045.196541,316458.000,47180,1,T1,1,100,34.995
1738264045.329546,316591.000,47195,1,T1,1,100,34.962
1738264045.462551,316724.000,47211,1,T1,1,100,34.984
1738264045.596556,316858.000,47227,1,T1,1,100,34.993
1738264045.729561,316991.000,47257,1,T1,1,100,34.961
1738264045.862566,317124.000,47273,1,T1,1,100,34.983
1738264045.996571,317258.000,47289,1,T1,1,100,34.957
1738264046.129576,317391.000,47305,1,T1,1,100,34.982
1738264046.262581,317524.000,47336,1,T1,1,100,34.957
1738264046.396586,317658.000,47351,1,T1,1,100,34.910
1738264046.529591,317791.000,47367,1,T1,1,100,34.926
1738264046.662596,317924.000,47398,1,T1,1,100,34.968
1738264046.796602,318058.000,47413,1,T1,1,100,34.915
1738264046.929607,318191.000,47430,1,T1,1,100,34.999
1738264047.062612,318324.000,47460,1,T1,1,100,34.929
1738264047.196617,318458.000,47475,1,T1,1,100,34.898
1738264047.329622,318591.000,47492,1,T1,1,100,34.850
1738264047.462627,318724.000,47522,1,T1,1,100,34.935
1738264047.596632,318858.000,47538,1,T1,1,100,34.865
1738264047.729637,318991.000,47554,1,T1,1,100,34.942
1738264047.862642,319124.000,47569,1,T1,1,100,34.975
1738264047.996647,319258.000,47600,1,T1,1,100,34.954
1738264048.129652,319391.000,47616,1,T1,1,100,34.980
1738264048.262657,319524.000,47634,1,T1,1,100,34.885
1738264048.396662,319658.000,47666,1,T1,1,100,34.915
1738264048.529667,319791.000,47683,1,T1,1,100,34.963
1738264048.662672,319924.000,47698,1,T1,1,100,34.878
1738264048.796677,320058.000,47714,1,T1,1,100,34.876
1738264048.929682,320191.000,47745,1,T1,1,100,34.911
1738264049.062687,320324.000,47766,1,T1,1,100,34.855
1738264049.196692,320458.000,47782,1,T1,1,100,34.937
1738264049.329698,320591.000,47798,1,T1,1,100,34.937
1738264049.462703,320724.000,47813,1,T1,1,100,34.902
1738264049.595708,320857.000,47844,1,T1,1,100,34.958
1738264049.729713,320991.000,47860,1,T1,1,100,34.840
1738264049.862718,321124.000,47875,1,T1,1,100,34.753
1738264049.995723,321257.000,47892,1,T1,1,100,34.858
1738264050.129728,321391.000,47922,1,T1,1,100,34.974
1738264050.262733,321524.000,47938,1,T1,1,100,34.882
1738264050.395738,321657.000,47954,1,T1,1,100,34.807
1738264050.529743,321791.000,47985,1,T1,1,100,34.881
1738264050.662748,321924.000,48000,1,T1,1,100,34.807
1738264050.795753,322057.000,48016,1,T1,1,100,34.775
1738264050.929758,322191.000,48047,1,T1,1,100,34.796
1738264051.062763,322324.000,48062,1,T1,1,100,34.983
1738264051.195768,322457.000,48078,1,T1,1,100,34.957
1738264051.329773,322591.000,48109,1,T1,1,100,34.875
1738264051.462779,322724.000,48124,1,T1,1,100,34.875
1738264051.595783,322857.000,48141,1,T1,1,100,34.946
1738264051.729789,322991.000,48156,1,T1,1,100,34.941
1738264051.862794,323124.000,48173,2,T1,1,100,34.904
1738264051.995799,323257.000,48173,2,T1,1,100,34.958
1738264052.129304,323390.500,48190,2,T1,1,100,34.946
1738264052.262809,323524.000,48190,2,T1,1,100,34.870
1738264052.395814,323657.000,48205,1,T1,1,100,34.909
1738264052.528819,323790.000,48221,1,T1,1,100,34.925
1738264052.662824,323924.000,48237,1,T1,1,100,34.968
1738264052.795829,324057.000,48253,1,T1,1,100,34.986
1738264052.928834,324190.000,48284,1,T1,1,100,34.958
1738264053.062839,324324.000,48299,1,T1,1,100,34.840
1738264053.195844,324457.000,48315,1,T1,1,100,34.860
1738264053.328849,324590.000,48348,1,T1,1,100,34.868
1738264053.462854,324724.000,48363,1,T1,1,100,34.837
1738264053.595859,324857.000,48380,1,T1,1,100,34.823
1738264053.728864,324990.000,48410,1,T1,1,100,34.923
1738264053.862870,325124.000,48427,1,T1,1,100,34.967
1738264053.995875,325257.000,48444,1,T1,1,100,34.950
1738264054.129380,325390.500,48480,2,T1,1,100,34.978
1738264054.262885,325524.000,48480,2,T1,1,100,34.991
1738264054.395890,325657.000,48510,1,T1,1,100,34.961
1738264054.528895,325790.000,48525,1,T1,1,100,34.841
1738264054.662900,325924.000,48542,1,T1,1,100,34.825
1738264054.795905,326057.000,48572,1,T1,1,100,34.995
1738264054.928910,326190.000,48588,1,T1,1,100,34.962
1738264055.062915,326324.000,48604,1,T1,1,100,35.019
1738264055.195920,326457.000,48637,1,T1,1,100,34.973
1738264055.328925,326590.000,48652,1,T1,1,100,34.953
1738264055.462930,326724.000,48668,1,T1,1,100,34.944
1738264055.595935,326857.000,48683,1,T1,1,100,34.940
1738264055.728940,326990.000,48716,1,T1,1,100,34.974
1738264055.861945,327123.000,48732,1,T1,1,100,34.989
1738264055.995950,327257.000,48748,1,T1,1,100,34.924
1738264056.128955,327390.000,48778,1,T1,1,100,34.896
1738264056.261961,327523.000,48795,1,T1,1,100,34.955
1738264056.395966,327657.000,48812,1,T1,1,100,34.981
1738264056.528971,327790.000,48845,1,T1,1,100,34.992
1738264056.661976,327923.000,48861,1,T1,1,100,34.855
1738264056.795981,328057.000,48876,1,T1,1,100,34.973
1738264056.928986,328190.000,48909,1,T1,1,100,34.917
1738264057.061991,328323.000,48925,1,T1,1,100,34.893
1738264057.195996,328457.000,48940,1,T1,1,100,34.812
1738264057.329001,328590.000,48973,1,T1,1,100,34.883
1738264057.462006,328723.000,48989,1,T1,1,100,34.914
1738264057.596011,328857.000,49005,1,T1,1,100,34.963
1738264057.729016,328990.000,49021,1,T1,1,100,34.984
1738264057.862021,329123.000,49051,1,T1,1,100,34.922
1738264057.996026,329257.000,49067,1,T1,1,100,34.931
1738264058.129031,329390.000,49083,1,T1,1,100,34.970
1738264058.262036,329523.000,49118,1,T1,1,100,34.987
1738264058.396041,329657.000,49135,1,T1,1,100,34.994
1738264058.529047,329790.000,49151,1,T1,1,100,34.962
1738264058.662051,329923.000,49182,1,T1,1,100,34.913
1738264058.796057,330057.000,49199,1,T1,1,100,34.998
1738264058.929062,330190.000,49216,1,T1,1,100,35.034
1738264059.062067,330323.000,49246,1,T1,1,100,34.979
1738264059.196072,330457.000,49261,1,T1,1,100,34.956
1738264059.329077,330590.000,49283,1,T1,1,100,35.016
1738264059.462082,330723.000,49298,1,T1,1,100,35.042
1738264059.596087,330857.000,49316,1,T1,1,100,34.983
1738264059.729092,330990.000,49347,1,T1,1,100,35.028
1738264059.862097,331123.000,49362,1,T1,1,100,35.012
1738264059.995102,331256.000,49379,1,T1,1,100,35.041
1738264060.129107,331390.000,49409,1,T1,1,100,34.911
1738264060.262112,331523.000,49425,1,T1,1,100,34.962
1738264060.395117,331656.000,49441,1,T1,1,100,35.054
1738264060.529122,331790.000,49472,1,T1,1,100,34.988
1738264060.662127,331923.000,49489,1,T1,1,100,34.995
1738264060.795132,332056.000,49505,1,T1,1,100,34.962
1738264060.929137,332190.000,49536,1,T1,1,100,34.913
1738264061.062143,332323.000,49551,1,T1,1,100,34.962
1738264061.195148,332456.000,49567,1,T1,1,100,34.948
1738264061.329153,332590.000,49598,1,T1,1,100,34.942
1738264061.462158,332723.000,49613,1,T1,1,100,35.010
1738264061.595163,332856.000,49630,1,T1,1,100,35.005
1738264061.729168,332990.000,49645,1,T1,1,100,35.002
1738264061.862173,333123.000,49675,1,T1,1,100,34.894
1738264061.995178,333256.000,49692,1,T1,1,100,34.954
1738264062.129183,333390.000,49707,1,T1,1,100,35.016
1738264062.262188,333523.000,49738,1,T1,1,100,35.007
1738264062.395193,333656.000,49754,1,T1,1,100,34.897
1738264062.529198,333790.000,49771,1,T1,1,100,34.991
1738264062.662203,333923.000,49802,1,T1,1,100,35.031
1738264062.795208,334056.000,49818,1,T1,1,100,34.907
1738264062.929213,334190.000,49834,1,T1,1,100,34.960
1738264063.062218,334323.000,49864,1,T1,1,100,35.054
1738264063.195223,334456.000,49880,1,T1,1,100,34.952
1738264063.328228,334589.000,49900,1,T1,1,100,35.086
1738264063.462234,334723.000,49930,1,T1,1,100,35.002
1738264063.595239,334856.000,49947,1,T1,1,100,35.072
1738264063.728244,334989.000,49964,1,T1,1,100,35.031
1738264063.862249,335123.000,49995,1,T1,1,100,35.013
1738264063.995254,335256.000,50011,1,T1,1,100,34.970
1738264064.128259,335389.000,50026,1,T1,1,100,35.023
1738264064.262264,335523.000,50042,1,T1,1,100,34.939
1738264064.395269,335656.000,50082,1,T1,1,100,34.938
1738264064.528274,335789.000,50098,1,T1,1,100,35.044
1738264064.662279,335923.000,50114,1,T1,1,100,35.055
1738264064.795284,336056.000,50129,1,T1,1,100,35.059
1738264064.928289,336189.000,50160,1,T1,1,100,35.026
1738264065.062294,336323.000,50176,1,T1,1,100,35.011
1738264065.195299,336456.000,50191,1,T1,1,100,35.147
1738264065.328304,336589.000,50208,1,T1,1,100,35.028
1738264065.462309,336723.000,50240,1,T1,1,100,34.941
1738264065.595315,336856.000,50256,1,T1,1,100,35.045
1738264065.728319,336989.000,50272,1,T1,1,100,35.162
1738264065.862324,337123.000,50303,1,T1,1,100,35.176
1738264065.995330,337256.000,50318,1,T1,1,100,35.041
1738264066.128335,337389.000,50334,1,T1,1,100,35.089
1738264066.261340,337522.000,50365,1,T1,1,100,35.145
1738264066.395345,337656.000,50380,1,T1,1,100,34.992
1738264066.528350,337789.000,50396,1,T1,1,100,34.996
1738264066.661355,337922.000,50429,1,T1,1,100,35.140
1738264066.795360,338056.000,50444,1,T1,1,100,34.954
1738264066.928365,338189.000,50461,1,T1,1,100,34.980
1738264067.061370,338322.000,50493,1,T1,1,100,34.991
1738264067.195375,338456.000,50508,1,T1,1,100,35.032
1738264067.328380,338589.000,50525,1,T1,1,100,35.049
1738264067.461385,338722.000,50555,1,T1,1,100,34.986
1738264067.595390,338856.000,50571,1,T1,1,100,35.029
1738264067.728395,338989.000,50589,1,T1,1,100,34.942
1738264067.861400,339122.000,50604,1,T1,1,100,35.010
1738264067.995405,339256.000,50635,1,T1,1,100,34.934
1738264068.128411,339389.000,50651,1,T1,1,100,34.971
1738264068.261415,339522.000,50669,1,T1,1,100,35.023
1738264068.395421,339656.000,50701,1,T1,1,100,35.081
1738264068.528426,339789.000,50717,1,T1,1,100,34.964
1738264068.661431,339922.000,50733,1,T1,1,100,34.984
1738264068.795436,340056.000,50763,1,T1,1,100,35.064
1738264068.928441,340189.000,50780,1,T1,1,100,34.992
1738264069.061446,340322.000,50795,1,T1,1,100,34.997
1738264069.194451,340455.000,50828,1,T1,1,100,34.999
1738264069.328456,340589.000,50844,1,T1,1,100,34.999
1738264069.461461,340722.000,50859,1,T1,1,100,35.035
1738264069.594466,340855.000,50881,1,T1,1,100,34.944
1738264069.728471,340989.000,50896,1,T1,1,100,35.047
1738264069.861476,341122.000,50929,1,T1,1,100,35.127
1738264069.994481,341255.000,50945,1,T1,1,100,35.019
1738264070.128486,341389.000,50960,1,T1,1,100,35.044
1738264070.261491,341522.000,50991,1,T1,1,100,35.054
1738264070.394496,341655.000,51007,1,T1,1,100,35.024
1738264070.528502,341789.000,51023,1,T1,1,100,35.046
1738264070.661507,341922.000,51041,1,T1,1,100,35.055
1738264070.794512,342055.000,51056,1,T1,1,100,35.059
1738264070.928517,342189.000,51087,1,T1,1,100,35.061
1738264071.061522,342322.000,51103,1,T1,1,100,34.956
1738264071.194527,342455.000,51118,1,T1,1,100,35.016
1738264071.328532,342589.000,51151,1,T1,1,100,35.078
1738264071.461537,342722.000,51167,1,T1,1,100,35.069
1738264071.594542,342855.000,51183,1,T1,1,100,35.065
1738264071.728547,342989.000,51213,1,T1,1,100,34.993
1738264071.861552,343122.000,51229,1,T1,1,100,35.032
1738264071.994557,343255.000,51247,1,T1,1,100,35.085
1738264072.128562,343389.000,51263,1,T1,1,100,35.037
1738264072.261567,343522.000,51294,1,T1,1,100,35.122
1738264072.394572,343655.000,51309,1,T1,1,100,35.124
1738264072.528577,343789.000,51327,1,T1,1,100,35.089
1738264072.661582,343922.000,51358,1,T1,1,100,35.145
1738264072.794587,344055.000,51373,1,T1,1,100,35.027
1738264072.928592,344189.000,51390,1,T1,1,100,35.083
1738264073.061598,344322.000,51420,1,T1,1,100,35.036
1738264073.194603,344455.000,51435,1,T1,1,100,34.980
1738264073.327608,344588.000,51454,1,T1,1,100,34.991
1738264073.461613,344722.000,51486,1,T1,1,100,35.032
1738264073.594618,344855.000,51502,1,T1,1,100,35.014
1738264073.728623,344989.000,51518,1,T1,1,100,35.006
1738264073.861628,345122.000,51551,1,T1,1,100,35.073
1738264073.994633,345255.000,51566,1,T1,1,100,35.032
1738264074.127638,345388.000,51582,1,T1,1,100,35.014
1738264074.261643,345522.000,51597,1,T1,1,100,35.041
1738264074.394648,345655.000,51628,1,T1,1,100,35.053
1738264074.527653,345788.000,51644,1,T1,1,100,35.059
1738264074.661658,345922.000,51666,1,T1,1,100,35.096
1738264074.794663,346055.000,51683,1,T1,1,100,35.042
1738264074.927668,346188.000,51700,1,T1,1,100,35.053
1738264075.061673,346322.000,51730,1,T1,1,100,35.165
1738264075.194679,346455.000,51745,1,T1,1,100,35.178
1738264075.327683,346588.000,51762,1,T1,1,100,35.112
1738264075.461689,346722.000,51777,1,T1,1,100,35.190
1738264075.594694,346855.000,51810,1,T1,1,100,35.153
1738264075.727699,346988.000,51826,1,T1,1,100,35.208
1738264075.860704,347121.000,51841,1,T1,1,100,35.161
1738264075.994709,347255.000,51872,1,T1,1,100,35.105
1738264076.127714,347388.000,51888,1,T1,1,100,35.045
1738264076.260719,347521.000,51904,1,T1,1,100,35.091
1738264076.394724,347655.000,51934,1,T1,1,100,35.039
1738264076.527729,347788.000,51950,1,T1,1,100,35.052
1738264076.660734,347921.000,51966,1,T1,1,100,35.058
1738264076.794739,348055.000,51996,1,T1,1,100,35.025
1738264076.927744,348188.000,52013,1,T1,1,100,34.975
1738264077.060749,348321.000,52028,1,T1,1,100,35.025
1738264077.194754,348455.000,52059,1,T1,1,100,35.117
1738264077.327760,348588.000,52075,1,T1,1,100,35.051
1738264077.460764,348721.000,52090,1,T1,1,100,35.057
1738264077.594769,348855.000,52106,1,T1,1,100,35.096
1738264077.727775,348988.000,52137,1,T1,1,100,35.041
1738264077.860780,349121.000,52152,1,T1,1,100,35.053
1738264077.994785,349255.000,52169,1,T1,1,100,35.094
1738264078.127790,349388.000,52201,1,T1,1,100,35.147
1738264078.260795,349521.000,52217,1,T1,1,100,35.064
1738264078.394800,349655.000,52235,1,T1,1,100,35.028
1738264078.527805,349788.000,52266,1,T1,1,100,35.083
1738264078.660810,349921.000,52281,1,T1,1,100,35.107
1738264078.794815,350055.000,52297,1,T1,1,100,35.117
1738264078.927820,350188.000,52328,1,T1,1,100,35.157
1738264079.060825,350321.000,52343,1,T1,1,100,35.174
1738264079.194830,350455.000,52359,1,T1,1,100,35.182
1738264079.327835,350588.000,52375,1,T1,1,100,35.150
1738264079.460840,350721.000,52405,1,T1,1,100,35.065
1738264079.593845,350854.000,52422,1,T1,1,100,35.099
1738264079.727850,350988.000,52437,1,T1,1,100,35.078
1738264079.860855,351121.000,52458,1,T1,1,100,35.105
1738264079.993860,351254.000,52489,1,T1,1,100,35.081
1738264080.127866,351388.000,52504,1,T1,1,100,35.141
1738264080.260871,351521.000,52521,1,T1,1,100,35.132
1738264080.393876,351654.000,52553,1,T1,1,100,35.093
1738264080.527881,351788.000,52568,1,T1,1,100,35.076
1738264080.660886,351921.000,52585,1,T1,1,100,35.104
1738264080.793891,352054.000,52600,1,T1,1,100,35.116
1738264080.927896,352188.000,52631,1,T1,1,100,35.121
1738264081.060901,352321.000,52647,1,T1,1,100,35.088
1738264081.193906,352454.000,52662,1,T1,1,100,35.109
1738264081.327911,352588.000,52693,1,T1,1,100,35.118
1738264081.460916,352721.000,52709,1,T1,1,100,35.016
1738264081.593921,352854.000,52725,1,T1,1,100,35.042
1738264081.727926,352988.000,52755,1,T1,1,100,35.125
1738264081.860931,353121.000,52771,1,T1,1,100,35.125
1738264081.993936,353254.000,52787,1,T1,1,100,35.196
1738264082.127941,353388.000,52817,1,T1,1,100,35.191
1738264082.260947,353521.000,52834,1,T1,1,100,35.189
1738264082.393951,353654.000,52849,1,T1,1,100,35.117
1738264082.527956,353788.000,52865,1,T1,1,100,35.157
1738264082.660962,353921.000,52896,1,T1,1,100,35.139
1738264082.793967,354054.000,52911,1,T1,1,100,35.166
1738264082.926972,354187.000,52928,1,T1,1,100,35.214
1738264083.060977,354321.000,52958,1,T1,1,100,35.093
1738264083.193982,354454.000,52973,1,T1,1,100,35.182
1738264083.326987,354587.000,52992,1,T1,1,100,35.150
1738264083.460992,354721.000,53022,1,T1,1,100,35.065
1738264083.593997,354854.000,53038,1,T1,1,100,35.099
1738264083.727002,354987.000,53054,1,T1,1,100,35.114
1738264083.861007,355121.000,53085,1,T1,1,100,35.120
1738264083.994012,355254.000,53100,1,T1,1,100,35.052
1738264084.127017,355387.000,53116,1,T1,1,100,35.058
1738264084.261022,355521.000,53147,1,T1,1,100,35.131
1738264084.394027,355654.000,53162,1,T1,1,100,35.163
1738264084.527032,355787.000,53178,1,T1,1,100,35.177
1738264084.661037,355921.000,53211,1,T1,1,100,35.218
1738264084.794043,356054.000,53226,1,T1,1,100,35.201
1738264084.927047,356187.000,53248,1,T1,1,100,35.193
1738264085.061053,356321.000,53263,1,T1,1,100,35.190
1738264085.194058,356454.000,53279,1,T1,1,100,35.224
1738264085.327063,356587.000,53310,1,T1,1,100,35.203
1738264085.461068,356721.000,53327,1,T1,1,100,35.159
1738264085.594073,356854.000,53344,1,T1,1,100,34.998
1738264085.727078,356987.000,53359,1,T1,1,100,35.035
1738264085.861083,357121.000,53389,1,T1,1,100,35.086
1738264085.994088,357254.000,53406,1,T1,1,100,35.179
1738264086.127093,357387.000,53421,1,T1,1,100,35.184
1738264086.261098,357521.000,53454,1,T1,1,100,35.150
1738264086.394103,357654.000,53470,1,T1,1,100,35.171
1738264086.527108,357787.000,53485,1,T1,1,100,35.251
1738264086.660113,357920.000,53516,1,T1,1,100,35.180
1738264086.794118,358054.000,53532,1,T1,1,100,35.113
1738264086.927124,358187.000,53548,1,T1,1,100,35.191
1738264087.060128,358320.000,53578,1,T1,1,100,35.118
1738264087.194134,358454.000,53594,1,T1,1,100,35.122
1738264087.327139,358587.000,53610,1,T1,1,100,35.088
1738264087.460144,358720.000,53640,1,T1,1,100,35.109
1738264087.594149,358854.000,53657,1,T1,1,100,35.083
1738264087.727154,358987.000,53674,1,T1,1,100,35.107
1738264087.860159,359120.000,53705,1,T1,1,100,35.153
1738264087.994164,359254.000,53721,1,T1,1,100,35.208
1738264088.127169,359387.000,53736,1,T1,1,100,35.125
1738264088.260174,359520.000,53753,1,T1,1,100,35.161
1738264088.394179,359654.000,53785,1,T1,1,100,35.140
1738264088.527184,359787.000,53800,1,T1,1,100,35.167
1738264088.660189,359920.000,53817,1,T1,1,100,35.179
1738264088.794194,360054.000,53847,1,T1,1,100,35.113
1738264088.927199,360187.000,53863,1,T1,1,100,35.013
1738264089.060204,360320.000,53879,1,T1,1,100,35.148
1738264089.193209,360453.000,53910,1,T1,1,100,35.206
1738264089.327214,360587.000,53927,1,T1,1,100,35.124
1738264089.460220,360720.000,53943,1,T1,1,100,35.196
1738264089.593225,360853.000,53978,1,T1,1,100,35.262
1738264089.727230,360987.000,53993,1,T1,1,100,35.255
1738264089.860235,361120.000,54009,1,T1,1,100,35.181
1738264089.993740,361253.500,54045,2,T1,1,100,35.185
1738264090.127245,361387.000,54045,2,T1,1,100,35.293
1738264090.260250,361520.000,54076,1,T1,1,100,35.233
1738264090.393255,361653.000,54091,1,T1,1,100,35.101
1738264090.527260,361787.000,54107,1,T1,1,100,35.079
1738264090.660265,361920.000,54138,1,T1,1,100,35.034
1738264090.794270,362054.000,54153,1,T1,1,100,35.086
1738264090.927275,362187.000,54170,1,T1,1,100,35.179
1738264091.060280,362320.000,54202,1,T1,1,100,35.219
1738264091.193285,362453.000,54217,1,T1,1,100,35.166
1738264091.327290,362587.000,54234,1,T1,1,100,35.143
1738264091.460295,362720.000,54249,1,T1,1,100,35.097
1738264091.593300,362853.000,54280,1,T1,1,100,35.184
1738264091.727305,362987.000,54296,1,T1,1,100,35.115
1738264091.860311,363120.000,54311,1,T1,1,100,35.156
1738264091.993315,363253.000,54342,1,T1,1,100,35.245
1738264092.127321,363387.000,54358,1,T1,1,100,35.319
1738264092.260326,363520.000,54374,1,T1,1,100,35.244
1738264092.393331,363653.000,54406,1,T1,1,100,35.141
1738264092.527336,363787.000,54422,1,T1,1,100,35.167
1738264092.660341,363920.000,54438,1,T1,1,100,35.285
1738264092.793346,364053.000,54468,1,T1,1,100,35.265
1738264092.926351,364186.000,54485,1,T1,1,100,35.221
1738264093.060356,364320.000,54500,1,T1,1,100,35.131
1738264093.193361,364453.000,54531,1,T1,1,100,35.199
1738264093.327366,364587.000,54549,1,T1,1,100,35.192
1738264093.460371,364720.000,54564,1,T1,1,100,35.260
1738264093.593376,364853.000,54581,1,T1,1,100,35.255
1738264093.726381,364986.000,54611,1,T1,1,100,35.217
1738264093.860386,365120.000,54626,1,T1,1,100,35.129
1738264093.993392,365253.000,54645,1,T1,1,100,35.091
1738264094.126396,365386.000,54675,1,T1,1,100,35.181
1738264094.260401,365520.000,54691,1,T1,1,100,35.149
1738264094.393407,365653.000,54707,1,T1,1,100,35.136
1738264094.526412,365786.000,54738,1,T1,1,100,35.094
1738264094.660417,365920.000,54753,1,T1,1,100,35.147
1738264094.793422,366053.000,54769,1,T1,1,100,35.170
1738264094.926427,366186.000,54800,1,T1,1,100,35.144
1738264095.060432,366320.000,54815,1,T1,1,100,35.169
1738264095.193437,366453.000,54837,1,T1,1,100,35.215
1738264095.326442,366586.000,54852,1,T1,1,100,35.306
1738264095.460447,366720.000,54868,1,T1,1,100,35.274
1738264095.593452,366853.000,54899,1,T1,1,100,35.260
1738264095.726457,366986.000,54914,1,T1,1,100,35.148
1738264095.859462,367119.000,54930,1,T1,1,100,35.241
1738264095.993467,367253.000,54961,1,T1,1,100,35.211
1738264096.126472,367386.000,54976,1,T1,1,100,35.162
1738264096.259477,367519.000,54993,1,T1,1,100,35.177
1738264096.393482,367653.000,55008,1,T1,1,100,35.218
1738264096.526488,367786.000,55038,1,T1,1,100,35.165
1738264096.659492,367919.000,55055,1,T1,1,100,35.142
1738264096.793498,368053.000,55070,1,T1,1,100,35.203
1738264096.926503,368186.000,55101,1,T1,1,100,35.194
1738264097.059508,368319.000,55117,1,T1,1,100,35.190
1738264097.193513,368453.000,55132,1,T1,1,100,35.224
1738264097.326518,368586.000,55163,1,T1,1,100,35.203
1738264097.459523,368719.000,55179,1,T1,1,100,35.123
1738264097.593528,368853.000,55195,1,T1,1,100,35.053
1738264097.726533,368986.000,55225,1,T1,1,100,35.200
1738264097.859538,369119.000,55241,1,T1,1,100,35.193
1738264097.993543,369253.000,55257,1,T1,1,100,35.261
1738264098.126548,369386.000,55287,1,T1,1,100,35.219
1738264098.259553,369519.000,55304,1,T1,1,100,35.166
1738264098.393558,369653.000,55323,1,T1,1,100,35.143
1738264098.526563,369786.000,55339,1,T1,1,100,35.204
1738264098.659568,369919.000,55370,1,T1,1,100,35.159
1738264098.793573,370053.000,55385,1,T1,1,100,35.246
1738264098.926579,370186.000,55403,1,T1,1,100,35.284
1738264099.059584,370319.000,55434,1,T1,1,100,35.265
1738264099.192589,370452.000,55449,1,T1,1,100,35.150
1738264099.326594,370586.000,55466,1,T1,1,100,35.207
1738264099.459599,370719.000,55496,1,T1,1,100,35.231
1738264099.592604,370852.000,55512,1,T1,1,100,35.242
1738264099.726609,370986.000,55528,1,T1,1,100,35.246
1738264099.859614,371119.000,55559,1,T1,1,100,35.284
1738264099.992619,371252.000,55574,1,T1,1,100,35.229
1738264100.126624,371386.000,55592,1,T1,1,100,35.276
1738264100.259629,371519.000,55628,2,T1,1,100,35.191
1738264100.392634,371652.000,55628,2,T1,1,100,35.260
1738264100.526639,371786.000,55659,1,T1,1,100,35.325
1738264100.659644,371919.000,55676,1,T1,1,100,35.283
1738264100.792649,372052.000,55692,1,T1,1,100,35.264
1738264100.926654,372186.000,55723,1,T1,1,100,35.185
1738264101.059659,372319.000,55740,1,T1,1,100,35.186
1738264101.192664,372452.000,55756,1,T1,1,100,35.223
1738264101.326669,372586.000,55787,1,T1,1,100,35.238
1738264101.459675,372719.000,55802,1,T1,1,100,35.245
1738264101.592680,372852.000,55819,1,T1,1,100,35.141
1738264101.726685,372986.000,55849,1,T1,1,100,35.168
1738264101.859690,373119.000,55864,1,T1,1,100,35.285
1738264101.992695,373252.000,55881,1,T1,1,100,35.336
1738264102.126700,373386.000,55896,1,T1,1,100,35.287
1738264102.259705,373519.000,55929,1,T1,1,100,35.160
1738264102.392710,373652.000,55945,1,T1,1,100,35.211
1738264102.526715,373786.000,55960,1,T1,1,100,35.233
1738264102.659720,373919.000,55991,1,T1,1,100,35.243
1738264102.792725,374052.000,56007,1,T1,1,100,35.140
1738264102.925730,374185.000,56023,1,T1,1,100,35.167
1738264103.059735,374319.000,56039,1,T1,1,100,35.250
1738264103.192740,374452.000,56072,1,T1,1,100,35.214
1738264103.325745,374585.000,56089,1,T1,1,100,35.128
1738264103.459750,374719.000,56105,1,T1,1,100,35.162
1738264103.592756,374852.000,56138,1,T1,1,100,35.176
1738264103.725760,374985.000,56153,1,T1,1,100,35.183
1738264103.859766,375119.000,56169,1,T1,1,100,35.221
1738264103.992771,375252.000,56185,1,T1,1,100,35.237
1738264104.125776,375385.000,56215,1,T1,1,100,35.280
1738264104.259781,375519.000,56232,1,T1,1,100,35.263
1738264104.392786,375652.000,56249,1,T1,1,100,35.256
1738264104.525791,375785.000,56282,1,T1,1,100,35.252
1738264104.659796,375919.000,56298,1,T1,1,100,35.251
1738264104.792801,376052.000,56313,1,T1,1,100,35.215
1738264104.925806,376185.000,56344,1,T1,1,100,35.128
1738264105.059811,376319.000,56362,1,T1,1,100,35.162
1738264105.192816,376452.000,56377,1,T1,1,100,35.283
1738264105.325821,376585.000,56412,2,T1,1,100,35.229
1738264105.458826,376718.000,56412,2,T1,1,100,35.312
1738264105.592831,376852.000,56428,1,T1,1,100,35.312
1738264105.725836,376985.000,56458,1,T1,1,100,35.348
1738264105.858841,377118.000,56476,1,T1,1,100,35.221
1738264105.992846,377252.000,56492,1,T1,1,100,35.273
1738264106.125852,377385.000,56522,1,T1,1,100,35.295
1738264106.258857,377518.000,56539,1,T1,1,100,35.199
1738264106.392862,377652.000,56554,1,T1,1,100,35.299
1738264106.525867,377785.000,56587,1,T1,1,100,35.236
1738264106.658872,377918.000,56603,1,T1,1,100,35.315
1738264106.792877,378052.000,56618,1,T1,1,100,35.278
1738264106.925882,378185.000,56634,1,T1,1,100,35.262
1738264107.058887,378318.000,56665,1,T1,1,100,35.255
1738264107.192892,378452.000,56680,1,T1,1,100,35.252
1738264107.325897,378585.000,56697,1,T1,1,100,35.251
1738264107.458902,378718.000,56727,1,T1,1,100,35.250
1738264107.592907,378852.000,56743,1,T1,1,100,35.215
1738264107.725912,378985.000,56759,1,T1,1,100,35.377
1738264107.858917,379118.000,56790,1,T1,1,100,35.305
1738264107.992922,379252.000,56805,1,T1,1,100,35.345
1738264108.125927,379385.000,56821,1,T1,1,100,35.291
1738264108.258932,379518.000,56854,1,T1,1,100,35.303
1738264108.392937,379652.000,56869,1,T1,1,100,35.308
1738264108.525943,379785.000,56885,1,T1,1,100,35.204
1738264108.658948,379918.000,56916,1,T1,1,100,35.266
1738264108.792953,380052.000,56931,1,T1,1,100,35.363
1738264108.925958,380185.000,56948,1,T1,1,100,35.334
1738264109.058963,380318.000,56978,1,T1,1,100,35.251
1738264109.191968,380451.000,56993,1,T1,1,100,35.428
1738264109.325973,380585.000,57010,1,T1,1,100,35.256
1738264109.458978,380718.000,57025,1,T1,1,100,35.217
1738264109.591983,380851.000,57056,1,T1,1,100,35.236
1738264109.725988,380985.000,57072,1,T1,1,100,35.244
1738264109.858993,381118.000,57087,1,T1,1,100,35.212
1738264109.991998,381251.000,57118,1,T1,1,100,35.304
1738264110.126003,381385.000,57134,1,T1,1,100,35.274
1738264110.259008,381518.000,57150,1,T1,1,100,35.260
1738264110.392013,381651.000,57180,1,T1,1,100,35.325
1738264110.526018,381785.000,57204,1,T1,1,100,35.283
1738264110.659024,381918.000,57219,1,T1,1,100,35.370
1738264110.792028,382051.000,57235,1,T1,1,100,35.409
1738264110.926033,382185.000,57251,1,T1,1,100,35.354
1738264111.059039,382318.000,57281,1,T1,1,100,35.295
1738264111.192044,382451.000,57297,1,T1,1,100,35.234
1738264111.326049,382585.000,57313,1,T1,1,100,35.243
1738264111.459054,382718.000,57343,1,T1,1,100,35.282
1738264111.592059,382851.000,57360,1,T1,1,100,35.264
1738264111.726064,382985.000,57375,1,T1,1,100,35.292
1738264111.859069,383118.000,57391,1,T1,1,100,35.410
1738264111.992074,383251.000,57424,1,T1,1,100,35.355
1738264112.126079,383385.000,57439,1,T1,1,100,35.331
1738264112.259084,383518.000,57456,1,T1,1,100,35.320
1738264112.392089,383651.000,57486,1,T1,1,100,35.387
1738264112.526094,383785.000,57503,1,T1,1,100,35.345
1738264112.659099,383918.000,57520,1,T1,1,100,35.362
1738264112.792104,384051.000,57550,1,T1,1,100,35.405
1738264112.925109,384184.000,57566,1,T1,1,100,35.317
1738264113.059114,384318.000,57582,1,T1,1,100,35.350
1738264113.192120,384451.000,57613,1,T1,1,100,35.293
1738264113.325125,384584.000,57630,1,T1,1,100,35.233
1738264113.459130,384718.000,57646,1,T1,1,100,35.278
1738264113.592135,384851.000,57677,1,T1,1,100,35.227
1738264113.725140,384984.000,57692,1,T1,1,100,35.204
1738264113.859145,385118.000,57708,1,T1,1,100,35.230
1738264113.992150,385251.000,57724,1,T1,1,100,35.277
1738264114.125155,385384.000,57756,1,T1,1,100,35.297
1738264114.259160,385518.000,57773,1,T1,1,100,35.270
1738264114.392165,385651.000,57788,1,T1,1,100,35.259
1738264114.525170,385784.000,57819,1,T1,1,100,35.289
1738264114.659175,385918.000,57835,1,T1,1,100,35.232
1738264114.792180,386051.000,57850,1,T1,1,100,35.348
1738264114.925185,386184.000,57881,1,T1,1,100,35.399
1738264115.059190,386318.000,57897,1,T1,1,100,35.350
1738264115.192195,386451.000,57912,1,T1,1,100,35.364
1738264115.325200,386584.000,57943,1,T1,1,100,35.406
1738264115.459205,386718.000,57959,1,T1,1,100,35.459
1738264115.592211,386851.000,57975,1,T1,1,100,35.411
1738264115.725216,386984.000,57996,1,T1,1,100,35.391
1738264115.858221,387117.000,58011,1,T1,1,100,35.382
1738264115.992226,387251.000,58042,1,T1,1,100,35.413
1738264116.125231,387384.000,58058,1,T1,1,100,35.321
1738264116.259236,387518.000,58076,1,T1,1,100,35.352
1738264116.392241,387651.000,58106,1,T1,1,100,35.365
1738264116.525246,387784.000,58122,1,T1,1,100,35.442
1738264116.658251,387917.000,58138,1,T1,1,100,35.297
1738264116.792256,388051.000,58154,1,T1,1,100,35.341
1738264116.925261,388184.000,58185,1,T1,1,100,35.325
1738264117.058266,388317.000,58202,1,T1,1,100,35.282
1738264117.192271,388451.000,58218,1,T1,1,100,35.264
1738264117.325276,388584.000,58249,1,T1,1,100,35.292
1738264117.458281,388717.000,58264,1,T1,1,100,35.303
1738264117.592286,388851.000,58283,1,T1,1,100,35.379
1738264117.725291,388984.000,58313,1,T1,1,100,35.412
1738264117.858296,389117.000,58328,1,T1,1,100,35.320
1738264117.992301,389251.000,58345,1,T1,1,100,35.387
1738264118.125307,389384.000,58375,1,T1,1,100,35.451
1738264118.258312,389517.000,58391,1,T1,1,100,35.408
1738264118.392317,389651.000,58409,1,T1,1,100,35.389
1738264118.525322,389784.000,58424,1,T1,1,100,35.310
1738264118.658327,389917.000,58455,1,T1,1,100,35.347
1738264118.792332,390051.000,58471,1,T1,1,100,35.292
1738264118.925337,390184.000,58486,1,T1,1,100,35.233
1738264119.058342,390317.000,58519,1,T1,1,100,35.278
1738264119.191347,390450.000,58535,1,T1,1,100,35.333
1738264119.325352,390584.000,58551,1,T1,1,100,35.357
1738264119.458357,390717.000,58581,1,T1,1,100,35.296
1738264119.591362,390850.000,58598,1,T1,1,100,35.305
1738264119.725367,390984.000,58613,1,T1,1,100,35.274
1738264119.858372,391117.000,58644,1,T1,1,100,35.296
1738264119.991377,391250.000,58660,1,T1,1,100,35.305
1738264120.125382,391384.000,58675,1,T1,1,100,35.309
1738264120.258388,391517.000,58706,1,T1,1,100,35.311
1738264120.391392,391650.000,58722,1,T1,1,100,35.312
1738264120.525398,391784.000,58737,1,T1,1,100,35.277
1738264120.658403,391917.000,58768,1,T1,1,100,35.333
1738264120.791408,392050.000,58789,1,T1,1,100,35.357
1738264120.925413,392184.000,58805,1,T1,1,100,35.261
1738264121.058418,392317.000,58821,1,T1,1,100,35.219
1738264121.191423,392450.000,58836,1,T1,1,100,35.272
1738264121.325428,392584.000,58867,1,T1,1,100,35.295
1738264121.458433,392717.000,58885,1,T1,1,100,35.411
1738264121.591438,392850.000,58901,1,T1,1,100,35.355
1738264121.725443,392984.000,58931,1,T1,1,100,35.402
1738264121.858448,393117.000,58947,1,T1,1,100,35.458
1738264121.991453,393250.000,58963,1,T1,1,100,35.446
1738264122.125458,393384.000,58979,1,T1,1,100,35.406
1738264122.258463,393517.000,59010,1,T1,1,100,35.495
1738264122.391468,393650.000,59025,1,T1,1,100,35.462
1738264122.525474,393784.000,59041,1,T1,1,100,35.413
1738264122.658478,393917.000,59072,1,T1,1,100,35.356
1738264122.791484,394050.000,59087,1,T1,1,100,35.367
1738264122.924489,394183.000,59104,1,T1,1,100,35.336
1738264123.058494,394317.000,59134,1,T1,1,100,35.287
1738264123.191499,394450.000,59149,1,T1,1,100,35.266
1738264123.324504,394583.000,59168,1,T1,1,100,35.363
1738264123.458509,394717.000,59200,1,T1,1,100,35.299
1738264123.591514,394850.000,59216,1,T1,1,100,35.342
1738264123.724519,394983.000,59232,1,T1,1,100,35.361
1738264123.858524,395117.000,59263,1,T1,1,100,35.333
1738264123.991529,395250.000,59278,1,T1,1,100,35.357
1738264124.124534,395383.000,59294,1,T1,1,100,35.296
1738264124.258539,395517.000,59309,1,T1,1,100,35.305
1738264124.391544,395650.000,59340,1,T1,1,100,35.309
1738264124.524549,395783.000,59356,1,T1,1,100,35.276
1738264124.658554,395917.000,59372,1,T1,1,100,35.368
1738264124.791559,396050.000,59402,1,T1,1,100,35.443
1738264124.924564,396183.000,59419,1,T1,1,100,35.475
1738264125.058569,396317.000,59434,1,T1,1,100,35.418
1738264125.191575,396450.000,59467,1,T1,1,100,35.429
1738264125.324580,396583.000,59483,1,T1,1,100,35.398
1738264125.458585,396717.000,59498,1,T1,1,100,35.456
1738264125.591590,396850.000,59529,1,T1,1,100,35.375
1738264125.724595,396983.000,59545,1,T1,1,100,35.304
1738264125.857600,397116.000,59560,1,T1,1,100,35.380
1738264125.991605,397250.000,59582,1,T1,1,100,35.306
1738264126.124610,397383.000,59597,1,T1,1,100,35.345
1738264126.257615,397516.000,59628,1,T1,1,100,35.398
1738264126.391620,397650.000,59644,1,T1,1,100,35.385
1738264126.524625,397783.000,59659,1,T1,1,100,35.379
1738264126.657630,397916.000,59690,1,T1,1,100,35.377
1738264126.791635,398050.000,59706,1,T1,1,100,35.305
1738264126.924640,398183.000,59722,1,T1,1,100,35.309
1738264127.057645,398316.000,59752,1,T1,1,100,35.311
1738264127.191650,398450.000,59768,1,T1,1,100,35.347
1738264127.324656,398583.000,59784,1,T1,1,100,35.328
1738264127.457660,398716.000,59814,1,T1,1,100,35.390
1738264127.591666,398850.000,59831,1,T1,1,100,35.381
1738264127.724671,398983.000,59846,1,T1,1,100,35.378
1738264127.857676,399116.000,59862,1,T1,1,100,35.376
1738264127.991681,399250.000,59893,1,T1,1,100,35.411
1738264128.124686,399383.000,59908,1,T1,1,100,35.391
1738264128.257691,399516.000,59925,1,T1,1,100,35.346
1738264128.391696,399650.000,59957,1,T1,1,100,35.433
1738264128.524701,399783.000,59972,1,T1,1,100,35.436
1738264128.657706,399916.000,59989,1,T1,1,100,35.401
1738264128.791711,400050.000,60019,1,T1,1,100,35.422
1738264128.924716,400183.000,60035,1,T1,1,100,35.466
1738264129.057721,400316.000,60051,1,T1,1,100,35.485
1738264129.190726,400449.000,60082,1,T1,1,100,35.423
1738264129.324731,400583.000,60097,1,T1,1,100,35.360
1738264129.457736,400716.000,60113,1,T1,1,100,35.440
1738264129.590741,400849.000,60144,1,T1,1,100,35.509
1738264129.724746,400983.000,60159,1,T1,1,100,35.398
1738264129.857752,401116.000,60175,1,T1,1,100,35.314
1738264129.990757,401249.000,60191,1,T1,1,100,35.384
1738264130.124762,401383.000,60221,1,T1,1,100,35.379
1738264130.257767,401516.000,60238,1,T1,1,100,35.377
1738264130.390772,401649.000,60253,1,T1,1,100,35.447
1738264130.524777,401783.000,60284,1,T1,1,100,35.441
1738264130.657782,401916.000,60300,1,T1,1,100,35.404
1738264130.790787,402049.000,60315,1,T1,1,100,35.458
1738264130.924792,402183.000,60346,1,T1,1,100,35.447
1738264131.057797,402316.000,60367,1,T1,1,100,35.477
1738264131.190802,402449.000,60382,1,T1,1,100,35.490
1738264131.324807,402583.000,60399,1,T1,1,100,35.389
1738264131.457812,402716.000,60429,1,T1,1,100,35.310
1738264131.590817,402849.000,60445,1,T1,1,100,35.489
1738264131.724822,402983.000,60461,1,T1,1,100,35.531
1738264131.857827,403116.000,60476,1,T1,1,100,35.442
1738264131.990832,403249.000,60507,1,T1,1,100,35.440
1738264132.124838,403383.000,60523,1,T1,1,100,35.474
1738264132.257843,403516.000,60539,1,T1,1,100,35.524
1738264132.390848,403649.000,60569,1,T1,1,100,35.475
1738264132.523853,403782.000,60585,1,T1,1,100,35.418
1738264132.657858,403916.000,60601,1,T1,1,100,35.429
1738264132.790863,404049.000,60633,1,T1,1,100,35.398
1738264132.923868,404182.000,60650,1,T1,1,100,35.385
1738264133.057873,404316.000,60665,1,T1,1,100,35.415
1738264133.190878,404449.000,60696,1,T1,1,100,35.463
1738264133.323883,404582.000,60714,1,T1,1,100,35.484
1738264133.457888,404716.000,60729,1,T1,1,100,35.387
1738264133.590893,404849.000,60760,1,T1,1,100,35.451
1738264133.723898,404982.000,60776,1,T1,1,100,35.443
1738264133.857903,405116.000,60791,1,T1,1,100,35.405
1738264133.990908,405249.000,60808,1,T1,1,100,35.459
1738264134.123913,405382.000,60838,1,T1,1,100,35.447
1738264134.257918,405516.000,60854,1,T1,1,100,35.477
1738264134.390924,405649.000,60870,1,T1,1,100,35.419
1738264134.523928,405782.000,60903,1,T1,1,100,35.394
1738264134.657934,405916.000,60918,1,T1,1,100,35.454
1738264134.790939,406049.000,60934,1,T1,1,100,35.516
1738264134.923944,406182.000,60965,1,T1,1,100,35.365
1738264135.057949,406316.000,60980,1,T1,1,100,35.300
1738264135.190954,406449.000,60996,1,T1,1,100,35.413
1738264135.323959,406582.000,61027,1,T1,1,100,35.463
1738264135.457964,406716.000,61042,1,T1,1,100,35.448
1738264135.590969,406849.000,61059,1,T1,1,100,35.478
1738264135.723974,406982.000,61089,2,T1,1,100,35.490
1738264135.856979,407115.000,61089,2,T1,1,100,35.389
1738264135.990984,407249.000,61122,1,T1,1,100,35.310
1738264136.123989,407382.000,61142,1,T1,1,100,35.276
1738264136.256994,407515.000,61159,1,T1,1,100,35.474
1738264136.390999,407649.000,61174,1,T1,1,100,35.418
1738264136.524004,407782.000,61190,1,T1,1,100,35.535
1738264136.657009,407915.000,61208,1,T1,1,100,35.444
1738264136.791014,408049.000,61238,1,T1,1,100,35.440
1738264136.924020,408182.000,61255,1,T1,1,100,35.403
1738264137.057024,408315.000,61270,1,T1,1,100,35.423
1738264137.191030,408449.000,61301,1,T1,1,100,35.396
1738264137.324035,408582.000,61317,1,T1,1,100,35.384
1738264137.457040,408715.000,61332,1,T1,1,100,35.414
1738264137.591045,408849.000,61363,1,T1,1,100,35.357
1738264137.724050,408982.000,61379,1,T1,1,100,35.261
1738264137.857055,409115.000,61394,1,T1,1,100,35.361
1738264137.991060,409249.000,61425,1,T1,1,100,35.369
1738264138.124065,409382.000,61441,1,T1,1,100,35.301
1738264138.257070,409515.000,61457,1,T1,1,100,35.379
1738264138.391075,409649.000,61489,1,T1,1,100,35.518
1738264138.524080,409782.000,61505,1,T1,1,100,35.543
1738264138.657085,409915.000,61521,1,T1,1,100,35.483
1738264138.791090,410049.000,61537,1,T1,1,100,35.493
1738264138.924095,410182.000,61568,1,T1,1,100,35.532
1738264139.057101,410315.000,61583,1,T1,1,100,35.514
1738264139.190105,410448.000,61599,1,T1,1,100,35.542
1738264139.324111,410582.000,61630,1,T1,1,100,35.412
1738264139.457116,410715.000,61645,1,T1,1,100,35.497
1738264139.590121,410848.000,61662,1,T1,1,100,35.499
1738264139.724126,410982.000,61692,1,T1,1,100,35.393
1738264139.857131,411115.000,61707,1,T1,1,100,35.454
1738264139.990136,411248.000,61724,1,T1,1,100,35.515
1738264140.124141,411382.000,61754,1,T1,1,100,35.436
1738264140.257146,411515.000,61770,1,T1,1,100,35.437
1738264140.390151,411648.000,61786,1,T1,1,100,35.544
1738264140.524156,411782.000,61817,1,T1,1,100,35.377
1738264140.657161,411915.000,61832,1,T1,1,100,35.411
1738264140.790166,412048.000,61848,1,T1,1,100,35.426
1738264140.924171,412182.000,61863,1,T1,1,100,35.397
1738264141.057176,412315.000,61894,1,T1,1,100,35.420
1738264141.190181,412448.000,61910,1,T1,1,100,35.359
1738264141.324186,412582.000,61932,1,T1,1,100,35.333
1738264141.457191,412715.000,61947,1,T1,1,100,35.428
1738264141.590197,412848.000,61965,1,T1,1,100,35.433
1738264141.724202,412982.000,61996,1,T1,1,100,35.471
1738264141.857207,413115.000,62011,1,T1,1,100,35.487
1738264141.990212,413248.000,62028,1,T1,1,100,35.459
1738264142.124217,413382.000,62058,1,T1,1,100,35.518
1738264142.257222,413515.000,62074,1,T1,1,100,35.579
1738264142.390227,413648.000,62090,1,T1,1,100,35.534
1738264142.523232,413781.000,62121,1,T1,1,100,35.550
1738264142.657237,413915.000,62136,1,T1,1,100,35.451
1738264142.790242,414048.000,62152,1,T1,1,100,35.514
1738264142.923247,414181.000,62185,1,T1,1,100,35.506
1738264143.057252,414315.000,62200,1,T1,1,100,35.503
1738264143.190257,414448.000,62216,1,T1,1,100,35.466
1738264143.323262,414581.000,62249,1,T1,1,100,35.379
1738264143.457267,414715.000,62264,1,T1,1,100,35.448
1738264143.590272,414848.000,62283,1,T1,1,100,35.477
1738264143.723277,414981.000,62298,1,T1,1,100,35.384
1738264143.857282,415115.000,62331,1,T1,1,100,35.308
1738264143.990288,415248.000,62347,1,T1,1,100,35.381
1738264144.123292,415381.000,62362,1,T1,1,100,35.484
1738264144.257298,415515.000,62393,1,T1,1,100,35.493
1738264144.390303,415648.000,62409,1,T1,1,100,35.462
1738264144.523308,415781.000,62426,1,T1,1,100,35.448
1738264144.657313,415915.000,62457,1,T1,1,100,35.477
1738264144.790318,416048.000,62473,1,T1,1,100,35.455
1738264144.923323,416181.000,62489,1,T1,1,100,35.410
1738264145.057328,416315.000,62523,1,T1,1,100,35.425
1738264145.190333,416448.000,62539,1,T1,1,100,35.432
1738264145.323338,416581.000,62555,1,T1,1,100,35.471
1738264145.457343,416715.000,62585,1,T1,1,100,35.523
1738264145.590348,416848.000,62602,1,T1,1,100,35.474
1738264145.723353,416981.000,62617,1,T1,1,100,35.453
1738264145.856358,417114.000,62633,1,T1,1,100,35.444
1738264145.990363,417248.000,62664,1,T1,1,100,35.405
1738264146.123369,417381.000,62679,1,T1,1,100,35.494
1738264146.257374,417515.000,62696,1,T1,1,100,35.498
1738264146.390378,417648.000,62729,1,T1,1,100,35.534
1738264146.523384,417781.000,62745,1,T1,1,100,35.409
1738264146.656389,417914.000,62761,1,T1,1,100,35.531
1738264146.790394,418048.000,62778,1,T1,1,100,35.443
1738264146.923399,418181.000,62794,1,T1,1,100,35.475
1738264147.056404,418314.000,62825,1,T1,1,100,35.418
1738264147.190409,418448.000,62840,1,T1,1,100,35.465
1738264147.323414,418581.000,62857,1,T1,1,100,35.449
1738264147.456419,418714.000,62887,1,T1,1,100,35.443
1738264147.590424,418848.000,62903,1,T1,1,100,35.404
1738264147.723429,418981.000,62919,1,T1,1,100,35.494
1738264147.856434,419114.000,62950,1,T1,1,100,35.497
1738264147.990439,419248.000,62965,1,T1,1,100,35.428
1738264148.123444,419381.000,62981,1,T1,1,100,35.398
1738264148.256449,419514.000,63014,1,T1,1,100,35.456
1738264148.390454,419648.000,63029,1,T1,1,100,35.445
1738264148.523459,419781.000,63045,1,T1,1,100,35.441
1738264148.656465,419914.000,63061,1,T1,1,100,35.333
1738264148.790470,420048.000,63093,1,T1,1,100,35.392
1738264148.923475,420181.000,63110,1,T1,1,100,35.453
1738264149.056480,420314.000,63125,1,T1,1,100,35.409
1738264149.190485,420448.000,63156,1,T1,1,100,35.461
1738264149.323490,420581.000,63172,1,T1,1,100,35.554
1738264149.456495,420714.000,63189,1,T1,1,100,35.452
1738264149.589500,420847.000,63222,1,T1,1,100,35.408
1738264149.723505,420981.000,63240,1,T1,1,100,35.389
1738264149.856510,421114.000,63255,1,T1,1,100,35.417
1738264149.989515,421247.000,63286,1,T1,1,100,35.358
1738264150.123520,421381.000,63304,1,T1,1,100,35.403
1738264150.256525,421514.000,63320,1,T1,1,100,35.529
1738264150.389530,421647.000,63350,1,T1,1,100,35.513
1738264150.523535,421781.000,63366,1,T1,1,100,35.505
1738264150.656540,421914.000,63386,1,T1,1,100,35.538
1738264150.789545,422047.000,63416,1,T1,1,100,35.587
1738264150.923550,422181.000,63433,1,T1,1,100,35.573
1738264151.056556,422314.000,63448,1,T1,1,100,35.461
1738264151.189561,422447.000,63464,1,T1,1,100,35.448
1738264151.323566,422581.000,63495,1,T1,1,100,35.513
1738264151.456571,422714.000,63510,1,T1,1,100,35.364
1738264151.589576,422847.000,63534,1,T1,1,100,35.406
1738264151.723581,422981.000,63549,1,T1,1,100,35.495
1738264151.856586,423114.000,63565,1,T1,1,100,35.498
1738264151.989591,423247.000,63596,1,T1,1,100,35.570
1738264152.123596,423381.000,63611,1,T1,1,100,35.530
1738264152.256601,423514.000,63628,1,T1,1,100,35.442
1738264152.389606,423647.000,63658,1,T1,1,100,35.475
1738264152.522611,423780.000,63673,1,T1,1,100,35.525
1738264152.656616,423914.000,63690,1,T1,1,100,35.440
1738264152.789621,424047.000,63722,1,T1,1,100,35.438
1738264152.922626,424180.000,63740,1,T1,1,100,35.509
1738264153.056631,424314.000,63756,1,T1,1,100,35.433
1738264153.189636,424447.000,63771,1,T1,1,100,35.400
1738264153.322641,424580.000,63806,1,T1,1,100,35.386
1738264153.456646,424714.000,63822,1,T1,1,100,35.486
1738264153.589652,424847.000,63838,1,T1,1,100,35.494
1738264153.722657,424980.000,63868,1,T1,1,100,35.462
1738264153.856662,425114.000,63884,1,T1,1,100,35.484
1738264153.989667,425247.000,63900,1,T1,1,100,35.457
1738264154.122672,425380.000,63930,1,T1,1,100,35.517
1738264154.256677,425514.000,63947,1,T1,1,100,35.507
1738264154.389682,425647.000,63962,1,T1,1,100,35.503
1738264154.522687,425780.000,63993,1,T1,1,100,35.501
1738264154.656692,425914.000,64009,1,T1,1,100,35.501
1738264154.789697,426047.000,64024,1,T1,1,100,35.500
1738264154.922702,426180.000,64055,1,T1,1,100,35.500
1738264155.056707,426314.000,64073,1,T1,1,100,35.500
1738264155.189712,426447.000,64088,1,T1,1,100,35.500
1738264155.322717,426580.000,64105,1,T1,1,100,35.465
1738264155.456722,426714.000,64135,1,T1,1,100,35.520
1738264155.589727,426847.000,64153,1,T1,1,100,35.509
1738264155.722733,426980.000,64169,1,T1,1,100,35.504
1738264155.856738,427114.000,64202,1,T1,1,100,35.502
1738264155.989743,427247.000,64217,1,T1,1,100,35.572
1738264156.122748,427380.000,64233,1,T1,1,100,35.602
1738264156.255753,427513.000,64266,1,T1,1,100,35.544
1738264156.389758,427647.000,64281,1,T1,1,100,35.519
1738264156.522763,427780.000,64297,1,T1,1,100,35.508
1738264156.656268,427913.500,64333,2,T1,1,100,35.433
1738264156.789773,428047.000,64333,2,T1,1,100,35.471
1738264156.922778,428180.000,64364,1,T1,1,100,35.381
1738264157.055783,428313.000,64379,1,T1,1,100,35.413
1738264157.189788,428447.000,64395,1,T1,1,100,35.427
1738264157.322793,428580.000,64426,1,T1,1,100,35.397
1738264157.455798,428713.000,64441,1,T1,1,100,35.456
1738264157.589803,428847.000,64458,1,T1,1,100,35.516
1738264157.722808,428980.000,64488,1,T1,1,100,35.542
1738264157.855813,429113.000,64503,1,T1,1,100,35.447
1738264157.989818,429247.000,64520,1,T1,1,100,35.442
1738264158.122823,429380.000,64552,1,T1,1,100,35.404
1738264158.255829,429513.000,64568,1,T1,1,100,35.317
1738264158.389834,429647.000,64586,1,T1,1,100,35.350
1738264158.522839,429780.000,64603,1,T1,1,100,35.506
1738264158.655844,429913.000,64634,1,T1,1,100,35.609
1738264158.789849,430047.000,64650,1,T1,1,100,35.583
1738264158.922854,430180.000,64665,1,T1,1,100,35.500
1738264159.055859,430313.000,64698,1,T1,1,100,35.465
1738264159.188864,430446.000,64714,1,T1,1,100,35.556
1738264159.322869,430580.000,64730,1,T1,1,100,35.560
1738264159.455874,430713.000,64760,1,T1,1,100,35.490
1738264159.589879,430847.000,64777,1,T1,1,100,35.496
1738264159.722884,430980.000,64792,1,T1,1,100,35.534
1738264159.855889,431113.000,64825,1,T1,1,100,35.515
1738264159.988894,431246.000,64841,1,T1,1,100,35.400
1738264160.122899,431380.000,64858,1,T1,1,100,35.421
1738264160.255904,431513.000,64891,1,T1,1,100,35.430
1738264160.388909,431646.000,64907,1,T1,1,100,35.434
1738264160.522914,431780.000,64922,1,T1,1,100,35.472
1738264160.655920,431913.000,64955,1,T1,1,100,35.417
1738264160.788925,432046.000,64971,1,T1,1,100,35.429
1738264160.922930,432180.000,64989,1,T1,1,100,35.434
1738264161.055935,432313.000,65005,1,T1,1,100,35.471
1738264161.188940,432446.000,65035,1,T1,1,100,35.488
1738264161.322945,432580.000,65051,1,T1,1,100,35.530
1738264161.455950,432713.000,65069,1,T1,1,100,35.478
1738264161.588955,432846.000,65100,1,T1,1,100,35.455
1738264161.722960,432980.000,65115,1,T1,1,100,35.480
1738264161.855965,433113.000,65134,1,T1,1,100,35.492
1738264161.988970,433246.000,65150,1,T1,1,100,35.532
1738264162.122975,433380.000,65180,1,T1,1,100,35.443
1738264162.255980,433513.000,65197,1,T1,1,100,35.511
1738264162.388985,433646.000,65212,1,T1,1,100,35.540
1738264162.522990,433780.000,65228,1,T1,1,100,35.588
1738264162.655995,433913.000,65259,1,T1,1,100,35.609
1738264162.789001,434046.000,65274,1,T1,1,100,35.618
1738264162.923006,434180.000,65291,1,T1,1,100,35.622
1738264163.056010,434313.000,65321,1,T1,1,100,35.659
1738264163.189016,434446.000,65336,1,T1,1,100,35.462
1738264163.322021,434579.000,65355,1,T1,1,100,35.555
1738264163.456026,434713.000,65385,1,T1,1,100,35.595
1738264163.589031,434846.000,65401,1,T1,1,100,35.470
1738264163.722036,434979.000,65417,1,T1,1,100,35.487
1738264163.856041,435113.000,65448,1,T1,1,100,35.565
1738264163.989046,435246.000,65463,1,T1,1,100,35.493
1738264164.122051,435379.000,65481,1,T1,1,100,35.497
1738264164.256056,435513.000,65512,1,T1,1,100,35.428
1738264164.389061,435646.000,65527,1,T1,1,100,35.469
1738264164.522066,435779.000,7,1,T1,1,100,35.486
1738264164.656071,435913.000,23,1,T1,1,100,35.423
1738264164.789076,436046.000,53,1,T1,1,100,35.538
1738264164.922081,436179.000,70,1,T1,1,100,35.516
1738264165.056086,436313.000,85,1,T1,1,100,35.472
1738264165.189091,436446.000,116,1,T1,1,100,35.559
1738264165.322097,436579.000,132,1,T1,1,100,35.561
1738264165.456102,436713.000,149,1,T1,1,100,35.597
1738264165.589107,436846.000,180,1,T1,1,100,35.542
1738264165.722112,436979.000,196,1,T1,1,100,35.518
1738264165.855117,437112.000,211,1,T1,1,100,35.614
1738264165.989122,437246.000,242,1,T1,1,100,35.549
1738264166.122127,437379.000,258,1,T1,1,100,35.521
1738264166.255132,437512.000,274,1,T1,1,100,35.509
1738264166.389137,437646.000,306,1,T1,1,100,35.610
1738264166.522142,437779.000,322,1,T1,1,100,35.583
1738264166.655147,437912.000,338,1,T1,1,100,35.465
1738264166.789152,438046.000,354,1,T1,1,100,35.485
1738264166.922157,438179.000,390,1,T1,1,100,35.493
1738264167.055162,438312.000,405,1,T1,1,100,35.426
1738264167.189167,438446.000,423,1,T1,1,100,35.504
1738264167.322172,438579.000,456,1,T1,1,100,35.431
1738264167.455177,438712.000,471,1,T1,1,100,35.505
1738264167.589182,438846.000,488,1,T1,1,100,35.502
1738264167.722188,438979.000,522,1,T1,1,100,35.466
1738264167.855193,439112.000,537,1,T1,1,100,35.521
1738264167.989198,439246.000,554,1,T1,1,100,35.615
1738264168.122203,439379.000,569,1,T1,1,100,35.550
1738264168.255208,439512.000,586,1,T1,1,100,35.592
1738264168.389213,439646.000,618,1,T1,1,100,35.505
1738264168.522218,439779.000,633,1,T1,1,100,35.502
1738264168.655223,439912.000,652,1,T1,1,100,35.572
1738264168.788228,440045.000,682,1,T1,1,100,35.567
1738264168.922233,440179.000,700,1,T1,1,100,35.493
1738264169.055238,440312.000,716,1,T1,1,100,35.533
1738264169.188243,440445.000,749,1,T1,1,100,35.514
1738264169.322248,440579.000,764,1,T1,1,100,35.506
1738264169.455253,440712.000,780,1,T1,1,100,35.574
1738264169.588258,440845.000,795,1,T1,1,100,35.496
1738264169.722263,440979.000,826,1,T1,1,100,35.463
1738264169.855268,441112.000,842,1,T1,1,100,35.519
1738264169.988273,441245.000,858,1,T1,1,100,35.544
1738264170.122278,441379.000,888,1,T1,1,100,35.590
1738264170.255284,441512.000,905,1,T1,1,100,35.468
1738264170.388289,441645.000,920,1,T1,1,100,35.486
1738264170.522294,441779.000,951,1,T1,1,100,35.565
1738264170.655299,441912.000,969,1,T1,1,100,35.564
1738264170.788304,442045.000,984,1,T1,1,100,35.563
1738264170.922309,442179.000,1015,1,T1,1,100,35.527
1738264171.055314,442312.000,1031,1,T1,1,100,35.476
1738264171.188319,442445.000,1046,1,T1,1,100,35.490
1738264171.322324,442579.000,1077,1,T1,1,100,35.566
1738264171.455329,442712.000,1093,1,T1,1,100,35.529
1738264171.588334,442845.000,1109,1,T1,1,100,35.583
1738264171.722339,442979.000,1139,1,T1,1,100,35.572
1738264171.855344,443112.000,1155,1,T1,1,100,35.566
1738264171.988349,443245.000,1171,1,T1,1,100,35.564
1738264172.122355,443379.000,1192,1,T1,1,100,35.634
1738264172.255359,443512.000,1223,1,T1,1,100,35.558
1738264172.388365,443645.000,1238,1,T1,1,100,35.561
1738264172.522370,443779.000,1254,1,T1,1,100,35.526
1738264172.655375,443912.000,1285,1,T1,1,100,35.582
1738264172.788380,444045.000,1300,1,T1,1,100,35.571
1738264172.921385,444178.000,1317,1,T1,1,100,35.566
1738264173.055390,444312.000,1347,1,T1,1,100,35.458
1738264173.188395,444445.000,1362,1,T1,1,100,35.553
1738264173.321400,444578.000,1381,1,T1,1,100,35.558
1738264173.455405,444712.000,1411,1,T1,1,100,35.561
1738264173.588410,444845.000,1427,1,T1,1,100,35.455
1738264173.721415,444978.000,1443,1,T1,1,100,35.552
1738264173.855420,445112.000,1474,1,T1,1,100,35.522
1738264173.988425,445245.000,1489,1,T1,1,100,35.581
1738264174.121430,445378.000,1505,1,T1,1,100,35.606
1738264174.255435,445512.000,1520,1,T1,1,100,35.617
1738264174.388440,445645.000,1551,1,T1,1,100,35.586
1738264174.521445,445778.000,1567,1,T1,1,100,35.466
1738264174.655451,445912.000,1585,1,T1,1,100,35.485
1738264174.788455,446045.000,1615,1,T1,1,100,35.565
1738264174.921461,446178.000,1632,1,T1,1,100,35.563
1738264175.055466,446312.000,1647,1,T1,1,100,35.492
1738264175.188471,446445.000,1678,1,T1,1,100,35.497
1738264175.321476,446578.000,1694,1,T1,1,100,35.569
1738264175.455481,446712.000,1709,1,T1,1,100,35.601
1738264175.588486,446845.000,1740,1,T1,1,100,35.579
1738264175.721491,446978.000,1756,1,T1,1,100,35.641
1738264175.855496,447112.000,1771,1,T1,1,100,35.596
1738264175.988501,447245.000,1788,1,T1,1,100,35.613
1738264176.121506,447378.000,1818,1,T1,1,100,35.549
1738264176.254511,447511.000,1834,1,T1,1,100,35.592
1738264176.388516,447645.000,1850,1,T1,1,100,35.611
1738264176.521521,447778.000,1883,1,T1,1,100,35.512
1738264176.654526,447911.000,1898,1,T1,1,100,35.505
1738264176.788531,448045.000,1914,1,T1,1,100,35.573
1738264176.921536,448178.000,1945,1,T1,1,100,35.603
1738264177.054541,448311.000,1960,1,T1,1,100,35.580
1738264177.188546,448445.000,1981,1,T1,1,100,35.499
1738264177.321552,448578.000,2012,1,T1,1,100,35.606
1738264177.454557,448711.000,2027,1,T1,1,100,35.581
1738264177.588562,448845.000,2046,1,T1,1,100,35.571
1738264177.721567,448978.000,2076,1,T1,1,100,35.460
1738264177.854572,449111.000,2091,1,T1,1,100,35.553
1738264177.988577,449245.000,2108,1,T1,1,100,35.559
1738264178.121582,449378.000,2123,1,T1,1,100,35.596
1738264178.254587,449511.000,2154,1,T1,1,100,35.577
1738264178.388592,449645.000,2172,1,T1,1,100,35.569
1738264178.521597,449778.000,2187,1,T1,1,100,35.565
1738264178.654602,449911.000,2220,1,T1,1,100,35.528
1738264178.788607,450045.000,2236,1,T1,1,100,35.548
1738264178.921612,450178.000,2252,1,T1,1,100,35.627
1738264179.054617,450311.000,2282,1,T1,1,100,35.590
1738264179.187622,450444.000,2298,1,T1,1,100,35.397
1738264179.321627,450578.000,2316,1,T1,1,100,35.456
1738264179.454633,450711.000,2346,1,T1,1,100,35.516
1738264179.588638,450845.000,2363,1,T1,1,100,35.613
1738264179.721642,450978.000,2378,1,T1,1,100,35.620
1738264179.854648,451111.000,2411,1,T1,1,100,35.623
1738264179.987653,451244.000,2427,1,T1,1,100,35.695
1738264180.121658,451378.000,2442,1,T1,1,100,35.691
1738264180.254663,451511.000,2458,1,T1,1,100,35.618
1738264180.387668,451644.000,2489,1,T1,1,100,35.551
1738264180.521673,451778.000,2504,1,T1,1,100,35.558
1738264180.654678,451911.000,2521,1,T1,1,100,35.596
1738264180.787683,452044.000,2551,1,T1,1,100,35.577
1738264180.921688,452178.000,2567,1,T1,1,100,35.604
1738264181.054693,452311.000,2583,1,T1,1,100,35.581
1738264181.187698,452444.000,2616,1,T1,1,100,35.570
1738264181.321703,452578.000,2631,1,T1,1,100,35.601
1738264181.454708,452711.000,2647,1,T1,1,100,35.544
1738264181.587713,452844.000,2678,1,T1,1,100,35.590
1738264181.721719,452978.000,2693,1,T1,1,100,35.574
1738264181.854723,453111.000,2709,1,T1,1,100,35.603
1738264181.987729,453244.000,2725,1,T1,1,100,35.616
1738264182.121734,453378.000,2757,1,T1,1,100,35.656
1738264182.254739,453511.000,2779,1,T1,1,100,35.674
1738264182.387744,453644.000,2794,1,T1,1,100,35.575
1738264182.520749,453777.000,2825,1,T1,1,100,35.639
1738264182.654754,453911.000,2841,1,T1,1,100,35.560
1738264182.787759,454044.000,2856,1,T1,1,100,35.597
1738264182.920764,454177.000,2887,1,T1,1,100,35.542
1738264183.054769,454311.000,2903,1,T1,1,100,35.554
1738264183.187774,454444.000,2918,1,T1,1,100,35.594
1738264183.320779,454577.000,2951,1,T1,1,100,35.541
1738264183.454784,454711.000,2967,1,T1,1,100,35.482
1738264183.587789,454844.000,2983,1,T1,1,100,35.634
1738264183.720794,454977.000,3013,1,T1,1,100,35.593
1738264183.854799,455111.000,3029,1,T1,1,100,35.682
1738264183.987804,455244.000,3045,1,T1,1,100,35.543
1738264184.120809,455377.000,3061,1,T1,1,100,35.625
1738264184.254815,455511.000,3092,1,T1,1,100,35.590
1738264184.387820,455644.000,3107,1,T1,1,100,35.539
1738264184.520825,455777.000,3123,1,T1,1,100,35.517
1738264184.654830,455911.000,3154,1,T1,1,100,35.614
1738264184.787835,456044.000,3169,1,T1,1,100,35.620
1738264184.920840,456177.000,3186,1,T1,1,100,35.587
1738264185.054845,456311.000,3216,1,T1,1,100,35.609
1738264185.187850,456444.000,3231,1,T1,1,100,35.618
1738264185.320855,456577.000,3248,1,T1,1,100,35.657
1738264185.454860,456711.000,3278,1,T1,1,100,35.604
1738264185.587865,456844.000,3296,1,T1,1,100,35.545
1738264185.720870,456977.000,3312,1,T1,1,100,35.697
1738264185.853875,457110.000,3343,1,T1,1,100,35.550
1738264185.987880,457244.000,3358,1,T1,1,100,35.557
1738264186.120885,457377.000,3374,1,T1,1,100,35.489
1738264186.253890,457510.000,3407,1,T1,1,100,35.637
1738264186.387895,457644.000,3422,1,T1,1,100,35.559
1738264186.520900,457777.000,3438,1,T1,1,100,35.597
1738264186.653905,457910.000,3454,1,T1,1,100,35.648
1738264186.787911,458044.000,3484,1,T1,1,100,35.741
1738264186.920916,458177.000,3501,1,T1,1,100,35.640
1738264187.053921,458310.000,3518,1,T1,1,100,35.596
1738264187.187926,458444.000,3549,1,T1,1,100,35.648
1738264187.320931,458577.000,3565,1,T1,1,100,35.670
1738264187.453936,458710.000,3585,1,T1,1,100,35.574
1738264187.587941,458844.000,3618,1,T1,1,100,35.674
1738264187.720946,458977.000,3634,1,T1,1,100,35.646
1738264187.853951,459110.000,3649,1,T1,1,100,35.705
1738264187.987956,459244.000,3682,1,T1,1,100,35.660
1738264188.120961,459377.000,3698,1,T1,1,100,35.534
1738264188.253966,459510.000,3714,1,T1,1,100,35.550
1738264188.387971,459644.000,3746,1,T1,1,100,35.557
1738264188.520976,459777.000,3762,1,T1,1,100,35.525
1738264188.653981,459910.000,3778,1,T1,1,100,35.582
1738264188.787987,460044.000,3810,1,T1,1,100,35.677
1738264188.920991,460177.000,3827,1,T1,1,100,35.612
1738264189.053997,460310.000,3842,1,T1,1,100,35.619
1738264189.188002,460444.000,3858,1,T1,1,100,35.623
1738264189.321007,460577.000,3889,1,T1,1,100,35.695
1738264189.454012,460710.000,3904,1,T1,1,100,35.513
1738264189.588017,460844.000,3921,1,T1,1,100,35.506
1738264189.721022,460977.000,3951,1,T1,1,100,35.609
1738264189.854027,461110.000,3966,1,T1,1,100,35.618
1738264189.987032,461243.000,3985,1,T1,1,100,35.587
1738264190.121037,461377.000,4015,1,T1,1,100,35.573
1738264190.254042,461510.000,4033,1,T1,1,100,35.567
1738264190.387047,461643.000,4049,1,T1,1,100,35.600
1738264190.521052,461777.000,4080,1,T1,1,100,35.614
1738264190.654057,461910.000,4095,1,T1,1,100,35.585
1738264190.787062,462043.000,4111,1,T1,1,100,35.501
1738264190.921067,462177.000,4126,1,T1,1,100,35.571
1738264191.054072,462310.000,4157,1,T1,1,100,35.566
1738264191.187078,462443.000,4173,1,T1,1,100,35.600
1738264191.321083,462577.000,4189,1,T1,1,100,35.649
1738264191.454087,462710.000,4221,1,T1,1,100,35.636
1738264191.587093,462843.000,4238,1,T1,1,100,35.630
1738264191.721098,462977.000,4253,1,T1,1,100,35.521
1738264191.854103,463110.000,4284,1,T1,1,100,35.651
1738264191.987108,463243.000,4300,1,T1,1,100,35.636
1738264192.121113,463377.000,4315,1,T1,1,100,35.701
1738264192.254118,463510.000,4346,1,T1,1,100,35.693
1738264192.387123,463643.000,4362,1,T1,1,100,35.584
1738264192.520128,463776.000,4382,1,T1,1,100,35.678
1738264192.654133,463910.000,4413,1,T1,1,100,35.683
1738264192.787138,464043.000,4429,1,T1,1,100,35.757
1738264192.920143,464176.000,4445,1,T1,1,100,35.788
1738264193.054148,464310.000,4475,1,T1,1,100,35.696
1738264193.187153,464443.000,4491,1,T1,1,100,35.656
1738264193.320158,464576.000,4509,1,T1,1,100,35.532
1738264193.454163,464710.000,4525,1,T1,1,100,35.514
1738264193.587168,464843.000,4558,1,T1,1,100,35.577
1738264193.720174,464976.000,4573,1,T1,1,100,35.533
1738264193.854179,465110.000,4589,1,T1,1,100,35.550
1738264193.987184,465243.000,4620,1,T1,1,100,35.592
1738264194.120189,465376.000,4635,1,T1,1,100,35.682
1738264194.254194,465510.000,4652,1,T1,1,100,35.650
1738264194.387199,465643.000,4682,1,T1,1,100,35.600
1738264194.521204,465777.000,4697,1,T1,1,100,35.579
1738264194.654209,465910.000,4714,1,T1,1,100,35.676
1738264194.787214,466043.000,4744,1,T1,1,100,35.682
1738264194.920219,466176.000,4760,1,T1,1,100,35.614
1738264195.054224,466310.000,4776,1,T1,1,100,35.727
1738264195.187229,466443.000,4807,1,T1,1,100,35.705
1738264195.320234,466576.000,4822,1,T1,1,100,35.695
1738264195.454239,466710.000,4840,1,T1,1,100,35.584
1738264195.587244,466843.000,4855,1,T1,1,100,35.643
1738264195.720249,466976.000,4886,1,T1,1,100,35.668
1738264195.853254,467109.000,4902,1,T1,1,100,35.715
1738264195.987259,467243.000,4918,1,T1,1,100,35.664
1738264196.120265,467376.000,4950,1,T1,1,100,35.606
1738264196.253269,467509.000,4967,1,T1,1,100,35.581
1738264196.387275,467643.000,4982,1,T1,1,100,35.571
1738264196.520280,467776.000,5015,1,T1,1,100,35.531
1738264196.654285,467910.000,5031,1,T1,1,100,35.549
1738264196.787290,468043.000,5046,1,T1,1,100,35.663
1738264196.920295,468176.000,5077,1,T1,1,100,35.570
1738264197.053300,468309.000,5093,1,T1,1,100,35.637
1738264197.187305,468443.000,5108,1,T1,1,100,35.666
1738264197.320310,468576.000,5139,1,T1,1,100,35.607
1738264197.453315,468709.000,5155,1,T1,1,100,35.546
1738264197.587320,468843.000,5176,1,T1,1,100,35.662
1738264197.720325,468976.000,5192,1,T1,1,100,35.747
1738264197.853330,469109.000,5223,1,T1,1,100,35.749
1738264197.987335,469243.000,5238,1,T1,1,100,35.643
1738264198.120340,469376.000,5254,1,T1,1,100,35.633
1738264198.253345,469509.000,5287,1,T1,1,100,35.557
1738264198.387351,469643.000,5302,1,T1,1,100,35.631
1738264198.520355,469776.000,5318,1,T1,1,100,35.628
1738264198.653361,469909.000,5349,1,T1,1,100,35.662
1738264198.787366,470043.000,5364,1,T1,1,100,35.676
1738264198.920371,470176.000,5381,1,T1,1,100,35.683
1738264199.053376,470309.000,5396,1,T1,1,100,35.721
1738264199.187381,470443.000,5426,1,T1,1,100,35.737
1738264199.320386,470576.000,5443,1,T1,1,100,35.674
1738264199.453391,470709.000,5458,1,T1,1,100,35.717
1738264199.587396,470843.000,5489,1,T1,1,100,35.665
1738264199.720401,470976.000,5505,1,T1,1,100,35.749
1738264199.853406,471109.000,5520,1,T1,1,100,35.678
1738264199.986411,471242.000,5551,1,T1,1,100,35.648
1738264200.120416,471376.000,5567,1,T1,1,100,35.564
1738264200.253421,471509.000,5583,1,T1,1,100,35.705
1738264200.386426,471642.000,5615,1,T1,1,100,35.660
1738264200.520431,471776.000,5631,1,T1,1,100,35.640
1738264200.653436,471909.000,5647,1,T1,1,100,35.631
1738264200.786442,472042.000,5667,1,T1,1,100,35.699
1738264200.920447,472176.000,5698,1,T1,1,100,35.657
1738264201.053452,472309.000,5713,1,T1,1,100,35.568
1738264201.186457,472442.000,5730,1,T1,1,100,35.636
1738264201.320462,472576.000,5745,1,T1,1,100,35.630
1738264201.453467,472709.000,5761,1,T1,1,100,35.662
1738264201.586472,472842.000,5792,1,T1,1,100,35.535
1738264201.720477,472976.000,5809,1,T1,1,100,35.515
1738264201.853482,473109.000,5825,1,T1,1,100,35.542
1738264201.986487,473242.000,5856,1,T1,1,100,35.695
1738264202.120492,473376.000,5871,1,T1,1,100,35.655
1738264202.253497,473509.000,5888,1,T1,1,100,35.709
1738264202.386502,473642.000,5918,1,T1,1,100,35.661
1738264202.520507,473776.000,5935,1,T1,1,100,35.641
1738264202.653512,473909.000,5952,1,T1,1,100,35.525
1738264202.786517,474042.000,5972,1,T1,1,100,35.617
1738264202.919522,474175.000,6003,1,T1,1,100,35.657
1738264203.053527,474309.000,6019,1,T1,1,100,35.710
1738264203.186532,474442.000,6034,1,T1,1,100,35.591
1738264203.319538,474575.000,6069,1,T1,1,100,35.646
1738264203.453543,474709.000,6085,1,T1,1,100,35.669
1738264203.586548,474842.000,6101,1,T1,1,100,35.609
1738264203.719553,474975.000,6131,1,T1,1,100,35.760
1738264203.853558,475109.000,6149,1,T1,1,100,35.719
1738264203.986563,475242.000,6165,1,T1,1,100,35.736
1738264204.119568,475375.000,6195,1,T1,1,100,35.744
1738264204.253573,475509.000,6212,1,T1,1,100,35.606
1738264204.386578,475642.000,6227,1,T1,1,100,35.652
1738264204.519583,475775.000,6258,1,T1,1,100,35.637
1738264204.653588,475909.000,6274,1,T1,1,100,35.630
1738264204.786593,476042.000,6289,1,T1,1,100,35.521
1738264204.919598,476175.000,6305,1,T1,1,100,35.615
1738264205.053603,476309.000,6336,1,T1,1,100,35.585
1738264205.186608,476442.000,6351,1,T1,1,100,35.679
1738264205.319613,476575.000,6370,1,T1,1,100,35.613
1738264205.453619,476709.000,6400,1,T1,1,100,35.762
1738264205.586623,476842.000,6416,1,T1,1,100,35.613
1738264205.719629,476975.000,6432,1,T1,1,100,35.726
1738264205.852634,477108.000,6463,1,T1,1,100,35.775
1738264205.986639,477242.000,6478,1,T1,1,100,35.690
1738264206.119644,477375.000,6494,1,T1,1,100,35.618
1738264206.252649,477508.000,6525,1,T1,1,100,35.586
1738264206.386654,477642.000,6540,1,T1,1,100,35.537
1738264206.519659,477775.000,6558,1,T1,1,100,35.623
1738264206.652664,477908.000,6591,1,T1,1,100,35.695
1738264206.786669,478042.000,6606,1,T1,1,100,35.691
1738264206.919674,478175.000,6623,1,T1,1,100,35.724
1738264207.052679,478308.000,6638,1,T1,1,100,35.810
1738264207.186684,478442.000,6668,1,T1,1,100,35.740
1738264207.319689,478575.000,6685,1,T1,1,100,35.639
1738264207.452694,478708.000,6700,1,T1,1,100,35.702
1738264207.586699,478842.000,6731,1,T1,1,100,35.765
1738264207.719704,478975.000,6747,1,T1,1,100,35.685
1738264207.852710,479108.000,6767,1,T1,1,100,35.616
1738264207.986715,479242.000,6784,1,T1,1,100,35.586
1738264208.119720,479375.000,6800,1,T1,1,100,35.643
1738264208.252725,479508.000,6833,1,T1,1,100,35.668
1738264208.386730,479642.000,6848,1,T1,1,100,35.750
1738264208.519735,479775.000,6864,1,T1,1,100,35.786
1738264208.652740,479908.000,6880,1,T1,1,100,35.872
1738264208.786745,480042.000,6910,1,T1,1,100,35.732
1738264208.919750,480175.000,6927,1,T1,1,100,35.707
1738264209.052755,480308.000,6942,1,T1,1,100,35.767
1738264209.185760,480441.000,6973,1,T1,1,100,35.828
1738264209.319765,480575.000,6989,1,T1,1,100,35.713
1738264209.452770,480708.000,7004,1,T1,1,100,35.663
1738264209.585775,480841.000,7035,1,T1,1,100,35.677
1738264209.719780,480975.000,7053,1,T1,1,100,35.612
1738264209.852785,481108.000,7068,1,T1,1,100,35.726
1738264209.986790,481242.000,7099,1,T1,1,100,35.669
1738264210.119795,481375.000,7115,1,T1,1,100,35.715
1738264210.252800,481508.000,7133,1,T1,1,100,35.593
1738264210.385806,481641.000,7149,1,T1,1,100,35.611
1738264210.519811,481775.000,7179,1,T1,1,100,35.584
1738264210.652816,481908.000,7195,1,T1,1,100,35.607
1738264210.785821,482041.000,7213,1,T1,1,100,35.653
1738264210.919826,482175.000,7244,1,T1,1,100,35.672
1738264211.052831,482308.000,7259,1,T1,1,100,35.610
1738264211.185836,482441.000,7275,1,T1,1,100,35.619
1738264211.319841,482575.000,7306,1,T1,1,100,35.693
1738264211.452846,482708.000,7321,1,T1,1,100,35.548
1738264211.585851,482841.000,7340,1,T1,1,100,35.592
1738264211.719856,482975.000,7370,1,T1,1,100,35.682
1738264211.852861,483108.000,7385,1,T1,1,100,35.614
1738264211.985866,483241.000,7402,1,T1,1,100,35.727
1738264212.119871,483375.000,7432,1,T1,1,100,35.704
1738264212.252876,483508.000,7448,1,T1,1,100,35.730
1738264212.385881,483641.000,7464,1,T1,1,100,35.635
1738264212.519886,483775.000,7479,1,T1,1,100,35.594
1738264212.652891,483908.000,7510,1,T1,1,100,35.647
1738264212.785897,484041.000,7526,1,T1,1,100,35.599
1738264212.919902,484175.000,7541,1,T1,1,100,35.614
1738264213.052907,484308.000,7563,1,T1,1,100,35.727
1738264213.185912,484441.000,7596,1,T1,1,100,35.704
1738264213.318917,484574.000,7613,1,T1,1,100,35.659
1738264213.452922,484708.000,7631,1,T1,1,100,35.711
1738264213.585927,484841.000,7662,1,T1,1,100,35.698
1738264213.718932,484974.000,7677,1,T1,1,100,35.656
1738264213.852937,485108.000,7693,1,T1,1,100,35.674
1738264213.985942,485241.000,7724,1,T1,1,100,35.611
1738264214.118947,485374.000,7739,1,T1,1,100,35.619
1738264214.252952,485508.000,7756,1,T1,1,100,35.658
1738264214.385957,485641.000,7771,1,T1,1,100,35.675
1738264214.518962,485774.000,7802,1,T1,1,100,35.682
1738264214.652967,485908.000,7818,1,T1,1,100,35.650
1738264214.785972,486041.000,7833,1,T1,1,100,35.742
1738264214.918977,486174.000,7864,1,T1,1,100,35.640
1738264215.052983,486308.000,7880,1,T1,1,100,35.702
1738264215.185987,486441.000,7895,1,T1,1,100,35.623
1738264215.318993,486574.000,7926,1,T1,1,100,35.731
1738264215.452998,486708.000,7942,1,T1,1,100,35.742
1738264215.586003,486841.000,7958,1,T1,1,100,35.675
1738264215.719008,486974.000,7988,1,T1,1,100,35.682
1738264215.853013,487108.000,8004,1,T1,1,100,35.721
1738264215.986018,487241.000,8020,1,T1,1,100,35.737
1738264216.119023,487374.000,8036,1,T1,1,100,35.745
1738264216.252028,487507.000,8067,1,T1,1,100,35.712
1738264216.386033,487641.000,8082,1,T1,1,100,35.698
1738264216.519038,487774.000,8100,1,T1,1,100,35.657
1738264216.653043,487908.000,8131,1,T1,1,100,35.639
1738264216.786048,488041.000,8146,1,T1,1,100,35.773
1738264216.919053,488174.000,8163,1,T1,1,100,35.795
1738264217.052058,488307.000,8193,1,T1,1,100,35.734
1738264217.186064,488441.000,8208,1,T1,1,100,35.637
1738264217.319068,488574.000,8225,1,T1,1,100,35.630
1738264217.452074,488707.000,8255,1,T1,1,100,35.698
1738264217.586079,488841.000,8273,1,T1,1,100,35.692
1738264217.719084,488974.000,8289,1,T1,1,100,35.583
1738264217.852089,489107.000,8322,1,T1,1,100,35.678
1738264217.986094,489241.000,8337,1,T1,1,100,35.719
1738264218.119099,489374.000,8362,1,T1,1,100,35.701
1738264218.252104,489507.000,8377,1,T1,1,100,35.658
1738264218.386109,489641.000,8410,1,T1,1,100,35.746
1738264218.519114,489774.000,8426,1,T1,1,100,35.819
1738264218.652119,489907.000,8444,1,T1,1,100,35.780
1738264218.786124,490041.000,8474,1,T1,1,100,35.727
1738264218.919129,490174.000,8491,1,T1,1,100,35.776
1738264219.052134,490307.000,8506,1,T1,1,100,35.726
1738264219.185139,490440.000,8537,1,T1,1,100,35.704
1738264219.319144,490574.000,8553,1,T1,1,100,35.695
1738264219.452149,490707.000,8569,1,T1,1,100,35.655
1738264219.585154,490840.000,8602,1,T1,1,100,35.673
1738264219.719159,490974.000,8618,1,T1,1,100,35.681
1738264219.852165,491107.000,8633,1,T1,1,100,35.614
1738264219.985170,491240.000,8664,1,T1,1,100,35.585
1738264220.119175,491374.000,8680,1,T1,1,100,35.749
1738264220.252180,491507.000,8696,1,T1,1,100,35.714
1738264220.385185,491640.000,8712,1,T1,1,100,35.628
1738264220.519190,491774.000,8743,1,T1,1,100,35.662
1738264220.652195,491907.000,8762,1,T1,1,100,35.676
1738264220.785200,492040.000,8778,1,T1,1,100,35.683
1738264220.919205,492174.000,8809,1,T1,1,100,35.615
1738264221.052210,492307.000,8824,1,T1,1,100,35.727
1738264221.185215,492440.000,8840,1,T1,1,100,35.669
1738264221.319220,492574.000,8871,1,T1,1,100,35.750
1738264221.452225,492707.000,8886,1,T1,1,100,35.786
1738264221.585230,492840.000,8903,1,T1,1,100,35.801
1738264221.719235,492974.000,8933,1,T1,1,100,35.701
1738264221.852240,493107.000,8948,1,T1,1,100,35.658
1738264221.985245,493240.000,8965,1,T1,1,100,35.781
1738264222.119251,493374.000,8980,1,T1,1,100,35.799
1738264222.252255,493507.000,9011,1,T1,1,100,35.736
1738264222.385261,493640.000,9027,1,T1,1,100,35.708
1738264222.519266,493774.000,9042,1,T1,1,100,35.697
1738264222.652271,493907.000,9073,1,T1,1,100,35.762
1738264222.785276,494040.000,9089,1,T1,1,100,35.720
1738264222.918281,494173.000,9105,1,T1,1,100,35.772
1738264223.052286,494307.000,9135,1,T1,1,100,35.760
1738264223.185291,494440.000,9156,1,T1,1,100,35.754
1738264223.318296,494573.000,9174,1,T1,1,100,35.752
1738264223.452301,494707.000,9204,1,T1,1,100,35.751
1738264223.585306,494840.000,9223,1,T1,1,100,35.715
1738264223.718311,494973.000,9238,1,T1,1,100,35.735
1738264223.852316,495107.000,9269,1,T1,1,100,35.743
1738264223.985321,495240.000,9285,1,T1,1,100,35.676
1738264224.118326,495373.000,9300,1,T1,1,100,35.754
1738264224.252331,495507.000,9331,1,T1,1,100,35.822
1738264224.385336,495640.000,9347,1,T1,1,100,35.710
1738264224.518342,495773.000,9362,1,T1,1,100,35.697
1738264224.652347,495907.000,9393,1,T1,1,100,35.834
1738264224.785352,496040.000,9409,1,T1,1,100,35.857
1738264224.918357,496173.000,9425,1,T1,1,100,35.796
1738264225.052362,496307.000,9441,1,T1,1,100,35.735
1738264225.185367,496440.000,9474,1,T1,1,100,35.814
1738264225.318372,496573.000,9489,1,T1,1,100,35.813
1738264225.452377,496707.000,9505,1,T1,1,100,35.848
1738264225.585382,496840.000,9536,1,T1,1,100,35.793
1738264225.718387,496973.000,9551,1,T1,1,100,35.697
1738264225.851392,497106.000,9567,1,T1,1,100,35.763
1738264225.985397,497240.000,9598,1,T1,1,100,35.685
1738264226.118402,497373.000,9613,1,T1,1,100,35.651
1738264226.251407,497506.000,9630,1,T1,1,100,35.778
1738264226.385412,497640.000,9660,1,T1,1,100,35.549
1738264226.518417,497773.000,9675,1,T1,1,100,35.628
1738264226.651422,497906.000,9692,1,T1,1,100,35.662
1738264226.785428,498040.000,9722,1,T1,1,100,35.747
1738264226.918432,498173.000,9738,1,T1,1,100,35.784
1738264227.051438,498306.000,9754,1,T1,1,100,35.729
1738264227.185443,498440.000,9769,1,T1,1,100,35.706
1738264227.318448,498573.000,9800,1,T1,1,100,35.731
1738264227.451453,498706.000,9816,1,T1,1,100,35.777
1738264227.585458,498840.000,9832,1,T1,1,100,35.762
1738264227.718463,498973.000,9862,1,T1,1,100,35.684
1738264227.851468,499106.000,9878,1,T1,1,100,35.757
1738264227.985473,499240.000,9894,1,T1,1,100,35.824
1738264228.118478,499373.000,9924,1,T1,1,100,35.817
1738264228.251483,499506.000,9948,1,T1,1,100,35.673
1738264228.385488,499640.000,9965,1,T1,1,100,35.646
1738264228.518493,499773.000,9983,1,T1,1,100,35.528
1738264228.651498,499906.000,10014,1,T1,1,100,35.583
1738264228.785503,500040.000,10029,1,T1,1,100,35.642
1738264228.918508,500173.000,10046,1,T1,1,100,35.739
1738264229.051513,500306.000,10076,1,T1,1,100,35.568
1738264229.185519,500440.000,10091,1,T1,1,100,35.707
1738264229.318523,500573.000,10108,1,T1,1,100,35.767
1738264229.451529,500706.000,10138,1,T1,1,100,35.757
1738264229.584534,500839.000,10154,1,T1,1,100,35.789
1738264229.718539,500973.000,10170,1,T1,1,100,35.802
1738264229.851544,501106.000,10185,1,T1,1,100,35.914
1738264229.984549,501239.000,10218,1,T1,1,100,35.928
1738264230.118554,501373.000,10234,1,T1,1,100,35.720
1738264230.251559,501506.000,10252,1,T1,1,100,35.737
1738264230.384564,501639.000,10282,1,T1,1,100,35.709
1738264230.518569,501773.000,10298,1,T1,1,100,35.626
1738264230.651574,501906.000,10314,1,T1,1,100,35.661
1738264230.784579,502039.000,10344,1,T1,1,100,35.711
1738264230.918584,502173.000,10361,1,T1,1,100,35.769
1738264231.051589,502306.000,10376,1,T1,1,100,35.758
1738264231.184594,502439.000,10407,1,T1,1,100,35.647
1738264231.318599,502573.000,10423,1,T1,1,100,35.493
1738264231.451604,502706.000,10438,1,T1,1,100,35.639
1738264231.584610,502839.000,10469,1,T1,1,100,35.631
1738264231.718615,502973.000,10485,1,T1,1,100,35.698
1738264231.851619,503106.000,10500,1,T1,1,100,35.657
1738264231.984625,503239.000,10519,1,T1,1,100,35.639
1738264232.118630,503373.000,10549,1,T1,1,100,35.773
1738264232.251635,503506.000,10565,1,T1,1,100,35.689
1738264232.384640,503639.000,10581,1,T1,1,100,35.794
1738264232.518645,503773.000,10614,1,T1,1,100,35.805
1738264232.651650,503906.000,10629,1,T1,1,100,35.880
1738264232.784655,504039.000,10645,1,T1,1,100,35.629
1738264232.917660,504172.000,10676,1,T1,1,100,35.485
1738264233.051665,504306.000,10691,1,T1,1,100,35.635
1738264233.184670,504439.000,10707,1,T1,1,100,35.665
1738264233.318175,504572.500,10745,2,T1,1,100,35.678
1738264233.451680,504706.000,10745,2,T1,1,100,35.612
1738264233.584685,504839.000,10761,1,T1,1,100,35.620
1738264233.717690,504972.000,10791,1,T1,1,100,35.658
1738264233.851696,505106.000,10807,1,T1,1,100,35.604
1738264233.984700,505239.000,10823,1,T1,1,100,35.722
1738264234.117706,505372.000,10853,1,T1,1,100,35.773
1738264234.251711,505506.000,10870,1,T1,1,100,35.796
1738264234.384716,505639.000,10887,1,T1,1,100,35.734
1738264234.517721,505772.000,10903,1,T1,1,100,35.885
1738264234.651726,505906.000,10934,1,T1,1,100,35.702
1738264234.784731,506039.000,10949,1,T1,1,100,35.623
1738264234.917736,506172.000,10966,1,T1,1,100,35.624
1738264235.051741,506306.000,10996,1,T1,1,100,35.660
1738264235.184746,506439.000,11011,1,T1,1,100,35.676
1738264235.317751,506572.000,11030,1,T1,1,100,35.753
1738264235.451756,506706.000,11060,1,T1,1,100,35.716
1738264235.584761,506839.000,11076,1,T1,1,100,35.771
1738264235.717766,506972.000,11092,1,T1,1,100,35.653
1738264235.850771,507105.000,11123,1,T1,1,100,35.637
1738264235.984776,507239.000,11138,1,T1,1,100,35.559
1738264236.117781,507372.000,11156,1,T1,1,100,35.632
1738264236.250787,507505.000,11189,1,T1,1,100,35.593
1738264236.384792,507639.000,11204,1,T1,1,100,35.469
1738264236.517797,507772.000,11220,1,T1,1,100,35.416
1738264236.650802,507905.000,11251,1,T1,1,100,35.464
1738264236.784807,508039.000,11266,1,T1,1,100,35.591
1738264236.917812,508172.000,11283,1,T1,1,100,35.610
1738264237.050817,508305.000,11300,1,T1,1,100,35.548
1738264237.184822,508439.000,11333,1,T1,1,100,35.521
1738264237.317827,508572.000,11349,1,T1,1,100,35.544
1738264237.450832,508705.000,11364,1,T1,1,100,35.555
1738264237.584837,508839.000,11395,1,T1,1,100,35.488
1738264237.717842,508972.000,11411,1,T1,1,100,35.637
1738264237.850847,509105.000,11426,1,T1,1,100,35.595
1738264237.984852,509239.000,11457,1,T1,1,100,35.576
1738264238.117857,509372.000,11473,1,T1,1,100,35.604
1738264238.250862,509505.000,11491,1,T1,1,100,35.510
1738264238.384867,509639.000,11523,1,T1,1,100,35.575
1738264238.517872,509772.000,11539,1,T1,1,100,35.639
1738264238.650877,509905.000,11560,1,T1,1,100,35.631
1738264238.784883,510039.000,11590,1,T1,1,100,35.663
1738264238.917888,510172.000,11609,1,T1,1,100,35.606
1738264239.050893,510305.000,11624,1,T1,1,100,35.581
1738264239.183898,510438.000,11640,1,T1,1,100,35.606
1738264239.317903,510572.000,11671,1,T1,1,100,35.581
1738264239.450908,510705.000,11686,1,T1,1,100,35.535
1738264239.584913,510839.000,11703,1,T1,1,100,35.515
1738264239.717918,510972.000,11735,1,T1,1,100,35.507
1738264239.850923,511105.000,11750,1,T1,1,100,35.609
1738264239.983928,511238.000,11767,1,T1,1,100,35.618
1738264240.117933,511372.000,11797,1,T1,1,100,35.693
1738264240.250938,511505.000,11813,1,T1,1,100,35.548
1738264240.383943,511638.000,11829,1,T1,1,100,35.627
1738264240.517948,511772.000,11860,1,T1,1,100,35.590
1738264240.650953,511905.000,11875,1,T1,1,100,35.468
1738264240.783958,512038.000,11891,1,T1,1,100,35.522
1738264240.917964,512172.000,11922,1,T1,1,100,35.651
1738264241.050968,512305.000,11937,1,T1,1,100,35.601
1738264241.183974,512438.000,11953,1,T1,1,100,35.615
1738264241.317979,512572.000,11969,1,T1,1,100,35.656
1738264241.450984,512705.000,12001,1,T1,1,100,35.567
1738264241.583989,512838.000,12018,1,T1,1,100,35.565
1738264241.717994,512972.000,12033,1,T1,1,100,35.493
1738264241.850999,513105.000,12064,1,T1,1,100,35.603
1738264241.984004,513238.000,12080,1,T1,1,100,35.545
1738264242.118009,513372.000,12095,1,T1,1,100,35.590
1738264242.251014,513505.000,12126,1,T1,1,100,35.574
1738264242.384019,513638.000,12142,1,T1,1,100,35.568
1738264242.517024,513771.000,12157,1,T1,1,100,35.494
1738264242.651029,513905.000,12190,1,T1,1,100,35.462
1738264242.784034,514038.000,12206,1,T1,1,100,35.519
1738264242.917039,514171.000,12222,1,T1,1,100,35.579
1738264243.051044,514305.000,12254,1,T1,1,100,35.570
1738264243.184049,514438.000,12270,1,T1,1,100,35.566
1738264243.317055,514571.000,12288,1,T1,1,100,35.528
1738264243.451060,514705.000,12304,1,T1,1,100,35.619
1738264243.584064,514838.000,12335,1,T1,1,100,35.516
1738264243.717070,514971.000,12355,1,T1,1,100,35.436
1738264243.851075,515105.000,12371,1,T1,1,100,35.543
1738264243.984080,515238.000,12402,1,T1,1,100,35.519
1738264244.117085,515371.000,12417,1,T1,1,100,35.579
1738264244.251090,515505.000,12434,1,T1,1,100,35.570
1738264244.384095,515638.000,12464,1,T1,1,100,35.495
1738264244.518100,515772.000,12479,1,T1,1,100,35.533
1738264244.651105,515905.000,12496,1,T1,1,100,35.621
1738264244.784110,516038.000,12526,1,T1,1,100,35.659
1738264244.917115,516171.000,12542,1,T1,1,100,35.640
1738264245.051120,516305.000,12558,1,T1,1,100,35.702
1738264245.184125,516438.000,12589,1,T1,1,100,35.729
1738264245.317130,516571.000,12604,1,T1,1,100,35.777
1738264245.451135,516705.000,12620,1,T1,1,100,35.939
1738264245.584140,516838.000,12635,1,T1,1,100,35.903
1738264245.717145,516971.000,12666,1,T1,1,100,35.781
1738264245.851151,517105.000,12682,1,T1,1,100,35.763
1738264245.984156,517238.000,12698,1,T1,1,100,35.756
1738264246.117161,517371.000,12728,1,T1,1,100,35.752
1738264246.251166,517505.000,12745,1,T1,1,100,35.751
1738264246.384171,517638.000,12762,1,T1,1,100,35.786
1738264246.517176,517771.000,12793,1,T1,1,100,35.801
1738264246.650181,517904.000,12809,1,T1,1,100,35.737
1738264246.784186,518038.000,12824,1,T1,1,100,35.638
1738264246.917191,518171.000,12855,1,T1,1,100,35.701
1738264247.050196,518304.000,12871,1,T1,1,100,35.729
1738264247.184201,518438.000,12886,1,T1,1,100,35.741
1738264247.317206,518571.000,12917,1,T1,1,100,35.640
1738264247.450211,518704.000,12933,1,T1,1,100,35.631
1738264247.584216,518838.000,12949,1,T1,1,100,35.770
1738264247.717221,518971.000,12965,1,T1,1,100,35.688
1738264247.850226,519104.000,12995,1,T1,1,100,35.652
1738264247.984231,519238.000,13013,1,T1,1,100,35.637
1738264248.117236,519371.000,13029,1,T1,1,100,35.701
1738264248.250242,519504.000,13062,1,T1,1,100,35.729
1738264248.384247,519638.000,13077,1,T1,1,100,35.776
1738264248.517252,519771.000,13093,1,T1,1,100,35.761
1738264248.650257,519904.000,13124,1,T1,1,100,35.719
1738264248.784262,520038.000,13139,1,T1,1,100,35.737
1738264248.917267,520171.000,13159,1,T1,1,100,35.744
1738264249.050272,520304.000,13174,1,T1,1,100,35.712
1738264249.184277,520438.000,13205,1,T1,1,100,35.805
1738264249.317282,520571.000,13221,1,T1,1,100,35.774
1738264249.450287,520704.000,13236,1,T1,1,100,35.725
1738264249.584292,520838.000,13252,1,T1,1,100,35.810
1738264249.717297,520971.000,13283,1,T1,1,100,35.847
1738264249.850302,521104.000,13298,1,T1,1,100,35.756
1738264249.983307,521237.000,13315,1,T1,1,100,35.717
1738264250.117312,521371.000,13347,1,T1,1,100,35.629
1738264250.250317,521504.000,13363,1,T1,1,100,35.769
1738264250.383322,521637.000,13379,1,T1,1,100,35.723
1738264250.517328,521771.000,13412,1,T1,1,100,35.703
1738264250.650332,521904.000,13427,1,T1,1,100,35.730
1738264250.783338,522037.000,13443,1,T1,1,100,35.706
1738264250.917343,522171.000,13474,1,T1,1,100,35.731
1738264251.050348,522304.000,13491,1,T1,1,100,35.706
1738264251.183353,522437.000,13507,1,T1,1,100,35.731
1738264251.317358,522571.000,13538,1,T1,1,100,35.813
1738264251.450363,522704.000,13553,1,T1,1,100,35.742
1738264251.583368,522837.000,13570,1,T1,1,100,35.817
1738264251.717373,522971.000,13585,1,T1,1,100,35.850
1738264251.850378,523104.000,13616,1,T1,1,100,35.864
1738264251.983383,523237.000,13632,1,T1,1,100,35.799
1738264252.117388,523371.000,13647,1,T1,1,100,35.665
1738264252.250393,523504.000,13678,1,T1,1,100,35.749
1738264252.383398,523637.000,13694,1,T1,1,100,35.749
1738264252.516403,523770.000,13709,1,T1,1,100,35.821
1738264252.650408,523904.000,13740,1,T1,1,100,35.851
1738264252.783413,524037.000,13756,1,T1,1,100,35.829
1738264252.916419,524170.000,13772,1,T1,1,100,35.820
1738264253.050424,524304.000,13802,1,T1,1,100,35.745
1738264253.183429,524437.000,13818,1,T1,1,100,35.819
1738264253.316434,524570.000,13838,1,T1,1,100,35.851
1738264253.450439,524704.000,13854,1,T1,1,100,35.829
1738264253.583444,524837.000,13885,1,T1,1,100,35.749
1738264253.716449,524970.000,13900,1,T1,1,100,35.679
1738264253.850454,525104.000,13916,1,T1,1,100,35.755
1738264253.983459,525237.000,13952,2,T1,1,100,35.787
1738264254.116464,525370.000,13952,2,T1,1,100,35.802
1738264254.250469,525504.000,13983,1,T1,1,100,35.808
1738264254.383474,525637.000,13998,1,T1,1,100,35.881
1738264254.516479,525770.000,14014,1,T1,1,100,35.878
1738264254.650484,525904.000,14045,1,T1,1,100,35.841
1738264254.783489,526037.000,14060,1,T1,1,100,35.789
1738264254.916494,526170.000,14077,1,T1,1,100,35.802
1738264255.050499,526304.000,14107,1,T1,1,100,35.808
1738264255.183504,526437.000,14122,1,T1,1,100,35.740
1738264255.316509,526570.000,14141,1,T1,1,100,35.816
1738264255.450515,526704.000,14173,1,T1,1,100,35.814
1738264255.583520,526837.000,14189,1,T1,1,100,35.813
1738264255.716525,526970.000,14205,1,T1,1,100,35.777
1738264255.849530,527103.000,14236,1,T1,1,100,35.797
1738264255.983535,527237.000,14251,1,T1,1,100,35.806
1738264256.116540,527370.000,14269,1,T1,1,100,35.810
1738264256.249545,527503.000,14300,1,T1,1,100,35.847
1738264256.383550,527637.000,14315,1,T1,1,100,35.898
1738264256.516555,527770.000,14331,1,T1,1,100,35.921
1738264256.649560,527903.000,14349,1,T1,1,100,35.753
1738264256.783565,528037.000,14379,1,T1,1,100,35.751
1738264256.916570,528170.000,14396,1,T1,1,100,35.786
1738264257.049575,528303.000,14411,1,T1,1,100,35.872
1738264257.183580,528437.000,14442,1,T1,1,100,35.874
1738264257.316585,528570.000,14458,1,T1,1,100,35.804
1738264257.449590,528703.000,14473,1,T1,1,100,35.809
1738264257.583596,528837.000,14504,1,T1,1,100,35.846
1738264257.716600,528970.000,14520,1,T1,1,100,35.933
1738264257.849606,529103.000,14535,1,T1,1,100,35.865
1738264257.983611,529237.000,14566,1,T1,1,100,36.012
1738264258.116616,529370.000,14582,1,T1,1,100,35.864
1738264258.249621,529503.000,14598,1,T1,1,100,35.870
1738264258.383626,529637.000,14616,1,T1,1,100,35.908
1738264258.516631,529770.000,14646,1,T1,1,100,35.854
1738264258.649636,529903.000,14662,1,T1,1,100,35.901
1738264258.783641,530037.000,14678,1,T1,1,100,35.957
1738264258.916646,530170.000,14709,1,T1,1,100,35.875
1738264259.049651,530303.000,14724,1,T1,1,100,35.875
1738264259.182656,530436.000,14747,1,T1,1,100,35.804
1738264259.316661,530570.000,14778,1,T1,1,100,35.738
1738264259.449666,530703.000,14793,1,T1,1,100,35.780
1738264259.582671,530836.000,14810,1,T1,1,100,35.869
1738264259.716676,530970.000,14842,1,T1,1,100,35.873
1738264259.849681,531103.000,14857,1,T1,1,100,35.768
1738264259.982687,531236.000,14874,1,T1,1,100,35.758
1738264260.116692,531370.000,14904,1,T1,1,100,35.824
1738264260.249696,531503.000,14920,1,T1,1,100,35.853
1738264260.382702,531636.000,14936,1,T1,1,100,35.830
1738264260.516707,531770.000,14951,1,T1,1,100,35.856
1738264260.649712,531903.000,14984,1,T1,1,100,35.902
1738264260.782717,532036.000,15000,1,T1,1,100,35.922
1738264260.916722,532170.000,15016,1,T1,1,100,35.860
1738264261.049727,532303.000,15046,1,T1,1,100,35.833
1738264261.182732,532436.000,15062,1,T1,1,100,35.857
1738264261.316737,532570.000,15078,1,T1,1,100,35.796
1738264261.449742,532703.000,15108,1,T1,1,100,35.770
1738264261.582747,532836.000,15125,1,T1,1,100,35.830
1738264261.716752,532970.000,15140,1,T1,1,100,35.784
1738264261.849757,533103.000,15173,1,T1,1,100,35.836
1738264261.982762,533236.000,15189,1,T1,1,100,35.823
1738264262.116767,533370.000,15204,1,T1,1,100,35.852
1738264262.249772,533503.000,15235,1,T1,1,100,35.936
1738264262.382777,533636.000,15253,1,T1,1,100,35.866
1738264262.515783,533769.000,15268,1,T1,1,100,35.836
1738264262.649788,533903.000,15299,1,T1,1,100,35.858
1738264262.782793,534036.000,15315,1,T1,1,100,35.939
1738264262.916798,534170.000,15331,1,T1,1,100,35.938
1738264263.049803,534303.000,15347,1,T1,1,100,35.938
1738264263.182808,534436.000,15377,1,T1,1,100,35.867
1738264263.315813,534569.000,15395,1,T1,1,100,35.942
1738264263.449818,534703.000,15411,1,T1,1,100,35.904
1738264263.582823,534836.000,15446,1,T1,1,100,35.817
1738264263.715828,534969.000,15461,1,T1,1,100,35.814
1738264263.849833,535103.000,15477,1,T1,1,100,35.884
1738264263.982838,535236.000,15508,1,T1,1,100,35.808
1738264264.115843,535369.000,15523,1,T1,1,100,35.846
1738264264.249848,535503.000,15545,1,T1,1,100,35.969
1738264264.382853,535636.000,15575,1,T1,1,100,36.057
1738264264.515858,535769.000,15590,1,T1,1,100,35.954
1738264264.649863,535903.000,15607,1,T1,1,100,35.945
1738264264.782868,536036.000,15637,1,T1,1,100,35.905
1738264264.915874,536169.000,15653,1,T1,1,100,35.923
1738264265.049879,536303.000,15669,1,T1,1,100,35.896
1738264265.182884,536436.000,15684,1,T1,1,100,35.849
1738264265.315889,536569.000,15715,1,T1,1,100,35.864
1738264265.449894,536703.000,15731,1,T1,1,100,35.835
1738264265.582899,536836.000,15746,1,T1,1,100,35.928
1738264265.715904,536969.000,15763,1,T1,1,100,35.898
1738264265.849909,537103.000,15778,1,T1,1,100,35.885
1738264265.982914,537236.000,15795,1,T1,1,100,35.950
1738264266.115919,537369.000,15825,1,T1,1,100,36.085
1738264266.248924,537502.000,15841,1,T1,1,100,35.966
1738264266.382929,537636.000,15857,1,T1,1,100,35.879
1738264266.515934,537769.000,15888,1,T1,1,100,35.877
1738264266.648939,537902.000,15903,1,T1,1,100,35.911
1738264266.782944,538036.000,15919,1,T1,1,100,35.855
1738264266.915949,538169.000,15950,1,T1,1,100,35.831
1738264267.048954,538302.000,15965,1,T1,1,100,35.785
1738264267.182960,538436.000,15981,1,T1,1,100,35.836
1738264267.315964,538569.000,16012,1,T1,1,100,35.858
1738264267.448970,538702.000,16027,1,T1,1,100,35.832
1738264267.582975,538836.000,16045,1,T1,1,100,35.857
1738264267.715980,538969.000,16077,2,T1,1,100,35.867
1738264267.848985,539102.000,16077,2,T1,1,100,35.872
1738264267.982990,539236.000,16108,1,T1,1,100,35.944
1738264268.115995,539369.000,16124,1,T1,1,100,35.834
1738264268.249000,539502.000,16142,1,T1,1,100,35.822
1738264268.383005,539636.000,16176,1,T1,1,100,35.994
1738264268.516010,539769.000,16192,1,T1,1,100,35.926
1738264268.649015,539902.000,16209,1,T1,1,100,35.933
1738264268.783020,540036.000,16239,1,T1,1,100,35.865
1738264268.916025,540169.000,16255,1,T1,1,100,35.941
1738264269.049030,540302.000,16271,1,T1,1,100,35.975
1738264269.183035,540436.000,16304,1,T1,1,100,35.918
1738264269.316041,540569.000,16325,2,T1,1,100,36.000
1738264269.449045,540702.000,16325,2,T1,1,100,35.929
1738264269.582051,540835.000,16356,1,T1,1,100,36.005
1738264269.716056,540969.000,16371,1,T1,1,100,35.896
1738264269.849061,541102.000,16387,1,T1,1,100,35.848
1738264269.982066,541235.000,16403,1,T1,1,100,35.970
1738264270.116071,541369.000,16433,1,T1,1,100,35.881
1738264270.249076,541502.000,16450,1,T1,1,100,35.877
1738264270.382081,541635.000,16465,1,T1,1,100,35.982
1738264270.516086,541769.000,16483,1,T1,1,100,35.921
1738264270.649091,541902.000,16514,1,T1,1,100,35.895
1738264270.782096,542035.000,16529,1,T1,1,100,35.848
1738264270.916101,542169.000,16546,1,T1,1,100,35.899
1738264271.049106,542302.000,16576,1,T1,1,100,35.956
1738264271.182111,542435.000,16591,1,T1,1,100,35.946
1738264271.316116,542569.000,16608,1,T1,1,100,35.870
1738264271.449121,542702.000,16638,1,T1,1,100,35.767
1738264271.582126,542835.000,16654,1,T1,1,100,35.899
1738264271.716131,542969.000,16670,1,T1,1,100,35.885
1738264271.849136,543102.000,16701,1,T1,1,100,35.915
1738264271.982141,543235.000,16716,1,T1,1,100,35.892
1738264272.116147,543369.000,16732,1,T1,1,100,35.882
1738264272.249152,543502.000,16748,1,T1,1,100,35.949
1738264272.382157,543635.000,16778,1,T1,1,100,36.013
1738264272.516162,543769.000,16796,1,T1,1,100,36.077
1738264272.649167,543902.000,16812,1,T1,1,100,36.069
1738264272.782172,544035.000,16828,1,T1,1,100,36.030
1738264272.915177,544168.000,16859,1,T1,1,100,36.048
1738264273.049182,544302.000,16874,1,T1,1,100,35.985
1738264273.182187,544435.000,16890,1,T1,1,100,35.887
1738264273.315192,544568.000,16923,1,T1,1,100,36.058
1738264273.449197,544702.000,16938,1,T1,1,100,35.848
1738264273.582202,544835.000,16955,1,T1,1,100,35.934
1738264273.715207,544968.000,16985,1,T1,1,100,35.830
1738264273.849212,545102.000,17002,1,T1,1,100,35.784
1738264273.982217,545235.000,17019,1,T1,1,100,35.800
1738264274.115222,545368.000,17034,1,T1,1,100,35.985
1738264274.249228,545502.000,17065,1,T1,1,100,35.958
1738264274.382232,545635.000,17081,1,T1,1,100,35.875
1738264274.515238,545768.000,17101,1,T1,1,100,35.911
1738264274.649243,545902.000,17132,1,T1,1,100,35.855
1738264274.782248,546035.000,17148,1,T1,1,100,35.902
1738264274.915253,546168.000,17164,1,T1,1,100,35.958
1738264275.049258,546302.000,17194,1,T1,1,100,35.946
1738264275.182263,546435.000,17210,1,T1,1,100,35.977
1738264275.315268,546568.000,17226,1,T1,1,100,35.990
1738264275.449273,546702.000,17242,1,T1,1,100,35.925
1738264275.582278,546835.000,17275,1,T1,1,100,35.826
1738264275.715283,546968.000,17290,1,T1,1,100,35.960
1738264275.848288,547101.000,17306,1,T1,1,100,35.983
1738264275.982293,547235.000,17337,1,T1,1,100,35.993
1738264276.115298,547368.000,17352,1,T1,1,100,35.890
1738264276.249303,547502.000,17369,1,T1,1,100,35.917
1738264276.382308,547635.000,17384,1,T1,1,100,35.893
1738264276.515313,547768.000,17415,1,T1,1,100,35.847
1738264276.648319,547901.000,17431,1,T1,1,100,35.863
1738264276.782324,548035.000,17446,1,T1,1,100,35.976
1738264276.915329,548168.000,17479,1,T1,1,100,35.990
1738264277.048334,548301.000,17497,1,T1,1,100,35.889
1738264277.182339,548435.000,17512,1,T1,1,100,35.952
1738264277.315344,548568.000,17543,1,T1,1,100,35.979
1738264277.448349,548701.000,17559,1,T1,1,100,35.956
1738264277.582354,548835.000,17575,1,T1,1,100,36.016
1738264277.715359,548968.000,17591,1,T1,1,100,35.972
1738264277.848364,549101.000,17621,1,T1,1,100,35.952
1738264277.982369,549235.000,17637,1,T1,1,100,35.873
1738264278.115374,549368.000,17653,1,T1,1,100,35.874
1738264278.248379,549501.000,17668,1,T1,1,100,35.946
1738264278.382384,549635.000,17703,1,T1,1,100,35.906
1738264278.515389,549768.000,17719,1,T1,1,100,35.853
1738264278.648394,549901.000,17735,1,T1,1,100,35.901
1738264278.782399,550035.000,17765,1,T1,1,100,35.957
1738264278.915405,550168.000,17782,1,T1,1,100,35.875
1738264279.048409,550301.000,17799,1,T1,1,100,35.946
1738264279.181415,550434.000,17830,1,T1,1,100,36.012
1738264279.315420,550568.000,17846,1,T1,1,100,35.899
1738264279.448425,550701.000,17861,1,T1,1,100,36.063
1738264279.581430,550834.000,17897,1,T1,1,100,36.063
1738264279.715435,550968.000,17913,1,T1,1,100,36.027
1738264279.848440,551101.000,17928,1,T1,1,100,36.012
1738264279.981445,551234.000,17959,1,T1,1,100,36.005
1738264280.115450,551368.000,17975,1,T1,1,100,35.931
1738264280.248455,551501.000,17992,2,T1,1,100,35.899
1738264280.381460,551634.000,17992,2,T1,1,100,35.992
1738264280.514965,551767.500,18009,2,T1,1,100,35.926
1738264280.648470,551901.000,18009,2,T1,1,100,35.968
1738264280.781975,552034.500,18026,2,T1,1,100,35.986
1738264280.915480,552168.000,18026,2,T1,1,100,36.029
1738264281.048485,552301.000,18056,1,T1,1,100,35.977
1738264281.181490,552434.000,18071,1,T1,1,100,35.990
1738264281.315495,552568.000,18088,1,T1,1,100,35.960
1738264281.448500,552701.000,18103,1,T1,1,100,36.018
1738264281.581506,552834.000,18134,1,T1,1,100,35.937
1738264281.715511,552968.000,18150,1,T1,1,100,35.866
1738264281.848516,553101.000,18165,1,T1,1,100,35.942
1738264281.981521,553234.000,18196,1,T1,1,100,35.975
1738264282.115526,553368.000,18212,1,T1,1,100,35.954
1738264282.248531,553501.000,18228,1,T1,1,100,35.945
1738264282.381536,553634.000,18258,1,T1,1,100,35.976
1738264282.515541,553768.000,18274,1,T1,1,100,35.990
1738264282.648546,553901.000,18290,1,T1,1,100,35.925
1738264282.781551,554034.000,18320,1,T1,1,100,35.896
1738264282.915556,554168.000,18337,1,T1,1,100,35.920
1738264283.048561,554301.000,18352,1,T1,1,100,36.036
1738264283.181566,554434.000,18368,1,T1,1,100,35.945
1738264283.314571,554567.000,18401,1,T1,1,100,35.905
1738264283.448576,554701.000,18418,1,T1,1,100,35.888
1738264283.581581,554834.000,18434,1,T1,1,100,35.916
1738264283.714586,554967.000,18465,1,T1,1,100,35.964
1738264283.848592,555101.000,18480,1,T1,1,100,35.984
1738264283.981596,555234.000,18497,1,T1,1,100,35.922
1738264284.114602,555367.000,18529,1,T1,1,100,35.966
1738264284.248607,555501.000,18545,1,T1,1,100,36.021
1738264284.381612,555634.000,18561,1,T1,1,100,35.974
1738264284.514617,555767.000,18592,1,T1,1,100,35.953
1738264284.648622,555901.000,18607,1,T1,1,100,35.980
1738264284.781627,556034.000,18628,1,T1,1,100,36.062
1738264284.914632,556167.000,18659,1,T1,1,100,36.027
1738264285.048637,556301.000,18674,1,T1,1,100,35.976
1738264285.181642,556434.000,18690,1,T1,1,100,35.954
1738264285.314647,556567.000,18706,1,T1,1,100,35.909
1738264285.448652,556701.000,18736,1,T1,1,100,35.890
1738264285.581657,556834.000,18753,1,T1,1,100,36.023
1738264285.714662,556967.000,18768,1,T1,1,100,36.010
1738264285.848667,557101.000,18799,1,T1,1,100,36.040
1738264285.981673,557234.000,18815,1,T1,1,100,36.017
1738264286.114677,557367.000,18830,1,T1,1,100,36.007
1738264286.247683,557500.000,18863,1,T1,1,100,36.039
1738264286.381688,557634.000,18879,1,T1,1,100,35.910
1738264286.514693,557767.000,18894,1,T1,1,100,35.926
1738264286.647698,557900.000,18925,1,T1,1,100,36.039
1738264286.781703,558034.000,18943,1,T1,1,100,36.052
1738264286.914708,558167.000,18959,1,T1,1,100,35.952
1738264287.047713,558300.000,18989,1,T1,1,100,35.979
1738264287.181718,558434.000,19005,1,T1,1,100,36.026
1738264287.314723,558567.000,19023,1,T1,1,100,35.976
1738264287.447728,558700.000,19039,1,T1,1,100,36.025
1738264287.581733,558834.000,19070,1,T1,1,100,36.011
1738264287.714738,558967.000,19085,1,T1,1,100,35.969
1738264287.847743,559100.000,19101,1,T1,1,100,36.022
1738264287.981748,559234.000,19132,1,T1,1,100,36.080
1738264288.114753,559367.000,19147,1,T1,1,100,36.035
1738264288.247758,559500.000,19164,1,T1,1,100,36.015
1738264288.381763,559634.000,19198,1,T1,1,100,35.936
1738264288.514769,559767.000,19215,1,T1,1,100,35.866
1738264288.647774,559900.000,19232,1,T1,1,100,35.942
1738264288.781779,560034.000,19262,1,T1,1,100,36.081
1738264288.914784,560167.000,19278,1,T1,1,100,36.000
1738264289.047789,560300.000,19296,1,T1,1,100,36.071
1738264289.180794,560433.000,19327,1,T1,1,100,36.031
1738264289.314799,560567.000,19342,1,T1,1,100,36.049
1738264289.447804,560700.000,19358,1,T1,1,100,36.092
1738264289.581809,560834.000,19389,1,T1,1,100,36.040
1738264289.714814,560967.000,19404,1,T1,1,100,36.053
1738264289.847819,561100.000,19424,1,T1,1,100,36.023
1738264289.980824,561233.000,19440,1,T1,1,100,35.903
1738264290.114829,561367.000,19455,1,T1,1,100,35.994
1738264290.247834,561500.000,19474,1,T1,1,100,35.926
1738264290.380839,561633.000,19504,1,T1,1,100,35.968
1738264290.514844,561767.000,19519,1,T1,1,100,35.986
1738264290.647849,561900.000,19536,1,T1,1,100,35.959
1738264290.780854,562033.000,19566,1,T1,1,100,36.053
1738264290.914860,562167.000,19582,1,T1,1,100,35.952
1738264291.047865,562300.000,19598,1,T1,1,100,35.908
1738264291.180870,562433.000,19629,1,T1,1,100,35.854
1738264291.314875,562567.000,19644,1,T1,1,100,35.937
1738264291.447880,562700.000,19660,1,T1,1,100,35.937
1738264291.580885,562833.000,19675,1,T1,1,100,35.973
1738264291.714890,562967.000,19706,1,T1,1,100,35.953
1738264291.847895,563100.000,19722,1,T1,1,100,36.050
1738264291.980900,563233.000,19738,1,T1,1,100,36.022
1738264292.114905,563367.000,19768,1,T1,1,100,35.974
1738264292.247910,563500.000,19785,1,T1,1,100,35.882
1738264292.380915,563633.000,19800,1,T1,1,100,36.055
1738264292.513920,563766.000,19831,1,T1,1,100,36.130
1738264292.647925,563900.000,19847,1,T1,1,100,35.950
1738264292.780930,564033.000,19862,1,T1,1,100,35.907
1738264292.913935,564166.000,19893,1,T1,1,100,36.066
1738264293.047940,564300.000,19909,1,T1,1,100,36.029
1738264293.180945,564433.000,19926,1,T1,1,100,35.942
1738264293.313951,564566.000,19959,1,T1,1,100,35.939
1738264293.447956,564700.000,19975,1,T1,1,100,36.009
1738264293.580961,564833.000,19991,1,T1,1,100,35.898
1738264293.713966,564966.000,20007,1,T1,1,100,35.885
1738264293.847971,565100.000,20037,1,T1,1,100,35.879
1738264293.980976,565233.000,20053,1,T1,1,100,35.877
1738264294.113981,565366.000,20069,1,T1,1,100,35.876
1738264294.247986,565500.000,20102,1,T1,1,100,35.946
1738264294.380991,565633.000,20117,1,T1,1,100,35.906
1738264294.513996,565766.000,20133,1,T1,1,100,35.995
1738264294.648001,565900.000,20164,1,T1,1,100,35.962
1738264294.781006,566033.000,20179,1,T1,1,100,35.984
1738264294.914011,566166.000,20196,1,T1,1,100,35.922
1738264295.048016,566300.000,20233,1,T1,1,100,36.073
1738264295.181021,566433.000,20248,1,T1,1,100,36.031
1738264295.314026,566566.000,20265,1,T1,1,100,36.049
1738264295.448031,566700.000,20295,1,T1,1,100,35.986
1738264295.581037,566833.000,20311,1,T1,1,100,36.029
1738264295.714041,566966.000,20327,1,T1,1,100,35.942
1738264295.848047,567100.000,20358,1,T1,1,100,35.975
1738264295.981052,567233.000,20373,1,T1,1,100,35.918
1738264296.114057,567366.000,20389,1,T1,1,100,35.894
1738264296.248062,567500.000,20404,1,T1,1,100,36.025
1738264296.381067,567633.000,20437,1,T1,1,100,35.940
1738264296.514072,567766.000,20453,1,T1,1,100,35.868
1738264296.647077,567899.000,20469,1,T1,1,100,36.014
1738264296.781082,568033.000,20499,1,T1,1,100,36.041
1738264296.914087,568166.000,20516,1,T1,1,100,35.947
1738264297.047092,568299.000,20531,1,T1,1,100,35.977
1738264297.181097,568433.000,20562,1,T1,1,100,35.990
1738264297.314102,568566.000,20578,1,T1,1,100,35.889
1738264297.447107,568699.000,20593,1,T1,1,100,36.023
1738264297.581112,568833.000,20624,1,T1,1,100,36.045
1738264297.714117,568966.000,20640,1,T1,1,100,35.984
1738264297.847122,569099.000,20655,1,T1,1,100,35.993
1738264297.981128,569233.000,20686,1,T1,1,100,35.997
1738264298.114133,569366.000,20702,1,T1,1,100,36.034
1738264298.247138,569499.000,20718,1,T1,1,100,36.121
1738264298.381143,569633.000,20736,1,T1,1,100,35.982
1738264298.514148,569766.000,20766,1,T1,1,100,36.027
1738264298.647153,569899.000,20782,1,T1,1,100,36.083
1738264298.781158,570033.000,20798,1,T1,1,100,36.142
1738264298.914163,570166.000,20831,1,T1,1,100,36.062
1738264299.047168,570299.000,20847,1,T1,1,100,36.027
1738264299.181173,570433.000,20862,1,T1,1,100,36.082
1738264299.314178,570566.000,20879,1,T1,1,100,35.965
1738264299.447183,570699.000,20894,1,T1,1,100,35.985
1738264299.581188,570833.000,20925,1,T1,1,100,35.993
1738264299.714193,570966.000,20941,1,T1,1,100,36.033
1738264299.847198,571099.000,20956,1,T1,1,100,35.979
1738264299.980203,571232.000,20989,1,T1,1,100,35.920
1738264300.114208,571366.000,21010,1,T1,1,100,35.894
1738264300.247213,571499.000,21026,1,T1,1,100,35.919
1738264300.380219,571632.000,21058,1,T1,1,100,35.894
1738264300.514224,571766.000,21074,1,T1,1,100,35.919
1738264300.647229,571899.000,21090,1,T1,1,100,36.000
1738264300.780234,572032.000,21122,1,T1,1,100,36.142
1738264300.914239,572166.000,21139,1,T1,1,100,36.097
1738264301.047244,572299.000,21154,1,T1,1,100,36.006
1738264301.180249,572432.000,21189,1,T1,1,100,35.967
1738264301.314254,572566.000,21207,1,T1,1,100,36.021
1738264301.447259,572699.000,21222,1,T1,1,100,36.045
1738264301.580264,572832.000,21239,1,T1,1,100,36.019
1738264301.714269,572966.000,21269,1,T1,1,100,35.937
1738264301.847274,573099.000,21284,1,T1,1,100,36.044
1738264301.980279,573232.000,21301,1,T1,1,100,35.984
1738264302.114284,573366.000,21333,1,T1,1,100,36.028
1738264302.247289,573499.000,21349,1,T1,1,100,36.083
1738264302.380294,573632.000,21367,1,T1,1,100,36.071
1738264302.514299,573766.000,21398,1,T1,1,100,36.102
1738264302.647305,573899.000,21413,1,T1,1,100,36.115
1738264302.780309,574032.000,21431,1,T1,1,100,36.085
1738264302.913315,574165.000,21446,1,T1,1,100,36.072
1738264303.047320,574299.000,21477,1,T1,1,100,35.960
1738264303.180325,574432.000,21493,1,T1,1,100,36.018
1738264303.313330,574565.000,21511,1,T1,1,100,35.972
1738264303.447335,574699.000,21543,1,T1,1,100,36.024
1738264303.580340,574832.000,21560,1,T1,1,100,36.046
1738264303.713345,574965.000,21575,1,T1,1,100,35.984
1738264303.847350,575099.000,21606,1,T1,1,100,36.029
1738264303.980355,575232.000,21624,1,T1,1,100,36.012
1738264304.113360,575365.000,21639,1,T1,1,100,36.041
1738264304.247365,575499.000,21670,1,T1,1,100,35.982
1738264304.380370,575632.000,21688,1,T1,1,100,36.028
1738264304.513375,575765.000,21703,1,T1,1,100,36.012
1738264304.647380,575899.000,21734,1,T1,1,100,36.005
1738264304.780385,576032.000,21750,1,T1,1,100,36.073
1738264304.913390,576165.000,21766,1,T1,1,100,36.067
1738264305.047395,576299.000,21782,1,T1,1,100,35.994
1738264305.180401,576432.000,21817,1,T1,1,100,35.962
1738264305.313406,576565.000,21835,1,T1,1,100,35.948
1738264305.447411,576699.000,21851,1,T1,1,100,35.907
1738264305.580416,576832.000,21884,1,T1,1,100,35.960
1738264305.713421,576965.000,21899,1,T1,1,100,35.912
1738264305.847426,577099.000,21915,1,T1,1,100,35.997
1738264305.980431,577232.000,21946,1,T1,1,100,36.105
1738264306.113436,577365.000,21961,1,T1,1,100,36.046
1738264306.246441,577498.000,21978,1,T1,1,100,36.055
1738264306.380446,577632.000,22008,1,T1,1,100,36.024
1738264306.513451,577765.000,22025,1,T1,1,100,36.046
1738264306.646456,577898.000,22042,1,T1,1,100,36.091
1738264306.780461,578032.000,22072,1,T1,1,100,36.075
1738264306.913466,578165.000,22088,1,T1,1,100,35.997
1738264307.046471,578298.000,22104,1,T1,1,100,36.140
1738264307.180476,578432.000,22121,1,T1,1,100,35.954
1738264307.313481,578565.000,22152,1,T1,1,100,35.980
1738264307.446486,578698.000,22168,1,T1,1,100,36.062
1738264307.580492,578832.000,22184,1,T1,1,100,36.027
1738264307.713497,578965.000,22214,1,T1,1,100,36.118
1738264307.846502,579098.000,22230,1,T1,1,100,36.051
1738264307.980507,579232.000,22248,1,T1,1,100,36.093
1738264308.113512,579365.000,22278,1,T1,1,100,36.040
1738264308.246517,579498.000,22295,1,T1,1,100,35.946
1738264308.380522,579632.000,22314,1,T1,1,100,36.083
1738264308.513527,579765.000,22345,1,T1,1,100,36.071
1738264308.646532,579898.000,22361,1,T1,1,100,36.102
1738264308.780537,580032.000,22376,1,T1,1,100,36.115
1738264308.913542,580165.000,22407,1,T1,1,100,36.227
1738264309.046547,580298.000,22423,1,T1,1,100,36.098
1738264309.180552,580432.000,22438,1,T1,1,100,36.149
1738264309.313557,580565.000,22469,1,T1,1,100,36.135
1738264309.446562,580698.000,22485,1,T1,1,100,36.094
1738264309.579567,580831.000,22501,1,T1,1,100,36.041
1738264309.713573,580965.000,22517,1,T1,1,100,36.018
1738264309.846577,581098.000,22549,1,T1,1,100,35.972
1738264309.979583,581231.000,22565,1,T1,1,100,36.059
1738264310.113588,581365.000,22581,1,T1,1,100,36.061
1738264310.246593,581498.000,22614,1,T1,1,100,36.062
1738264310.379598,581631.000,22634,1,T1,1,100,36.098
1738264310.513603,581765.000,22650,1,T1,1,100,36.042
1738264310.646608,581898.000,22666,1,T1,1,100,36.089
1738264310.779613,582031.000,22696,1,T1,1,100,36.074
1738264310.913618,582165.000,22713,1,T1,1,100,36.032
1738264311.046623,582298.000,22728,1,T1,1,100,35.943
1738264311.179628,582431.000,22759,1,T1,1,100,36.011
1738264311.313633,582565.000,22775,1,T1,1,100,36.005
1738264311.446638,582698.000,22790,1,T1,1,100,35.931
1738264311.579643,582831.000,22821,1,T1,1,100,35.935
1738264311.713648,582965.000,22837,1,T1,1,100,36.043
1738264311.846653,583098.000,22852,1,T1,1,100,35.948
1738264311.979658,583231.000,22869,1,T1,1,100,35.977
1738264312.113663,583365.000,22901,1,T1,1,100,36.097
1738264312.246669,583498.000,22917,1,T1,1,100,36.077
1738264312.379673,583631.000,22933,1,T1,1,100,36.104
1738264312.513679,583765.000,22966,1,T1,1,100,36.081
1738264312.646684,583898.000,22981,1,T1,1,100,36.106
1738264312.779689,584031.000,22997,1,T1,1,100,36.046
1738264312.912694,584164.000,23028,1,T1,1,100,36.055
1738264313.046699,584298.000,23043,1,T1,1,100,36.059
1738264313.179704,584431.000,23059,1,T1,1,100,36.026
1738264313.312709,584564.000,23092,1,T1,1,100,36.047
1738264313.446714,584698.000,23107,1,T1,1,100,35.949
1738264313.579719,584831.000,23124,1,T1,1,100,36.013
1738264313.712724,584964.000,23154,1,T1,1,100,36.041
1738264313.846729,585098.000,23169,1,T1,1,100,36.089
1738264313.979734,585231.000,23188,1,T1,1,100,36.038
1738264314.112739,585364.000,23203,1,T1,1,100,36.088
1738264314.246744,585498.000,23234,1,T1,1,100,36.109
1738264314.379749,585631.000,23250,1,T1,1,100,35.976
1738264314.512754,585764.000,23265,1,T1,1,100,36.061
1738264314.646760,585898.000,23298,1,T1,1,100,36.062
1738264314.779765,586031.000,23314,1,T1,1,100,36.098
1738264314.912770,586164.000,23330,1,T1,1,100,36.078
1738264315.046775,586298.000,23360,1,T1,1,100,35.998
1738264315.179780,586431.000,23376,1,T1,1,100,35.999
1738264315.312785,586564.000,23392,1,T1,1,100,36.035
1738264315.446790,586698.000,23426,1,T1,1,100,36.051
1738264315.579795,586831.000,23443,1,T1,1,100,36.057
1738264315.712800,586964.000,23458,1,T1,1,100,36.060
1738264315.845805,587097.000,23474,1,T1,1,100,36.097
1738264315.979810,587231.000,23492,1,T1,1,100,35.971
1738264316.112815,587364.000,23522,1,T1,1,100,35.952
1738264316.245820,587497.000,23539,1,T1,1,100,35.979
1738264316.379825,587631.000,23554,1,T1,1,100,36.026
1738264316.512830,587764.000,23585,1,T1,1,100,36.011
1738264316.646835,587898.000,23601,1,T1,1,100,36.005
1738264316.779840,588031.000,23616,1,T1,1,100,36.002
1738264316.912845,588164.000,23647,1,T1,1,100,36.072
1738264317.045851,588297.000,23663,1,T1,1,100,36.031
1738264317.179856,588431.000,23678,1,T1,1,100,36.049
1738264317.312861,588564.000,23711,1,T1,1,100,36.021
1738264317.445866,588697.000,23727,1,T1,1,100,36.080
1738264317.579871,588831.000,23743,1,T1,1,100,36.106
1738264317.712876,588964.000,23773,1,T1,1,100,36.046
1738264317.845881,589097.000,23789,1,T1,1,100,36.020
1738264317.979886,589231.000,23805,1,T1,1,100,36.079
1738264318.112891,589364.000,23821,1,T1,1,100,36.034
1738264318.245896,589497.000,23852,1,T1,1,100,36.050
1738264318.379901,589631.000,23869,1,T1,1,100,36.057
1738264318.512906,589764.000,23885,1,T1,1,100,36.096
1738264318.645911,589897.000,23918,1,T1,1,100,36.041
1738264318.779916,590031.000,23933,1,T1,1,100,36.053
1738264318.912921,590164.000,23952,1,T1,1,100,36.059
1738264319.045926,590297.000,23982,1,T1,1,100,36.132
1738264319.178931,590430.000,23997,1,T1,1,100,36.092
1738264319.312937,590564.000,24014,1,T1,1,100,36.040
1738264319.445941,590697.000,24044,1,T1,1,100,36.088
1738264319.578947,590830.000,24060,1,T1,1,100,36.038
1738264319.712952,590964.000,24076,1,T1,1,100,36.087
1738264319.845957,591097.000,24107,1,T1,1,100,36.002
1738264319.978962,591230.000,24122,1,T1,1,100,36.036
1738264320.112967,591364.000,24140,1,T1,1,100,35.980
1738264320.245972,591497.000,24171,1,T1,1,100,35.991
1738264320.378977,591630.000,24186,1,T1,1,100,35.996
1738264320.512982,591764.000,24202,1,T1,1,100,35.998
1738264320.645987,591897.000,24226,1,T1,1,100,36.070
1738264320.778992,592030.000,24256,1,T1,1,100,35.995
1738264320.912997,592164.000,24273,1,T1,1,100,36.069
1738264321.046002,592297.000,24290,1,T1,1,100,36.101
1738264321.179007,592430.000,24321,1,T1,1,100,36.114
1738264321.313012,592564.000,24337,1,T1,1,100,36.050
1738264321.446018,592697.000,24352,1,T1,1,100,36.092
1738264321.579022,592830.000,24385,1,T1,1,100,36.111
1738264321.713027,592964.000,24401,1,T1,1,100,36.083
1738264321.846033,593097.000,24416,1,T1,1,100,36.107
1738264321.979038,593230.000,24449,1,T1,1,100,36.046
1738264322.113043,593364.000,24465,1,T1,1,100,36.126
1738264322.246048,593497.000,24481,1,T1,1,100,36.126
1738264322.379053,593630.000,24511,1,T1,1,100,36.125
1738264322.512058,593763.000,24527,1,T1,1,100,36.231
1738264322.646063,593897.000,24543,1,T1,1,100,36.100
1738264322.779068,594030.000,24559,1,T1,1,100,36.114
1738264322.912073,594163.000,24592,1,T1,1,100,36.120
1738264323.046078,594297.000,24607,1,T1,1,100,36.123
1738264323.179083,594430.000,24623,1,T1,1,100,36.160
1738264323.312088,594563.000,24656,1,T1,1,100,36.034
1738264323.446093,594697.000,24671,1,T1,1,100,35.944
1738264323.579098,594830.000,24688,1,T1,1,100,36.117
1738264323.712103,594963.000,24720,1,T1,1,100,36.157
1738264323.846108,595097.000,24735,1,T1,1,100,36.103
1738264323.979113,595230.000,24752,1,T1,1,100,36.009
1738264324.112118,595363.000,24782,1,T1,1,100,36.110
1738264324.246124,595497.000,24798,1,T1,1,100,36.048
1738264324.379129,595630.000,24814,1,T1,1,100,36.056
1738264324.512134,595763.000,24845,1,T1,1,100,35.989
1738264324.646139,595897.000,24862,1,T1,1,100,36.102
1738264324.779144,596030.000,24878,1,T1,1,100,36.150
1738264324.912149,596163.000,24909,1,T1,1,100,36.136
1738264325.046154,596297.000,24924,1,T1,1,100,36.165
1738264325.179159,596430.000,24940,1,T1,1,100,36.142
1738264325.312164,596563.000,24958,1,T1,1,100,36.097
1738264325.446169,596697.000,24988,1,T1,1,100,36.077
1738264325.579174,596830.000,25005,1,T1,1,100,36.034
1738264325.712179,596963.000,25025,1,T1,1,100,36.156
1738264325.846184,597097.000,25056,1,T1,1,100,36.103
1738264325.979189,597230.000,25072,1,T1,1,100,36.116
1738264326.112194,597363.000,25089,1,T1,1,100,36.085
1738264326.245199,597496.000,25120,1,T1,1,100,36.108
1738264326.379205,597630.000,25136,1,T1,1,100,36.047
1738264326.512209,597763.000,25151,1,T1,1,100,35.985
1738264326.645215,597896.000,25182,1,T1,1,100,36.100
1738264326.779220,598030.000,25198,1,T1,1,100,36.114
1738264326.912225,598163.000,25216,1,T1,1,100,36.085
1738264327.045230,598296.000,25246,1,T1,1,100,36.037
1738264327.179235,598430.000,25262,1,T1,1,100,36.016
1738264327.312240,598563.000,25280,1,T1,1,100,36.042
1738264327.445245,598696.000,25296,1,T1,1,100,36.018
1738264327.579250,598830.000,25327,1,T1,1,100,36.079
1738264327.712255,598963.000,25342,1,T1,1,100,35.963
1738264327.845260,599096.000,25358,1,T1,1,100,36.161
1738264327.979265,599230.000,25389,1,T1,1,100,36.141
1738264328.112270,599363.000,25404,1,T1,1,100,36.061
1738264328.245275,599496.000,25421,1,T1,1,100,36.133
1738264328.379280,599630.000,25455,1,T1,1,100,36.093
1738264328.512285,599763.000,25470,1,T1,1,100,36.040
1738264328.645290,599896.000,25487,1,T1,1,100,36.053
1738264328.779295,600030.000,25517,1,T1,1,100,36.129
1738264328.912301,600163.000,25533,1,T1,1,100,36.091
1738264329.045305,600296.000,25551,1,T1,1,100,36.004
1738264329.179311,600430.000,25582,1,T1,1,100,36.073
1738264329.312316,600563.000,25597,1,T1,1,100,36.138
1738264329.445321,600696.000,25613,1,T1,1,100,36.131
1738264329.578326,600829.000,25629,1,T1,1,100,36.092
1738264329.712331,600963.000,25659,1,T1,1,100,36.111
1738264329.845336,601096.000,25675,1,T1,1,100,36.225
1738264329.978341,601229.000,25691,1,T1,1,100,36.239
1738264330.112346,601363.000,25721,1,T1,1,100,36.174
1738264330.245351,601496.000,25738,1,T1,1,100,36.075
1738264330.378356,601629.000,25755,1,T1,1,100,36.139
1738264330.512361,601763.000,25786,1,T1,1,100,36.167
1738264330.645366,601896.000,25802,1,T1,1,100,36.072
1738264330.778371,602029.000,25822,1,T1,1,100,36.031
1738264330.912376,602163.000,25839,1,T1,1,100,36.049
1738264331.045382,602296.000,25869,1,T1,1,100,36.128
1738264331.178386,602429.000,25885,1,T1,1,100,36.055
1738264331.312392,602563.000,25901,1,T1,1,100,36.095
1738264331.445397,602696.000,25916,1,T1,1,100,36.041
1738264331.578402,602829.000,25947,1,T1,1,100,36.053
1738264331.712407,602963.000,25963,1,T1,1,100,36.129
1738264331.845412,603096.000,25978,1,T1,1,100,36.021
1738264331.978417,603229.000,25995,1,T1,1,100,36.222
1738264332.112422,603363.000,26025,1,T1,1,100,36.131
1738264332.245427,603496.000,26043,1,T1,1,100,36.128
1738264332.378432,603629.000,26059,1,T1,1,100,36.197
1738264332.512437,603763.000,26090,1,T1,1,100,36.156
1738264332.645442,603896.000,26105,1,T1,1,100,36.174
1738264332.778447,604029.000,26121,1,T1,1,100,36.182
1738264332.911452,604162.000,26154,1,T1,1,100,36.150
1738264333.045457,604296.000,26169,1,T1,1,100,36.136
1738264333.178462,604429.000,26187,1,T1,1,100,36.023
1738264333.311467,604562.000,26220,1,T1,1,100,36.081
1738264333.445472,604696.000,26235,1,T1,1,100,36.070
1738264333.578477,604829.000,26252,1,T1,1,100,36.101
1738264333.711483,604962.000,26282,1,T1,1,100,36.115
1738264333.845488,605096.000,26299,1,T1,1,100,36.121
1738264333.978493,605229.000,26316,1,T1,1,100,36.123
1738264334.111498,605362.000,26331,1,T1,1,100,36.160
1738264334.245503,605496.000,26362,1,T1,1,100,36.140
1738264334.378508,605629.000,26380,1,T1,1,100,36.061
1738264334.511513,605762.000,26395,1,T1,1,100,36.097
1738264334.645518,605896.000,26426,1,T1,1,100,36.184
1738264334.778523,606029.000,26442,1,T1,1,100,36.080
1738264334.911528,606162.000,26458,1,T1,1,100,36.070
1738264335.045533,606296.000,26490,1,T1,1,100,36.101
1738264335.178538,606429.000,26506,1,T1,1,100,36.186
1738264335.311543,606562.000,26522,1,T1,1,100,36.187
1738264335.445548,606696.000,26552,1,T1,1,100,36.258
1738264335.578553,606829.000,26569,1,T1,1,100,36.289
1738264335.711558,606962.000,26584,1,T1,1,100,36.196
1738264335.845063,607095.500,26621,2,T1,1,100,36.156
1738264335.978569,607229.000,26621,2,T1,1,100,36.174
1738264336.111573,607362.000,26636,1,T1,1,100,36.182
1738264336.244579,607495.000,26667,1,T1,1,100,36.185
1738264336.378584,607629.000,26683,1,T1,1,100,36.115
1738264336.511589,607762.000,26698,1,T1,1,100,36.050
1738264336.644594,607895.000,26717,1,T1,1,100,36.128
1738264336.778599,608029.000,26749,1,T1,1,100,36.162
1738264336.911604,608162.000,26765,1,T1,1,100,36.176
1738264337.044609,608295.000,26781,1,T1,1,100,36.112
1738264337.178614,608429.000,26812,1,T1,1,100,36.119
1738264337.311619,608562.000,26827,1,T1,1,100,36.052
1738264337.444624,608695.000,26845,1,T1,1,100,36.129
1738264337.578629,608829.000,26876,1,T1,1,100,36.056
1738264337.711634,608962.000,26891,1,T1,1,100,35.989
1738264337.844639,609095.000,26909,1,T1,1,100,36.031
1738264337.978644,609229.000,26940,1,T1,1,100,36.049
1738264338.111650,609362.000,26955,1,T1,1,100,36.127
1738264338.244654,609495.000,26972,1,T1,1,100,36.091
1738264338.378659,609629.000,27004,1,T1,1,100,36.110
1738264338.511665,609762.000,27019,1,T1,1,100,36.154
1738264338.644670,609895.000,27036,1,T1,1,100,36.067
1738264338.778675,610029.000,27068,1,T1,1,100,36.135
1738264338.911680,610162.000,27084,1,T1,1,100,36.129
1738264339.044685,610295.000,27100,1,T1,1,100,36.127
1738264339.177690,610428.000,27115,1,T1,1,100,36.161
1738264339.311695,610562.000,27146,1,T1,1,100,36.141
1738264339.444700,610695.000,27164,1,T1,1,100,36.096
1738264339.577705,610828.000,27180,1,T1,1,100,36.113
1738264339.711710,610962.000,27212,1,T1,1,100,36.120
1738264339.844715,611095.000,27228,1,T1,1,100,36.158
1738264339.977720,611228.000,27244,1,T1,1,100,36.139
1738264340.111725,611362.000,27274,1,T1,1,100,36.131
1738264340.244730,611495.000,27291,1,T1,1,100,36.092
1738264340.377735,611628.000,27306,1,T1,1,100,36.146
1738264340.511740,611762.000,27337,1,T1,1,100,36.134
1738264340.644746,611895.000,27353,1,T1,1,100,36.129
1738264340.777750,612028.000,27368,1,T1,1,100,36.127
1738264340.911756,612162.000,27401,1,T1,1,100,36.126
1738264341.044761,612295.000,27424,1,T1,1,100,36.125
1738264341.177766,612428.000,27439,1,T1,1,100,36.267
1738264341.311771,612562.000,27472,1,T1,1,100,36.222
1738264341.444776,612695.000,27490,1,T1,1,100,36.202
1738264341.577781,612828.000,27506,1,T1,1,100,36.158
1738264341.711786,612962.000,27522,1,T1,1,100,36.210
1738264341.844791,613095.000,27555,1,T1,1,100,36.162
1738264341.977796,613228.000,27570,1,T1,1,100,36.106
1738264342.111801,613362.000,27588,1,T1,1,100,36.152
1738264342.244806,613495.000,27619,1,T1,1,100,36.172
1738264342.377811,613628.000,27636,1,T1,1,100,36.110
1738264342.510816,613761.000,27652,1,T1,1,100,36.118
1738264342.644821,613895.000,27683,1,T1,1,100,36.122
1738264342.777826,614028.000,27698,1,T1,1,100,36.088
1738264342.910831,614161.000,27715,1,T1,1,100,36.286
1738264343.044837,614295.000,27745,1,T1,1,100,36.124
1738264343.177842,614428.000,27760,1,T1,1,100,36.125
1738264343.310847,614561.000,27779,1,T1,1,100,36.125
1738264343.444852,614695.000,27809,1,T1,1,100,36.125
1738264343.577857,614828.000,27827,1,T1,1,100,36.019
1738264343.710862,614961.000,27843,1,T1,1,100,36.008
1738264343.844867,615095.000,27858,1,T1,1,100,36.110
1738264343.977872,615228.000,27889,1,T1,1,100,36.083
1738264344.110877,615361.000,27905,1,T1,1,100,36.107
1738264344.244882,615495.000,27921,1,T1,1,100,36.117
1738264344.377887,615628.000,27951,1,T1,1,100,36.193
1738264344.510892,615761.000,27967,1,T1,1,100,36.225
1738264344.644897,615895.000,27983,1,T1,1,100,36.168
1738264344.777902,616028.000,28013,1,T1,1,100,36.108
1738264344.910907,616161.000,28030,1,T1,1,100,36.118
1738264345.044912,616295.000,28045,1,T1,1,100,36.228
1738264345.177917,616428.000,28076,1,T1,1,100,36.276
1738264345.310922,616561.000,28092,1,T1,1,100,36.190
1738264345.444927,616695.000,28107,1,T1,1,100,36.260
1738264345.577933,616828.000,28138,1,T1,1,100,36.183
1738264345.710938,616961.000,28154,1,T1,1,100,36.186
1738264345.844943,617095.000,28169,1,T1,1,100,36.151
1738264345.977948,617228.000,28186,1,T1,1,100,36.278
1738264346.110953,617361.000,28223,1,T1,1,100,36.262
1738264346.243958,617494.000,28239,1,T1,1,100,36.255
1738264346.377963,617628.000,28259,1,T1,1,100,36.181
1738264346.510968,617761.000,28290,1,T1,1,100,36.149
1738264346.643973,617894.000,28307,1,T1,1,100,36.136
1738264346.777978,618028.000,28323,1,T1,1,100,36.130
1738264346.910983,618161.000,28354,1,T1,1,100,36.162
1738264347.043988,618294.000,28369,1,T1,1,100,36.141
1738264347.177993,618428.000,28385,1,T1,1,100,36.132
1738264347.310998,618561.000,28416,1,T1,1,100,36.128
1738264347.444003,618694.000,28431,1,T1,1,100,36.091
1738264347.578008,618828.000,28448,1,T1,1,100,36.181
1738264347.711014,618961.000,28480,1,T1,1,100,36.185
1738264347.844018,619094.000,28495,1,T1,1,100,36.151
1738264347.978024,619228.000,28512,1,T1,1,100,36.136
1738264348.111029,619361.000,28527,1,T1,1,100,36.165
1738264348.244034,619494.000,28560,1,T1,1,100,36.142
1738264348.378039,619628.000,28578,1,T1,1,100,36.133
1738264348.511044,619761.000,28593,1,T1,1,100,36.199
1738264348.644049,619894.000,28624,1,T1,1,100,36.263
1738264348.778054,620028.000,28640,1,T1,1,100,36.079
1738264348.911059,620161.000,28660,1,T1,1,100,36.247
1738264349.044064,620294.000,28690,1,T1,1,100,36.249
1738264349.178069,620428.000,28706,1,T1,1,100,36.178
1738264349.311074,620561.000,28724,1,T1,1,100,36.148
1738264349.444079,620694.000,28754,1,T1,1,100,36.170
1738264349.578084,620828.000,28771,1,T1,1,100,36.109
1738264349.711089,620961.000,28786,1,T1,1,100,36.154
1738264349.844094,621094.000,28817,1,T1,1,100,36.102
1738264349.977099,621227.000,28833,1,T1,1,100,36.150
1738264350.111104,621361.000,28850,1,T1,1,100,36.065
1738264350.244110,621494.000,28866,1,T1,1,100,36.135
1738264350.377115,621627.000,28897,1,T1,1,100,36.129
1738264350.511120,621761.000,28912,1,T1,1,100,36.198
1738264350.644125,621894.000,28931,1,T1,1,100,36.156
1738264350.777130,622027.000,28963,1,T1,1,100,36.139
1738264350.911135,622161.000,28979,1,T1,1,100,36.095
1738264351.044140,622294.000,28995,1,T1,1,100,36.148
1738264351.177145,622427.000,29026,1,T1,1,100,36.241
1738264351.311150,622561.000,29046,1,T1,1,100,36.175
1738264351.444155,622694.000,29062,1,T1,1,100,36.111
1738264351.577160,622827.000,29095,1,T1,1,100,36.155
1738264351.711165,622961.000,29110,1,T1,1,100,36.173
1738264351.844170,623094.000,29126,1,T1,1,100,36.181
1738264351.977175,623227.000,29159,1,T1,1,100,36.256
1738264352.111180,623361.000,29174,1,T1,1,100,36.288
1738264352.244185,623494.000,29191,1,T1,1,100,36.302
1738264352.377190,623627.000,29206,1,T1,1,100,36.343
1738264352.511195,623761.000,29238,1,T1,1,100,36.219
1738264352.644201,623894.000,29255,1,T1,1,100,36.130
1738264352.777206,624027.000,29272,1,T1,1,100,36.127
1738264352.910211,624160.000,29305,1,T1,1,100,36.197
1738264353.044216,624294.000,29321,1,T1,1,100,36.156
1738264353.177221,624427.000,29338,1,T1,1,100,36.103
1738264353.310226,624560.000,29371,1,T1,1,100,36.257
1738264353.444231,624694.000,29387,1,T1,1,100,36.147
1738264353.577236,624827.000,29405,1,T1,1,100,36.134
1738264353.710241,624960.000,29437,1,T1,1,100,36.235
1738264353.844246,625094.000,29453,1,T1,1,100,36.244
1738264353.977251,625227.000,29469,1,T1,1,100,36.176
1738264354.110256,625360.000,29501,1,T1,1,100,36.183
1738264354.244261,625494.000,29518,1,T1,1,100,36.221
1738264354.377266,625627.000,29533,1,T1,1,100,36.166
1738264354.510271,625760.000,29551,1,T1,1,100,36.178
1738264354.644276,625894.000,29582,1,T1,1,100,36.219
1738264354.777282,626027.000,29597,1,T1,1,100,36.130
1738264354.910286,626160.000,29614,1,T1,1,100,36.127
1738264355.044291,626294.000,29646,1,T1,1,100,36.161
1738264355.177297,626427.000,29661,1,T1,1,100,36.141
1738264355.310302,626560.000,29678,1,T1,1,100,36.167
1738264355.444307,626694.000,29708,1,T1,1,100,36.179
1738264355.577312,626827.000,29724,1,T1,1,100,36.184
1738264355.710317,626960.000,29740,1,T1,1,100,36.150
1738264355.843322,627093.000,29771,1,T1,1,100,36.136
1738264355.977327,627227.000,29786,1,T1,1,100,36.201
1738264356.110332,627360.000,29802,1,T1,1,100,36.087
1738264356.243337,627493.000,29835,1,T1,1,100,36.179
1738264356.377342,627627.000,29856,1,T1,1,100,36.149
1738264356.510347,627760.000,29872,1,T1,1,100,36.206
1738264356.643352,627893.000,29888,1,T1,1,100,36.160
1738264356.777357,628027.000,29903,1,T1,1,100,36.176
1738264356.910362,628160.000,29934,1,T1,1,100,36.218
1738264357.043367,628293.000,29950,1,T1,1,100,36.165
1738264357.177372,628427.000,29965,1,T1,1,100,36.178
1738264357.310378,628560.000,29996,1,T1,1,100,36.148
1738264357.443383,628693.000,30012,1,T1,1,100,36.206
1738264357.577388,628827.000,30028,1,T1,1,100,36.266
1738264357.710393,628960.000,30058,1,T1,1,100,36.151
1738264357.843398,629093.000,30074,1,T1,1,100,36.172
1738264357.977403,629227.000,30090,1,T1,1,100,36.287
1738264358.110408,629360.000,30106,1,T1,1,100,36.160
1738264358.243413,629493.000,30139,1,T1,1,100,36.246
1738264358.377418,629627.000,30156,1,T1,1,100,36.142
1738264358.510423,629760.000,30172,1,T1,1,100,36.203
1738264358.643428,629893.000,30205,1,T1,1,100,36.159
1738264358.777433,630027.000,30220,1,T1,1,100,36.211
1738264358.910438,630160.000,30237,1,T1,1,100,36.233
1738264359.043443,630293.000,30267,1,T1,1,100,36.278
1738264359.176448,630426.000,30282,1,T1,1,100,36.227
1738264359.310453,630560.000,30299,1,T1,1,100,36.240
1738264359.443458,630693.000,30329,1,T1,1,100,36.246
1738264359.576463,630826.000,30345,1,T1,1,100,36.248
1738264359.710469,630960.000,30361,1,T1,1,100,36.143
1738264359.843474,631093.000,30392,1,T1,1,100,36.275
1738264359.976479,631226.000,30407,1,T1,1,100,36.225
1738264360.110484,631360.000,30423,1,T1,1,100,36.310
1738264360.243489,631493.000,30454,1,T1,1,100,36.205
1738264360.376494,631626.000,30471,1,T1,1,100,36.231
1738264360.510499,631760.000,30487,1,T1,1,100,36.206
1738264360.643504,631893.000,30503,1,T1,1,100,36.337
1738264360.776509,632026.000,30533,1,T1,1,100,36.252
1738264360.910514,632160.000,30550,1,T1,1,100,36.286
1738264361.043519,632293.000,30565,1,T1,1,100,36.195
1738264361.176524,632426.000,30598,1,T1,1,100,36.191
1738264361.310529,632560.000,30614,1,T1,1,100,36.189
1738264361.443534,632693.000,30629,1,T1,1,100,36.153
1738264361.576539,632826.000,30665,1,T1,1,100,36.066
1738264361.710544,632960.000,30681,1,T1,1,100,36.170
1738264361.843549,633093.000,30696,1,T1,1,100,36.145
1738264361.976554,633226.000,30727,1,T1,1,100,36.275
1738264362.110559,633360.000,30743,1,T1,1,100,36.226
1738264362.243565,633493.000,30759,1,T1,1,100,36.275
1738264362.376570,633626.000,30789,1,T1,1,100,36.296
1738264362.510575,633760.000,30805,1,T1,1,100,36.341
1738264362.643580,633893.000,30821,1,T1,1,100,36.396
1738264362.776585,634026.000,30837,1,T1,1,100,36.384
1738264362.909590,634159.000,30868,1,T1,1,100,36.343
1738264363.043595,634293.000,30883,1,T1,1,100,36.184
1738264363.176600,634426.000,30899,1,T1,1,100,36.151
1738264363.309605,634559.000,30932,1,T1,1,100,36.172
1738264363.443610,634693.000,30947,1,T1,1,100,36.145
1738264363.576615,634826.000,30964,1,T1,1,100,36.134
1738264363.709620,634959.000,30994,1,T1,1,100,36.129
1738264363.843125,635092.500,31013,2,T1,1,100,36.198
1738264363.976630,635226.000,31013,2,T1,1,100,36.156
1738264364.109635,635359.000,31045,1,T1,1,100,36.209
1738264364.243640,635493.000,31061,1,T1,1,100,36.197
1738264364.376646,635626.000,31077,1,T1,1,100,36.192
1738264364.509650,635759.000,31108,1,T1,1,100,36.189
1738264364.643656,635893.000,31123,1,T1,1,100,36.188
1738264364.776661,636026.000,31139,1,T1,1,100,36.223
1738264364.909666,636159.000,31155,1,T1,1,100,36.309
1738264365.043671,636293.000,31185,1,T1,1,100,36.240
1738264365.176676,636426.000,31201,1,T1,1,100,36.210
1738264365.309681,636559.000,31219,1,T1,1,100,36.233
1738264365.443686,636693.000,31249,1,T1,1,100,36.207
1738264365.576691,636826.000,31266,1,T1,1,100,36.161
1738264365.709696,636959.000,31281,1,T1,1,100,36.211
1738264365.842701,637092.000,31314,1,T1,1,100,36.304
1738264365.976706,637226.000,31332,1,T1,1,100,36.203
1738264366.109711,637359.000,31347,1,T1,1,100,36.265
1738264366.242716,637492.000,31380,1,T1,1,100,36.292
1738264366.376721,637626.000,31396,1,T1,1,100,36.304
1738264366.509726,637759.000,31411,1,T1,1,100,36.309
1738264366.642731,637892.000,31431,1,T1,1,100,36.240
1738264366.776736,638026.000,31447,1,T1,1,100,36.246
1738264366.909742,638159.000,31463,1,T1,1,100,36.248
1738264367.042747,638292.000,31479,1,T1,1,100,36.285
1738264367.176752,638426.000,31512,1,T1,1,100,36.194
1738264367.309757,638559.000,31527,1,T1,1,100,36.119
1738264367.442762,638692.000,31545,1,T1,1,100,36.194
1738264367.576767,638826.000,31576,1,T1,1,100,36.190
1738264367.709772,638959.000,31591,1,T1,1,100,36.189
1738264367.842777,639092.000,31607,1,T1,1,100,36.259
1738264367.976782,639226.000,31638,1,T1,1,100,36.183
1738264368.109787,639359.000,31655,1,T1,1,100,36.221
1738264368.242792,639492.000,31672,1,T1,1,100,36.273
1738264368.376797,639626.000,31704,1,T1,1,100,36.331
1738264368.509802,639759.000,31719,1,T1,1,100,36.285
1738264368.642807,639892.000,31736,1,T1,1,100,36.230
1738264368.776812,640026.000,31766,1,T1,1,100,36.277
1738264368.909817,640159.000,31782,1,T1,1,100,36.297
1738264369.042822,640292.000,31798,1,T1,1,100,36.377
1738264369.175828,640425.000,31813,1,T1,1,100,36.340
1738264369.309833,640559.000,31846,1,T1,1,100,36.254
1738264369.442838,640692.000,31862,1,T1,1,100,36.287
1738264369.575843,640825.000,31878,1,T1,1,100,36.301
1738264369.709848,640959.000,31910,1,T1,1,100,36.272
1738264369.842853,641092.000,31926,1,T1,1,100,36.295
1738264369.975858,641225.000,31944,1,T1,1,100,36.340
1738264370.109863,641359.000,31974,1,T1,1,100,36.289
1738264370.242868,641492.000,31991,1,T1,1,100,36.196
1738264370.375873,641625.000,32006,1,T1,1,100,36.191
1738264370.509878,641759.000,32037,1,T1,1,100,36.225
1738264370.642883,641892.000,32053,1,T1,1,100,36.204
1738264370.775888,642025.000,32068,1,T1,1,100,36.301
1738264370.909893,642159.000,32099,1,T1,1,100,36.201
1738264371.042898,642292.000,32115,1,T1,1,100,36.193
1738264371.175903,642425.000,32132,1,T1,1,100,36.155
1738264371.309908,642559.000,32149,1,T1,1,100,36.173
1738264371.442914,642692.000,32179,1,T1,1,100,36.181
1738264371.575918,642825.000,32195,1,T1,1,100,36.291
1738264371.709924,642959.000,32211,1,T1,1,100,36.232
1738264371.842929,643092.000,32251,1,T1,1,100,36.242
1738264371.975934,643225.000,32266,1,T1,1,100,36.282
1738264372.109939,643359.000,32282,1,T1,1,100,36.299
1738264372.242944,643492.000,32313,1,T1,1,100,36.307
1738264372.375949,643625.000,32328,1,T1,1,100,36.133
1738264372.508954,643758.000,32344,1,T1,1,100,36.128
1738264372.642959,643892.000,32375,1,T1,1,100,36.233
1738264372.775964,644025.000,32390,1,T1,1,100,36.278
1738264372.908969,644158.000,32407,1,T1,1,100,36.227
1738264373.042974,644292.000,32437,1,T1,1,100,36.240
1738264373.175979,644425.000,32454,1,T1,1,100,36.246
1738264373.308984,644558.000,32473,1,T1,1,100,36.177
1738264373.442989,644692.000,32503,1,T1,1,100,36.148
1738264373.575994,644825.000,32519,1,T1,1,100,36.277
1738264373.708999,644958.000,32535,1,T1,1,100,36.297
1738264373.843004,645092.000,32550,1,T1,1,100,36.270
1738264373.976010,645225.000,32583,1,T1,1,100,36.223
1738264374.109015,645358.000,32599,1,T1,1,100,36.309
1738264374.243020,645492.000,32615,1,T1,1,100,36.276
1738264374.376025,645625.000,32645,1,T1,1,100,36.297
1738264374.509030,645758.000,32661,1,T1,1,100,36.270
1738264374.643035,645892.000,32679,1,T1,1,100,36.330
1738264374.776040,646025.000,32709,1,T1,1,100,36.355
1738264374.909045,646158.000,32726,1,T1,1,100,36.260
1738264375.043050,646292.000,32743,1,T1,1,100,36.325
1738264375.176055,646425.000,32774,1,T1,1,100,36.353
1738264375.309060,646558.000,32790,1,T1,1,100,36.330
1738264375.443065,646692.000,32805,1,T1,1,100,36.249
1738264375.576070,646825.000,32821,1,T1,1,100,36.321
1738264375.709075,646958.000,32852,1,T1,1,100,36.351
1738264375.842080,647091.000,32867,1,T1,1,100,36.223
1738264375.976085,647225.000,32884,1,T1,1,100,36.309
1738264376.109090,647358.000,32916,1,T1,1,100,36.347
1738264376.243096,647492.000,32934,1,T1,1,100,36.363
1738264376.376101,647625.000,32952,1,T1,1,100,36.370
1738264376.509106,647758.000,32983,1,T1,1,100,36.231
1738264376.642111,647891.000,32998,1,T1,1,100,36.277
1738264376.776116,648025.000,33016,1,T1,1,100,36.262
1738264376.909121,648158.000,33038,1,T1,1,100,36.184
1738264377.042126,648291.000,33053,1,T1,1,100,36.151
1738264377.176131,648425.000,33069,1,T1,1,100,36.136
1738264377.309136,648558.000,33100,1,T1,1,100,36.201
1738264377.442141,648691.000,33115,1,T1,1,100,36.229
1738264377.576146,648825.000,33132,1,T1,1,100,36.241
1738264377.709151,648958.000,33162,1,T1,1,100,36.211
1738264377.842156,649091.000,33177,1,T1,1,100,36.233
1738264377.976161,649225.000,33194,1,T1,1,100,36.243
1738264378.109166,649358.000,33224,1,T1,1,100,36.211
1738264378.242171,649491.000,33240,1,T1,1,100,36.127
1738264378.376176,649625.000,33258,1,T1,1,100,36.232
1738264378.509181,649758.000,33289,1,T1,1,100,36.278
1738264378.642186,649891.000,33304,1,T1,1,100,36.262
1738264378.776191,650025.000,33320,1,T1,1,100,36.220
1738264378.909197,650158.000,33351,1,T1,1,100,36.308
1738264379.042202,650291.000,33366,1,T1,1,100,36.240
1738264379.175207,650424.000,33382,1,T1,1,100,36.210
1738264379.309212,650558.000,33398,1,T1,1,100,36.162
1738264379.442217,650691.000,33430,1,T1,1,100,36.247
1738264379.575222,650824.000,33447,1,T1,1,100,36.284
1738264379.709227,650958.000,33464,1,T1,1,100,36.229
1738264379.842232,651091.000,33495,1,T1,1,100,36.312
1738264379.975237,651224.000,33511,1,T1,1,100,36.383
1738264380.109242,651358.000,33526,1,T1,1,100,36.379
1738264380.242247,651491.000,33557,1,T1,1,100,36.341
1738264380.375252,651624.000,33573,1,T1,1,100,36.325
1738264380.509257,651758.000,33588,1,T1,1,100,36.318
1738264380.642262,651891.000,33621,1,T1,1,100,36.279
1738264380.775267,652024.000,33637,1,T1,1,100,36.298
1738264380.909272,652158.000,33653,1,T1,1,100,36.200
1738264381.042278,652291.000,33683,1,T1,1,100,36.264
1738264381.175282,652424.000,33699,1,T1,1,100,36.291
1738264381.309288,652558.000,33715,1,T1,1,100,36.197
1738264381.442293,652691.000,33745,1,T1,1,100,36.263
1738264381.575298,652824.000,33762,1,T1,1,100,36.326
1738264381.709303,652958.000,33777,1,T1,1,100,36.141
1738264381.842308,653091.000,33793,1,T1,1,100,36.203
1738264381.975313,653224.000,33829,1,T1,1,100,36.265
1738264382.109318,653358.000,33844,1,T1,1,100,36.292
1738264382.242323,653491.000,33863,1,T1,1,100,36.304
1738264382.375328,653624.000,33878,1,T1,1,100,36.309
1738264382.509333,653758.000,33894,1,T1,1,100,36.346
1738264382.642338,653891.000,33925,1,T1,1,100,36.292
1738264382.775343,654024.000,33940,1,T1,1,100,36.339
1738264382.908348,654157.000,33957,1,T1,1,100,36.253
1738264383.042353,654291.000,33989,1,T1,1,100,36.358
1738264383.175359,654424.000,34004,1,T1,1,100,36.297
1738264383.308363,654557.000,34025,1,T1,1,100,36.306
1738264383.442369,654691.000,34055,1,T1,1,100,36.310
1738264383.575374,654824.000,34071,1,T1,1,100,36.311
1738264383.708379,654957.000,34087,1,T1,1,100,36.276
1738264383.842384,655091.000,34118,1,T1,1,100,36.297
1738264383.975389,655224.000,34133,1,T1,1,100,36.270
1738264384.108394,655357.000,34149,1,T1,1,100,36.330
1738264384.242399,655491.000,34164,1,T1,1,100,36.284
1738264384.375404,655624.000,34197,1,T1,1,100,36.300
1738264384.508409,655757.000,34213,1,T1,1,100,36.307
1738264384.642414,655891.000,34229,1,T1,1,100,36.310
1738264384.775419,656024.000,34259,1,T1,1,100,36.312
1738264384.908424,656157.000,34276,1,T1,1,100,36.277
1738264385.042429,656291.000,34291,1,T1,1,100,36.226
1738264385.175434,656424.000,34322,1,T1,1,100,36.311
1738264385.308439,656557.000,34338,1,T1,1,100,36.347
1738264385.442444,656691.000,34353,1,T1,1,100,36.398
1738264385.575449,656824.000,34384,1,T1,1,100,36.421
1738264385.708455,656957.000,34400,1,T1,1,100,36.359
1738264385.841460,657090.000,34415,1,T1,1,100,36.368
1738264385.975465,657224.000,34448,1,T1,1,100,36.301
1738264386.108470,657357.000,34464,1,T1,1,100,36.343
1738264386.241475,657490.000,34480,1,T1,1,100,36.361
1738264386.375480,657624.000,34496,1,T1,1,100,36.263
1738264386.508485,657757.000,34526,1,T1,1,100,36.220
1738264386.641490,657890.000,34542,1,T1,1,100,36.237
1738264386.775495,658024.000,34560,1,T1,1,100,36.280
1738264386.908500,658157.000,34591,1,T1,1,100,36.263
1738264387.041505,658290.000,34606,1,T1,1,100,36.185
1738264387.175510,658424.000,34627,1,T1,1,100,36.257
1738264387.308515,658557.000,34643,1,T1,1,100,36.324
1738264387.442520,658691.000,34659,1,T1,1,100,36.353
1738264387.575525,658824.000,34692,1,T1,1,100,36.365
1738264387.708530,658957.000,34707,1,T1,1,100,36.335
1738264387.841535,659090.000,34725,1,T1,1,100,36.393
1738264387.975540,659224.000,34756,1,T1,1,100,36.312
1738264388.108546,659357.000,34771,1,T1,1,100,36.206
1738264388.241550,659490.000,34790,1,T1,1,100,36.266
1738264388.375556,659624.000,34824,1,T1,1,100,36.293
1738264388.508561,659757.000,34839,1,T1,1,100,36.197
1738264388.641566,659890.000,34856,1,T1,1,100,36.263
1738264388.775571,660024.000,34886,1,T1,1,100,36.326
1738264388.908576,660157.000,34902,1,T1,1,100,36.319
1738264389.041581,660290.000,34918,1,T1,1,100,36.351
1738264389.175586,660424.000,34949,1,T1,1,100,36.364
1738264389.308591,660557.000,34964,1,T1,1,100,36.370
1738264389.441596,660690.000,34980,1,T1,1,100,36.373
1738264389.574601,660823.000,34995,1,T1,1,100,36.339
1738264389.708606,660957.000,35028,1,T1,1,100,36.324
1738264389.841611,661090.000,35044,1,T1,1,100,36.353
1738264389.975616,661224.000,35062,1,T1,1,100,36.330
1738264390.108621,661357.000,35092,1,T1,1,100,36.391
1738264390.241627,661490.000,35109,1,T1,1,100,36.276
1738264390.374631,661623.000,35124,1,T1,1,100,36.297
1738264390.508636,661757.000,35157,1,T1,1,100,36.341
1738264390.641642,661890.000,35173,1,T1,1,100,36.254
1738264390.774647,662023.000,35188,1,T1,1,100,36.323
1738264390.908652,662157.000,35219,1,T1,1,100,36.317
1738264391.041657,662290.000,35235,1,T1,1,100,36.279
1738264391.174662,662423.000,35252,1,T1,1,100,36.227
1738264391.308667,662557.000,35283,1,T1,1,100,36.205
1738264391.441672,662690.000,35299,1,T1,1,100,36.408
1738264391.574677,662823.000,35315,1,T1,1,100,36.354
1738264391.708682,662957.000,35331,1,T1,1,100,36.330
1738264391.841687,663090.000,35361,1,T1,1,100,36.427
1738264391.974692,663223.000,35377,1,T1,1,100,36.468
1738264392.108697,663357.000,35393,1,T1,1,100,36.415
1738264392.241702,663490.000,35431,1,T1,1,100,36.357
1738264392.374707,663623.000,35446,1,T1,1,100,36.367
1738264392.507712,663756.000,35462,1,T1,1,100,36.372
1738264392.641717,663890.000,35478,1,T1,1,100,36.374
1738264392.774723,664023.000,35494,1,T1,1,100,36.374
1738264392.907727,664156.000,35527,1,T1,1,100,36.446
1738264393.041733,664290.000,35542,1,T1,1,100,36.370
1738264393.174738,664423.000,35558,1,T1,1,100,36.337
1738264393.307743,664556.000,35591,1,T1,1,100,36.359
1738264393.441748,664690.000,35608,1,T1,1,100,36.333
1738264393.574753,664823.000,35625,1,T1,1,100,36.357
1738264393.707758,664956.000,35655,1,T1,1,100,36.367
1738264393.841763,665090.000,35670,1,T1,1,100,36.265
1738264393.974768,665223.000,35689,1,T1,1,100,36.292
1738264394.107773,665356.000,35719,1,T1,1,100,36.304
1738264394.241778,665490.000,35735,1,T1,1,100,36.344
1738264394.374783,665623.000,35751,1,T1,1,100,36.326
1738264394.507788,665756.000,35784,1,T1,1,100,36.389
1738264394.641793,665890.000,35799,1,T1,1,100,36.346
1738264394.774798,666023.000,35815,1,T1,1,100,36.362
1738264394.907803,666156.000,35830,1,T1,1,100,36.299
1738264395.041808,666290.000,35861,1,T1,1,100,36.271
1738264395.174814,666423.000,35879,1,T1,1,100,36.365
1738264395.307819,666556.000,35895,1,T1,1,100,36.335
1738264395.441824,666690.000,35927,1,T1,1,100,36.358
1738264395.574829,666823.000,35944,1,T1,1,100,36.403
1738264395.707834,666956.000,35959,1,T1,1,100,36.387
1738264395.840839,667089.000,35975,1,T1,1,100,36.416
1738264395.974844,667223.000,35991,1,T1,1,100,36.393
1738264396.107849,667356.000,36021,1,T1,1,100,36.383
1738264396.240854,667489.000,36038,1,T1,1,100,36.343
1738264396.374859,667623.000,36053,1,T1,1,100,36.290
1738264396.507864,667756.000,36069,1,T1,1,100,36.303
1738264396.640869,667889.000,36104,1,T1,1,100,36.415
1738264396.774874,668023.000,36119,1,T1,1,100,36.428
1738264396.907879,668156.000,36136,1,T1,1,100,36.327
1738264397.040884,668289.000,36166,1,T1,1,100,36.354
1738264397.174889,668423.000,36183,1,T1,1,100,36.366
1738264397.307894,668556.000,36200,1,T1,1,100,36.229
1738264397.440899,668689.000,36220,1,T1,1,100,36.347
1738264397.574904,668823.000,36236,1,T1,1,100,36.399
1738264397.707910,668956.000,36267,1,T1,1,100,36.421
1738264397.840914,669089.000,36284,1,T1,1,100,36.324
1738264397.974920,669223.000,36301,1,T1,1,100,36.317
1738264398.107925,669356.000,36333,1,T1,1,100,36.421
1738264398.240930,669489.000,36349,1,T1,1,100,36.359
1738264398.374935,669623.000,36367,1,T1,1,100,36.404
1738264398.507940,669756.000,36398,1,T1,1,100,36.387
1738264398.640945,669889.000,36413,1,T1,1,100,36.416
1738264398.774950,670023.000,36429,1,T1,1,100,36.286
1738264398.907955,670156.000,36460,1,T1,1,100,36.301
1738264399.040960,670289.000,36475,1,T1,1,100,36.414
1738264399.174965,670423.000,36491,1,T1,1,100,36.534
1738264399.307970,670556.000,36507,1,T1,1,100,36.515
1738264399.440975,670689.000,36537,1,T1,1,100,36.329
1738264399.574980,670823.000,36554,1,T1,1,100,36.249
1738264399.707985,670956.000,36569,1,T1,1,100,36.391
1738264399.840991,671089.000,36600,1,T1,1,100,36.311
1738264399.973995,671222.000,36616,1,T1,1,100,36.347
1738264400.108001,671356.000,36631,1,T1,1,100,36.292
1738264400.241006,671489.000,36662,1,T1,1,100,36.268
1738264400.374011,671622.000,36678,1,T1,1,100,36.329
1738264400.508016,671756.000,36693,1,T1,1,100,36.213
1738264400.641021,671889.000,36724,1,T1,1,100,36.199
1738264400.774026,672022.000,36740,1,T1,1,100,36.334
1738264400.908031,672156.000,36756,1,T1,1,100,36.251
1738264401.041036,672289.000,36786,1,T1,1,100,36.321
1738264401.174041,672422.000,36804,1,T1,1,100,36.352
1738264401.308046,672556.000,36820,1,T1,1,100,36.329
1738264401.441051,672689.000,36836,1,T1,1,100,36.391
1738264401.574056,672822.000,36867,1,T1,1,100,36.311
1738264401.708061,672956.000,36882,1,T1,1,100,36.312
1738264401.841066,673089.000,36900,1,T1,1,100,36.277
1738264401.974071,673222.000,36931,1,T1,1,100,36.297
1738264402.108076,673356.000,36946,1,T1,1,100,36.270
1738264402.241081,673489.000,36963,1,T1,1,100,36.330
1738264402.374087,673622.000,36993,1,T1,1,100,36.355
1738264402.508092,673756.000,37017,1,T1,1,100,36.331
1738264402.641097,673889.000,37032,1,T1,1,100,36.250
1738264402.774102,674022.000,37048,1,T1,1,100,36.285
1738264402.907107,674155.000,37064,1,T1,1,100,36.336
1738264403.041112,674289.000,37094,1,T1,1,100,36.287
1738264403.174117,674422.000,37114,1,T1,1,100,36.337
1738264403.307122,674555.000,37132,1,T1,1,100,36.323
1738264403.441127,674689.000,37162,1,T1,1,100,36.423
1738264403.574132,674822.000,37179,1,T1,1,100,36.431
1738264403.707137,674955.000,37196,1,T1,1,100,36.293
1738264403.841142,675089.000,37212,1,T1,1,100,36.375
1738264403.974147,675222.000,37243,1,T1,1,100,36.340
1738264404.107152,675355.000,37258,1,T1,1,100,36.360
1738264404.241157,675489.000,37275,1,T1,1,100,36.262
1738264404.374162,675622.000,37307,1,T1,1,100,36.397
1738264404.507167,675755.000,37322,1,T1,1,100,36.349
1738264404.641172,675889.000,37341,1,T1,1,100,36.364
1738264404.774178,676022.000,37371,1,T1,1,100,36.441
1738264404.907183,676155.000,37387,1,T1,1,100,36.439
1738264405.041188,676289.000,37405,1,T1,1,100,36.438
1738264405.174193,676422.000,37436,1,T1,1,100,36.402
1738264405.307198,676555.000,37451,1,T1,1,100,36.387
1738264405.441203,676689.000,37467,1,T1,1,100,36.416
1738264405.574208,676822.000,37498,1,T1,1,100,36.393
1738264405.707213,676955.000,37513,1,T1,1,100,36.454
1738264405.841218,677089.000,37529,1,T1,1,100,36.303
1738264405.974223,677222.000,37562,1,T1,1,100,36.308
1738264406.107228,677355.000,37577,1,T1,1,100,36.346
1738264406.240233,677488.000,37594,1,T1,1,100,36.327
1738264406.374238,677622.000,37609,1,T1,1,100,36.283
1738264406.507243,677755.000,37640,1,T1,1,100,36.300
1738264406.640248,677888.000,37658,1,T1,1,100,36.307
1738264406.774253,678022.000,37673,1,T1,1,100,36.346
1738264406.907259,678155.000,37704,1,T1,1,100,36.469
1738264407.040263,678288.000,37720,1,T1,1,100,36.416
1738264407.174268,678422.000,37735,1,T1,1,100,36.428
1738264407.307274,678555.000,37766,1,T1,1,100,36.398
1738264407.440279,678688.000,37782,1,T1,1,100,36.385
1738264407.574284,678822.000,37798,1,T1,1,100,36.450
1738264407.707289,678955.000,37819,1,T1,1,100,36.478
1738264407.840294,679088.000,37836,1,T1,1,100,36.455
1738264407.974299,679222.000,37867,1,T1,1,100,36.374
1738264408.107304,679355.000,37883,1,T1,1,100,36.375
1738264408.240309,679488.000,37899,1,T1,1,100,36.375
1738264408.374314,679622.000,37933,1,T1,1,100,36.481
1738264408.507319,679755.000,37949,1,T1,1,100,36.315
1738264408.640324,679888.000,37965,1,T1,1,100,36.349
1738264408.774329,680022.000,37995,1,T1,1,100,36.364
1738264408.907334,680155.000,38012,1,T1,1,100,36.370
1738264409.040339,680288.000,38027,1,T1,1,100,36.444
1738264409.173344,680421.000,38043,1,T1,1,100,36.405
1738264409.307349,680555.000,38074,1,T1,1,100,36.352
1738264409.440355,680688.000,38089,1,T1,1,100,36.330
1738264409.573359,680821.000,38106,1,T1,1,100,36.355
1738264409.707365,680955.000,38138,1,T1,1,100,36.331
1738264409.840370,681088.000,38153,1,T1,1,100,36.427
1738264409.973375,681221.000,38172,1,T1,1,100,36.362
1738264410.107380,681355.000,38202,1,T1,1,100,36.405
1738264410.240385,681488.000,38218,1,T1,1,100,36.388
1738264410.373390,681621.000,38234,1,T1,1,100,36.345
1738264410.507395,681755.000,38265,1,T1,1,100,36.362
1738264410.640400,681888.000,38280,1,T1,1,100,36.369
1738264410.774405,682022.000,38296,1,T1,1,100,36.408
1738264410.907410,682155.000,38314,1,T1,1,100,36.425
1738264411.040415,682288.000,38344,1,T1,1,100,36.361
1738264411.173420,682421.000,38360,1,T1,1,100,36.404
1738264411.307425,682555.000,38376,1,T1,1,100,36.459
1738264411.440430,682688.000,38406,1,T1,1,100,36.305
1738264411.573435,682821.000,38423,1,T1,1,100,36.309
1738264411.707440,682955.000,38438,1,T1,1,100,36.382
1738264411.840446,683088.000,38469,1,T1,1,100,36.449
1738264411.973451,683221.000,38485,1,T1,1,100,36.372
1738264412.107456,683355.000,38500,1,T1,1,100,36.303
1738264412.240461,683488.000,38531,1,T1,1,100,36.450
1738264412.373466,683621.000,38547,1,T1,1,100,36.407
1738264412.506471,683754.000,38562,1,T1,1,100,36.389
1738264412.640476,683888.000,38593,1,T1,1,100,36.417
1738264412.773481,684021.000,38616,1,T1,1,100,36.499
1738264412.906486,684154.000,38632,1,T1,1,100,36.429
1738264413.040491,684288.000,38648,1,T1,1,100,36.327
1738264413.173496,684421.000,38665,1,T1,1,100,36.283
1738264413.306501,684554.000,38698,1,T1,1,100,36.371
1738264413.440506,684688.000,38714,1,T1,1,100,36.373
1738264413.573511,684821.000,38730,1,T1,1,100,36.410
1738264413.706516,684954.000,38760,1,T1,1,100,36.319
1738264413.840521,685088.000,38776,1,T1,1,100,36.315
1738264413.973526,685221.000,38794,1,T1,1,100,36.278
1738264414.106531,685354.000,38810,1,T1,1,100,36.333
1738264414.240536,685488.000,38841,1,T1,1,100,36.428
1738264414.373542,685621.000,38856,1,T1,1,100,36.362
1738264414.506547,685754.000,38872,1,T1,1,100,36.370
1738264414.640552,685888.000,38905,1,T1,1,100,36.373
1738264414.773557,686021.000,38920,1,T1,1,100,36.339
1738264414.906562,686154.000,38937,1,T1,1,100,36.430
1738264415.040567,686288.000,38967,1,T1,1,100,36.470
1738264415.173572,686421.000,38982,1,T1,1,100,36.381
1738264415.306577,686554.000,38999,1,T1,1,100,36.377
1738264415.440582,686688.000,39029,1,T1,1,100,36.589
1738264415.573587,686821.000,39045,1,T1,1,100,36.467
1738264415.706592,686954.000,39061,1,T1,1,100,36.415
1738264415.840597,687088.000,39092,1,T1,1,100,36.392
1738264415.973602,687221.000,39107,1,T1,1,100,36.453
1738264416.106607,687354.000,39123,1,T1,1,100,36.338
1738264416.239612,687487.000,39138,1,T1,1,100,36.430
1738264416.373617,687621.000,39169,1,T1,1,100,36.470
1738264416.506623,687754.000,39185,1,T1,1,100,36.522
1738264416.639627,687887.000,39201,1,T1,1,100,36.439
1738264416.773633,688021.000,39231,1,T1,1,100,36.332
1738264416.906638,688154.000,39250,1,T1,1,100,36.392
1738264417.039643,688287.000,39265,1,T1,1,100,36.382
1738264417.173648,688421.000,39296,1,T1,1,100,36.414
1738264417.306653,688554.000,39312,1,T1,1,100,36.356
1738264417.439658,688687.000,39327,1,T1,1,100,36.402
1738264417.573663,688821.000,39358,1,T1,1,100,36.316
1738264417.706668,688954.000,39374,1,T1,1,100,36.349
1738264417.839673,689087.000,39389,1,T1,1,100,36.364
1738264417.973678,689221.000,39411,1,T1,1,100,36.477
1738264418.106683,689354.000,39426,1,T1,1,100,36.525
1738264418.239688,689487.000,39459,1,T1,1,100,36.440
1738264418.373693,689621.000,39475,1,T1,1,100,36.403
1738264418.506698,689754.000,39490,1,T1,1,100,36.494
1738264418.639703,689887.000,39521,1,T1,1,100,36.426
1738264418.773709,690021.000,39539,1,T1,1,100,36.433
1738264418.906713,690154.000,39555,1,T1,1,100,36.471
1738264419.039719,690287.000,39585,1,T1,1,100,36.487
1738264419.173724,690421.000,39601,1,T1,1,100,36.495
1738264419.306729,690554.000,39617,1,T1,1,100,36.391
1738264419.439734,690687.000,39649,1,T1,1,100,36.524
1738264419.572739,690820.000,39666,1,T1,1,100,36.439
1738264419.706744,690954.000,39681,1,T1,1,100,36.403
1738264419.839749,691087.000,39697,1,T1,1,100,36.458
1738264419.972754,691220.000,39728,1,T1,1,100,36.482
1738264420.106759,691354.000,39743,1,T1,1,100,36.421
1738264420.239764,691487.000,39762,1,T1,1,100,36.360
1738264420.372769,691620.000,39792,1,T1,1,100,36.333
1738264420.506774,691754.000,39807,1,T1,1,100,36.428
1738264420.639779,691887.000,39824,1,T1,1,100,36.469
1738264420.772784,692020.000,39856,1,T1,1,100,36.486
1738264420.906789,692154.000,39872,1,T1,1,100,36.459
1738264421.039794,692287.000,39888,1,T1,1,100,36.482
1738264421.172799,692420.000,39919,1,T1,1,100,36.457
1738264421.306804,692554.000,39934,1,T1,1,100,36.481
1738264421.439810,692687.000,39950,1,T1,1,100,36.350
1738264421.572815,692820.000,39983,1,T1,1,100,36.471
1738264421.706820,692954.000,39998,1,T1,1,100,36.452
1738264421.839825,693087.000,40014,1,T1,1,100,36.479
1738264421.972830,693220.000,40030,1,T1,1,100,36.491
1738264422.106835,693354.000,40060,1,T1,1,100,36.496
1738264422.239840,693487.000,40077,1,T1,1,100,36.534
1738264422.372845,693620.000,40092,1,T1,1,100,36.479
1738264422.506850,693754.000,40123,1,T1,1,100,36.491
1738264422.639855,693887.000,40139,1,T1,1,100,36.496
1738264422.772860,694020.000,40154,1,T1,1,100,36.427
1738264422.905865,694153.000,40185,1,T1,1,100,36.433
1738264423.039870,694287.000,40206,1,T1,1,100,36.400
1738264423.172875,694420.000,40223,1,T1,1,100,36.457
1738264423.305880,694553.000,40242,1,T1,1,100,36.517
1738264423.439885,694687.000,40257,1,T1,1,100,36.401
1738264423.572891,694820.000,40288,1,T1,1,100,36.351
1738264423.705895,694953.000,40304,1,T1,1,100,36.471
1738264423.839900,695087.000,40319,1,T1,1,100,36.452
1738264423.972906,695220.000,40350,1,T1,1,100,36.444
1738264424.105911,695353.000,40366,1,T1,1,100,36.405
1738264424.239916,695487.000,40382,1,T1,1,100,36.530
1738264424.372921,695620.000,40412,1,T1,1,100,36.584
1738264424.505926,695753.000,40428,1,T1,1,100,36.501
1738264424.639931,695887.000,40444,1,T1,1,100,36.429
1738264424.772936,696020.000,40474,1,T1,1,100,36.469
1738264424.905941,696153.000,40491,1,T1,1,100,36.416
1738264425.039946,696287.000,40506,1,T1,1,100,36.393
1738264425.172951,696420.000,40522,1,T1,1,100,36.418
1738264425.305956,696553.000,40553,1,T1,1,100,36.394
1738264425.439961,696687.000,40568,1,T1,1,100,36.383
1738264425.572966,696820.000,40585,1,T1,1,100,36.378
1738264425.705971,696953.000,40615,1,T1,1,100,36.483
1738264425.838976,697086.000,40630,1,T1,1,100,36.457
1738264425.972981,697220.000,40647,1,T1,1,100,36.411
1738264426.105987,697353.000,40677,1,T1,1,100,36.461
1738264426.238991,697486.000,40693,1,T1,1,100,36.341
1738264426.372997,697620.000,40709,1,T1,1,100,36.360
1738264426.506002,697753.000,40740,1,T1,1,100,36.333
1738264426.640007,697887.000,40755,1,T1,1,100,36.357
1738264426.773012,698020.000,40771,1,T1,1,100,36.438
1738264426.906017,698153.000,40802,1,T1,1,100,36.438
1738264427.039022,698286.000,40817,1,T1,1,100,36.509
1738264427.173027,698420.000,40833,1,T1,1,100,36.362
1738264427.306032,698553.000,40849,1,T1,1,100,36.369
1738264427.439037,698686.000,40879,1,T1,1,100,36.479
1738264427.573042,698820.000,40896,1,T1,1,100,36.420
1738264427.706047,698953.000,40911,1,T1,1,100,36.430
1738264427.839052,699086.000,40944,1,T1,1,100,36.505
1738264427.973057,699220.000,40960,1,T1,1,100,36.467
1738264428.106062,699353.000,40975,1,T1,1,100,36.379
1738264428.239067,699486.000,40997,1,T1,1,100,36.377
1738264428.373073,699620.000,41015,1,T1,1,100,36.518
1738264428.506078,699753.000,41031,1,T1,1,100,36.472
1738264428.639083,699886.000,41047,1,T1,1,100,36.382
1738264428.773088,700020.000,41062,1,T1,1,100,36.413
1738264428.906093,700153.000,41093,1,T1,1,100,36.533
1738264429.039098,700286.000,41109,1,T1,1,100,36.373
1738264429.172103,700419.000,41124,1,T1,1,100,36.445
1738264429.306108,700553.000,41155,1,T1,1,100,36.370
1738264429.439113,700686.000,41171,1,T1,1,100,36.479
1738264429.573118,700820.000,41187,1,T1,1,100,36.456
1738264429.706123,700953.000,41217,1,T1,1,100,36.552
1738264429.839128,701086.000,41233,1,T1,1,100,36.522
1738264429.972133,701219.000,41249,1,T1,1,100,36.545
1738264430.106138,701353.000,41265,1,T1,1,100,36.484
1738264430.239143,701486.000,41296,1,T1,1,100,36.387
1738264430.372148,701619.000,41311,1,T1,1,100,36.486
1738264430.506153,701753.000,41327,1,T1,1,100,36.565
1738264430.639158,701886.000,41343,1,T1,1,100,36.493
1738264430.772163,702019.000,41373,1,T1,1,100,36.532
1738264430.906168,702153.000,41390,1,T1,1,100,36.443
1738264431.039174,702286.000,41405,1,T1,1,100,36.475
1738264431.172179,702419.000,41436,1,T1,1,100,36.489
1738264431.306184,702553.000,41452,1,T1,1,100,36.424
1738264431.439189,702686.000,41467,1,T1,1,100,36.467
1738264431.572194,702819.000,41498,1,T1,1,100,36.450
1738264431.706199,702953.000,41514,1,T1,1,100,36.443
1738264431.839204,703086.000,41529,1,T1,1,100,36.475
1738264431.972209,703219.000,41560,1,T1,1,100,36.560
1738264432.106214,703353.000,41576,1,T1,1,100,36.526
1738264432.239219,703486.000,41592,1,T1,1,100,36.476
1738264432.372224,703619.000,41622,1,T1,1,100,36.525
1738264432.506229,703753.000,41639,1,T1,1,100,36.546
1738264432.639234,703886.000,41654,1,T1,1,100,36.662
1738264432.772239,704019.000,41670,1,T1,1,100,36.535
1738264432.906245,704153.000,41686,1,T1,1,100,36.515
1738264433.039249,704286.000,41716,1,T1,1,100,36.471
1738264433.172255,704419.000,41732,1,T1,1,100,36.558
1738264433.305259,704552.000,41755,1,T1,1,100,36.561
1738264433.439265,704686.000,41771,1,T1,1,100,36.562
1738264433.572270,704819.000,41802,1,T1,1,100,36.562
1738264433.705275,704952.000,41819,1,T1,1,100,36.491
1738264433.839280,705086.000,41835,1,T1,1,100,36.532
1738264433.972285,705219.000,41851,1,T1,1,100,36.443
1738264434.105290,705352.000,41881,1,T1,1,100,36.440
1738264434.239295,705486.000,41898,1,T1,1,100,36.509
1738264434.372300,705619.000,41915,1,T1,1,100,36.469
1738264434.505305,705752.000,41946,1,T1,1,100,36.486
1738264434.639310,705886.000,41962,1,T1,1,100,36.494
1738264434.772315,706019.000,41977,1,T1,1,100,36.497
1738264434.905320,706152.000,41994,1,T1,1,100,36.499
1738264435.039325,706286.000,42026,1,T1,1,100,36.429
1738264435.172330,706419.000,42041,1,T1,1,100,36.540
1738264435.305336,706552.000,42058,1,T1,1,100,36.446
1738264435.439341,706686.000,42073,1,T1,1,100,36.370
1738264435.572345,706819.000,42104,1,T1,1,100,36.444
1738264435.705351,706952.000,42120,1,T1,1,100,36.476
1738264435.838356,707085.000,42137,1,T1,1,100,36.525
1738264435.972361,707219.000,42168,1,T1,1,100,36.440
1738264436.105366,707352.000,42184,1,T1,1,100,36.474
1738264436.238371,707485.000,42200,1,T1,1,100,36.489
1738264436.372376,707619.000,42230,1,T1,1,100,36.495
1738264436.505381,707752.000,42246,1,T1,1,100,36.392
1738264436.638386,707885.000,42262,1,T1,1,100,36.347
1738264436.772391,708019.000,42294,1,T1,1,100,36.434
1738264436.905396,708152.000,42311,1,T1,1,100,36.436
1738264437.038401,708285.000,42326,1,T1,1,100,36.401
1738264437.172406,708419.000,42342,1,T1,1,100,36.422
1738264437.305411,708552.000,42358,1,T1,1,100,36.466
1738264437.438416,708685.000,42390,1,T1,1,100,36.592
1738264437.572421,708819.000,42407,1,T1,1,100,36.433
1738264437.705426,708952.000,42422,1,T1,1,100,36.436
1738264437.838432,709085.000,42453,1,T1,1,100,36.472
1738264437.972437,709219.000,42469,1,T1,1,100,36.417
1738264438.105442,709352.000,42486,1,T1,1,100,36.464
1738264438.238447,709485.000,42519,1,T1,1,100,36.449
1738264438.372452,709619.000,42540,1,T1,1,100,36.513
1738264438.505457,709752.000,42557,1,T1,1,100,36.506
1738264438.638462,709885.000,42572,1,T1,1,100,36.432
1738264438.772467,710019.000,42588,1,T1,1,100,36.470
1738264438.905472,710152.000,42606,1,T1,1,100,36.558
1738264439.038477,710285.000,42636,1,T1,1,100,36.419
1738264439.172482,710419.000,42652,1,T1,1,100,36.429
1738264439.305487,710552.000,42668,1,T1,1,100,36.505
1738264439.438492,710685.000,42698,1,T1,1,100,36.538
1738264439.571497,710818.000,42715,1,T1,1,100,36.552
1738264439.705502,710952.000,42730,1,T1,1,100,36.451
1738264439.838507,711085.000,42761,1,T1,1,100,36.479
1738264439.971512,711218.000,42777,1,T1,1,100,36.420
1738264440.105517,711352.000,42792,1,T1,1,100,36.394
1738264440.238523,711485.000,42825,1,T1,1,100,36.419
1738264440.371527,711618.000,42841,1,T1,1,100,36.465
1738264440.505533,711752.000,42856,1,T1,1,100,36.414
1738264440.638538,711885.000,42873,1,T1,1,100,36.427
1738264440.771543,712018.000,42903,1,T1,1,100,36.433
1738264440.905548,712152.000,42919,1,T1,1,100,36.471
1738264441.038553,712285.000,42935,1,T1,1,100,36.487
1738264441.171558,712418.000,42950,1,T1,1,100,36.459
1738264441.305563,712552.000,42983,1,T1,1,100,36.518
1738264441.438568,712685.000,42999,1,T1,1,100,36.508
1738264441.571573,712818.000,43015,1,T1,1,100,36.432
1738264441.705578,712952.000,43045,1,T1,1,100,36.435
1738264441.838583,713085.000,43061,1,T1,1,100,36.472
1738264441.971588,713218.000,43077,1,T1,1,100,36.452
1738264442.105593,713352.000,43107,1,T1,1,100,36.479
1738264442.238598,713485.000,43124,1,T1,1,100,36.597
1738264442.371603,713618.000,43139,1,T1,1,100,36.542
1738264442.504608,713751.000,43155,1,T1,1,100,36.518
1738264442.638613,713885.000,43186,1,T1,1,100,36.472
1738264442.771619,714018.000,43203,1,T1,1,100,36.488
1738264442.904624,714151.000,43220,1,T1,1,100,36.566
1738264443.038629,714285.000,43235,1,T1,1,100,36.564
1738264443.171634,714418.000,43252,1,T1,1,100,36.457
1738264443.304972,714551.333,43278,3,T1,1,100,36.410
1738264443.438311,714684.667,43278,3,T1,1,100,36.461
1738264443.571649,714818.000,43278,3,T1,1,100,36.519
1738264443.704654,714951.000,43293,1,T1,1,100,36.508
1738264443.838659,715085.000,43310,1,T1,1,100,36.468
1738264443.971664,715218.000,43325,1,T1,1,100,36.451
1738264444.104669,715351.000,43341,1,T1,1,100,36.550
1738264444.238674,715485.000,43372,1,T1,1,100,36.486
1738264444.371679,715618.000,43387,1,T1,1,100,36.494
1738264444.504684,715751.000,43403,1,T1,1,100,36.533
1738264444.638689,715885.000,43419,1,T1,1,100,36.621
1738264444.771694,716018.000,43451,1,T1,1,100,36.588
1738264444.904700,716151.000,43468,1,T1,1,100,36.502
1738264445.038705,716285.000,43483,1,T1,1,100,36.537
1738264445.171710,716418.000,43514,1,T1,1,100,36.551
1738264445.304715,716551.000,43530,1,T1,1,100,36.558
1738264445.438720,716685.000,43545,1,T1,1,100,36.560
1738264445.571725,716818.000,43578,1,T1,1,100,36.562
1738264445.704730,716951.000,43594,1,T1,1,100,36.527
1738264445.837735,717084.000,43609,1,T1,1,100,36.512
1738264445.971740,717218.000,43640,1,T1,1,100,36.540
1738264446.104745,717351.000,43656,1,T1,1,100,36.518
1738264446.237750,717484.000,43672,1,T1,1,100,36.543
1738264446.371755,717618.000,43704,1,T1,1,100,36.483
1738264446.504760,717751.000,43720,1,T1,1,100,36.422
1738264446.637765,717884.000,43736,1,T1,1,100,36.537
1738264446.771770,718018.000,43766,1,T1,1,100,36.410
1738264446.904775,718151.000,43783,1,T1,1,100,36.496
1738264447.037780,718284.000,43798,1,T1,1,100,36.392
1738264447.171785,718418.000,43814,1,T1,1,100,36.524
1738264447.304790,718551.000,43845,1,T1,1,100,36.510
1738264447.437796,718684.000,43860,1,T1,1,100,36.434
1738264447.571801,718818.000,43877,1,T1,1,100,36.507
1738264447.704806,718951.000,43909,1,T1,1,100,36.574
1738264447.837811,719084.000,43924,1,T1,1,100,36.532
1738264447.971816,719218.000,43941,1,T1,1,100,36.478
1738264448.104821,719351.000,43971,1,T1,1,100,36.562
1738264448.237826,719484.000,43987,1,T1,1,100,36.491
1738264448.371831,719618.000,44005,1,T1,1,100,36.496
1738264448.504836,719751.000,44036,1,T1,1,100,36.463
1738264448.638341,719884.500,44059,2,T1,1,100,36.484
1738264448.771846,720018.000,44059,2,T1,1,100,36.529
1738264448.904851,720151.000,44090,1,T1,1,100,36.548
1738264449.037856,720284.000,44105,1,T1,1,100,36.485
1738264449.170861,720417.000,44123,1,T1,1,100,36.600
1738264449.304866,720551.000,44154,1,T1,1,100,36.579
1738264449.437871,720684.000,44169,1,T1,1,100,36.534
1738264449.571877,720818.000,44186,1,T1,1,100,36.550
1738264449.704881,720951.000,44201,1,T1,1,100,36.593
1738264449.837887,721084.000,44231,1,T1,1,100,36.646
1738264449.971892,721218.000,44250,1,T1,1,100,36.563
1738264450.104897,721351.000,44265,1,T1,1,100,36.563
1738264450.237902,721484.000,44296,1,T1,1,100,36.492
1738264450.370907,721617.000,44312,1,T1,1,100,36.461
1738264450.504912,721751.000,44327,1,T1,1,100,36.483
1738264450.637917,721884.000,44358,1,T1,1,100,36.422
1738264450.770922,722017.000,44374,1,T1,1,100,36.395
1738264450.904927,722151.000,44390,1,T1,1,100,36.490
1738264451.037932,722284.000,44420,1,T1,1,100,36.460
1738264451.170937,722417.000,44436,1,T1,1,100,36.412
1738264451.304942,722551.000,44452,1,T1,1,100,36.497
1738264451.437947,722684.000,44468,1,T1,1,100,36.428
1738264451.570952,722817.000,44499,1,T1,1,100,36.469
1738264451.704957,722951.000,44514,1,T1,1,100,36.451
1738264451.837962,723084.000,44532,1,T1,1,100,36.514
1738264451.970968,723217.000,44563,1,T1,1,100,36.506
1738264452.104973,723351.000,44578,1,T1,1,100,36.432
1738264452.237978,723484.000,44595,1,T1,1,100,36.470
1738264452.370983,723617.000,44627,1,T1,1,100,36.523
1738264452.503988,723750.000,44642,1,T1,1,100,36.510
1738264452.637993,723884.000,44659,1,T1,1,100,36.398
1738264452.770998,724017.000,44689,1,T1,1,100,36.456
1738264452.905003,724151.000,44705,1,T1,1,100,36.516
1738264453.038008,724284.000,44721,1,T1,1,100,36.543
1738264453.171013,724417.000,44736,1,T1,1,100,36.412
1738264453.304018,724550.000,44769,1,T1,1,100,36.426
1738264453.438023,724684.000,44785,1,T1,1,100,36.504
1738264453.571028,724817.000,44803,1,T1,1,100,36.537
1738264453.704033,724950.000,44833,1,T1,1,100,36.481
1738264453.838038,725084.000,44853,1,T1,1,100,36.421
1738264453.971043,725217.000,44870,1,T1,1,100,36.537
1738264454.104048,725350.000,44886,1,T1,1,100,36.551
1738264454.238053,725484.000,44917,1,T1,1,100,36.522
1738264454.371058,725617.000,44932,1,T1,1,100,36.474
1738264454.504064,725750.000,44948,1,T1,1,100,36.524
1738264454.638069,725884.000,44964,1,T1,1,100,36.546
1738264454.771074,726017.000,44994,1,T1,1,100,36.520
1738264454.904079,726150.000,45011,1,T1,1,100,36.473
1738264455.038084,726284.000,45026,1,T1,1,100,36.559
1738264455.171089,726417.000,45057,1,T1,1,100,36.526
1738264455.304094,726550.000,45073,1,T1,1,100,36.440
1738264455.438099,726684.000,45088,1,T1,1,100,36.545
1738264455.571104,726817.000,45119,1,T1,1,100,36.661
1738264455.704109,726950.000,45135,1,T1,1,100,36.534
1738264455.837114,727083.000,45150,1,T1,1,100,36.550
1738264455.971119,727217.000,45181,1,T1,1,100,36.593
1738264456.104124,727350.000,45197,1,T1,1,100,36.540
1738264456.237129,727483.000,45213,1,T1,1,100,36.517
1738264456.371134,727617.000,45231,1,T1,1,100,36.472
1738264456.504139,727750.000,45264,1,T1,1,100,36.488
1738264456.637144,727883.000,45279,1,T1,1,100,36.566
1738264456.771149,728017.000,45295,1,T1,1,100,36.493
1738264456.904155,728150.000,45326,1,T1,1,100,36.497
1738264457.037160,728283.000,45341,1,T1,1,100,36.534
1738264457.171165,728417.000,45357,1,T1,1,100,36.550
1738264457.304170,728550.000,45388,1,T1,1,100,36.451
1738264457.437175,728683.000,45403,1,T1,1,100,36.443
1738264457.571180,728817.000,45420,1,T1,1,100,36.546
1738264457.704185,728950.000,45450,1,T1,1,100,36.556
1738264457.837190,729083.000,45467,1,T1,1,100,36.418
1738264457.971195,729217.000,45484,1,T1,1,100,36.464
1738264458.104200,729350.000,45499,1,T1,1,100,36.555
1738264458.237205,729483.000,45530,1,T1,1,100,36.524
1738264458.371210,729617.000,45550,1,T1,1,100,36.510
1738264458.504215,729750.000,45565,1,T1,1,100,36.575
1738264458.637220,729883.000,45596,1,T1,1,100,36.568
1738264458.771225,730017.000,45612,1,T1,1,100,36.529
1738264458.904230,730150.000,45628,1,T1,1,100,36.584
1738264459.037235,730283.000,45651,1,T1,1,100,36.536
1738264459.170240,730416.000,45666,1,T1,1,100,36.587
1738264459.304245,730550.000,45697,1,T1,1,100,36.608
1738264459.437251,730683.000,45713,1,T1,1,100,36.547
1738264459.570256,730816.000,45729,1,T1,1,100,36.591
1738264459.704261,730950.000,45759,1,T1,1,100,36.681
1738264459.837266,731083.000,45775,1,T1,1,100,36.543
1738264459.970271,731216.000,45793,1,T1,1,100,36.483
1738264460.104276,731350.000,45823,1,T1,1,100,36.457
1738264460.237281,731483.000,45840,1,T1,1,100,36.552
1738264460.370286,731616.000,45855,1,T1,1,100,36.487
1738264460.504291,731750.000,45886,1,T1,1,100,36.494
1738264460.637296,731883.000,45902,1,T1,1,100,36.498
1738264460.770301,732016.000,45917,1,T1,1,100,36.534
1738264460.904306,732150.000,45933,1,T1,1,100,36.586
1738264461.037311,732283.000,45964,1,T1,1,100,36.466
1738264461.170316,732416.000,45979,1,T1,1,100,36.556
1738264461.304321,732550.000,45996,1,T1,1,100,36.560
1738264461.437326,732683.000,46026,1,T1,1,100,36.526
1738264461.570332,732816.000,46042,1,T1,1,100,36.547
1738264461.704337,732950.000,46058,1,T1,1,100,36.556
1738264461.837342,733083.000,46089,1,T1,1,100,36.595
1738264461.970347,733216.000,46104,1,T1,1,100,36.506
1738264462.104352,733350.000,46120,1,T1,1,100,36.502
1738264462.237357,733483.000,46136,1,T1,1,100,36.643
1738264462.370362,733616.000,46166,1,T1,1,100,36.526
1738264462.504367,733750.000,46182,1,T1,1,100,36.582
1738264462.637372,733883.000,46198,1,T1,1,100,36.536
1738264462.770377,734016.000,46214,1,T1,1,100,36.515
1738264462.903382,734149.000,46247,1,T1,1,100,36.613
1738264463.037387,734283.000,46262,1,T1,1,100,36.513
1738264463.170392,734416.000,46278,1,T1,1,100,36.506
1738264463.303397,734549.000,46311,1,T1,1,100,36.609
1738264463.437402,734683.000,46326,1,T1,1,100,36.476
1738264463.570407,734816.000,46343,1,T1,1,100,36.525
1738264463.703412,734949.000,46373,1,T1,1,100,36.582
1738264463.837417,735083.000,46388,1,T1,1,100,36.606
1738264463.970423,735216.000,46405,1,T1,1,100,36.511
1738264464.103428,735349.000,46426,1,T1,1,100,36.540
1738264464.237433,735483.000,46442,1,T1,1,100,36.553
1738264464.370438,735616.000,46458,1,T1,1,100,36.523
1738264464.503443,735749.000,46489,1,T1,1,100,36.510
1738264464.637448,735883.000,46504,1,T1,1,100,36.504
1738264464.770453,736016.000,46520,1,T1,1,100,36.466
1738264464.903458,736149.000,46551,1,T1,1,100,36.485
1738264465.037463,736283.000,46566,1,T1,1,100,36.458
1738264465.170468,736416.000,46582,1,T1,1,100,36.588
1738264465.303473,736549.000,46613,1,T1,1,100,36.467
1738264465.437478,736683.000,46628,1,T1,1,100,36.557
1738264465.570483,736816.000,46645,1,T1,1,100,36.560
1738264465.703488,736949.000,46675,1,T1,1,100,36.561
1738264465.836493,737082.000,46690,1,T1,1,100,36.597
1738264465.970498,737216.000,46707,1,T1,1,100,36.507
1738264466.103503,737349.000,46722,1,T1,1,100,36.574
1738264466.236508,737482.000,46753,1,T1,1,100,36.532
1738264466.370513,737616.000,46769,1,T1,1,100,36.549
1738264466.503519,737749.000,46784,1,T1,1,100,36.486
1738264466.636524,737882.000,46815,1,T1,1,100,36.458
1738264466.770529,738016.000,46833,1,T1,1,100,36.447
1738264466.903534,738149.000,46849,1,T1,1,100,36.548
1738264467.036539,738282.000,46879,1,T1,1,100,36.592
1738264467.170544,738416.000,46895,1,T1,1,100,36.540
1738264467.303549,738549.000,46911,1,T1,1,100,36.588
1738264467.436554,738682.000,46941,1,T1,1,100,36.644
1738264467.570559,738816.000,46958,1,T1,1,100,36.598
1738264467.703564,738949.000,46973,1,T1,1,100,36.613
1738264467.836569,739082.000,47004,1,T1,1,100,36.514
1738264467.970574,739216.000,47020,1,T1,1,100,36.577
1738264468.103579,739349.000,47035,1,T1,1,100,36.604
1738264468.236584,739482.000,47051,1,T1,1,100,36.510
1738264468.370589,739616.000,47084,1,T1,1,100,36.504
1738264468.503594,739749.000,47099,1,T1,1,100,36.537
1738264468.636600,739882.000,47116,1,T1,1,100,36.481
1738264468.770605,740016.000,47146,1,T1,1,100,36.527
1738264468.903610,740149.000,47162,1,T1,1,100,36.547
1738264469.036615,740282.000,47178,1,T1,1,100,36.520
1738264469.170620,740416.000,47214,1,T1,1,100,36.580
1738264469.303625,740549.000,47229,1,T1,1,100,36.464
1738264469.436630,740682.000,47245,1,T1,1,100,36.449
1738264469.570635,740816.000,47261,1,T1,1,100,36.620
1738264469.703640,740949.000,47291,1,T1,1,100,36.587
1738264469.836645,741082.000,47307,1,T1,1,100,36.538
1738264469.969650,741215.000,47323,1,T1,1,100,36.481
1738264470.103655,741349.000,47339,1,T1,1,100,36.456
1738264470.236660,741482.000,47370,1,T1,1,100,36.552
1738264470.369665,741615.000,47385,1,T1,1,100,36.487
1738264470.503670,741749.000,47401,1,T1,1,100,36.459
1738264470.636675,741882.000,47432,1,T1,1,100,36.589
1738264470.769680,742015.000,47447,1,T1,1,100,36.538
1738264470.903686,742149.000,47464,1,T1,1,100,36.481
1738264471.036690,742282.000,47498,1,T1,1,100,36.492
1738264471.169696,742415.000,47513,1,T1,1,100,36.496
1738264471.303701,742549.000,47531,1,T1,1,100,36.498
1738264471.436706,742682.000,47563,1,T1,1,100,36.570
1738264471.569711,742815.000,47580,1,T1,1,100,36.459
1738264471.703716,742949.000,47597,1,T1,1,100,36.482
1738264471.836721,743082.000,47613,1,T1,1,100,36.457
1738264471.969726,743215.000,47646,1,T1,1,100,36.517
1738264472.103731,743349.000,47663,1,T1,1,100,36.578
1738264472.236736,743482.000,47680,1,T1,1,100,36.534
1738264472.369741,743615.000,47712,1,T1,1,100,36.586
1738264472.502746,743748.000,47729,1,T1,1,100,36.502
1738264472.636751,743882.000,47746,1,T1,1,100,36.465
1738264472.769756,744015.000,47776,1,T1,1,100,36.627
1738264472.902761,744148.000,47793,1,T1,1,100,36.555
1738264473.036766,744282.000,47808,1,T1,1,100,36.524
1738264473.169771,744415.000,47841,1,T1,1,100,36.546
1738264473.302776,744548.000,47859,1,T1,1,100,36.520
1738264473.436781,744682.000,47874,1,T1,1,100,36.544
1738264473.569787,744815.000,47907,1,T1,1,100,36.519
1738264473.702792,744948.000,47923,1,T1,1,100,36.579
1738264473.836797,745082.000,47938,1,T1,1,100,36.605
1738264473.969802,745215.000,47969,1,T1,1,100,36.616
1738264474.102807,745348.000,47985,1,T1,1,100,36.621
1738264474.236812,745482.000,48001,1,T1,1,100,36.623
1738264474.369817,745615.000,48022,1,T1,1,100,36.624
1738264474.502822,745748.000,48037,1,T1,1,100,36.554
1738264474.636827,745882.000,48068,1,T1,1,100,36.559
1738264474.769832,746015.000,48084,1,T1,1,100,36.596
1738264474.902837,746148.000,48100,1,T1,1,100,36.577
1738264475.036842,746282.000,48130,1,T1,1,100,36.640
1738264475.169847,746415.000,48146,1,T1,1,100,36.596
1738264475.302852,746548.000,48162,1,T1,1,100,36.542
1738264475.436857,746682.000,48178,1,T1,1,100,36.553
1738264475.569862,746815.000,48211,1,T1,1,100,36.523
1738264475.702868,746948.000,48226,1,T1,1,100,36.475
1738264475.836873,747082.000,48242,1,T1,1,100,36.560
1738264475.969877,747215.000,48273,1,T1,1,100,36.632
1738264476.102883,747348.000,48288,1,T1,1,100,36.664
1738264476.236888,747482.000,48305,1,T1,1,100,36.571
1738264476.369893,747615.000,48335,1,T1,1,100,36.637
1738264476.502898,747748.000,48350,1,T1,1,100,36.630
1738264476.636903,747882.000,48367,1,T1,1,100,36.521
1738264476.769908,748015.000,48397,1,T1,1,100,36.580
1738264476.902913,748148.000,48413,1,T1,1,100,36.570
1738264477.035918,748281.000,48429,1,T1,1,100,36.566
1738264477.169923,748415.000,48460,1,T1,1,100,36.528
1738264477.302928,748548.000,48475,1,T1,1,100,36.477
1738264477.435933,748681.000,48491,1,T1,1,100,36.596
1738264477.569938,748815.000,48506,1,T1,1,100,36.542
1738264477.702943,748948.000,48537,1,T1,1,100,36.553
1738264477.835948,749081.000,48553,1,T1,1,100,36.452
1738264477.969954,749215.000,48569,1,T1,1,100,36.515
1738264478.102958,749348.000,48599,1,T1,1,100,36.400
1738264478.235964,749481.000,48616,1,T1,1,100,36.492
1738264478.369969,749615.000,48633,1,T1,1,100,36.532
1738264478.502974,749748.000,48664,1,T1,1,100,36.549
1738264478.635979,749881.000,48680,1,T1,1,100,36.557
1738264478.769984,750015.000,48695,1,T1,1,100,36.525
1738264478.902989,750148.000,48726,1,T1,1,100,36.582
1738264479.035994,750281.000,48742,1,T1,1,100,36.464
1738264479.169999,750415.000,48757,1,T1,1,100,36.556
1738264479.303004,750548.000,48788,1,T1,1,100,36.666
1738264479.436009,750681.000,48809,1,T1,1,100,36.607
1738264479.569014,750814.000,48825,1,T1,1,100,36.724
1738264479.703019,750948.000,48841,1,T1,1,100,36.561
1738264479.836024,751081.000,48856,1,T1,1,100,36.562
1738264479.969029,751214.000,48887,1,T1,1,100,36.527
1738264480.103034,751348.000,48903,1,T1,1,100,36.512
1738264480.236039,751481.000,48919,1,T1,1,100,36.576
1738264480.369044,751614.000,48949,1,T1,1,100,36.497
1738264480.503050,751748.000,48965,1,T1,1,100,36.534
1738264480.636055,751881.000,48981,1,T1,1,100,36.515
1738264480.769060,752014.000,49013,1,T1,1,100,36.542
1738264480.903065,752148.000,49030,1,T1,1,100,36.518
1738264481.036070,752281.000,49045,1,T1,1,100,36.543
1738264481.169075,752414.000,49061,1,T1,1,100,36.590
1738264481.303080,752548.000,49092,1,T1,1,100,36.574
1738264481.436085,752681.000,49107,1,T1,1,100,36.568
1738264481.569090,752814.000,49123,1,T1,1,100,36.636
1738264481.703095,752948.000,49154,1,T1,1,100,36.630
1738264481.836100,753081.000,49169,1,T1,1,100,36.592
1738264481.969105,753214.000,49186,1,T1,1,100,36.611
1738264482.103110,753348.000,49216,1,T1,1,100,36.654
1738264482.236115,753481.000,49232,1,T1,1,100,36.673
1738264482.369120,753614.000,49248,1,T1,1,100,36.681
1738264482.502125,753747.000,49279,1,T1,1,100,36.614
1738264482.636130,753881.000,49294,1,T1,1,100,36.549
1738264482.769135,754014.000,49312,1,T1,1,100,36.486
1738264482.902140,754147.000,49343,1,T1,1,100,36.636
1738264483.036146,754281.000,49358,1,T1,1,100,36.594
1738264483.169151,754414.000,49374,1,T1,1,100,36.647
1738264483.302156,754547.000,49390,1,T1,1,100,36.599
1738264483.436161,754681.000,49422,1,T1,1,100,36.578
1738264483.569166,754814.000,49441,1,T1,1,100,36.569
1738264483.702171,754947.000,49456,1,T1,1,100,36.565
1738264483.836176,755081.000,49487,1,T1,1,100,36.599
1738264483.969181,755214.000,49503,1,T1,1,100,36.614
1738264484.102186,755347.000,49518,1,T1,1,100,36.549
1738264484.236191,755481.000,49549,1,T1,1,100,36.557
1738264484.369196,755614.000,49565,1,T1,1,100,36.489
1738264484.502201,755747.000,49580,1,T1,1,100,36.531
1738264484.636206,755881.000,49602,1,T1,1,100,36.549
1738264484.769211,756014.000,49632,1,T1,1,100,36.592
1738264484.902216,756147.000,49648,1,T1,1,100,36.646
1738264485.036222,756281.000,49664,1,T1,1,100,36.634
1738264485.169226,756414.000,49679,1,T1,1,100,36.664
1738264485.302232,756547.000,49710,1,T1,1,100,36.607
1738264485.436237,756681.000,49726,1,T1,1,100,36.617
1738264485.569242,756814.000,49742,1,T1,1,100,36.586
1738264485.702247,756947.000,49774,1,T1,1,100,36.573
1738264485.835252,757080.000,49790,1,T1,1,100,36.496
1738264485.969257,757214.000,49806,1,T1,1,100,36.498
1738264486.102262,757347.000,49836,1,T1,1,100,36.570
1738264486.235267,757480.000,49853,1,T1,1,100,36.566
1738264486.369272,757614.000,49868,1,T1,1,100,36.528
1738264486.502277,757747.000,49899,1,T1,1,100,36.548
1738264486.636282,757881.000,49915,1,T1,1,100,36.485
1738264486.769287,758014.000,49930,1,T1,1,100,36.671
1738264486.902292,758147.000,49961,1,T1,1,100,36.609
1738264487.035297,758280.000,49977,1,T1,1,100,36.618
1738264487.169302,758414.000,49992,1,T1,1,100,36.551
1738264487.302307,758547.000,50023,1,T1,1,100,36.522
1738264487.435313,758680.000,50039,1,T1,1,100,36.580
1738264487.569318,758814.000,50055,1,T1,1,100,36.535
1738264487.702322,758947.000,50071,1,T1,1,100,36.515
1738264487.835328,759080.000,50102,1,T1,1,100,36.613
1738264487.969333,759214.000,50117,1,T1,1,100,36.584
1738264488.102338,759347.000,50133,1,T1,1,100,36.466
1738264488.235343,759480.000,50166,1,T1,1,100,36.556
1738264488.369348,759614.000,50181,1,T1,1,100,36.631
1738264488.502353,759747.000,50197,1,T1,1,100,36.592
1738264488.635358,759880.000,50228,1,T1,1,100,36.611
1738264488.769363,760014.000,50243,1,T1,1,100,36.583
1738264488.902368,760147.000,50260,1,T1,1,100,36.678
1738264489.035373,760280.000,50290,1,T1,1,100,36.612
1738264489.168378,760413.000,50307,1,T1,1,100,36.620
1738264489.302383,760547.000,50324,1,T1,1,100,36.552
1738264489.435388,760680.000,50339,1,T1,1,100,36.629
1738264489.568393,760813.000,50370,1,T1,1,100,36.627
1738264489.702398,760947.000,50391,1,T1,1,100,36.590
1738264489.835403,761080.000,50406,1,T1,1,100,36.610
1738264489.968409,761213.000,50423,1,T1,1,100,36.618
1738264490.102414,761347.000,50455,1,T1,1,100,36.658
1738264490.235419,761480.000,50471,1,T1,1,100,36.675
1738264490.368424,761613.000,50487,1,T1,1,100,36.576
1738264490.502429,761747.000,50502,1,T1,1,100,36.568
1738264490.635434,761880.000,50533,1,T1,1,100,36.529
1738264490.768439,762013.000,50549,1,T1,1,100,36.584
1738264490.902444,762147.000,50565,1,T1,1,100,36.678
1738264491.035449,762280.000,50597,1,T1,1,100,36.577
1738264491.168454,762413.000,50613,1,T1,1,100,36.569
1738264491.302459,762547.000,50629,1,T1,1,100,36.672
1738264491.435464,762680.000,50659,1,T1,1,100,36.645
1738264491.568469,762813.000,50676,1,T1,1,100,36.598
1738264491.702474,762947.000,50691,1,T1,1,100,36.543
1738264491.835479,763080.000,50722,1,T1,1,100,36.625
1738264491.968484,763213.000,50738,1,T1,1,100,36.696
1738264492.102489,763347.000,50753,1,T1,1,100,36.656
1738264492.235494,763480.000,50769,1,T1,1,100,36.638
1738264492.368500,763613.000,50800,1,T1,1,100,36.595
1738264492.502505,763747.000,50815,1,T1,1,100,36.541
1738264492.635510,763880.000,50832,1,T1,1,100,36.624
1738264492.768515,764013.000,50862,1,T1,1,100,36.518
1738264492.901520,764146.000,50878,1,T1,1,100,36.508
1738264493.035525,764280.000,50894,1,T1,1,100,36.610
1738264493.168530,764413.000,50925,1,T1,1,100,36.583
1738264493.301535,764546.000,50942,1,T1,1,100,36.500
1738264493.435540,764680.000,50958,1,T1,1,100,36.536
1738264493.568545,764813.000,50989,1,T1,1,100,36.622
1738264493.702550,764947.000,51004,1,T1,1,100,36.588
1738264493.835555,765080.000,51020,1,T1,1,100,36.538
1738264493.968560,765213.000,51051,1,T1,1,100,36.517
1738264494.101565,765346.000,51066,1,T1,1,100,36.543
1738264494.235570,765480.000,51083,1,T1,1,100,36.518
1738264494.368575,765613.000,51098,1,T1,1,100,36.473
1738264494.501580,765746.000,51129,1,T1,1,100,36.488
1738264494.635586,765880.000,51145,1,T1,1,100,36.566
1738264494.768590,766013.000,51166,2,T1,1,100,36.528
1738264494.901596,766146.000,51166,2,T1,1,100,36.548
1738264495.035601,766280.000,51197,1,T1,1,100,36.627
1738264495.168606,766413.000,51216,1,T1,1,100,36.555
1738264495.301611,766546.000,51233,1,T1,1,100,36.630
1738264495.435616,766680.000,51263,1,T1,1,100,36.592
1738264495.568621,766813.000,51279,1,T1,1,100,36.575
1738264495.701626,766946.000,51295,1,T1,1,100,36.639
1738264495.834631,767079.000,51326,1,T1,1,100,36.560
1738264495.968636,767213.000,51341,1,T1,1,100,36.491
1738264496.101641,767346.000,51357,1,T1,1,100,36.638
1738264496.234646,767479.000,51390,1,T1,1,100,36.560
1738264496.368651,767613.000,51405,1,T1,1,100,36.561
1738264496.501656,767746.000,51421,1,T1,1,100,36.562
1738264496.634661,767879.000,51452,1,T1,1,100,36.527
1738264496.768666,768013.000,51467,1,T1,1,100,36.583
1738264496.901671,768146.000,51484,1,T1,1,100,36.571
1738264497.034677,768279.000,51514,1,T1,1,100,36.566
1738264497.168682,768413.000,51529,1,T1,1,100,36.564
1738264497.301687,768546.000,51546,1,T1,1,100,36.563
1738264497.434692,768679.000,51561,1,T1,1,100,36.563
1738264497.568697,768813.000,51592,1,T1,1,100,36.563
1738264497.701702,768946.000,51608,1,T1,1,100,36.598
1738264497.834707,769079.000,51623,1,T1,1,100,36.507
1738264497.968712,769213.000,51654,1,T1,1,100,36.538
1738264498.101717,769346.000,51670,1,T1,1,100,36.481
1738264498.234722,769479.000,51686,1,T1,1,100,36.527
1738264498.368727,769613.000,51718,1,T1,1,100,36.547
1738264498.501732,769746.000,51734,1,T1,1,100,36.520
1738264498.634737,769879.000,51750,1,T1,1,100,36.615
1738264498.768742,770013.000,51780,1,T1,1,100,36.656
1738264498.901747,770146.000,51799,1,T1,1,100,36.603
1738264499.034752,770279.000,51814,1,T1,1,100,36.616
1738264499.168757,770413.000,51845,1,T1,1,100,36.621
1738264499.301762,770546.000,51861,1,T1,1,100,36.694
1738264499.434767,770679.000,51876,1,T1,1,100,36.655
1738264499.567773,770812.000,51892,1,T1,1,100,36.709
1738264499.701778,770946.000,51923,1,T1,1,100,36.555
1738264499.834783,771079.000,51938,1,T1,1,100,36.559
1738264499.967788,771212.000,51962,1,T1,1,100,36.561
1738264500.101793,771346.000,51977,1,T1,1,100,36.526
1738264500.234798,771479.000,52010,1,T1,1,100,36.547
1738264500.367803,771612.000,52026,1,T1,1,100,36.520
1738264500.501808,771746.000,52041,1,T1,1,100,36.544
1738264500.634813,771879.000,52072,1,T1,1,100,36.555
1738264500.767818,772012.000,52088,1,T1,1,100,36.488
1738264500.901823,772146.000,52104,1,T1,1,100,36.601
1738264501.034828,772279.000,52120,1,T1,1,100,36.615
1738264501.167833,772412.000,52150,1,T1,1,100,36.514
1738264501.301838,772546.000,52166,1,T1,1,100,36.542
1738264501.434843,772679.000,52182,1,T1,1,100,36.660
1738264501.567848,772812.000,52213,1,T1,1,100,36.605
1738264501.701854,772946.000,52228,1,T1,1,100,36.510
1738264501.834858,773079.000,52244,1,T1,1,100,36.611
1738264501.967864,773212.000,52275,1,T1,1,100,36.583
1738264502.101869,773346.000,52292,1,T1,1,100,36.607
1738264502.234874,773479.000,52309,1,T1,1,100,36.617
1738264502.367879,773612.000,52341,1,T1,1,100,36.657
1738264502.500884,773745.000,52356,1,T1,1,100,36.710
1738264502.634889,773879.000,52373,1,T1,1,100,36.662
1738264502.767894,774012.000,52388,1,T1,1,100,36.641
1738264502.901899,774146.000,52421,1,T1,1,100,36.667
1738264503.034904,774279.000,52439,1,T1,1,100,36.643
1738264503.167909,774412.000,52454,1,T1,1,100,36.562
1738264503.300914,774545.000,52489,1,T1,1,100,36.562
1738264503.434919,774679.000,52505,1,T1,1,100,36.562
1738264503.567924,774812.000,52521,1,T1,1,100,36.562
1738264503.700929,774945.000,52553,1,T1,1,100,36.527
1738264503.834934,775079.000,52571,1,T1,1,100,36.512
1738264503.967939,775212.000,52587,1,T1,1,100,36.541
1738264504.100945,775345.000,52617,1,T1,1,100,36.553
1738264504.234950,775479.000,52634,1,T1,1,100,36.523
1738264504.367954,775612.000,52649,1,T1,1,100,36.616
1738264504.500960,775745.000,52682,1,T1,1,100,36.621
1738264504.634965,775879.000,52698,1,T1,1,100,36.588
1738264504.767970,776012.000,52713,1,T1,1,100,36.503
1738264504.900975,776145.000,52744,1,T1,1,100,36.537
1738264505.034980,776279.000,52765,1,T1,1,100,36.622
1738264505.167985,776412.000,52781,1,T1,1,100,36.624
1738264505.300990,776545.000,52797,1,T1,1,100,36.660
1738264505.434995,776679.000,52812,1,T1,1,100,36.782
1738264505.568000,776812.000,52843,1,T1,1,100,36.693
1738264505.701005,776945.000,52859,1,T1,1,100,36.583
1738264505.834010,777078.000,52874,1,T1,1,100,36.572
1738264505.968015,777212.000,52891,1,T1,1,100,36.566
1738264506.101020,777345.000,52921,1,T1,1,100,36.564
1738264506.234025,777478.000,52937,1,T1,1,100,36.599
1738264506.368030,777612.000,52953,1,T1,1,100,36.578
1738264506.501035,777745.000,52984,1,T1,1,100,36.605
1738264506.634041,777878.000,52999,1,T1,1,100,36.616
1738264506.768046,778012.000,53015,1,T1,1,100,36.479
1738264506.901051,778145.000,53048,1,T1,1,100,36.527
1738264507.034056,778278.000,53063,1,T1,1,100,36.511
1738264507.168061,778412.000,53079,1,T1,1,100,36.576
1738264507.301066,778545.000,53112,1,T1,1,100,36.604
1738264507.434071,778678.000,53127,1,T1,1,100,36.616
1738264507.568076,778812.000,53144,1,T1,1,100,36.621
1738264507.701081,778945.000,53174,1,T1,1,100,36.659
1738264507.834086,779078.000,53189,1,T1,1,100,36.640
1738264507.968091,779212.000,53206,1,T1,1,100,36.560
1738264508.101096,779345.000,53221,1,T1,1,100,36.597
1738264508.234101,779478.000,53252,1,T1,1,100,36.684
1738264508.368106,779612.000,53272,1,T1,1,100,36.650
1738264508.501111,779745.000,53287,1,T1,1,100,36.494
1738264508.634116,779878.000,53320,1,T1,1,100,36.639
1738264508.768121,780012.000,53336,1,T1,1,100,36.596
1738264508.901126,780145.000,53352,1,T1,1,100,36.577
1738264509.034132,780278.000,53384,1,T1,1,100,36.569
1738264509.167137,780411.000,53400,1,T1,1,100,36.565
1738264509.301142,780545.000,53416,1,T1,1,100,36.564
1738264509.434147,780678.000,53446,1,T1,1,100,36.563
1738264509.568152,780812.000,53465,1,T1,1,100,36.527
1738264509.701157,780945.000,53482,1,T1,1,100,36.618
1738264509.834162,781078.000,53513,1,T1,1,100,36.587
1738264509.967167,781211.000,53529,1,T1,1,100,36.608
1738264510.101172,781345.000,53544,1,T1,1,100,36.511
1738264510.234177,781478.000,53566,1,T1,1,100,36.540
1738264510.367182,781611.000,53581,1,T1,1,100,36.553
1738264510.501187,781745.000,53612,1,T1,1,100,36.558
1738264510.634192,781878.000,53628,1,T1,1,100,36.561
1738264510.767197,782011.000,53645,1,T1,1,100,36.526
1738264510.901202,782145.000,53678,1,T1,1,100,36.582
1738264511.034207,782278.000,53694,1,T1,1,100,36.536
1738264511.167212,782411.000,53709,1,T1,1,100,36.515
1738264511.301218,782545.000,53740,1,T1,1,100,36.613
1738264511.434222,782678.000,53756,1,T1,1,100,36.584
1738264511.567228,782811.000,53774,1,T1,1,100,36.572
1738264511.701233,782945.000,53790,1,T1,1,100,36.531
1738264511.834238,783078.000,53820,1,T1,1,100,36.513
1738264511.967243,783211.000,53836,1,T1,1,100,36.612
1738264512.101248,783345.000,53852,1,T1,1,100,36.584
1738264512.234253,783478.000,53883,1,T1,1,100,36.678
1738264512.367258,783611.000,53898,1,T1,1,100,36.613
1738264512.501263,783745.000,53916,1,T1,1,100,36.620
1738264512.634268,783878.000,53947,1,T1,1,100,36.623
1738264512.767273,784011.000,53962,1,T1,1,100,36.589
1738264512.901278,784145.000,53979,1,T1,1,100,36.716
1738264513.034283,784278.000,54009,1,T1,1,100,36.664
1738264513.167288,784411.000,54026,1,T1,1,100,36.571
1738264513.300293,784544.000,54045,1,T1,1,100,36.673
1738264513.434298,784678.000,54075,1,T1,1,100,36.681
1738264513.567303,784811.000,54091,1,T1,1,100,36.685
1738264513.700309,784944.000,54107,1,T1,1,100,36.544
1738264513.834314,785078.000,54138,1,T1,1,100,36.626
1738264513.967319,785211.000,54155,1,T1,1,100,36.625
1738264514.100324,785344.000,54171,1,T1,1,100,36.554
1738264514.234329,785478.000,54186,1,T1,1,100,36.523
1738264514.367334,785611.000,54217,1,T1,1,100,36.510
1738264514.500339,785744.000,54233,1,T1,1,100,36.540
1738264514.634344,785878.000,54249,1,T1,1,100,36.517
1738264514.767349,786011.000,54279,1,T1,1,100,36.543
1738264514.900354,786144.000,54296,1,T1,1,100,36.589
1738264515.034359,786278.000,54311,1,T1,1,100,36.539
1738264515.167364,786411.000,54342,1,T1,1,100,36.481
1738264515.300369,786544.000,54363,1,T1,1,100,36.492
1738264515.434374,786678.000,54378,1,T1,1,100,36.567
1738264515.567379,786811.000,54395,1,T1,1,100,36.600
1738264515.700384,786944.000,54410,1,T1,1,100,36.650
1738264515.833389,787077.000,54440,1,T1,1,100,36.565
1738264515.967394,787211.000,54457,1,T1,1,100,36.599
1738264516.100399,787344.000,54472,1,T1,1,100,36.578
1738264516.233405,787477.000,54503,1,T1,1,100,36.605
1738264516.367410,787611.000,54519,1,T1,1,100,36.723
1738264516.500415,787744.000,54534,1,T1,1,100,36.667
1738264516.633420,787877.000,54565,1,T1,1,100,36.643
1738264516.767425,788011.000,54581,1,T1,1,100,36.597
1738264516.900430,788144.000,54597,1,T1,1,100,36.578
1738264517.033435,788277.000,54627,1,T1,1,100,36.675
1738264517.167440,788411.000,54643,1,T1,1,100,36.611
1738264517.300445,788544.000,54659,1,T1,1,100,36.584
1738264517.433450,788677.000,54691,1,T1,1,100,36.572
1738264517.567455,788811.000,54708,1,T1,1,100,36.637
1738264517.700460,788944.000,54723,1,T1,1,100,36.595
1738264517.833465,789077.000,54741,1,T1,1,100,36.577
1738264517.967470,789211.000,54772,1,T1,1,100,36.639
1738264518.100475,789344.000,54789,1,T1,1,100,36.667
1738264518.233480,789477.000,54806,1,T1,1,100,36.679
1738264518.367486,789611.000,54840,1,T1,1,100,36.613
1738264518.500490,789744.000,54855,1,T1,1,100,36.691
1738264518.633496,789877.000,54872,1,T1,1,100,36.689
1738264518.767501,790011.000,54902,1,T1,1,100,36.688
1738264518.900506,790144.000,54920,1,T1,1,100,36.581
1738264519.033511,790277.000,54936,1,T1,1,100,36.642
1738264519.166516,790410.000,54967,1,T1,1,100,36.703
1738264519.300521,790544.000,54982,1,T1,1,100,36.730
1738264519.433526,790677.000,54998,1,T1,1,100,36.670
1738264519.566531,790810.000,55031,1,T1,1,100,36.680
1738264519.700536,790944.000,55046,1,T1,1,100,36.684
1738264519.833541,791077.000,55064,1,T1,1,100,36.580
1738264519.966546,791210.000,55097,1,T1,1,100,36.570
1738264520.100551,791344.000,55112,1,T1,1,100,36.601
1738264520.233556,791477.000,55131,1,T1,1,100,36.615
1738264520.366561,791610.000,55146,1,T1,1,100,36.656
1738264520.500566,791744.000,55169,1,T1,1,100,36.567
1738264520.633571,791877.000,55200,1,T1,1,100,36.529
1738264520.766577,792010.000,55215,1,T1,1,100,36.619
1738264520.900582,792144.000,55232,1,T1,1,100,36.587
1738264521.033587,792277.000,55262,1,T1,1,100,36.573
1738264521.166592,792410.000,55277,1,T1,1,100,36.709
1738264521.300597,792544.000,55294,1,T1,1,100,36.626
1738264521.433602,792677.000,55311,1,T1,1,100,36.590
1738264521.566607,792810.000,55344,1,T1,1,100,36.645
1738264521.700612,792944.000,55360,1,T1,1,100,36.669
1738264521.833617,793077.000,55375,1,T1,1,100,36.644
1738264521.966622,793210.000,55406,1,T1,1,100,36.633
1738264522.100627,793344.000,55424,1,T1,1,100,36.629
1738264522.233632,793477.000,55440,1,T1,1,100,36.627
1738264522.366637,793610.000,55470,1,T1,1,100,36.626
1738264522.499642,793743.000,55486,1,T1,1,100,36.590
1738264522.633647,793877.000,55502,1,T1,1,100,36.539
1738264522.766652,794010.000,55534,1,T1,1,100,36.623
1738264522.900657,794144.000,55551,1,T1,1,100,36.553
1738264523.033663,794277.000,55566,1,T1,1,100,36.629
1738264523.166667,794410.000,55599,1,T1,1,100,36.698
1738264523.299673,794543.000,55617,1,T1,1,100,36.692
1738264523.433678,794677.000,55636,1,T1,1,100,36.512
1738264523.566683,794810.000,55652,1,T1,1,100,36.576
1738264523.699688,794943.000,55683,1,T1,1,100,36.604
1738264523.833693,795077.000,55700,1,T1,1,100,36.580
1738264523.966698,795210.000,55717,1,T1,1,100,36.535
1738264524.099703,795343.000,55749,1,T1,1,100,36.586
1738264524.233708,795477.000,55765,1,T1,1,100,36.679
1738264524.366713,795610.000,55781,1,T1,1,100,36.719
1738264524.499718,795743.000,55812,1,T1,1,100,36.666
1738264524.633723,795877.000,55827,1,T1,1,100,36.607
1738264524.766728,796010.000,55843,1,T1,1,100,36.653
1738264524.899733,796143.000,55874,1,T1,1,100,36.708
1738264525.033738,796277.000,55889,1,T1,1,100,36.661
1738264525.166743,796410.000,55905,1,T1,1,100,36.570
1738264525.299748,796543.000,55936,1,T1,1,100,36.636
1738264525.433753,796677.000,55951,1,T1,1,100,36.665
1738264525.566758,796810.000,55973,1,T1,1,100,36.642
1738264525.699764,796943.000,55988,1,T1,1,100,36.562
1738264525.832769,797076.000,56004,1,T1,1,100,36.562
1738264525.966774,797210.000,56035,1,T1,1,100,36.562
1738264526.099779,797343.000,56052,1,T1,1,100,36.527
1738264526.232784,797476.000,56069,1,T1,1,100,36.547
1738264526.366789,797610.000,56099,1,T1,1,100,36.556
1738264526.499794,797743.000,56114,1,T1,1,100,36.595
1738264526.633799,797877.000,56133,1,T1,1,100,36.577
1738264526.766804,798010.000,56163,1,T1,1,100,36.604
1738264526.899809,798143.000,56179,1,T1,1,100,36.687
1738264527.032814,798276.000,56195,1,T1,1,100,36.616
1738264527.166819,798410.000,56210,1,T1,1,100,36.586
1738264527.299824,798543.000,56227,1,T1,1,100,36.643
1738264527.432829,798676.000,56257,1,T1,1,100,36.668
1738264527.566834,798810.000,56273,1,T1,1,100,36.679
1738264527.699839,798943.000,56289,1,T1,1,100,36.613
1738264527.832844,799076.000,56320,1,T1,1,100,36.655
1738264527.966850,799210.000,56337,1,T1,1,100,36.603
1738264528.099854,799343.000,56353,1,T1,1,100,36.651
1738264528.232860,799476.000,56386,1,T1,1,100,36.601
1738264528.366865,799610.000,56401,1,T1,1,100,36.544
1738264528.499870,799743.000,56417,1,T1,1,100,36.661
1738264528.632875,799876.000,56448,1,T1,1,100,36.711
1738264528.766880,800010.000,56463,1,T1,1,100,36.698
1738264528.899885,800143.000,56480,1,T1,1,100,36.621
1738264529.032890,800276.000,56495,1,T1,1,100,36.659
1738264529.166895,800410.000,56525,1,T1,1,100,36.675
1738264529.299900,800543.000,56546,1,T1,1,100,36.682
1738264529.432905,800676.000,56561,1,T1,1,100,36.721
1738264529.566910,800810.000,56592,1,T1,1,100,36.702
1738264529.699915,800943.000,56608,1,T1,1,100,36.658
1738264529.832920,801076.000,56623,1,T1,1,100,36.604
1738264529.965925,801209.000,56654,1,T1,1,100,36.651
1738264530.099931,801343.000,56672,1,T1,1,100,36.601
1738264530.232935,801476.000,56688,1,T1,1,100,36.615
1738264530.365941,801609.000,56718,1,T1,1,100,36.550
1738264530.499946,801743.000,56734,1,T1,1,100,36.663
1738264530.632951,801876.000,56756,1,T1,1,100,36.748
1738264530.765956,802009.000,56775,1,T1,1,100,36.714
1738264530.899961,802143.000,56792,1,T1,1,100,36.628
1738264531.032966,802276.000,56807,1,T1,1,100,36.626
1738264531.165971,802409.000,56823,1,T1,1,100,36.661
1738264531.299976,802543.000,56854,1,T1,1,100,36.676
1738264531.432981,802676.000,56871,1,T1,1,100,36.612
1738264531.565986,802809.000,56887,1,T1,1,100,36.690
1738264531.699991,802943.000,56918,1,T1,1,100,36.724
1738264531.832996,803076.000,56933,1,T1,1,100,36.668
1738264531.966001,803209.000,56950,1,T1,1,100,36.714
1738264532.100006,803343.000,56980,1,T1,1,100,36.628
1738264532.233011,803476.000,56996,1,T1,1,100,36.626
1738264532.366016,803609.000,57012,1,T1,1,100,36.697
1738264532.499021,803742.000,57043,1,T1,1,100,36.585
1738264532.633027,803876.000,57058,1,T1,1,100,36.643
1738264532.766032,804009.000,57076,1,T1,1,100,36.668
1738264532.899037,804142.000,57107,1,T1,1,100,36.644
1738264533.033042,804276.000,57122,1,T1,1,100,36.633
1738264533.166047,804409.000,57138,1,T1,1,100,36.770
1738264533.299052,804542.000,57171,1,T1,1,100,36.688
1738264533.433057,804676.000,57186,1,T1,1,100,36.723
1738264533.566062,804809.000,57203,1,T1,1,100,36.632
1738264533.699067,804942.000,57218,1,T1,1,100,36.628
1738264533.833072,805076.000,57248,1,T1,1,100,36.662
1738264533.966077,805209.000,57267,1,T1,1,100,36.605
1738264534.099082,805342.000,57282,1,T1,1,100,36.617
1738264534.233087,805476.000,57313,1,T1,1,100,36.657
1738264534.366092,805609.000,57329,1,T1,1,100,36.603
1738264534.499097,805742.000,57344,1,T1,1,100,36.651
1738264534.633102,805876.000,57375,1,T1,1,100,36.636
1738264534.766107,806009.000,57391,1,T1,1,100,36.559
1738264534.899112,806142.000,57407,1,T1,1,100,36.596
1738264535.033118,806276.000,57437,1,T1,1,100,36.613
1738264535.166123,806409.000,57453,1,T1,1,100,36.620
1738264535.299128,806542.000,57473,1,T1,1,100,36.623
1738264535.433133,806676.000,57503,1,T1,1,100,36.659
1738264535.566138,806809.000,57520,1,T1,1,100,36.604
1738264535.699143,806942.000,57535,1,T1,1,100,36.722
1738264535.833148,807076.000,57556,1,T1,1,100,36.703
1738264535.966153,807209.000,57572,1,T1,1,100,36.694
1738264536.099158,807342.000,57604,1,T1,1,100,36.655
1738264536.232163,807475.000,57621,1,T1,1,100,36.638
1738264536.366168,807609.000,57636,1,T1,1,100,36.702
1738264536.499173,807742.000,57667,1,T1,1,100,36.587
1738264536.632178,807875.000,57687,1,T1,1,100,36.467
1738264536.766183,808009.000,57702,1,T1,1,100,36.663
1738264536.899188,808142.000,57733,1,T1,1,100,36.712
1738264537.032193,808275.000,57749,1,T1,1,100,36.734
1738264537.166198,808409.000,57764,1,T1,1,100,36.672
1738264537.299203,808542.000,57781,1,T1,1,100,36.681
1738264537.432209,808675.000,57811,1,T1,1,100,36.685
1738264537.566214,808809.000,57827,1,T1,1,100,36.615
1738264537.699219,808942.000,57845,1,T1,1,100,36.692
1738264537.832224,809075.000,57876,1,T1,1,100,36.654
1738264537.966229,809209.000,57891,1,T1,1,100,36.602
1738264538.099234,809342.000,57909,1,T1,1,100,36.651
1738264538.232239,809475.000,57942,1,T1,1,100,36.672
1738264538.366244,809609.000,57957,1,T1,1,100,36.645
1738264538.499249,809742.000,57973,1,T1,1,100,36.705
1738264538.632254,809875.000,58006,1,T1,1,100,36.730
1738264538.766259,810009.000,58021,1,T1,1,100,36.706
1738264538.899264,810142.000,58038,1,T1,1,100,36.696
1738264539.032269,810275.000,58070,1,T1,1,100,36.691
1738264539.166274,810409.000,58085,1,T1,1,100,36.689
1738264539.299279,810542.000,58102,1,T1,1,100,36.617
1738264539.432284,810675.000,58119,1,T1,1,100,36.622
1738264539.565289,810808.000,58150,1,T1,1,100,36.694
1738264539.699295,810942.000,58166,1,T1,1,100,36.620
1738264539.832299,811075.000,58181,1,T1,1,100,36.658
1738264539.965305,811208.000,58212,1,T1,1,100,36.746
1738264540.099310,811342.000,58230,1,T1,1,100,36.748
1738264540.232315,811475.000,58248,1,T1,1,100,36.643
1738264540.365320,811608.000,58278,1,T1,1,100,36.597
1738264540.499325,811742.000,58294,1,T1,1,100,36.684
1738264540.632330,811875.000,58312,1,T1,1,100,36.650
1738264540.765335,812008.000,58342,1,T1,1,100,36.601
1738264540.899340,812142.000,58366,1,T1,1,100,36.650
1738264541.032345,812275.000,58381,1,T1,1,100,36.600
1738264541.165350,812408.000,58397,1,T1,1,100,36.614
1738264541.299355,812542.000,58413,1,T1,1,100,36.656
1738264541.432360,812675.000,58443,1,T1,1,100,36.638
1738264541.565365,812808.000,58460,1,T1,1,100,36.631
1738264541.699370,812942.000,58475,1,T1,1,100,36.627
1738264541.832375,813075.000,58508,1,T1,1,100,36.662
1738264541.965380,813208.000,58524,1,T1,1,100,36.747
1738264542.099385,813342.000,58539,1,T1,1,100,36.713
1738264542.232391,813475.000,58570,1,T1,1,100,36.699
1738264542.365396,813608.000,58586,1,T1,1,100,36.692
1738264542.498401,813741.000,58601,1,T1,1,100,36.725
1738264542.632406,813875.000,58618,1,T1,1,100,36.597
1738264542.765411,814008.000,58648,1,T1,1,100,36.649
1738264542.898416,814141.000,58664,1,T1,1,100,36.564
1738264543.032421,814275.000,58680,1,T1,1,100,36.634
1738264543.165426,814408.000,58711,1,T1,1,100,36.629
1738264543.298431,814541.000,58728,1,T1,1,100,36.698
1738264543.432436,814675.000,58744,1,T1,1,100,36.621
1738264543.565441,814808.000,58775,1,T1,1,100,36.765
1738264543.699446,814942.000,58790,1,T1,1,100,36.615
1738264543.832451,815075.000,58808,1,T1,1,100,36.727
1738264543.965456,815208.000,58839,1,T1,1,100,36.527
1738264544.098461,815341.000,58854,1,T1,1,100,36.583
1738264544.232466,815475.000,58871,1,T1,1,100,36.607
1738264544.365471,815608.000,58901,1,T1,1,100,36.688
1738264544.498477,815741.000,58916,1,T1,1,100,36.688
1738264544.632482,815875.000,58935,1,T1,1,100,36.688
1738264544.765487,816008.000,58950,1,T1,1,100,36.652
1738264544.898492,816141.000,58981,1,T1,1,100,36.672
1738264545.032497,816275.000,58997,1,T1,1,100,36.645
1738264545.165502,816408.000,59012,1,T1,1,100,36.740
1738264545.298507,816541.000,59047,1,T1,1,100,36.639
1738264545.432512,816675.000,59063,1,T1,1,100,36.631
1738264545.565517,816808.000,59081,1,T1,1,100,36.592
1738264545.698522,816941.000,59111,1,T1,1,100,36.646
1738264545.831527,817074.000,59127,1,T1,1,100,36.634
1738264545.965532,817208.000,59143,1,T1,1,100,36.629
1738264546.098537,817341.000,59164,1,T1,1,100,36.556
1738264546.231542,817474.000,59180,1,T1,1,100,36.666
1738264546.365547,817608.000,59210,1,T1,1,100,36.678
1738264546.498552,817741.000,59228,1,T1,1,100,36.754
1738264546.632557,817875.000,59244,1,T1,1,100,36.681
1738264546.765563,818008.000,59274,1,T1,1,100,36.827
1738264546.898567,818141.000,59291,1,T1,1,100,36.677
1738264547.031573,818274.000,59308,1,T1,1,100,36.612
1738264547.165578,818408.000,59341,1,T1,1,100,36.619
1738264547.298583,818541.000,59357,1,T1,1,100,36.623
1738264547.431588,818674.000,59372,1,T1,1,100,36.659
1738264547.565593,818808.000,59405,1,T1,1,100,36.569
1738264547.698598,818941.000,59421,1,T1,1,100,36.601
1738264547.831603,819074.000,59436,1,T1,1,100,36.615
1738264547.965608,819208.000,59453,1,T1,1,100,36.620
1738264548.098613,819341.000,59483,1,T1,1,100,36.658
1738264548.231618,819474.000,59499,1,T1,1,100,36.604
1738264548.365623,819608.000,59519,1,T1,1,100,36.687
1738264548.498628,819741.000,59552,1,T1,1,100,36.723
1738264548.631633,819874.000,59567,1,T1,1,100,36.703
1738264548.765638,820008.000,59585,1,T1,1,100,36.765
1738264548.898643,820141.000,59616,1,T1,1,100,36.650
1738264549.031648,820274.000,59631,1,T1,1,100,36.600
1738264549.164654,820407.000,59647,1,T1,1,100,36.650
1738264549.298659,820541.000,59678,1,T1,1,100,36.707
1738264549.431664,820674.000,59693,1,T1,1,100,36.589
1738264549.564669,820807.000,59712,1,T1,1,100,36.610
1738264549.698674,820941.000,59742,1,T1,1,100,36.689
1738264549.831679,821074.000,59757,1,T1,1,100,36.653
1738264549.965684,821208.000,59774,1,T1,1,100,36.566
1738264550.098689,821341.000,59789,1,T1,1,100,36.635
1738264550.231694,821474.000,59822,1,T1,1,100,36.594
1738264550.365699,821608.000,59838,1,T1,1,100,36.647
1738264550.498704,821741.000,59855,1,T1,1,100,36.705
1738264550.631709,821874.000,59886,1,T1,1,100,36.695
1738264550.764714,822007.000,59902,1,T1,1,100,36.655
1738264550.898719,822141.000,59918,1,T1,1,100,36.709
1738264551.031724,822274.000,59948,1,T1,1,100,36.732
1738264551.164729,822407.000,59970,1,T1,1,100,36.707
1738264551.298734,822541.000,59985,1,T1,1,100,36.731
1738264551.431739,822674.000,60003,1,T1,1,100,36.636
1738264551.564744,822807.000,60019,1,T1,1,100,36.630
1738264551.698750,822941.000,60049,1,T1,1,100,36.627
1738264551.831755,823074.000,60065,1,T1,1,100,36.590
1738264551.964760,823207.000,60081,1,T1,1,100,36.716
1738264552.098765,823341.000,60113,1,T1,1,100,36.771
1738264552.231770,823474.000,60130,1,T1,1,100,36.653
1738264552.364775,823607.000,60145,1,T1,1,100,36.602
1738264552.497780,823740.000,60176,1,T1,1,100,36.686
1738264552.631785,823874.000,60192,1,T1,1,100,36.687
1738264552.764790,824007.000,60209,1,T1,1,100,36.723
1738264552.897795,824140.000,60240,1,T1,1,100,36.738
1738264553.031800,824274.000,60256,1,T1,1,100,36.745
1738264553.164805,824407.000,60271,1,T1,1,100,36.677
1738264553.297810,824540.000,60288,1,T1,1,100,36.647
1738264553.431815,824674.000,60320,1,T1,1,100,36.635
1738264553.564820,824807.000,60338,1,T1,1,100,36.629
1738264553.697825,824940.000,60354,1,T1,1,100,36.627
1738264553.831831,825074.000,60387,1,T1,1,100,36.661
1738264553.964835,825207.000,60402,1,T1,1,100,36.676
1738264554.097841,825340.000,60418,1,T1,1,100,36.718
1738264554.231846,825474.000,60449,1,T1,1,100,36.630
1738264554.364851,825607.000,60464,1,T1,1,100,36.627
1738264554.497856,825740.000,60480,1,T1,1,100,36.768
1738264554.631861,825874.000,60511,1,T1,1,100,36.793
1738264554.764866,826007.000,60528,1,T1,1,100,36.627
1738264554.897871,826140.000,60545,1,T1,1,100,36.590
1738264555.031876,826274.000,60575,1,T1,1,100,36.610
1738264555.164881,826407.000,60590,1,T1,1,100,36.619
1738264555.297886,826540.000,60607,1,T1,1,100,36.587
1738264555.431891,826674.000,60637,1,T1,1,100,36.644
1738264555.564896,826807.000,60653,1,T1,1,100,36.669
1738264555.697901,826940.000,60671,1,T1,1,100,36.679
1738264555.830906,827073.000,60686,1,T1,1,100,36.684
1738264555.964911,827207.000,60717,1,T1,1,100,36.615
1738264556.097916,827340.000,60733,1,T1,1,100,36.692
1738264556.231921,827474.000,60749,1,T1,1,100,36.618
1738264556.364927,827607.000,60772,1,T1,1,100,36.658
1738264556.497931,827740.000,60803,1,T1,1,100,36.604
1738264556.630937,827873.000,60818,1,T1,1,100,36.722
1738264556.764942,828007.000,60834,1,T1,1,100,36.632
1738264556.897947,828140.000,60849,1,T1,1,100,36.663
1738264557.030952,828273.000,60880,1,T1,1,100,36.677
1738264557.164957,828407.000,60896,1,T1,1,100,36.612
1738264557.297962,828540.000,60912,1,T1,1,100,36.619
1738264557.430967,828673.000,60942,1,T1,1,100,36.587
1738264557.564972,828807.000,60959,1,T1,1,100,36.644
1738264557.697977,828940.000,60974,1,T1,1,100,36.740
1738264557.830982,829073.000,61005,1,T1,1,100,36.746
1738264557.964987,829207.000,61023,1,T1,1,100,36.677
1738264558.097992,829340.000,61038,1,T1,1,100,36.612
1738264558.230997,829473.000,61073,1,T1,1,100,36.726
1738264558.365002,829607.000,61089,1,T1,1,100,36.669
1738264558.498007,829740.000,61104,1,T1,1,100,36.679
1738264558.631012,829873.000,61137,1,T1,1,100,36.719
1738264558.765018,830007.000,61153,1,T1,1,100,36.737
1738264558.898023,830140.000,61169,1,T1,1,100,36.638
1738264559.031028,830273.000,61185,1,T1,1,100,36.666
1738264559.165033,830407.000,61218,1,T1,1,100,36.643
1738264559.298038,830540.000,61235,1,T1,1,100,36.668
1738264559.431043,830673.000,61251,1,T1,1,100,36.679
1738264559.564048,830806.000,61267,1,T1,1,100,36.613
1738264559.698053,830940.000,61299,1,T1,1,100,36.691
1738264559.831058,831073.000,61316,1,T1,1,100,36.724
1738264559.964063,831206.000,61333,1,T1,1,100,36.668
1738264560.098068,831340.000,61363,1,T1,1,100,36.608
1738264560.231073,831473.000,61380,1,T1,1,100,36.653
1738264560.364078,831606.000,61395,1,T1,1,100,36.744
1738264560.498083,831740.000,61426,1,T1,1,100,36.641
1738264560.631088,831873.000,61444,1,T1,1,100,36.667
1738264560.764093,832006.000,61459,1,T1,1,100,36.785
1738264560.898098,832140.000,61490,1,T1,1,100,36.765
1738264561.031103,832273.000,61506,1,T1,1,100,36.757
1738264561.164109,832406.000,61521,1,T1,1,100,36.682
1738264561.297614,832539.500,61558,2,T1,1,100,36.650
1738264561.431119,832673.000,61558,2,T1,1,100,36.671
1738264561.564124,832806.000,61574,1,T1,1,100,36.680
1738264561.698129,832940.000,61591,1,T1,1,100,36.791
1738264561.831134,833073.000,61624,1,T1,1,100,36.768
1738264561.964139,833206.000,61640,1,T1,1,100,36.687
1738264562.098144,833340.000,61657,1,T1,1,100,36.723
1738264562.231149,833473.000,61690,1,T1,1,100,36.774
1738264562.364154,833606.000,61706,1,T1,1,100,36.831
1738264562.497159,833739.000,61723,1,T1,1,100,36.821
1738264562.631164,833873.000,61756,1,T1,1,100,36.639
1738264562.764169,834006.000,61772,1,T1,1,100,36.595
1738264562.897174,834139.000,61790,1,T1,1,100,36.754
1738264563.031179,834273.000,61822,1,T1,1,100,36.645
1738264563.164184,834406.000,61837,1,T1,1,100,36.740
1738264563.297189,834539.000,61857,1,T1,1,100,36.675
1738264563.431195,834673.000,61873,1,T1,1,100,36.682
1738264563.564199,834806.000,61906,1,T1,1,100,36.756
1738264563.697205,834939.000,61923,1,T1,1,100,36.611
1738264563.831210,835073.000,61939,1,T1,1,100,36.619
1738264563.964215,835206.000,61972,1,T1,1,100,36.622
1738264564.097220,835339.000,61989,1,T1,1,100,36.695
1738264564.231225,835473.000,62005,1,T1,1,100,36.620
1738264564.364230,835606.000,62037,1,T1,1,100,36.658
1738264564.497235,835739.000,62053,1,T1,1,100,36.639
1738264564.631240,835873.000,62069,1,T1,1,100,36.702
1738264564.764245,836006.000,62099,1,T1,1,100,36.729
1738264564.897250,836139.000,62116,1,T1,1,100,36.741
1738264565.031255,836273.000,62131,1,T1,1,100,36.782
1738264565.164260,836406.000,62164,1,T1,1,100,36.764
1738264565.297265,836539.000,62180,1,T1,1,100,36.756
1738264565.431270,836673.000,62195,1,T1,1,100,36.717
1738264565.564276,836806.000,62211,1,T1,1,100,36.842
1738264565.697280,836939.000,62242,1,T1,1,100,36.719
1738264565.830286,837072.000,62257,1,T1,1,100,36.737
1738264565.964291,837206.000,62274,1,T1,1,100,36.780
1738264566.097296,837339.000,62304,1,T1,1,100,36.798
1738264566.230301,837472.000,62320,1,T1,1,100,36.665
1738264566.364306,837606.000,62338,1,T1,1,100,36.642
1738264566.497811,837739.500,62374,2,T1,1,100,36.632
1738264566.631316,837873.000,62374,2,T1,1,100,36.628
1738264566.764321,838006.000,62404,1,T1,1,100,36.626
1738264566.897326,838139.000,62420,1,T1,1,100,36.626
1738264567.030331,838272.000,62436,1,T1,1,100,36.661
1738264567.164336,838406.000,62467,1,T1,1,100,36.640
1738264567.297341,838539.000,62482,1,T1,1,100,36.703
1738264567.430346,838672.000,62498,1,T1,1,100,36.694
1738264567.564351,838806.000,62529,1,T1,1,100,36.726
1738264567.697356,838939.000,62544,1,T1,1,100,36.669
1738264567.830361,839072.000,62562,1,T1,1,100,36.608
1738264567.964366,839206.000,62593,1,T1,1,100,36.582
1738264568.097371,839339.000,62608,1,T1,1,100,36.677
1738264568.230376,839472.000,62625,1,T1,1,100,36.683
1738264568.364382,839606.000,62657,1,T1,1,100,36.650
1738264568.497387,839739.000,62672,1,T1,1,100,36.671
1738264568.630392,839872.000,62689,1,T1,1,100,36.787
1738264568.764397,840006.000,62704,1,T1,1,100,36.766
1738264568.897402,840139.000,62735,1,T1,1,100,36.721
1738264569.030407,840272.000,62751,1,T1,1,100,36.667
1738264569.164412,840406.000,62766,1,T1,1,100,36.714
1738264569.297417,840539.000,62799,1,T1,1,100,36.805
1738264569.430422,840672.000,62815,1,T1,1,100,36.738
1738264569.563427,840805.000,62831,1,T1,1,100,36.710
1738264569.697432,840939.000,62861,1,T1,1,100,36.733
1738264569.830437,841072.000,62877,1,T1,1,100,36.707
1738264569.963442,841205.000,62893,1,T1,1,100,36.696
1738264570.097447,841339.000,62923,1,T1,1,100,36.656
1738264570.230452,841472.000,62940,1,T1,1,100,36.638
1738264570.363457,841605.000,62955,1,T1,1,100,36.666
1738264570.497463,841739.000,62986,1,T1,1,100,36.714
1738264570.630467,841872.000,63002,1,T1,1,100,36.592
1738264570.763473,842005.000,63017,1,T1,1,100,36.682
1738264570.897478,842139.000,63033,1,T1,1,100,36.650
1738264571.030483,842272.000,63064,1,T1,1,100,36.671
1738264571.163488,842405.000,63082,1,T1,1,100,36.716
1738264571.297493,842539.000,63100,1,T1,1,100,36.735
1738264571.430498,842672.000,63134,1,T1,1,100,36.673
1738264571.563503,842805.000,63151,1,T1,1,100,36.646
1738264571.697508,842939.000,63173,1,T1,1,100,36.740
1738264571.830513,843072.000,63189,1,T1,1,100,36.852
1738264571.963518,843205.000,63207,1,T1,1,100,36.759
1738264572.097523,843339.000,63239,1,T1,1,100,36.718
1738264572.230528,843472.000,63256,1,T1,1,100,36.665
1738264572.363533,843605.000,63275,1,T1,1,100,36.784
1738264572.497538,843739.000,63308,1,T1,1,100,36.658
1738264572.630543,843872.000,63324,1,T1,1,100,36.675
1738264572.763548,844005.000,63341,1,T1,1,100,36.753
1738264572.896554,844138.000,63374,1,T1,1,100,36.787
1738264573.030559,844272.000,63390,1,T1,1,100,36.695
1738264573.163563,844405.000,63407,1,T1,1,100,36.726
1738264573.296569,844538.000,63441,1,T1,1,100,36.775
1738264573.430574,844672.000,63458,1,T1,1,100,36.761
1738264573.563579,844805.000,63475,1,T1,1,100,36.755
1738264573.696584,844938.000,63490,1,T1,1,100,36.717
1738264573.830589,845072.000,63520,1,T1,1,100,36.771
1738264573.963594,845205.000,63539,1,T1,1,100,36.688
1738264574.096599,845338.000,63554,1,T1,1,100,36.688
1738264574.230604,845472.000,63585,1,T1,1,100,36.652
1738264574.363609,845605.000,63601,1,T1,1,100,36.708
1738264574.496614,845738.000,63616,1,T1,1,100,36.732
1738264574.630619,845872.000,63647,1,T1,1,100,36.742
1738264574.763624,846005.000,63663,1,T1,1,100,36.676
1738264574.896629,846138.000,63679,1,T1,1,100,36.718
1738264575.030634,846272.000,63711,1,T1,1,100,36.701
1738264575.163640,846405.000,63727,1,T1,1,100,36.658
1738264575.296644,846538.000,63743,1,T1,1,100,36.675
1738264575.430650,846672.000,63773,1,T1,1,100,36.753
1738264575.563655,846805.000,63790,1,T1,1,100,36.680
1738264575.696660,846938.000,63805,1,T1,1,100,36.720
1738264575.830665,847072.000,63836,1,T1,1,100,36.701
1738264575.963670,847205.000,63854,1,T1,1,100,36.835
1738264576.096675,847338.000,63869,1,T1,1,100,36.716
1738264576.229680,847471.000,63885,1,T1,1,100,36.735
1738264576.363685,847605.000,63916,1,T1,1,100,36.779
1738264576.496690,847738.000,63931,1,T1,1,100,36.869
1738264576.629695,847871.000,63950,1,T1,1,100,36.731
1738264576.763700,848005.000,63985,1,T1,1,100,36.706
1738264576.896705,848138.000,64001,1,T1,1,100,36.589
1738264577.029710,848271.000,64017,1,T1,1,100,36.680
1738264577.163715,848405.000,64032,1,T1,1,100,36.614
1738264577.296720,848538.000,64063,1,T1,1,100,36.620
1738264577.429725,848671.000,64079,1,T1,1,100,36.729
1738264577.563730,848805.000,64097,1,T1,1,100,36.741
1738264577.696735,848938.000,64115,1,T1,1,100,36.675
1738264577.829741,849071.000,64146,1,T1,1,100,36.647
1738264577.963746,849205.000,64161,1,T1,1,100,36.634
1738264578.096751,849338.000,64177,1,T1,1,100,36.629
1738264578.229756,849471.000,64210,1,T1,1,100,36.627
1738264578.363761,849605.000,64227,1,T1,1,100,36.626
1738264578.496766,849738.000,64243,1,T1,1,100,36.732
1738264578.629771,849871.000,64274,1,T1,1,100,36.813
1738264578.763776,850005.000,64289,1,T1,1,100,36.742
1738264578.896781,850138.000,64306,1,T1,1,100,36.676
1738264579.029786,850271.000,64336,1,T1,1,100,36.647
1738264579.163791,850405.000,64351,1,T1,1,100,36.705
1738264579.296796,850538.000,64368,1,T1,1,100,36.695
1738264579.429801,850671.000,64383,1,T1,1,100,36.762
1738264579.562806,850804.000,64416,1,T1,1,100,36.826
1738264579.696811,850938.000,64432,1,T1,1,100,36.712
1738264579.829816,851071.000,64449,1,T1,1,100,36.663
1738264579.962821,851204.000,64482,1,T1,1,100,36.606
1738264580.096827,851338.000,64498,1,T1,1,100,36.688
1738264580.229831,851471.000,64514,1,T1,1,100,36.688
1738264580.362837,851604.000,64544,1,T1,1,100,36.652
1738264580.496842,851738.000,64560,1,T1,1,100,36.637
1738264580.629847,851871.000,64578,1,T1,1,100,36.701
1738264580.762852,852004.000,64608,1,T1,1,100,36.764
1738264580.896857,852138.000,64625,1,T1,1,100,36.721
1738264581.029862,852271.000,64642,1,T1,1,100,36.702
1738264581.162867,852404.000,64673,1,T1,1,100,36.729
1738264581.296872,852538.000,64689,1,T1,1,100,36.670
1738264581.429877,852671.000,64706,1,T1,1,100,36.715
1738264581.562882,852804.000,64722,1,T1,1,100,36.664
1738264581.696887,852938.000,64753,1,T1,1,100,36.784
1738264581.829892,853071.000,64768,1,T1,1,100,36.729
1738264581.962897,853204.000,64792,1,T1,1,100,36.706
1738264582.096902,853338.000,64807,1,T1,1,100,36.802
1738264582.229908,853471.000,64840,1,T1,1,100,36.772
1738264582.362912,853604.000,64856,1,T1,1,100,36.724
1738264582.495918,853737.000,64871,1,T1,1,100,36.774
1738264582.629923,853871.000,64902,1,T1,1,100,36.654
1738264582.762928,854004.000,64918,1,T1,1,100,36.709
1738264582.896933,854138.000,64934,1,T1,1,100,36.661
1738264583.029938,854271.000,64950,1,T1,1,100,36.676
1738264583.162943,854404.000,64980,1,T1,1,100,36.718
1738264583.295948,854537.000,65000,1,T1,1,100,36.843
1738264583.429953,854671.000,65018,1,T1,1,100,36.825
1738264583.562958,854804.000,65049,1,T1,1,100,36.747
1738264583.695963,854937.000,65064,1,T1,1,100,36.855
1738264583.829968,855071.000,65080,1,T1,1,100,36.796
1738264583.962973,855204.000,65111,1,T1,1,100,36.734
1738264584.095978,855337.000,65126,1,T1,1,100,36.672
1738264584.229983,855471.000,65143,1,T1,1,100,36.716
1738264584.362988,855604.000,65173,1,T1,1,100,36.771
1738264584.495993,855737.000,65188,1,T1,1,100,36.759
1738264584.629998,855871.000,65205,1,T1,1,100,36.789
1738264584.763004,856004.000,65235,1,T1,1,100,36.732
1738264584.896008,856137.000,65251,1,T1,1,100,36.813
1738264585.030014,856271.000,65267,1,T1,1,100,36.777
1738264585.163019,856404.000,65284,1,T1,1,100,36.797
1738264585.296024,856537.000,65315,1,T1,1,100,36.735
1738264585.430029,856671.000,65331,1,T1,1,100,36.708
1738264585.563034,856804.000,65346,1,T1,1,100,36.661
1738264585.696039,856937.000,65379,1,T1,1,100,36.711
1738264585.830044,857071.000,65395,1,T1,1,100,36.733
1738264585.963049,857204.000,65413,1,T1,1,100,36.743
1738264586.096054,857337.000,65443,1,T1,1,100,36.711
1738264586.229059,857470.000,65460,1,T1,1,100,36.698
1738264586.363064,857604.000,65475,1,T1,1,100,36.692
1738264586.496069,857737.000,65506,1,T1,1,100,36.654
1738264586.629074,857870.000,65522,1,T1,1,100,36.744
1738264586.763079,858004.000,1,1,T1,1,100,36.747
1738264586.896084,858137.000,32,1,T1,1,100,36.713
1738264587.029089,858270.000,53,1,T1,1,100,36.734
1738264587.163095,858404.000,68,1,T1,1,100,36.708
1738264587.296100,858537.000,99,1,T1,1,100,36.696
1738264587.429105,858670.000,115,1,T1,1,100,36.762
1738264587.563110,858804.000,131,1,T1,1,100,36.720
1738264587.696115,858937.000,147,1,T1,1,100,36.666
1738264587.829120,859070.000,177,1,T1,1,100,36.607
1738264587.963125,859204.000,195,1,T1,1,100,36.724
1738264588.096130,859337.000,211,1,T1,1,100,36.703
1738264588.229135,859470.000,246,1,T1,1,100,36.623
1738264588.363140,859604.000,261,1,T1,1,100,36.589
1738264588.496145,859737.000,277,1,T1,1,100,36.716
1738264588.629150,859870.000,308,1,T1,1,100,36.735
1738264588.763155,860004.000,323,1,T1,1,100,36.673
1738264588.896160,860137.000,340,1,T1,1,100,36.717
1738264589.029165,860270.000,370,1,T1,1,100,36.665
1738264589.162170,860403.000,385,1,T1,1,100,36.642
1738264589.296175,860537.000,402,1,T1,1,100,36.668
1738264589.429180,860670.000,432,1,T1,1,100,36.785
1738264589.562186,860803.000,448,1,T1,1,100,36.765
1738264589.696191,860937.000,464,1,T1,1,100,36.757
1738264589.829195,861070.000,495,1,T1,1,100,36.611
1738264589.962201,861203.000,510,1,T1,1,100,36.796
1738264590.096206,861337.000,526,1,T1,1,100,36.699
1738264590.229211,861470.000,541,1,T1,1,100,36.799
1738264590.362216,861603.000,572,1,T1,1,100,36.665
1738264590.496221,861737.000,588,1,T1,1,100,36.749
1738264590.629226,861870.000,604,1,T1,1,100,36.678
1738264590.762231,862003.000,634,1,T1,1,100,36.755
1738264590.896236,862137.000,651,1,T1,1,100,36.681
1738264591.029241,862270.000,666,1,T1,1,100,36.720
1738264591.162246,862403.000,697,1,T1,1,100,36.702
1738264591.296251,862537.000,713,1,T1,1,100,36.765
1738264591.429256,862670.000,728,1,T1,1,100,36.721
1738264591.562761,862803.500,760,2,T1,1,100,36.737
1738264591.696266,862937.000,760,2,T1,1,100,36.745
1738264591.829272,863070.000,791,1,T1,1,100,36.712
1738264591.962276,863203.000,806,1,T1,1,100,36.698
1738264592.096282,863337.000,822,1,T1,1,100,36.834
1738264592.229287,863470.000,858,1,T1,1,100,36.857
1738264592.362292,863603.000,873,1,T1,1,100,36.796
1738264592.496297,863737.000,889,1,T1,1,100,36.770
1738264592.629302,863870.000,905,1,T1,1,100,36.865
1738264592.762307,864003.000,935,1,T1,1,100,36.729
1738264592.895312,864136.000,952,1,T1,1,100,36.705
1738264593.029317,864270.000,967,1,T1,1,100,36.695
1738264593.162322,864403.000,998,1,T1,1,100,36.691
1738264593.295327,864536.000,1016,1,T1,1,100,36.653
1738264593.429332,864670.000,1031,1,T1,1,100,36.673
1738264593.562337,864803.000,1062,1,T1,1,100,36.717
1738264593.695342,864936.000,1078,1,T1,1,100,36.771
1738264593.829347,865070.000,1093,1,T1,1,100,36.688
1738264593.962352,865203.000,1124,1,T1,1,100,36.652
1738264594.095357,865336.000,1140,1,T1,1,100,36.743
1738264594.229362,865470.000,1156,1,T1,1,100,36.783
1738264594.362368,865603.000,1186,1,T1,1,100,36.764
1738264594.495373,865736.000,1204,1,T1,1,100,36.792
1738264594.629378,865870.000,1220,1,T1,1,100,36.803
1738264594.762383,866003.000,1236,1,T1,1,100,36.738
1738264594.895388,866136.000,1267,1,T1,1,100,36.709
1738264595.029393,866270.000,1282,1,T1,1,100,36.661
1738264595.162398,866403.000,1298,1,T1,1,100,36.783
1738264595.295403,866536.000,1329,1,T1,1,100,36.764
1738264595.429408,866670.000,1344,1,T1,1,100,36.721
1738264595.562413,866803.000,1361,1,T1,1,100,36.702
1738264595.695418,866936.000,1391,1,T1,1,100,36.765
1738264595.828423,867069.000,1406,1,T1,1,100,36.721
1738264595.962428,867203.000,1423,1,T1,1,100,36.773
1738264596.095433,867336.000,1455,1,T1,1,100,36.724
1738264596.229438,867470.000,1471,1,T1,1,100,36.668
1738264596.362443,867603.000,1489,1,T1,1,100,36.750
1738264596.495448,867736.000,1520,1,T1,1,100,36.715
1738264596.628453,867869.000,1535,1,T1,1,100,36.699
1738264596.762459,868003.000,1551,1,T1,1,100,36.657
1738264596.895464,868136.000,1584,1,T1,1,100,36.710
1738264597.028469,868269.000,1599,1,T1,1,100,36.626
1738264597.162474,868403.000,1615,1,T1,1,100,36.626
1738264597.295479,868536.000,1636,1,T1,1,100,36.803
1738264597.428484,868669.000,1668,1,T1,1,100,36.773
1738264597.562489,868803.000,1685,1,T1,1,100,36.760
1738264597.695494,868936.000,1700,1,T1,1,100,36.719
1738264597.828499,869069.000,1733,1,T1,1,100,36.666
1738264597.962504,869203.000,1749,1,T1,1,100,36.749
1738264598.095509,869336.000,1764,1,T1,1,100,36.714
1738264598.228514,869469.000,1797,1,T1,1,100,36.699
1738264598.362519,869603.000,1815,1,T1,1,100,36.657
1738264598.495524,869736.000,1830,1,T1,1,100,36.745
1738264598.628529,869869.000,1863,1,T1,1,100,36.712
1738264598.762534,870003.000,1879,1,T1,1,100,36.698
1738264598.895540,870136.000,1895,1,T1,1,100,36.763
1738264599.028544,870269.000,1925,1,T1,1,100,36.720
1738264599.162549,870403.000,1943,1,T1,1,100,36.702
1738264599.295555,870536.000,1959,1,T1,1,100,36.658
1738264599.428560,870669.000,1975,1,T1,1,100,36.746
1738264599.561565,870802.000,2006,1,T1,1,100,36.784
1738264599.695570,870936.000,2021,1,T1,1,100,36.694
1738264599.828575,871069.000,2037,1,T1,1,100,36.690
1738264599.961580,871202.000,2070,1,T1,1,100,36.689
1738264600.095585,871336.000,2085,1,T1,1,100,36.723
1738264600.228590,871469.000,2102,1,T1,1,100,36.739
1738264600.361595,871602.000,2132,1,T1,1,100,36.639
1738264600.495600,871736.000,2147,1,T1,1,100,36.808
1738264600.628605,871869.000,2164,1,T1,1,100,36.811
1738264600.761610,872002.000,2196,1,T1,1,100,36.705
1738264600.895615,872136.000,2212,1,T1,1,100,36.731
1738264601.028620,872269.000,2228,1,T1,1,100,36.671
1738264601.161625,872402.000,2259,1,T1,1,100,36.680
1738264601.295630,872536.000,2274,1,T1,1,100,36.649
1738264601.428636,872669.000,2290,1,T1,1,100,36.742
1738264601.561641,872802.000,2325,1,T1,1,100,36.817
1738264601.695646,872936.000,2340,1,T1,1,100,36.779
1738264601.828651,873069.000,2356,1,T1,1,100,36.727
1738264601.961656,873202.000,2372,1,T1,1,100,36.811
1738264602.095661,873336.000,2402,1,T1,1,100,36.812
1738264602.228666,873469.000,2419,1,T1,1,100,36.777
1738264602.361671,873602.000,2436,1,T1,1,100,36.797
1738264602.495676,873736.000,2472,1,T1,1,100,36.841
1738264602.628681,873869.000,2490,1,T1,1,100,36.789
1738264602.761686,874002.000,2505,1,T1,1,100,36.767
1738264602.894691,874135.000,2536,1,T1,1,100,36.722
1738264603.028696,874269.000,2552,1,T1,1,100,36.773
1738264603.161701,874402.000,2569,1,T1,1,100,36.725
1738264603.295706,874536.000,2602,1,T1,1,100,36.774
1738264603.428711,874669.000,2618,1,T1,1,100,36.832
1738264603.561716,874802.000,2634,1,T1,1,100,36.785
1738264603.694721,874935.000,2650,1,T1,1,100,36.730
1738264603.828727,875069.000,2680,1,T1,1,100,36.635
1738264603.961732,875202.000,2696,1,T1,1,100,36.700
1738264604.094737,875335.000,2714,1,T1,1,100,36.728
1738264604.228742,875469.000,2745,1,T1,1,100,36.705
1738264604.361747,875602.000,2760,1,T1,1,100,36.660
1738264604.494752,875735.000,2778,1,T1,1,100,36.711
1738264604.628757,875869.000,2809,1,T1,1,100,36.769
1738264604.761762,876002.000,2824,1,T1,1,100,36.723
1738264604.894767,876135.000,2841,1,T1,1,100,36.774
1738264605.028772,876269.000,2871,1,T1,1,100,36.725
1738264605.161777,876402.000,2886,1,T1,1,100,36.739
1738264605.294782,876535.000,2903,1,T1,1,100,36.674
1738264605.428787,876669.000,2933,1,T1,1,100,36.611
1738264605.561792,876802.000,2949,1,T1,1,100,36.690
1738264605.694797,876935.000,2965,1,T1,1,100,36.724
1738264605.827802,877068.000,2980,1,T1,1,100,36.774
1738264605.961807,877202.000,3011,1,T1,1,100,36.725
1738264606.094812,877335.000,3029,1,T1,1,100,36.668
1738264606.228817,877469.000,3045,1,T1,1,100,36.786
1738264606.361823,877602.000,3075,1,T1,1,100,36.765
1738264606.494828,877735.000,3091,1,T1,1,100,36.721
1738264606.627833,877868.000,3107,1,T1,1,100,36.773
1738264606.761838,878002.000,3137,1,T1,1,100,36.689
1738264606.894843,878135.000,3156,1,T1,1,100,36.653
1738264607.027848,878268.000,3171,1,T1,1,100,36.672
1738264607.161853,878402.000,3202,1,T1,1,100,36.646
1738264607.294858,878535.000,3218,1,T1,1,100,36.669
1738264607.427863,878668.000,3233,1,T1,1,100,36.609
1738264607.561868,878802.000,3269,1,T1,1,100,36.689
1738264607.694873,878935.000,3287,1,T1,1,100,36.724
1738264607.827878,879068.000,3302,1,T1,1,100,36.809
1738264607.961883,879202.000,3319,1,T1,1,100,36.740
1738264608.094888,879335.000,3349,1,T1,1,100,36.710
1738264608.227893,879468.000,3365,1,T1,1,100,36.733
1738264608.361898,879602.000,3383,1,T1,1,100,36.778
1738264608.494904,879735.000,3416,1,T1,1,100,36.727
1738264608.627908,879868.000,3431,1,T1,1,100,36.704
1738264608.761914,880002.000,3447,1,T1,1,100,36.766
1738264608.894919,880135.000,3478,1,T1,1,100,36.792
1738264609.027924,880268.000,3493,1,T1,1,100,36.804
1738264609.160929,880401.000,3509,1,T1,1,100,36.773
1738264609.294934,880535.000,3525,1,T1,1,100,36.760
1738264609.427939,880668.000,3555,1,T1,1,100,36.825
1738264609.560944,880801.000,3572,1,T1,1,100,36.712
1738264609.694949,880935.000,3587,1,T1,1,100,36.698
1738264609.827954,881068.000,3618,1,T1,1,100,36.692
1738264609.960959,881201.000,3634,1,T1,1,100,36.689
1738264610.094964,881335.000,3649,1,T1,1,100,36.724
1738264610.227969,881468.000,3680,1,T1,1,100,36.739
1738264610.360974,881601.000,3696,1,T1,1,100,36.781
1738264610.494979,881735.000,3713,1,T1,1,100,36.728
1738264610.627984,881868.000,3744,1,T1,1,100,36.705
1738264610.760989,882001.000,3760,1,T1,1,100,36.695
1738264610.894994,882135.000,3776,1,T1,1,100,36.691
1738264611.028000,882268.000,3792,1,T1,1,100,36.724
1738264611.161005,882401.000,3822,1,T1,1,100,36.739
1738264611.295010,882535.000,3840,1,T1,1,100,36.710
1738264611.428015,882668.000,3856,1,T1,1,100,36.768
1738264611.561020,882801.000,3889,1,T1,1,100,36.829
1738264611.695025,882935.000,3904,1,T1,1,100,36.678
1738264611.828030,883068.000,3920,1,T1,1,100,36.683
1738264611.961035,883201.000,3951,1,T1,1,100,36.721
1738264612.095040,883335.000,3966,1,T1,1,100,36.738
1738264612.228045,883468.000,3985,1,T1,1,100,36.709
1738264612.361050,883601.000,4015,1,T1,1,100,36.732
1738264612.495055,883735.000,4030,1,T1,1,100,36.778
1738264612.628060,883868.000,4052,1,T1,1,100,36.762
1738264612.761065,884001.000,4067,1,T1,1,100,36.755
1738264612.894070,884134.000,4098,1,T1,1,100,36.717
1738264613.028075,884268.000,4114,1,T1,1,100,36.665
1738264613.161080,884401.000,4129,1,T1,1,100,36.642
1738264613.294086,884534.000,4162,1,T1,1,100,36.597
1738264613.428091,884668.000,4178,1,T1,1,100,36.613
1738264613.561096,884801.000,4194,1,T1,1,100,36.655
1738264613.694101,884934.000,4224,1,T1,1,100,36.638
1738264613.828106,885068.000,4240,1,T1,1,100,36.631
1738264613.961111,885201.000,4256,1,T1,1,100,36.805
1738264614.094116,885334.000,4290,1,T1,1,100,36.774
1738264614.228121,885468.000,4307,1,T1,1,100,36.796
1738264614.361126,885601.000,4322,1,T1,1,100,36.663
1738264614.494131,885734.000,4338,1,T1,1,100,36.748
1738264614.628136,885868.000,4371,1,T1,1,100,36.678
1738264614.761141,886001.000,4386,1,T1,1,100,36.683
1738264614.894146,886134.000,4403,1,T1,1,100,36.686
1738264615.028151,886268.000,4433,1,T1,1,100,36.758
1738264615.161156,886401.000,4448,1,T1,1,100,36.753
1738264615.294161,886534.000,4465,1,T1,1,100,36.787
1738264615.428166,886668.000,4495,1,T1,1,100,36.766
1738264615.561172,886801.000,4511,1,T1,1,100,36.757
1738264615.694176,886934.000,4527,1,T1,1,100,36.788
1738264615.827182,887067.000,4558,1,T1,1,100,36.767
1738264615.961187,887201.000,4573,1,T1,1,100,36.757
1738264616.094192,887334.000,4589,1,T1,1,100,36.753
1738264616.227197,887467.000,4620,1,T1,1,100,36.716
1738264616.361202,887601.000,4635,1,T1,1,100,36.735
1738264616.494207,887734.000,4651,1,T1,1,100,36.673
1738264616.627212,887867.000,4667,1,T1,1,100,36.717
1738264616.761217,888001.000,4697,1,T1,1,100,36.700
1738264616.894222,888134.000,4716,1,T1,1,100,36.622
1738264617.027227,888267.000,4731,1,T1,1,100,36.730
1738264617.161232,888401.000,4762,1,T1,1,100,36.706
1738264617.294237,888534.000,4778,1,T1,1,100,36.660
1738264617.427242,888667.000,4793,1,T1,1,100,36.711
1738264617.561247,888801.000,4824,1,T1,1,100,36.769
1738264617.694252,888934.000,4847,1,T1,1,100,36.723
1738264617.827257,889067.000,4862,1,T1,1,100,36.774
1738264617.961262,889201.000,4893,1,T1,1,100,36.760
1738264618.094268,889334.000,4911,1,T1,1,100,36.684
1738264618.227273,889467.000,4927,1,T1,1,100,36.757
1738264618.361278,889601.000,4945,1,T1,1,100,36.717
1738264618.494283,889734.000,4976,1,T1,1,100,36.700
1738264618.627288,889867.000,4991,1,T1,1,100,36.693
1738264618.761293,890001.000,5007,1,T1,1,100,36.761
1738264618.894298,890134.000,5040,1,T1,1,100,36.755
1738264619.027303,890267.000,5055,1,T1,1,100,36.752
1738264619.160308,890400.000,5071,1,T1,1,100,36.751
1738264619.294313,890534.000,5102,1,T1,1,100,36.821
1738264619.427318,890667.000,5117,1,T1,1,100,36.781
1738264619.560323,890800.000,5134,1,T1,1,100,36.728
1738264619.694328,890934.000,5164,1,T1,1,100,36.740
1738264619.827333,891067.000,5179,1,T1,1,100,36.710
1738264619.960338,891200.000,5196,1,T1,1,100,36.804
1738264620.094343,891334.000,5211,1,T1,1,100,36.702
1738264620.227348,891467.000,5242,1,T1,1,100,36.729
1738264620.360353,891600.000,5258,1,T1,1,100,36.777
1738264620.494359,891734.000,5273,1,T1,1,100,36.691
1738264620.627364,891867.000,5304,1,T1,1,100,36.689
1738264620.761369,892001.000,5320,1,T1,1,100,36.724
1738264620.894374,892134.000,5336,1,T1,1,100,36.809
1738264621.027379,892267.000,5366,1,T1,1,100,36.740
1738264621.160384,892400.000,5382,1,T1,1,100,36.675
1738264621.294389,892534.000,5398,1,T1,1,100,36.753
1738264621.427394,892667.000,5414,1,T1,1,100,36.787
1738264621.560399,892800.000,5445,1,T1,1,100,36.766
1738264621.694404,892934.000,5460,1,T1,1,100,36.792
1738264621.827409,893067.000,5476,1,T1,1,100,36.697
1738264621.960414,893200.000,5507,1,T1,1,100,36.727
1738264622.094419,893334.000,5522,1,T1,1,100,36.740
1738264622.227424,893467.000,5539,1,T1,1,100,36.781
1738264622.360429,893600.000,5569,1,T1,1,100,36.799
1738264622.493434,893733.000,5584,1,T1,1,100,36.771
1738264622.627439,893867.000,5601,1,T1,1,100,36.724
1738264622.760945,894000.500,5637,2,T1,1,100,36.739
1738264622.894449,894134.000,5637,2,T1,1,100,36.816
1738264623.027455,894267.000,5667,1,T1,1,100,36.849
1738264623.160460,894400.000,5683,1,T1,1,100,36.722
1738264623.293465,894533.000,5701,1,T1,1,100,36.632
1738264623.427470,894667.000,5731,1,T1,1,100,36.699
1738264623.560475,894800.000,5748,1,T1,1,100,36.621
1738264623.693480,894933.000,5763,1,T1,1,100,36.659
1738264623.827485,895067.000,5796,1,T1,1,100,36.746
1738264623.960490,895200.000,5812,1,T1,1,100,36.748
1738264624.093495,895333.000,5827,1,T1,1,100,36.678
1738264624.227500,895467.000,5844,1,T1,1,100,36.648
1738264624.360505,895600.000,5859,1,T1,1,100,36.706
1738264624.493510,895733.000,5890,1,T1,1,100,36.660
1738264624.627515,895867.000,5906,1,T1,1,100,36.711
1738264624.760520,896000.000,5921,1,T1,1,100,36.698
1738264624.893525,896133.000,5952,1,T1,1,100,36.656
1738264625.027530,896267.000,5968,1,T1,1,100,36.674
1738264625.160536,896400.000,5983,1,T1,1,100,36.788
1738264625.293540,896533.000,6014,1,T1,1,100,36.660
1738264625.427546,896667.000,6030,1,T1,1,100,36.711
1738264625.560551,896800.000,6046,1,T1,1,100,36.698
1738264625.693556,896933.000,6078,1,T1,1,100,36.798
1738264625.827561,897067.000,6094,1,T1,1,100,36.735
1738264625.960566,897200.000,6110,1,T1,1,100,36.779
1738264626.093571,897333.000,6140,1,T1,1,100,36.904
1738264626.226576,897466.000,6157,1,T1,1,100,36.852
1738264626.360581,897600.000,6172,1,T1,1,100,36.794
1738264626.493586,897733.000,6188,1,T1,1,100,36.876
1738264626.626591,897866.000,6221,1,T1,1,100,36.804
1738264626.760596,898000.000,6236,1,T1,1,100,36.773
1738264626.893601,898133.000,6253,1,T1,1,100,36.760
1738264627.026606,898266.000,6283,1,T1,1,100,36.719
1738264627.160611,898400.000,6302,1,T1,1,100,36.737
1738264627.293617,898533.000,6319,1,T1,1,100,36.780
1738264627.426621,898666.000,6349,1,T1,1,100,36.763
1738264627.560627,898800.000,6365,1,T1,1,100,36.791
1738264627.693632,898933.000,6381,1,T1,1,100,36.768
1738264627.826637,899066.000,6412,1,T1,1,100,36.722
1738264627.960642,899200.000,6432,1,T1,1,100,36.667
1738264628.093647,899333.000,6452,1,T1,1,100,36.714
1738264628.226652,899466.000,6485,1,T1,1,100,36.770
1738264628.360657,899600.000,6500,1,T1,1,100,36.688
1738264628.493662,899733.000,6516,1,T1,1,100,36.652
1738264628.626667,899866.000,6547,1,T1,1,100,36.708
1738264628.760672,900000.000,6562,1,T1,1,100,36.732
1738264628.893677,900133.000,6579,1,T1,1,100,36.742
1738264629.026682,900266.000,6594,1,T1,1,100,36.711
1738264629.160687,900400.000,6627,1,T1,1,100,36.840
1738264629.293692,900533.000,6643,1,T1,1,100,36.789
1738264629.426697,900666.000,6658,1,T1,1,100,36.696
1738264629.559702,900799.000,6689,1,T1,1,100,36.691
1738264629.693707,900933.000,6705,1,T1,1,100,36.689
1738264629.826712,901066.000,6720,1,T1,1,100,36.653
1738264629.960718,901200.000,6751,1,T1,1,100,36.637
1738264630.093723,901333.000,6769,1,T1,1,100,36.807
1738264630.226728,901466.000,6785,1,T1,1,100,36.881
1738264630.359733,901599.000,6815,1,T1,1,100,36.842
1738264630.493738,901733.000,6831,1,T1,1,100,36.754
1738264630.626743,901866.000,6847,1,T1,1,100,36.646
1738264630.759748,901999.000,6877,1,T1,1,100,36.705
1738264630.893753,902133.000,6894,1,T1,1,100,36.660
1738264631.026758,902266.000,6911,1,T1,1,100,36.604
1738264631.159763,902399.000,6927,1,T1,1,100,36.722
1738264631.293768,902533.000,6958,1,T1,1,100,36.738
1738264631.426773,902666.000,6973,1,T1,1,100,36.709
1738264631.559778,902799.000,6990,1,T1,1,100,36.732
1738264631.693783,902933.000,7020,1,T1,1,100,36.742
1738264631.826788,903066.000,7035,1,T1,1,100,36.782
1738264631.959793,903199.000,7052,1,T1,1,100,36.693
1738264632.093798,903333.000,7082,1,T1,1,100,36.761
1738264632.226804,903466.000,7098,1,T1,1,100,36.826
1738264632.359808,903599.000,7114,1,T1,1,100,36.854
1738264632.492814,903732.000,7147,1,T1,1,100,36.901
1738264632.626819,903866.000,7162,1,T1,1,100,36.815
1738264632.759824,903999.000,7178,1,T1,1,100,36.814
1738264632.892829,904132.000,7209,1,T1,1,100,36.849
1738264633.026834,904266.000,7229,1,T1,1,100,36.757
1738264633.159839,904399.000,7245,1,T1,1,100,36.753
1738264633.292844,904532.000,7263,1,T1,1,100,36.751
1738264633.426849,904666.000,7295,1,T1,1,100,36.751
1738264633.559854,904799.000,7312,1,T1,1,100,36.608
1738264633.692859,904932.000,7327,1,T1,1,100,36.795
1738264633.826864,905066.000,7360,1,T1,1,100,36.805
1738264633.959869,905199.000,7376,1,T1,1,100,36.774
1738264634.092874,905332.000,7391,1,T1,1,100,36.725
1738264634.226879,905466.000,7422,1,T1,1,100,36.739
1738264634.359885,905599.000,7438,1,T1,1,100,36.745
1738264634.492889,905732.000,7454,1,T1,1,100,36.677
1738264634.626894,905866.000,7472,1,T1,1,100,36.754
1738264634.759900,905999.000,7506,1,T1,1,100,36.716
1738264634.892905,906132.000,7523,1,T1,1,100,36.735
1738264635.026910,906266.000,7540,1,T1,1,100,36.779
1738264635.159915,906399.000,7572,1,T1,1,100,36.692
1738264635.292920,906532.000,7587,1,T1,1,100,36.760
1738264635.426925,906666.000,7603,1,T1,1,100,36.825
1738264635.559930,906799.000,7634,1,T1,1,100,36.818
1738264635.692935,906932.000,7649,1,T1,1,100,36.709
1738264635.826940,907066.000,7665,1,T1,1,100,36.697
1738264635.959945,907199.000,7696,1,T1,1,100,36.869
1738264636.092950,907332.000,7713,1,T1,1,100,36.801
1738264636.225955,907465.000,7730,1,T1,1,100,36.808
1738264636.359960,907599.000,7760,1,T1,1,100,36.704
1738264636.492965,907732.000,7775,1,T1,1,100,36.730
1738264636.625970,907865.000,7792,1,T1,1,100,36.741
1738264636.759975,907999.000,7807,1,T1,1,100,36.746
1738264636.892981,908132.000,7838,1,T1,1,100,36.713
1738264637.025985,908265.000,7854,1,T1,1,100,36.734
1738264637.159991,908399.000,7869,1,T1,1,100,36.743
1738264637.292996,908532.000,7900,1,T1,1,100,36.747
1738264637.426001,908665.000,7916,1,T1,1,100,36.855
1738264637.560006,908799.000,7932,1,T1,1,100,36.831
1738264637.693011,908932.000,7962,1,T1,1,100,36.785
1738264637.826016,909065.000,7980,1,T1,1,100,36.730
1738264637.960021,909199.000,7996,1,T1,1,100,36.741
1738264638.093026,909332.000,8031,1,T1,1,100,36.817
1738264638.226031,909465.000,8050,1,T1,1,100,36.814
1738264638.360036,909599.000,8065,1,T1,1,100,36.813
1738264638.493041,909732.000,8081,1,T1,1,100,36.884
1738264638.626046,909865.000,8112,1,T1,1,100,36.808
1738264638.760051,909999.000,8127,1,T1,1,100,36.811
1738264638.893056,910132.000,8144,1,T1,1,100,36.670
1738264639.026061,910265.000,8174,1,T1,1,100,36.822
1738264639.160066,910399.000,8189,1,T1,1,100,36.816
1738264639.293072,910532.000,8206,1,T1,1,100,36.743
1738264639.426077,910665.000,8221,1,T1,1,100,36.712
1738264639.559082,910798.000,8252,1,T1,1,100,36.769
1738264639.693087,910932.000,8268,1,T1,1,100,36.829
1738264639.826092,911065.000,8283,1,T1,1,100,36.820
1738264639.959097,911198.000,8316,1,T1,1,100,36.745
1738264640.093102,911332.000,8332,1,T1,1,100,36.783
1738264640.226107,911465.000,8348,1,T1,1,100,36.800
1738264640.359112,911598.000,8380,1,T1,1,100,36.772
1738264640.493117,911732.000,8396,1,T1,1,100,36.688
1738264640.626122,911865.000,8412,1,T1,1,100,36.794
1738264640.759127,911998.000,8442,1,T1,1,100,36.769
1738264640.893132,912132.000,8459,1,T1,1,100,36.794
1738264641.026137,912265.000,8474,1,T1,1,100,36.733
1738264641.159142,912398.000,8507,1,T1,1,100,36.920
1738264641.293147,912532.000,8523,1,T1,1,100,36.788
1738264641.426152,912665.000,8538,1,T1,1,100,36.837
1738264641.559157,912798.000,8569,1,T1,1,100,36.823
1738264641.693162,912932.000,8585,1,T1,1,100,36.853
1738264641.826168,913065.000,8600,1,T1,1,100,36.865
1738264641.959172,913198.000,8619,1,T1,1,100,36.871
1738264642.093178,913332.000,8649,1,T1,1,100,36.802
1738264642.226183,913465.000,8665,1,T1,1,100,36.808
1738264642.359188,913598.000,8681,1,T1,1,100,36.811
1738264642.493193,913732.000,8712,1,T1,1,100,36.776
1738264642.626198,913865.000,8727,1,T1,1,100,36.761
1738264642.759203,913998.000,8743,1,T1,1,100,36.826
1738264642.892208,914131.000,8774,1,T1,1,100,36.818
1738264643.026213,914265.000,8791,1,T1,1,100,36.744
1738264643.159218,914398.000,8807,1,T1,1,100,36.783
1738264643.292723,914531.500,8843,2,T1,1,100,36.835
1738264643.426228,914665.000,8843,2,T1,1,100,36.787
1738264643.559233,914798.000,8874,1,T1,1,100,36.730
1738264643.692238,914931.000,8889,1,T1,1,100,36.812
1738264643.826243,915065.000,8905,1,T1,1,100,36.848
1738264643.959249,915198.000,8936,1,T1,1,100,36.792
1738264644.092253,915331.000,8951,1,T1,1,100,36.733
1738264644.226259,915465.000,8968,1,T1,1,100,36.743
1738264644.359264,915598.000,8998,1,T1,1,100,36.711
1738264644.492269,915731.000,9013,1,T1,1,100,36.698
1738264644.626274,915865.000,9030,1,T1,1,100,36.763
1738264644.759279,915998.000,9062,1,T1,1,100,36.791
1738264644.892284,916131.000,9078,1,T1,1,100,36.732
1738264645.026289,916265.000,9094,1,T1,1,100,36.778
1738264645.159294,916398.000,9125,1,T1,1,100,36.868
1738264645.292299,916531.000,9140,1,T1,1,100,36.837
1738264645.426304,916665.000,9156,1,T1,1,100,36.823
1738264645.559309,916798.000,9171,1,T1,1,100,36.782
1738264645.692314,916931.000,9204,1,T1,1,100,36.728
1738264645.825319,917064.000,9220,1,T1,1,100,36.741
1738264645.959324,917198.000,9238,1,T1,1,100,36.746
1738264646.092329,917331.000,9268,1,T1,1,100,36.677
1738264646.225334,917464.000,9285,1,T1,1,100,36.683
1738264646.359339,917598.000,9300,1,T1,1,100,36.792
1738264646.492345,917731.000,9331,1,T1,1,100,36.733
1738264646.625350,917864.000,9349,1,T1,1,100,36.672
1738264646.759355,917998.000,9364,1,T1,1,100,36.681
1738264646.892360,918131.000,9395,1,T1,1,100,36.649
1738264647.025365,918264.000,9411,1,T1,1,100,36.635
1738264647.159370,918398.000,9426,1,T1,1,100,36.630
1738264647.292375,918531.000,9457,1,T1,1,100,36.627
1738264647.425380,918664.000,9473,1,T1,1,100,36.768
1738264647.559385,918798.000,9491,1,T1,1,100,36.758
1738264647.692390,918931.000,9507,1,T1,1,100,36.753
1738264647.825395,919064.000,9538,1,T1,1,100,36.681
1738264647.959400,919198.000,9553,1,T1,1,100,36.826
1738264648.092405,919331.000,9571,1,T1,1,100,36.783
1738264648.225410,919464.000,9606,1,T1,1,100,36.658
1738264648.359415,919598.000,9621,1,T1,1,100,36.675
1738264648.492420,919731.000,9644,1,T1,1,100,36.824
1738264648.625425,919864.000,9675,1,T1,1,100,36.853
1738264648.759430,919998.000,9690,1,T1,1,100,36.759
1738264648.892436,920131.000,9707,1,T1,1,100,36.825
1738264649.025441,920264.000,9737,1,T1,1,100,36.818
1738264649.159446,920398.000,9752,1,T1,1,100,36.850
1738264649.292451,920531.000,9769,1,T1,1,100,36.900
1738264649.425456,920664.000,9799,1,T1,1,100,36.921
1738264649.558461,920797.000,9815,1,T1,1,100,36.895
1738264649.692466,920931.000,9831,1,T1,1,100,36.884
1738264649.825471,921064.000,9846,1,T1,1,100,36.843
1738264649.958476,921197.000,9877,1,T1,1,100,36.826
1738264650.092481,921331.000,9893,1,T1,1,100,36.818
1738264650.225486,921464.000,9909,1,T1,1,100,36.780
1738264650.358491,921597.000,9941,1,T1,1,100,36.727
1738264650.492496,921731.000,9957,1,T1,1,100,36.776
1738264650.625501,921864.000,9973,1,T1,1,100,36.797
1738264650.758506,921997.000,10005,1,T1,1,100,36.735
1738264650.892511,922131.000,10022,1,T1,1,100,36.743
1738264651.025517,922264.000,10037,1,T1,1,100,36.747
1738264651.158521,922397.000,10053,1,T1,1,100,36.713
1738264651.292526,922531.000,10084,1,T1,1,100,36.734
1738264651.425532,922664.000,10101,1,T1,1,100,36.708
1738264651.558537,922797.000,10117,1,T1,1,100,36.767
1738264651.692542,922931.000,10148,1,T1,1,100,36.757
1738264651.825547,923064.000,10163,1,T1,1,100,36.753
1738264651.958552,923197.000,10180,1,T1,1,100,36.822
1738264652.092557,923331.000,10210,1,T1,1,100,36.888
1738264652.225562,923464.000,10226,1,T1,1,100,36.951
1738264652.358567,923597.000,10244,1,T1,1,100,36.873
1738264652.491572,923730.000,10275,1,T1,1,100,36.803
1738264652.625577,923864.000,10290,1,T1,1,100,36.773
1738264652.758582,923997.000,10306,1,T1,1,100,36.760
1738264652.891587,924130.000,10337,1,T1,1,100,36.790
1738264653.025592,924264.000,10352,1,T1,1,100,36.767
1738264653.158597,924397.000,10368,1,T1,1,100,36.793
1738264653.291602,924530.000,10386,1,T1,1,100,36.733
1738264653.425607,924664.000,10416,1,T1,1,100,36.707
1738264653.558613,924797.000,10440,1,T1,1,100,36.731
1738264653.691617,924930.000,10455,1,T1,1,100,36.742
1738264653.825623,925064.000,10486,1,T1,1,100,36.747
1738264653.958628,925197.000,10502,1,T1,1,100,36.607
1738264654.091633,925330.000,10519,1,T1,1,100,36.617
1738264654.225638,925464.000,10550,1,T1,1,100,36.728
1738264654.358643,925597.000,10566,1,T1,1,100,36.670
1738264654.491648,925730.000,10581,1,T1,1,100,36.680
1738264654.625653,925864.000,10612,1,T1,1,100,36.861
1738264654.758658,925997.000,10628,1,T1,1,100,36.869
1738264654.891663,926130.000,10644,1,T1,1,100,36.802
1738264655.025668,926264.000,10674,1,T1,1,100,36.737
1738264655.158673,926397.000,10690,1,T1,1,100,36.780
1738264655.291678,926530.000,10706,1,T1,1,100,36.834
1738264655.425683,926664.000,10722,1,T1,1,100,36.857
1738264655.558688,926797.000,10753,1,T1,1,100,36.796
1738264655.691693,926930.000,10768,1,T1,1,100,36.770
1738264655.825698,927064.000,10784,1,T1,1,100,36.830
1738264655.958704,927197.000,10815,1,T1,1,100,36.820
1738264656.091709,927330.000,10830,1,T1,1,100,36.780
1738264656.224714,927463.000,10847,1,T1,1,100,36.834
1738264656.358719,927597.000,10877,1,T1,1,100,36.857
1738264656.491724,927730.000,10892,1,T1,1,100,36.690
1738264656.624729,927863.000,10909,1,T1,1,100,36.760
1738264656.758734,927997.000,10925,1,T1,1,100,36.825
1738264656.891739,928130.000,10943,1,T1,1,100,36.818
1738264657.024744,928263.000,10959,1,T1,1,100,36.708
1738264657.158749,928397.000,10992,1,T1,1,100,36.661
1738264657.291754,928530.000,11009,1,T1,1,100,36.676
1738264657.424759,928663.000,11025,1,T1,1,100,36.718
1738264657.558764,928797.000,11040,1,T1,1,100,36.736
1738264657.691769,928930.000,11071,1,T1,1,100,36.709
1738264657.824774,929063.000,11087,1,T1,1,100,36.803
1738264657.958779,929197.000,11103,1,T1,1,100,36.737
1738264658.091784,929330.000,11133,1,T1,1,100,36.674
1738264658.224789,929463.000,11150,1,T1,1,100,36.717
1738264658.358794,929597.000,11167,1,T1,1,100,36.736
1738264658.491800,929730.000,11200,1,T1,1,100,36.815
1738264658.624805,929863.000,11221,1,T1,1,100,36.707
1738264658.757810,929996.000,11236,1,T1,1,100,36.802
1738264658.891815,930130.000,11253,1,T1,1,100,36.808
1738264659.024820,930263.000,11268,1,T1,1,100,36.669
1738264659.158825,930397.000,11299,1,T1,1,100,36.750
1738264659.291830,930530.000,11315,1,T1,1,100,36.750
1738264659.424835,930663.000,11330,1,T1,1,100,36.750
1738264659.557840,930796.000,11346,1,T1,1,100,36.785
1738264659.691845,930930.000,11377,1,T1,1,100,36.801
1738264659.824850,931063.000,11392,1,T1,1,100,36.701
1738264659.957855,931196.000,11409,1,T1,1,100,36.800
1738264660.091860,931330.000,11439,1,T1,1,100,36.736
1738264660.224865,931463.000,11455,1,T1,1,100,36.744
1738264660.357870,931596.000,11471,1,T1,1,100,36.747
1738264660.491875,931730.000,11502,1,T1,1,100,36.820
1738264660.624881,931863.000,11517,1,T1,1,100,36.745
1738264660.757885,931996.000,11535,1,T1,1,100,36.677
1738264660.891891,932130.000,11553,1,T1,1,100,36.718
1738264661.024896,932263.000,11583,1,T1,1,100,36.772
1738264661.157901,932396.000,11599,1,T1,1,100,36.688
1738264661.291906,932530.000,11615,1,T1,1,100,36.617
1738264661.424911,932663.000,11645,1,T1,1,100,36.692
1738264661.557916,932796.000,11662,1,T1,1,100,36.761
1738264661.691921,932930.000,11677,1,T1,1,100,36.755
1738264661.824926,933063.000,11693,1,T1,1,100,36.752
1738264661.957931,933196.000,11724,1,T1,1,100,36.857
1738264662.091936,933330.000,11739,1,T1,1,100,36.761
1738264662.224941,933463.000,11756,1,T1,1,100,36.790
1738264662.357946,933596.000,11788,1,T1,1,100,36.803
1738264662.491951,933730.000,11803,1,T1,1,100,36.844
1738264662.624956,933863.000,11820,1,T1,1,100,36.791
1738264662.757961,933996.000,11850,1,T1,1,100,36.768
1738264662.890966,934129.000,11866,1,T1,1,100,36.687
1738264663.024971,934263.000,11882,1,T1,1,100,36.758
1738264663.157977,934396.000,11897,1,T1,1,100,36.718
1738264663.291982,934530.000,11930,1,T1,1,100,36.701
1738264663.424987,934663.000,11946,1,T1,1,100,36.729
1738264663.557992,934796.000,11962,1,T1,1,100,36.670
1738264663.690997,934929.000,11978,1,T1,1,100,36.680
1738264663.825002,935063.000,12014,1,T1,1,100,36.755
1738264663.958007,935196.000,12031,1,T1,1,100,36.752
1738264664.091012,935329.000,12047,1,T1,1,100,36.786
1738264664.225017,935463.000,12078,1,T1,1,100,36.766
1738264664.358022,935596.000,12093,1,T1,1,100,36.757
1738264664.491027,935729.000,12109,1,T1,1,100,36.788
1738264664.625032,935863.000,12140,1,T1,1,100,36.802
1738264664.758037,935996.000,12155,1,T1,1,100,36.773
1738264664.891042,936129.000,12174,1,T1,1,100,36.866
1738264665.025047,936263.000,12191,1,T1,1,100,36.729
1738264665.158052,936396.000,12222,1,T1,1,100,36.777
1738264665.291057,936529.000,12240,1,T1,1,100,36.797
1738264665.425062,936663.000,12257,1,T1,1,100,36.699
1738264665.558068,936796.000,12288,1,T1,1,100,36.693
1738264665.691073,936929.000,12304,1,T1,1,100,36.832
1738264665.824078,937062.000,12319,1,T1,1,100,36.856
1738264665.958083,937196.000,12336,1,T1,1,100,36.725
1738264666.091088,937329.000,12366,1,T1,1,100,36.704
1738264666.224093,937462.000,12382,1,T1,1,100,36.730
1738264666.358098,937596.000,12398,1,T1,1,100,36.706
1738264666.491103,937729.000,12429,1,T1,1,100,36.660
1738264666.624108,937862.000,12444,1,T1,1,100,36.782
1738264666.758113,937996.000,12460,1,T1,1,100,36.835
1738264666.891118,938129.000,12491,1,T1,1,100,36.751
1738264667.024123,938262.000,12506,1,T1,1,100,36.751
1738264667.158128,938396.000,12522,1,T1,1,100,36.750
1738264667.291133,938529.000,12538,1,T1,1,100,36.821
1738264667.424138,938662.000,12568,1,T1,1,100,36.710
1738264667.558143,938796.000,12585,1,T1,1,100,36.697
1738264667.691149,938929.000,12600,1,T1,1,100,36.763
1738264667.824153,939062.000,12631,1,T1,1,100,36.826
1738264667.958158,939196.000,12647,1,T1,1,100,36.818
1738264668.091164,939329.000,12662,1,T1,1,100,36.815
1738264668.224169,939462.000,12678,1,T1,1,100,36.814
1738264668.358174,939596.000,12711,1,T1,1,100,36.848
1738264668.491179,939729.000,12726,1,T1,1,100,36.828
1738264668.624184,939862.000,12743,1,T1,1,100,36.926
1738264668.758189,939996.000,12773,1,T1,1,100,36.826
1738264668.891194,940129.000,12794,1,T1,1,100,36.747
1738264669.024199,940262.000,12810,1,T1,1,100,36.749
1738264669.158204,940396.000,12827,1,T1,1,100,36.891
1738264669.291209,940529.000,12844,1,T1,1,100,36.847
1738264669.424214,940662.000,12874,1,T1,1,100,36.721
1738264669.558219,940796.000,12890,1,T1,1,100,36.737
1738264669.691224,940929.000,12908,1,T1,1,100,36.815
1738264669.824229,941062.000,12939,1,T1,1,100,36.743
1738264669.957234,941195.000,12954,1,T1,1,100,36.747
1738264670.091239,941329.000,12970,1,T1,1,100,36.749
1738264670.224245,941462.000,12985,1,T1,1,100,36.714
1738264670.357249,941595.000,13016,1,T1,1,100,36.734
1738264670.491255,941729.000,13032,1,T1,1,100,36.708
1738264670.624260,941862.000,13048,1,T1,1,100,36.732
1738264670.757265,941995.000,13080,1,T1,1,100,36.742
1738264670.891270,942129.000,13097,1,T1,1,100,36.817
1738264671.024275,942262.000,13112,1,T1,1,100,36.850
1738264671.157280,942395.000,13143,1,T1,1,100,36.829
1738264671.291285,942529.000,13159,1,T1,1,100,36.749
1738264671.424290,942662.000,13180,2,T1,1,100,36.785
1738264671.557295,942795.000,13180,2,T1,1,100,36.765
1738264671.690800,942928.500,13197,2,T1,1,100,36.792
1738264671.824305,943062.000,13197,2,T1,1,100,36.768
1738264671.957310,943195.000,13212,1,T1,1,100,36.758
1738264672.091315,943329.000,13228,1,T1,1,100,36.789
1738264672.224320,943462.000,13246,1,T1,1,100,36.696
1738264672.357325,943595.000,13262,1,T1,1,100,36.762
1738264672.490330,943728.000,13292,1,T1,1,100,36.791
1738264672.624336,943862.000,13308,1,T1,1,100,36.697
1738264672.757341,943995.000,13324,1,T1,1,100,36.656
1738264672.891346,944129.000,13355,1,T1,1,100,36.709
1738264673.024351,944262.000,13370,1,T1,1,100,36.732
1738264673.157356,944395.000,13386,1,T1,1,100,36.707
1738264673.290361,944528.000,13419,1,T1,1,100,36.696
1738264673.424366,944662.000,13434,1,T1,1,100,36.762
1738264673.557371,944795.000,13451,1,T1,1,100,36.826
1738264673.690376,944928.000,13481,1,T1,1,100,36.783
1738264673.824381,945062.000,13496,1,T1,1,100,36.729
1738264673.957386,945195.000,13513,1,T1,1,100,36.776
1738264674.090391,945328.000,13548,1,T1,1,100,36.868
1738264674.224396,945462.000,13564,1,T1,1,100,36.872
1738264674.357401,945595.000,13582,1,T1,1,100,36.838
1738264674.490406,945728.000,13597,1,T1,1,100,36.824
1738264674.624411,945862.000,13628,1,T1,1,100,36.782
1738264674.757416,945995.000,13644,1,T1,1,100,36.728
1738264674.890421,946128.000,13659,1,T1,1,100,36.705
1738264675.024426,946262.000,13690,1,T1,1,100,36.766
1738264675.157432,946395.000,13706,1,T1,1,100,36.721
1738264675.290437,946528.000,13724,1,T1,1,100,36.667
1738264675.424442,946662.000,13754,1,T1,1,100,36.785
1738264675.557447,946795.000,13771,1,T1,1,100,36.801
1738264675.690452,946928.000,13786,1,T1,1,100,36.914
1738264675.824457,947062.000,13817,1,T1,1,100,36.821
1738264675.957462,947195.000,13833,1,T1,1,100,36.816
1738264676.090467,947328.000,13848,1,T1,1,100,36.814
1738264676.223472,947461.000,13864,1,T1,1,100,36.778
1738264676.357477,947595.000,13897,1,T1,1,100,36.727
1738264676.490482,947728.000,13912,1,T1,1,100,36.669
1738264676.623487,947861.000,13929,1,T1,1,100,36.857
1738264676.757492,947995.000,13959,1,T1,1,100,36.761
1738264676.890497,948128.000,13975,1,T1,1,100,36.755
1738264677.023502,948261.000,13991,1,T1,1,100,36.787
1738264677.157507,948395.000,14022,1,T1,1,100,36.802
1738264677.290513,948528.000,14037,1,T1,1,100,36.737
1738264677.423517,948661.000,14053,1,T1,1,100,36.744
1738264677.557523,948795.000,14086,1,T1,1,100,36.712
1738264677.690528,948928.000,14101,1,T1,1,100,36.734
1738264677.823533,949061.000,14117,1,T1,1,100,36.707
1738264677.957538,949195.000,14148,1,T1,1,100,36.767
1738264678.090543,949328.000,14163,1,T1,1,100,36.793
1738264678.223548,949461.000,14180,1,T1,1,100,36.804
1738264678.357553,949595.000,14197,1,T1,1,100,36.738
1738264678.490558,949728.000,14227,1,T1,1,100,36.709
1738264678.623563,949861.000,14244,1,T1,1,100,36.839
1738264678.757568,949995.000,14261,1,T1,1,100,36.788
1738264678.890573,950128.000,14292,1,T1,1,100,36.802
1738264679.023578,950261.000,14308,1,T1,1,100,36.843
1738264679.157583,950395.000,14328,1,T1,1,100,36.826
1738264679.290588,950528.000,14359,1,T1,1,100,36.854
1738264679.423594,950661.000,14377,1,T1,1,100,36.795
1738264679.556598,950794.000,14393,1,T1,1,100,36.734
1738264679.690603,950928.000,14423,1,T1,1,100,36.814
1738264679.823609,951061.000,14439,1,T1,1,100,36.778
1738264679.956614,951194.000,14455,1,T1,1,100,36.797
1738264680.090619,951328.000,14485,1,T1,1,100,36.771
1738264680.223624,951461.000,14502,1,T1,1,100,36.830
1738264680.356629,951594.000,14517,1,T1,1,100,36.820
1738264680.490634,951728.000,14548,1,T1,1,100,36.780
1738264680.623639,951861.000,14564,1,T1,1,100,36.834
1738264680.756644,951994.000,14579,1,T1,1,100,36.822
1738264680.890649,952128.000,14595,1,T1,1,100,36.781
1738264681.023654,952261.000,14626,1,T1,1,100,36.728
1738264681.156659,952394.000,14641,1,T1,1,100,36.811
1738264681.290664,952528.000,14658,1,T1,1,100,36.777
1738264681.423669,952661.000,14690,1,T1,1,100,36.726
1738264681.556674,952794.000,14708,1,T1,1,100,36.775
1738264681.690679,952928.000,14724,1,T1,1,100,36.690
1738264681.823684,953061.000,14755,1,T1,1,100,36.724
1738264681.956690,953194.000,14770,1,T1,1,100,36.739
1738264682.090695,953328.000,14786,1,T1,1,100,36.781
1738264682.223700,953461.000,14819,1,T1,1,100,36.763
1738264682.356705,953594.000,14834,1,T1,1,100,36.756
1738264682.489710,953727.000,14850,1,T1,1,100,36.859
1738264682.623715,953861.000,14883,1,T1,1,100,36.797
1738264682.756720,953994.000,14898,1,T1,1,100,36.770
1738264682.889725,954127.000,14915,1,T1,1,100,36.865
1738264683.023730,954261.000,14945,1,T1,1,100,36.729
1738264683.156735,954394.000,14960,1,T1,1,100,36.705
1738264683.289740,954527.000,14979,1,T1,1,100,36.731
1738264683.423745,954661.000,14994,1,T1,1,100,36.742
1738264683.556750,954794.000,15025,1,T1,1,100,36.711
1738264683.690755,954928.000,15041,1,T1,1,100,36.733
1738264683.823760,955061.000,15056,1,T1,1,100,36.849
1738264683.956765,955194.000,15089,1,T1,1,100,36.757
1738264684.089770,955327.000,15105,1,T1,1,100,36.718
1738264684.223775,955461.000,15121,1,T1,1,100,36.630
1738264684.356781,955594.000,15158,1,T1,1,100,36.804
1738264684.489785,955727.000,15174,1,T1,1,100,36.844
1738264684.623791,955861.000,15192,1,T1,1,100,36.826
1738264684.756796,955994.000,15222,1,T1,1,100,36.783
1738264684.889801,956127.000,15241,1,T1,1,100,36.764
1738264685.023806,956261.000,15256,1,T1,1,100,36.827
1738264685.156811,956394.000,15287,1,T1,1,100,36.748
1738264685.289816,956527.000,15303,1,T1,1,100,36.820
1738264685.423821,956661.000,15318,1,T1,1,100,36.851
1738264685.556826,956794.000,15334,1,T1,1,100,36.865
1738264685.689831,956927.000,15367,1,T1,1,100,36.693
1738264685.822836,957060.000,15382,1,T1,1,100,36.690
1738264685.956841,957194.000,15399,1,T1,1,100,36.724
1738264686.089846,957327.000,15429,1,T1,1,100,36.845
1738264686.222851,957460.000,15445,1,T1,1,100,36.827
1738264686.356856,957594.000,15461,1,T1,1,100,36.783
1738264686.489861,957727.000,15494,1,T1,1,100,36.800
1738264686.622866,957860.000,15509,1,T1,1,100,36.772
1738264686.756871,957994.000,15525,1,T1,1,100,36.830
1738264686.889877,958127.000,15556,1,T1,1,100,36.749
1738264687.022882,958260.000,15571,1,T1,1,100,36.750
1738264687.156887,958394.000,15587,1,T1,1,100,36.785
1738264687.289892,958527.000,15618,1,T1,1,100,36.765
1738264687.422897,958660.000,15635,1,T1,1,100,36.757
1738264687.556902,958794.000,15652,1,T1,1,100,36.717
1738264687.689907,958927.000,15667,1,T1,1,100,36.736
1738264687.822912,959060.000,15698,1,T1,1,100,36.779
1738264687.956917,959194.000,15716,1,T1,1,100,36.727
1738264688.089922,959327.000,15731,1,T1,1,100,36.811
1738264688.222927,959460.000,15766,1,T1,1,100,36.812
1738264688.356932,959594.000,15782,1,T1,1,100,36.812
1738264688.489937,959727.000,15797,1,T1,1,100,36.777
1738264688.622942,959860.000,15828,1,T1,1,100,36.726
1738264688.756947,959994.000,15844,1,T1,1,100,36.704
1738264688.889952,960127.000,15860,1,T1,1,100,36.766
1738264689.022958,960260.000,15892,1,T1,1,100,36.792
1738264689.155962,960393.000,15908,1,T1,1,100,36.733
1738264689.289968,960527.000,15926,1,T1,1,100,36.707
1738264689.422973,960660.000,15947,1,T1,1,100,36.802
1738264689.556978,960794.000,15964,1,T1,1,100,36.773
1738264689.689983,960927.000,15979,1,T1,1,100,36.831
1738264689.822988,961060.000,16011,1,T1,1,100,36.785
1738264689.955993,961193.000,16028,1,T1,1,100,36.765
1738264690.089998,961327.000,16043,1,T1,1,100,36.757
1738264690.223003,961460.000,16060,1,T1,1,100,36.788
1738264690.356008,961593.000,16092,1,T1,1,100,36.802
1738264690.490013,961727.000,16107,1,T1,1,100,36.773
1738264690.623018,961860.000,16124,1,T1,1,100,36.689
1738264690.756023,961993.000,16139,1,T1,1,100,36.794
1738264690.890028,962127.000,16172,1,T1,1,100,36.840
1738264691.023033,962260.000,16188,1,T1,1,100,36.754
1738264691.156038,962393.000,16203,1,T1,1,100,36.681
1738264691.290043,962527.000,16234,1,T1,1,100,36.685
1738264691.423048,962660.000,16252,1,T1,1,100,36.757
1738264691.556054,962793.000,16268,1,T1,1,100,36.753
1738264691.690059,962927.000,16298,1,T1,1,100,36.787
1738264691.823064,963060.000,16314,1,T1,1,100,36.801
1738264691.956069,963193.000,16330,1,T1,1,100,36.737
1738264692.090074,963327.000,16360,1,T1,1,100,36.780
1738264692.223079,963460.000,16377,1,T1,1,100,36.869
1738264692.356084,963593.000,16392,1,T1,1,100,36.837
1738264692.489089,963726.000,16408,1,T1,1,100,36.752
1738264692.623094,963860.000,16441,1,T1,1,100,36.751
1738264692.756099,963993.000,16456,1,T1,1,100,36.715
1738264692.889104,964126.000,16475,1,T1,1,100,36.948
1738264693.023109,964260.000,16507,1,T1,1,100,36.835
1738264693.156114,964393.000,16522,1,T1,1,100,36.752
1738264693.290119,964527.000,16541,1,T1,1,100,36.786
1738264693.423124,964660.000,16571,1,T1,1,100,36.872
1738264693.556129,964793.000,16587,1,T1,1,100,36.732
1738264693.689134,964926.000,16603,1,T1,1,100,36.707
1738264693.823139,965060.000,16634,1,T1,1,100,36.767
1738264693.956145,965193.000,16649,1,T1,1,100,36.722
1738264694.089149,965326.000,16665,1,T1,1,100,36.702
1738264694.223155,965460.000,16698,1,T1,1,100,36.729
1738264694.356160,965593.000,16713,1,T1,1,100,36.741
1738264694.489165,965726.000,16735,1,T1,1,100,36.782
1738264694.623170,965860.000,16750,1,T1,1,100,36.799
1738264694.756175,965993.000,16766,1,T1,1,100,36.700
1738264694.889180,966126.000,16797,1,T1,1,100,36.799
1738264695.023185,966260.000,16812,1,T1,1,100,36.842
1738264695.156190,966393.000,16828,1,T1,1,100,36.825
1738264695.289195,966526.000,16859,1,T1,1,100,36.747
1738264695.423200,966660.000,16874,1,T1,1,100,36.820
1738264695.556205,966793.000,16891,1,T1,1,100,36.851
1738264695.689210,966926.000,16921,1,T1,1,100,36.829
1738264695.822215,967059.000,16936,1,T1,1,100,36.855
1738264695.956220,967193.000,16953,1,T1,1,100,36.796
1738264696.089226,967326.000,16968,1,T1,1,100,36.770
1738264696.222230,967459.000,16999,1,T1,1,100,36.759
1738264696.356236,967593.000,17015,1,T1,1,100,36.825
1738264696.489241,967726.000,17030,1,T1,1,100,36.853
1738264696.622246,967859.000,17061,1,T1,1,100,36.759
1738264696.756251,967993.000,17077,1,T1,1,100,36.754
1738264696.889256,968126.000,17093,1,T1,1,100,36.716
1738264697.022261,968259.000,17123,1,T1,1,100,36.806
1738264697.156266,968393.000,17139,1,T1,1,100,36.739
1738264697.289271,968526.000,17157,1,T1,1,100,36.745
1738264697.422276,968659.000,17187,1,T1,1,100,36.819
1738264697.556281,968793.000,17204,1,T1,1,100,36.780
1738264697.689286,968926.000,17221,1,T1,1,100,36.763
1738264697.822291,969059.000,17252,1,T1,1,100,36.756
1738264697.956296,969193.000,17268,1,T1,1,100,36.788
1738264698.089301,969326.000,17283,1,T1,1,100,36.766
1738264698.222306,969459.000,17299,1,T1,1,100,36.757
1738264698.356311,969593.000,17332,1,T1,1,100,36.682
1738264698.489316,969726.000,17347,1,T1,1,100,36.792
1738264698.622322,969859.000,17364,1,T1,1,100,36.874
1738264698.756327,969993.000,17394,1,T1,1,100,36.839
1738264698.889332,970126.000,17410,1,T1,1,100,36.753
1738264699.022337,970259.000,17426,1,T1,1,100,36.716
1738264699.156342,970393.000,17457,1,T1,1,100,36.842
1738264699.289347,970526.000,17472,1,T1,1,100,36.861
1738264699.422352,970659.000,17488,1,T1,1,100,36.904
1738264699.556357,970793.000,17524,1,T1,1,100,36.923
1738264699.689362,970926.000,17539,1,T1,1,100,36.931
1738264699.822367,971059.000,17555,1,T1,1,100,36.864
1738264699.955372,971192.000,17571,1,T1,1,100,36.835
1738264700.089377,971326.000,17601,1,T1,1,100,36.787
1738264700.222382,971459.000,17618,1,T1,1,100,36.837
1738264700.355387,971592.000,17633,1,T1,1,100,36.858
1738264700.489392,971726.000,17664,1,T1,1,100,36.797
1738264700.622397,971859.000,17680,1,T1,1,100,36.806
1738264700.755402,971992.000,17695,1,T1,1,100,36.774
1738264700.889407,972126.000,17728,1,T1,1,100,36.831
1738264701.022413,972259.000,17744,1,T1,1,100,36.785
1738264701.155418,972392.000,17759,1,T1,1,100,36.801
1738264701.289423,972526.000,17790,1,T1,1,100,36.772
1738264701.422428,972659.000,17806,1,T1,1,100,36.866
1738264701.555433,972792.000,17822,1,T1,1,100,36.765
1738264701.689438,972926.000,17838,1,T1,1,100,36.827
1738264701.822443,973059.000,17869,1,T1,1,100,36.783
1738264701.955448,973192.000,17884,1,T1,1,100,36.800
1738264702.089453,973326.000,17900,1,T1,1,100,36.807
1738264702.222458,973459.000,17931,1,T1,1,100,36.881
1738264702.355463,973592.000,17946,1,T1,1,100,36.842
1738264702.488468,973725.000,17962,1,T1,1,100,36.790
1738264702.622473,973859.000,17993,1,T1,1,100,36.767
1738264702.755478,973992.000,18008,1,T1,1,100,36.793
1738264702.888483,974125.000,18025,1,T1,1,100,36.769
1738264703.022488,974259.000,18055,1,T1,1,100,36.723
1738264703.155493,974392.000,18070,1,T1,1,100,36.809
1738264703.288498,974525.000,18089,1,T1,1,100,36.988
1738264703.422503,974659.000,18104,1,T1,1,100,36.818
1738264703.555509,974792.000,18135,1,T1,1,100,36.779
1738264703.688514,974925.000,18151,1,T1,1,100,36.869
1738264703.822519,975059.000,18166,1,T1,1,100,36.872
1738264703.955524,975192.000,18197,1,T1,1,100,36.803
1738264704.089529,975326.000,18213,1,T1,1,100,36.737
1738264704.222534,975459.000,18229,1,T1,1,100,36.815
1738264704.355539,975592.000,18259,1,T1,1,100,36.849
1738264704.488544,975725.000,18275,1,T1,1,100,36.757
1738264704.622549,975859.000,18291,1,T1,1,100,36.682
1738264704.755554,975992.000,18326,1,T1,1,100,36.650
1738264704.888559,976125.000,18343,1,T1,1,100,36.707
1738264705.022564,976259.000,18358,1,T1,1,100,36.838
1738264705.155569,976392.000,18391,1,T1,1,100,36.788
1738264705.288574,976525.000,18407,1,T1,1,100,36.837
1738264705.422579,976659.000,18422,1,T1,1,100,36.717
1738264705.555584,976792.000,18453,1,T1,1,100,36.736
1738264705.688590,976925.000,18469,1,T1,1,100,36.779
1738264705.821594,977058.000,18484,1,T1,1,100,36.798
1738264705.955600,977192.000,18503,1,T1,1,100,36.842
1738264706.088605,977325.000,18533,1,T1,1,100,36.825
1738264706.221610,977458.000,18549,1,T1,1,100,36.712
1738264706.355615,977592.000,18565,1,T1,1,100,36.769
1738264706.488620,977725.000,18598,1,T1,1,100,36.794
1738264706.621625,977858.000,18613,1,T1,1,100,36.662
1738264706.755630,977992.000,18629,1,T1,1,100,36.712
1738264706.888635,978125.000,18660,1,T1,1,100,36.840
1738264707.021640,978258.000,18675,1,T1,1,100,36.789
1738264707.155645,978392.000,18691,1,T1,1,100,36.767
1738264707.288650,978525.000,18722,1,T1,1,100,36.686
1738264707.421655,978658.000,18737,1,T1,1,100,36.793
1738264707.555660,978792.000,18754,1,T1,1,100,36.840
1738264707.688665,978925.000,18769,1,T1,1,100,36.824
1738264707.821670,979058.000,18799,1,T1,1,100,36.818
1738264707.955675,979192.000,18816,1,T1,1,100,36.708
1738264708.088681,979325.000,18831,1,T1,1,100,36.732
1738264708.221686,979458.000,18866,1,T1,1,100,36.742
1738264708.355691,979592.000,18882,1,T1,1,100,36.782
1738264708.488696,979725.000,18897,1,T1,1,100,36.764
1738264708.621701,979858.000,18928,1,T1,1,100,36.721
1738264708.755706,979992.000,18944,1,T1,1,100,36.666
1738264708.888711,980125.000,18960,1,T1,1,100,36.607
1738264709.021716,980258.000,18992,1,T1,1,100,36.724
1738264709.155721,980392.000,19008,1,T1,1,100,36.739
1738264709.288726,980525.000,19024,1,T1,1,100,36.781
1738264709.421731,980658.000,19056,1,T1,1,100,36.763
1738264709.554736,980791.000,19075,1,T1,1,100,36.827
1738264709.688741,980925.000,19090,1,T1,1,100,36.748
1738264709.821746,981058.000,19111,1,T1,1,100,36.749
1738264709.954751,981191.000,19127,1,T1,1,100,36.750
1738264710.088756,981325.000,19157,1,T1,1,100,36.785
1738264710.221761,981458.000,19174,1,T1,1,100,36.730
1738264710.354766,981591.000,19189,1,T1,1,100,36.741
1738264710.488771,981725.000,19222,1,T1,1,100,36.746
1738264710.621777,981858.000,19238,1,T1,1,100,36.784
1738264710.754782,981991.000,19253,1,T1,1,100,36.871
1738264710.888787,982125.000,19284,1,T1,1,100,36.731
1738264711.021792,982258.000,19300,1,T1,1,100,36.707
1738264711.154797,982391.000,19317,1,T1,1,100,36.731
1738264711.288802,982525.000,19334,1,T1,1,100,36.777
1738264711.421807,982658.000,19364,1,T1,1,100,36.797
1738264711.554812,982791.000,19380,1,T1,1,100,36.735
1738264711.688817,982925.000,19396,1,T1,1,100,36.779
1738264711.821822,983058.000,19427,1,T1,1,100,36.798
1738264711.954827,983191.000,19442,1,T1,1,100,36.771
1738264712.088832,983325.000,19458,1,T1,1,100,36.759
1738264712.221837,983458.000,19489,1,T1,1,100,36.825
1738264712.354842,983591.000,19504,1,T1,1,100,36.782
1738264712.487847,983724.000,19520,1,T1,1,100,36.764
1738264712.621852,983858.000,19551,1,T1,1,100,36.792
1738264712.754858,983991.000,19566,1,T1,1,100,36.874
1738264712.887862,984124.000,19583,1,T1,1,100,36.733
1738264713.021868,984258.000,19598,1,T1,1,100,36.743
1738264713.154873,984391.000,19628,1,T1,1,100,36.782
1738264713.287878,984524.000,19647,1,T1,1,100,36.764
1738264713.421883,984658.000,19662,1,T1,1,100,36.791
1738264713.554888,984791.000,19693,1,T1,1,100,36.732
1738264713.688893,984925.000,19709,1,T1,1,100,36.849
1738264713.821898,985058.000,19724,1,T1,1,100,36.899
1738264713.954903,985191.000,19755,1,T1,1,100,36.779
1738264714.087908,985324.000,19771,1,T1,1,100,36.763
1738264714.221913,985458.000,19787,1,T1,1,100,36.826
1738264714.354918,985591.000,19817,1,T1,1,100,36.889
1738264714.487923,985724.000,19833,1,T1,1,100,36.810
1738264714.621928,985858.000,19849,1,T1,1,100,36.741
1738264714.754933,985991.000,19879,1,T1,1,100,36.746
1738264714.887938,986124.000,19899,1,T1,1,100,36.784
1738264715.021944,986258.000,19914,1,T1,1,100,36.729
1738264715.154948,986391.000,19930,1,T1,1,100,36.706
1738264715.287954,986524.000,19961,1,T1,1,100,36.766
1738264715.421959,986658.000,19976,1,T1,1,100,36.757
1738264715.554964,986791.000,19993,1,T1,1,100,36.718
1738264715.687969,986924.000,20023,1,T1,1,100,36.771
1738264715.821974,987058.000,20038,1,T1,1,100,36.759
1738264715.954979,987191.000,20055,1,T1,1,100,36.789
1738264716.087984,987324.000,20085,1,T1,1,100,36.696
1738264716.220989,987457.000,20101,1,T1,1,100,36.762
1738264716.354994,987591.000,20117,1,T1,1,100,36.720
1738264716.487999,987724.000,20148,1,T1,1,100,36.772
1738264716.621004,987857.000,20163,1,T1,1,100,36.724
1738264716.755009,987991.000,20179,1,T1,1,100,36.703
1738264716.888014,988124.000,20210,1,T1,1,100,36.730
1738264717.021019,988257.000,20225,1,T1,1,100,36.741
1738264717.155024,988391.000,20243,1,T1,1,100,36.746
1738264717.288029,988524.000,20259,1,T1,1,100,36.748
1738264717.421034,988657.000,20289,1,T1,1,100,36.856
1738264717.555039,988791.000,20306,1,T1,1,100,36.867
1738264717.688045,988924.000,20321,1,T1,1,100,36.836
1738264717.821050,989057.000,20352,1,T1,1,100,36.752
1738264717.955055,989191.000,20370,1,T1,1,100,36.786
1738264718.088060,989324.000,20385,1,T1,1,100,36.872
1738264718.221065,989457.000,20418,1,T1,1,100,36.767
1738264718.355070,989591.000,20434,1,T1,1,100,36.722
1738264718.488075,989724.000,20449,1,T1,1,100,36.809
1738264718.621080,989857.000,20480,1,T1,1,100,36.811
1738264718.755085,989991.000,20498,1,T1,1,100,36.812
1738264718.888090,990124.000,20514,1,T1,1,100,36.741
1738264719.021095,990257.000,20546,1,T1,1,100,36.817
1738264719.155100,990391.000,20562,1,T1,1,100,36.850
1738264719.288105,990524.000,20578,1,T1,1,100,36.864
1738264719.421110,990657.000,20594,1,T1,1,100,36.835
1738264719.554115,990790.000,20625,1,T1,1,100,36.751
1738264719.688120,990924.000,20640,1,T1,1,100,36.751
1738264719.821126,991057.000,20656,1,T1,1,100,36.786
1738264719.954130,991190.000,20692,1,T1,1,100,36.765
1738264720.088135,991324.000,20707,1,T1,1,100,36.792
1738264720.221141,991457.000,20724,1,T1,1,100,36.697
1738264720.354146,991590.000,20739,1,T1,1,100,36.656
1738264720.488151,991724.000,20770,1,T1,1,100,36.780
1738264720.621156,991857.000,20786,1,T1,1,100,36.799
1738264720.754161,991990.000,20801,1,T1,1,100,36.771
1738264720.888166,992124.000,20832,1,T1,1,100,36.759
1738264721.021171,992257.000,20848,1,T1,1,100,36.825
1738264721.154176,992390.000,20863,1,T1,1,100,36.818
1738264721.288181,992524.000,20894,1,T1,1,100,36.779
1738264721.421186,992657.000,20910,1,T1,1,100,36.834
1738264721.554191,992790.000,20926,1,T1,1,100,36.822
1738264721.688196,992924.000,20942,1,T1,1,100,36.852
1738264721.821201,993057.000,20973,1,T1,1,100,36.865
1738264721.954206,993190.000,20988,1,T1,1,100,36.835
1738264722.088212,993324.000,21004,1,T1,1,100,36.929
1738264722.221216,993457.000,21035,1,T1,1,100,36.827
1738264722.354222,993590.000,21050,1,T1,1,100,36.748
1738264722.487226,993723.000,21066,1,T1,1,100,36.749
1738264722.621232,993857.000,21082,1,T1,1,100,36.785
1738264722.754237,993990.000,21112,1,T1,1,100,36.801
1738264722.888242,994124.000,21129,1,T1,1,100,36.807
1738264723.021247,994257.000,21144,1,T1,1,100,36.881
1738264723.154252,994390.000,21175,1,T1,1,100,36.771
1738264723.288257,994524.000,21193,1,T1,1,100,36.795
1738264723.421262,994657.000,21208,1,T1,1,100,36.840
1738264723.554267,994790.000,21239,1,T1,1,100,36.683
1738264723.688272,994924.000,21255,1,T1,1,100,36.792
1738264723.821277,995057.000,21270,1,T1,1,100,36.874
1738264723.954282,995190.000,21301,1,T1,1,100,36.804
1738264724.087287,995323.000,21317,1,T1,1,100,36.738
1738264724.221292,995457.000,21333,1,T1,1,100,36.780
1738264724.354297,995590.000,21349,1,T1,1,100,36.799
1738264724.487302,995723.000,21379,1,T1,1,100,36.736
1738264724.621308,995857.000,21395,1,T1,1,100,36.708
1738264724.754313,995990.000,21411,1,T1,1,100,36.874
1738264724.887318,996123.000,21442,1,T1,1,100,36.804
1738264725.021323,996257.000,21457,1,T1,1,100,36.773
1738264725.154328,996390.000,21478,1,T1,1,100,36.725
1738264725.287333,996523.000,21509,1,T1,1,100,36.845
1738264725.421338,996657.000,21524,1,T1,1,100,36.791
1738264725.554343,996790.000,21541,1,T1,1,100,36.803
1738264725.687348,996923.000,21571,1,T1,1,100,36.809
1738264725.821353,997057.000,21586,1,T1,1,100,36.740
1738264725.954358,997190.000,21603,1,T1,1,100,36.781
1738264726.087363,997323.000,21633,1,T1,1,100,36.799
1738264726.220368,997456.000,21649,1,T1,1,100,36.842
1738264726.354373,997590.000,21665,1,T1,1,100,36.861
1738264726.487378,997723.000,21680,1,T1,1,100,36.833
1738264726.620383,997856.000,21711,1,T1,1,100,36.751
1738264726.754388,997990.000,21727,1,T1,1,100,36.786
1738264726.887393,998123.000,21743,1,T1,1,100,36.872
1738264727.020398,998256.000,21773,1,T1,1,100,36.803
1738264727.154403,998390.000,21789,1,T1,1,100,36.844
1738264727.287409,998523.000,21805,1,T1,1,100,36.897
1738264727.420414,998656.000,21835,1,T1,1,100,36.849
1738264727.554419,998790.000,21852,1,T1,1,100,36.828
1738264727.687424,998923.000,21867,1,T1,1,100,36.784
1738264727.820429,999056.000,21883,1,T1,1,100,36.871
1738264727.954434,999190.000,21914,1,T1,1,100,36.873
1738264728.087439,999323.000,21929,1,T1,1,100,36.839
1738264728.220444,999456.000,21946,1,T1,1,100,36.788
1738264728.354449,999590.000,21978,1,T1,1,100,36.838
1738264728.487454,999723.000,21993,1,T1,1,100,36.788
1738264728.620459,999856.000,22010,1,T1,1,100,36.873
1738264728.754464,999990.000,22040,1,T1,1,100,36.874
1738264728.887469,1000123.000,22056,1,T1,1,100,36.839
1738264729.020474,1000256.000,22072,1,T1,1,100,36.824
1738264729.154480,1000390.000,22103,1,T1,1,100,36.782
1738264729.287484,1000523.000,22120,1,T1,1,100,36.799
1738264729.420490,1000656.000,22136,1,T1,1,100,36.771
1738264729.553494,1000789.000,22167,1,T1,1,100,36.759
1738264729.687500,1000923.000,22182,1,T1,1,100,36.789
1738264729.820505,1001056.000,22198,1,T1,1,100,36.767
1738264729.953510,1001189.000,22214,1,T1,1,100,36.970
1738264730.087515,1001323.000,22244,1,T1,1,100,36.774
1738264730.220520,1001456.000,22266,1,T1,1,100,36.761
1738264730.353525,1001589.000,22281,1,T1,1,100,36.790
1738264730.487530,1001723.000,22297,1,T1,1,100,36.696
1738264730.620535,1001856.000,22328,1,T1,1,100,36.762
1738264730.753540,1001989.000,22343,1,T1,1,100,36.791
1738264730.887545,1002123.000,22362,1,T1,1,100,36.874
1738264731.020550,1002256.000,22392,1,T1,1,100,36.839
1738264731.153555,1002389.000,22407,1,T1,1,100,36.753
1738264731.287560,1002523.000,22425,1,T1,1,100,36.822
1738264731.420565,1002656.000,22457,1,T1,1,100,36.781
1738264731.553571,1002789.000,22473,1,T1,1,100,36.870
1738264731.687576,1002923.000,22489,1,T1,1,100,36.873
1738264731.820580,1003056.000,22520,1,T1,1,100,36.803
1738264731.953586,1003189.000,22537,1,T1,1,100,36.808
1738264732.087591,1003323.000,22553,1,T1,1,100,36.846
1738264732.220596,1003456.000,22568,1,T1,1,100,36.792
1738264732.353601,1003589.000,22599,1,T1,1,100,36.733
1738264732.486606,1003722.000,22617,1,T1,1,100,36.778
1738264732.620611,1003856.000,22633,1,T1,1,100,36.798
1738264732.753616,1003989.000,22663,1,T1,1,100,36.877
1738264732.887621,1004123.000,22680,1,T1,1,100,36.734
1738264733.020626,1004256.000,22695,1,T1,1,100,36.814
1738264733.153631,1004389.000,22726,1,T1,1,100,36.778
1738264733.286636,1004522.000,22744,1,T1,1,100,36.797
1738264733.420641,1004656.000,22759,1,T1,1,100,36.700
1738264733.553646,1004789.000,22790,1,T1,1,100,36.799
1738264733.686651,1004922.000,22806,1,T1,1,100,36.842
1738264733.820656,1005056.000,22821,1,T1,1,100,36.719
1738264733.953661,1005189.000,22852,1,T1,1,100,36.772
1738264734.086667,1005322.000,22868,1,T1,1,100,36.901
1738264734.220672,1005456.000,22884,1,T1,1,100,36.957
1738264734.353677,1005589.000,22914,1,T1,1,100,36.840
1738264734.486682,1005722.000,22930,1,T1,1,100,36.824
1738264734.620687,1005856.000,22946,1,T1,1,100,36.782
1738264734.753692,1005989.000,22962,1,T1,1,100,36.835
1738264734.886697,1006122.000,22993,1,T1,1,100,36.822
1738264735.020702,1006256.000,23008,1,T1,1,100,36.781
1738264735.153707,1006389.000,23024,1,T1,1,100,36.799
1738264735.287212,1006522.500,23060,2,T1,1,100,36.842
1738264735.420717,1006656.000,23060,2,T1,1,100,36.825
1738264735.553722,1006789.000,23091,1,T1,1,100,36.818
1738264735.686727,1006922.000,23107,1,T1,1,100,36.709
1738264735.820732,1007056.000,23122,1,T1,1,100,36.697
1738264735.953737,1007189.000,23153,1,T1,1,100,36.727
1738264736.086742,1007322.000,23169,1,T1,1,100,36.705
1738264736.219747,1007455.000,23185,1,T1,1,100,36.766
1738264736.353752,1007589.000,23201,1,T1,1,100,36.863
1738264736.486758,1007722.000,23231,1,T1,1,100,36.799
1738264736.619762,1007855.000,23247,1,T1,1,100,36.736
1738264736.753768,1007989.000,23263,1,T1,1,100,36.744
1738264736.886773,1008122.000,23294,1,T1,1,100,36.783
1738264737.019778,1008255.000,23309,1,T1,1,100,36.693
1738264737.153783,1008389.000,23325,1,T1,1,100,36.796
1738264737.286788,1008522.000,23356,1,T1,1,100,36.735
1738264737.419793,1008655.000,23371,1,T1,1,100,36.743
1738264737.553798,1008789.000,23388,1,T1,1,100,36.783
1738264737.686803,1008922.000,23418,1,T1,1,100,36.800
1738264737.819808,1009055.000,23433,1,T1,1,100,36.771
1738264737.953813,1009189.000,23450,1,T1,1,100,36.795
1738264738.086818,1009322.000,23480,1,T1,1,100,36.805
1738264738.219823,1009455.000,23496,1,T1,1,100,36.880
1738264738.353828,1009589.000,23514,1,T1,1,100,36.842
1738264738.486833,1009722.000,23545,1,T1,1,100,36.932
1738264738.619838,1009855.000,23560,1,T1,1,100,36.899
1738264738.753844,1009989.000,23576,1,T1,1,100,36.815
1738264738.886848,1010122.000,23591,1,T1,1,100,36.813
1738264739.019854,1010255.000,23622,1,T1,1,100,36.742
1738264739.152858,1010388.000,23638,1,T1,1,100,36.782
1738264739.286864,1010522.000,23654,1,T1,1,100,36.764
1738264739.419869,1010655.000,23684,1,T1,1,100,36.898
1738264739.552874,1010788.000,23701,1,T1,1,100,36.814
1738264739.686879,1010922.000,23716,1,T1,1,100,36.849
1738264739.819884,1011055.000,23747,1,T1,1,100,36.793
1738264739.952889,1011188.000,23763,1,T1,1,100,36.875
1738264740.086894,1011322.000,23778,1,T1,1,100,36.769
1738264740.219899,1011455.000,23811,1,T1,1,100,36.758
1738264740.352904,1011588.000,23827,1,T1,1,100,36.824
1738264740.486909,1011722.000,23847,1,T1,1,100,36.818
1738264740.619914,1011855.000,23864,1,T1,1,100,36.815
1738264740.752919,1011988.000,23894,1,T1,1,100,36.813
1738264740.886924,1012122.000,23910,1,T1,1,100,36.884
1738264741.019929,1012255.000,23926,1,T1,1,100,36.843
1738264741.152935,1012388.000,23957,1,T1,1,100,36.790
1738264741.286940,1012522.000,23972,1,T1,1,100,36.767
1738264741.419945,1012655.000,23988,1,T1,1,100,36.864
1738264741.552950,1012788.000,24005,1,T1,1,100,36.870
1738264741.686955,1012922.000,24036,1,T1,1,100,36.908
1738264741.819960,1013055.000,24052,1,T1,1,100,36.854
1738264741.952965,1013188.000,24068,1,T1,1,100,36.937
1738264742.086970,1013322.000,24098,1,T1,1,100,36.866
1738264742.219975,1013455.000,24115,1,T1,1,100,36.836
1738264742.352980,1013588.000,24130,1,T1,1,100,36.893
1738264742.485985,1013721.000,24163,1,T1,1,100,36.883
1738264742.619990,1013855.000,24179,1,T1,1,100,36.949
1738264742.752995,1013988.000,24194,1,T1,1,100,36.872
1738264742.886000,1014121.000,24225,1,T1,1,100,36.874
1738264743.020005,1014255.000,24241,1,T1,1,100,36.874
1738264743.153010,1014388.000,24256,1,T1,1,100,36.839
1738264743.286015,1014521.000,24289,1,T1,1,100,36.860
1738264743.420020,1014655.000,24305,1,T1,1,100,36.833
1738264743.553025,1014788.000,24323,1,T1,1,100,36.857
1738264743.686031,1014921.000,24339,1,T1,1,100,36.761
1738264743.820036,1015055.000,24369,1,T1,1,100,36.719
1738264743.953041,1015188.000,24385,1,T1,1,100,36.737
1738264744.086046,1015321.000,24401,1,T1,1,100,36.851
1738264744.220051,1015455.000,24432,1,T1,1,100,36.794
1738264744.353056,1015588.000,24447,1,T1,1,100,36.733
1738264744.486061,1015721.000,24463,1,T1,1,100,36.778
1738264744.620066,1015855.000,24494,1,T1,1,100,36.869
1738264744.753071,1015988.000,24509,1,T1,1,100,36.837
1738264744.886076,1016121.000,24528,1,T1,1,100,36.717
1738264745.020081,1016255.000,24560,1,T1,1,100,36.842
1738264745.153086,1016388.000,24575,1,T1,1,100,36.825
1738264745.286091,1016521.000,24592,1,T1,1,100,36.747
1738264745.420096,1016655.000,24624,1,T1,1,100,36.820
1738264745.553101,1016788.000,24645,1,T1,1,100,36.887
1738264745.686106,1016921.000,24661,1,T1,1,100,36.951
1738264745.819111,1017054.000,24676,1,T1,1,100,36.908
1738264745.953116,1017188.000,24707,1,T1,1,100,36.889
1738264746.086122,1017321.000,24725,1,T1,1,100,36.881
1738264746.220127,1017455.000,24740,1,T1,1,100,36.913
1738264746.353132,1017588.000,24771,1,T1,1,100,36.821
1738264746.486137,1017721.000,24787,1,T1,1,100,36.887
1738264746.619142,1017854.000,24803,1,T1,1,100,36.845
1738264746.753147,1017988.000,24833,1,T1,1,100,36.826
1738264746.886152,1018121.000,24850,1,T1,1,100,36.748
1738264747.019157,1018254.000,24865,1,T1,1,100,36.749
1738264747.153162,1018388.000,24896,1,T1,1,100,36.714
1738264747.286167,1018521.000,24912,1,T1,1,100,36.734
1738264747.419172,1018654.000,24927,1,T1,1,100,36.779
1738264747.553177,1018788.000,24958,1,T1,1,100,36.798
1738264747.686182,1018921.000,24974,1,T1,1,100,36.735
1738264747.819187,1019054.000,24989,1,T1,1,100,36.885
1738264747.953192,1019188.000,25020,1,T1,1,100,36.844
1738264748.086197,1019321.000,25036,1,T1,1,100,36.826
1738264748.219203,1019454.000,25052,1,T1,1,100,36.818
1738264748.353208,1019588.000,25070,1,T1,1,100,36.851
1738264748.486212,1019721.000,25101,1,T1,1,100,36.829
1738264748.619218,1019854.000,25116,1,T1,1,100,36.855
1738264748.753223,1019988.000,25132,1,T1,1,100,36.866
1738264748.886228,1020121.000,25165,1,T1,1,100,36.871
1738264749.019233,1020254.000,25180,1,T1,1,100,36.696
1738264749.152238,1020387.000,25196,1,T1,1,100,36.762
1738264749.286243,1020521.000,25227,1,T1,1,100,36.791
1738264749.419248,1020654.000,25242,1,T1,1,100,36.839
1738264749.552253,1020787.000,25259,1,T1,1,100,36.859
1738264749.686258,1020921.000,25289,1,T1,1,100,36.762
1738264749.819263,1021054.000,25304,1,T1,1,100,36.826
1738264749.952268,1021187.000,25321,1,T1,1,100,36.889
1738264750.086273,1021321.000,25351,1,T1,1,100,36.881
1738264750.219278,1021454.000,25367,1,T1,1,100,36.807
1738264750.352283,1021587.000,25383,1,T1,1,100,36.810
1738264750.486288,1021721.000,25398,1,T1,1,100,36.811
1738264750.619293,1021854.000,25434,1,T1,1,100,36.812
1738264750.752299,1021987.000,25450,1,T1,1,100,36.741
1738264750.886304,1022121.000,25466,1,T1,1,100,36.746
1738264751.019309,1022254.000,25496,1,T1,1,100,36.748
1738264751.152314,1022387.000,25512,1,T1,1,100,36.714
1738264751.286319,1022521.000,25528,1,T1,1,100,36.770
1738264751.419324,1022654.000,25544,1,T1,1,100,36.829
1738264751.552329,1022787.000,25575,1,T1,1,100,36.749
1738264751.686334,1022921.000,25590,1,T1,1,100,36.785
1738264751.819339,1023054.000,25606,1,T1,1,100,36.836
1738264751.952344,1023187.000,25637,1,T1,1,100,36.894
1738264752.086349,1023321.000,25652,1,T1,1,100,36.848
1738264752.219354,1023454.000,25669,1,T1,1,100,36.863
1738264752.352359,1023587.000,25699,1,T1,1,100,36.870
1738264752.485364,1023720.000,25714,1,T1,1,100,36.873
1738264752.619369,1023854.000,25731,1,T1,1,100,36.803
1738264752.752374,1023987.000,25763,1,T1,1,100,36.773
1738264752.885379,1024120.000,25779,1,T1,1,100,36.760
1738264753.019384,1024254.000,25795,1,T1,1,100,36.790
1738264753.152390,1024387.000,25827,1,T1,1,100,36.696
1738264753.286395,1024521.000,25846,1,T1,1,100,36.762
1738264753.419400,1024654.000,25862,1,T1,1,100,36.862
1738264753.552405,1024787.000,25893,1,T1,1,100,36.869
1738264753.685410,1024920.000,25908,1,T1,1,100,36.766
1738264753.819415,1025054.000,25924,1,T1,1,100,36.792
1738264753.952420,1025187.000,25940,1,T1,1,100,36.733
1738264754.085425,1025320.000,25972,1,T1,1,100,36.814
1738264754.219430,1025454.000,25989,1,T1,1,100,36.884
1738264754.352435,1025587.000,26004,1,T1,1,100,36.772
1738264754.485440,1025720.000,26035,1,T1,1,100,36.866
1738264754.619445,1025854.000,26051,1,T1,1,100,36.836
1738264754.752450,1025987.000,26068,1,T1,1,100,36.964
1738264754.885455,1026120.000,26099,1,T1,1,100,36.878
1738264755.019460,1026254.000,26115,1,T1,1,100,36.805
1738264755.152465,1026387.000,26131,1,T1,1,100,36.880
1738264755.285470,1026520.000,26147,1,T1,1,100,36.771
1738264755.419476,1026654.000,26164,1,T1,1,100,36.901
1738264755.552480,1026787.000,26195,1,T1,1,100,36.851
1738264755.685486,1026920.000,26211,1,T1,1,100,36.794
1738264755.819491,1027054.000,26231,1,T1,1,100,36.733
1738264755.952496,1027187.000,26248,1,T1,1,100,36.743
1738264756.085501,1027320.000,26278,1,T1,1,100,36.853
1738264756.218506,1027453.000,26294,1,T1,1,100,36.901
1738264756.352511,1027587.000,26310,1,T1,1,100,36.886
1738264756.485516,1027720.000,26341,1,T1,1,100,36.844
1738264756.618521,1027853.000,26356,1,T1,1,100,36.826
1738264756.752526,1027987.000,26372,1,T1,1,100,36.783
1738264756.885531,1028120.000,26403,1,T1,1,100,36.800
1738264757.018536,1028253.000,26418,1,T1,1,100,36.807
1738264757.152541,1028387.000,26434,1,T1,1,100,36.810
1738264757.285546,1028520.000,26465,1,T1,1,100,36.776
1738264757.418551,1028653.000,26480,1,T1,1,100,36.761
1738264757.552556,1028787.000,26497,1,T1,1,100,36.684
1738264757.685561,1028920.000,26527,1,T1,1,100,36.686
1738264757.818567,1029053.000,26542,1,T1,1,100,36.651
1738264757.952572,1029187.000,26561,1,T1,1,100,36.778
1738264758.085577,1029320.000,26576,1,T1,1,100,36.798
1738264758.218582,1029453.000,26607,1,T1,1,100,36.771
1738264758.352587,1029587.000,26625,1,T1,1,100,36.794
1738264758.485592,1029720.000,26640,1,T1,1,100,36.805
1738264758.618597,1029853.000,26671,1,T1,1,100,36.738
1738264758.752602,1029987.000,26687,1,T1,1,100,36.780
1738264758.885607,1030120.000,26703,1,T1,1,100,36.763
1738264759.018612,1030253.000,26733,1,T1,1,100,36.685
1738264759.152617,1030387.000,26749,1,T1,1,100,36.580
1738264759.285622,1030520.000,26765,1,T1,1,100,36.712
1738264759.418627,1030653.000,26795,1,T1,1,100,36.769
1738264759.551632,1030786.000,26812,1,T1,1,100,36.723
1738264759.685637,1030920.000,26827,1,T1,1,100,36.703
1738264759.818642,1031053.000,26858,1,T1,1,100,36.800
1738264759.951647,1031186.000,26874,1,T1,1,100,36.736
1738264760.085652,1031320.000,26891,1,T1,1,100,36.709
1738264760.218657,1031453.000,26907,1,T1,1,100,36.661
1738264760.351663,1031586.000,26938,1,T1,1,100,36.747
1738264760.485668,1031720.000,26953,1,T1,1,100,36.678
1738264760.618673,1031853.000,26970,1,T1,1,100,36.719
1738264760.751678,1031986.000,27002,1,T1,1,100,36.701
1738264760.885683,1032120.000,27024,1,T1,1,100,36.835
1738264761.018688,1032253.000,27039,1,T1,1,100,36.751
1738264761.151693,1032386.000,27055,1,T1,1,100,36.751
1738264761.285698,1032520.000,27071,1,T1,1,100,36.750
1738264761.418703,1032653.000,27103,1,T1,1,100,36.786
1738264761.551708,1032786.000,27120,1,T1,1,100,36.694
1738264761.685713,1032920.000,27135,1,T1,1,100,36.726
1738264761.818718,1033053.000,27168,1,T1,1,100,36.811
1738264761.951723,1033186.000,27184,1,T1,1,100,36.812
1738264762.085728,1033320.000,27199,1,T1,1,100,36.741
1738264762.218733,1033453.000,27232,1,T1,1,100,36.853
1738264762.351738,1033586.000,27248,1,T1,1,100,36.830
1738264762.484743,1033719.000,27263,1,T1,1,100,36.785
1738264762.618748,1033853.000,27280,1,T1,1,100,36.694
1738264762.751754,1033986.000,27310,1,T1,1,100,36.726
1738264762.884759,1034119.000,27328,1,T1,1,100,36.704
1738264763.018764,1034253.000,27346,1,T1,1,100,36.624
1738264763.151769,1034386.000,27377,1,T1,1,100,36.624
1738264763.284774,1034519.000,27394,1,T1,1,100,36.660
1738264763.418779,1034653.000,27410,1,T1,1,100,36.676
1738264763.551784,1034786.000,27443,1,T1,1,100,36.647
1738264763.684789,1034919.000,27458,1,T1,1,100,36.599
1738264763.818794,1035053.000,27474,1,T1,1,100,36.685
1738264763.951799,1035186.000,27505,1,T1,1,100,36.651
1738264764.084804,1035319.000,27520,1,T1,1,100,36.601
1738264764.218809,1035453.000,27537,1,T1,1,100,36.614
1738264764.351814,1035586.000,27567,1,T1,1,100,36.656
1738264764.484819,1035719.000,27582,1,T1,1,100,36.780
1738264764.618824,1035853.000,27601,1,T1,1,100,36.763
1738264764.751829,1035986.000,27631,1,T1,1,100,36.791
1738264764.884835,1036119.000,27647,1,T1,1,100,36.732
1738264765.018840,1036253.000,27663,1,T1,1,100,36.742
1738264765.151845,1036386.000,27678,1,T1,1,100,36.747
1738264765.284850,1036519.000,27709,1,T1,1,100,36.678
1738264765.418855,1036653.000,27725,1,T1,1,100,36.612
1738264765.551860,1036786.000,27741,1,T1,1,100,36.726
1738264765.684865,1036919.000,27771,1,T1,1,100,36.704
1738264765.818870,1037053.000,27787,1,T1,1,100,36.695
1738264765.951875,1037186.000,27803,1,T1,1,100,36.762
1738264766.084880,1037319.000,27840,1,T1,1,100,36.790
1738264766.217885,1037452.000,27857,1,T1,1,100,36.697
1738264766.351890,1037586.000,27872,1,T1,1,100,36.585
1738264766.484895,1037719.000,27903,1,T1,1,100,36.608
1738264766.617900,1037852.000,27919,1,T1,1,100,36.688
1738264766.751905,1037986.000,27934,1,T1,1,100,36.546
1738264766.884910,1038119.000,27950,1,T1,1,100,36.520
1738264767.017915,1038252.000,27983,1,T1,1,100,36.580
1738264767.151921,1038386.000,27998,1,T1,1,100,36.641
1738264767.284925,1038519.000,28015,1,T1,1,100,36.632
1738264767.417931,1038652.000,28045,1,T1,1,100,36.628
1738264767.551936,1038786.000,28061,1,T1,1,100,36.626
1738264767.684941,1038919.000,28079,1,T1,1,100,36.661
1738264767.817946,1039052.000,28110,1,T1,1,100,36.676
1738264767.951951,1039186.000,28125,1,T1,1,100,36.612
1738264768.084956,1039319.000,28141,1,T1,1,100,36.690
1738264768.217961,1039452.000,28174,1,T1,1,100,36.653
1738264768.351966,1039586.000,28189,1,T1,1,100,36.708
1738264768.484971,1039719.000,28205,1,T1,1,100,36.661
1738264768.617976,1039852.000,28236,1,T1,1,100,36.747
1738264768.751981,1039986.000,28251,1,T1,1,100,36.713
1738264768.884986,1040119.000,28270,1,T1,1,100,36.628
1738264769.017991,1040252.000,28285,1,T1,1,100,36.626
1738264769.151996,1040386.000,28315,1,T1,1,100,36.626
1738264769.285001,1040519.000,28332,1,T1,1,100,36.661
1738264769.418006,1040652.000,28347,1,T1,1,100,36.711
1738264769.552011,1040786.000,28378,1,T1,1,100,36.591
1738264769.685016,1040919.000,28394,1,T1,1,100,36.646
1738264769.818022,1041052.000,28409,1,T1,1,100,36.634
1738264769.951027,1041185.000,28440,1,T1,1,100,36.593
1738264770.085032,1041319.000,28456,1,T1,1,100,36.576
1738264770.218037,1041452.000,28472,1,T1,1,100,36.568
1738264770.351042,1041585.000,28502,1,T1,1,100,36.600
1738264770.485047,1041719.000,28518,1,T1,1,100,36.614
1738264770.618052,1041852.000,28534,1,T1,1,100,36.585
1738264770.751057,1041985.000,28566,1,T1,1,100,36.608
1738264770.885062,1042119.000,28583,1,T1,1,100,36.618
1738264771.018067,1042252.000,28598,1,T1,1,100,36.657
1738264771.151072,1042385.000,28619,1,T1,1,100,36.639
1738264771.285077,1042519.000,28650,1,T1,1,100,36.702
1738264771.418082,1042652.000,28665,1,T1,1,100,36.623
1738264771.551087,1042785.000,28682,1,T1,1,100,36.624
1738264771.685092,1042919.000,28697,1,T1,1,100,36.554
1738264771.818097,1043052.000,28727,1,T1,1,100,36.701
1738264771.951102,1043185.000,28744,1,T1,1,100,36.622
1738264772.085108,1043319.000,28759,1,T1,1,100,36.624
1738264772.218112,1043452.000,28790,1,T1,1,100,36.624
1738264772.351118,1043585.000,28806,1,T1,1,100,36.589
1738264772.484123,1043718.000,28821,1,T1,1,100,36.610
1738264772.618128,1043852.000,28854,1,T1,1,100,36.583
1738264772.751133,1043985.000,28870,1,T1,1,100,36.571
1738264772.884138,1044118.000,28886,1,T1,1,100,36.637
1738264773.018143,1044252.000,28916,1,T1,1,100,36.595
1738264773.151148,1044385.000,28934,1,T1,1,100,36.576
1738264773.284153,1044518.000,28952,1,T1,1,100,36.710
1738264773.418158,1044652.000,28982,1,T1,1,100,36.697
1738264773.551163,1044785.000,28999,1,T1,1,100,36.656
1738264773.684168,1044918.000,29014,1,T1,1,100,36.568
1738264773.818173,1045052.000,29030,1,T1,1,100,36.636
1738264773.951178,1045185.000,29061,1,T1,1,100,36.523
1738264774.084183,1045318.000,29076,1,T1,1,100,36.546
1738264774.218189,1045452.000,29093,1,T1,1,100,36.591
1738264774.351193,1045585.000,29123,1,T1,1,100,36.646
1738264774.484199,1045718.000,29138,1,T1,1,100,36.634
1738264774.618204,1045852.000,29155,1,T1,1,100,36.629
1738264774.751209,1045985.000,29189,1,T1,1,100,36.627
1738264774.884214,1046118.000,29205,1,T1,1,100,36.661
1738264775.018219,1046252.000,29221,1,T1,1,100,36.747
1738264775.151224,1046385.000,29254,1,T1,1,100,36.678
1738264775.284229,1046518.000,29269,1,T1,1,100,36.754
1738264775.418234,1046652.000,29287,1,T1,1,100,36.681
1738264775.551239,1046785.000,29318,1,T1,1,100,36.614
1738264775.684244,1046918.000,29333,1,T1,1,100,36.726
1738264775.818249,1047052.000,29349,1,T1,1,100,36.704
1738264775.951254,1047185.000,29365,1,T1,1,100,36.659
1738264776.084259,1047318.000,29395,1,T1,1,100,36.569
1738264776.217264,1047451.000,29417,1,T1,1,100,36.636
1738264776.351269,1047585.000,29432,1,T1,1,100,36.594
1738264776.484274,1047718.000,29463,1,T1,1,100,36.647
1738264776.617279,1047851.000,29479,1,T1,1,100,36.670
1738264776.751285,1047985.000,29494,1,T1,1,100,36.609
1738264776.884290,1048118.000,29525,1,T1,1,100,36.583
1738264777.017295,1048251.000,29541,1,T1,1,100,36.607
1738264777.151300,1048385.000,29556,1,T1,1,100,36.688
1738264777.284305,1048518.000,29587,1,T1,1,100,36.617
1738264777.417310,1048651.000,29603,1,T1,1,100,36.586
1738264777.551315,1048785.000,29619,1,T1,1,100,36.644
1738264777.684320,1048918.000,29651,1,T1,1,100,36.739
1738264777.817325,1049051.000,29667,1,T1,1,100,36.639
1738264777.951330,1049185.000,29683,1,T1,1,100,36.702
1738264778.084335,1049318.000,29699,1,T1,1,100,36.658
1738264778.217340,1049451.000,29730,1,T1,1,100,36.639
1738264778.351345,1049585.000,29747,1,T1,1,100,36.560
1738264778.484350,1049718.000,29763,1,T1,1,100,36.597
1738264778.617355,1049851.000,29796,1,T1,1,100,36.684
1738264778.751360,1049985.000,29811,1,T1,1,100,36.580
1738264778.884365,1050118.000,29828,1,T1,1,100,36.605
1738264779.017370,1050251.000,29858,1,T1,1,100,36.687
1738264779.150375,1050384.000,29873,1,T1,1,100,36.652
1738264779.284381,1050518.000,29892,1,T1,1,100,36.601
1738264779.417386,1050651.000,29922,1,T1,1,100,36.508
1738264779.550391,1050784.000,29938,1,T1,1,100,36.610
1738264779.684396,1050918.000,29954,1,T1,1,100,36.654
1738264779.817401,1051051.000,29985,1,T1,1,100,36.602
1738264779.950406,1051184.000,30000,1,T1,1,100,36.615
1738264780.084411,1051318.000,30016,1,T1,1,100,36.656
1738264780.217416,1051451.000,30031,1,T1,1,100,36.780
1738264780.350421,1051584.000,30064,1,T1,1,100,36.657
1738264780.484426,1051718.000,30080,1,T1,1,100,36.603
1738264780.617431,1051851.000,30098,1,T1,1,100,36.616
1738264780.750436,1051984.000,30130,1,T1,1,100,36.727
1738264780.884441,1052118.000,30147,1,T1,1,100,36.634
1738264781.017446,1052251.000,30162,1,T1,1,100,36.558
1738264781.150451,1052384.000,30193,1,T1,1,100,36.525
1738264781.284456,1052518.000,30209,1,T1,1,100,36.511
1738264781.417461,1052651.000,30228,1,T1,1,100,36.611
1738264781.550467,1052784.000,30244,1,T1,1,100,36.654
1738264781.684472,1052918.000,30260,1,T1,1,100,36.638
1738264781.817477,1053051.000,30293,1,T1,1,100,36.666
1738264781.950482,1053184.000,30308,1,T1,1,100,36.678
1738264782.084487,1053318.000,30324,1,T1,1,100,36.719
1738264782.217492,1053451.000,30355,1,T1,1,100,36.701
1738264782.350497,1053584.000,30372,1,T1,1,100,36.622
1738264782.483502,1053717.000,30388,1,T1,1,100,36.659
1738264782.617507,1053851.000,30421,1,T1,1,100,36.569
1738264782.750512,1053984.000,30436,1,T1,1,100,36.672
1738264782.883517,1054117.000,30453,1,T1,1,100,36.645
1738264783.017522,1054251.000,30483,1,T1,1,100,36.634
1738264783.150527,1054384.000,30498,1,T1,1,100,36.629
1738264783.283532,1054517.000,30517,1,T1,1,100,36.733
1738264783.417537,1054651.000,30549,1,T1,1,100,36.601
1738264783.550542,1054784.000,30565,1,T1,1,100,36.544
1738264783.683547,1054917.000,30581,1,T1,1,100,36.625
1738264783.817553,1055051.000,30596,1,T1,1,100,36.625
1738264783.950557,1055184.000,30627,1,T1,1,100,36.767
1738264784.083563,1055317.000,30645,1,T1,1,100,36.615
1738264784.217568,1055451.000,30661,1,T1,1,100,36.692
1738264784.350573,1055584.000,30691,1,T1,1,100,36.654
1738264784.483578,1055717.000,30707,1,T1,1,100,36.638
1738264784.617583,1055851.000,30723,1,T1,1,100,36.701
1738264784.750588,1055984.000,30757,1,T1,1,100,36.658
1738264784.883593,1056117.000,30774,1,T1,1,100,36.639
1738264785.017598,1056251.000,30789,1,T1,1,100,36.631
1738264785.150603,1056384.000,30820,1,T1,1,100,36.592
1738264785.283608,1056517.000,30838,1,T1,1,100,36.540
1738264785.417613,1056651.000,30853,1,T1,1,100,36.624
1738264785.550618,1056784.000,30884,1,T1,1,100,36.624
1738264785.683623,1056917.000,30900,1,T1,1,100,36.660
1738264785.817628,1057051.000,30915,1,T1,1,100,36.676
1738264785.950633,1057184.000,30932,1,T1,1,100,36.753
1738264786.083638,1057317.000,30962,1,T1,1,100,36.681
1738264786.216644,1057450.000,30978,1,T1,1,100,36.578
1738264786.350649,1057584.000,30996,1,T1,1,100,36.676
1738264786.483654,1057717.000,31034,1,T1,1,100,36.682
1738264786.616659,1057850.000,31049,1,T1,1,100,36.685
1738264786.750664,1057984.000,31065,1,T1,1,100,36.651
1738264786.883669,1058117.000,31081,1,T1,1,100,36.707
1738264787.016674,1058250.000,31111,1,T1,1,100,36.696
1738264787.150679,1058384.000,31127,1,T1,1,100,36.656
1738264787.283684,1058517.000,31143,1,T1,1,100,36.603
1738264787.416689,1058650.000,31159,1,T1,1,100,36.686
1738264787.550694,1058784.000,31190,1,T1,1,100,36.687
1738264787.683699,1058917.000,31205,1,T1,1,100,36.545
1738264787.816704,1059050.000,31221,1,T1,1,100,36.591
1738264787.950709,1059184.000,31252,1,T1,1,100,36.681
1738264788.083714,1059317.000,31267,1,T1,1,100,36.578
1738264788.216719,1059450.000,31284,1,T1,1,100,36.640
1738264788.350724,1059584.000,31316,1,T1,1,100,36.667
1738264788.483729,1059717.000,31333,1,T1,1,100,36.750
1738264788.616735,1059850.000,31352,1,T1,1,100,36.643
1738264788.750740,1059984.000,31382,1,T1,1,100,36.704
1738264788.883745,1060117.000,31398,1,T1,1,100,36.730
1738264789.016750,1060250.000,31414,1,T1,1,100,36.706
1738264789.150755,1060384.000,31445,1,T1,1,100,36.660
1738264789.283760,1060517.000,31460,1,T1,1,100,36.747
1738264789.416765,1060650.000,31476,1,T1,1,100,36.536
1738264789.550770,1060784.000,31493,1,T1,1,100,36.728
1738264789.683775,1060917.000,31524,1,T1,1,100,36.670
1738264789.816780,1061050.000,31542,1,T1,1,100,36.644
1738264789.949785,1061183.000,31558,1,T1,1,100,36.704
1738264790.083790,1061317.000,31590,1,T1,1,100,36.695
1738264790.216795,1061450.000,31607,1,T1,1,100,36.655
1738264790.349800,1061583.000,31624,1,T1,1,100,36.603
1738264790.483805,1061717.000,31655,1,T1,1,100,36.615
1738264790.616810,1061850.000,31671,1,T1,1,100,36.692
1738264790.749815,1061983.000,31686,1,T1,1,100,36.689
1738264790.883821,1062117.000,31717,1,T1,1,100,36.617
1738264791.016825,1062250.000,31733,1,T1,1,100,36.622
1738264791.149831,1062383.000,31750,1,T1,1,100,36.588
1738264791.283836,1062517.000,31769,1,T1,1,100,36.609
1738264791.416841,1062650.000,31799,1,T1,1,100,36.583
1738264791.549846,1062783.000,31817,1,T1,1,100,36.678
1738264791.683851,1062917.000,31838,1,T1,1,100,36.719
1738264791.816856,1063050.000,31871,1,T1,1,100,36.666
1738264791.949861,1063183.000,31886,1,T1,1,100,36.678
1738264792.083866,1063317.000,31904,1,T1,1,100,36.719
1738264792.216871,1063450.000,31935,1,T1,1,100,36.701
1738264792.349876,1063583.000,31950,1,T1,1,100,36.693
1738264792.482881,1063716.000,31968,1,T1,1,100,36.725
1738264792.616886,1063850.000,31999,1,T1,1,100,36.704
1738264792.749891,1063983.000,32014,1,T1,1,100,36.624
1738264792.883896,1064117.000,32031,1,T1,1,100,36.660
1738264793.016901,1064250.000,32061,1,T1,1,100,36.676
1738264793.149906,1064383.000,32076,1,T1,1,100,36.682
1738264793.282912,1064516.000,32095,1,T1,1,100,36.756
1738264793.416917,1064650.000,32125,1,T1,1,100,36.717
1738264793.549922,1064783.000,32141,1,T1,1,100,36.700
1738264793.682927,1064916.000,32159,1,T1,1,100,36.658
1738264793.816932,1065050.000,32174,1,T1,1,100,36.675
1738264793.949937,1065183.000,32205,1,T1,1,100,36.611
1738264794.082942,1065316.000,32221,1,T1,1,100,36.583
1738264794.216947,1065450.000,32237,1,T1,1,100,36.642
1738264794.349952,1065583.000,32267,1,T1,1,100,36.668
1738264794.482957,1065716.000,32285,1,T1,1,100,36.644
1738264794.616962,1065850.000,32301,1,T1,1,100,36.598
1738264794.749967,1065983.000,32333,1,T1,1,100,36.720
1738264794.882972,1066116.000,32350,1,T1,1,100,36.666
1738264795.016977,1066250.000,32365,1,T1,1,100,36.678
1738264795.149982,1066383.000,32400,1,T1,1,100,36.719
1738264795.282987,1066516.000,32416,1,T1,1,100,36.737
1738264795.416992,1066650.000,32431,1,T1,1,100,36.638
1738264795.549997,1066783.000,32464,1,T1,1,100,36.666
1738264795.683002,1066916.000,32480,1,T1,1,100,36.678
1738264795.817008,1067050.000,32495,1,T1,1,100,36.719
1738264795.950013,1067183.000,32512,1,T1,1,100,36.737
1738264796.083018,1067316.000,32542,1,T1,1,100,36.602
1738264796.216023,1067449.000,32560,1,T1,1,100,36.615
1738264796.350028,1067583.000,32576,1,T1,1,100,36.692
1738264796.483033,1067716.000,32607,1,T1,1,100,36.618
1738264796.616038,1067849.000,32622,1,T1,1,100,36.551
1738264796.750043,1067983.000,32645,1,T1,1,100,36.629
1738264796.883048,1068116.000,32676,1,T1,1,100,36.627
1738264797.016053,1068249.000,32691,1,T1,1,100,36.590
1738264797.150058,1068383.000,32709,1,T1,1,100,36.645
1738264797.283063,1068516.000,32740,1,T1,1,100,36.634
1738264797.416068,1068649.000,32755,1,T1,1,100,36.664
1738264797.550073,1068783.000,32772,1,T1,1,100,36.642
1738264797.683078,1068916.000,32787,1,T1,1,100,36.703
1738264797.816083,1069049.000,32818,1,T1,1,100,36.623
1738264797.950089,1069183.000,32834,1,T1,1,100,36.695
1738264798.083093,1069316.000,32849,1,T1,1,100,36.620
1738264798.216099,1069449.000,32882,1,T1,1,100,36.623
1738264798.350104,1069583.000,32898,1,T1,1,100,36.624
1738264798.483109,1069716.000,32913,1,T1,1,100,36.696
1738264798.616114,1069849.000,32944,1,T1,1,100,36.762
1738264798.750119,1069983.000,32960,1,T1,1,100,36.613
1738264798.883124,1070116.000,32976,1,T1,1,100,36.584
1738264799.016129,1070249.000,33006,1,T1,1,100,36.678
1738264799.149134,1070382.000,33024,1,T1,1,100,36.684
1738264799.283139,1070516.000,33042,1,T1,1,100,36.579
1738264799.416144,1070649.000,33072,1,T1,1,100,36.605
1738264799.549149,1070782.000,33089,1,T1,1,100,36.687
1738264799.683154,1070916.000,33106,1,T1,1,100,36.581
1738264799.816159,1071049.000,33122,1,T1,1,100,36.606
1738264799.949164,1071182.000,33153,1,T1,1,100,36.617
1738264800.083169,1071316.000,33168,1,T1,1,100,36.692
1738264800.216174,1071449.000,33185,1,T1,1,100,36.690
1738264800.349180,1071582.000,33215,1,T1,1,100,36.617
1738264800.483185,1071716.000,33230,1,T1,1,100,36.657
1738264800.616189,1071849.000,33247,1,T1,1,100,36.639
1738264800.749195,1071982.000,33277,1,T1,1,100,36.666
1738264800.883200,1072116.000,33293,1,T1,1,100,36.572
1738264801.016205,1072249.000,33309,1,T1,1,100,36.567
1738264801.149210,1072382.000,33340,1,T1,1,100,36.600
1738264801.283215,1072516.000,33355,1,T1,1,100,36.650
1738264801.416220,1072649.000,33373,1,T1,1,100,36.600
1738264801.549225,1072782.000,33390,1,T1,1,100,36.579
1738264801.683230,1072916.000,33421,1,T1,1,100,36.676
1738264801.816235,1073049.000,33441,1,T1,1,100,36.576
1738264801.949240,1073182.000,33457,1,T1,1,100,36.639
1738264802.083245,1073316.000,33472,1,T1,1,100,36.702
1738264802.216250,1073449.000,33489,1,T1,1,100,36.729
1738264802.349255,1073582.000,33504,1,T1,1,100,36.706
1738264802.482260,1073715.000,33534,1,T1,1,100,36.589
1738264802.616265,1073849.000,33553,1,T1,1,100,36.716
1738264802.749270,1073982.000,33568,1,T1,1,100,36.629
1738264802.883276,1074116.000,33599,1,T1,1,100,36.627
1738264803.016281,1074249.000,33615,1,T1,1,100,36.697
1738264803.149286,1074382.000,33630,1,T1,1,100,36.656
1738264803.282291,1074515.000,33663,1,T1,1,100,36.638
1738264803.416296,1074649.000,33679,1,T1,1,100,36.631
1738264803.549301,1074782.000,33695,1,T1,1,100,36.628
1738264803.682306,1074915.000,33725,1,T1,1,100,36.697
1738264803.816311,1075049.000,33745,1,T1,1,100,36.656
1738264803.949316,1075182.000,33761,1,T1,1,100,36.638
1738264804.082321,1075315.000,33791,1,T1,1,100,36.631
1738264804.216326,1075449.000,33808,1,T1,1,100,36.698
1738264804.349331,1075582.000,33823,1,T1,1,100,36.586
1738264804.482336,1075715.000,33854,1,T1,1,100,36.608
1738264804.616341,1075849.000,33870,1,T1,1,100,36.618
1738264804.749346,1075982.000,33885,1,T1,1,100,36.657
1738264804.882351,1076115.000,33901,1,T1,1,100,36.674
1738264805.016356,1076249.000,33932,1,T1,1,100,36.646
1738264805.149361,1076382.000,33947,1,T1,1,100,36.705
1738264805.282367,1076515.000,33964,1,T1,1,100,36.695
1738264805.416372,1076649.000,33994,1,T1,1,100,36.726
1738264805.549377,1076782.000,34010,1,T1,1,100,36.598
1738264805.682382,1076915.000,34026,1,T1,1,100,36.649
1738264805.815387,1077048.000,34057,1,T1,1,100,36.706
1738264805.949392,1077182.000,34072,1,T1,1,100,36.660
1738264806.082397,1077315.000,34090,1,T1,1,100,36.605
1738264806.215402,1077448.000,34125,1,T1,1,100,36.687
1738264806.349407,1077582.000,34140,1,T1,1,100,36.616
1738264806.482412,1077715.000,34156,1,T1,1,100,36.621
1738264806.615417,1077848.000,34187,1,T1,1,100,36.623
1738264806.749422,1077982.000,34202,1,T1,1,100,36.660
1738264806.882427,1078115.000,34219,1,T1,1,100,36.675
1738264807.015432,1078248.000,34242,1,T1,1,100,36.647
1738264807.149437,1078382.000,34257,1,T1,1,100,36.705
1738264807.282442,1078515.000,34274,1,T1,1,100,36.589
1738264807.415447,1078648.000,34304,1,T1,1,100,36.538
1738264807.549453,1078782.000,34320,1,T1,1,100,36.517
1738264807.682457,1078915.000,34338,1,T1,1,100,36.684
1738264807.815463,1079048.000,34369,1,T1,1,100,36.686
1738264807.949468,1079182.000,34386,1,T1,1,100,36.651
1738264808.082473,1079315.000,34402,1,T1,1,100,36.636
1738264808.215478,1079448.000,34437,1,T1,1,100,36.630
1738264808.349483,1079582.000,34452,1,T1,1,100,36.698
1738264808.482488,1079715.000,34468,1,T1,1,100,36.728
1738264808.615493,1079848.000,34484,1,T1,1,100,36.669
1738264808.749498,1079982.000,34514,1,T1,1,100,36.573
1738264808.882503,1080115.000,34531,1,T1,1,100,36.674
1738264809.015508,1080248.000,34548,1,T1,1,100,36.681
1738264809.148513,1080381.000,34581,1,T1,1,100,36.614
1738264809.282518,1080515.000,34597,1,T1,1,100,36.620
1738264809.415523,1080648.000,34612,1,T1,1,100,36.729
1738264809.548528,1080781.000,34643,1,T1,1,100,36.741
1738264809.682533,1080915.000,34659,1,T1,1,100,36.604
1738264809.815538,1081048.000,34674,1,T1,1,100,36.687
1738264809.948544,1081181.000,34707,1,T1,1,100,36.723
1738264810.082549,1081315.000,34723,1,T1,1,100,36.667
1738264810.215554,1081448.000,34739,1,T1,1,100,36.608
1738264810.348559,1081581.000,34769,1,T1,1,100,36.511
1738264810.482564,1081715.000,34785,1,T1,1,100,36.611
1738264810.615569,1081848.000,34801,1,T1,1,100,36.619
1738264810.748574,1081981.000,34833,1,T1,1,100,36.552
1738264810.882579,1082115.000,34852,1,T1,1,100,36.629
1738264811.015584,1082248.000,34867,1,T1,1,100,36.591
1738264811.148589,1082381.000,34883,1,T1,1,100,36.575
1738264811.282594,1082515.000,34914,1,T1,1,100,36.568
1738264811.415599,1082648.000,34929,1,T1,1,100,36.600
1738264811.548604,1082781.000,34946,1,T1,1,100,36.614
1738264811.682609,1082915.000,34978,1,T1,1,100,36.620
1738264811.815614,1083048.000,34993,1,T1,1,100,36.623
1738264811.948619,1083181.000,35010,1,T1,1,100,36.695
1738264812.082124,1083314.500,35050,2,T1,1,100,36.833
1738264812.215629,1083448.000,35050,2,T1,1,100,36.750
1738264812.348634,1083581.000,35080,1,T1,1,100,36.573
1738264812.481640,1083714.000,35095,1,T1,1,100,36.567
1738264812.615645,1083848.000,35112,1,T1,1,100,36.600
1738264812.748650,1083981.000,35144,1,T1,1,100,36.543
1738264812.881655,1084114.000,35160,1,T1,1,100,36.554
1738264813.015660,1084248.000,35176,1,T1,1,100,36.701
1738264813.148665,1084381.000,35207,1,T1,1,100,36.658
1738264813.281670,1084514.000,35224,1,T1,1,100,36.639
1738264813.415675,1084648.000,35240,1,T1,1,100,36.667
1738264813.548680,1084781.000,35255,1,T1,1,100,36.643
1738264813.681685,1084914.000,35288,1,T1,1,100,36.597
1738264813.815690,1085048.000,35304,1,T1,1,100,36.613
1738264813.948695,1085181.000,35320,1,T1,1,100,36.549
1738264814.081700,1085314.000,35350,1,T1,1,100,36.592
1738264814.215705,1085448.000,35367,1,T1,1,100,36.540
1738264814.348710,1085581.000,35382,1,T1,1,100,36.624
1738264814.481715,1085714.000,35413,1,T1,1,100,36.624
1738264814.615721,1085848.000,35429,1,T1,1,100,36.660
1738264814.748725,1085981.000,35444,1,T1,1,100,36.676
1738264814.881731,1086114.000,35475,1,T1,1,100,36.611
1738264815.015736,1086248.000,35491,1,T1,1,100,36.655
1738264815.148741,1086381.000,35506,1,T1,1,100,36.673
1738264815.281746,1086514.000,35537,1,T1,1,100,36.646
1738264815.415751,1086648.000,35553,1,T1,1,100,36.669
1738264815.548756,1086781.000,35569,1,T1,1,100,36.680
1738264815.681761,1086914.000,35585,1,T1,1,100,36.649
1738264815.815766,1087048.000,35615,1,T1,1,100,36.706
1738264815.948771,1087181.000,35631,1,T1,1,100,36.696
1738264816.081776,1087314.000,35647,1,T1,1,100,36.656
1738264816.215781,1087448.000,35678,1,T1,1,100,36.674
1738264816.348786,1087581.000,35693,1,T1,1,100,36.717
1738264816.481791,1087714.000,35709,1,T1,1,100,36.594
1738264816.614796,1087847.000,35740,1,T1,1,100,36.612
1738264816.748801,1087981.000,35755,1,T1,1,100,36.655
1738264816.881806,1088114.000,35772,1,T1,1,100,36.709
1738264817.014812,1088247.000,35802,1,T1,1,100,36.626
1738264817.148817,1088381.000,35817,1,T1,1,100,36.661
1738264817.281821,1088514.000,35839,1,T1,1,100,36.570
1738264817.414827,1088647.000,35856,1,T1,1,100,36.636
1738264817.548832,1088781.000,35872,1,T1,1,100,36.630
1738264817.681837,1088914.000,35905,1,T1,1,100,36.663
1738264817.814842,1089047.000,35920,1,T1,1,100,36.748
1738264817.948847,1089181.000,35937,1,T1,1,100,36.678
1738264818.081852,1089314.000,35967,1,T1,1,100,36.613
1738264818.214857,1089447.000,35983,1,T1,1,100,36.655
1738264818.348862,1089581.000,36003,1,T1,1,100,36.709
1738264818.481867,1089714.000,36036,1,T1,1,100,36.626
1738264818.614872,1089847.000,36051,1,T1,1,100,36.661
1738264818.747877,1089980.000,36067,1,T1,1,100,36.747
1738264818.881882,1090114.000,36083,1,T1,1,100,36.749
1738264819.014887,1090247.000,36101,1,T1,1,100,36.714
1738264819.147892,1090380.000,36116,1,T1,1,100,36.628
1738264819.281898,1090514.000,36151,1,T1,1,100,36.733
1738264819.414902,1090647.000,36167,1,T1,1,100,36.778
1738264819.547908,1090780.000,36183,1,T1,1,100,36.798
1738264819.681913,1090914.000,36213,1,T1,1,100,36.664
1738264819.814918,1091047.000,36229,1,T1,1,100,36.677
1738264819.947923,1091180.000,36245,1,T1,1,100,36.648
1738264820.081928,1091314.000,36261,1,T1,1,100,36.635
1738264820.214933,1091447.000,36292,1,T1,1,100,36.665
1738264820.347938,1091580.000,36307,1,T1,1,100,36.713
1738264820.481943,1091714.000,36323,1,T1,1,100,36.699
1738264820.614948,1091847.000,36356,1,T1,1,100,36.621
1738264820.747953,1091980.000,36371,1,T1,1,100,36.553
1738264820.881958,1092114.000,36390,1,T1,1,100,36.700
1738264821.014963,1092247.000,36405,1,T1,1,100,36.693
1738264821.147968,1092380.000,36436,1,T1,1,100,36.654
1738264821.281973,1092514.000,36452,1,T1,1,100,36.673
1738264821.414978,1092647.000,36469,1,T1,1,100,36.717
1738264821.547983,1092780.000,36485,1,T1,1,100,36.665
1738264821.681988,1092914.000,36518,1,T1,1,100,36.713
1738264821.814993,1093047.000,36533,1,T1,1,100,36.734
1738264821.947999,1093180.000,36552,1,T1,1,100,36.708
1738264822.082004,1093314.000,36584,1,T1,1,100,36.661
1738264822.215009,1093447.000,36600,1,T1,1,100,36.676
1738264822.348014,1093580.000,36623,1,T1,1,100,36.647
1738264822.481019,1093713.000,36640,1,T1,1,100,36.670
1738264822.615024,1093847.000,36655,1,T1,1,100,36.503
1738264822.748029,1093980.000,36671,1,T1,1,100,36.608
1738264822.881034,1094113.000,36702,1,T1,1,100,36.617
1738264823.015039,1094247.000,36717,1,T1,1,100,36.693
1738264823.148044,1094380.000,36733,1,T1,1,100,36.654
1738264823.281049,1094513.000,36751,1,T1,1,100,36.673
1738264823.415054,1094647.000,36781,1,T1,1,100,36.717
1738264823.548059,1094780.000,36798,1,T1,1,100,36.771
1738264823.681064,1094913.000,36813,1,T1,1,100,36.759
1738264823.815069,1095047.000,36829,1,T1,1,100,36.648
1738264823.948074,1095180.000,36862,1,T1,1,100,36.599
1738264824.081079,1095313.000,36877,1,T1,1,100,36.685
1738264824.215085,1095447.000,36893,1,T1,1,100,36.580
1738264824.348089,1095580.000,36926,1,T1,1,100,36.676
1738264824.481095,1095713.000,36941,1,T1,1,100,36.647
1738264824.615100,1095847.000,36958,1,T1,1,100,36.670
1738264824.748105,1095980.000,36988,1,T1,1,100,36.715
1738264824.881110,1096113.000,37004,1,T1,1,100,36.629
1738264825.015115,1096247.000,37020,1,T1,1,100,36.662
1738264825.148120,1096380.000,37035,1,T1,1,100,36.818
1738264825.281125,1096513.000,37066,1,T1,1,100,36.709
1738264825.415130,1096647.000,37082,1,T1,1,100,36.732
1738264825.548135,1096780.000,37098,1,T1,1,100,36.778
1738264825.681140,1096913.000,37128,1,T1,1,100,36.727
1738264825.814145,1097046.000,37144,1,T1,1,100,36.740
1738264825.948150,1097180.000,37160,1,T1,1,100,36.639
1738264826.081155,1097313.000,37176,1,T1,1,100,36.738
1738264826.214160,1097446.000,37209,1,T1,1,100,36.745
1738264826.348166,1097580.000,37224,1,T1,1,100,36.641
1738264826.481170,1097713.000,37240,1,T1,1,100,36.668
1738264826.614176,1097846.000,37271,1,T1,1,100,36.643
1738264826.748181,1097980.000,37286,1,T1,1,100,36.704
1738264826.881186,1098113.000,37305,1,T1,1,100,36.695
1738264827.014191,1098246.000,37335,1,T1,1,100,36.832
1738264827.148196,1098380.000,37351,1,T1,1,100,36.750
1738264827.281201,1098513.000,37369,1,T1,1,100,36.644
1738264827.414206,1098646.000,37384,1,T1,1,100,36.633
1738264827.548211,1098780.000,37408,1,T1,1,100,36.629
1738264827.681216,1098913.000,37423,1,T1,1,100,36.733
1738264827.814221,1099046.000,37454,1,T1,1,100,36.778
1738264827.948226,1099180.000,37470,1,T1,1,100,36.762
1738264828.081231,1099313.000,37485,1,T1,1,100,36.720
1738264828.214236,1099446.000,37518,1,T1,1,100,36.701
1738264828.348241,1099580.000,37534,1,T1,1,100,36.694
1738264828.481246,1099713.000,37549,1,T1,1,100,36.726
1738264828.614251,1099846.000,37582,1,T1,1,100,36.739
1738264828.748256,1099980.000,37598,1,T1,1,100,36.816
1738264828.881262,1100113.000,37614,1,T1,1,100,36.637
1738264829.014266,1100246.000,37630,1,T1,1,100,36.666
1738264829.148272,1100380.000,37663,1,T1,1,100,36.713
1738264829.281277,1100513.000,37678,1,T1,1,100,36.841
1738264829.414282,1100646.000,37694,1,T1,1,100,36.647
1738264829.547287,1100779.000,37711,1,T1,1,100,36.635
1738264829.681292,1100913.000,37742,1,T1,1,100,36.629
1738264829.814297,1101046.000,37758,1,T1,1,100,36.769
1738264829.947302,1101179.000,37776,1,T1,1,100,36.723
1738264830.081307,1101313.000,37806,1,T1,1,100,36.703
1738264830.214312,1101446.000,37823,1,T1,1,100,36.694
1738264830.347317,1101579.000,37838,1,T1,1,100,36.832
1738264830.481322,1101713.000,37871,1,T1,1,100,36.786
1738264830.614327,1101846.000,37887,1,T1,1,100,36.659
1738264830.747332,1101979.000,37904,1,T1,1,100,36.675
1738264830.881337,1102113.000,37937,1,T1,1,100,36.789
1738264831.014342,1102246.000,37953,1,T1,1,100,36.731
1738264831.147347,1102379.000,37968,1,T1,1,100,36.671
1738264831.281353,1102513.000,37985,1,T1,1,100,36.751
1738264831.414358,1102646.000,38017,1,T1,1,100,36.786
1738264831.547363,1102779.000,38035,1,T1,1,100,36.695
1738264831.681368,1102913.000,38051,1,T1,1,100,36.655
1738264831.814373,1103046.000,38084,1,T1,1,100,36.744
1738264831.947378,1103179.000,38099,1,T1,1,100,36.783
1738264832.081383,1103313.000,38117,1,T1,1,100,36.764
1738264832.214388,1103446.000,38134,1,T1,1,100,36.756
1738264832.347393,1103579.000,38167,1,T1,1,100,36.753
1738264832.481398,1103713.000,38183,1,T1,1,100,36.858
1738264832.614403,1103846.000,38205,1,T1,1,100,36.832
1738264832.747408,1103979.000,38222,1,T1,1,100,36.679
1738264832.880413,1104112.000,38241,1,T1,1,100,36.648
1738264833.014418,1104246.000,38271,1,T1,1,100,36.742
1738264833.147423,1104379.000,38289,2,T1,1,100,36.675
1738264833.280428,1104512.000,38289,2,T1,1,100,36.718
1738264833.413933,1104645.500,38308,2,T1,1,100,36.771
1738264833.547438,1104779.000,38308,2,T1,1,100,36.795
1738264833.680943,1104912.500,38324,2,T1,1,100,36.698
1738264833.814449,1105046.000,38324,2,T1,1,100,36.728
1738264833.947453,1105179.000,38340,1,T1,1,100,36.705
1738264834.080459,1105312.000,38372,1,T1,1,100,36.730
1738264834.214464,1105446.000,38389,1,T1,1,100,36.671
1738264834.347469,1105579.000,38404,1,T1,1,100,36.609
1738264834.480474,1105712.000,38435,1,T1,1,100,36.689
1738264834.614479,1105846.000,38453,1,T1,1,100,36.759
1738264834.747484,1105979.000,38468,1,T1,1,100,36.718
1738264834.880489,1106112.000,38485,1,T1,1,100,36.701
1738264835.014494,1106246.000,38515,1,T1,1,100,36.729
1738264835.147499,1106379.000,38532,1,T1,1,100,36.670
1738264835.280504,1106512.000,38549,1,T1,1,100,36.680
1738264835.414509,1106646.000,38581,1,T1,1,100,36.684
1738264835.547514,1106779.000,38597,1,T1,1,100,36.757
1738264835.680519,1106912.000,38615,1,T1,1,100,36.753
1738264835.813524,1107045.000,38646,1,T1,1,100,36.822
1738264835.947530,1107179.000,38661,1,T1,1,100,36.781
1738264836.080534,1107312.000,38677,1,T1,1,100,36.764
1738264836.213540,1107445.000,38710,1,T1,1,100,36.756
1738264836.347545,1107579.000,38725,1,T1,1,100,36.788
1738264836.480550,1107712.000,38741,1,T1,1,100,36.731
1738264836.613555,1107845.000,38759,1,T1,1,100,36.777
1738264836.747560,1107979.000,38789,1,T1,1,100,36.691
1738264836.880565,1108112.000,38810,1,T1,1,100,36.583
1738264837.013570,1108245.000,38825,1,T1,1,100,36.607
1738264837.147575,1108379.000,38856,1,T1,1,100,36.688
1738264837.280580,1108512.000,38872,1,T1,1,100,36.617
1738264837.413585,1108645.000,38887,1,T1,1,100,36.657
1738264837.547590,1108779.000,38918,1,T1,1,100,36.674
1738264837.680595,1108912.000,38939,1,T1,1,100,36.682
1738264837.813600,1109045.000,38956,1,T1,1,100,36.685
1738264837.947605,1109179.000,38971,1,T1,1,100,36.651
1738264838.080610,1109312.000,38987,1,T1,1,100,36.672
1738264838.213615,1109445.000,39022,1,T1,1,100,36.681
1738264838.347620,1109579.000,39037,1,T1,1,100,36.649
1738264838.480626,1109712.000,39053,1,T1,1,100,36.635
1738264838.613631,1109845.000,39069,1,T1,1,100,36.665
1738264838.747636,1109979.000,39099,1,T1,1,100,36.784
1738264838.880641,1110112.000,39116,1,T1,1,100,36.729
1738264839.013646,1110245.000,39133,1,T1,1,100,36.741
1738264839.147651,1110379.000,39164,1,T1,1,100,36.782
1738264839.280656,1110512.000,39180,1,T1,1,100,36.728
1738264839.413661,1110645.000,39195,1,T1,1,100,36.670
1738264839.546666,1110778.000,39226,1,T1,1,100,36.715
1738264839.680671,1110912.000,39242,1,T1,1,100,36.735
1738264839.813676,1111045.000,39259,1,T1,1,100,36.814
1738264839.946681,1111178.000,39292,1,T1,1,100,36.707
1738264840.080686,1111312.000,39308,1,T1,1,100,36.767
1738264840.213691,1111445.000,39324,1,T1,1,100,36.686
1738264840.346696,1111578.000,39340,1,T1,1,100,36.722
1738264840.480701,1111712.000,39370,1,T1,1,100,36.703
1738264840.613706,1111845.000,39388,1,T1,1,100,36.765
1738264840.746711,1111978.000,39404,1,T1,1,100,36.686
1738264840.880717,1112112.000,39435,1,T1,1,100,36.687
1738264841.013722,1112245.000,39450,1,T1,1,100,36.687
1738264841.146727,1112378.000,39466,1,T1,1,100,36.723
1738264841.280732,1112512.000,39497,1,T1,1,100,36.774
1738264841.413737,1112645.000,39512,1,T1,1,100,36.654
1738264841.546742,1112778.000,39529,1,T1,1,100,36.708
1738264841.680747,1112912.000,39559,1,T1,1,100,36.626
1738264841.813752,1113045.000,39574,1,T1,1,100,36.696
1738264841.946757,1113178.000,39591,1,T1,1,100,36.762
1738264842.080762,1113312.000,39621,1,T1,1,100,36.720
1738264842.213767,1113445.000,39639,1,T1,1,100,36.701
1738264842.346772,1113578.000,39657,1,T1,1,100,36.800
1738264842.480777,1113712.000,39672,1,T1,1,100,36.736
1738264842.613782,1113845.000,39703,1,T1,1,100,36.709
1738264842.746787,1113978.000,39719,1,T1,1,100,36.661
1738264842.879792,1114111.000,39739,1,T1,1,100,36.747
1738264843.013798,1114245.000,39756,1,T1,1,100,36.678
1738264843.146802,1114378.000,39772,1,T1,1,100,36.719
1738264843.279808,1114511.000,39805,1,T1,1,100,36.772
1738264843.413813,1114645.000,39820,1,T1,1,100,36.759
1738264843.546818,1114778.000,39837,1,T1,1,100,36.648
1738264843.679823,1114911.000,39869,1,T1,1,100,36.635
1738264843.813828,1115045.000,39884,1,T1,1,100,36.629
1738264843.946833,1115178.000,39901,1,T1,1,100,36.733
1738264844.079838,1115311.000,39931,1,T1,1,100,36.778
1738264844.213843,1115445.000,39949,1,T1,1,100,36.798
1738264844.346848,1115578.000,39967,1,T1,1,100,36.735
1738264844.479853,1115711.000,39998,1,T1,1,100,36.744
1738264844.613858,1115845.000,40013,1,T1,1,100,36.676
1738264844.746863,1115978.000,40031,1,T1,1,100,36.647
1738264844.879868,1116111.000,40046,1,T1,1,100,36.741
1738264845.013873,1116245.000,40077,1,T1,1,100,36.817
1738264845.146878,1116378.000,40093,1,T1,1,100,36.708
1738264845.279883,1116511.000,40111,1,T1,1,100,36.661
1738264845.413888,1116645.000,40141,1,T1,1,100,36.711
1738264845.546894,1116778.000,40158,1,T1,1,100,36.662
1738264845.679899,1116911.000,40173,1,T1,1,100,36.748
1738264845.812904,1117044.000,40206,1,T1,1,100,36.713
1738264845.946909,1117178.000,40222,1,T1,1,100,36.770
1738264846.079914,1117311.000,40239,1,T1,1,100,36.723
1738264846.212919,1117444.000,40270,1,T1,1,100,36.703
1738264846.346924,1117578.000,40286,1,T1,1,100,36.659
1738264846.479929,1117711.000,40301,1,T1,1,100,36.746
1738264846.612934,1117844.000,40332,1,T1,1,100,36.642
1738264846.746939,1117978.000,40348,1,T1,1,100,36.668
1738264846.879944,1118111.000,40366,1,T1,1,100,36.608
1738264847.012949,1118244.000,40382,1,T1,1,100,36.795
1738264847.146954,1118378.000,40413,1,T1,1,100,36.769
1738264847.279959,1118511.000,40428,1,T1,1,100,36.617
1738264847.412964,1118644.000,40444,1,T1,1,100,36.586
1738264847.546969,1118778.000,40475,1,T1,1,100,36.644
1738264847.679974,1118911.000,40490,1,T1,1,100,36.704
1738264847.812979,1119044.000,40508,1,T1,1,100,36.730
1738264847.946485,1119177.500,40546,2,T1,1,100,36.706
1738264848.079990,1119311.000,40546,2,T1,1,100,36.660
1738264848.212995,1119444.000,40577,1,T1,1,100,36.711
1738264848.347000,1119578.000,40594,1,T1,1,100,36.804
1738264848.480005,1119711.000,40610,1,T1,1,100,36.738
1738264848.613010,1119844.000,40641,1,T1,1,100,36.674
1738264848.747015,1119978.000,40656,1,T1,1,100,36.646
1738264848.880020,1120111.000,40673,1,T1,1,100,36.776
1738264849.013025,1120244.000,40703,1,T1,1,100,36.690
1738264849.147030,1120378.000,40718,1,T1,1,100,36.724
1738264849.280035,1120511.000,40735,1,T1,1,100,36.739
1738264849.413040,1120644.000,40765,1,T1,1,100,36.745
1738264849.547045,1120778.000,40783,1,T1,1,100,36.748
1738264849.680050,1120911.000,40799,1,T1,1,100,36.820
1738264849.813055,1121044.000,40830,1,T1,1,100,36.709
1738264849.946060,1121177.000,40845,1,T1,1,100,36.768
1738264850.080065,1121311.000,40861,1,T1,1,100,36.793
1738264850.213070,1121444.000,40876,1,T1,1,100,36.804
1738264850.346076,1121577.000,40907,1,T1,1,100,36.738
1738264850.480081,1121711.000,40923,1,T1,1,100,36.674
1738264850.613086,1121844.000,40939,1,T1,1,100,36.717
1738264850.746091,1121977.000,40969,1,T1,1,100,36.700
1738264850.880096,1122111.000,40986,1,T1,1,100,36.658
1738264851.013101,1122244.000,41001,1,T1,1,100,36.675
1738264851.146106,1122377.000,41034,1,T1,1,100,36.717
1738264851.280111,1122511.000,41050,1,T1,1,100,36.736
1738264851.413116,1122644.000,41065,1,T1,1,100,36.708
1738264851.546121,1122777.000,41098,1,T1,1,100,36.732
1738264851.680126,1122911.000,41114,1,T1,1,100,36.671
1738264851.813131,1123044.000,41130,1,T1,1,100,36.751
1738264851.946136,1123177.000,41146,1,T1,1,100,36.715
1738264852.080141,1123311.000,41161,1,T1,1,100,36.699
1738264852.213146,1123444.000,41192,1,T1,1,100,36.835
1738264852.346151,1123577.000,41208,1,T1,1,100,36.893
1738264852.479156,1123710.000,41223,1,T1,1,100,36.812
1738264852.613162,1123844.000,41256,1,T1,1,100,36.706
1738264852.746166,1123977.000,41272,1,T1,1,100,36.766
1738264852.879172,1124110.000,41288,1,T1,1,100,36.651
1738264853.013177,1124244.000,41306,1,T1,1,100,36.707
1738264853.146182,1124377.000,41329,1,T1,1,100,36.696
1738264853.279187,1124510.000,41347,1,T1,1,100,36.691
1738264853.413192,1124644.000,41379,1,T1,1,100,36.725
1738264853.546197,1124777.000,41398,1,T1,1,100,36.633
1738264853.679202,1124910.000,41413,1,T1,1,100,36.664
1738264853.813207,1125044.000,41444,1,T1,1,100,36.713
1738264853.946212,1125177.000,41460,1,T1,1,100,36.698
1738264854.079217,1125310.000,41475,1,T1,1,100,36.657
1738264854.213222,1125444.000,41508,1,T1,1,100,36.674
1738264854.346227,1125577.000,41524,1,T1,1,100,36.717
1738264854.479232,1125710.000,41539,1,T1,1,100,36.736
1738264854.613237,1125844.000,41570,1,T1,1,100,36.637
1738264854.746242,1125977.000,41586,1,T1,1,100,36.772
1738264854.879247,1126110.000,41604,1,T1,1,100,36.831
1738264855.013252,1126244.000,41622,1,T1,1,100,36.820
1738264855.146258,1126377.000,41653,1,T1,1,100,36.745
1738264855.279263,1126510.000,41668,1,T1,1,100,36.712
1738264855.413268,1126644.000,41684,1,T1,1,100,36.805
1738264855.546273,1126777.000,41715,1,T1,1,100,36.809
1738264855.679278,1126910.000,41730,1,T1,1,100,36.705
1738264855.813283,1127044.000,41746,1,T1,1,100,36.766
1738264855.946288,1127177.000,41777,1,T1,1,100,36.792
1738264856.079293,1127310.000,41792,1,T1,1,100,36.768
1738264856.212298,1127443.000,41811,1,T1,1,100,36.864
1738264856.346303,1127577.000,41841,1,T1,1,100,36.729
1738264856.479308,1127710.000,41856,1,T1,1,100,36.705
1738264856.612313,1127843.000,41873,1,T1,1,100,36.766
1738264856.746318,1127977.000,41888,1,T1,1,100,36.722
1738264856.879323,1128110.000,41919,1,T1,1,100,36.809
1738264857.012328,1128243.000,41935,1,T1,1,100,36.811
1738264857.146333,1128377.000,41950,1,T1,1,100,36.705
1738264857.279338,1128510.000,41981,1,T1,1,100,36.660
1738264857.412344,1128643.000,41997,1,T1,1,100,36.746
1738264857.546349,1128777.000,42013,1,T1,1,100,36.748
1738264857.679354,1128910.000,42043,1,T1,1,100,36.714
1738264857.812359,1129043.000,42059,1,T1,1,100,36.663
1738264857.946364,1129177.000,42077,1,T1,1,100,36.713
1738264858.079369,1129310.000,42107,1,T1,1,100,36.769
1738264858.212374,1129443.000,42129,1,T1,1,100,36.758
1738264858.346379,1129577.000,42146,1,T1,1,100,36.789
1738264858.479384,1129710.000,42162,1,T1,1,100,36.838
1738264858.612389,1129843.000,42180,1,T1,1,100,36.823
1738264858.746394,1129977.000,42210,1,T1,1,100,36.782
1738264858.879399,1130110.000,42227,1,T1,1,100,36.728
1738264859.012404,1130243.000,42244,1,T1,1,100,36.776
1738264859.145409,1130376.000,42275,1,T1,1,100,36.797
1738264859.279414,1130510.000,42291,1,T1,1,100,36.735
1738264859.412419,1130643.000,42306,1,T1,1,100,36.708
1738264859.546424,1130777.000,42339,1,T1,1,100,36.767
1738264859.679430,1130910.000,42355,1,T1,1,100,36.828
1738264859.812434,1131043.000,42370,1,T1,1,100,36.784
1738264859.945440,1131176.000,42387,1,T1,1,100,36.765
1738264860.079445,1131310.000,42419,1,T1,1,100,36.792
1738264860.212450,1131443.000,42435,1,T1,1,100,36.733
1738264860.345455,1131576.000,42451,1,T1,1,100,36.672
1738264860.479460,1131710.000,42486,1,T1,1,100,36.645
1738264860.612465,1131843.000,42501,1,T1,1,100,36.776
1738264860.745470,1131976.000,42517,1,T1,1,100,36.761
1738264860.879475,1132110.000,42548,1,T1,1,100,36.684
1738264861.012480,1132243.000,42563,1,T1,1,100,36.686
1738264861.145485,1132376.000,42579,1,T1,1,100,36.793
1738264861.279490,1132510.000,42612,1,T1,1,100,36.769
1738264861.412495,1132643.000,42627,1,T1,1,100,36.723
1738264861.545500,1132776.000,42644,1,T1,1,100,36.738
1738264861.679505,1132910.000,42676,1,T1,1,100,36.780
1738264861.812510,1133043.000,42691,1,T1,1,100,36.799
1738264861.945515,1133176.000,42710,1,T1,1,100,36.771
1738264862.079520,1133310.000,42740,1,T1,1,100,36.759
1738264862.212526,1133443.000,42756,1,T1,1,100,36.754
1738264862.345531,1133576.000,42772,1,T1,1,100,36.681
1738264862.479536,1133710.000,42787,1,T1,1,100,36.720
1738264862.612541,1133843.000,42818,1,T1,1,100,36.808
1738264862.745546,1133976.000,42834,1,T1,1,100,36.811
1738264862.878551,1134109.000,42850,1,T1,1,100,36.741
1738264863.012556,1134243.000,42880,1,T1,1,100,36.711
1738264863.145561,1134376.000,42896,1,T1,1,100,36.697
1738264863.278566,1134509.000,42914,1,T1,1,100,36.763
1738264863.412571,1134643.000,42939,1,T1,1,100,36.791
1738264863.545576,1134776.000,42955,1,T1,1,100,36.803
1738264863.678581,1134909.000,42985,1,T1,1,100,36.738
1738264863.812586,1135043.000,43003,1,T1,1,100,36.780
1738264863.945591,1135176.000,43019,1,T1,1,100,36.798
1738264864.078596,1135309.000,43051,1,T1,1,100,36.806
1738264864.212601,1135443.000,43068,1,T1,1,100,36.810
1738264864.345606,1135576.000,43083,1,T1,1,100,36.811
1738264864.478611,1135709.000,43116,1,T1,1,100,36.812
1738264864.612617,1135843.000,43132,1,T1,1,100,36.812
1738264864.745622,1135976.000,43147,1,T1,1,100,36.812
1738264864.878627,1136109.000,43180,1,T1,1,100,36.848
1738264865.012632,1136243.000,43196,1,T1,1,100,36.792
1738264865.145637,1136376.000,43213,1,T1,1,100,36.733
1738264865.278642,1136509.000,43230,1,T1,1,100,36.743
1738264865.412647,1136643.000,43264,1,T1,1,100,36.782
1738264865.545652,1136776.000,43280,1,T1,1,100,36.764
1738264865.678657,1136909.000,43298,1,T1,1,100,36.791
1738264865.811662,1137042.000,43331,1,T1,1,100,36.839
1738264865.945667,1137176.000,43346,1,T1,1,100,36.788
1738264866.078672,1137309.000,43364,1,T1,1,100,36.838
1738264866.211677,1137442.000,43395,1,T1,1,100,36.788
1738264866.345682,1137576.000,43412,1,T1,1,100,36.802
1738264866.478687,1137709.000,43428,1,T1,1,100,36.702
1738264866.611692,1137842.000,43461,1,T1,1,100,36.729
1738264866.745697,1137976.000,43476,1,T1,1,100,36.776
1738264866.878702,1138109.000,43493,1,T1,1,100,36.726
1738264867.011708,1138242.000,43508,1,T1,1,100,36.811
1738264867.145713,1138376.000,43541,1,T1,1,100,36.741
1738264867.278718,1138509.000,43557,1,T1,1,100,36.675
1738264867.411723,1138642.000,43572,1,T1,1,100,36.788
1738264867.545728,1138776.000,43603,1,T1,1,100,36.802
1738264867.678733,1138909.000,43619,1,T1,1,100,36.702
1738264867.811738,1139042.000,43634,1,T1,1,100,36.800
1738264867.945743,1139176.000,43667,1,T1,1,100,36.807
1738264868.078748,1139309.000,43683,1,T1,1,100,36.810
1738264868.211753,1139442.000,43699,1,T1,1,100,36.776
1738264868.345758,1139576.000,43733,1,T1,1,100,36.797
1738264868.478763,1139709.000,43753,1,T1,1,100,36.770
1738264868.611768,1139842.000,43770,1,T1,1,100,36.688
1738264868.745773,1139976.000,43786,1,T1,1,100,36.759
1738264868.878778,1140109.000,43802,1,T1,1,100,36.825
1738264869.011783,1140242.000,43832,1,T1,1,100,36.853
1738264869.145788,1140376.000,43848,1,T1,1,100,36.830
1738264869.278794,1140509.000,43864,1,T1,1,100,36.891
1738264869.411798,1140642.000,43894,1,T1,1,100,36.811
1738264869.544804,1140775.000,43911,1,T1,1,100,36.847
1738264869.678809,1140909.000,43928,1,T1,1,100,36.757
1738264869.811814,1141042.000,43944,1,T1,1,100,36.753
1738264869.944819,1141175.000,43975,1,T1,1,100,36.787
1738264870.078824,1141309.000,43990,1,T1,1,100,36.730
1738264870.211829,1141442.000,44009,1,T1,1,100,36.742
1738264870.344834,1141575.000,44039,1,T1,1,100,36.711
1738264870.478839,1141709.000,44054,1,T1,1,100,36.769
1738264870.611844,1141842.000,44073,1,T1,1,100,36.793
1738264870.744849,1141975.000,44103,1,T1,1,100,36.804
1738264870.878854,1142109.000,44119,1,T1,1,100,36.773
1738264871.011859,1142242.000,44135,1,T1,1,100,36.867
1738264871.144864,1142375.000,44166,1,T1,1,100,36.800
1738264871.278869,1142509.000,44183,1,T1,1,100,36.772
1738264871.411875,1142642.000,44199,1,T1,1,100,36.759
1738264871.544879,1142775.000,44232,1,T1,1,100,36.790
1738264871.678885,1142909.000,44247,1,T1,1,100,36.873
1738264871.811890,1143042.000,44265,1,T1,1,100,36.839
1738264871.944895,1143175.000,44281,1,T1,1,100,36.788
1738264872.078900,1143309.000,44311,1,T1,1,100,36.873
1738264872.211905,1143442.000,44330,1,T1,1,100,36.839
1738264872.344910,1143575.000,44347,1,T1,1,100,36.788
1738264872.478915,1143709.000,44378,1,T1,1,100,36.802
1738264872.611920,1143842.000,44394,1,T1,1,100,36.879
1738264872.744925,1143975.000,44409,1,T1,1,100,36.770
1738264872.877930,1144108.000,44440,1,T1,1,100,36.830
1738264873.011935,1144242.000,44456,1,T1,1,100,36.749
1738264873.144940,1144375.000,44471,1,T1,1,100,36.785
1738264873.277945,1144508.000,44506,1,T1,1,100,36.801
1738264873.411950,1144642.000,44522,1,T1,1,100,36.772
1738264873.544955,1144775.000,44542,1,T1,1,100,36.830
1738264873.677960,1144908.000,44565,1,T1,1,100,36.856
1738264873.811965,1145042.000,44580,1,T1,1,100,36.796
1738264873.944970,1145175.000,44597,1,T1,1,100,36.841
1738264874.077976,1145308.000,44629,1,T1,1,100,36.931
1738264874.211981,1145442.000,44645,1,T1,1,100,36.864
1738264874.344986,1145575.000,44661,1,T1,1,100,36.835
1738264874.477991,1145708.000,44692,1,T1,1,100,36.751
1738264874.611996,1145842.000,44707,1,T1,1,100,36.786
1738264874.745001,1145975.000,44725,1,T1,1,100,36.836
1738264874.878006,1146108.000,44756,1,T1,1,100,36.823
1738264875.012011,1146242.000,44771,1,T1,1,100,36.852
1738264875.145016,1146375.000,44789,1,T1,1,100,36.865
1738264875.278021,1146508.000,44820,1,T1,1,100,36.906
1738264875.412026,1146642.000,44835,1,T1,1,100,36.853
1738264875.545031,1146775.000,44854,1,T1,1,100,36.759
1738264875.678036,1146908.000,44886,1,T1,1,100,36.825
1738264875.811041,1147041.000,44901,1,T1,1,100,36.853
1738264875.945046,1147175.000,44918,1,T1,1,100,36.795
1738264876.078051,1147308.000,44933,1,T1,1,100,36.805
1738264876.212056,1147442.000,44966,1,T1,1,100,36.703
1738264876.345062,1147575.000,44984,1,T1,1,100,36.800
1738264876.478066,1147708.000,44999,1,T1,1,100,36.736
1738264876.612072,1147842.000,45030,1,T1,1,100,36.673
1738264876.745077,1147975.000,45048,1,T1,1,100,36.823
1738264876.878082,1148108.000,45064,1,T1,1,100,36.923
1738264877.011087,1148241.000,45096,1,T1,1,100,36.790
1738264877.145092,1148375.000,45112,1,T1,1,100,36.661
1738264877.278097,1148508.000,45128,1,T1,1,100,36.747
1738264877.411102,1148641.000,45158,1,T1,1,100,36.855
1738264877.545107,1148775.000,45177,1,T1,1,100,36.831
1738264877.678112,1148908.000,45194,1,T1,1,100,36.856
1738264877.811117,1149041.000,45225,1,T1,1,100,36.796
1738264877.945122,1149175.000,45241,1,T1,1,100,36.841
1738264878.078127,1149308.000,45256,1,T1,1,100,36.754
1738264878.211132,1149441.000,45291,1,T1,1,100,36.752
1738264878.345137,1149575.000,45307,1,T1,1,100,36.786
1738264878.478142,1149708.000,45322,1,T1,1,100,36.766
1738264878.611147,1149841.000,45341,1,T1,1,100,36.828
1738264878.744653,1149974.500,45376,2,T1,1,100,36.890
1738264878.878158,1150108.000,45376,2,T1,1,100,36.881
1738264879.011163,1150241.000,45407,1,T1,1,100,36.878
1738264879.145168,1150375.000,45422,1,T1,1,100,36.841
1738264879.278173,1150508.000,45439,1,T1,1,100,36.825
1738264879.411178,1150641.000,45469,1,T1,1,100,36.818
1738264879.544183,1150774.000,45485,1,T1,1,100,36.744
1738264879.678188,1150908.000,45503,1,T1,1,100,36.747
1738264879.811193,1151041.000,45536,1,T1,1,100,36.713
1738264879.944198,1151174.000,45551,1,T1,1,100,36.734
1738264880.078203,1151308.000,45567,1,T1,1,100,36.779
1738264880.211208,1151441.000,45598,1,T1,1,100,36.762
1738264880.344213,1151574.000,45613,1,T1,1,100,36.791
1738264880.478218,1151708.000,45629,1,T1,1,100,36.839
1738264880.611223,1151841.000,45645,1,T1,1,100,36.753
1738264880.744228,1151974.000,45679,1,T1,1,100,36.716
1738264880.878233,1152108.000,45696,1,T1,1,100,36.700
1738264881.011239,1152241.000,45711,1,T1,1,100,36.799
1738264881.144243,1152374.000,45744,1,T1,1,100,36.771
1738264881.278249,1152508.000,45760,1,T1,1,100,36.759
1738264881.411254,1152641.000,45777,1,T1,1,100,36.754
1738264881.544259,1152774.000,45810,1,T1,1,100,36.787
1738264881.678264,1152908.000,45826,1,T1,1,100,36.802
1738264881.811269,1153041.000,45841,1,T1,1,100,36.737
1738264881.944274,1153174.000,45872,1,T1,1,100,36.780
1738264882.078279,1153308.000,45888,1,T1,1,100,36.763
1738264882.211284,1153441.000,45904,1,T1,1,100,36.756
1738264882.344289,1153574.000,45934,1,T1,1,100,36.752
1738264882.477294,1153707.000,45952,1,T1,1,100,36.822
1738264882.611299,1153841.000,45968,1,T1,1,100,36.781
1738264882.744304,1153974.000,45984,1,T1,1,100,36.799
1738264882.877309,1154107.000,46015,1,T1,1,100,36.771
1738264883.011314,1154241.000,46030,1,T1,1,100,36.830
1738264883.144319,1154374.000,46046,1,T1,1,100,36.820
1738264883.277324,1154507.000,46081,1,T1,1,100,36.816
1738264883.411330,1154641.000,46096,1,T1,1,100,36.743
1738264883.544335,1154774.000,46115,1,T1,1,100,36.782
1738264883.677340,1154907.000,46145,1,T1,1,100,36.764
1738264883.810845,1155040.500,46164,2,T1,1,100,36.792
1738264883.944350,1155174.000,46164,2,T1,1,100,36.803
1738264884.077355,1155307.000,46182,1,T1,1,100,36.809
1738264884.211360,1155441.000,46213,1,T1,1,100,36.846
1738264884.344365,1155574.000,46228,1,T1,1,100,36.792
1738264884.477370,1155707.000,46246,1,T1,1,100,36.803
1738264884.611375,1155841.000,46279,1,T1,1,100,36.773
1738264884.744380,1155974.000,46294,1,T1,1,100,36.725
1738264884.877385,1156107.000,46311,1,T1,1,100,36.739
1738264885.011390,1156241.000,46341,1,T1,1,100,36.674
1738264885.144395,1156374.000,46358,1,T1,1,100,36.753
1738264885.277400,1156507.000,46375,1,T1,1,100,36.751
1738264885.411405,1156641.000,46405,1,T1,1,100,36.786
1738264885.544410,1156774.000,46421,1,T1,1,100,36.730
1738264885.677415,1156907.000,46439,1,T1,1,100,36.741
1738264885.811420,1157041.000,46454,1,T1,1,100,36.853
1738264885.944426,1157174.000,46485,1,T1,1,100,36.830
1738264886.077430,1157307.000,46501,1,T1,1,100,36.820
1738264886.210436,1157440.000,46517,1,T1,1,100,36.887
1738264886.344441,1157574.000,46549,1,T1,1,100,36.809
1738264886.477446,1157707.000,46565,1,T1,1,100,36.705
1738264886.610451,1157840.000,46581,1,T1,1,100,36.695
1738264886.744456,1157974.000,46611,1,T1,1,100,36.762
1738264886.877461,1158107.000,46628,1,T1,1,100,36.790
1738264887.010466,1158240.000,46643,1,T1,1,100,36.697
1738264887.144471,1158374.000,46676,1,T1,1,100,36.691
1738264887.277476,1158507.000,46692,1,T1,1,100,36.725
1738264887.410481,1158640.000,46707,1,T1,1,100,36.704
1738264887.544486,1158774.000,46723,1,T1,1,100,36.730
1738264887.677491,1158907.000,46758,1,T1,1,100,36.741
1738264887.810496,1159040.000,46773,1,T1,1,100,36.782
1738264887.944501,1159174.000,46790,1,T1,1,100,36.835
1738264888.077507,1159307.000,46820,1,T1,1,100,36.822
1738264888.210511,1159440.000,46836,1,T1,1,100,36.817
1738264888.344517,1159574.000,46854,1,T1,1,100,36.850
1738264888.477522,1159707.000,46885,1,T1,1,100,36.829
1738264888.610527,1159840.000,46900,1,T1,1,100,36.784
1738264888.744532,1159974.000,46916,1,T1,1,100,36.871
1738264888.877537,1160107.000,46949,1,T1,1,100,36.909
1738264889.010542,1160240.000,46972,1,T1,1,100,36.819
1738264889.144547,1160374.000,46988,1,T1,1,100,36.851
1738264889.277552,1160507.000,47004,1,T1,1,100,36.935
1738264889.410557,1160640.000,47019,1,T1,1,100,36.901
1738264889.544562,1160774.000,47035,1,T1,1,100,36.886
1738264889.677567,1160907.000,47066,1,T1,1,100,36.880
1738264889.810572,1161040.000,47081,1,T1,1,100,36.877
1738264889.944577,1161174.000,47098,1,T1,1,100,36.840
1738264890.077582,1161307.000,47130,1,T1,1,100,36.825
1738264890.210587,1161440.000,47148,1,T1,1,100,36.782
1738264890.343592,1161573.000,47164,1,T1,1,100,36.835
1738264890.477597,1161707.000,47195,1,T1,1,100,36.893
1738264890.610603,1161840.000,47210,1,T1,1,100,36.776
1738264890.743608,1161973.000,47226,1,T1,1,100,36.832
1738264890.877613,1162107.000,47257,1,T1,1,100,36.892
1738264891.010618,1162240.000,47272,1,T1,1,100,36.847
1738264891.143623,1162373.000,47288,1,T1,1,100,36.756
1738264891.277628,1162507.000,47306,1,T1,1,100,36.753
1738264891.410633,1162640.000,47338,1,T1,1,100,36.751
1738264891.543638,1162773.000,47355,1,T1,1,100,36.786
1738264891.677643,1162907.000,47370,1,T1,1,100,36.801
1738264891.810648,1163040.000,47401,1,T1,1,100,36.914
1738264891.943653,1163173.000,47417,1,T1,1,100,36.785
1738264892.077658,1163307.000,47432,1,T1,1,100,36.801
1738264892.210663,1163440.000,47463,1,T1,1,100,36.772
1738264892.343668,1163573.000,47481,1,T1,1,100,36.689
1738264892.476673,1163706.000,47496,1,T1,1,100,36.688
1738264892.610678,1163840.000,47527,1,T1,1,100,36.865
1738264892.743683,1163973.000,47543,1,T1,1,100,36.835
1738264892.877688,1164107.000,47559,1,T1,1,100,36.893
1738264893.010694,1164240.000,47589,1,T1,1,100,36.918
1738264893.143699,1164373.000,47605,1,T1,1,100,36.858
1738264893.276704,1164506.000,47623,1,T1,1,100,36.726
1738264893.410709,1164640.000,47639,1,T1,1,100,36.669
1738264893.543714,1164773.000,47670,1,T1,1,100,36.715
1738264893.676719,1164906.000,47685,1,T1,1,100,36.770
1738264893.810724,1165040.000,47701,1,T1,1,100,36.723
1738264893.943729,1165173.000,47732,1,T1,1,100,36.738
1738264894.076734,1165306.000,47747,1,T1,1,100,36.816
1738264894.210739,1165440.000,47769,1,T1,1,100,36.885
1738264894.343744,1165573.000,47784,1,T1,1,100,36.844
1738264894.476749,1165706.000,47800,1,T1,1,100,36.897
1738264894.610754,1165840.000,47831,1,T1,1,100,36.849
1738264894.743759,1165973.000,47846,1,T1,1,100,36.864
1738264894.876764,1166106.000,47863,1,T1,1,100,36.799
1738264895.010769,1166240.000,47895,1,T1,1,100,36.878
1738264895.143775,1166373.000,47910,1,T1,1,100,36.876
1738264895.276779,1166506.000,47927,1,T1,1,100,36.840
1738264895.410784,1166640.000,47957,1,T1,1,100,36.789
1738264895.543790,1166773.000,47973,1,T1,1,100,36.909
1738264895.676795,1166906.000,47989,1,T1,1,100,36.925
1738264895.809800,1167039.000,48020,1,T1,1,100,36.790
1738264895.943805,1167173.000,48035,1,T1,1,100,36.732
1738264896.076810,1167306.000,48051,1,T1,1,100,36.742
1738264896.209815,1167439.000,48086,1,T1,1,100,36.888
1738264896.343820,1167573.000,48101,1,T1,1,100,36.810
1738264896.476825,1167706.000,48117,1,T1,1,100,36.776
1738264896.609830,1167839.000,48133,1,T1,1,100,36.761
1738264896.743835,1167973.000,48165,1,T1,1,100,36.790
1738264896.876840,1168106.000,48182,1,T1,1,100,36.732
1738264897.009845,1168239.000,48197,1,T1,1,100,36.707
1738264897.143850,1168373.000,48230,1,T1,1,100,36.802
1738264897.276855,1168506.000,48246,1,T1,1,100,36.737
1738264897.409860,1168639.000,48261,1,T1,1,100,36.744
1738264897.543865,1168773.000,48292,1,T1,1,100,36.819
1738264897.676871,1168906.000,48308,1,T1,1,100,36.780
1738264897.809875,1169039.000,48323,1,T1,1,100,36.727
1738264897.943881,1169173.000,48356,1,T1,1,100,36.740
1738264898.076886,1169306.000,48372,1,T1,1,100,36.746
1738264898.209891,1169439.000,48388,1,T1,1,100,36.819
1738264898.343896,1169573.000,48422,1,T1,1,100,36.815
1738264898.476901,1169706.000,48438,1,T1,1,100,36.778
1738264898.609906,1169839.000,48454,1,T1,1,100,36.691
1738264898.743911,1169973.000,48470,1,T1,1,100,36.831
1738264898.876916,1170106.000,48501,1,T1,1,100,36.820
1738264899.009921,1170239.000,48516,1,T1,1,100,36.816
1738264899.143926,1170373.000,48534,1,T1,1,100,36.920
1738264899.276931,1170506.000,48568,1,T1,1,100,36.895
1738264899.409936,1170639.000,48583,1,T1,1,100,36.813
1738264899.543941,1170773.000,48600,1,T1,1,100,36.813
1738264899.676946,1170906.000,48615,1,T1,1,100,36.777
1738264899.809951,1171039.000,48631,1,T1,1,100,36.797
1738264899.942956,1171172.000,48664,1,T1,1,100,36.806
1738264900.076962,1171306.000,48679,1,T1,1,100,36.739
1738264900.209967,1171439.000,48696,1,T1,1,100,36.745
1738264900.342972,1171572.000,48728,1,T1,1,100,36.783
1738264900.476977,1171706.000,48743,1,T1,1,100,36.729
1738264900.609982,1171839.000,48760,1,T1,1,100,36.741
1738264900.742987,1171972.000,48794,1,T1,1,100,36.746
1738264900.876992,1172106.000,48810,1,T1,1,100,36.855
1738264901.009997,1172239.000,48826,1,T1,1,100,36.760
1738264901.143002,1172372.000,48857,1,T1,1,100,36.790
1738264901.277007,1172506.000,48872,1,T1,1,100,36.838
1738264901.410012,1172639.000,48888,1,T1,1,100,36.788
1738264901.543017,1172772.000,48921,1,T1,1,100,36.766
1738264901.677022,1172906.000,48936,1,T1,1,100,36.757
1738264901.810027,1173039.000,48952,1,T1,1,100,36.859
1738264901.943032,1173172.000,48968,1,T1,1,100,36.833
1738264902.077037,1173306.000,49000,1,T1,1,100,36.928
1738264902.210042,1173439.000,49017,1,T1,1,100,36.862
1738264902.343047,1173572.000,49032,1,T1,1,100,36.940
1738264902.476053,1173705.000,49063,1,T1,1,100,37.010
1738264902.610058,1173839.000,49079,1,T1,1,100,36.862
1738264902.743063,1173972.000,49094,1,T1,1,100,36.834
1738264902.876068,1174105.000,49125,1,T1,1,100,36.857
1738264903.010073,1174239.000,49141,1,T1,1,100,36.867
1738264903.143078,1174372.000,49156,1,T1,1,100,36.801
1738264903.277083,1174506.000,49191,1,T1,1,100,36.772
1738264903.410088,1174639.000,49207,1,T1,1,100,36.830
1738264903.543093,1174772.000,49223,1,T1,1,100,36.785
1738264903.676098,1174905.000,49239,1,T1,1,100,36.765
1738264903.810103,1175039.000,49269,1,T1,1,100,36.721
1738264903.943108,1175172.000,49287,1,T1,1,100,36.737
1738264904.076113,1175305.000,49305,1,T1,1,100,36.851
1738264904.210118,1175439.000,49336,1,T1,1,100,36.829
1738264904.343123,1175572.000,49351,1,T1,1,100,36.820
1738264904.476128,1175705.000,49373,1,T1,1,100,36.709
1738264904.610133,1175839.000,49388,1,T1,1,100,36.803
1738264904.743139,1175972.000,49406,1,T1,1,100,36.809
1738264904.876143,1176105.000,49437,1,T1,1,100,36.775
1738264905.010149,1176239.000,49452,1,T1,1,100,36.903
1738264905.143154,1176372.000,49468,1,T1,1,100,36.887
1738264905.276159,1176505.000,49484,1,T1,1,100,36.845
1738264905.410164,1176639.000,49516,1,T1,1,100,36.826
1738264905.543169,1176772.000,49535,1,T1,1,100,36.925
1738264905.676174,1176905.000,49550,1,T1,1,100,36.932
1738264905.810179,1177039.000,49581,1,T1,1,100,36.864
1738264905.943184,1177172.000,49597,1,T1,1,100,36.835
1738264906.076189,1177305.000,49614,1,T1,1,100,36.858
1738264906.209194,1177438.000,49645,1,T1,1,100,36.867
1738264906.343199,1177572.000,49661,1,T1,1,100,36.801
1738264906.476204,1177705.000,49678,1,T1,1,100,36.772
1738264906.609209,1177838.000,49709,1,T1,1,100,36.866
1738264906.743214,1177972.000,49725,1,T1,1,100,36.800
1738264906.876219,1178105.000,49741,1,T1,1,100,36.701
1738264907.009224,1178238.000,49773,1,T1,1,100,36.800
1738264907.143229,1178372.000,49789,1,T1,1,100,36.878
1738264907.276235,1178505.000,49805,1,T1,1,100,36.876
1738264907.409240,1178638.000,49837,1,T1,1,100,36.769
1738264907.543245,1178772.000,49854,1,T1,1,100,36.900
1738264907.676250,1178905.000,49869,1,T1,1,100,36.921
1738264907.809255,1179038.000,49885,1,T1,1,100,36.931
1738264907.943260,1179172.000,49916,1,T1,1,100,36.828
1738264908.076265,1179305.000,49931,1,T1,1,100,36.819
1738264908.209270,1179438.000,49950,1,T1,1,100,36.886
1738264908.343275,1179572.000,49982,1,T1,1,100,36.915
1738264908.476280,1179705.000,49999,1,T1,1,100,36.857
1738264908.609285,1179838.000,50016,1,T1,1,100,36.867
1738264908.743290,1179972.000,50048,1,T1,1,100,36.907
1738264908.876295,1180105.000,50064,1,T1,1,100,36.853
1738264909.009300,1180238.000,50082,1,T1,1,100,36.830
1738264909.143305,1180372.000,50113,1,T1,1,100,36.820
1738264909.276310,1180505.000,50128,1,T1,1,100,36.851
1738264909.409315,1180638.000,50144,1,T1,1,100,36.758
1738264909.542320,1180771.000,50168,1,T1,1,100,36.754
1738264909.676326,1180905.000,50183,1,T1,1,100,36.787
1738264909.809331,1181038.000,50199,1,T1,1,100,36.766
1738264909.942336,1181171.000,50215,1,T1,1,100,36.828
1738264910.076341,1181305.000,50245,1,T1,1,100,36.890
1738264910.209346,1181438.000,50262,1,T1,1,100,36.882
1738264910.342351,1181571.000,50277,1,T1,1,100,36.771
1738264910.476356,1181705.000,50308,1,T1,1,100,36.795
1738264910.609361,1181838.000,50324,1,T1,1,100,36.805
1738264910.742366,1181971.000,50339,1,T1,1,100,36.880
1738264910.876371,1182105.000,50355,1,T1,1,100,36.842
1738264911.009376,1182238.000,50386,1,T1,1,100,36.861
1738264911.142381,1182371.000,50403,1,T1,1,100,36.762
1738264911.276386,1182505.000,50420,1,T1,1,100,36.791
1738264911.409391,1182638.000,50452,1,T1,1,100,36.839
1738264911.542396,1182771.000,50468,1,T1,1,100,36.824
1738264911.676401,1182905.000,50484,1,T1,1,100,36.888
1738264911.809407,1183038.000,50515,1,T1,1,100,36.987
1738264911.942411,1183171.000,50532,1,T1,1,100,36.924
1738264912.076416,1183305.000,50548,1,T1,1,100,36.896
1738264912.209422,1183438.000,50579,1,T1,1,100,36.813
1738264912.342427,1183571.000,50594,1,T1,1,100,36.777
1738264912.475432,1183704.000,50610,1,T1,1,100,36.833
1738264912.609437,1183838.000,50643,1,T1,1,100,36.750
1738264912.742442,1183971.000,50658,1,T1,1,100,36.821
1738264912.875447,1184104.000,50675,1,T1,1,100,36.781
1738264913.009452,1184238.000,50690,1,T1,1,100,36.763
1738264913.142457,1184371.000,50720,1,T1,1,100,36.791
1738264913.275462,1184504.000,50739,1,T1,1,100,36.839
1738264913.409467,1184638.000,50756,1,T1,1,100,36.788
1738264913.542472,1184771.000,50787,1,T1,1,100,36.731
1738264913.675477,1184904.000,50803,1,T1,1,100,36.742
1738264913.809482,1185038.000,50820,1,T1,1,100,36.746
1738264913.942487,1185171.000,50853,1,T1,1,100,36.855
1738264914.075492,1185304.000,50869,1,T1,1,100,36.866
1738264914.209497,1185438.000,50887,1,T1,1,100,36.871
1738264914.342503,1185571.000,50917,1,T1,1,100,36.838
1738264914.475507,1185704.000,50933,1,T1,1,100,36.894
1738264914.609513,1185838.000,50949,1,T1,1,100,36.919
1738264914.742518,1185971.000,50972,1,T1,1,100,36.788
1738264914.875523,1186104.000,50990,1,T1,1,100,36.837
1738264915.009528,1186238.000,51022,1,T1,1,100,36.894
1738264915.142533,1186371.000,51038,1,T1,1,100,36.919
1738264915.275538,1186504.000,51054,1,T1,1,100,36.858
1738264915.409543,1186638.000,51070,1,T1,1,100,36.832
1738264915.542548,1186771.000,51101,1,T1,1,100,36.963
1738264915.675553,1186904.000,51116,1,T1,1,100,36.842
1738264915.809558,1187038.000,51132,1,T1,1,100,36.861
1738264915.942563,1187171.000,51165,1,T1,1,100,36.904
1738264916.075568,1187304.000,51180,1,T1,1,100,36.781
1738264916.209573,1187438.000,51197,1,T1,1,100,36.834
1738264916.342578,1187571.000,51231,2,T1,1,100,36.893
1738264916.475583,1187704.000,51231,2,T1,1,100,36.812
1738264916.608588,1187837.000,51262,1,T1,1,100,36.777
1738264916.742594,1187971.000,51277,1,T1,1,100,36.797
1738264916.875599,1188104.000,51294,1,T1,1,100,36.770
1738264917.008604,1188237.000,51326,1,T1,1,100,36.759
1738264917.142609,1188371.000,51341,1,T1,1,100,36.789
1738264917.275614,1188504.000,51360,1,T1,1,100,36.873
1738264917.408619,1188637.000,51390,1,T1,1,100,36.839
1738264917.542624,1188771.000,51408,1,T1,1,100,36.824
1738264917.675629,1188904.000,51424,1,T1,1,100,36.888
1738264917.808634,1189037.000,51455,1,T1,1,100,36.774
1738264917.942639,1189171.000,51472,1,T1,1,100,36.902
1738264918.075644,1189304.000,51488,1,T1,1,100,36.887
1738264918.208649,1189437.000,51503,1,T1,1,100,36.845
1738264918.342654,1189571.000,51536,1,T1,1,100,36.756
1738264918.475659,1189704.000,51554,1,T1,1,100,36.823
1738264918.608664,1189837.000,51570,1,T1,1,100,36.888
1738264918.742669,1189971.000,51602,1,T1,1,100,36.881
1738264918.875674,1190104.000,51619,1,T1,1,100,36.807
1738264919.008679,1190237.000,51636,1,T1,1,100,36.810
1738264919.141685,1190370.000,51667,1,T1,1,100,36.989
1738264919.275690,1190504.000,51683,1,T1,1,100,36.853
1738264919.408695,1190637.000,51698,1,T1,1,100,36.759
1738264919.541700,1190770.000,51731,1,T1,1,100,36.860
1738264919.675705,1190904.000,51747,1,T1,1,100,36.798
1738264919.808710,1191037.000,51768,1,T1,1,100,36.771
1738264919.941715,1191170.000,51784,1,T1,1,100,36.794
1738264920.075720,1191304.000,51801,1,T1,1,100,36.805
1738264920.208725,1191437.000,51832,1,T1,1,100,36.880
1738264920.341730,1191570.000,51848,1,T1,1,100,36.913
1738264920.475735,1191704.000,51863,1,T1,1,100,36.820
1738264920.608740,1191837.000,51880,1,T1,1,100,36.745
1738264920.741745,1191970.000,51910,1,T1,1,100,36.748
1738264920.875750,1192104.000,51926,1,T1,1,100,36.785
1738264921.008755,1192237.000,51942,1,T1,1,100,36.765
1738264921.141760,1192370.000,51975,1,T1,1,100,36.827
1738264921.275765,1192504.000,51990,1,T1,1,100,36.819
1738264921.408771,1192637.000,52006,1,T1,1,100,36.815
1738264921.541775,1192770.000,52041,1,T1,1,100,36.814
1738264921.675781,1192904.000,52056,1,T1,1,100,36.778
1738264921.808786,1193037.000,52072,1,T1,1,100,36.762
1738264921.941791,1193170.000,52105,1,T1,1,100,36.826
1738264922.075796,1193304.000,52120,1,T1,1,100,36.818
1738264922.208801,1193437.000,52137,1,T1,1,100,36.886
1738264922.341806,1193570.000,52169,1,T1,1,100,36.880
1738264922.475811,1193704.000,52184,1,T1,1,100,36.913
1738264922.608816,1193837.000,52201,1,T1,1,100,36.927
1738264922.741821,1193970.000,52216,1,T1,1,100,36.897
1738264922.875826,1194104.000,52247,1,T1,1,100,36.849
1738264923.008831,1194237.000,52265,1,T1,1,100,36.899
1738264923.141836,1194370.000,52280,1,T1,1,100,36.779
1738264923.274841,1194503.000,52315,1,T1,1,100,36.834
1738264923.408846,1194637.000,52331,1,T1,1,100,36.893
1738264923.541852,1194770.000,52347,1,T1,1,100,36.883
1738264923.674856,1194903.000,52379,1,T1,1,100,36.843
1738264923.808861,1195037.000,52395,1,T1,1,100,36.861
1738264923.941867,1195170.000,52411,1,T1,1,100,36.834
1738264924.074872,1195303.000,52443,1,T1,1,100,36.857
1738264924.208877,1195437.000,52460,1,T1,1,100,36.832
1738264924.341882,1195570.000,52479,1,T1,1,100,36.927
1738264924.474887,1195703.000,52512,1,T1,1,100,36.862
1738264924.608892,1195837.000,52528,1,T1,1,100,36.799
1738264924.741897,1195970.000,52543,1,T1,1,100,36.736
1738264924.875402,1196103.500,52580,2,T1,1,100,36.886
1738264925.008907,1196237.000,52580,2,T1,1,100,36.880
1738264925.141912,1196370.000,52611,1,T1,1,100,36.842
1738264925.274917,1196503.000,52626,1,T1,1,100,36.790
1738264925.408922,1196637.000,52642,1,T1,1,100,36.909
1738264925.541927,1196770.000,52673,1,T1,1,100,36.925
1738264925.674932,1196903.000,52688,1,T1,1,100,36.932
1738264925.808937,1197037.000,52704,1,T1,1,100,37.006
1738264925.941942,1197170.000,52735,1,T1,1,100,36.896
1738264926.074947,1197303.000,52750,1,T1,1,100,36.849
1738264926.207952,1197436.000,52769,1,T1,1,100,36.899
1738264926.341958,1197570.000,52799,1,T1,1,100,36.885
1738264926.474963,1197703.000,52814,1,T1,1,100,36.844
1738264926.607968,1197836.000,52831,1,T1,1,100,36.791
1738264926.741973,1197970.000,52846,1,T1,1,100,36.768
1738264926.874978,1198103.000,52879,1,T1,1,100,36.829
1738264927.007983,1198236.000,52895,1,T1,1,100,36.890
1738264927.141988,1198370.000,52912,1,T1,1,100,36.846
1738264927.274993,1198503.000,52943,1,T1,1,100,36.863
1738264927.407998,1198636.000,52959,1,T1,1,100,36.870
1738264927.542003,1198770.000,52975,1,T1,1,100,36.837
1738264927.675008,1198903.000,53005,1,T1,1,100,36.823
1738264927.808013,1199036.000,53021,1,T1,1,100,36.746
1738264927.942018,1199170.000,53037,1,T1,1,100,36.748
1738264928.075023,1199303.000,53067,1,T1,1,100,36.820
1738264928.208028,1199436.000,53084,1,T1,1,100,36.780
1738264928.342033,1199570.000,53101,1,T1,1,100,36.834
1738264928.475039,1199703.000,53132,1,T1,1,100,36.857
1738264928.608043,1199836.000,53148,1,T1,1,100,36.832
1738264928.742049,1199970.000,53163,1,T1,1,100,36.821
1738264928.875054,1200103.000,53179,1,T1,1,100,36.923
1738264929.008059,1200236.000,53210,1,T1,1,100,36.896
1738264929.141064,1200369.000,53225,1,T1,1,100,36.884
1738264929.275069,1200503.000,53242,1,T1,1,100,36.914
1738264929.408074,1200636.000,53272,1,T1,1,100,36.927
1738264929.541079,1200769.000,53288,1,T1,1,100,36.827
1738264929.675084,1200903.000,53304,1,T1,1,100,36.819
1738264929.808089,1201036.000,53335,1,T1,1,100,36.815
1738264929.941094,1201169.000,53352,1,T1,1,100,36.814
1738264930.075099,1201303.000,53377,1,T1,1,100,36.778
1738264930.208104,1201436.000,53393,1,T1,1,100,36.833
1738264930.341109,1201569.000,53409,1,T1,1,100,36.750
1738264930.475114,1201703.000,53440,1,T1,1,100,36.786
1738264930.608119,1201836.000,53455,1,T1,1,100,36.836
1738264930.741124,1201969.000,53473,1,T1,1,100,36.823
1738264930.875129,1202103.000,53504,1,T1,1,100,36.782
1738264931.008135,1202236.000,53519,1,T1,1,100,36.799
1738264931.141140,1202369.000,53535,1,T1,1,100,36.842
1738264931.275145,1202503.000,53568,1,T1,1,100,36.861
1738264931.408150,1202636.000,53583,1,T1,1,100,36.833
1738264931.541155,1202769.000,53600,1,T1,1,100,36.857
1738264931.675160,1202903.000,53615,1,T1,1,100,36.867
1738264931.808165,1203036.000,53646,1,T1,1,100,36.907
1738264931.941170,1203169.000,53662,1,T1,1,100,36.853
1738264932.075175,1203303.000,53677,1,T1,1,100,36.901
1738264932.208180,1203436.000,53710,1,T1,1,100,36.922
1738264932.341185,1203569.000,53726,1,T1,1,100,36.753
1738264932.474190,1203702.000,53741,1,T1,1,100,36.822
1738264932.608195,1203836.000,53772,1,T1,1,100,36.888
1738264932.741200,1203969.000,53788,1,T1,1,100,36.880
1738264932.875205,1204103.000,53804,1,T1,1,100,36.877
1738264933.008210,1204236.000,53834,1,T1,1,100,36.841
1738264933.141216,1204369.000,53850,1,T1,1,100,36.896
1738264933.274220,1204502.000,53872,1,T1,1,100,36.848
1738264933.408226,1204636.000,53888,1,T1,1,100,36.722
1738264933.541231,1204769.000,53919,1,T1,1,100,36.773
1738264933.674236,1204902.000,53936,1,T1,1,100,36.902
1738264933.808241,1205036.000,53952,1,T1,1,100,36.922
1738264933.941246,1205169.000,53983,1,T1,1,100,36.966
1738264934.074251,1205302.000,53998,1,T1,1,100,36.808
1738264934.208256,1205436.000,54019,1,T1,1,100,36.952
1738264934.341261,1205569.000,54049,1,T1,1,100,36.873
1738264934.474266,1205702.000,54064,1,T1,1,100,36.768
1738264934.608271,1205836.000,54083,1,T1,1,100,36.758
1738264934.741276,1205969.000,54113,1,T1,1,100,36.824
1738264934.874281,1206102.000,54129,1,T1,1,100,36.818
1738264935.008286,1206236.000,54145,1,T1,1,100,36.886
1738264935.141291,1206369.000,54183,2,T1,1,100,36.773
1738264935.274296,1206502.000,54183,2,T1,1,100,36.902
1738264935.408301,1206636.000,54213,1,T1,1,100,36.851
1738264935.541306,1206769.000,54231,1,T1,1,100,36.829
1738264935.674312,1206902.000,54249,1,T1,1,100,36.855
1738264935.807317,1207035.000,54280,1,T1,1,100,36.902
1738264935.941322,1207169.000,54295,1,T1,1,100,36.922
1738264936.074327,1207302.000,54311,1,T1,1,100,36.895
1738264936.207332,1207435.000,54344,1,T1,1,100,36.848
1738264936.341337,1207569.000,54359,1,T1,1,100,36.757
1738264936.474342,1207702.000,54375,1,T1,1,100,36.859
1738264936.607347,1207835.000,54391,1,T1,1,100,36.833
1738264936.741352,1207969.000,54421,1,T1,1,100,36.857
1738264936.874357,1208102.000,54440,1,T1,1,100,36.867
1738264937.008362,1208236.000,54457,1,T1,1,100,36.801
1738264937.141367,1208369.000,54488,1,T1,1,100,36.878
1738264937.274372,1208502.000,54504,1,T1,1,100,36.806
1738264937.407377,1208635.000,54519,1,T1,1,100,36.809
1738264937.541382,1208769.000,54550,1,T1,1,100,36.811
1738264937.674387,1208902.000,54566,1,T1,1,100,36.776
1738264937.807392,1209035.000,54581,1,T1,1,100,36.832
1738264937.941397,1209169.000,54612,1,T1,1,100,36.821
1738264938.074403,1209302.000,54628,1,T1,1,100,36.852
1738264938.207407,1209435.000,54646,1,T1,1,100,36.829
1738264938.341413,1209569.000,54680,1,T1,1,100,36.855
1738264938.474418,1209702.000,54696,1,T1,1,100,36.866
1738264938.607423,1209835.000,54714,1,T1,1,100,36.907
1738264938.741428,1209969.000,54744,1,T1,1,100,36.889
1738264938.874433,1210102.000,54761,1,T1,1,100,36.916
1738264939.007438,1210235.000,54776,1,T1,1,100,36.964
1738264939.140443,1210368.000,54792,1,T1,1,100,36.878
1738264939.274448,1210502.000,54825,1,T1,1,100,36.805
1738264939.407453,1210635.000,54840,1,T1,1,100,36.916
1738264939.540458,1210768.000,54857,1,T1,1,100,36.928
1738264939.674463,1210902.000,54887,1,T1,1,100,36.898
1738264939.807468,1211035.000,54904,1,T1,1,100,36.814
1738264939.940473,1211168.000,54921,1,T1,1,100,36.849
1738264940.074478,1211302.000,54951,1,T1,1,100,36.864
1738264940.207484,1211435.000,54967,1,T1,1,100,36.835
1738264940.340488,1211568.000,54986,1,T1,1,100,36.822
1738264940.474494,1211702.000,55001,1,T1,1,100,36.817
1738264940.607499,1211835.000,55018,1,T1,1,100,36.885
1738264940.740504,1211968.000,55048,1,T1,1,100,36.844
1738264940.874509,1212102.000,55064,1,T1,1,100,36.862
1738264941.007514,1212235.000,55082,1,T1,1,100,36.940
1738264941.140519,1212368.000,55115,1,T1,1,100,36.868
1738264941.274524,1212502.000,55130,1,T1,1,100,36.801
1738264941.407529,1212635.000,55146,1,T1,1,100,36.772
1738264941.540534,1212768.000,55177,1,T1,1,100,36.901
1738264941.674539,1212902.000,55192,1,T1,1,100,36.922
1738264941.807544,1213035.000,55210,1,T1,1,100,36.860
1738264941.940549,1213168.000,55226,1,T1,1,100,36.833
1738264942.074554,1213302.000,55256,1,T1,1,100,36.892
1738264942.207559,1213435.000,55275,1,T1,1,100,36.882
1738264942.340564,1213568.000,55290,1,T1,1,100,36.843
1738264942.473569,1213701.000,55321,1,T1,1,100,36.790
1738264942.607574,1213835.000,55339,1,T1,1,100,36.838
1738264942.740580,1213968.000,55354,1,T1,1,100,36.895
1738264942.874585,1214102.000,55385,1,T1,1,100,36.919
1738264943.007590,1214235.000,55401,1,T1,1,100,36.929
1738264943.140595,1214368.000,55416,1,T1,1,100,36.863
1738264943.273600,1214501.000,55433,1,T1,1,100,36.870
1738264943.407605,1214635.000,55467,1,T1,1,100,36.837
1738264943.540610,1214768.000,55483,1,T1,1,100,36.859
1738264943.673615,1214901.000,55501,1,T1,1,100,36.832
1738264943.807620,1215035.000,55532,1,T1,1,100,36.857
1738264943.940625,1215168.000,55547,1,T1,1,100,36.725
1738264944.073630,1215301.000,55563,1,T1,1,100,36.739
1738264944.207635,1215435.000,55596,1,T1,1,100,36.852
1738264944.340640,1215568.000,55611,1,T1,1,100,36.794
1738264944.473645,1215701.000,55627,1,T1,1,100,36.805
1738264944.607650,1215835.000,55660,1,T1,1,100,36.915
1738264944.740655,1215968.000,55675,1,T1,1,100,36.892
1738264944.873660,1216101.000,55692,1,T1,1,100,36.989
1738264945.007665,1216235.000,55707,1,T1,1,100,36.818
1738264945.140671,1216368.000,55739,1,T1,1,100,36.957
1738264945.273676,1216501.000,55756,1,T1,1,100,36.910
1738264945.407681,1216635.000,55779,1,T1,1,100,36.926
1738264945.540686,1216768.000,55797,1,T1,1,100,36.897
1738264945.673691,1216901.000,55813,1,T1,1,100,36.920
1738264945.806696,1217034.000,55828,1,T1,1,100,37.001
1738264945.940701,1217168.000,55861,1,T1,1,100,36.894
1738264946.073706,1217301.000,55877,1,T1,1,100,36.883
1738264946.206711,1217434.000,55893,1,T1,1,100,36.914
1738264946.340716,1217568.000,55909,1,T1,1,100,36.927
1738264946.473721,1217701.000,55941,1,T1,1,100,36.791
1738264946.606726,1217834.000,55958,1,T1,1,100,36.768
1738264946.740731,1217968.000,55975,1,T1,1,100,36.864
1738264946.873736,1218101.000,56008,1,T1,1,100,36.799
1738264947.006741,1218234.000,56024,1,T1,1,100,36.771
1738264947.140746,1218368.000,56043,1,T1,1,100,36.759
1738264947.273751,1218501.000,56076,1,T1,1,100,36.789
1738264947.406756,1218634.000,56092,1,T1,1,100,36.803
1738264947.540761,1218768.000,56110,1,T1,1,100,36.773
1738264947.673767,1218901.000,56144,1,T1,1,100,36.831
1738264947.806772,1219034.000,56160,1,T1,1,100,36.891
1738264947.940777,1219168.000,56178,1,T1,1,100,36.882
1738264948.073782,1219301.000,56195,1,T1,1,100,36.807
1738264948.206787,1219434.000,56212,1,T1,1,100,36.810
1738264948.340792,1219568.000,56231,1,T1,1,100,36.847
1738264948.473797,1219701.000,56263,1,T1,1,100,36.792
1738264948.606802,1219834.000,56280,1,T1,1,100,36.875
1738264948.740807,1219968.000,56297,1,T1,1,100,36.875
1738264948.873812,1220101.000,56330,1,T1,1,100,36.769
1738264949.006817,1220234.000,56346,1,T1,1,100,36.723
1738264949.139822,1220367.000,56363,1,T1,1,100,36.809
1738264949.273827,1220501.000,56396,1,T1,1,100,36.705
1738264949.406832,1220634.000,56412,1,T1,1,100,36.730
1738264949.539837,1220767.000,56430,1,T1,1,100,36.812
1738264949.673842,1220901.000,56462,1,T1,1,100,36.777
1738264949.806848,1221034.000,56478,1,T1,1,100,36.797
1738264949.939852,1221167.000,56496,1,T1,1,100,36.806
1738264950.073858,1221301.000,56528,1,T1,1,100,36.845
1738264950.206863,1221434.000,56545,1,T1,1,100,36.898
1738264950.339868,1221567.000,56561,1,T1,1,100,36.814
1738264950.473873,1221701.000,56576,1,T1,1,100,36.884
1738264950.606878,1221834.000,56598,1,T1,1,100,36.843
1738264950.739883,1221967.000,56628,1,T1,1,100,36.861
1738264950.873888,1222101.000,56644,1,T1,1,100,36.905
1738264951.006893,1222234.000,56662,1,T1,1,100,36.746
1738264951.139898,1222367.000,56677,1,T1,1,100,36.784
1738264951.273903,1222501.000,56708,1,T1,1,100,36.835
1738264951.406908,1222634.000,56724,1,T1,1,100,36.893
1738264951.539913,1222767.000,56739,1,T1,1,100,36.918
1738264951.673918,1222901.000,56770,1,T1,1,100,36.823
1738264951.806923,1223034.000,56786,1,T1,1,100,36.888
1738264951.939928,1223167.000,56802,1,T1,1,100,36.987
1738264952.073933,1223301.000,56832,1,T1,1,100,36.923
1738264952.206939,1223434.000,56849,1,T1,1,100,36.825
1738264952.339944,1223567.000,56864,1,T1,1,100,36.782
1738264952.472949,1223700.000,56895,1,T1,1,100,36.835
1738264952.606954,1223834.000,56911,1,T1,1,100,36.893
1738264952.739959,1223967.000,56926,1,T1,1,100,36.918
1738264952.872964,1224100.000,56957,1,T1,1,100,36.929
1738264953.006969,1224234.000,56973,1,T1,1,100,37.005
1738264953.139974,1224367.000,56988,1,T1,1,100,37.038
1738264953.272979,1224500.000,57021,1,T1,1,100,36.945
1738264953.406984,1224634.000,57037,1,T1,1,100,36.941
1738264953.539989,1224767.000,57053,1,T1,1,100,37.045
1738264953.672994,1224900.000,57069,1,T1,1,100,36.913
1738264953.806999,1225034.000,57099,1,T1,1,100,36.821
1738264953.940004,1225167.000,57115,1,T1,1,100,36.851
1738264954.073009,1225300.000,57131,1,T1,1,100,36.829
1738264954.207014,1225434.000,57162,1,T1,1,100,36.891
1738264954.340019,1225567.000,57177,1,T1,1,100,36.846
1738264954.473024,1225700.000,57193,1,T1,1,100,36.792
1738264954.607029,1225834.000,57224,1,T1,1,100,36.874
1738264954.740035,1225967.000,57239,1,T1,1,100,36.910
1738264954.873040,1226100.000,57256,1,T1,1,100,36.819
1738264955.007045,1226234.000,57286,1,T1,1,100,36.851
1738264955.140050,1226367.000,57301,1,T1,1,100,36.900
1738264955.273055,1226500.000,57318,1,T1,1,100,36.779
1738264955.407060,1226634.000,57333,1,T1,1,100,36.869
1738264955.540065,1226767.000,57364,1,T1,1,100,36.872
1738264955.673070,1226900.000,57387,1,T1,1,100,36.874
1738264955.807075,1227034.000,57403,1,T1,1,100,36.839
1738264955.940080,1227167.000,57419,1,T1,1,100,36.859
1738264956.073085,1227300.000,57434,1,T1,1,100,36.904
1738264956.206090,1227433.000,57467,1,T1,1,100,36.923
1738264956.340095,1227567.000,57483,1,T1,1,100,36.825
1738264956.473100,1227700.000,57498,1,T1,1,100,36.818
1738264956.606105,1227833.000,57529,1,T1,1,100,36.779
1738264956.740110,1227967.000,57545,1,T1,1,100,36.905
1738264956.873116,1228100.000,57561,1,T1,1,100,36.817
1738264957.006120,1228233.000,57577,1,T1,1,100,36.743
1738264957.140126,1228367.000,57607,1,T1,1,100,36.854
1738264957.273131,1228500.000,57623,1,T1,1,100,36.866
1738264957.406136,1228633.000,57641,1,T1,1,100,36.836
1738264957.540141,1228767.000,57672,1,T1,1,100,36.858
1738264957.673146,1228900.000,57687,1,T1,1,100,36.903
1738264957.806151,1229033.000,57703,1,T1,1,100,36.887
1738264957.940156,1229167.000,57734,1,T1,1,100,36.880
1738264958.073161,1229300.000,57749,1,T1,1,100,36.771
1738264958.206166,1229433.000,57766,1,T1,1,100,36.901
1738264958.340171,1229567.000,57798,1,T1,1,100,36.886
1738264958.473176,1229700.000,57813,1,T1,1,100,36.915
1738264958.606181,1229833.000,57830,1,T1,1,100,36.857
1738264958.740186,1229967.000,57860,1,T1,1,100,36.903
1738264958.873191,1230100.000,57878,1,T1,1,100,36.993
1738264959.006196,1230233.000,57894,1,T1,1,100,36.855
1738264959.139201,1230366.000,57909,1,T1,1,100,36.902
1738264959.273206,1230500.000,57942,1,T1,1,100,36.851
1738264959.406212,1230633.000,57960,1,T1,1,100,36.900
1738264959.539217,1230766.000,57976,1,T1,1,100,36.815
1738264959.673222,1230900.000,58006,1,T1,1,100,36.849
1738264959.806227,1231033.000,58022,1,T1,1,100,36.899
1738264959.939232,1231166.000,58040,1,T1,1,100,36.779
1738264960.073237,1231300.000,58070,1,T1,1,100,36.869
1738264960.206242,1231433.000,58087,1,T1,1,100,36.837
1738264960.339247,1231566.000,58102,1,T1,1,100,36.859
1738264960.473252,1231700.000,58133,1,T1,1,100,36.832
1738264960.606257,1231833.000,58149,1,T1,1,100,36.821
1738264960.739262,1231966.000,58166,1,T1,1,100,36.816
1738264960.873267,1232100.000,58188,1,T1,1,100,36.920
1738264961.006272,1232233.000,58203,1,T1,1,100,36.895
1738264961.139277,1232366.000,58234,1,T1,1,100,36.919
1738264961.273282,1232500.000,58252,1,T1,1,100,36.894
1738264961.406287,1232633.000,58269,1,T1,1,100,36.919
1738264961.539292,1232766.000,58300,1,T1,1,100,36.929
1738264961.673297,1232900.000,58316,1,T1,1,100,36.899
1738264961.806303,1233033.000,58331,1,T1,1,100,36.850
1738264961.939308,1233166.000,58362,1,T1,1,100,36.829
1738264962.073313,1233300.000,58378,1,T1,1,100,36.855
1738264962.206318,1233433.000,58396,1,T1,1,100,36.831
1738264962.339323,1233566.000,58426,1,T1,1,100,36.856
1738264962.473328,1233700.000,58442,1,T1,1,100,36.867
1738264962.606333,1233833.000,58458,1,T1,1,100,36.907
1738264962.739338,1233966.000,58488,1,T1,1,100,36.924
1738264962.873343,1234100.000,58507,1,T1,1,100,36.932
1738264963.006348,1234233.000,58524,1,T1,1,100,36.864
1738264963.139353,1234366.000,58542,1,T1,1,100,36.906
1738264963.272358,1234499.000,58575,1,T1,1,100,36.853
1738264963.406363,1234633.000,58590,1,T1,1,100,36.830
1738264963.539368,1234766.000,58607,1,T1,1,100,36.891
1738264963.672373,1234899.000,58637,1,T1,1,100,36.846
1738264963.806378,1235033.000,58652,1,T1,1,100,36.792
1738264963.939384,1235166.000,58669,1,T1,1,100,36.874
1738264964.072388,1235299.000,58699,1,T1,1,100,36.910
1738264964.206393,1235433.000,58715,1,T1,1,100,36.890
1738264964.339399,1235566.000,58731,1,T1,1,100,36.917
1738264964.472404,1235699.000,58764,1,T1,1,100,36.929
1738264964.606409,1235833.000,58781,1,T1,1,100,36.898
1738264964.739414,1235966.000,58797,1,T1,1,100,36.850
1738264964.872419,1236099.000,58828,1,T1,1,100,36.899
1738264965.006424,1236233.000,58843,1,T1,1,100,36.921
1738264965.139429,1236366.000,58859,1,T1,1,100,36.895
1738264965.272434,1236499.000,58875,1,T1,1,100,36.884
1738264965.406439,1236633.000,58907,1,T1,1,100,36.843
1738264965.539444,1236766.000,58924,1,T1,1,100,36.932
1738264965.672449,1236899.000,58939,1,T1,1,100,36.864
1738264965.806454,1237033.000,58970,1,T1,1,100,36.906
1738264965.939459,1237166.000,58989,1,T1,1,100,36.888
1738264966.072464,1237299.000,59006,1,T1,1,100,36.916
1738264966.205469,1237432.000,59025,1,T1,1,100,36.893
1738264966.339474,1237566.000,59055,1,T1,1,100,36.812
1738264966.472480,1237699.000,59070,1,T1,1,100,36.848
1738264966.605484,1237832.000,59087,1,T1,1,100,36.899
1738264966.739490,1237966.000,59104,1,T1,1,100,36.921
1738264966.872495,1238099.000,59139,1,T1,1,100,36.859
1738264967.005500,1238232.000,59155,1,T1,1,100,36.868
1738264967.139505,1238366.000,59170,1,T1,1,100,36.872
1738264967.272510,1238499.000,59201,1,T1,1,100,36.767
1738264967.405515,1238632.000,59221,1,T1,1,100,36.758
1738264967.539520,1238766.000,59237,1,T1,1,100,36.824
1738264967.672525,1238899.000,59267,1,T1,1,100,36.888
1738264967.805530,1239032.000,59283,1,T1,1,100,36.845
1738264967.939535,1239166.000,59299,1,T1,1,100,36.898
1738264968.072540,1239299.000,59331,1,T1,1,100,36.814
1738264968.205545,1239432.000,59348,1,T1,1,100,36.884
1738264968.339550,1239566.000,59365,1,T1,1,100,36.808
1738264968.472555,1239699.000,59381,1,T1,1,100,36.775
1738264968.605560,1239832.000,59414,1,T1,1,100,36.796
1738264968.739566,1239966.000,59429,1,T1,1,100,36.876
1738264968.872571,1240099.000,59445,1,T1,1,100,36.947
1738264969.005576,1240232.000,59476,1,T1,1,100,36.977
1738264969.138581,1240365.000,59491,1,T1,1,100,36.884
1738264969.272586,1240499.000,59508,1,T1,1,100,36.985
1738264969.405591,1240632.000,59540,1,T1,1,100,36.887
1738264969.538596,1240765.000,59556,1,T1,1,100,36.916
1738264969.672601,1240899.000,59572,1,T1,1,100,36.928
1738264969.805606,1241032.000,59603,1,T1,1,100,36.933
1738264969.938611,1241165.000,59618,1,T1,1,100,36.900
1738264970.072616,1241299.000,59634,1,T1,1,100,36.850
1738264970.205621,1241432.000,59665,1,T1,1,100,36.864
1738264970.338626,1241565.000,59680,1,T1,1,100,36.870
1738264970.472631,1241699.000,59696,1,T1,1,100,36.802
1738264970.605636,1241832.000,59712,1,T1,1,100,36.737
1738264970.738641,1241965.000,59742,1,T1,1,100,36.886
1738264970.872646,1242099.000,59759,1,T1,1,100,36.951
1738264971.005651,1242232.000,59774,1,T1,1,100,36.908
1738264971.138656,1242365.000,59799,1,T1,1,100,36.854
1738264971.272661,1242499.000,59832,1,T1,1,100,36.866
1738264971.405667,1242632.000,59847,1,T1,1,100,36.942
1738264971.538672,1242765.000,59864,1,T1,1,100,36.904
1738264971.672677,1242899.000,59879,1,T1,1,100,36.923
1738264971.805682,1243032.000,59909,1,T1,1,100,36.896
1738264971.938687,1243165.000,59928,1,T1,1,100,36.919
1738264972.072692,1243299.000,59945,1,T1,1,100,36.859
1738264972.205697,1243432.000,59976,1,T1,1,100,36.797
1738264972.338702,1243565.000,59992,1,T1,1,100,36.806
1738264972.472707,1243699.000,60007,1,T1,1,100,36.916
1738264972.605712,1243832.000,60038,1,T1,1,100,36.786
1738264972.738717,1243965.000,60054,1,T1,1,100,36.801
1738264972.871722,1244098.000,60072,1,T1,1,100,36.879
1738264973.005727,1244232.000,60104,1,T1,1,100,36.877
1738264973.138732,1244365.000,60120,1,T1,1,100,36.840
1738264973.271737,1244498.000,60138,1,T1,1,100,36.824
1738264973.405742,1244632.000,60170,1,T1,1,100,36.853
1738264973.538748,1244765.000,60187,1,T1,1,100,36.830
1738264973.671752,1244898.000,60202,1,T1,1,100,36.820
1738264973.805758,1245032.000,60218,1,T1,1,100,36.851
1738264973.938763,1245165.000,60251,1,T1,1,100,36.829
1738264974.071768,1245298.000,60268,1,T1,1,100,36.855
1738264974.205773,1245432.000,60285,1,T1,1,100,36.902
1738264974.338778,1245565.000,60317,1,T1,1,100,36.780
1738264974.471783,1245698.000,60332,1,T1,1,100,36.834
1738264974.605788,1245832.000,60351,1,T1,1,100,36.893
1738264974.738793,1245965.000,60381,1,T1,1,100,36.847
1738264974.871798,1246098.000,60397,1,T1,1,100,36.898
1738264975.005803,1246232.000,60415,1,T1,1,100,36.956
1738264975.138808,1246365.000,60446,1,T1,1,100,36.875
1738264975.271813,1246498.000,60461,1,T1,1,100,36.839
1738264975.405818,1246632.000,60477,1,T1,1,100,36.895
1738264975.538823,1246765.000,60492,1,T1,1,100,36.955
1738264975.671829,1246898.000,60523,1,T1,1,100,36.909
1738264975.805834,1247032.000,60539,1,T1,1,100,36.925
1738264975.938838,1247165.000,60555,1,T1,1,100,36.968
1738264976.071844,1247298.000,60585,1,T1,1,100,37.057
1738264976.204849,1247431.000,60609,1,T1,1,100,36.918
1738264976.338854,1247565.000,60624,1,T1,1,100,36.894
1738264976.471859,1247698.000,60640,1,T1,1,100,36.812
1738264976.604864,1247831.000,60673,1,T1,1,100,36.741
1738264976.738869,1247965.000,60688,1,T1,1,100,36.853
1738264976.871874,1248098.000,60705,1,T1,1,100,36.724
1738264977.004879,1248231.000,60722,1,T1,1,100,36.845
1738264977.138884,1248365.000,60753,1,T1,1,100,36.968
1738264977.271889,1248498.000,60771,1,T1,1,100,36.809
1738264977.404894,1248631.000,60786,1,T1,1,100,36.882
1738264977.538899,1248765.000,60819,1,T1,1,100,36.843
1738264977.671904,1248898.000,60835,1,T1,1,100,36.825
1738264977.804909,1249031.000,60850,1,T1,1,100,36.889
1738264977.938914,1249165.000,60881,1,T1,1,100,36.881
1738264978.071919,1249298.000,60899,1,T1,1,100,36.913
1738264978.204924,1249431.000,60915,1,T1,1,100,36.927
1738264978.338930,1249565.000,60933,1,T1,1,100,36.897
1738264978.471935,1249698.000,60965,1,T1,1,100,36.849
1738264978.604940,1249831.000,60981,1,T1,1,100,36.899
1738264978.738945,1249965.000,60997,1,T1,1,100,37.027
1738264978.871950,1250098.000,61028,1,T1,1,100,36.976
1738264979.004955,1250231.000,61043,1,T1,1,100,36.954
1738264979.137960,1250364.000,61061,1,T1,1,100,36.945
1738264979.271965,1250498.000,61094,1,T1,1,100,36.941
1738264979.404970,1250631.000,61109,1,T1,1,100,36.903
1738264979.537975,1250764.000,61126,1,T1,1,100,36.887
1738264979.671980,1250898.000,61158,1,T1,1,100,36.951
1738264979.804985,1251031.000,61175,1,T1,1,100,36.873
1738264979.937990,1251164.000,61192,1,T1,1,100,36.838
1738264980.071995,1251298.000,61224,1,T1,1,100,36.824
1738264980.205000,1251431.000,61240,1,T1,1,100,36.888
1738264980.338005,1251564.000,61256,1,T1,1,100,36.881
1738264980.472010,1251698.000,61272,1,T1,1,100,36.807
1738264980.605016,1251831.000,61288,1,T1,1,100,36.810
1738264980.738020,1251964.000,61305,1,T1,1,100,36.847
1738264980.872026,1252098.000,61336,1,T1,1,100,36.863
1738264981.005031,1252231.000,61352,1,T1,1,100,36.834
1738264981.138036,1252364.000,61369,1,T1,1,100,36.822
1738264981.272041,1252498.000,61405,1,T1,1,100,36.852
1738264981.405046,1252631.000,61423,1,T1,1,100,36.865
1738264981.538051,1252764.000,61439,1,T1,1,100,36.800
1738264981.672056,1252898.000,61455,1,T1,1,100,36.878
1738264981.805061,1253031.000,61470,1,T1,1,100,36.947
1738264981.938066,1253164.000,61503,1,T1,1,100,36.906
1738264982.072071,1253298.000,61519,1,T1,1,100,36.782
1738264982.205076,1253431.000,61535,1,T1,1,100,36.764
1738264982.338081,1253564.000,61565,1,T1,1,100,36.933
1738264982.471086,1253697.000,61581,1,T1,1,100,36.900
1738264982.605091,1253831.000,61597,1,T1,1,100,36.780
1738264982.738096,1253964.000,61627,1,T1,1,100,36.798
1738264982.871101,1254097.000,61644,1,T1,1,100,36.842
1738264983.005106,1254231.000,61661,1,T1,1,100,36.754
1738264983.138112,1254364.000,61692,1,T1,1,100,36.752
1738264983.271116,1254497.000,61710,1,T1,1,100,36.786
1738264983.405122,1254631.000,61725,1,T1,1,100,36.872
1738264983.538127,1254764.000,61758,1,T1,1,100,36.838
1738264983.671132,1254897.000,61774,1,T1,1,100,36.859
1738264983.805137,1255031.000,61789,1,T1,1,100,36.868
1738264983.938142,1255164.000,61806,1,T1,1,100,36.907
1738264984.071147,1255297.000,61840,1,T1,1,100,36.960
1738264984.205152,1255431.000,61856,1,T1,1,100,36.912
1738264984.338157,1255564.000,61872,1,T1,1,100,36.926
1738264984.471162,1255697.000,61903,1,T1,1,100,36.968
1738264984.605167,1255831.000,61920,1,T1,1,100,36.915
1738264984.738172,1255964.000,61936,1,T1,1,100,36.892
1738264984.871177,1256097.000,61969,1,T1,1,100,36.847
1738264985.005182,1256231.000,61984,1,T1,1,100,36.934
1738264985.138187,1256364.000,62000,1,T1,1,100,36.936
1738264985.271193,1256497.000,62033,1,T1,1,100,36.866
1738264985.405198,1256631.000,62050,1,T1,1,100,36.907
1738264985.538203,1256764.000,62067,1,T1,1,100,36.924
1738264985.671208,1256897.000,62084,1,T1,1,100,36.932
1738264985.805213,1257031.000,62115,1,T1,1,100,36.829
1738264985.938218,1257164.000,62131,1,T1,1,100,36.926
1738264986.071223,1257297.000,62148,1,T1,1,100,36.968
1738264986.204228,1257430.000,62179,1,T1,1,100,36.951
1738264986.338233,1257564.000,62197,1,T1,1,100,36.837
1738264986.471238,1257697.000,62219,1,T1,1,100,36.929
1738264986.605243,1257831.000,62234,1,T1,1,100,36.899
1738264986.738248,1257964.000,62250,1,T1,1,100,36.921
1738264986.871253,1258097.000,62281,1,T1,1,100,36.895
1738264987.004258,1258230.000,62298,1,T1,1,100,36.919
1738264987.138263,1258364.000,62314,1,T1,1,100,36.823
1738264987.271268,1258497.000,62345,1,T1,1,100,36.817
1738264987.404273,1258630.000,62360,1,T1,1,100,36.850
1738264987.538278,1258764.000,62377,1,T1,1,100,36.793
1738264987.671283,1258897.000,62392,1,T1,1,100,36.769
1738264987.804289,1259030.000,62425,1,T1,1,100,36.864
1738264987.938294,1259164.000,62441,1,T1,1,100,36.835
1738264988.071299,1259297.000,62456,1,T1,1,100,36.858
1738264988.204304,1259430.000,62489,1,T1,1,100,36.832
1738264988.338309,1259564.000,62505,1,T1,1,100,36.856
1738264988.471314,1259697.000,62520,1,T1,1,100,36.832
1738264988.604319,1259830.000,62551,1,T1,1,100,36.892
1738264988.738324,1259964.000,62567,1,T1,1,100,36.847
1738264988.871329,1260097.000,62583,1,T1,1,100,36.934
1738264989.004334,1260230.000,62613,1,T1,1,100,36.971
1738264989.138339,1260364.000,62629,1,T1,1,100,36.988
1738264989.271344,1260497.000,62645,1,T1,1,100,36.995
1738264989.404349,1260630.000,62661,1,T1,1,100,36.927
1738264989.537354,1260763.000,62692,1,T1,1,100,36.862
1738264989.671359,1260897.000,62707,1,T1,1,100,36.905
1738264989.804364,1261030.000,62723,1,T1,1,100,36.888
1738264989.937369,1261163.000,62754,1,T1,1,100,36.845
1738264990.071374,1261297.000,62769,1,T1,1,100,36.791
1738264990.204380,1261430.000,62788,1,T1,1,100,36.874
1738264990.337384,1261563.000,62818,1,T1,1,100,36.804
1738264990.471390,1261697.000,62833,1,T1,1,100,36.844
1738264990.604395,1261830.000,62850,1,T1,1,100,36.862
1738264990.737400,1261963.000,62880,1,T1,1,100,36.940
1738264990.871405,1262097.000,62896,1,T1,1,100,36.868
1738264991.004410,1262230.000,62912,1,T1,1,100,36.872
1738264991.137415,1262363.000,62943,1,T1,1,100,36.945
1738264991.271420,1262497.000,62960,1,T1,1,100,36.941
1738264991.404425,1262630.000,62976,1,T1,1,100,36.939
1738264991.537430,1262763.000,63000,1,T1,1,100,36.938
1738264991.671435,1262897.000,63015,1,T1,1,100,36.867
1738264991.804440,1263030.000,63031,1,T1,1,100,36.907
1738264991.937445,1263163.000,63047,1,T1,1,100,36.853
1738264992.071450,1263297.000,63077,1,T1,1,100,36.972
1738264992.204455,1263430.000,63094,1,T1,1,100,36.917
1738264992.337461,1263563.000,63109,1,T1,1,100,36.929
1738264992.470465,1263696.000,63125,1,T1,1,100,36.934
1738264992.604470,1263830.000,63158,1,T1,1,100,36.829
1738264992.737476,1263963.000,63175,1,T1,1,100,36.962
1738264992.870481,1264096.000,63192,1,T1,1,100,36.948
1738264993.004486,1264230.000,63222,1,T1,1,100,36.977
1738264993.137491,1264363.000,63237,1,T1,1,100,36.884
1738264993.270496,1264496.000,63258,1,T1,1,100,36.843
1738264993.404501,1264630.000,63290,1,T1,1,100,36.861
1738264993.537506,1264763.000,63306,1,T1,1,100,36.869
1738264993.670511,1264896.000,63322,1,T1,1,100,36.908
1738264993.804516,1265030.000,63355,1,T1,1,100,36.925
1738264993.937521,1265163.000,63372,1,T1,1,100,36.861
1738264994.070526,1265296.000,63388,1,T1,1,100,36.798
1738264994.204531,1265430.000,63419,1,T1,1,100,36.806
1738264994.337536,1265563.000,63434,1,T1,1,100,36.881
1738264994.470541,1265696.000,63450,1,T1,1,100,36.877
1738264994.604546,1265830.000,63483,1,T1,1,100,36.770
1738264994.737551,1265963.000,63498,1,T1,1,100,36.865
1738264994.870557,1266096.000,63517,1,T1,1,100,36.871
1738264995.004562,1266230.000,63532,1,T1,1,100,36.909
1738264995.137567,1266363.000,63562,1,T1,1,100,36.890
1738264995.270572,1266496.000,63579,1,T1,1,100,36.881
1738264995.404577,1266630.000,63594,1,T1,1,100,36.878
1738264995.537582,1266763.000,63625,1,T1,1,100,36.876
1738264995.670587,1266896.000,63641,1,T1,1,100,36.840
1738264995.803592,1267029.000,63656,1,T1,1,100,36.931
1738264995.937597,1267163.000,63687,1,T1,1,100,36.935
1738264996.070602,1267296.000,63703,1,T1,1,100,36.901
1738264996.203607,1267429.000,63721,1,T1,1,100,36.851
1738264996.337612,1267563.000,63755,1,T1,1,100,36.829
1738264996.470617,1267696.000,63771,1,T1,1,100,36.891
1738264996.603622,1267829.000,63787,1,T1,1,100,36.846
1738264996.737627,1267963.000,63808,1,T1,1,100,36.827
1738264996.870632,1268096.000,63824,1,T1,1,100,36.890
1738264997.003637,1268229.000,63856,1,T1,1,100,36.881
1738264997.137642,1268363.000,63872,1,T1,1,100,36.807
1738264997.270648,1268496.000,63890,1,T1,1,100,36.775
1738264997.403653,1268629.000,63920,1,T1,1,100,36.867
1738264997.537658,1268763.000,63937,1,T1,1,100,36.801
1738264997.670663,1268896.000,63954,1,T1,1,100,36.843
1738264997.803668,1269029.000,63985,1,T1,1,100,36.826
1738264997.937673,1269163.000,64001,1,T1,1,100,36.818
1738264998.070678,1269296.000,64016,1,T1,1,100,36.886
1738264998.203683,1269429.000,64051,1,T1,1,100,36.915
1738264998.337688,1269563.000,64069,1,T1,1,100,36.857
1738264998.470693,1269696.000,64084,1,T1,1,100,36.938
1738264998.603698,1269829.000,64101,1,T1,1,100,36.938
1738264998.737703,1269963.000,64133,1,T1,1,100,36.902
1738264998.870708,1270096.000,64149,1,T1,1,100,36.851
1738264999.003713,1270229.000,64167,1,T1,1,100,36.936
1738264999.137718,1270363.000,64198,1,T1,1,100,36.972
1738264999.270723,1270496.000,64213,1,T1,1,100,36.846
1738264999.403728,1270629.000,64229,1,T1,1,100,36.756
1738264999.536733,1270762.000,64260,1,T1,1,100,36.824
1738264999.670738,1270896.000,64277,1,T1,1,100,36.817
1738264999.803744,1271029.000,64293,1,T1,1,100,36.815
1738264999.936749,1271162.000,64324,1,T1,1,100,36.813
1738265000.070754,1271296.000,64339,1,T1,1,100,36.813
1738265000.203759,1271429.000,64356,1,T1,1,100,36.777
1738265000.336764,1271562.000,64388,1,T1,1,100,36.868
1738265000.470769,1271696.000,64403,1,T1,1,100,36.837
1738265000.603774,1271829.000,64422,1,T1,1,100,36.823
1738265000.736779,1271962.000,64452,1,T1,1,100,36.782
1738265000.870784,1272096.000,64468,1,T1,1,100,36.870
1738265001.003789,1272229.000,64484,1,T1,1,100,36.802
1738265001.136794,1272362.000,64499,1,T1,1,100,36.879
1738265001.270799,1272496.000,64532,1,T1,1,100,36.841
1738265001.403804,1272629.000,64548,1,T1,1,100,36.825
1738265001.536809,1272762.000,64564,1,T1,1,100,36.782
1738265001.670814,1272896.000,64594,1,T1,1,100,36.870
1738265001.803819,1273029.000,64618,1,T1,1,100,36.802
1738265001.936825,1273162.000,64635,1,T1,1,100,36.879
1738265002.070830,1273296.000,64651,1,T1,1,100,36.877
1738265002.203835,1273429.000,64667,1,T1,1,100,36.947
1738265002.336840,1273562.000,64697,1,T1,1,100,36.941
1738265002.469845,1273695.000,64713,1,T1,1,100,36.833
1738265002.603850,1273829.000,64729,1,T1,1,100,36.857
1738265002.736855,1273962.000,64759,1,T1,1,100,36.938
1738265002.869860,1274095.000,64778,1,T1,1,100,36.867
1738265003.003865,1274229.000,64793,1,T1,1,100,36.801
1738265003.136870,1274362.000,64824,1,T1,1,100,36.914
1738265003.269875,1274495.000,64842,1,T1,1,100,36.856
1738265003.403880,1274629.000,64857,1,T1,1,100,36.831
1738265003.536885,1274762.000,64890,1,T1,1,100,36.892
1738265003.669890,1274895.000,64906,1,T1,1,100,36.918
1738265003.803895,1275029.000,64921,1,T1,1,100,36.823
1738265003.936900,1275162.000,64938,1,T1,1,100,36.817
1738265004.069905,1275295.000,64970,1,T1,1,100,36.779
1738265004.203910,1275429.000,64986,1,T1,1,100,36.975
1738265004.336915,1275562.000,65002,1,T1,1,100,37.025
1738265004.469921,1275695.000,65035,1,T1,1,100,36.869
1738265004.603926,1275829.000,65050,1,T1,1,100,36.801
1738265004.736931,1275962.000,65066,1,T1,1,100,36.985
1738265004.869936,1276095.000,65097,1,T1,1,100,36.994
1738265005.003941,1276229.000,65112,1,T1,1,100,36.926
1738265005.136946,1276362.000,65128,1,T1,1,100,36.862
1738265005.269951,1276495.000,65163,1,T1,1,100,36.940
1738265005.403956,1276629.000,65178,1,T1,1,100,37.010
1738265005.536961,1276762.000,65195,1,T1,1,100,36.898
1738265005.669966,1276895.000,65225,1,T1,1,100,36.956
1738265005.802971,1277028.000,65240,1,T1,1,100,36.945
1738265005.936976,1277162.000,65257,1,T1,1,100,36.835
1738265006.069981,1277295.000,65272,1,T1,1,100,36.857
1738265006.202986,1277428.000,65303,1,T1,1,100,36.903
1738265006.336991,1277562.000,65321,1,T1,1,100,36.923
1738265006.469996,1277695.000,65336,1,T1,1,100,36.860
1738265006.604002,1277829.000,65369,1,T1,1,100,36.833
1738265006.737006,1277962.000,65387,1,T1,1,100,36.928
1738265006.870012,1278095.000,65403,1,T1,1,100,36.827
1738265007.003017,1278228.000,65422,1,T1,1,100,36.783
1738265007.137022,1278362.000,65437,1,T1,1,100,36.906
1738265007.270027,1278495.000,65470,1,T1,1,100,36.959
1738265007.403032,1278628.000,65486,1,T1,1,100,36.982
1738265007.537037,1278762.000,65502,1,T1,1,100,36.957
1738265007.670042,1278895.000,65534,1,T1,1,100,36.946
1738265007.803047,1279028.000,14,1,T1,1,100,36.906
1738265007.937052,1279162.000,30,1,T1,1,100,36.924
1738265008.070057,1279295.000,46,1,T1,1,100,36.896
1738265008.203062,1279428.000,77,1,T1,1,100,36.849
1738265008.337067,1279562.000,94,1,T1,1,100,36.935
1738265008.470072,1279695.000,110,1,T1,1,100,36.936
1738265008.603077,1279828.000,141,1,T1,1,100,36.866
1738265008.737082,1279962.000,156,1,T1,1,100,36.836
1738265008.870087,1280095.000,173,1,T1,1,100,36.823
1738265009.003093,1280228.000,205,1,T1,1,100,36.923
1738265009.136097,1280361.000,220,1,T1,1,100,36.896
1738265009.270103,1280495.000,237,1,T1,1,100,36.813
1738265009.403108,1280628.000,269,1,T1,1,100,36.884
1738265009.536113,1280761.000,285,1,T1,1,100,36.843
1738265009.670118,1280895.000,301,1,T1,1,100,36.826
1738265009.803123,1281028.000,334,1,T1,1,100,36.818
1738265009.936128,1281161.000,349,1,T1,1,100,36.780
1738265010.070133,1281295.000,365,1,T1,1,100,36.834
1738265010.203138,1281428.000,396,1,T1,1,100,36.893
1738265010.336143,1281561.000,413,1,T1,1,100,36.812
1738265010.470148,1281695.000,429,1,T1,1,100,36.812
1738265010.603153,1281828.000,445,1,T1,1,100,37.025
1738265010.736158,1281961.000,475,1,T1,1,100,36.940
1738265010.870163,1282095.000,494,1,T1,1,100,36.832
1738265011.003168,1282228.000,509,1,T1,1,100,36.892
1738265011.136173,1282361.000,540,1,T1,1,100,37.024
1738265011.270179,1282495.000,556,1,T1,1,100,36.940
1738265011.403183,1282628.000,571,1,T1,1,100,36.938
1738265011.536189,1282761.000,602,1,T1,1,100,36.973
1738265011.670194,1282895.000,620,1,T1,1,100,36.882
1738265011.803199,1283028.000,635,1,T1,1,100,36.878
1738265011.936704,1283161.500,674,2,T1,1,100,36.912
1738265012.070209,1283295.000,674,2,T1,1,100,36.855
1738265012.203214,1283428.000,690,1,T1,1,100,36.867
1738265012.336219,1283561.000,706,1,T1,1,100,36.907
1738265012.469224,1283694.000,739,1,T1,1,100,36.853
1738265012.603229,1283828.000,754,1,T1,1,100,36.937
1738265012.736234,1283961.000,772,1,T1,1,100,36.831
1738265012.869239,1284094.000,803,1,T1,1,100,36.856
1738265013.003244,1284228.000,818,1,T1,1,100,36.796
1738265013.136249,1284361.000,834,1,T1,1,100,36.912
1738265013.269254,1284494.000,867,1,T1,1,100,36.926
1738265013.403259,1284628.000,882,1,T1,1,100,36.968
1738265013.536264,1284761.000,899,1,T1,1,100,36.915
1738265013.669269,1284894.000,915,1,T1,1,100,36.963
1738265013.803274,1285028.000,947,1,T1,1,100,36.878
1738265013.936280,1285161.000,965,1,T1,1,100,36.876
1738265014.069285,1285294.000,981,1,T1,1,100,36.840
1738265014.203290,1285428.000,1013,1,T1,1,100,36.895
1738265014.336295,1285561.000,1029,1,T1,1,100,36.848
1738265014.469300,1285694.000,1044,1,T1,1,100,36.828
1738265014.603305,1285828.000,1075,1,T1,1,100,36.855
1738265014.736310,1285961.000,1091,1,T1,1,100,36.831
1738265014.869315,1286094.000,1108,1,T1,1,100,36.856
1738265015.003320,1286228.000,1140,1,T1,1,100,36.867
1738265015.136325,1286361.000,1157,1,T1,1,100,36.907
1738265015.269330,1286494.000,1174,1,T1,1,100,36.924
1738265015.403335,1286628.000,1206,1,T1,1,100,36.932
1738265015.536340,1286761.000,1226,1,T1,1,100,36.935
1738265015.669345,1286894.000,1242,1,T1,1,100,36.936
1738265015.803350,1287028.000,1275,1,T1,1,100,36.866
1738265015.936355,1287161.000,1291,1,T1,1,100,36.907
1738265016.069360,1287294.000,1306,1,T1,1,100,36.853
1738265016.202365,1287427.000,1327,1,T1,1,100,36.795
1738265016.336370,1287561.000,1357,1,T1,1,100,36.911
1738265016.469376,1287694.000,1372,1,T1,1,100,36.820
1738265016.602381,1287827.000,1389,1,T1,1,100,36.851
1738265016.736386,1287961.000,1419,1,T1,1,100,36.865
1738265016.869391,1288094.000,1435,1,T1,1,100,36.871
1738265017.003396,1288228.000,1451,1,T1,1,100,36.838
1738265017.136401,1288361.000,1487,1,T1,1,100,36.894
1738265017.269406,1288494.000,1502,1,T1,1,100,36.848
1738265017.402411,1288627.000,1518,1,T1,1,100,36.899
1738265017.536416,1288761.000,1534,1,T1,1,100,36.921
1738265017.669421,1288894.000,1564,1,T1,1,100,36.930
1738265017.802426,1289027.000,1580,1,T1,1,100,36.863
1738265017.936431,1289161.000,1596,1,T1,1,100,36.941
1738265018.069436,1289294.000,1626,1,T1,1,100,36.904
1738265018.202441,1289427.000,1643,1,T1,1,100,36.923
1738265018.336447,1289561.000,1660,1,T1,1,100,36.896
1738265018.469451,1289694.000,1676,1,T1,1,100,37.026
1738265018.602457,1289827.000,1707,1,T1,1,100,36.940
1738265018.736462,1289961.000,1722,1,T1,1,100,36.939
1738265018.869467,1290094.000,1739,1,T1,1,100,37.044
1738265019.002472,1290227.000,1769,1,T1,1,100,36.948
1738265019.135477,1290360.000,1784,1,T1,1,100,36.871
1738265019.269482,1290494.000,1801,1,T1,1,100,36.909
1738265019.402487,1290627.000,1831,1,T1,1,100,36.925
1738265019.535492,1290760.000,1847,1,T1,1,100,36.861
1738265019.669497,1290894.000,1863,1,T1,1,100,36.904
1738265019.802502,1291027.000,1894,1,T1,1,100,36.888
1738265019.935507,1291160.000,1909,1,T1,1,100,36.881
1738265020.069512,1291294.000,1925,1,T1,1,100,36.877
1738265020.202517,1291427.000,1956,1,T1,1,100,36.841
1738265020.335522,1291560.000,1971,1,T1,1,100,36.896
1738265020.469527,1291694.000,1987,1,T1,1,100,36.919
1738265020.602532,1291827.000,2020,1,T1,1,100,36.859
1738265020.735537,1291960.000,2035,1,T1,1,100,36.868
1738265020.869543,1292094.000,2054,1,T1,1,100,36.836
1738265021.002548,1292227.000,2069,1,T1,1,100,36.894
1738265021.135553,1292360.000,2100,1,T1,1,100,36.919
1738265021.269558,1292494.000,2116,1,T1,1,100,36.894
1738265021.402563,1292627.000,2131,1,T1,1,100,36.954
1738265021.535568,1292760.000,2162,1,T1,1,100,36.945
1738265021.669573,1292894.000,2178,1,T1,1,100,36.941
1738265021.802578,1293027.000,2193,1,T1,1,100,36.939
1738265021.935583,1293160.000,2224,1,T1,1,100,36.974
1738265022.069588,1293294.000,2240,1,T1,1,100,36.953
1738265022.202593,1293427.000,2256,1,T1,1,100,36.980
1738265022.335598,1293560.000,2277,1,T1,1,100,36.991
1738265022.468603,1293693.000,2308,1,T1,1,100,36.996
1738265022.602608,1293827.000,2323,1,T1,1,100,36.892
1738265022.735613,1293960.000,2341,1,T1,1,100,36.953
1738265022.868618,1294093.000,2372,1,T1,1,100,36.873
1738265023.002623,1294227.000,2387,1,T1,1,100,36.874
1738265023.135628,1294360.000,2403,1,T1,1,100,36.946
1738265023.268633,1294493.000,2436,1,T1,1,100,36.870
1738265023.402638,1294627.000,2451,1,T1,1,100,36.837
1738265023.535644,1294760.000,2468,1,T1,1,100,36.859
1738265023.669649,1294894.000,2500,1,T1,1,100,36.868
1738265023.802654,1295027.000,2515,1,T1,1,100,36.978
1738265023.935659,1295160.000,2532,1,T1,1,100,36.849
1738265024.068664,1295293.000,2547,1,T1,1,100,36.899
1738265024.202669,1295427.000,2578,1,T1,1,100,36.956
1738265024.335674,1295560.000,2594,1,T1,1,100,36.875
1738265024.468679,1295693.000,2609,1,T1,1,100,36.875
1738265024.602684,1295827.000,2640,1,T1,1,100,36.946
1738265024.735689,1295960.000,2656,1,T1,1,100,36.941
1738265024.868694,1296093.000,2672,1,T1,1,100,36.975
1738265025.002699,1296227.000,2702,1,T1,1,100,36.954
1738265025.135704,1296360.000,2718,1,T1,1,100,36.874
1738265025.268709,1296493.000,2734,1,T1,1,100,36.910
1738265025.402714,1296627.000,2764,1,T1,1,100,36.926
1738265025.535719,1296760.000,2781,1,T1,1,100,36.932
1738265025.668725,1296893.000,2798,1,T1,1,100,36.935
1738265025.802730,1297027.000,2829,1,T1,1,100,36.901
1738265025.935735,1297160.000,2845,1,T1,1,100,36.957
1738265026.068740,1297293.000,2862,1,T1,1,100,36.946
1738265026.201745,1297426.000,2878,1,T1,1,100,36.941
1738265026.335750,1297560.000,2909,1,T1,1,100,36.939
1738265026.468755,1297693.000,2924,1,T1,1,100,36.832
1738265026.601760,1297826.000,2941,1,T1,1,100,36.856
1738265026.735765,1297960.000,2971,1,T1,1,100,36.938
1738265026.868770,1298093.000,2987,1,T1,1,100,36.867
1738265027.001775,1298226.000,3003,1,T1,1,100,36.836
1738265027.135780,1298360.000,3034,1,T1,1,100,36.894
1738265027.268785,1298493.000,3049,1,T1,1,100,36.883
1738265027.401790,1298626.000,3070,1,T1,1,100,36.914
1738265027.535795,1298760.000,3087,1,T1,1,100,36.927
1738265027.668800,1298893.000,3102,1,T1,1,100,36.862
1738265027.801805,1299026.000,3120,1,T1,1,100,36.940
1738265027.935811,1299160.000,3151,1,T1,1,100,36.903
1738265028.068815,1299293.000,3166,1,T1,1,100,36.923
1738265028.201821,1299426.000,3183,1,T1,1,100,36.860
1738265028.335826,1299560.000,3215,1,T1,1,100,36.904
1738265028.468831,1299693.000,3230,1,T1,1,100,36.852
1738265028.601836,1299826.000,3247,1,T1,1,100,36.971
1738265028.735841,1299960.000,3277,1,T1,1,100,36.952
1738265028.868846,1300093.000,3293,1,T1,1,100,36.944
1738265029.001851,1300226.000,3311,1,T1,1,100,36.940
1738265029.135856,1300360.000,3342,1,T1,1,100,36.832
1738265029.268861,1300493.000,3357,1,T1,1,100,36.927
1738265029.401866,1300626.000,3373,1,T1,1,100,37.040
1738265029.534871,1300759.000,3388,1,T1,1,100,36.982
1738265029.668876,1300893.000,3419,1,T1,1,100,36.886
1738265029.801881,1301026.000,3435,1,T1,1,100,36.880
1738265029.934886,1301159.000,3453,1,T1,1,100,36.983
1738265030.068891,1301293.000,3483,1,T1,1,100,36.957
1738265030.201896,1301426.000,3502,1,T1,1,100,36.946
1738265030.334902,1301559.000,3517,1,T1,1,100,36.977
1738265030.468907,1301693.000,3548,1,T1,1,100,36.954
1738265030.601912,1301826.000,3564,1,T1,1,100,36.909
1738265030.734917,1301959.000,3581,1,T1,1,100,36.890
1738265030.868922,1302093.000,3614,1,T1,1,100,36.988
1738265031.001927,1302226.000,3630,1,T1,1,100,36.995
1738265031.134932,1302359.000,3645,1,T1,1,100,36.891
1738265031.268937,1302493.000,3678,1,T1,1,100,36.847
1738265031.401942,1302626.000,3694,1,T1,1,100,36.898
1738265031.534947,1302759.000,3710,1,T1,1,100,36.920
1738265031.668952,1302893.000,3744,1,T1,1,100,36.859
1738265031.801957,1303026.000,3760,1,T1,1,100,36.833
1738265031.934962,1303159.000,3776,1,T1,1,100,36.928
1738265032.068967,1303293.000,3792,1,T1,1,100,36.898
1738265032.201972,1303426.000,3823,1,T1,1,100,36.849
1738265032.334977,1303559.000,3838,1,T1,1,100,36.828
1738265032.467982,1303692.000,3854,1,T1,1,100,36.961
1738265032.601987,1303826.000,3877,1,T1,1,100,36.841
1738265032.734993,1303959.000,3909,1,T1,1,100,36.896
1738265032.867997,1304092.000,3928,1,T1,1,100,36.884
1738265033.002003,1304226.000,3943,1,T1,1,100,36.879
1738265033.135008,1304359.000,3959,1,T1,1,100,36.912
1738265033.268013,1304492.000,3992,1,T1,1,100,36.927
1738265033.402018,1304626.000,4007,1,T1,1,100,36.826
1738265033.535023,1304759.000,4024,1,T1,1,100,36.854
1738265033.668028,1304892.000,4056,1,T1,1,100,36.937
1738265033.802033,1305026.000,4071,1,T1,1,100,36.902
1738265033.935038,1305159.000,4088,1,T1,1,100,36.887
1738265034.068043,1305292.000,4118,1,T1,1,100,36.951
1738265034.202048,1305426.000,4134,1,T1,1,100,36.872
1738265034.335053,1305559.000,4152,1,T1,1,100,36.874
1738265034.468058,1305692.000,4185,1,T1,1,100,36.910
1738265034.602063,1305826.000,4200,1,T1,1,100,36.926
1738265034.735068,1305959.000,4216,1,T1,1,100,36.932
1738265034.868073,1306092.000,4249,1,T1,1,100,37.006
1738265035.002079,1306226.000,4266,1,T1,1,100,37.038
1738265035.135083,1306359.000,4282,1,T1,1,100,37.052
1738265035.268089,1306492.000,4298,1,T1,1,100,36.916
1738265035.402094,1306626.000,4328,1,T1,1,100,36.857
1738265035.535099,1306759.000,4345,1,T1,1,100,36.903
1738265035.668104,1306892.000,4362,1,T1,1,100,36.922
1738265035.802109,1307026.000,4393,1,T1,1,100,36.931
1738265035.935114,1307159.000,4409,1,T1,1,100,36.828
1738265036.068119,1307292.000,4424,1,T1,1,100,36.890
1738265036.201124,1307425.000,4455,1,T1,1,100,36.917
1738265036.335129,1307559.000,4471,1,T1,1,100,36.858
1738265036.468134,1307692.000,4490,1,T1,1,100,36.761
1738265036.601139,1307825.000,4521,1,T1,1,100,36.861
1738265036.735144,1307959.000,4537,1,T1,1,100,36.869
1738265036.868149,1308092.000,4553,1,T1,1,100,37.050
1738265037.001154,1308225.000,4569,1,T1,1,100,36.986
1738265037.135159,1308359.000,4604,1,T1,1,100,36.959
1738265037.268164,1308492.000,4619,1,T1,1,100,36.947
1738265037.401170,1308625.000,4635,1,T1,1,100,36.906
1738265037.535175,1308759.000,4666,1,T1,1,100,36.888
1738265037.668180,1308892.000,4686,1,T1,1,100,36.916
1738265037.801185,1309025.000,4702,1,T1,1,100,36.928
1738265037.935190,1309159.000,4733,1,T1,1,100,36.969
1738265038.068195,1309292.000,4748,1,T1,1,100,36.916
1738265038.201200,1309425.000,4765,1,T1,1,100,36.857
1738265038.335205,1309559.000,4797,1,T1,1,100,36.867
1738265038.468210,1309692.000,4814,1,T1,1,100,36.943
1738265038.601215,1309825.000,4831,1,T1,1,100,36.869
1738265038.735220,1309959.000,4863,1,T1,1,100,36.943
1738265038.868225,1310092.000,4879,1,T1,1,100,36.905
1738265039.001230,1310225.000,4895,1,T1,1,100,36.817
1738265039.135235,1310359.000,4910,1,T1,1,100,36.992
1738265039.268240,1310492.000,4943,1,T1,1,100,36.925
1738265039.401245,1310625.000,4959,1,T1,1,100,36.932
1738265039.534250,1310758.000,4977,1,T1,1,100,36.935
1738265039.668255,1310892.000,5007,1,T1,1,100,36.866
1738265039.801260,1311025.000,5023,1,T1,1,100,36.942
1738265039.934266,1311158.000,5039,1,T1,1,100,36.939
1738265040.068271,1311292.000,5069,1,T1,1,100,36.867
1738265040.201276,1311425.000,5088,1,T1,1,100,36.907
1738265040.334281,1311558.000,5103,1,T1,1,100,36.960
1738265040.468286,1311692.000,5138,1,T1,1,100,36.876
1738265040.601291,1311825.000,5154,1,T1,1,100,36.840
1738265040.734296,1311958.000,5169,1,T1,1,100,36.931
1738265040.868301,1312092.000,5200,1,T1,1,100,36.935
1738265041.001306,1312225.000,5216,1,T1,1,100,36.865
1738265041.134311,1312358.000,5233,1,T1,1,100,36.906
1738265041.268316,1312492.000,5250,1,T1,1,100,36.924
1738265041.401321,1312625.000,5280,1,T1,1,100,36.932
1738265041.534326,1312758.000,5296,1,T1,1,100,36.829
1738265041.668331,1312892.000,5312,1,T1,1,100,36.855
1738265041.801336,1313025.000,5343,1,T1,1,100,36.902
1738265041.934341,1313158.000,5358,1,T1,1,100,37.028
1738265042.068347,1313292.000,5374,1,T1,1,100,37.012
1738265042.201351,1313425.000,5405,1,T1,1,100,36.863
1738265042.334357,1313558.000,5420,1,T1,1,100,36.835
1738265042.467361,1313691.000,5436,1,T1,1,100,36.964
1738265042.601367,1313825.000,5467,1,T1,1,100,36.878
1738265042.734372,1313958.000,5487,1,T1,1,100,36.876
1738265042.868377,1314092.000,5506,1,T1,1,100,36.876
1738265043.001382,1314225.000,5536,1,T1,1,100,36.982
1738265043.134387,1314358.000,5551,1,T1,1,100,36.992
1738265043.267392,1314491.000,5572,1,T1,1,100,36.961
1738265043.401397,1314625.000,5587,1,T1,1,100,36.948
1738265043.534402,1314758.000,5618,1,T1,1,100,36.942
1738265043.667407,1314891.000,5634,1,T1,1,100,36.939
1738265043.801412,1315025.000,5649,1,T1,1,100,36.903
1738265043.934417,1315158.000,5680,1,T1,1,100,36.993
1738265044.067422,1315291.000,5696,1,T1,1,100,36.962
1738265044.201427,1315425.000,5712,1,T1,1,100,36.913
1738265044.334432,1315558.000,5745,2,T1,1,100,36.891
1738265044.467438,1315691.000,5745,2,T1,1,100,36.847
1738265044.601443,1315825.000,5761,1,T1,1,100,36.863
1738265044.734447,1315958.000,5791,1,T1,1,100,36.941
1738265044.867453,1316091.000,5810,1,T1,1,100,36.868
1738265045.001458,1316225.000,5825,1,T1,1,100,36.907
1738265045.134463,1316358.000,5856,1,T1,1,100,36.818
1738265045.267468,1316491.000,5872,1,T1,1,100,36.850
1738265045.401473,1316625.000,5887,1,T1,1,100,36.935
1738265045.534478,1316758.000,5918,1,T1,1,100,36.972
1738265045.667483,1316891.000,5934,1,T1,1,100,36.988
1738265045.801488,1317025.000,5949,1,T1,1,100,37.066
1738265045.934493,1317158.000,5980,1,T1,1,100,37.028
1738265046.067498,1317291.000,5996,1,T1,1,100,37.048
1738265046.200503,1317424.000,6012,1,T1,1,100,36.879
1738265046.334508,1317558.000,6028,1,T1,1,100,36.948
1738265046.467513,1317691.000,6061,1,T1,1,100,36.835
1738265046.600518,1317824.000,6076,1,T1,1,100,36.893
1738265046.734523,1317958.000,6094,1,T1,1,100,36.883
1738265046.867528,1318091.000,6112,1,T1,1,100,36.878
1738265047.000534,1318224.000,6142,1,T1,1,100,36.983
1738265047.134539,1318358.000,6158,1,T1,1,100,36.922
1738265047.267544,1318491.000,6176,1,T1,1,100,36.931
1738265047.400549,1318624.000,6206,1,T1,1,100,36.899
1738265047.534554,1318758.000,6223,1,T1,1,100,36.956
1738265047.667559,1318891.000,6238,1,T1,1,100,36.946
1738265047.801064,1319024.500,6274,2,T1,1,100,36.906
1738265047.934569,1319158.000,6274,2,T1,1,100,36.924
1738265048.067574,1319291.000,6290,1,T1,1,100,37.002
1738265048.200579,1319424.000,6323,1,T1,1,100,36.966
1738265048.334584,1319558.000,6340,1,T1,1,100,36.985
1738265048.467589,1319691.000,6358,1,T1,1,100,36.958
1738265048.600594,1319824.000,6376,1,T1,1,100,36.946
1738265048.734599,1319958.000,6406,1,T1,1,100,36.870
1738265048.867604,1320091.000,6423,1,T1,1,100,36.908
1738265049.000609,1320224.000,6440,1,T1,1,100,36.889
1738265049.133614,1320357.000,6471,1,T1,1,100,36.952
1738265049.267619,1320491.000,6487,1,T1,1,100,36.908
1738265049.400625,1320624.000,6502,1,T1,1,100,36.960
1738265049.533630,1320757.000,6533,1,T1,1,100,36.983
1738265049.667635,1320891.000,6553,1,T1,1,100,36.993
1738265049.800640,1321024.000,6568,1,T1,1,100,36.890
1738265049.933645,1321157.000,6585,1,T1,1,100,36.846
1738265050.067650,1321291.000,6615,1,T1,1,100,36.933
1738265050.200655,1321424.000,6633,1,T1,1,100,36.900
1738265050.333660,1321557.000,6649,1,T1,1,100,36.921
1738265050.467665,1321691.000,6680,1,T1,1,100,36.931
1738265050.600670,1321824.000,6695,1,T1,1,100,36.828
1738265050.733675,1321957.000,6711,1,T1,1,100,36.926
1738265050.867680,1322091.000,6729,1,T1,1,100,36.932
1738265051.000685,1322224.000,6761,1,T1,1,100,36.935
1738265051.133690,1322357.000,6777,1,T1,1,100,36.901
1738265051.267695,1322491.000,6793,1,T1,1,100,36.957
1738265051.400700,1322624.000,6823,1,T1,1,100,36.911
1738265051.533705,1322757.000,6840,1,T1,1,100,36.926
1738265051.667711,1322891.000,6855,1,T1,1,100,36.862
1738265051.800715,1323024.000,6871,1,T1,1,100,36.976
1738265051.933721,1323157.000,6904,1,T1,1,100,36.919
1738265052.067726,1323291.000,6919,1,T1,1,100,36.894
1738265052.200731,1323424.000,6937,1,T1,1,100,36.883
1738265052.333736,1323557.000,6968,1,T1,1,100,36.914
1738265052.466741,1323690.000,6983,1,T1,1,100,36.892
1738265052.600746,1323824.000,7000,1,T1,1,100,36.918
1738265052.733751,1323957.000,7015,1,T1,1,100,36.964
1738265052.866756,1324090.000,7048,1,T1,1,100,36.949
1738265053.000761,1324224.000,7069,1,T1,1,100,36.907
1738265053.133766,1324357.000,7084,1,T1,1,100,36.853
1738265053.266771,1324490.000,7103,1,T1,1,100,36.866
1738265053.400776,1324624.000,7118,1,T1,1,100,36.906
1738265053.533781,1324757.000,7149,1,T1,1,100,36.853
1738265053.666786,1324890.000,7165,1,T1,1,100,36.830
1738265053.800791,1325024.000,7182,1,T1,1,100,36.856
1738265053.933796,1325157.000,7213,1,T1,1,100,36.938
1738265054.066802,1325290.000,7229,1,T1,1,100,36.867
1738265054.200807,1325424.000,7247,1,T1,1,100,36.871
1738265054.333812,1325557.000,7277,1,T1,1,100,36.944
1738265054.466817,1325690.000,7293,1,T1,1,100,36.905
1738265054.600822,1325824.000,7309,1,T1,1,100,36.923
1738265054.733827,1325957.000,7341,1,T1,1,100,36.967
1738265054.866832,1326090.000,7358,1,T1,1,100,36.986
1738265055.000837,1326224.000,7375,1,T1,1,100,36.994
1738265055.133842,1326357.000,7391,1,T1,1,100,36.926
1738265055.266847,1326490.000,7422,1,T1,1,100,36.933
1738265055.400852,1326624.000,7437,1,T1,1,100,36.935
1738265055.533857,1326757.000,7454,1,T1,1,100,36.937
1738265055.666862,1326890.000,7473,1,T1,1,100,36.973
1738265055.800867,1327024.000,7504,1,T1,1,100,36.846
1738265055.933872,1327157.000,7520,1,T1,1,100,36.898
1738265056.066877,1327290.000,7535,1,T1,1,100,36.991
1738265056.199882,1327423.000,7566,1,T1,1,100,36.961
1738265056.333887,1327557.000,7582,1,T1,1,100,36.877
1738265056.466892,1327690.000,7597,1,T1,1,100,36.982
1738265056.599898,1327823.000,7628,1,T1,1,100,36.850
1738265056.733903,1327957.000,7644,1,T1,1,100,36.829
1738265056.866908,1328090.000,7662,1,T1,1,100,36.855
1738265056.999913,1328223.000,7678,1,T1,1,100,36.902
1738265057.133918,1328357.000,7711,1,T1,1,100,36.993
1738265057.266923,1328490.000,7726,1,T1,1,100,36.926
1738265057.399928,1328623.000,7744,1,T1,1,100,36.897
1738265057.533933,1328757.000,7759,1,T1,1,100,36.885
1738265057.666938,1328890.000,7792,1,T1,1,100,36.844
1738265057.799943,1329023.000,7808,1,T1,1,100,36.826
1738265057.933948,1329157.000,7824,1,T1,1,100,36.818
1738265058.066953,1329290.000,7861,1,T1,1,100,36.815
1738265058.199958,1329423.000,7878,1,T1,1,100,36.885
1738265058.333963,1329557.000,7895,1,T1,1,100,36.844
1738265058.466968,1329690.000,7926,1,T1,1,100,36.932
1738265058.599973,1329823.000,7942,1,T1,1,100,36.864
1738265058.733979,1329957.000,7957,1,T1,1,100,36.870
1738265058.866983,1330090.000,7991,2,T1,1,100,36.944
1738265058.999989,1330223.000,7991,2,T1,1,100,36.940
1738265059.133494,1330356.500,8008,2,T1,1,100,36.974
1738265059.266999,1330490.000,8008,2,T1,1,100,36.918
1738265059.400004,1330623.000,8027,2,T1,1,100,36.858
1738265059.533009,1330756.000,8027,2,T1,1,100,36.868
1738265059.667014,1330890.000,8042,1,T1,1,100,36.907
1738265059.800019,1331023.000,8058,1,T1,1,100,36.924
1738265059.934024,1331157.000,8074,1,T1,1,100,36.861
1738265060.067029,1331290.000,8106,1,T1,1,100,36.975
1738265060.200034,1331423.000,8123,1,T1,1,100,36.812
1738265060.333039,1331556.000,8138,1,T1,1,100,36.848
1738265060.467044,1331690.000,8169,1,T1,1,100,36.828
1738265060.600049,1331823.000,8185,1,T1,1,100,36.925
1738265060.733054,1331956.000,8200,1,T1,1,100,36.932
1738265060.867059,1332090.000,8231,1,T1,1,100,36.900
1738265061.000064,1332223.000,8247,1,T1,1,100,36.850
1738265061.133070,1332356.000,8262,1,T1,1,100,36.935
1738265061.267075,1332490.000,8295,1,T1,1,100,37.043
1738265061.400079,1332623.000,8311,1,T1,1,100,36.983
1738265061.533085,1332756.000,8329,1,T1,1,100,36.957
1738265061.667090,1332890.000,8359,1,T1,1,100,36.981
1738265061.800095,1333023.000,8375,1,T1,1,100,36.921
1738265061.933100,1333156.000,8391,1,T1,1,100,36.859
1738265062.067105,1333290.000,8407,1,T1,1,100,36.868
1738265062.200110,1333423.000,8438,1,T1,1,100,36.943
1738265062.333115,1333556.000,8455,1,T1,1,100,36.869
1738265062.466120,1333689.000,8471,1,T1,1,100,36.872
1738265062.600125,1333823.000,8506,1,T1,1,100,36.909
1738265062.733130,1333956.000,8521,1,T1,1,100,37.032
1738265062.866135,1334089.000,8540,1,T1,1,100,36.978
1738265063.000140,1334223.000,8570,1,T1,1,100,36.920
1738265063.133145,1334356.000,8587,1,T1,1,100,36.859
1738265063.266150,1334489.000,8611,1,T1,1,100,36.974
1738265063.400156,1334623.000,8641,1,T1,1,100,36.918
1738265063.533160,1334756.000,8657,1,T1,1,100,36.929
1738265063.666166,1334889.000,8675,1,T1,1,100,36.863
1738265063.800171,1335023.000,8708,1,T1,1,100,36.941
1738265063.933176,1335156.000,8723,1,T1,1,100,36.939
1738265064.067181,1335290.000,8741,1,T1,1,100,36.867
1738265064.200186,1335423.000,8756,1,T1,1,100,36.943
1738265064.333191,1335556.000,8789,1,T1,1,100,37.011
1738265064.466196,1335689.000,8805,1,T1,1,100,36.898
1738265064.600201,1335823.000,8823,1,T1,1,100,36.920
1738265064.733206,1335956.000,8853,1,T1,1,100,36.859
1738265064.866211,1336089.000,8870,1,T1,1,100,36.904
1738265065.000216,1336223.000,8885,1,T1,1,100,36.958
1738265065.133221,1336356.000,8918,1,T1,1,100,36.840
1738265065.266226,1336489.000,8934,1,T1,1,100,36.754
1738265065.400231,1336623.000,8949,1,T1,1,100,36.787
1738265065.533236,1336756.000,8980,1,T1,1,100,36.801
1738265065.666241,1336889.000,8996,1,T1,1,100,36.843
1738265065.799246,1337022.000,9011,1,T1,1,100,36.968
1738265065.933251,1337156.000,9044,1,T1,1,100,37.021
1738265066.066257,1337289.000,9060,1,T1,1,100,36.974
1738265066.199262,1337422.000,9076,1,T1,1,100,36.989
1738265066.333267,1337556.000,9106,1,T1,1,100,36.924
1738265066.466272,1337689.000,9122,1,T1,1,100,36.932
1738265066.599277,1337822.000,9138,1,T1,1,100,36.935
1738265066.733282,1337956.000,9154,1,T1,1,100,36.866
1738265066.866287,1338089.000,9185,1,T1,1,100,36.942
1738265066.999292,1338222.000,9200,1,T1,1,100,37.010
1738265067.133297,1338356.000,9216,1,T1,1,100,36.969
1738265067.266302,1338489.000,9249,1,T1,1,100,36.916
1738265067.399307,1338622.000,9264,1,T1,1,100,36.964
1738265067.533312,1338756.000,9281,1,T1,1,100,36.949
1738265067.666317,1338889.000,9311,1,T1,1,100,36.836
1738265067.799322,1339022.000,9328,1,T1,1,100,36.858
1738265067.933327,1339156.000,9345,1,T1,1,100,36.903
1738265068.066332,1339289.000,9377,1,T1,1,100,36.923
1738265068.199337,1339422.000,9393,1,T1,1,100,36.931
1738265068.333343,1339556.000,9416,1,T1,1,100,36.828
1738265068.466347,1339689.000,9434,1,T1,1,100,36.890
1738265068.599353,1339822.000,9450,1,T1,1,100,36.917
1738265068.733358,1339956.000,9482,1,T1,1,100,36.929
1738265068.866363,1340089.000,9499,1,T1,1,100,36.898
1738265068.999368,1340222.000,9514,1,T1,1,100,36.956
1738265069.132373,1340355.000,9545,1,T1,1,100,36.945
1738265069.266378,1340489.000,9561,1,T1,1,100,36.870
1738265069.399383,1340622.000,9580,1,T1,1,100,36.944
1738265069.532388,1340755.000,9611,1,T1,1,100,37.011
1738265069.666393,1340889.000,9627,1,T1,1,100,36.934
1738265069.799398,1341022.000,9642,1,T1,1,100,36.971
1738265069.932403,1341155.000,9675,1,T1,1,100,36.846
1738265070.066408,1341289.000,9691,1,T1,1,100,36.898
1738265070.199413,1341422.000,9707,1,T1,1,100,36.920
1738265070.332418,1341555.000,9723,1,T1,1,100,36.895
1738265070.466424,1341689.000,9754,1,T1,1,100,36.813
1738265070.599428,1341822.000,9769,1,T1,1,100,36.848
1738265070.732434,1341955.000,9785,1,T1,1,100,36.863
1738265070.866439,1342089.000,9816,1,T1,1,100,36.834
1738265070.999444,1342222.000,9831,1,T1,1,100,36.857
1738265071.132449,1342355.000,9849,1,T1,1,100,36.938
1738265071.266454,1342489.000,9880,1,T1,1,100,36.867
1738265071.399459,1342622.000,9895,1,T1,1,100,36.801
1738265071.532464,1342755.000,9914,1,T1,1,100,36.843
1738265071.666469,1342889.000,9946,1,T1,1,100,36.932
1738265071.799474,1343022.000,9961,1,T1,1,100,36.935
1738265071.932479,1343155.000,9978,1,T1,1,100,36.901
1738265072.066484,1343289.000,10008,1,T1,1,100,37.064
1738265072.199489,1343422.000,10024,1,T1,1,100,37.027
1738265072.332494,1343555.000,10040,1,T1,1,100,36.906
1738265072.465499,1343688.000,10055,1,T1,1,100,36.959
1738265072.599504,1343822.000,10086,1,T1,1,100,36.911
1738265072.732509,1343955.000,10102,1,T1,1,100,36.926
1738265072.865514,1344088.000,10118,1,T1,1,100,36.897
1738265072.999520,1344222.000,10150,1,T1,1,100,36.920
1738265073.132524,1344355.000,10166,1,T1,1,100,36.930
1738265073.265530,1344488.000,10188,1,T1,1,100,36.899
1738265073.399535,1344622.000,10223,1,T1,1,100,36.921
1738265073.532540,1344755.000,10242,1,T1,1,100,36.895
1738265073.665545,1344888.000,10257,1,T1,1,100,36.919
1738265073.799550,1345022.000,10288,1,T1,1,100,36.930
1738265073.932555,1345155.000,10304,1,T1,1,100,36.863
1738265074.066560,1345289.000,10319,1,T1,1,100,36.905
1738265074.199565,1345422.000,10350,1,T1,1,100,37.030
1738265074.332570,1345555.000,10366,1,T1,1,100,36.907
1738265074.465575,1345688.000,10383,1,T1,1,100,36.853
1738265074.599580,1345822.000,10402,1,T1,1,100,36.901
1738265074.732585,1345955.000,10432,1,T1,1,100,36.922
1738265074.865590,1346088.000,10450,1,T1,1,100,36.860
1738265074.999595,1346222.000,10466,1,T1,1,100,36.904
1738265075.132600,1346355.000,10499,1,T1,1,100,36.817
1738265075.265605,1346488.000,10516,1,T1,1,100,36.814
1738265075.399611,1346622.000,10532,1,T1,1,100,36.884
1738265075.532615,1346755.000,10563,1,T1,1,100,36.914
1738265075.665621,1346888.000,10582,1,T1,1,100,36.786
1738265075.798626,1347021.000,10598,1,T1,1,100,36.943
1738265075.932631,1347155.000,10629,1,T1,1,100,36.940
1738265076.065636,1347288.000,10644,1,T1,1,100,36.938
1738265076.198641,1347421.000,10661,1,T1,1,100,36.867
1738265076.332646,1347555.000,10693,1,T1,1,100,36.907
1738265076.465651,1347688.000,10710,1,T1,1,100,36.889
1738265076.598656,1347821.000,10727,1,T1,1,100,36.810
1738265076.732661,1347955.000,10759,1,T1,1,100,36.811
1738265076.865666,1348088.000,10775,1,T1,1,100,36.848
1738265076.998671,1348221.000,10791,1,T1,1,100,36.792
1738265077.132676,1348355.000,10806,1,T1,1,100,36.804
1738265077.265681,1348488.000,10837,1,T1,1,100,36.880
1738265077.398686,1348621.000,10853,1,T1,1,100,36.912
1738265077.532691,1348755.000,10871,1,T1,1,100,36.962
1738265077.665696,1348888.000,10889,1,T1,1,100,36.984
1738265077.798702,1349021.000,10904,1,T1,1,100,36.922
1738265077.932707,1349155.000,10937,1,T1,1,100,36.966
1738265078.065711,1349288.000,10953,1,T1,1,100,36.950
1738265078.198717,1349421.000,10969,1,T1,1,100,36.837
1738265078.332722,1349555.000,11001,1,T1,1,100,36.929
1738265078.465727,1349688.000,11019,1,T1,1,100,36.934
1738265078.598732,1349821.000,11040,1,T1,1,100,36.936
1738265078.732737,1349955.000,11070,1,T1,1,100,36.937
1738265078.865742,1350088.000,11087,1,T1,1,100,36.902
1738265078.998747,1350221.000,11104,1,T1,1,100,36.922
1738265079.132752,1350355.000,11137,1,T1,1,100,36.895
1738265079.265757,1350488.000,11153,1,T1,1,100,36.919
1738265079.398762,1350621.000,11168,1,T1,1,100,36.965
1738265079.531767,1350754.000,11184,1,T1,1,100,36.914
1738265079.665772,1350888.000,11215,1,T1,1,100,36.892
1738265079.798777,1351021.000,11230,1,T1,1,100,36.847
1738265079.931782,1351154.000,11247,1,T1,1,100,36.827
1738265080.065788,1351288.000,11277,1,T1,1,100,36.925
1738265080.198792,1351421.000,11295,1,T1,1,100,36.861
1738265080.331798,1351554.000,11313,1,T1,1,100,36.869
1738265080.465803,1351688.000,11344,1,T1,1,100,36.943
1738265080.598808,1351821.000,11359,1,T1,1,100,36.940
1738265080.731813,1351954.000,11375,1,T1,1,100,36.832
1738265080.865818,1352088.000,11406,1,T1,1,100,36.892
1738265080.998823,1352221.000,11421,1,T1,1,100,36.918
1738265081.131828,1352354.000,11437,1,T1,1,100,36.858
1738265081.265833,1352488.000,11470,1,T1,1,100,36.939
1738265081.398838,1352621.000,11485,1,T1,1,100,36.903
1738265081.531843,1352754.000,11504,1,T1,1,100,36.887
1738265081.665848,1352888.000,11519,1,T1,1,100,36.916
1738265081.798853,1353021.000,11550,1,T1,1,100,36.857
1738265081.931858,1353154.000,11566,1,T1,1,100,36.832
1738265082.065863,1353288.000,11581,1,T1,1,100,36.892
1738265082.198868,1353421.000,11614,1,T1,1,100,36.918
1738265082.331873,1353554.000,11630,1,T1,1,100,36.858
1738265082.464879,1353687.000,11645,1,T1,1,100,37.009
1738265082.598884,1353821.000,11678,1,T1,1,100,36.969
1738265082.731889,1353954.000,11694,1,T1,1,100,36.986
1738265082.864894,1354087.000,11710,1,T1,1,100,36.923
1738265082.998899,1354221.000,11742,1,T1,1,100,36.931
1738265083.131904,1354354.000,11758,1,T1,1,100,36.899
1738265083.264909,1354487.000,11776,1,T1,1,100,36.921
1738265083.398914,1354621.000,11792,1,T1,1,100,36.859
1738265083.531919,1354754.000,11825,1,T1,1,100,36.868
1738265083.664924,1354887.000,11845,1,T1,1,100,36.908
1738265083.798929,1355021.000,11861,1,T1,1,100,36.854
1738265083.931934,1355154.000,11894,1,T1,1,100,36.866
1738265084.064939,1355287.000,11909,1,T1,1,100,36.836
1738265084.198944,1355421.000,11928,1,T1,1,100,36.893
1738265084.331949,1355554.000,11960,1,T1,1,100,36.918
1738265084.464954,1355687.000,11975,1,T1,1,100,36.858
1738265084.598959,1355821.000,11992,1,T1,1,100,36.939
1738265084.731964,1355954.000,12022,1,T1,1,100,36.903
1738265084.864969,1356087.000,12038,1,T1,1,100,36.887
1738265084.998975,1356221.000,12054,1,T1,1,100,36.880
1738265085.131980,1356354.000,12087,1,T1,1,100,36.984
1738265085.264985,1356487.000,12102,1,T1,1,100,36.957
1738265085.398990,1356621.000,12118,1,T1,1,100,36.875
1738265085.531995,1356754.000,12151,1,T1,1,100,36.875
1738265085.665000,1356887.000,12166,1,T1,1,100,36.981
1738265085.799005,1357021.000,12182,1,T1,1,100,36.956
1738265085.932010,1357154.000,12198,1,T1,1,100,36.981
1738265086.065015,1357287.000,12230,1,T1,1,100,36.921
1738265086.198020,1357420.000,12247,1,T1,1,100,37.037
1738265086.332025,1357554.000,12262,1,T1,1,100,37.016
1738265086.465030,1357687.000,12295,1,T1,1,100,36.936
1738265086.599035,1357821.000,12311,1,T1,1,100,36.830
1738265086.732040,1357954.000,12326,1,T1,1,100,36.962
1738265086.865045,1358087.000,12357,1,T1,1,100,36.984
1738265086.998050,1358220.000,12373,1,T1,1,100,36.957
1738265087.132056,1358354.000,12388,1,T1,1,100,36.875
1738265087.265060,1358487.000,12419,1,T1,1,100,36.840
1738265087.398066,1358620.000,12435,1,T1,1,100,36.824
1738265087.532071,1358754.000,12451,1,T1,1,100,36.818
1738265087.665076,1358887.000,12483,1,T1,1,100,36.886
1738265087.798081,1359020.000,12499,1,T1,1,100,36.915
1738265087.932086,1359154.000,12515,1,T1,1,100,36.928
1738265088.065091,1359287.000,12533,1,T1,1,100,36.933
1738265088.198096,1359420.000,12566,1,T1,1,100,36.865
1738265088.332101,1359554.000,12581,1,T1,1,100,36.906
1738265088.465106,1359687.000,12597,1,T1,1,100,36.924
1738265088.598111,1359820.000,12628,1,T1,1,100,36.967
1738265088.732116,1359954.000,12648,1,T1,1,100,36.950
1738265088.865121,1360087.000,12665,1,T1,1,100,36.943
1738265088.998126,1360220.000,12680,1,T1,1,100,36.940
1738265089.132131,1360354.000,12711,1,T1,1,100,36.939
1738265089.265136,1360487.000,12729,1,T1,1,100,36.973
1738265089.398141,1360620.000,12744,1,T1,1,100,37.059
1738265089.531147,1360753.000,12775,1,T1,1,100,36.990
1738265089.665152,1360887.000,12791,1,T1,1,100,36.818
1738265089.798156,1361020.000,12808,1,T1,1,100,36.851
1738265089.931162,1361153.000,12839,1,T1,1,100,36.900
1738265090.065167,1361287.000,12857,1,T1,1,100,36.957
1738265090.198172,1361420.000,12875,1,T1,1,100,36.910
1738265090.331177,1361553.000,12907,1,T1,1,100,36.855
1738265090.465182,1361687.000,12923,1,T1,1,100,36.973
1738265090.598187,1361820.000,12939,1,T1,1,100,36.882
1738265090.731192,1361953.000,12955,1,T1,1,100,36.878
1738265090.865197,1362087.000,12988,1,T1,1,100,36.876
1738265090.998202,1362220.000,13005,1,T1,1,100,36.946
1738265091.131207,1362353.000,13023,1,T1,1,100,36.977
1738265091.265212,1362487.000,13054,1,T1,1,100,36.955
1738265091.398217,1362620.000,13069,1,T1,1,100,36.909
1738265091.531222,1362753.000,13086,1,T1,1,100,36.996
1738265091.665227,1362887.000,13116,1,T1,1,100,36.927
1738265091.798232,1363020.000,13131,1,T1,1,100,36.827
1738265091.931237,1363153.000,13148,1,T1,1,100,36.854
1738265092.065243,1363287.000,13180,1,T1,1,100,36.937
1738265092.198248,1363420.000,13196,1,T1,1,100,36.902
1738265092.331253,1363553.000,13212,1,T1,1,100,36.816
1738265092.465258,1363687.000,13243,1,T1,1,100,36.885
1738265092.598263,1363820.000,13258,1,T1,1,100,36.950
1738265092.731268,1363953.000,13274,1,T1,1,100,36.908
1738265092.864273,1364086.000,13289,1,T1,1,100,36.925
1738265092.998278,1364220.000,13322,1,T1,1,100,36.932
1738265093.131283,1364353.000,13338,1,T1,1,100,36.935
1738265093.264288,1364486.000,13356,1,T1,1,100,37.007
1738265093.398293,1364620.000,13388,1,T1,1,100,36.932
1738265093.531298,1364753.000,13405,1,T1,1,100,36.935
1738265093.664303,1364886.000,13422,1,T1,1,100,37.007
1738265093.797808,1365019.500,13457,2,T1,1,100,36.932
1738265093.931313,1365153.000,13457,2,T1,1,100,36.829
1738265094.064318,1365286.000,13472,1,T1,1,100,36.784
1738265094.198323,1365420.000,13503,1,T1,1,100,36.871
1738265094.331328,1365553.000,13521,1,T1,1,100,36.944
1738265094.464334,1365686.000,13536,1,T1,1,100,36.905
1738265094.598339,1365820.000,13553,1,T1,1,100,36.923
1738265094.731344,1365953.000,13583,1,T1,1,100,36.825
1738265094.864349,1366086.000,13601,1,T1,1,100,36.853
1738265094.998354,1366220.000,13617,1,T1,1,100,36.795
1738265095.131359,1366353.000,13650,1,T1,1,100,36.982
1738265095.264364,1366486.000,13665,1,T1,1,100,36.850
1738265095.398369,1366620.000,13681,1,T1,1,100,36.935
1738265095.531374,1366753.000,13712,1,T1,1,100,36.866
1738265095.664379,1366886.000,13727,1,T1,1,100,36.871
1738265095.798384,1367020.000,13743,1,T1,1,100,36.944
1738265095.931389,1367153.000,13776,1,T1,1,100,36.976
1738265096.064394,1367286.000,13791,1,T1,1,100,36.954
1738265096.197399,1367419.000,13808,1,T1,1,100,36.909
1738265096.331404,1367553.000,13838,1,T1,1,100,36.854
1738265096.464409,1367686.000,13855,1,T1,1,100,36.866
1738265096.597414,1367819.000,13872,1,T1,1,100,36.836
1738265096.731420,1367953.000,13887,1,T1,1,100,36.964
1738265096.864424,1368086.000,13918,1,T1,1,100,36.949
1738265096.997430,1368219.000,13934,1,T1,1,100,36.907
1738265097.131435,1368353.000,13949,1,T1,1,100,36.889
1738265097.264440,1368486.000,13980,1,T1,1,100,36.916
1738265097.397445,1368619.000,13996,1,T1,1,100,36.822
1738265097.531450,1368753.000,14012,1,T1,1,100,36.888
1738265097.664455,1368886.000,14044,1,T1,1,100,36.845
1738265097.797460,1369019.000,14060,1,T1,1,100,36.897
1738265097.931465,1369153.000,14076,1,T1,1,100,36.885
1738265098.064470,1369286.000,14108,1,T1,1,100,36.844
1738265098.197475,1369419.000,14125,1,T1,1,100,36.897
1738265098.331480,1369553.000,14144,1,T1,1,100,36.920
1738265098.464485,1369686.000,14175,1,T1,1,100,36.894
1738265098.597490,1369819.000,14191,1,T1,1,100,36.883
1738265098.731495,1369953.000,14206,1,T1,1,100,36.879
1738265098.864500,1370086.000,14222,1,T1,1,100,36.912
1738265098.997505,1370219.000,14262,1,T1,1,100,36.820
1738265099.131510,1370353.000,14277,1,T1,1,100,36.887
1738265099.264516,1370486.000,14294,1,T1,1,100,36.951
1738265099.397521,1370619.000,14324,1,T1,1,100,36.908
1738265099.530526,1370752.000,14340,1,T1,1,100,36.960
1738265099.664531,1370886.000,14356,1,T1,1,100,36.876
1738265099.797536,1371019.000,14389,1,T1,1,100,36.876
1738265099.930541,1371152.000,14404,1,T1,1,100,36.840
1738265100.064546,1371286.000,14420,1,T1,1,100,36.895
1738265100.197551,1371419.000,14451,1,T1,1,100,36.884
1738265100.330556,1371552.000,14466,1,T1,1,100,36.914
1738265100.464561,1371686.000,14482,1,T1,1,100,36.927
1738265100.597566,1371819.000,14513,1,T1,1,100,36.933
1738265100.730571,1371952.000,14528,1,T1,1,100,36.865
1738265100.864576,1372086.000,14545,1,T1,1,100,36.871
1738265100.997581,1372219.000,14560,1,T1,1,100,36.873
1738265101.130586,1372352.000,14592,1,T1,1,100,36.839
1738265101.264591,1372486.000,14609,1,T1,1,100,36.895
1738265101.397596,1372619.000,14626,1,T1,1,100,36.954
1738265101.530602,1372752.000,14657,1,T1,1,100,36.945
1738265101.664607,1372886.000,14673,1,T1,1,100,36.905
1738265101.797612,1373019.000,14690,1,T1,1,100,36.888
1738265101.930617,1373152.000,14721,1,T1,1,100,36.952
1738265102.064622,1373286.000,14737,1,T1,1,100,36.873
1738265102.197627,1373419.000,14755,1,T1,1,100,36.839
1738265102.330632,1373552.000,14785,1,T1,1,100,36.859
1738265102.464637,1373686.000,14801,1,T1,1,100,36.975
1738265102.597642,1373819.000,14817,1,T1,1,100,36.847
1738265102.730647,1373952.000,14847,1,T1,1,100,36.863
1738265102.863652,1374085.000,14864,1,T1,1,100,36.834
1738265102.997657,1374219.000,14879,1,T1,1,100,36.893
1738265103.130662,1374352.000,14897,1,T1,1,100,36.883
1738265103.263667,1374485.000,14930,1,T1,1,100,36.878
1738265103.397672,1374619.000,14945,1,T1,1,100,36.876
1738265103.530677,1374752.000,14962,1,T1,1,100,36.805
1738265103.663682,1374885.000,14994,1,T1,1,100,36.774
1738265103.797688,1375019.000,15009,1,T1,1,100,36.760
1738265103.930692,1375152.000,15026,1,T1,1,100,36.790
1738265104.063698,1375285.000,15061,1,T1,1,100,36.909
1738265104.197703,1375419.000,15077,1,T1,1,100,36.854
1738265104.330708,1375552.000,15093,1,T1,1,100,36.831
1738265104.463713,1375685.000,15108,1,T1,1,100,36.856
1738265104.597718,1375819.000,15141,1,T1,1,100,36.938
1738265104.730723,1375952.000,15157,1,T1,1,100,36.831
1738265104.863728,1376085.000,15173,1,T1,1,100,36.856
1738265104.997733,1376219.000,15203,1,T1,1,100,36.902
1738265105.130738,1376352.000,15219,1,T1,1,100,36.958
1738265105.263743,1376485.000,15235,1,T1,1,100,36.946
1738265105.397748,1376619.000,15265,1,T1,1,100,36.941
1738265105.530753,1376752.000,15282,1,T1,1,100,37.010
1738265105.663758,1376885.000,15297,1,T1,1,100,37.004
1738265105.797763,1377019.000,15328,1,T1,1,100,36.966
1738265105.930768,1377152.000,15344,1,T1,1,100,36.879
1738265106.063773,1377285.000,15359,1,T1,1,100,36.948
1738265106.197778,1377419.000,15390,1,T1,1,100,36.942
1738265106.330784,1377552.000,15408,1,T1,1,100,36.975
1738265106.463789,1377685.000,15424,1,T1,1,100,36.847
1738265106.596794,1377818.000,15442,1,T1,1,100,36.898
1738265106.730799,1377952.000,15474,1,T1,1,100,36.921
1738265106.863804,1378085.000,15491,1,T1,1,100,36.930
1738265106.996809,1378218.000,15508,1,T1,1,100,36.863
1738265107.130814,1378352.000,15541,1,T1,1,100,36.905
1738265107.263819,1378485.000,15557,1,T1,1,100,36.817
1738265107.396824,1378618.000,15574,1,T1,1,100,36.921
1738265107.530829,1378752.000,15607,1,T1,1,100,36.859
1738265107.663834,1378885.000,15623,1,T1,1,100,36.868
1738265107.796839,1379018.000,15640,1,T1,1,100,36.908
1738265107.930844,1379152.000,15671,1,T1,1,100,36.889
1738265108.063849,1379285.000,15686,1,T1,1,100,36.952
1738265108.196854,1379418.000,15703,1,T1,1,100,36.944
1738265108.330859,1379552.000,15735,1,T1,1,100,36.940
1738265108.463864,1379685.000,15751,1,T1,1,100,36.939
1738265108.596869,1379818.000,15769,1,T1,1,100,36.903
1738265108.730875,1379952.000,15785,1,T1,1,100,36.922
1738265108.863880,1380085.000,15818,1,T1,1,100,36.966
1738265108.996885,1380218.000,15835,1,T1,1,100,36.879
1738265109.129890,1380351.000,15850,1,T1,1,100,36.948
1738265109.263395,1380484.500,15887,2,T1,1,100,36.977
1738265109.396900,1380618.000,15887,2,T1,1,100,36.919
1738265109.529905,1380751.000,15918,1,T1,1,100,36.823
1738265109.663910,1380885.000,15933,1,T1,1,100,36.853
1738265109.796915,1381018.000,15951,1,T1,1,100,36.972
1738265109.929920,1381151.000,15982,1,T1,1,100,36.881
1738265110.063925,1381285.000,15997,1,T1,1,100,36.913
1738265110.196930,1381418.000,16014,1,T1,1,100,36.962
1738265110.329935,1381551.000,16044,1,T1,1,100,36.913
1738265110.463940,1381685.000,16059,1,T1,1,100,36.927
1738265110.596945,1381818.000,16076,1,T1,1,100,36.933
1738265110.729950,1381951.000,16093,1,T1,1,100,36.971
1738265110.863955,1382085.000,16124,1,T1,1,100,36.987
1738265110.996960,1382218.000,16141,1,T1,1,100,36.888
1738265111.129966,1382351.000,16156,1,T1,1,100,36.881
1738265111.263971,1382485.000,16187,1,T1,1,100,36.984
1738265111.396976,1382618.000,16203,1,T1,1,100,36.958
1738265111.529981,1382751.000,16221,1,T1,1,100,36.982
1738265111.663986,1382885.000,16251,1,T1,1,100,36.886
1738265111.796991,1383018.000,16267,1,T1,1,100,36.986
1738265111.929996,1383151.000,16285,1,T1,1,100,37.029
1738265112.064001,1383285.000,16315,1,T1,1,100,37.048
1738265112.197006,1383418.000,16332,1,T1,1,100,36.950
1738265112.330011,1383551.000,16347,1,T1,1,100,37.014
1738265112.464016,1383685.000,16380,1,T1,1,100,37.041
1738265112.597021,1383818.000,16398,1,T1,1,100,37.018
1738265112.730026,1383951.000,16413,1,T1,1,100,36.937
1738265112.863031,1384084.000,16429,1,T1,1,100,37.008
1738265112.997036,1384218.000,16460,1,T1,1,100,36.897
1738265113.130041,1384351.000,16475,1,T1,1,100,36.849
1738265113.263047,1384484.000,16492,1,T1,1,100,36.864
1738265113.397052,1384618.000,16524,1,T1,1,100,36.835
1738265113.530056,1384751.000,16540,1,T1,1,100,36.928
1738265113.663062,1384884.000,16556,1,T1,1,100,36.934
1738265113.797067,1385018.000,16587,1,T1,1,100,36.900
1738265113.930072,1385151.000,16602,1,T1,1,100,36.992
1738265114.063077,1385284.000,16618,1,T1,1,100,36.961
1738265114.197082,1385418.000,16651,1,T1,1,100,36.912
1738265114.330087,1385551.000,16671,1,T1,1,100,36.962
1738265114.463092,1385684.000,16687,1,T1,1,100,36.948
1738265114.597097,1385818.000,16703,1,T1,1,100,36.942
1738265114.730102,1385951.000,16733,1,T1,1,100,36.975
1738265114.863107,1386084.000,16750,1,T1,1,100,36.989
1738265114.997112,1386218.000,16765,1,T1,1,100,36.995
1738265115.130117,1386351.000,16796,1,T1,1,100,36.963
1738265115.263122,1386484.000,16812,1,T1,1,100,36.948
1738265115.397127,1386618.000,16827,1,T1,1,100,36.836
1738265115.530133,1386751.000,16843,1,T1,1,100,36.929
1738265115.663137,1386884.000,16874,1,T1,1,100,36.898
1738265115.796143,1387017.000,16889,1,T1,1,100,36.885
1738265115.930148,1387151.000,16906,1,T1,1,100,36.879
1738265116.063153,1387284.000,16936,1,T1,1,100,36.948
1738265116.196158,1387417.000,16952,1,T1,1,100,36.942
1738265116.330163,1387551.000,16968,1,T1,1,100,36.939
1738265116.463168,1387684.000,16999,1,T1,1,100,36.903
1738265116.596173,1387817.000,17014,1,T1,1,100,36.923
1738265116.730178,1387951.000,17030,1,T1,1,100,36.896
1738265116.863183,1388084.000,17061,1,T1,1,100,36.848
1738265116.996188,1388217.000,17076,1,T1,1,100,36.828
1738265117.130193,1388351.000,17092,1,T1,1,100,36.855
1738265117.263198,1388484.000,17123,1,T1,1,100,36.866
1738265117.396203,1388617.000,17138,1,T1,1,100,36.907
1738265117.530208,1388751.000,17155,1,T1,1,100,36.924
1738265117.663213,1388884.000,17185,1,T1,1,100,37.003
1738265117.796218,1389017.000,17200,1,T1,1,100,37.001
1738265117.930223,1389151.000,17217,1,T1,1,100,36.859
1738265118.063228,1389284.000,17232,1,T1,1,100,36.974
1738265118.196234,1389417.000,17263,1,T1,1,100,36.989
1738265118.330239,1389551.000,17283,1,T1,1,100,36.924
1738265118.463244,1389684.000,17298,1,T1,1,100,37.003
1738265118.596249,1389817.000,17329,1,T1,1,100,37.037
1738265118.730254,1389951.000,17345,1,T1,1,100,37.016
1738265118.863259,1390084.000,17361,1,T1,1,100,37.042
1738265118.996264,1390217.000,17391,1,T1,1,100,36.983
1738265119.130269,1390351.000,17407,1,T1,1,100,36.993
1738265119.263274,1390484.000,17426,1,T1,1,100,37.032
1738265119.396779,1390617.500,17464,2,T1,1,100,36.908
1738265119.530284,1390751.000,17464,2,T1,1,100,36.854
1738265119.663289,1390884.000,17497,1,T1,1,100,36.937
1738265119.796294,1391017.000,17512,1,T1,1,100,36.937
1738265119.930299,1391151.000,17529,1,T1,1,100,36.937
1738265120.063304,1391284.000,17559,1,T1,1,100,36.937
1738265120.196309,1391417.000,17575,1,T1,1,100,36.937
1738265120.329314,1391550.000,17591,1,T1,1,100,36.937
1738265120.463320,1391684.000,17622,1,T1,1,100,36.937
1738265120.596324,1391817.000,17637,1,T1,1,100,37.008
1738265120.729330,1391950.000,17653,1,T1,1,100,37.004
1738265120.863335,1392084.000,17686,1,T1,1,100,36.966
1738265120.996340,1392217.000,17701,1,T1,1,100,36.950
1738265121.129345,1392350.000,17717,1,T1,1,100,36.943
1738265121.263350,1392484.000,17748,1,T1,1,100,37.011
1738265121.396355,1392617.000,17763,1,T1,1,100,36.969
1738265121.529360,1392750.000,17780,1,T1,1,100,36.987
1738265121.663365,1392884.000,17795,1,T1,1,100,36.959
1738265121.796370,1393017.000,17825,1,T1,1,100,36.982
1738265121.929375,1393150.000,17842,1,T1,1,100,36.921
1738265122.063380,1393284.000,17857,1,T1,1,100,36.931
1738265122.196385,1393417.000,17888,1,T1,1,100,36.970
1738265122.329390,1393550.000,17906,1,T1,1,100,36.987
1738265122.462395,1393683.000,17921,1,T1,1,100,36.959
1738265122.596400,1393817.000,17954,1,T1,1,100,36.911
1738265122.729405,1393950.000,17970,1,T1,1,100,36.891
1738265122.862411,1394083.000,17986,1,T1,1,100,36.953
1738265122.996416,1394217.000,18016,1,T1,1,100,36.873
1738265123.129421,1394350.000,18032,1,T1,1,100,36.874
1738265123.262426,1394483.000,18050,1,T1,1,100,36.946
1738265123.396431,1394617.000,18080,1,T1,1,100,36.976
1738265123.529436,1394750.000,18097,1,T1,1,100,36.883
1738265123.662441,1394883.000,18112,1,T1,1,100,36.843
1738265123.796446,1395017.000,18128,1,T1,1,100,36.897
1738265123.929451,1395150.000,18159,1,T1,1,100,36.849
1738265124.062456,1395283.000,18174,1,T1,1,100,36.864
1738265124.196461,1395417.000,18193,1,T1,1,100,36.870
1738265124.329466,1395550.000,18223,1,T1,1,100,36.908
1738265124.462471,1395683.000,18238,1,T1,1,100,36.889
1738265124.596476,1395817.000,18260,1,T1,1,100,36.988
1738265124.729481,1395950.000,18290,1,T1,1,100,36.959
1738265124.862486,1396083.000,18306,1,T1,1,100,36.911
1738265124.996491,1396217.000,18324,1,T1,1,100,36.962
1738265125.129497,1396350.000,18355,1,T1,1,100,36.948
1738265125.262501,1396483.000,18370,1,T1,1,100,36.871
1738265125.396507,1396617.000,18388,1,T1,1,100,37.015
1738265125.529512,1396750.000,18403,1,T1,1,100,36.971
1738265125.662517,1396883.000,18434,1,T1,1,100,36.952
1738265125.796522,1397017.000,18450,1,T1,1,100,36.944
1738265125.929527,1397150.000,18466,1,T1,1,100,36.940
1738265126.062532,1397283.000,18496,1,T1,1,100,36.832
1738265126.195537,1397416.000,18513,1,T1,1,100,36.892
1738265126.329542,1397550.000,18528,1,T1,1,100,36.882
1738265126.462547,1397683.000,18561,1,T1,1,100,36.949
1738265126.595552,1397816.000,18577,1,T1,1,100,36.872
1738265126.729557,1397950.000,18592,1,T1,1,100,36.838
1738265126.862562,1398083.000,18623,1,T1,1,100,36.859
1738265126.995567,1398216.000,18639,1,T1,1,100,36.904
1738265127.129572,1398350.000,18656,1,T1,1,100,36.958
1738265127.262577,1398483.000,18687,1,T1,1,100,36.911
1738265127.395582,1398616.000,18703,1,T1,1,100,36.855
1738265127.529588,1398750.000,18719,1,T1,1,100,36.937
1738265127.662593,1398883.000,18737,1,T1,1,100,36.902
1738265127.795598,1399016.000,18767,1,T1,1,100,36.922
1738265127.929603,1399150.000,18783,1,T1,1,100,36.860
1738265128.062608,1399283.000,18801,1,T1,1,100,36.939
1738265128.195613,1399416.000,18834,1,T1,1,100,36.938
1738265128.329618,1399550.000,18849,1,T1,1,100,36.902
1738265128.462623,1399683.000,18867,1,T1,1,100,36.922
1738265128.595628,1399816.000,18898,1,T1,1,100,36.931
1738265128.729633,1399950.000,18913,1,T1,1,100,36.899
1738265128.862638,1400083.000,18930,1,T1,1,100,36.956
1738265128.995643,1400216.000,18960,1,T1,1,100,36.910
1738265129.129648,1400350.000,18975,1,T1,1,100,36.997
1738265129.262653,1400483.000,18992,1,T1,1,100,37.034
1738265129.395658,1400616.000,19022,1,T1,1,100,36.979
1738265129.528663,1400749.000,19040,1,T1,1,100,36.956
1738265129.662668,1400883.000,19061,1,T1,1,100,37.016
1738265129.795673,1401016.000,19078,1,T1,1,100,36.972
1738265129.928679,1401149.000,19109,1,T1,1,100,36.917
1738265130.062684,1401283.000,19125,1,T1,1,100,36.787
1738265130.195688,1401416.000,19141,1,T1,1,100,36.979
1738265130.328694,1401549.000,19171,1,T1,1,100,36.991
1738265130.462699,1401683.000,19189,1,T1,1,100,36.890
1738265130.595704,1401816.000,19205,1,T1,1,100,37.059
1738265130.728709,1401949.000,19235,1,T1,1,100,36.990
1738265130.862714,1402083.000,19252,1,T1,1,100,36.960
1738265130.995719,1402216.000,19267,1,T1,1,100,36.912
1738265131.128724,1402349.000,19298,1,T1,1,100,36.926
1738265131.262729,1402483.000,19314,1,T1,1,100,37.039
1738265131.395734,1402616.000,19329,1,T1,1,100,36.946
1738265131.528739,1402749.000,19360,1,T1,1,100,36.906
1738265131.662744,1402883.000,19376,1,T1,1,100,36.959
1738265131.795749,1403016.000,19391,1,T1,1,100,36.947
1738265131.928754,1403149.000,19408,1,T1,1,100,36.942
1738265132.062759,1403283.000,19438,1,T1,1,100,36.975
1738265132.195765,1403416.000,19454,1,T1,1,100,36.989
1738265132.328769,1403549.000,19470,1,T1,1,100,37.031
1738265132.462775,1403683.000,19503,1,T1,1,100,36.978
1738265132.595780,1403816.000,19518,1,T1,1,100,36.990
1738265132.728785,1403949.000,19534,1,T1,1,100,37.031
1738265132.861790,1404082.000,19565,1,T1,1,100,36.978
1738265132.995795,1404216.000,19582,1,T1,1,100,36.884
1738265133.128800,1404349.000,19600,1,T1,1,100,36.879
1738265133.261805,1404482.000,19633,1,T1,1,100,36.877
1738265133.395810,1404616.000,19648,1,T1,1,100,36.911
1738265133.528815,1404749.000,19665,1,T1,1,100,36.855
1738265133.661820,1404882.000,19695,1,T1,1,100,36.902
1738265133.795825,1405016.000,19710,1,T1,1,100,36.958
1738265133.928830,1405149.000,19727,1,T1,1,100,36.946
1738265134.061835,1405282.000,19757,1,T1,1,100,36.906
1738265134.195840,1405416.000,19773,1,T1,1,100,36.924
1738265134.328845,1405549.000,19791,1,T1,1,100,36.932
1738265134.461850,1405682.000,19806,1,T1,1,100,36.970
1738265134.595855,1405816.000,19837,1,T1,1,100,36.916
1738265134.728861,1405949.000,19853,1,T1,1,100,36.893
1738265134.861866,1406082.000,19876,1,T1,1,100,36.954
1738265134.995871,1406216.000,19906,1,T1,1,100,36.944
1738265135.128876,1406349.000,19922,1,T1,1,100,36.870
1738265135.261881,1406482.000,19938,1,T1,1,100,36.944
1738265135.395886,1406616.000,19968,1,T1,1,100,37.011
1738265135.528891,1406749.000,19985,1,T1,1,100,36.898
1738265135.661896,1406882.000,20000,1,T1,1,100,36.956
1738265135.794901,1407015.000,20031,1,T1,1,100,37.052
1738265135.928906,1407149.000,20047,1,T1,1,100,36.952
1738265136.061911,1407282.000,20062,1,T1,1,100,36.908
1738265136.195916,1407416.000,20093,1,T1,1,100,36.818
1738265136.328921,1407549.000,20109,1,T1,1,100,36.815
1738265136.461926,1407682.000,20124,1,T1,1,100,36.920
1738265136.594931,1407815.000,20141,1,T1,1,100,36.859
1738265136.728936,1407949.000,20171,1,T1,1,100,36.833
1738265136.861941,1408082.000,20187,1,T1,1,100,36.963
1738265136.994946,1408215.000,20203,1,T1,1,100,36.949
1738265137.128952,1408349.000,20234,1,T1,1,100,36.942
1738265137.261957,1408482.000,20249,1,T1,1,100,36.904
1738265137.394962,1408615.000,20269,1,T1,1,100,36.923
1738265137.528967,1408749.000,20300,1,T1,1,100,36.931
1738265137.661972,1408882.000,20315,1,T1,1,100,36.899
1738265137.794977,1409015.000,20331,1,T1,1,100,36.850
1738265137.928982,1409149.000,20362,1,T1,1,100,36.971
1738265138.061987,1409282.000,20379,1,T1,1,100,36.987
1738265138.194992,1409415.000,20396,1,T1,1,100,37.030
1738265138.328997,1409549.000,20428,1,T1,1,100,36.978
1738265138.462002,1409682.000,20443,1,T1,1,100,36.990
1738265138.595007,1409815.000,20460,1,T1,1,100,37.067
1738265138.729012,1409949.000,20477,1,T1,1,100,37.029
1738265138.862017,1410082.000,20510,1,T1,1,100,37.012
1738265138.995022,1410215.000,20526,1,T1,1,100,37.005
1738265139.128027,1410348.000,20541,1,T1,1,100,37.109
1738265139.262033,1410482.000,20572,1,T1,1,100,36.941
1738265139.395037,1410615.000,20588,1,T1,1,100,36.868
1738265139.528043,1410748.000,20606,1,T1,1,100,37.049
1738265139.662048,1410882.000,20636,1,T1,1,100,36.950
1738265139.795053,1411015.000,20652,1,T1,1,100,36.943
1738265139.928058,1411148.000,20672,1,T1,1,100,37.046
1738265140.062063,1411282.000,20689,1,T1,1,100,36.985
1738265140.195068,1411415.000,20706,1,T1,1,100,36.887
1738265140.328073,1411548.000,20721,1,T1,1,100,36.845
1738265140.462078,1411682.000,20752,1,T1,1,100,36.791
1738265140.595083,1411815.000,20768,1,T1,1,100,36.839
1738265140.728088,1411948.000,20783,1,T1,1,100,36.895
1738265140.862093,1412082.000,20816,1,T1,1,100,36.919
1738265140.995098,1412215.000,20832,1,T1,1,100,36.894
1738265141.128103,1412348.000,20847,1,T1,1,100,37.061
1738265141.262108,1412482.000,20878,1,T1,1,100,36.991
1738265141.395113,1412615.000,20896,1,T1,1,100,36.961
1738265141.528118,1412748.000,20912,1,T1,1,100,36.947
1738265141.662123,1412882.000,20928,1,T1,1,100,36.977
1738265141.795129,1413015.000,20959,2,T1,1,100,36.955
1738265141.928133,1413148.000,20959,2,T1,1,100,36.909
1738265142.062139,1413282.000,20989,1,T1,1,100,36.890
1738265142.195144,1413415.000,21005,1,T1,1,100,36.988
1738265142.328149,1413548.000,21021,1,T1,1,100,36.959
1738265142.461154,1413681.000,21052,1,T1,1,100,36.911
1738265142.595159,1413815.000,21067,1,T1,1,100,36.855
1738265142.728164,1413948.000,21083,1,T1,1,100,36.937
1738265142.861169,1414081.000,21118,1,T1,1,100,36.867
1738265142.995174,1414215.000,21133,1,T1,1,100,36.836
1738265143.128179,1414348.000,21149,1,T1,1,100,36.929
1738265143.261184,1414481.000,21182,1,T1,1,100,36.969
1738265143.395189,1414615.000,21197,1,T1,1,100,36.916
1738265143.528194,1414748.000,21214,1,T1,1,100,36.964
1738265143.661199,1414881.000,21248,1,T1,1,100,36.949
1738265143.795204,1415015.000,21263,1,T1,1,100,36.942
1738265143.928209,1415148.000,21280,1,T1,1,100,36.940
1738265144.061214,1415281.000,21295,1,T1,1,100,36.867
1738265144.195220,1415415.000,21326,1,T1,1,100,36.872
1738265144.328225,1415548.000,21342,1,T1,1,100,36.909
1738265144.461230,1415681.000,21357,1,T1,1,100,36.890
1738265144.595235,1415815.000,21388,1,T1,1,100,36.917
1738265144.728240,1415948.000,21406,1,T1,1,100,36.929
1738265144.861245,1416081.000,21422,1,T1,1,100,36.934
1738265144.995250,1416215.000,21459,1,T1,1,100,36.936
1738265145.128255,1416348.000,21475,1,T1,1,100,36.795
1738265145.261260,1416481.000,21491,1,T1,1,100,36.911
1738265145.395265,1416615.000,21523,1,T1,1,100,37.068
1738265145.528270,1416748.000,21542,1,T1,1,100,36.994
1738265145.661275,1416881.000,21559,1,T1,1,100,36.962
1738265145.795280,1417015.000,21590,1,T1,1,100,37.054
1738265145.928285,1417148.000,21606,1,T1,1,100,36.988
1738265146.061290,1417281.000,21621,1,T1,1,100,36.853
1738265146.194295,1417414.000,21637,1,T1,1,100,36.830
1738265146.328300,1417548.000,21672,1,T1,1,100,36.926
1738265146.461305,1417681.000,21687,1,T1,1,100,36.826
1738265146.594311,1417814.000,21704,1,T1,1,100,36.854
1738265146.728316,1417948.000,21734,1,T1,1,100,36.901
1738265146.861321,1418081.000,21750,1,T1,1,100,36.886
1738265146.995326,1418215.000,21766,1,T1,1,100,36.986
1738265147.128331,1418348.000,21797,1,T1,1,100,36.817
1738265147.261336,1418481.000,21812,1,T1,1,100,36.850
1738265147.394341,1418614.000,21828,1,T1,1,100,37.006
1738265147.528346,1418748.000,21859,1,T1,1,100,37.003
1738265147.661351,1418881.000,21874,1,T1,1,100,36.895
1738265147.794356,1419014.000,21890,1,T1,1,100,36.813
1738265147.928361,1419148.000,21906,1,T1,1,100,36.883
1738265148.061366,1419281.000,21936,1,T1,1,100,36.843
1738265148.194371,1419414.000,21953,1,T1,1,100,36.861
1738265148.328376,1419548.000,21970,1,T1,1,100,36.869
1738265148.461381,1419681.000,22003,1,T1,1,100,36.943
1738265148.594386,1419814.000,22019,1,T1,1,100,36.869
1738265148.728391,1419948.000,22034,1,T1,1,100,36.872
1738265148.861397,1420081.000,22067,1,T1,1,100,36.874
1738265148.994401,1420214.000,22083,1,T1,1,100,36.839
1738265149.128407,1420348.000,22098,1,T1,1,100,36.824
1738265149.261412,1420481.000,22129,1,T1,1,100,36.888
1738265149.394417,1420614.000,22147,1,T1,1,100,36.845
1738265149.527422,1420747.000,22163,1,T1,1,100,36.898
1738265149.661427,1420881.000,22197,1,T1,1,100,36.920
1738265149.794432,1421014.000,22213,1,T1,1,100,36.895
1738265149.927437,1421147.000,22231,1,T1,1,100,36.954
1738265150.061442,1421281.000,22247,1,T1,1,100,36.909
1738265150.194447,1421414.000,22283,1,T1,1,100,36.819
1738265150.327452,1421547.000,22298,1,T1,1,100,36.780
1738265150.461457,1421681.000,22316,1,T1,1,100,36.869
1738265150.594462,1421814.000,22347,1,T1,1,100,36.908
1738265150.727467,1421947.000,22362,1,T1,1,100,36.854
1738265150.861472,1422081.000,22379,1,T1,1,100,36.866
1738265150.994477,1422214.000,22409,1,T1,1,100,36.906
1738265151.127482,1422347.000,22424,1,T1,1,100,36.960
1738265151.261487,1422481.000,22443,1,T1,1,100,36.912
1738265151.394493,1422614.000,22475,1,T1,1,100,36.891
1738265151.527498,1422747.000,22491,1,T1,1,100,36.882
1738265151.661503,1422881.000,22507,1,T1,1,100,36.878
1738265151.794508,1423014.000,22540,1,T1,1,100,36.947
1738265151.927513,1423147.000,22555,1,T1,1,100,36.977
1738265152.061518,1423281.000,22575,1,T1,1,100,37.096
1738265152.194523,1423414.000,22590,1,T1,1,100,37.006
1738265152.327528,1423547.000,22623,1,T1,1,100,36.932
1738265152.461533,1423681.000,22641,1,T1,1,100,36.935
1738265152.594538,1423814.000,22657,1,T1,1,100,37.007
1738265152.727543,1423947.000,22687,1,T1,1,100,36.968
1738265152.861548,1424081.000,22706,1,T1,1,100,37.021
1738265152.994553,1424214.000,22721,1,T1,1,100,36.974
1738265153.127558,1424347.000,22752,1,T1,1,100,36.776
1738265153.260563,1424480.000,22770,1,T1,1,100,36.797
1738265153.394568,1424614.000,22785,1,T1,1,100,36.841
1738265153.527573,1424747.000,22816,1,T1,1,100,36.860
1738265153.660578,1424880.000,22832,1,T1,1,100,36.904
1738265153.794584,1425014.000,22847,1,T1,1,100,36.852
1738265153.927589,1425147.000,22880,1,T1,1,100,36.830
1738265154.060594,1425280.000,22896,1,T1,1,100,36.891
1738265154.194599,1425414.000,22912,1,T1,1,100,36.988
1738265154.327604,1425547.000,22928,1,T1,1,100,36.889
1738265154.460609,1425680.000,22958,1,T1,1,100,36.810
1738265154.594614,1425814.000,22976,1,T1,1,100,36.847
1738265154.727619,1425947.000,22992,1,T1,1,100,36.934
1738265154.860624,1426080.000,23025,1,T1,1,100,36.936
1738265154.994629,1426214.000,23040,1,T1,1,100,36.866
1738265155.127634,1426347.000,23056,1,T1,1,100,37.013
1738265155.260639,1426480.000,23092,1,T1,1,100,36.970
1738265155.394644,1426614.000,23107,1,T1,1,100,36.987
1738265155.527649,1426747.000,23124,1,T1,1,100,37.030
1738265155.660654,1426880.000,23156,1,T1,1,100,36.942
1738265155.793659,1427013.000,23171,1,T1,1,100,36.833
1738265155.927665,1427147.000,23188,1,T1,1,100,36.892
1738265156.060669,1427280.000,23218,1,T1,1,100,36.918
1738265156.193675,1427413.000,23234,1,T1,1,100,36.858
1738265156.327680,1427547.000,23250,1,T1,1,100,36.868
1738265156.460685,1427680.000,23281,1,T1,1,100,36.872
1738265156.593690,1427813.000,23298,1,T1,1,100,36.909
1738265156.727695,1427947.000,23314,1,T1,1,100,36.819
1738265156.860700,1428080.000,23329,1,T1,1,100,36.886
1738265156.993705,1428213.000,23360,1,T1,1,100,36.880
1738265157.127710,1428347.000,23376,1,T1,1,100,36.842
1738265157.260715,1428480.000,23394,1,T1,1,100,36.896
1738265157.393720,1428613.000,23426,1,T1,1,100,36.955
1738265157.527725,1428747.000,23443,1,T1,1,100,36.874
1738265157.660730,1428880.000,23458,1,T1,1,100,36.910
1738265157.793735,1429013.000,23489,1,T1,1,100,37.032
1738265157.927740,1429147.000,23505,1,T1,1,100,36.978
1738265158.060745,1429280.000,23520,1,T1,1,100,36.920
1738265158.193750,1429413.000,23555,1,T1,1,100,36.894
1738265158.327755,1429547.000,23571,1,T1,1,100,36.990
1738265158.460761,1429680.000,23586,1,T1,1,100,37.102
1738265158.593765,1429813.000,23617,1,T1,1,100,36.938
1738265158.727771,1429947.000,23633,1,T1,1,100,36.973
1738265158.860776,1430080.000,23649,1,T1,1,100,36.988
1738265158.993781,1430213.000,23665,1,T1,1,100,36.959
1738265159.126786,1430346.000,23697,1,T1,1,100,36.947
1738265159.260791,1430480.000,23713,1,T1,1,100,36.942
1738265159.393796,1430613.000,23731,1,T1,1,100,37.046
1738265159.527801,1430747.000,23762,1,T1,1,100,36.949
1738265159.660806,1430880.000,23779,1,T1,1,100,36.871
1738265159.793811,1431013.000,23795,1,T1,1,100,36.873
1738265159.926816,1431146.000,23826,1,T1,1,100,36.874
1738265160.060821,1431280.000,23841,1,T1,1,100,36.839
1738265160.193826,1431413.000,23858,1,T1,1,100,36.860
1738265160.327331,1431546.500,23897,2,T1,1,100,36.833
1738265160.460836,1431680.000,23897,2,T1,1,100,36.857
1738265160.593841,1431813.000,23914,1,T1,1,100,36.725
1738265160.726846,1431946.000,23944,1,T1,1,100,36.810
1738265160.860852,1432080.000,23960,1,T1,1,100,36.812
1738265160.993857,1432213.000,23976,1,T1,1,100,36.883
1738265161.126862,1432346.000,24009,1,T1,1,100,36.878
1738265161.260867,1432480.000,24024,1,T1,1,100,36.841
1738265161.393872,1432613.000,24040,1,T1,1,100,36.860
1738265161.526877,1432746.000,24071,1,T1,1,100,36.904
1738265161.660882,1432880.000,24086,1,T1,1,100,36.781
1738265161.793887,1433013.000,24106,1,T1,1,100,36.870
1738265161.926892,1433146.000,24137,1,T1,1,100,36.908
1738265162.060897,1433280.000,24152,1,T1,1,100,36.960
1738265162.193902,1433413.000,24169,1,T1,1,100,37.018
1738265162.326907,1433546.000,24199,1,T1,1,100,37.008
1738265162.460912,1433680.000,24214,1,T1,1,100,36.897
1738265162.593917,1433813.000,24233,1,T1,1,100,36.991
1738265162.726922,1433946.000,24248,1,T1,1,100,36.961
1738265162.859927,1434079.000,24279,1,T1,1,100,36.947
1738265162.993932,1434213.000,24295,1,T1,1,100,36.871
1738265163.126937,1434346.000,24310,1,T1,1,100,36.909
1738265163.259943,1434479.000,24347,1,T1,1,100,36.783
1738265163.393948,1434613.000,24363,1,T1,1,100,36.800
1738265163.526953,1434746.000,24381,1,T1,1,100,36.842
1738265163.659958,1434879.000,24411,1,T1,1,100,36.861
1738265163.793963,1435013.000,24427,1,T1,1,100,36.904
1738265163.926968,1435146.000,24443,1,T1,1,100,36.852
1738265164.059973,1435279.000,24477,1,T1,1,100,36.936
1738265164.193978,1435413.000,24494,1,T1,1,100,36.937
1738265164.326983,1435546.000,24509,1,T1,1,100,36.937
1738265164.459988,1435679.000,24542,1,T1,1,100,36.902
1738265164.593993,1435813.000,24558,1,T1,1,100,36.922
1738265164.726998,1435946.000,24575,1,T1,1,100,36.895
1738265164.860003,1436079.000,24606,1,T1,1,100,36.919
1738265164.994008,1436213.000,24622,1,T1,1,100,37.036
1738265165.127013,1436346.000,24637,1,T1,1,100,37.016
1738265165.260018,1436479.000,24654,1,T1,1,100,37.042
1738265165.394023,1436613.000,24684,1,T1,1,100,36.947
1738265165.527029,1436746.000,24705,1,T1,1,100,36.942
1738265165.660033,1436879.000,24723,1,T1,1,100,36.939
1738265165.793039,1437012.000,24754,1,T1,1,100,36.761
1738265165.927044,1437146.000,24769,1,T1,1,100,36.826
1738265166.060049,1437279.000,24785,1,T1,1,100,36.783
1738265166.193054,1437412.000,24816,1,T1,1,100,36.871
1738265166.327059,1437546.000,24831,1,T1,1,100,36.873
1738265166.460064,1437679.000,24847,1,T1,1,100,36.839
1738265166.593069,1437812.000,24880,1,T1,1,100,36.895
1738265166.727074,1437946.000,24895,1,T1,1,100,36.919
1738265166.860079,1438079.000,24912,1,T1,1,100,36.823
1738265166.994084,1438213.000,24929,1,T1,1,100,36.888
1738265167.127089,1438346.000,24959,1,T1,1,100,36.881
1738265167.260094,1438479.000,24976,1,T1,1,100,36.842
1738265167.393099,1438612.000,24993,1,T1,1,100,36.825
1738265167.527104,1438746.000,25024,1,T1,1,100,36.818
1738265167.660110,1438879.000,25040,1,T1,1,100,36.886
1738265167.793114,1439012.000,25055,1,T1,1,100,36.915
1738265167.927119,1439146.000,25086,1,T1,1,100,36.928
1738265168.060125,1439279.000,25102,1,T1,1,100,36.756
1738265168.193130,1439412.000,25118,1,T1,1,100,36.753
1738265168.327135,1439546.000,25152,1,T1,1,100,36.893
1738265168.460140,1439679.000,25168,1,T1,1,100,36.954
1738265168.593145,1439812.000,25184,1,T1,1,100,36.838
1738265168.727150,1439946.000,25214,1,T1,1,100,36.859
1738265168.860155,1440079.000,25231,1,T1,1,100,36.904
1738265168.993160,1440212.000,25246,1,T1,1,100,36.852
1738265169.126165,1440345.000,25266,1,T1,1,100,36.830
1738265169.260170,1440479.000,25297,1,T1,1,100,36.749
1738265169.393175,1440612.000,25312,1,T1,1,100,36.785
1738265169.526180,1440745.000,25329,1,T1,1,100,36.942
1738265169.660185,1440879.000,25359,1,T1,1,100,36.904
1738265169.793190,1441012.000,25374,1,T1,1,100,36.817
1738265169.926195,1441145.000,25391,1,T1,1,100,36.885
1738265170.060200,1441279.000,25421,1,T1,1,100,36.844
1738265170.193205,1441412.000,25437,1,T1,1,100,36.826
1738265170.326210,1441545.000,25453,1,T1,1,100,36.889
1738265170.460216,1441679.000,25486,1,T1,1,100,36.846
1738265170.593221,1441812.000,25506,1,T1,1,100,36.827
1738265170.726226,1441945.000,25524,1,T1,1,100,36.890
1738265170.860231,1442079.000,25541,1,T1,1,100,36.881
1738265170.993236,1442212.000,25572,1,T1,1,100,36.913
1738265171.126241,1442345.000,25590,1,T1,1,100,36.892
1738265171.260246,1442479.000,25606,1,T1,1,100,36.918
1738265171.393251,1442612.000,25638,1,T1,1,100,36.929
1738265171.526256,1442745.000,25657,1,T1,1,100,36.934
1738265171.660261,1442879.000,25672,1,T1,1,100,36.900
1738265171.793266,1443012.000,25703,1,T1,1,100,36.921
1738265171.926271,1443145.000,25719,1,T1,1,100,36.895
1738265172.060276,1443279.000,25736,1,T1,1,100,36.955
1738265172.193281,1443412.000,25771,1,T1,1,100,36.874
1738265172.326286,1443545.000,25787,1,T1,1,100,36.804
1738265172.459291,1443678.000,25802,1,T1,1,100,36.880
1738265172.593297,1443812.000,25833,1,T1,1,100,36.771
1738265172.726301,1443945.000,25849,1,T1,1,100,36.865
1738265172.859307,1444078.000,25865,1,T1,1,100,36.835
1738265172.993312,1444212.000,25881,1,T1,1,100,36.893
1738265173.126317,1444345.000,25913,1,T1,1,100,36.954
1738265173.259322,1444478.000,25933,1,T1,1,100,36.980
1738265173.393327,1444612.000,25949,1,T1,1,100,36.920
1738265173.526332,1444745.000,25968,1,T1,1,100,36.895
1738265173.659337,1444878.000,25998,1,T1,1,100,36.919
1738265173.793342,1445012.000,26013,1,T1,1,100,36.894
1738265173.926347,1445145.000,26034,1,T1,1,100,36.812
1738265174.059352,1445278.000,26064,1,T1,1,100,36.883
1738265174.193357,1445412.000,26080,1,T1,1,100,36.950
1738265174.326362,1445545.000,26096,1,T1,1,100,36.872
1738265174.459367,1445678.000,26127,1,T1,1,100,36.909
1738265174.593372,1445812.000,26142,1,T1,1,100,36.925
1738265174.726377,1445945.000,26158,1,T1,1,100,36.932
1738265174.859382,1446078.000,26177,1,T1,1,100,36.864
1738265174.993387,1446212.000,26208,1,T1,1,100,36.799
1738265175.126393,1446345.000,26224,1,T1,1,100,36.878
1738265175.259398,1446478.000,26240,1,T1,1,100,36.912
1738265175.393403,1446612.000,26270,1,T1,1,100,36.891
1738265175.526408,1446745.000,26287,1,T1,1,100,36.811
1738265175.659413,1446878.000,26302,1,T1,1,100,36.918
1738265175.792418,1447011.000,26340,1,T1,1,100,36.965
1738265175.926423,1447145.000,26356,1,T1,1,100,36.949
1738265176.059428,1447278.000,26371,1,T1,1,100,36.872
1738265176.192433,1447411.000,26404,1,T1,1,100,36.909
1738265176.326438,1447545.000,26420,1,T1,1,100,36.925
1738265176.459443,1447678.000,26435,1,T1,1,100,36.861
1738265176.592448,1447811.000,26454,1,T1,1,100,36.834
1738265176.726453,1447945.000,26484,1,T1,1,100,36.893
1738265176.859458,1448078.000,26500,1,T1,1,100,36.812
1738265176.992463,1448211.000,26516,1,T1,1,100,36.812
1738265177.126468,1448345.000,26551,1,T1,1,100,36.919
1738265177.259474,1448478.000,26566,1,T1,1,100,36.929
1738265177.392478,1448611.000,26582,1,T1,1,100,36.828
1738265177.526484,1448745.000,26613,1,T1,1,100,36.819
1738265177.659489,1448878.000,26632,1,T1,1,100,36.886
1738265177.792494,1449011.000,26648,1,T1,1,100,36.951
1738265177.926499,1449145.000,26681,1,T1,1,100,36.979
1738265178.059504,1449278.000,26696,1,T1,1,100,36.920
1738265178.192509,1449411.000,26713,1,T1,1,100,36.930
1738265178.326514,1449545.000,26745,1,T1,1,100,36.863
1738265178.459519,1449678.000,26762,1,T1,1,100,36.941
1738265178.592524,1449811.000,26779,1,T1,1,100,36.868
1738265178.726529,1449945.000,26811,1,T1,1,100,36.907
1738265178.859534,1450078.000,26827,1,T1,1,100,36.924
1738265178.992539,1450211.000,26845,1,T1,1,100,36.826
1738265179.125544,1450344.000,26860,1,T1,1,100,36.924
1738265179.259549,1450478.000,26891,1,T1,1,100,36.896
1738265179.392554,1450611.000,26907,1,T1,1,100,36.920
1738265179.526559,1450745.000,26925,1,T1,1,100,36.894
1738265179.659564,1450878.000,26955,1,T1,1,100,36.919
1738265179.792570,1451011.000,26973,1,T1,1,100,36.823
1738265179.925575,1451144.000,26991,1,T1,1,100,36.888
1738265180.059580,1451278.000,27021,1,T1,1,100,36.916
1738265180.192585,1451411.000,27038,1,T1,1,100,36.822
1738265180.325590,1451544.000,27053,1,T1,1,100,36.887
1738265180.459595,1451678.000,27084,1,T1,1,100,36.916
1738265180.592600,1451811.000,27100,1,T1,1,100,36.928
1738265180.725605,1451944.000,27117,1,T1,1,100,36.863
1738265180.859610,1452078.000,27139,1,T1,1,100,36.870
1738265180.992615,1452211.000,27157,1,T1,1,100,36.908
1738265181.125620,1452344.000,27172,1,T1,1,100,36.925
1738265181.259625,1452478.000,27203,1,T1,1,100,36.861
1738265181.392630,1452611.000,27219,1,T1,1,100,36.834
1738265181.525635,1452744.000,27235,1,T1,1,100,36.822
1738265181.659640,1452878.000,27267,1,T1,1,100,36.887
1738265181.792645,1453011.000,27283,1,T1,1,100,36.774
1738265181.925650,1453144.000,27299,1,T1,1,100,36.867
1738265182.058656,1453277.000,27329,1,T1,1,100,36.871
1738265182.192661,1453411.000,27346,1,T1,1,100,36.909
1738265182.325665,1453544.000,27361,1,T1,1,100,36.890
1738265182.459671,1453678.000,27394,1,T1,1,100,36.917
1738265182.592676,1453811.000,27410,1,T1,1,100,36.964
1738265182.725681,1453944.000,27427,1,T1,1,100,37.020
1738265182.858686,1454077.000,27443,1,T1,1,100,37.009
1738265182.992691,1454211.000,27474,1,T1,1,100,36.933
1738265183.125696,1454344.000,27489,1,T1,1,100,36.829
1738265183.258701,1454477.000,27508,1,T1,1,100,36.820
1738265183.392706,1454611.000,27538,1,T1,1,100,36.887
1738265183.525711,1454744.000,27554,1,T1,1,100,36.880
1738265183.658716,1454877.000,27570,1,T1,1,100,36.877
1738265183.792721,1455011.000,27601,1,T1,1,100,36.840
1738265183.925726,1455144.000,27618,1,T1,1,100,36.825
1738265184.058731,1455277.000,27634,1,T1,1,100,36.889
1738265184.192736,1455411.000,27665,1,T1,1,100,36.881
1738265184.325742,1455544.000,27680,1,T1,1,100,36.948
1738265184.458746,1455677.000,27696,1,T1,1,100,36.871
1738265184.592752,1455811.000,27729,1,T1,1,100,36.909
1738265184.725757,1455944.000,27744,1,T1,1,100,36.925
1738265184.858762,1456077.000,27761,1,T1,1,100,36.861
1738265184.992767,1456211.000,27776,1,T1,1,100,36.975
1738265185.125772,1456344.000,27806,1,T1,1,100,36.954
1738265185.258777,1456477.000,27823,1,T1,1,100,36.909
1738265185.392782,1456611.000,27838,1,T1,1,100,36.854
1738265185.525787,1456744.000,27871,1,T1,1,100,37.008
1738265185.658792,1456877.000,27887,1,T1,1,100,36.897
1738265185.791797,1457010.000,27902,1,T1,1,100,36.885
1738265185.925302,1457143.500,27937,2,T1,1,100,36.950
1738265186.058807,1457277.000,27937,2,T1,1,100,36.837
1738265186.192812,1457411.000,27968,1,T1,1,100,36.965
1738265186.325817,1457544.000,27983,1,T1,1,100,36.914
1738265186.458822,1457677.000,28001,1,T1,1,100,36.821
1738265186.591827,1457810.000,28032,1,T1,1,100,36.887
1738265186.725832,1457944.000,28049,1,T1,1,100,36.951
1738265186.858838,1458077.000,28066,1,T1,1,100,36.872
1738265186.991843,1458210.000,28098,1,T1,1,100,36.768
1738265187.125848,1458344.000,28113,1,T1,1,100,36.829
1738265187.258853,1458477.000,28130,1,T1,1,100,36.890
1738265187.391858,1458610.000,28160,1,T1,1,100,36.846
1738265187.525863,1458744.000,28176,1,T1,1,100,36.863
1738265187.658868,1458877.000,28192,1,T1,1,100,36.870
1738265187.791873,1459010.000,28223,1,T1,1,100,36.766
1738265187.925878,1459144.000,28238,1,T1,1,100,36.793
1738265188.058883,1459277.000,28256,1,T1,1,100,36.839
1738265188.191888,1459410.000,28271,1,T1,1,100,36.860
1738265188.325893,1459544.000,28304,1,T1,1,100,36.904
1738265188.458898,1459677.000,28320,1,T1,1,100,36.923
1738265188.591903,1459810.000,28336,1,T1,1,100,36.860
1738265188.725908,1459944.000,28366,1,T1,1,100,36.904
1738265188.858913,1460077.000,28383,1,T1,1,100,36.923
1738265188.991918,1460210.000,28398,1,T1,1,100,36.931
1738265189.124923,1460343.000,28431,1,T1,1,100,37.006
1738265189.258929,1460477.000,28447,1,T1,1,100,36.932
1738265189.391934,1460610.000,28462,1,T1,1,100,36.935
1738265189.524939,1460743.000,28493,1,T1,1,100,36.865
1738265189.658944,1460877.000,28509,1,T1,1,100,36.835
1738265189.791949,1461010.000,28524,1,T1,1,100,36.893
1738265189.924954,1461143.000,28559,1,T1,1,100,36.847
1738265190.058959,1461277.000,28575,1,T1,1,100,36.757
1738265190.191964,1461410.000,28591,1,T1,1,100,36.859
1738265190.324969,1461543.000,28621,1,T1,1,100,36.904
1738265190.458974,1461677.000,28639,1,T1,1,100,36.852
1738265190.591979,1461810.000,28655,1,T1,1,100,36.865
1738265190.724984,1461943.000,28671,1,T1,1,100,36.942
1738265190.858989,1462077.000,28704,1,T1,1,100,36.904
1738265190.991994,1462210.000,28719,1,T1,1,100,36.887
1738265191.124999,1462343.000,28744,1,T1,1,100,36.845
1738265191.259004,1462477.000,28777,1,T1,1,100,36.791
1738265191.392009,1462610.000,28792,1,T1,1,100,36.803
1738265191.525014,1462743.000,28809,1,T1,1,100,36.844
1738265191.659019,1462877.000,28839,1,T1,1,100,36.755
1738265191.792025,1463010.000,28854,1,T1,1,100,36.894
1738265191.925030,1463143.000,28873,1,T1,1,100,36.954
1738265192.059035,1463277.000,28905,1,T1,1,100,36.874
1738265192.192040,1463410.000,28921,1,T1,1,100,36.874
1738265192.325045,1463543.000,28937,1,T1,1,100,36.839
1738265192.458050,1463676.000,28952,1,T1,1,100,36.930
1738265192.592055,1463810.000,28985,1,T1,1,100,36.793
1738265192.725060,1463943.000,29001,1,T1,1,100,36.875
1738265192.859065,1464077.000,29017,1,T1,1,100,36.875
1738265192.992070,1464210.000,29047,1,T1,1,100,36.875
1738265193.125075,1464343.000,29063,1,T1,1,100,36.769
1738265193.258080,1464476.000,29081,1,T1,1,100,36.723
1738265193.392085,1464610.000,29111,1,T1,1,100,36.845
1738265193.525090,1464743.000,29130,1,T1,1,100,36.826
1738265193.658095,1464876.000,29145,1,T1,1,100,36.783
1738265193.792100,1465010.000,29178,1,T1,1,100,36.800
1738265193.925106,1465143.000,29194,1,T1,1,100,36.878
1738265194.058110,1465276.000,29209,1,T1,1,100,36.912
1738265194.192116,1465410.000,29240,1,T1,1,100,36.891
1738265194.325121,1465543.000,29256,1,T1,1,100,36.917
1738265194.458126,1465676.000,29271,1,T1,1,100,36.929
1738265194.592131,1465810.000,29288,1,T1,1,100,36.898
1738265194.725136,1465943.000,29320,1,T1,1,100,36.850
1738265194.858141,1466076.000,29336,1,T1,1,100,36.829
1738265194.992146,1466210.000,29352,1,T1,1,100,36.926
1738265195.125151,1466343.000,29383,1,T1,1,100,36.897
1738265195.258156,1466476.000,29398,1,T1,1,100,36.814
1738265195.392161,1466610.000,29414,1,T1,1,100,36.848
1738265195.525166,1466743.000,29447,1,T1,1,100,36.864
1738265195.658171,1466876.000,29462,1,T1,1,100,36.799
1738265195.791176,1467009.000,29478,1,T1,1,100,36.807
1738265195.925181,1467143.000,29509,1,T1,1,100,36.810
1738265196.058186,1467276.000,29524,1,T1,1,100,36.918
1738265196.192191,1467410.000,29546,1,T1,1,100,36.823
1738265196.325197,1467543.000,29563,1,T1,1,100,36.959
1738265196.458202,1467676.000,29579,1,T1,1,100,36.911
1738265196.591207,1467809.000,29612,1,T1,1,100,36.926
1738265196.725212,1467943.000,29627,1,T1,1,100,36.862
1738265196.858217,1468076.000,29644,1,T1,1,100,36.834
1738265196.991222,1468209.000,29674,1,T1,1,100,36.857
1738265197.125227,1468343.000,29691,1,T1,1,100,36.938
1738265197.258232,1468476.000,29708,1,T1,1,100,36.831
1738265197.391237,1468609.000,29738,1,T1,1,100,36.821
1738265197.525242,1468743.000,29754,1,T1,1,100,36.816
1738265197.658247,1468876.000,29772,1,T1,1,100,36.956
1738265197.791252,1469009.000,29805,1,T1,1,100,36.945
1738265197.925257,1469143.000,29820,1,T1,1,100,36.941
1738265198.058262,1469276.000,29836,1,T1,1,100,36.939
1738265198.191267,1469409.000,29871,1,T1,1,100,36.974
1738265198.325272,1469543.000,29886,1,T1,1,100,36.882
1738265198.458277,1469676.000,29902,1,T1,1,100,36.914
1738265198.591282,1469809.000,29918,1,T1,1,100,36.892
1738265198.725287,1469943.000,29948,1,T1,1,100,36.882
1738265198.858293,1470076.000,29967,1,T1,1,100,36.878
1738265198.991298,1470209.000,29984,1,T1,1,100,36.912
1738265199.124303,1470342.000,30015,1,T1,1,100,36.855
1738265199.258308,1470476.000,30031,1,T1,1,100,36.831
1738265199.391313,1470609.000,30048,1,T1,1,100,36.821
1738265199.524318,1470742.000,30079,1,T1,1,100,36.922
1738265199.658323,1470876.000,30095,1,T1,1,100,36.895
1738265199.791328,1471009.000,30112,1,T1,1,100,36.848
1738265199.924333,1471142.000,30143,1,T1,1,100,36.863
1738265200.058338,1471276.000,30159,1,T1,1,100,36.799
1738265200.191343,1471409.000,30177,1,T1,1,100,36.807
1738265200.325348,1471543.000,30209,1,T1,1,100,36.845
1738265200.458353,1471676.000,30225,1,T1,1,100,36.827
1738265200.591358,1471809.000,30243,1,T1,1,100,36.783
1738265200.724363,1471942.000,30259,1,T1,1,100,36.906
1738265200.858368,1472076.000,30290,1,T1,1,100,36.924
1738265200.991374,1472209.000,30305,1,T1,1,100,36.825
1738265201.124378,1472342.000,30323,1,T1,1,100,36.889
1738265201.257884,1472475.500,30359,2,T1,1,100,36.916
1738265201.391389,1472609.000,30359,2,T1,1,100,36.857
1738265201.524394,1472742.000,30392,1,T1,1,100,36.832
1738265201.658399,1472876.000,30408,1,T1,1,100,36.821
1738265201.791404,1473009.000,30423,1,T1,1,100,36.887
1738265201.924409,1473142.000,30456,1,T1,1,100,36.809
1738265202.058414,1473276.000,30472,1,T1,1,100,36.847
1738265202.191419,1473409.000,30488,1,T1,1,100,36.898
1738265202.324424,1473542.000,30520,1,T1,1,100,36.956
1738265202.458429,1473676.000,30536,1,T1,1,100,36.875
1738265202.591434,1473809.000,30552,1,T1,1,100,36.910
1738265202.724439,1473942.000,30584,1,T1,1,100,37.032
1738265202.857444,1474075.000,30601,1,T1,1,100,36.978
1738265202.991449,1474209.000,30616,1,T1,1,100,36.884
1738265203.124454,1474342.000,30632,1,T1,1,100,36.914
1738265203.257459,1474475.000,30665,1,T1,1,100,36.928
1738265203.391464,1474609.000,30682,1,T1,1,100,36.898
1738265203.524470,1474742.000,30699,1,T1,1,100,36.814
1738265203.657475,1474875.000,30731,1,T1,1,100,36.884
1738265203.791480,1475009.000,30746,1,T1,1,100,36.914
1738265203.924485,1475142.000,30767,1,T1,1,100,36.927
1738265204.057490,1475275.000,30797,1,T1,1,100,36.862
1738265204.191495,1475409.000,30813,1,T1,1,100,36.869
1738265204.324500,1475542.000,30829,1,T1,1,100,36.908
1738265204.457505,1475675.000,30860,1,T1,1,100,36.925
1738265204.591510,1475809.000,30875,1,T1,1,100,36.897
1738265204.724515,1475942.000,30891,1,T1,1,100,36.884
1738265204.857520,1476075.000,30922,1,T1,1,100,36.914
1738265204.991525,1476209.000,30937,1,T1,1,100,36.857
1738265205.124530,1476342.000,30955,1,T1,1,100,36.903
1738265205.257535,1476475.000,30971,1,T1,1,100,36.887
1738265205.391540,1476609.000,31003,1,T1,1,100,36.916
1738265205.524545,1476742.000,31020,1,T1,1,100,36.928
1738265205.657550,1476875.000,31036,1,T1,1,100,36.933
1738265205.790555,1477008.000,31051,1,T1,1,100,36.900
1738265205.924561,1477142.000,31068,1,T1,1,100,36.886
1738265206.057566,1477275.000,31087,1,T1,1,100,36.880
1738265206.190571,1477408.000,31118,1,T1,1,100,36.877
1738265206.324576,1477542.000,31134,1,T1,1,100,36.770
1738265206.457581,1477675.000,31154,1,T1,1,100,36.758
1738265206.590586,1477808.000,31173,1,T1,1,100,36.825
1738265206.724591,1477942.000,31203,1,T1,1,100,36.747
1738265206.857596,1478075.000,31219,1,T1,1,100,36.820
1738265206.990601,1478208.000,31235,1,T1,1,100,36.886
1738265207.124606,1478342.000,31250,1,T1,1,100,36.809
1738265207.257611,1478475.000,31281,1,T1,1,100,36.776
1738265207.390616,1478608.000,31299,1,T1,1,100,36.797
1738265207.524621,1478742.000,31315,1,T1,1,100,36.876
1738265207.657626,1478875.000,31331,1,T1,1,100,36.911
1738265207.790631,1479008.000,31362,1,T1,1,100,36.820
1738265207.924636,1479142.000,31377,1,T1,1,100,36.816
1738265208.057642,1479275.000,31393,1,T1,1,100,36.920
1738265208.190646,1479408.000,31408,1,T1,1,100,36.895
1738265208.324651,1479542.000,31441,1,T1,1,100,36.813
1738265208.457657,1479675.000,31457,1,T1,1,100,36.813
1738265208.590662,1479808.000,31473,1,T1,1,100,36.919
1738265208.724667,1479942.000,31503,1,T1,1,100,36.929
1738265208.857672,1480075.000,31520,1,T1,1,100,36.863
1738265208.990677,1480208.000,31535,1,T1,1,100,36.905
1738265209.123682,1480341.000,31566,1,T1,1,100,36.924
1738265209.257687,1480475.000,31582,1,T1,1,100,36.896
1738265209.390692,1480608.000,31597,1,T1,1,100,36.920
1738265209.523697,1480741.000,31628,1,T1,1,100,36.894
1738265209.657702,1480875.000,31646,1,T1,1,100,36.812
1738265209.790707,1481008.000,31662,1,T1,1,100,36.883
1738265209.924712,1481142.000,31678,1,T1,1,100,36.843
1738265210.057717,1481275.000,31693,1,T1,1,100,36.932
1738265210.190722,1481408.000,31726,1,T1,1,100,36.864
1738265210.323727,1481541.000,31742,1,T1,1,100,36.799
1738265210.457732,1481675.000,31757,1,T1,1,100,36.736
1738265210.590738,1481808.000,31788,1,T1,1,100,36.850
1738265210.723742,1481941.000,31804,1,T1,1,100,36.900
1738265210.857748,1482075.000,31820,1,T1,1,100,36.744
1738265210.990753,1482208.000,31850,1,T1,1,100,36.783
1738265211.123758,1482341.000,31866,1,T1,1,100,36.906
1738265211.257763,1482475.000,31882,1,T1,1,100,36.924
1738265211.390768,1482608.000,31898,1,T1,1,100,36.861
1738265211.523773,1482741.000,31936,1,T1,1,100,36.833
1738265211.657778,1482875.000,31951,1,T1,1,100,36.857
1738265211.790783,1483008.000,31967,1,T1,1,100,36.832
1738265211.923788,1483141.000,31983,1,T1,1,100,36.892
1738265212.057793,1483275.000,32015,1,T1,1,100,36.882
1738265212.190798,1483408.000,32032,1,T1,1,100,36.843
1738265212.323803,1483541.000,32047,1,T1,1,100,36.896
1738265212.457808,1483675.000,32078,1,T1,1,100,36.920
1738265212.590813,1483808.000,32094,1,T1,1,100,36.823
1738265212.723818,1483941.000,32111,1,T1,1,100,36.924
1738265212.856823,1484074.000,32142,1,T1,1,100,36.825
1738265212.990829,1484208.000,32158,1,T1,1,100,36.818
1738265213.123834,1484341.000,32173,1,T1,1,100,36.815
1738265213.256839,1484474.000,32206,1,T1,1,100,36.849
1738265213.390844,1484608.000,32224,1,T1,1,100,36.899
1738265213.523849,1484741.000,32240,1,T1,1,100,36.815
1738265213.656854,1484874.000,32256,1,T1,1,100,36.813
1738265213.790859,1485008.000,32287,1,T1,1,100,36.848
1738265213.923864,1485141.000,32302,1,T1,1,100,36.828
1738265214.056869,1485274.000,32318,1,T1,1,100,36.748
1738265214.190874,1485408.000,32336,1,T1,1,100,36.785
1738265214.323879,1485541.000,32368,1,T1,1,100,36.871
1738265214.456884,1485674.000,32384,1,T1,1,100,36.838
1738265214.590889,1485808.000,32400,1,T1,1,100,36.788
1738265214.723894,1485941.000,32430,1,T1,1,100,36.802
1738265214.856899,1486074.000,32447,1,T1,1,100,36.879
1738265214.990904,1486208.000,32462,1,T1,1,100,36.841
1738265215.123909,1486341.000,32497,1,T1,1,100,36.896
1738265215.256914,1486474.000,32513,1,T1,1,100,36.919
1738265215.390919,1486608.000,32530,1,T1,1,100,36.788
1738265215.523925,1486741.000,32546,1,T1,1,100,36.802
1738265215.656930,1486874.000,32577,1,T1,1,100,36.737
1738265215.789935,1487007.000,32594,1,T1,1,100,36.815
1738265215.923940,1487141.000,32613,1,T1,1,100,36.849
1738265216.056945,1487274.000,32628,1,T1,1,100,36.899
1738265216.190950,1487408.000,32659,1,T1,1,100,36.956
1738265216.323955,1487541.000,32675,1,T1,1,100,36.946
1738265216.456960,1487674.000,32694,1,T1,1,100,36.906
1738265216.589965,1487807.000,32732,1,T1,1,100,36.817
1738265216.723970,1487941.000,32748,1,T1,1,100,36.850
1738265216.856975,1488074.000,32764,1,T1,1,100,36.829
1738265216.989980,1488207.000,32794,1,T1,1,100,36.890
1738265217.123985,1488341.000,32810,1,T1,1,100,36.917
1738265217.256990,1488474.000,32828,1,T1,1,100,36.858
1738265217.389995,1488607.000,32844,1,T1,1,100,36.938
1738265217.524000,1488741.000,32875,1,T1,1,100,36.902
1738265217.657006,1488874.000,32890,1,T1,1,100,36.851
1738265217.790010,1489007.000,32906,1,T1,1,100,36.829
1738265217.924016,1489141.000,32937,1,T1,1,100,36.926
1738265218.057021,1489274.000,32952,1,T1,1,100,36.862
1738265218.190026,1489407.000,32969,1,T1,1,100,36.834
1738265218.324031,1489541.000,32986,1,T1,1,100,36.857
1738265218.457036,1489674.000,33019,1,T1,1,100,36.938
1738265218.590041,1489807.000,33035,1,T1,1,100,36.902
1738265218.724046,1489941.000,33050,1,T1,1,100,36.851
1738265218.857051,1490074.000,33081,1,T1,1,100,36.829
1738265218.990056,1490207.000,33097,1,T1,1,100,36.891
1738265219.124061,1490341.000,33112,1,T1,1,100,36.811
1738265219.257066,1490474.000,33129,1,T1,1,100,36.812
1738265219.390071,1490607.000,33161,1,T1,1,100,36.777
1738265219.524076,1490741.000,33177,1,T1,1,100,36.903
1738265219.657081,1490874.000,33193,1,T1,1,100,36.923
1738265219.790087,1491007.000,33224,1,T1,1,100,36.860
1738265219.923091,1491140.000,33239,1,T1,1,100,36.833
1738265220.056597,1491273.500,33258,2,T1,1,100,36.928
1738265220.190102,1491407.000,33258,2,T1,1,100,36.827
1738265220.323607,1491540.500,33277,2,T1,1,100,36.854
1738265220.457112,1491674.000,33277,2,T1,1,100,36.831
1738265220.590117,1491807.000,33294,2,T1,1,100,36.856
1738265220.723122,1491940.000,33294,2,T1,1,100,36.796
1738265220.857127,1492074.000,33325,1,T1,1,100,36.841
1738265220.990132,1492207.000,33341,1,T1,1,100,36.789
1738265221.123137,1492340.000,33356,1,T1,1,100,36.873
1738265221.257142,1492474.000,33389,1,T1,1,100,36.839
1738265221.390147,1492607.000,33405,1,T1,1,100,36.824
1738265221.523152,1492740.000,33421,1,T1,1,100,36.817
1738265221.657157,1492874.000,33451,1,T1,1,100,36.956
1738265221.790162,1493007.000,33473,1,T1,1,100,36.910
1738265221.923167,1493140.000,33490,1,T1,1,100,36.997
1738265222.057172,1493274.000,33506,1,T1,1,100,36.857
1738265222.190177,1493407.000,33524,1,T1,1,100,36.903
1738265222.323182,1493540.000,33554,1,T1,1,100,36.887
1738265222.457188,1493674.000,33570,1,T1,1,100,36.774
1738265222.590193,1493807.000,33586,1,T1,1,100,36.938
1738265222.723198,1493940.000,33616,1,T1,1,100,36.867
1738265222.856203,1494073.000,33633,1,T1,1,100,36.871
1738265222.990208,1494207.000,33648,1,T1,1,100,36.873
1738265223.123213,1494340.000,33679,1,T1,1,100,36.874
1738265223.256218,1494473.000,33697,1,T1,1,100,36.910
1738265223.390223,1494607.000,33714,1,T1,1,100,36.855
1738265223.523228,1494740.000,33730,1,T1,1,100,36.866
1738265223.656233,1494873.000,33765,1,T1,1,100,36.836
1738265223.790238,1495007.000,33780,1,T1,1,100,36.893
1738265223.923243,1495140.000,33797,1,T1,1,100,36.848
1738265224.056248,1495273.000,33829,1,T1,1,100,36.792
1738265224.190253,1495407.000,33845,1,T1,1,100,36.875
1738265224.323258,1495540.000,33863,1,T1,1,100,36.875
1738265224.456263,1495673.000,33894,1,T1,1,100,36.875
1738265224.590268,1495807.000,33911,1,T1,1,100,36.804
1738265224.723274,1495940.000,33927,1,T1,1,100,36.844
1738265224.856278,1496073.000,33960,1,T1,1,100,36.826
1738265224.990284,1496207.000,33975,1,T1,1,100,36.818
1738265225.123289,1496340.000,33993,1,T1,1,100,36.780
1738265225.256294,1496473.000,34024,1,T1,1,100,36.869
1738265225.390299,1496607.000,34039,1,T1,1,100,36.872
1738265225.523304,1496740.000,34056,1,T1,1,100,36.838
1738265225.656309,1496873.000,34086,1,T1,1,100,36.859
1738265225.790314,1497007.000,34101,1,T1,1,100,36.939
1738265225.923319,1497140.000,34118,1,T1,1,100,36.903
1738265226.056324,1497273.000,34133,1,T1,1,100,36.816
1738265226.190329,1497407.000,34164,1,T1,1,100,36.885
1738265226.323334,1497540.000,34180,1,T1,1,100,36.844
1738265226.456339,1497673.000,34195,1,T1,1,100,36.862
1738265226.589344,1497806.000,34226,1,T1,1,100,36.976
1738265226.723349,1497940.000,34242,1,T1,1,100,36.812
1738265226.856354,1498073.000,34258,1,T1,1,100,36.919
1738265226.989359,1498206.000,34279,1,T1,1,100,36.823
1738265227.123364,1498340.000,34294,1,T1,1,100,36.853
1738265227.256370,1498473.000,34325,1,T1,1,100,36.794
1738265227.389374,1498606.000,34341,1,T1,1,100,36.840
1738265227.523380,1498740.000,34357,1,T1,1,100,36.789
1738265227.656385,1498873.000,34389,1,T1,1,100,36.731
1738265227.789390,1499006.000,34405,1,T1,1,100,36.777
1738265227.923395,1499140.000,34421,1,T1,1,100,36.868
1738265228.056400,1499273.000,34451,1,T1,1,100,36.872
1738265228.189405,1499406.000,34468,1,T1,1,100,36.803
1738265228.323410,1499540.000,34485,1,T1,1,100,36.950
1738265228.456415,1499673.000,34516,1,T1,1,100,37.049
1738265228.589420,1499806.000,34534,1,T1,1,100,36.915
1738265228.723425,1499940.000,34549,1,T1,1,100,36.999
1738265228.856430,1500073.000,34580,1,T1,1,100,36.999
1738265228.989435,1500206.000,34596,1,T1,1,100,37.000
1738265229.122440,1500339.000,34611,1,T1,1,100,36.964
1738265229.256445,1500473.000,34628,1,T1,1,100,36.914
1738265229.389451,1500606.000,34658,1,T1,1,100,36.998
1738265229.522455,1500739.000,34674,1,T1,1,100,36.999
1738265229.656461,1500873.000,34690,1,T1,1,100,36.893
1738265229.789466,1501006.000,34721,1,T1,1,100,36.812
1738265229.923471,1501140.000,34736,1,T1,1,100,36.883
1738265230.056476,1501273.000,34752,1,T1,1,100,36.843
1738265230.189481,1501406.000,34783,1,T1,1,100,36.897
1738265230.322486,1501539.000,34798,1,T1,1,100,36.813
1738265230.456491,1501673.000,34814,1,T1,1,100,36.884
1738265230.589496,1501806.000,34845,1,T1,1,100,36.843
1738265230.722501,1501939.000,34860,1,T1,1,100,36.897
1738265230.856506,1502073.000,34879,1,T1,1,100,36.778
1738265230.989511,1502206.000,34894,1,T1,1,100,36.869
1738265231.122516,1502339.000,34925,1,T1,1,100,36.766
1738265231.256521,1502473.000,34941,1,T1,1,100,36.863
1738265231.389526,1502606.000,34956,1,T1,1,100,36.905
1738265231.522531,1502739.000,34987,1,T1,1,100,36.888
1738265231.656536,1502873.000,35003,1,T1,1,100,36.881
1738265231.789541,1503006.000,35020,1,T1,1,100,36.948
1738265231.922547,1503139.000,35051,1,T1,1,100,36.871
1738265232.056552,1503273.000,35070,1,T1,1,100,36.909
1738265232.189557,1503406.000,35086,1,T1,1,100,36.961
1738265232.322562,1503539.000,35102,1,T1,1,100,36.806
1738265232.455567,1503672.000,35117,1,T1,1,100,36.916
1738265232.589572,1503806.000,35148,1,T1,1,100,36.893
1738265232.722577,1503939.000,35164,1,T1,1,100,36.776
1738265232.855582,1504072.000,35180,1,T1,1,100,36.797
1738265232.989587,1504206.000,35210,1,T1,1,100,36.770
1738265233.122592,1504339.000,35226,1,T1,1,100,36.865
1738265233.255597,1504472.000,35244,1,T1,1,100,36.871
1738265233.389602,1504606.000,35276,1,T1,1,100,36.838
1738265233.522607,1504739.000,35293,1,T1,1,100,36.788
1738265233.655612,1504872.000,35308,1,T1,1,100,36.766
1738265233.789617,1505006.000,35341,1,T1,1,100,36.722
1738265233.922622,1505139.000,35357,1,T1,1,100,36.844
1738265234.055627,1505272.000,35372,1,T1,1,100,36.897
1738265234.189632,1505406.000,35388,1,T1,1,100,36.885
1738265234.322638,1505539.000,35419,1,T1,1,100,36.808
1738265234.455642,1505672.000,35434,1,T1,1,100,36.775
1738265234.589648,1505806.000,35451,1,T1,1,100,36.867
1738265234.722653,1505939.000,35483,1,T1,1,100,36.836
1738265234.855658,1506072.000,35499,1,T1,1,100,36.752
1738265234.989663,1506206.000,35515,1,T1,1,100,36.786
1738265235.122668,1506339.000,35548,1,T1,1,100,36.908
1738265235.255673,1506472.000,35563,1,T1,1,100,36.925
1738265235.389678,1506606.000,35579,1,T1,1,100,36.861
1738265235.522683,1506739.000,35610,1,T1,1,100,36.833
1738265235.655688,1506872.000,35625,1,T1,1,100,36.822
1738265235.789693,1507006.000,35641,1,T1,1,100,36.887
1738265235.922698,1507139.000,35659,1,T1,1,100,36.951
1738265236.055703,1507272.000,35689,1,T1,1,100,36.873
1738265236.189708,1507406.000,35706,1,T1,1,100,36.874
1738265236.322713,1507539.000,35721,1,T1,1,100,36.910
1738265236.455719,1507672.000,35752,1,T1,1,100,36.855
1738265236.588723,1507805.000,35768,1,T1,1,100,36.795
1738265236.722728,1507939.000,35783,1,T1,1,100,36.841
1738265236.855734,1508072.000,35816,1,T1,1,100,36.860
1738265236.988739,1508205.000,35832,1,T1,1,100,36.833
1738265237.122744,1508339.000,35847,1,T1,1,100,36.821
1738265237.255749,1508472.000,35871,1,T1,1,100,36.923
1738265237.388754,1508605.000,35886,1,T1,1,100,36.896
1738265237.522759,1508739.000,35917,1,T1,1,100,36.813
1738265237.655764,1508872.000,35933,1,T1,1,100,36.848
1738265237.788769,1509005.000,35948,1,T1,1,100,36.899
1738265237.922774,1509139.000,35981,1,T1,1,100,36.921
1738265238.055779,1509272.000,35999,1,T1,1,100,36.859
1738265238.188784,1509405.000,36015,1,T1,1,100,36.904
1738265238.322789,1509539.000,36049,1,T1,1,100,36.816
1738265238.455794,1509672.000,36065,1,T1,1,100,36.814
1738265238.588799,1509805.000,36081,1,T1,1,100,36.778
1738265238.721804,1509938.000,36097,1,T1,1,100,36.868
1738265238.855809,1510072.000,36113,1,T1,1,100,36.872
1738265238.988815,1510205.000,36143,1,T1,1,100,36.838
1738265239.122820,1510339.000,36159,1,T1,1,100,36.824
1738265239.255825,1510472.000,36177,1,T1,1,100,36.924
1738265239.388830,1510605.000,36195,1,T1,1,100,36.896
1738265239.521835,1510738.000,36226,1,T1,1,100,36.813
1738265239.655840,1510872.000,36241,1,T1,1,100,36.848
1738265239.788845,1511005.000,36257,1,T1,1,100,36.828
1738265239.921850,1511138.000,36290,1,T1,1,100,36.819
1738265240.055855,1511272.000,36305,1,T1,1,100,36.815
1738265240.188860,1511405.000,36322,1,T1,1,100,36.778
1738265240.321865,1511538.000,36352,1,T1,1,100,36.904
1738265240.455870,1511672.000,36367,1,T1,1,100,36.923
1738265240.588875,1511805.000,36384,1,T1,1,100,36.931
1738265240.721880,1511938.000,36414,1,T1,1,100,36.864
1738265240.855885,1512072.000,36432,1,T1,1,100,36.941
1738265240.988890,1512205.000,36448,1,T1,1,100,36.939
1738265241.121895,1512338.000,36479,1,T1,1,100,36.938
1738265241.255900,1512472.000,36494,1,T1,1,100,36.867
1738265241.388906,1512605.000,36510,1,T1,1,100,36.907
1738265241.521911,1512738.000,36525,1,T1,1,100,36.889
1738265241.655916,1512872.000,36558,1,T1,1,100,36.810
1738265241.788921,1513005.000,36574,1,T1,1,100,36.811
1738265241.921926,1513138.000,36590,1,T1,1,100,36.848
1738265242.055931,1513272.000,36620,1,T1,1,100,36.899
1738265242.188936,1513405.000,36639,1,T1,1,100,36.814
1738265242.321941,1513538.000,36660,1,T1,1,100,36.778
1738265242.455946,1513672.000,36675,1,T1,1,100,36.904
1738265242.588951,1513805.000,36692,1,T1,1,100,36.887
1738265242.721956,1513938.000,36724,1,T1,1,100,36.845
1738265242.854961,1514071.000,36740,1,T1,1,100,36.827
1738265242.988966,1514205.000,36758,1,T1,1,100,36.854
1738265243.121971,1514338.000,36789,1,T1,1,100,36.901
1738265243.254976,1514471.000,36806,1,T1,1,100,36.816
1738265243.388981,1514605.000,36822,1,T1,1,100,36.778
1738265243.521986,1514738.000,36853,1,T1,1,100,36.762
1738265243.654991,1514871.000,36868,1,T1,1,100,36.791
1738265243.788996,1515005.000,36884,1,T1,1,100,36.803
1738265243.922002,1515138.000,36900,1,T1,1,100,36.879
1738265244.055007,1515271.000,36932,1,T1,1,100,36.948
1738265244.189012,1515405.000,36949,1,T1,1,100,36.871
1738265244.322017,1515538.000,36964,1,T1,1,100,36.909
1738265244.455022,1515671.000,36997,1,T1,1,100,36.890
1738265244.589027,1515805.000,37013,1,T1,1,100,36.988
1738265244.722032,1515938.000,37028,1,T1,1,100,36.924
1738265244.855037,1516071.000,37059,1,T1,1,100,36.896
1738265244.989042,1516205.000,37075,1,T1,1,100,36.884
1738265245.122047,1516338.000,37090,1,T1,1,100,36.985
1738265245.255052,1516471.000,37123,1,T1,1,100,36.958
1738265245.389057,1516605.000,37139,1,T1,1,100,36.876
1738265245.522062,1516738.000,37155,1,T1,1,100,36.875
1738265245.655067,1516871.000,37171,1,T1,1,100,36.875
1738265245.789072,1517005.000,37201,1,T1,1,100,36.910
1738265245.922077,1517138.000,37217,1,T1,1,100,36.926
1738265246.055083,1517271.000,37233,1,T1,1,100,36.826
1738265246.189088,1517405.000,37264,1,T1,1,100,36.889
1738265246.322093,1517538.000,37279,1,T1,1,100,36.810
1738265246.455098,1517671.000,37295,1,T1,1,100,36.812
1738265246.588103,1517804.000,37326,1,T1,1,100,36.989
1738265246.722108,1517938.000,37343,1,T1,1,100,36.854
1738265246.855113,1518071.000,37360,1,T1,1,100,36.795
1738265246.988118,1518204.000,37390,1,T1,1,100,36.805
1738265247.122123,1518338.000,37405,1,T1,1,100,36.916
1738265247.255128,1518471.000,37422,1,T1,1,100,36.893
1738265247.388633,1518604.500,37457,2,T1,1,100,36.918
1738265247.522138,1518738.000,37457,2,T1,1,100,36.929
1738265247.655143,1518871.000,37490,1,T1,1,100,36.863
1738265247.788148,1519004.000,37505,1,T1,1,100,36.870
1738265247.922153,1519138.000,37522,1,T1,1,100,36.837
1738265248.055158,1519271.000,37554,1,T1,1,100,36.788
1738265248.188163,1519404.000,37570,1,T1,1,100,36.873
1738265248.322168,1519538.000,37590,1,T1,1,100,36.909
1738265248.455173,1519671.000,37621,1,T1,1,100,36.925
1738265248.588179,1519804.000,37636,1,T1,1,100,36.897
1738265248.722184,1519938.000,37654,1,T1,1,100,36.920
1738265248.855189,1520071.000,37685,1,T1,1,100,36.859
1738265248.988194,1520204.000,37700,1,T1,1,100,36.868
1738265249.122199,1520338.000,37716,1,T1,1,100,36.801
1738265249.255204,1520471.000,37732,1,T1,1,100,36.949
1738265249.388209,1520604.000,37764,1,T1,1,100,36.872
1738265249.521214,1520737.000,37783,1,T1,1,100,36.874
1738265249.655219,1520871.000,37798,1,T1,1,100,36.803
1738265249.788224,1521004.000,37829,1,T1,1,100,36.809
1738265249.921229,1521137.000,37845,1,T1,1,100,36.882
1738265250.055234,1521271.000,37860,1,T1,1,100,36.842
1738265250.188239,1521404.000,37891,1,T1,1,100,36.896
1738265250.321244,1521537.000,37907,1,T1,1,100,36.920
1738265250.455249,1521671.000,37922,1,T1,1,100,37.001
1738265250.588254,1521804.000,37953,1,T1,1,100,36.788
1738265250.721259,1521937.000,37969,1,T1,1,100,36.802
1738265250.855264,1522071.000,37985,1,T1,1,100,36.843
1738265250.988270,1522204.000,38017,1,T1,1,100,36.897
1738265251.121275,1522337.000,38033,1,T1,1,100,36.813
1738265251.255280,1522471.000,38049,1,T1,1,100,36.884
1738265251.388285,1522604.000,38067,1,T1,1,100,36.914
1738265251.521290,1522737.000,38098,1,T1,1,100,36.857
1738265251.655295,1522871.000,38113,1,T1,1,100,36.867
1738265251.788300,1523004.000,38129,1,T1,1,100,36.765
1738265251.921305,1523137.000,38160,1,T1,1,100,36.827
1738265252.055310,1523271.000,38175,1,T1,1,100,36.890
1738265252.188315,1523404.000,38192,1,T1,1,100,36.881
1738265252.321320,1523537.000,38222,1,T1,1,100,36.984
1738265252.454325,1523670.000,38237,1,T1,1,100,36.851
1738265252.588330,1523804.000,38259,1,T1,1,100,36.900
1738265252.721335,1523937.000,38274,1,T1,1,100,36.921
1738265252.855340,1524071.000,38290,1,T1,1,100,36.966
1738265252.988345,1524204.000,38321,1,T1,1,100,36.985
1738265253.121351,1524337.000,38336,1,T1,1,100,36.958
1738265253.254355,1524470.000,38355,1,T1,1,100,36.840
1738265253.388361,1524604.000,38385,1,T1,1,100,36.895
1738265253.521366,1524737.000,38403,1,T1,1,100,36.990
1738265253.654371,1524870.000,38419,1,T1,1,100,36.925
1738265253.788376,1525004.000,38450,1,T1,1,100,36.861
1738265253.921381,1525137.000,38465,1,T1,1,100,36.940
1738265254.054386,1525270.000,38481,1,T1,1,100,36.939
1738265254.188391,1525404.000,38512,1,T1,1,100,36.902
1738265254.321396,1525537.000,38527,1,T1,1,100,36.887
1738265254.454401,1525670.000,38543,1,T1,1,100,36.951
1738265254.588406,1525804.000,38574,1,T1,1,100,36.943
1738265254.721411,1525937.000,38589,1,T1,1,100,36.975
1738265254.854416,1526070.000,38606,1,T1,1,100,36.883
1738265254.988421,1526204.000,38621,1,T1,1,100,36.914
1738265255.121426,1526337.000,38651,1,T1,1,100,36.963
1738265255.254431,1526470.000,38668,1,T1,1,100,36.948
1738265255.388436,1526604.000,38683,1,T1,1,100,36.942
1738265255.521441,1526737.000,38714,1,T1,1,100,36.975
1738265255.654447,1526870.000,38730,1,T1,1,100,36.918
1738265255.787452,1527003.000,38745,1,T1,1,100,36.894
1738265255.921457,1527137.000,38776,1,T1,1,100,36.883
1738265256.054462,1527270.000,38792,1,T1,1,100,36.949
1738265256.188467,1527404.000,38808,1,T1,1,100,36.943
1738265256.321472,1527537.000,38838,1,T1,1,100,36.940
1738265256.454477,1527670.000,38854,1,T1,1,100,36.832
1738265256.587482,1527803.000,38870,1,T1,1,100,36.998
1738265256.721487,1527937.000,38900,1,T1,1,100,36.999
1738265256.854492,1528070.000,38917,1,T1,1,100,36.929
1738265256.988497,1528204.000,38932,1,T1,1,100,36.863
1738265257.121502,1528337.000,38948,1,T1,1,100,36.976
1738265257.254507,1528470.000,38981,1,T1,1,100,36.954
1738265257.387512,1528603.000,38998,1,T1,1,100,36.945
1738265257.521517,1528737.000,39014,1,T1,1,100,36.905
1738265257.654522,1528870.000,39052,1,T1,1,100,36.888
1738265257.787527,1529003.000,39068,1,T1,1,100,36.916
1738265257.921532,1529137.000,39084,1,T1,1,100,36.928
1738265258.054538,1529270.000,39099,1,T1,1,100,36.863
1738265258.187543,1529403.000,39132,1,T1,1,100,36.870
1738265258.321548,1529537.000,39148,1,T1,1,100,36.873
1738265258.454553,1529670.000,39165,1,T1,1,100,36.874
1738265258.587558,1529803.000,39182,1,T1,1,100,36.981
1738265258.721563,1529937.000,39214,1,T1,1,100,36.992
1738265258.854568,1530070.000,39230,1,T1,1,100,36.961
1738265258.987573,1530203.000,39246,1,T1,1,100,36.877
1738265259.121578,1530337.000,39277,1,T1,1,100,36.911
1738265259.254583,1530470.000,39292,1,T1,1,100,36.926
1738265259.387588,1530603.000,39308,1,T1,1,100,36.862
1738265259.520593,1530736.000,39339,1,T1,1,100,36.905
1738265259.654598,1530870.000,39354,1,T1,1,100,36.923
1738265259.787603,1531003.000,39370,1,T1,1,100,36.931
1738265259.920608,1531136.000,39401,1,T1,1,100,36.970
1738265260.054613,1531270.000,39416,1,T1,1,100,36.916
1738265260.187618,1531403.000,39433,1,T1,1,100,36.964
1738265260.320623,1531536.000,39463,1,T1,1,100,37.055
1738265260.454628,1531670.000,39480,1,T1,1,100,36.953
1738265260.587634,1531803.000,39497,1,T1,1,100,36.838
1738265260.720639,1531936.000,39512,1,T1,1,100,36.823
1738265260.854644,1532070.000,39543,1,T1,1,100,36.888
1738265260.987649,1532203.000,39559,1,T1,1,100,36.881
1738265261.120654,1532336.000,39574,1,T1,1,100,36.948
1738265261.254659,1532470.000,39605,1,T1,1,100,36.942
1738265261.387664,1532603.000,39621,1,T1,1,100,36.975
1738265261.520669,1532736.000,39639,1,T1,1,100,36.954
1738265261.654674,1532870.000,39669,1,T1,1,100,36.874
1738265261.787679,1533003.000,39685,1,T1,1,100,36.910
1738265261.920684,1533136.000,39701,1,T1,1,100,36.961
1738265262.054689,1533270.000,39731,1,T1,1,100,36.912
1738265262.187694,1533403.000,39748,1,T1,1,100,36.891
1738265262.320699,1533536.000,39763,1,T1,1,100,36.917
1738265262.453704,1533669.000,39794,1,T1,1,100,36.929
1738265262.587709,1533803.000,39810,1,T1,1,100,36.863
1738265262.720715,1533936.000,39827,1,T1,1,100,36.976
1738265262.853719,1534069.000,39847,1,T1,1,100,36.990
1738265262.987725,1534203.000,39864,1,T1,1,100,36.925
1738265263.120730,1534336.000,39897,1,T1,1,100,36.932
1738265263.253735,1534469.000,39915,1,T1,1,100,36.864
1738265263.387740,1534603.000,39932,1,T1,1,100,36.906
1738265263.520745,1534736.000,39965,1,T1,1,100,36.924
1738265263.653750,1534869.000,39983,1,T1,1,100,36.932
1738265263.787755,1535003.000,39998,1,T1,1,100,36.899
1738265263.920760,1535136.000,40031,1,T1,1,100,36.921
1738265264.054765,1535270.000,40047,1,T1,1,100,36.930
1738265264.187770,1535403.000,40063,1,T1,1,100,37.005
1738265264.320775,1535536.000,40095,1,T1,1,100,36.896
1738265264.453780,1535669.000,40111,1,T1,1,100,36.920
1738265264.587785,1535803.000,40129,1,T1,1,100,36.965
1738265264.720790,1535936.000,40145,1,T1,1,100,36.949
1738265264.853795,1536069.000,40178,1,T1,1,100,36.872
1738265264.987801,1536203.000,40193,1,T1,1,100,36.980
1738265265.120806,1536336.000,40209,1,T1,1,100,36.956
1738265265.253811,1536469.000,40240,1,T1,1,100,36.945
1738265265.387816,1536603.000,40255,1,T1,1,100,36.870
1738265265.520821,1536736.000,40272,1,T1,1,100,36.979
1738265265.653826,1536869.000,40302,1,T1,1,100,36.991
1738265265.786831,1537002.000,40317,1,T1,1,100,36.890
1738265265.920836,1537136.000,40334,1,T1,1,100,36.988
1738265266.053841,1537269.000,40364,1,T1,1,100,36.959
1738265266.186846,1537402.000,40380,1,T1,1,100,36.982
1738265266.320851,1537536.000,40396,1,T1,1,100,36.886
1738265266.453856,1537669.000,40427,1,T1,1,100,37.022
1738265266.586861,1537802.000,40442,1,T1,1,100,36.938
1738265266.720866,1537936.000,40458,1,T1,1,100,36.938
1738265266.853871,1538069.000,40489,1,T1,1,100,36.973
1738265266.986876,1538202.000,40504,1,T1,1,100,36.988
1738265267.120881,1538336.000,40520,1,T1,1,100,36.995
1738265267.253886,1538469.000,40538,1,T1,1,100,36.962
1738265267.386891,1538602.000,40568,1,T1,1,100,36.948
1738265267.520896,1538736.000,40585,1,T1,1,100,36.978
1738265267.653902,1538869.000,40600,1,T1,1,100,36.884
1738265267.786907,1539002.000,40631,1,T1,1,100,36.914
1738265267.920912,1539136.000,40654,1,T1,1,100,36.927
1738265268.053917,1539269.000,40669,1,T1,1,100,37.040
1738265268.186922,1539402.000,40686,1,T1,1,100,36.982
1738265268.320927,1539536.000,40718,1,T1,1,100,36.921
1738265268.453932,1539669.000,40733,1,T1,1,100,36.930
1738265268.586937,1539802.000,40750,1,T1,1,100,36.899
1738265268.720942,1539936.000,40765,1,T1,1,100,36.885
1738265268.853947,1540069.000,40796,1,T1,1,100,36.950
1738265268.986952,1540202.000,40812,1,T1,1,100,36.979
1738265269.119957,1540335.000,40827,1,T1,1,100,36.955
1738265269.253962,1540469.000,40858,1,T1,1,100,36.874
1738265269.386967,1540602.000,40874,1,T1,1,100,36.839
1738265269.519972,1540735.000,40890,1,T1,1,100,36.895
1738265269.653977,1540869.000,40920,1,T1,1,100,36.919
1738265269.786983,1541002.000,40936,1,T1,1,100,36.823
1738265269.920988,1541136.000,40952,1,T1,1,100,36.782
1738265270.053993,1541269.000,40984,1,T1,1,100,36.941
1738265270.186998,1541402.000,41001,1,T1,1,100,36.904
1738265270.320003,1541535.000,41016,1,T1,1,100,36.923
1738265270.454008,1541669.000,41047,1,T1,1,100,36.967
1738265270.587013,1541802.000,41063,1,T1,1,100,36.844
1738265270.720018,1541935.000,41078,1,T1,1,100,36.897
1738265270.854023,1542069.000,41095,1,T1,1,100,36.814
1738265270.987028,1542202.000,41110,1,T1,1,100,36.884
1738265271.120033,1542335.000,41142,1,T1,1,100,36.808
1738265271.254038,1542469.000,41159,1,T1,1,100,36.952
1738265271.387043,1542602.000,41174,1,T1,1,100,36.873
1738265271.520048,1542735.000,41205,1,T1,1,100,36.803
1738265271.654053,1542869.000,41221,1,T1,1,100,36.879
1738265271.787058,1543002.000,41236,1,T1,1,100,36.948
1738265271.920063,1543135.000,41267,1,T1,1,100,37.013
1738265272.054069,1543269.000,41283,1,T1,1,100,36.899
1738265272.187073,1543402.000,41299,1,T1,1,100,36.815
1738265272.320079,1543535.000,41329,1,T1,1,100,36.884
1738265272.454084,1543669.000,41345,1,T1,1,100,36.879
1738265272.587089,1543802.000,41361,1,T1,1,100,36.806
1738265272.720094,1543935.000,41391,1,T1,1,100,36.881
1738265272.853099,1544068.000,41408,1,T1,1,100,37.019
1738265272.986604,1544201.500,41429,2,T1,1,100,36.973
1738265273.120109,1544335.000,41429,2,T1,1,100,36.953
1738265273.253114,1544468.000,41462,1,T1,1,100,36.944
1738265273.387119,1544602.000,41477,1,T1,1,100,36.905
1738265273.520124,1544735.000,41494,1,T1,1,100,36.852
1738265273.653129,1544868.000,41526,1,T1,1,100,36.936
1738265273.787134,1545002.000,41541,1,T1,1,100,36.937
1738265273.920139,1545135.000,41558,1,T1,1,100,36.937
1738265274.053144,1545268.000,41588,1,T1,1,100,36.902
1738265274.187149,1545402.000,41604,1,T1,1,100,36.851
1738265274.320154,1545535.000,41620,1,T1,1,100,36.865
1738265274.453159,1545668.000,41651,1,T1,1,100,36.871
1738265274.587165,1545802.000,41666,1,T1,1,100,36.909
1738265274.720170,1545935.000,41682,1,T1,1,100,36.890
1738265274.853175,1546068.000,41713,1,T1,1,100,36.881
1738265274.987180,1546202.000,41728,1,T1,1,100,36.913
1738265275.120185,1546335.000,41744,1,T1,1,100,36.892
1738265275.253190,1546468.000,41760,1,T1,1,100,36.882
1738265275.387195,1546602.000,41790,1,T1,1,100,36.914
1738265275.520200,1546735.000,41807,1,T1,1,100,36.963
1738265275.653205,1546868.000,41822,1,T1,1,100,37.019
1738265275.787210,1547002.000,41853,1,T1,1,100,37.115
1738265275.920215,1547135.000,41869,1,T1,1,100,37.014
1738265276.053220,1547268.000,41884,1,T1,1,100,36.864
1738265276.186225,1547401.000,41915,1,T1,1,100,36.906
1738265276.320230,1547535.000,41931,1,T1,1,100,36.959
1738265276.453235,1547668.000,41946,1,T1,1,100,36.947
1738265276.586240,1547801.000,41977,1,T1,1,100,36.906
1738265276.720245,1547935.000,41993,1,T1,1,100,36.924
1738265276.853251,1548068.000,42009,1,T1,1,100,36.861
1738265276.986255,1548201.000,42039,1,T1,1,100,36.940
1738265277.120261,1548335.000,42055,1,T1,1,100,36.938
1738265277.253266,1548468.000,42073,1,T1,1,100,36.832
1738265277.386271,1548601.000,42103,1,T1,1,100,36.892
1738265277.520276,1548735.000,42120,1,T1,1,100,36.847
1738265277.653281,1548868.000,42135,1,T1,1,100,36.898
1738265277.786286,1549001.000,42151,1,T1,1,100,36.885
1738265277.920291,1549135.000,42182,1,T1,1,100,36.915
1738265278.053296,1549268.000,42197,1,T1,1,100,36.928
1738265278.186301,1549401.000,42219,1,T1,1,100,36.933
1738265278.320306,1549535.000,42236,1,T1,1,100,36.936
1738265278.453311,1549668.000,42267,1,T1,1,100,36.972
1738265278.586316,1549801.000,42283,1,T1,1,100,36.917
1738265278.720321,1549935.000,42300,1,T1,1,100,36.893
1738265278.853326,1550068.000,42316,1,T1,1,100,36.989
1738265278.986331,1550201.000,42347,1,T1,1,100,36.960
1738265279.119336,1550334.000,42362,1,T1,1,100,36.983
1738265279.253341,1550468.000,42379,1,T1,1,100,36.922
1738265279.386347,1550601.000,42411,1,T1,1,100,36.966
1738265279.520352,1550735.000,42427,1,T1,1,100,37.021
1738265279.653357,1550868.000,42443,1,T1,1,100,37.080
1738265279.786362,1551001.000,42474,1,T1,1,100,36.928
1738265279.919367,1551134.000,42489,1,T1,1,100,36.827
1738265280.053372,1551268.000,42505,1,T1,1,100,36.996
1738265280.186377,1551401.000,42536,1,T1,1,100,36.998
1738265280.319382,1551534.000,42551,1,T1,1,100,36.893
1738265280.453387,1551668.000,42567,1,T1,1,100,36.883
1738265280.586392,1551801.000,42598,1,T1,1,100,36.878
1738265280.719397,1551934.000,42613,1,T1,1,100,36.841
1738265280.853402,1552068.000,42630,1,T1,1,100,36.860
1738265280.986407,1552201.000,42660,1,T1,1,100,36.869
1738265281.119412,1552334.000,42675,1,T1,1,100,36.872
1738265281.253417,1552468.000,42692,1,T1,1,100,36.838
1738265281.386422,1552601.000,42707,1,T1,1,100,36.930
1738265281.519428,1552734.000,42738,1,T1,1,100,36.863
1738265281.653433,1552868.000,42754,1,T1,1,100,36.905
1738265281.786438,1553001.000,42769,1,T1,1,100,36.888
1738265281.919443,1553134.000,42802,1,T1,1,100,36.845
1738265282.053448,1553268.000,42818,1,T1,1,100,36.827
1738265282.186453,1553401.000,42834,1,T1,1,100,36.890
1738265282.319458,1553534.000,42864,1,T1,1,100,36.917
1738265282.453463,1553668.000,42880,1,T1,1,100,36.822
1738265282.586468,1553801.000,42896,1,T1,1,100,36.923
1738265282.719473,1553934.000,42926,1,T1,1,100,37.002
1738265282.852478,1554067.000,42945,1,T1,1,100,36.965
1738265282.986483,1554201.000,42960,1,T1,1,100,37.056
1738265283.119488,1554334.000,42991,1,T1,1,100,36.918
1738265283.252493,1554467.000,43014,1,T1,1,100,36.964
1738265283.386498,1554601.000,43029,1,T1,1,100,36.985
1738265283.519503,1554734.000,43046,1,T1,1,100,36.887
1738265283.652508,1554867.000,43063,1,T1,1,100,36.916
1738265283.786513,1555001.000,43079,1,T1,1,100,36.928
1738265283.919518,1555134.000,43110,1,T1,1,100,36.862
1738265284.053524,1555268.000,43125,1,T1,1,100,36.834
1738265284.186529,1555401.000,43142,1,T1,1,100,36.928
1738265284.319534,1555534.000,43174,1,T1,1,100,37.004
1738265284.452539,1555667.000,43189,1,T1,1,100,36.966
1738265284.586544,1555801.000,43206,1,T1,1,100,36.950
1738265284.719549,1555934.000,43236,1,T1,1,100,36.907
1738265284.852554,1556067.000,43252,1,T1,1,100,36.925
1738265284.986559,1556201.000,43268,1,T1,1,100,36.826
1738265285.119564,1556334.000,43283,1,T1,1,100,36.818
1738265285.252569,1556467.000,43316,1,T1,1,100,36.957
1738265285.386574,1556601.000,43332,1,T1,1,100,37.052
1738265285.519579,1556734.000,43347,1,T1,1,100,36.952
1738265285.652584,1556867.000,43378,1,T1,1,100,36.944
1738265285.785589,1557000.000,43394,1,T1,1,100,36.976
1738265285.919594,1557134.000,43412,1,T1,1,100,36.954
1738265286.052599,1557267.000,43442,1,T1,1,100,36.980
1738265286.185604,1557400.000,43459,1,T1,1,100,36.991
1738265286.319609,1557534.000,43474,1,T1,1,100,36.961
1738265286.452615,1557667.000,43505,1,T1,1,100,36.877
1738265286.585619,1557800.000,43521,1,T1,1,100,36.911
1738265286.719625,1557934.000,43536,1,T1,1,100,36.926
1738265286.852630,1558067.000,43567,1,T1,1,100,36.897
1738265286.985635,1558200.000,43583,1,T1,1,100,36.920
1738265287.119640,1558334.000,43598,1,T1,1,100,36.859
1738265287.252645,1558467.000,43629,1,T1,1,100,36.939
1738265287.385650,1558600.000,43645,1,T1,1,100,36.867
1738265287.519655,1558734.000,43661,1,T1,1,100,36.907
1738265287.652660,1558867.000,43691,1,T1,1,100,36.818
1738265287.785665,1559000.000,43709,1,T1,1,100,36.815
1738265287.919670,1559134.000,43725,1,T1,1,100,36.849
1738265288.052675,1559267.000,43741,1,T1,1,100,36.899
1738265288.185680,1559400.000,43774,1,T1,1,100,36.885
1738265288.319685,1559534.000,43789,1,T1,1,100,36.773
1738265288.452690,1559667.000,43808,1,T1,1,100,36.866
1738265288.585696,1559800.000,43824,1,T1,1,100,36.871
1738265288.719701,1559934.000,43840,1,T1,1,100,36.909
1738265288.852705,1560067.000,43871,1,T1,1,100,36.854
1738265288.985711,1560200.000,43886,1,T1,1,100,36.901
1738265289.118716,1560333.000,43902,1,T1,1,100,36.886
1738265289.252721,1560467.000,43933,1,T1,1,100,36.809
1738265289.385726,1560600.000,43948,1,T1,1,100,36.846
1738265289.518731,1560733.000,43965,1,T1,1,100,36.934
1738265289.652736,1560867.000,43995,1,T1,1,100,36.900
1738265289.785741,1561000.000,44010,1,T1,1,100,36.886
1738265289.918746,1561133.000,44027,1,T1,1,100,36.844
1738265290.052751,1561267.000,44057,1,T1,1,100,36.897
1738265290.185756,1561400.000,44073,1,T1,1,100,36.849
1738265290.318761,1561533.000,44091,1,T1,1,100,36.935
1738265290.452766,1561667.000,44106,1,T1,1,100,36.901
1738265290.585771,1561800.000,44137,1,T1,1,100,36.922
1738265290.718776,1561933.000,44153,1,T1,1,100,36.860
1738265290.852781,1562067.000,44169,1,T1,1,100,36.868
1738265290.985786,1562200.000,44199,1,T1,1,100,36.872
1738265291.118792,1562333.000,44215,1,T1,1,100,36.838
1738265291.252797,1562467.000,44231,1,T1,1,100,36.859
1738265291.385802,1562600.000,44261,1,T1,1,100,36.833
1738265291.518807,1562733.000,44278,1,T1,1,100,36.821
1738265291.652812,1562867.000,44293,1,T1,1,100,36.887
1738265291.785817,1563000.000,44324,1,T1,1,100,36.951
1738265291.918822,1563133.000,44340,1,T1,1,100,36.837
1738265292.052827,1563267.000,44355,1,T1,1,100,36.894
1738265292.185832,1563400.000,44386,1,T1,1,100,36.954
1738265292.318837,1563533.000,44402,1,T1,1,100,36.909
1738265292.452842,1563667.000,44417,1,T1,1,100,36.890
1738265292.585847,1563800.000,44434,1,T1,1,100,37.023
1738265292.718852,1563933.000,44464,1,T1,1,100,37.046
1738265292.851857,1564066.000,44480,1,T1,1,100,36.984
1738265292.985862,1564200.000,44496,1,T1,1,100,36.922
1738265293.118867,1564333.000,44527,1,T1,1,100,36.860
1738265293.251872,1564466.000,44546,1,T1,1,100,36.869
1738265293.385877,1564600.000,44562,1,T1,1,100,36.943
1738265293.518883,1564733.000,44600,2,T1,1,100,36.869
1738265293.651888,1564866.000,44600,2,T1,1,100,36.908
1738265293.785893,1565000.000,44631,1,T1,1,100,36.854
1738265293.918898,1565133.000,44646,1,T1,1,100,36.866
1738265294.051903,1565266.000,44662,1,T1,1,100,36.836
1738265294.185908,1565400.000,44693,1,T1,1,100,36.929
1738265294.318913,1565533.000,44708,1,T1,1,100,36.863
1738265294.451918,1565666.000,44724,1,T1,1,100,36.905
1738265294.585923,1565800.000,44740,1,T1,1,100,36.817
1738265294.718928,1565933.000,44770,1,T1,1,100,36.885
1738265294.851933,1566066.000,44787,1,T1,1,100,36.880
1738265294.985938,1566200.000,44802,1,T1,1,100,36.877
1738265295.118943,1566333.000,44833,1,T1,1,100,36.876
1738265295.251948,1566466.000,44849,1,T1,1,100,36.875
1738265295.385953,1566600.000,44864,1,T1,1,100,36.946
1738265295.518958,1566733.000,44895,1,T1,1,100,36.906
1738265295.651963,1566866.000,44911,1,T1,1,100,36.817
1738265295.784968,1566999.000,44926,1,T1,1,100,36.956
1738265295.918973,1567133.000,44957,1,T1,1,100,36.875
1738265296.051979,1567266.000,44973,1,T1,1,100,36.875
1738265296.185984,1567400.000,44989,1,T1,1,100,36.981
1738265296.318989,1567533.000,45019,1,T1,1,100,37.027
1738265296.451994,1567666.000,45035,1,T1,1,100,36.905
1738265296.584999,1567799.000,45051,1,T1,1,100,36.924
1738265296.719004,1567933.000,45067,1,T1,1,100,36.932
1738265296.852009,1568066.000,45098,1,T1,1,100,37.041
1738265296.985014,1568199.000,45113,1,T1,1,100,36.911
1738265297.119019,1568333.000,45129,1,T1,1,100,36.855
1738265297.252024,1568466.000,45160,1,T1,1,100,36.831
1738265297.385029,1568599.000,45175,1,T1,1,100,36.891
1738265297.519034,1568733.000,45192,1,T1,1,100,36.918
1738265297.652039,1568866.000,45222,1,T1,1,100,36.964
1738265297.785044,1568999.000,45237,1,T1,1,100,36.878
1738265297.919049,1569133.000,45254,1,T1,1,100,36.912
1738265298.052054,1569266.000,45284,1,T1,1,100,36.855
1738265298.185060,1569399.000,45300,1,T1,1,100,36.831
1738265298.319065,1569533.000,45318,1,T1,1,100,36.927
1738265298.452070,1569666.000,45349,1,T1,1,100,37.004
1738265298.585075,1569799.000,45364,1,T1,1,100,37.002
1738265298.719080,1569933.000,45385,1,T1,1,100,36.930
1738265298.852085,1570066.000,45401,1,T1,1,100,37.005
1738265298.985090,1570199.000,45417,1,T1,1,100,37.002
1738265299.118095,1570332.000,45448,1,T1,1,100,36.965
1738265299.252100,1570466.000,45463,1,T1,1,100,36.843
1738265299.385105,1570599.000,45479,1,T1,1,100,36.861
1738265299.518110,1570732.000,45510,1,T1,1,100,36.834
1738265299.652115,1570866.000,45525,1,T1,1,100,36.928
1738265299.785120,1570999.000,45541,1,T1,1,100,36.933
1738265299.919125,1571133.000,45557,1,T1,1,100,36.971
1738265300.052130,1571266.000,45587,1,T1,1,100,37.058
1738265300.185135,1571399.000,45604,1,T1,1,100,36.954
1738265300.318140,1571532.000,45619,1,T1,1,100,36.874
1738265300.452145,1571666.000,45650,1,T1,1,100,36.981
1738265300.585150,1571799.000,45666,1,T1,1,100,36.885
1738265300.718156,1571932.000,45681,1,T1,1,100,36.844
1738265300.852161,1572066.000,45712,1,T1,1,100,36.862
1738265300.985166,1572199.000,45728,1,T1,1,100,36.905
1738265301.118171,1572332.000,45743,1,T1,1,100,36.888
1738265301.252176,1572466.000,45774,1,T1,1,100,36.845
1738265301.385181,1572599.000,45790,1,T1,1,100,36.827
1738265301.518186,1572732.000,45806,1,T1,1,100,36.925
1738265301.652191,1572866.000,45838,1,T1,1,100,36.932
1738265301.785196,1572999.000,45854,1,T1,1,100,36.971
1738265301.918201,1573132.000,45870,1,T1,1,100,36.916
1738265302.052206,1573266.000,45900,1,T1,1,100,36.893
1738265302.185211,1573399.000,45917,1,T1,1,100,36.954
1738265302.318216,1573532.000,45932,1,T1,1,100,36.838
1738265302.452221,1573666.000,45948,1,T1,1,100,36.965
1738265302.585226,1573799.000,45979,1,T1,1,100,36.985
1738265302.718231,1573932.000,45994,1,T1,1,100,36.958
1738265302.851236,1574065.000,46011,1,T1,1,100,36.946
1738265302.985241,1574199.000,46041,1,T1,1,100,36.941
1738265303.118247,1574332.000,46057,1,T1,1,100,36.939
1738265303.251252,1574465.000,46075,1,T1,1,100,36.938
1738265303.385257,1574599.000,46090,1,T1,1,100,36.867
1738265303.518262,1574732.000,46121,1,T1,1,100,36.836
1738265303.652267,1574866.000,46137,1,T1,1,100,36.787
1738265303.785272,1574999.000,46157,1,T1,1,100,36.908
1738265303.918277,1575132.000,46172,1,T1,1,100,36.925
1738265304.051282,1575265.000,46188,1,T1,1,100,36.897
1738265304.185287,1575399.000,46204,1,T1,1,100,36.920
1738265304.318292,1575532.000,46234,1,T1,1,100,36.859
1738265304.451297,1575665.000,46250,1,T1,1,100,36.868
1738265304.585302,1575799.000,46266,1,T1,1,100,36.837
1738265304.718307,1575932.000,46298,1,T1,1,100,36.894
1738265304.851312,1576065.000,46315,1,T1,1,100,36.954
1738265304.985317,1576199.000,46330,1,T1,1,100,36.874
1738265305.118322,1576332.000,46346,1,T1,1,100,36.874
1738265305.251328,1576465.000,46377,1,T1,1,100,36.910
1738265305.385333,1576599.000,46392,1,T1,1,100,36.926
1738265305.518337,1576732.000,46409,1,T1,1,100,36.897
1738265305.651343,1576865.000,46441,1,T1,1,100,36.955
1738265305.784348,1576998.000,46456,1,T1,1,100,37.052
1738265305.918353,1577132.000,46473,1,T1,1,100,37.022
1738265306.051358,1577265.000,46503,1,T1,1,100,37.010
1738265306.184363,1577398.000,46519,1,T1,1,100,36.969
1738265306.318368,1577532.000,46535,1,T1,1,100,36.916
1738265306.451373,1577665.000,46566,1,T1,1,100,36.928
1738265306.584378,1577798.000,46581,1,T1,1,100,36.933
1738265306.718383,1577932.000,46597,1,T1,1,100,36.936
1738265306.851388,1578065.000,46628,1,T1,1,100,36.937
1738265306.984393,1578198.000,46643,1,T1,1,100,36.866
1738265307.118398,1578332.000,46659,1,T1,1,100,36.836
1738265307.251403,1578465.000,46675,1,T1,1,100,36.964
1738265307.384408,1578598.000,46705,1,T1,1,100,36.949
1738265307.518414,1578732.000,46724,1,T1,1,100,36.907
1738265307.651418,1578865.000,46739,1,T1,1,100,36.853
1738265307.784424,1578998.000,46770,1,T1,1,100,36.901
1738265307.918429,1579132.000,46786,1,T1,1,100,36.922
1738265308.051434,1579265.000,46801,1,T1,1,100,36.931
1738265308.184439,1579398.000,46834,1,T1,1,100,36.864
1738265308.318444,1579532.000,46850,1,T1,1,100,36.906
1738265308.451449,1579665.000,46865,1,T1,1,100,36.888
1738265308.584454,1579798.000,46896,1,T1,1,100,36.810
1738265308.718459,1579932.000,46912,1,T1,1,100,36.918
1738265308.851464,1580065.000,46928,1,T1,1,100,36.929
1738265308.984469,1580198.000,46949,1,T1,1,100,36.863
1738265309.118474,1580332.000,46966,1,T1,1,100,36.834
1738265309.251479,1580465.000,46997,1,T1,1,100,36.822
1738265309.384484,1580598.000,47013,1,T1,1,100,36.923
1738265309.517489,1580731.000,47029,1,T1,1,100,36.931
1738265309.651494,1580865.000,47059,1,T1,1,100,36.935
1738265309.784499,1580998.000,47075,1,T1,1,100,36.936
1738265309.917504,1581131.000,47093,1,T1,1,100,36.937
1738265310.051509,1581265.000,47109,1,T1,1,100,36.866
1738265310.184515,1581398.000,47140,1,T1,1,100,36.942
1738265310.317520,1581531.000,47155,1,T1,1,100,36.869
1738265310.451525,1581665.000,47171,1,T1,1,100,36.979
1738265310.584530,1581798.000,47202,1,T1,1,100,36.884
1738265310.717535,1581931.000,47217,1,T1,1,100,36.844
1738265310.851540,1582065.000,47234,1,T1,1,100,36.897
1738265310.984545,1582198.000,47264,1,T1,1,100,36.955
1738265311.117550,1582331.000,47279,1,T1,1,100,36.945
1738265311.251555,1582465.000,47296,1,T1,1,100,36.941
