LocalTimestamp,EmotiBitTimestamp,PacketNumber,DataLength,TypeTag,ProtocolVersion,DataReliability,DC
1738271570.331355,573465.000,25042,4,DC,2,100,EA
1738271570.331355,573465.000,25042,4,DC,2,100,1
1738271570.331355,573465.000,25042,4,DC,2,100,EL
1738271570.331355,573465.000,25042,4,DC,2,100,1
1738271570.357856,573491.500,25049,4,DC,2,100,EA
1738271570.384357,573518.000,25049,4,DC,2,100,1
1738271570.410858,573544.500,25049,4,DC,2,100,EL
1738271570.437359,573571.000,25049,4,DC,2,100,1
1738271570.463110,573596.750,25065,4,DC,2,100,EA
1738271570.488861,573622.500,25065,4,DC,2,100,2
1738271570.514612,573648.250,25065,4,DC,2,100,EL
1738271570.540363,573674.000,25065,4,DC,2,100,2
1738271570.565614,573699.250,25082,4,DC,2,100,EA
1738271570.590865,573724.500,25082,4,DC,2,100,1
1738271570.616116,573749.750,25082,4,DC,2,100,EL
1738271570.641367,573775.000,25082,4,DC,2,100,1
1738271570.666868,573800.500,25101,4,DC,2,100,EA
1738271570.692369,573826.000,25101,4,DC,2,100,2
1738271570.717870,573851.500,25101,4,DC,2,100,EL
1738271570.743371,573877.000,25101,4,DC,2,100,2
1738271570.769122,573902.750,25117,4,DC,2,100,EA
1738271570.794873,573928.500,25117,4,DC,2,100,1
1738271570.820624,573954.250,25117,4,DC,2,100,EL
1738271570.846375,573980.000,25117,4,DC,2,100,1
1738271570.884126,574017.750,25137,4,DC,2,100,EA
1738271570.921878,574055.500,25137,4,DC,2,100,3
1738271570.959629,574093.250,25137,4,DC,2,100,EL
1738271570.997380,574131.000,25137,4,DC,2,100,3
1738271571.022881,574156.500,25153,4,DC,2,100,EA
1738271571.048382,574182.000,25153,4,DC,2,100,1
1738271571.073883,574207.500,25153,4,DC,2,100,EL
1738271571.099384,574233.000,25153,4,DC,2,100,1
1738271571.124885,574258.500,25171,4,DC,2,100,EA
1738271571.150386,574284.000,25171,4,DC,2,100,2
1738271571.175887,574309.500,25171,4,DC,2,100,EL
1738271571.201388,574335.000,25171,4,DC,2,100,2
1738271571.226639,574360.250,25188,4,DC,2,100,EA
1738271571.251890,574385.500,25188,4,DC,2,100,1
1738271571.277141,574410.750,25188,4,DC,2,100,EL
1738271571.302392,574436.000,25188,4,DC,2,100,1
1738271571.327393,574461.000,25205,4,DC,2,100,EA
1738271571.352394,574486.000,25205,4,DC,2,100,2
1738271571.377395,574511.000,25205,4,DC,2,100,EL
1738271571.402396,574536.000,25205,4,DC,2,100,2
1738271571.427647,574561.250,25221,4,DC,2,100,EA
1738271571.452898,574586.500,25221,4,DC,2,100,1
1738271571.478148,574611.750,25221,4,DC,2,100,EL
1738271571.503399,574637.000,25221,4,DC,2,100,1
1738271571.529400,574663.000,25238,4,DC,2,100,EA
1738271571.555401,574689.000,25238,4,DC,2,100,2
1738271571.581402,574715.000,25238,4,DC,2,100,EL
1738271571.607403,574741.000,25238,4,DC,2,100,2
1738271571.632404,574766.000,25256,4,DC,2,100,EA
1738271571.657405,574791.000,25256,4,DC,2,100,1
1738271571.682406,574816.000,25256,4,DC,2,100,EL
1738271571.707407,574841.000,25256,4,DC,2,100,1
1738271571.732658,574866.250,25273,4,DC,2,100,EA
1738271571.757909,574891.500,25273,4,DC,2,100,2
1738271571.783160,574916.750,25273,4,DC,2,100,EL
1738271571.808411,574942.000,25273,4,DC,2,100,2
1738271571.834412,574968.000,25289,4,DC,2,100,EA
1738271571.860413,574994.000,25289,4,DC,2,100,1
1738271571.886414,575020.000,25289,4,DC,2,100,EL
1738271571.912415,575046.000,25289,4,DC,2,100,1
1738271571.937666,575071.250,25306,4,DC,2,100,EA
1738271571.962917,575096.500,25306,4,DC,2,100,2
1738271571.988168,575121.750,25306,4,DC,2,100,EL
1738271572.013419,575147.000,25306,4,DC,2,100,2
1738271572.038670,575172.250,25322,4,DC,2,100,EA
1738271572.063920,575197.500,25322,4,DC,2,100,1
1738271572.089171,575222.750,25322,4,DC,2,100,EL
1738271572.114422,575248.000,25322,4,DC,2,100,1
1738271572.139673,575273.250,25339,4,DC,2,100,EA
1738271572.164924,575298.500,25339,4,DC,2,100,2
1738271572.190175,575323.750,25339,4,DC,2,100,EL
1738271572.215426,575349.000,25339,4,DC,2,100,2
1738271572.241177,575374.750,25356,4,DC,2,100,EA
1738271572.266928,575400.500,25356,4,DC,2,100,1
1738271572.292679,575426.250,25356,4,DC,2,100,EL
1738271572.318430,575452.000,25356,4,DC,2,100,1
1738271572.343681,575477.250,25373,4,DC,2,100,EA
1738271572.368932,575502.500,25373,4,DC,2,100,2
1738271572.394183,575527.750,25373,4,DC,2,100,EL
1738271572.419434,575553.000,25373,4,DC,2,100,2
1738271572.444685,575578.250,25388,4,DC,2,100,EA
1738271572.469936,575603.500,25388,4,DC,2,100,1
1738271572.495187,575628.750,25388,4,DC,2,100,EL
1738271572.520438,575654.000,25388,4,DC,2,100,1
1738271572.545939,575679.500,25406,4,DC,2,100,EA
1738271572.571440,575705.000,25406,4,DC,2,100,2
1738271572.596941,575730.500,25406,4,DC,2,100,EL
1738271572.622442,575756.000,25406,4,DC,2,100,2
1738271572.647443,575781.000,25422,4,DC,2,100,EA
1738271572.672443,575806.000,25422,4,DC,2,100,1
1738271572.697444,575831.000,25422,4,DC,2,100,EL
1738271572.722445,575856.000,25422,4,DC,2,100,1
1738271572.747696,575881.250,25439,4,DC,2,100,EA
1738271572.772947,575906.500,25439,4,DC,2,100,2
1738271572.798198,575931.750,25439,4,DC,2,100,EL
1738271572.823449,575957.000,25439,4,DC,2,100,2
1738271572.849450,575983.000,25455,4,DC,2,100,EA
1738271572.875451,576009.000,25455,4,DC,2,100,2
1738271572.901452,576035.000,25455,4,DC,2,100,EL
1738271572.927453,576061.000,25455,4,DC,2,100,2
1738271572.952704,576086.250,25472,4,DC,2,100,EA
1738271572.977955,576111.500,25472,4,DC,2,100,1
1738271573.003206,576136.750,25472,4,DC,2,100,EL
1738271573.028457,576162.000,25472,4,DC,2,100,1
1738271573.053708,576187.250,25488,4,DC,2,100,EA
1738271573.078959,576212.500,25488,4,DC,2,100,2
1738271573.104210,576237.750,25488,4,DC,2,100,EL
1738271573.129461,576263.000,25488,4,DC,2,100,2
1738271573.155212,576288.750,25505,4,DC,2,100,EA
1738271573.180963,576314.500,25505,4,DC,2,100,1
1738271573.206713,576340.250,25505,4,DC,2,100,EL
1738271573.232465,576366.000,25505,4,DC,2,100,1
1738271573.257966,576391.500,25521,4,DC,2,100,EA
1738271573.283466,576417.000,25521,4,DC,2,100,2
1738271573.308967,576442.500,25521,4,DC,2,100,EL
1738271573.334468,576468.000,25521,4,DC,2,100,2
1738271573.359469,576493.000,25538,4,DC,2,100,EA
1738271573.384470,576518.000,25538,4,DC,2,100,1
1738271573.409471,576543.000,25538,4,DC,2,100,EL
1738271573.434472,576568.000,25538,4,DC,2,100,1
1738271573.459723,576593.250,25554,4,DC,2,100,EA
1738271573.484974,576618.500,25554,4,DC,2,100,2
1738271573.510225,576643.750,25554,4,DC,2,100,EL
1738271573.535476,576669.000,25554,4,DC,2,100,2
1738271573.560977,576694.500,25572,4,DC,2,100,EA
1738271573.586478,576720.000,25572,4,DC,2,100,1
1738271573.611979,576745.500,25572,4,DC,2,100,EL
1738271573.637480,576771.000,25572,4,DC,2,100,1
1738271573.663481,576797.000,25589,4,DC,2,100,EA
1738271573.689482,576823.000,25589,4,DC,2,100,2
1738271573.715483,576849.000,25589,4,DC,2,100,EL
1738271573.741484,576875.000,25589,4,DC,2,100,2
1738271573.765985,576899.500,25606,4,DC,2,100,EA
1738271573.790486,576924.000,25606,4,DC,2,100,1
1738271573.814986,576948.500,25606,4,DC,2,100,EL
1738271573.839487,576973.000,25606,4,DC,2,100,1
1738271573.864738,576998.250,25623,4,DC,2,100,EA
1738271573.889989,577023.500,25623,4,DC,2,100,2
1738271573.915240,577048.750,25623,4,DC,2,100,EL
1738271573.940491,577074.000,25623,4,DC,2,100,2
1738271573.965742,577099.250,25640,4,DC,2,100,EA
1738271573.990993,577124.500,25640,4,DC,2,100,1
1738271574.016244,577149.750,25640,4,DC,2,100,EL
1738271574.041495,577175.000,25640,4,DC,2,100,1
1738271574.066996,577200.500,25655,4,DC,2,100,EA
1738271574.092497,577226.000,25655,4,DC,2,100,2
1738271574.117998,577251.500,25655,4,DC,2,100,EL
1738271574.143499,577277.000,25655,4,DC,2,100,2
1738271574.169250,577302.750,25672,4,DC,2,100,EA
1738271574.195001,577328.500,25672,4,DC,2,100,1
1738271574.220752,577354.250,25672,4,DC,2,100,EL
1738271574.246503,577380.000,25672,4,DC,2,100,1
1738271574.272004,577405.500,25689,4,DC,2,100,EA
1738271574.297505,577431.000,25689,4,DC,2,100,2
1738271574.323005,577456.500,25689,4,DC,2,100,EL
1738271574.348506,577482.000,25689,4,DC,2,100,2
1738271574.374758,577508.250,25706,4,DC,2,100,EA
1738271574.401009,577534.500,25706,4,DC,2,100,1
1738271574.427259,577560.750,25706,4,DC,2,100,EL
1738271574.453511,577587.000,25706,4,DC,2,100,1
1738271574.478761,577612.250,25722,4,DC,2,100,EA
1738271574.504012,577637.500,25722,4,DC,2,100,2
1738271574.529263,577662.750,25722,4,DC,2,100,EL
1738271574.554514,577688.000,25722,4,DC,2,100,2
1738271574.580765,577714.250,25739,4,DC,2,100,EA
1738271574.607016,577740.500,25739,4,DC,2,100,1
1738271574.633267,577766.750,25739,4,DC,2,100,EL
1738271574.659518,577793.000,25739,4,DC,2,100,1
1738271574.683769,577817.250,25755,4,DC,2,100,EA
1738271574.708020,577841.500,25755,4,DC,2,100,2
1738271574.732271,577865.750,25755,4,DC,2,100,EL
1738271574.756522,577890.000,25755,4,DC,2,100,2
1738271574.782273,577915.750,25772,4,DC,2,100,EA
1738271574.808024,577941.500,25772,4,DC,2,100,2
1738271574.833775,577967.250,25772,4,DC,2,100,EL
1738271574.859526,577993.000,25772,4,DC,2,100,2
1738271574.885027,578018.500,25789,4,DC,2,100,EA
1738271574.910528,578044.000,25789,4,DC,2,100,1
1738271574.936029,578069.500,25789,4,DC,2,100,EL
1738271574.961529,578095.000,25789,4,DC,2,100,1
1738271574.986531,578120.000,25805,4,DC,2,100,EA
1738271575.011531,578145.000,25805,4,DC,2,100,2
1738271575.036532,578170.000,25805,4,DC,2,100,EL
1738271575.061533,578195.000,25805,4,DC,2,100,2
1738271575.087534,578221.000,25821,4,DC,2,100,EA
1738271575.113535,578247.000,25821,4,DC,2,100,1
1738271575.139536,578273.000,25821,4,DC,2,100,EL
1738271575.165537,578299.000,25821,4,DC,2,100,1
1738271575.191038,578324.500,25839,4,DC,2,100,EA
1738271575.216539,578350.000,25839,4,DC,2,100,2
1738271575.242040,578375.500,25839,4,DC,2,100,EL
1738271575.267541,578401.000,25839,4,DC,2,100,2
1738271575.292542,578426.000,25855,4,DC,2,100,EA
1738271575.317543,578451.000,25855,4,DC,2,100,1
1738271575.342544,578476.000,25855,4,DC,2,100,EL
1738271575.367545,578501.000,25855,4,DC,2,100,1
1738271575.394046,578527.500,25871,4,DC,2,100,EA
1738271575.420547,578554.000,25871,4,DC,2,100,2
1738271575.447048,578580.500,25871,4,DC,2,100,EL
1738271575.473549,578607.000,25871,4,DC,2,100,2
1738271575.498800,578632.250,25887,4,DC,2,100,EA
1738271575.524051,578657.500,25887,4,DC,2,100,1
1738271575.549302,578682.750,25887,4,DC,2,100,EL
1738271575.574553,578708.000,25887,4,DC,2,100,1
1738271575.600054,578733.500,25905,4,DC,2,100,EA
1738271575.625555,578759.000,25905,4,DC,2,100,2
1738271575.651056,578784.500,25905,4,DC,2,100,EL
1738271575.676557,578810.000,25905,4,DC,2,100,2
1738271575.702307,578835.750,25921,4,DC,2,100,EA
1738271575.728058,578861.500,25921,4,DC,2,100,1
1738271575.753809,578887.250,25921,4,DC,2,100,EL
1738271575.779560,578913.000,25921,4,DC,2,100,1
1738271575.804311,578937.750,25937,4,DC,2,100,EA
1738271575.829062,578962.500,25937,4,DC,2,100,2
1738271575.853813,578987.250,25937,4,DC,2,100,EL
1738271575.878564,579012.000,25937,4,DC,2,100,2
1738271575.904065,579037.500,25954,4,DC,2,100,EA
1738271575.929566,579063.000,25954,4,DC,2,100,1
1738271575.955067,579088.500,25954,4,DC,2,100,EL
1738271575.980568,579114.000,25954,4,DC,2,100,1
1738271576.017819,579151.250,25976,4,DC,2,100,EA
1738271576.055071,579188.500,25976,4,DC,2,100,3
1738271576.092322,579225.750,25976,4,DC,2,100,EL
1738271576.129574,579263.000,25976,4,DC,2,100,3
1738271576.155324,579288.750,25992,4,DC,2,100,EA
1738271576.181076,579314.500,25992,4,DC,2,100,1
1738271576.206826,579340.250,25992,4,DC,2,100,EL
1738271576.232577,579366.000,25992,4,DC,2,100,1
1738271576.257828,579391.250,26010,4,DC,2,100,EA
1738271576.283079,579416.500,26010,4,DC,2,100,2
1738271576.308330,579441.750,26010,4,DC,2,100,EL
1738271576.333581,579467.000,26010,4,DC,2,100,2
1738271576.358582,579492.000,26026,4,DC,2,100,EA
1738271576.383583,579517.000,26026,4,DC,2,100,1
1738271576.408584,579542.000,26026,4,DC,2,100,EL
1738271576.433585,579567.000,26026,4,DC,2,100,1
1738271576.458836,579592.250,26042,4,DC,2,100,EA
1738271576.484087,579617.500,26042,4,DC,2,100,2
1738271576.509338,579642.750,26042,4,DC,2,100,EL
1738271576.534589,579668.000,26042,4,DC,2,100,2
1738271576.560340,579693.750,26059,4,DC,2,100,EA
1738271576.586091,579719.500,26059,4,DC,2,100,1
1738271576.611842,579745.250,26059,4,DC,2,100,EL
1738271576.637593,579771.000,26059,4,DC,2,100,1
1738271576.663094,579796.500,26078,4,DC,2,100,EA
1738271576.688595,579822.000,26078,4,DC,2,100,2
1738271576.714096,579847.500,26078,4,DC,2,100,EL
1738271576.739597,579873.000,26078,4,DC,2,100,2
1738271576.764597,579898.000,26094,4,DC,2,100,EA
1738271576.789598,579923.000,26094,4,DC,2,100,1
1738271576.814599,579948.000,26094,4,DC,2,100,EL
1738271576.839600,579973.000,26094,4,DC,2,100,1
1738271576.865601,579999.000,26111,4,DC,2,100,EA
1738271576.891602,580025.000,26111,4,DC,2,100,2
1738271576.917603,580051.000,26111,4,DC,2,100,EL
1738271576.943604,580077.000,26111,4,DC,2,100,2
1738271576.969355,580102.750,26127,4,DC,2,100,EA
1738271576.995106,580128.500,26127,4,DC,2,100,1
1738271577.020857,580154.250,26127,4,DC,2,100,EL
1738271577.046608,580180.000,26127,4,DC,2,100,1
1738271577.071609,580205.000,26144,4,DC,2,100,EA
1738271577.096610,580230.000,26144,4,DC,2,100,2
1738271577.121611,580255.000,26144,4,DC,2,100,EL
1738271577.146612,580280.000,26144,4,DC,2,100,2
1738271577.172613,580306.000,26162,4,DC,2,100,EA
1738271577.198614,580332.000,26162,4,DC,2,100,1
1738271577.224615,580358.000,26162,4,DC,2,100,EL
1738271577.250616,580384.000,26162,4,DC,2,100,1
1738271577.276117,580409.500,26179,4,DC,2,100,EA
1738271577.301618,580435.000,26179,4,DC,2,100,2
1738271577.327119,580460.500,26179,4,DC,2,100,EL
1738271577.352620,580486.000,26179,4,DC,2,100,2
1738271577.376870,580510.250,26195,4,DC,2,100,EA
1738271577.401121,580534.500,26195,4,DC,2,100,1
1738271577.425372,580558.750,26195,4,DC,2,100,EL
1738271577.449623,580583.000,26195,4,DC,2,100,1
1738271577.475374,580608.750,26212,4,DC,2,100,EA
1738271577.501125,580634.500,26212,4,DC,2,100,2
1738271577.526876,580660.250,26212,4,DC,2,100,EL
1738271577.552627,580686.000,26212,4,DC,2,100,2
1738271577.578128,580711.500,26229,4,DC,2,100,EA
1738271577.603629,580737.000,26229,4,DC,2,100,1
1738271577.629130,580762.500,26229,4,DC,2,100,EL
1738271577.654631,580788.000,26229,4,DC,2,100,1
1738271577.679882,580813.250,26248,4,DC,2,100,EA
1738271577.705133,580838.500,26248,4,DC,2,100,2
1738271577.730384,580863.750,26248,4,DC,2,100,EL
1738271577.755635,580889.000,26248,4,DC,2,100,2
1738271577.781636,580915.000,26263,4,DC,2,100,EA
1738271577.807637,580941.000,26263,4,DC,2,100,1
1738271577.833638,580967.000,26263,4,DC,2,100,EL
1738271577.859639,580993.000,26263,4,DC,2,100,1
1738271577.884140,581017.500,26281,4,DC,2,100,EA
1738271577.908641,581042.000,26281,4,DC,2,100,2
1738271577.933141,581066.500,26281,4,DC,2,100,EL
1738271577.957642,581091.000,26281,4,DC,2,100,2
1738271577.983393,581116.750,26297,4,DC,2,100,EA
1738271578.009144,581142.500,26297,4,DC,2,100,2
1738271578.034895,581168.250,26297,4,DC,2,100,EL
1738271578.060646,581194.000,26297,4,DC,2,100,2
1738271578.085647,581219.000,26314,4,DC,2,100,EA
1738271578.110648,581244.000,26314,4,DC,2,100,1
1738271578.135649,581269.000,26314,4,DC,2,100,EL
1738271578.160650,581294.000,26314,4,DC,2,100,1
1738271578.186151,581319.500,26330,4,DC,2,100,EA
1738271578.211652,581345.000,26330,4,DC,2,100,2
1738271578.237153,581370.500,26330,4,DC,2,100,EL
1738271578.262654,581396.000,26330,4,DC,2,100,2
1738271578.288405,581421.750,26347,4,DC,2,100,EA
1738271578.314156,581447.500,26347,4,DC,2,100,1
1738271578.339907,581473.250,26347,4,DC,2,100,EL
1738271578.365658,581499.000,26347,4,DC,2,100,1
1738271578.390909,581524.250,26363,4,DC,2,100,EA
1738271578.416160,581549.500,26363,4,DC,2,100,2
1738271578.441411,581574.750,26363,4,DC,2,100,EL
1738271578.466661,581600.000,26363,4,DC,2,100,2
1738271578.491913,581625.250,26380,4,DC,2,100,EA
1738271578.517164,581650.500,26380,4,DC,2,100,1
1738271578.542414,581675.750,26380,4,DC,2,100,EL
1738271578.567665,581701.000,26380,4,DC,2,100,1
1738271578.594166,581727.500,26396,4,DC,2,100,EA
1738271578.620667,581754.000,26396,4,DC,2,100,2
1738271578.647168,581780.500,26396,4,DC,2,100,EL
1738271578.673669,581807.000,26396,4,DC,2,100,2
1738271578.697920,581831.250,26415,4,DC,2,100,EA
1738271578.722171,581855.500,26415,4,DC,2,100,1
1738271578.746422,581879.750,26415,4,DC,2,100,EL
1738271578.770673,581904.000,26415,4,DC,2,100,1
1738271578.796174,581929.500,26431,4,DC,2,100,EA
1738271578.821675,581955.000,26431,4,DC,2,100,2
1738271578.847176,581980.500,26431,4,DC,2,100,EL
1738271578.872677,582006.000,26431,4,DC,2,100,2
1738271578.898178,582031.500,26449,4,DC,2,100,EA
1738271578.923679,582057.000,26449,4,DC,2,100,1
1738271578.949180,582082.500,26449,4,DC,2,100,EL
1738271578.974681,582108.000,26449,4,DC,2,100,1
1738271578.999682,582133.000,26464,4,DC,2,100,EA
1738271579.024683,582158.000,26464,4,DC,2,100,2
1738271579.049684,582183.000,26464,4,DC,2,100,EL
1738271579.074684,582208.000,26464,4,DC,2,100,2
1738271579.100685,582234.000,26481,4,DC,2,100,EA
1738271579.126686,582260.000,26481,4,DC,2,100,1
1738271579.152687,582286.000,26481,4,DC,2,100,EL
1738271579.178688,582312.000,26481,4,DC,2,100,1
1738271579.204189,582337.500,26498,4,DC,2,100,EA
1738271579.229690,582363.000,26498,4,DC,2,100,2
1738271579.255191,582388.500,26498,4,DC,2,100,EL
1738271579.280692,582414.000,26498,4,DC,2,100,2
1738271579.305693,582439.000,26515,4,DC,2,100,EA
1738271579.330694,582464.000,26515,4,DC,2,100,1
1738271579.355695,582489.000,26515,4,DC,2,100,EL
1738271579.380696,582514.000,26515,4,DC,2,100,1
1738271579.406947,582540.250,26530,4,DC,2,100,EA
1738271579.433198,582566.500,26530,4,DC,2,100,2
1738271579.459449,582592.750,26530,4,DC,2,100,EL
1738271579.485700,582619.000,26530,4,DC,2,100,2
1738271579.509951,582643.250,26547,4,DC,2,100,EA
1738271579.534202,582667.500,26547,4,DC,2,100,1
1738271579.558453,582691.750,26547,4,DC,2,100,EL
1738271579.582704,582716.000,26547,4,DC,2,100,1
1738271579.608705,582742.000,26564,4,DC,2,100,EA
1738271579.634706,582768.000,26564,4,DC,2,100,2
1738271579.660707,582794.000,26564,4,DC,2,100,EL
1738271579.686707,582820.000,26564,4,DC,2,100,2
1738271579.711708,582845.000,26581,4,DC,2,100,EA
1738271579.736709,582870.000,26581,4,DC,2,100,1
1738271579.761710,582895.000,26581,4,DC,2,100,EL
1738271579.786711,582920.000,26581,4,DC,2,100,1
1738271579.811962,582945.250,26597,4,DC,2,100,EA
1738271579.837213,582970.500,26597,4,DC,2,100,2
1738271579.862464,582995.750,26597,4,DC,2,100,EL
1738271579.887715,583021.000,26597,4,DC,2,100,2
1738271579.913966,583047.250,26614,4,DC,2,100,EA
1738271579.940217,583073.500,26614,4,DC,2,100,1
1738271579.966468,583099.750,26614,4,DC,2,100,EL
1738271579.992719,583126.000,26614,4,DC,2,100,1
1738271580.016970,583150.250,26630,4,DC,2,100,EA
1738271580.041221,583174.500,26630,4,DC,2,100,2
1738271580.065472,583198.750,26630,4,DC,2,100,EL
1738271580.089723,583223.000,26630,4,DC,2,100,2
1738271580.115224,583248.500,26647,4,DC,2,100,EA
1738271580.140725,583274.000,26647,4,DC,2,100,2
1738271580.166225,583299.500,26647,4,DC,2,100,EL
1738271580.191726,583325.000,26647,4,DC,2,100,2
1738271580.217227,583350.500,26664,4,DC,2,100,EA
1738271580.242728,583376.000,26664,4,DC,2,100,1
1738271580.268229,583401.500,26664,4,DC,2,100,EL
1738271580.293730,583427.000,26664,4,DC,2,100,1
1738271580.318731,583452.000,26680,4,DC,2,100,EA
1738271580.343732,583477.000,26680,4,DC,2,100,2
1738271580.368733,583502.000,26680,4,DC,2,100,EL
1738271580.393734,583527.000,26680,4,DC,2,100,2
1738271580.418985,583552.250,26696,4,DC,2,100,EA
1738271580.444236,583577.500,26696,4,DC,2,100,1
1738271580.469487,583602.750,26696,4,DC,2,100,EL
1738271580.494738,583628.000,26696,4,DC,2,100,1
1738271580.520239,583653.500,26714,4,DC,2,100,EA
1738271580.545740,583679.000,26714,4,DC,2,100,2
1738271580.571241,583704.500,26714,4,DC,2,100,EL
1738271580.596742,583730.000,26714,4,DC,2,100,2
1738271580.622243,583755.500,26730,4,DC,2,100,EA
1738271580.647744,583781.000,26730,4,DC,2,100,1
1738271580.673245,583806.500,26730,4,DC,2,100,EL
1738271580.698745,583832.000,26730,4,DC,2,100,1
1738271580.723996,583857.250,26746,4,DC,2,100,EA
1738271580.749248,583882.500,26746,4,DC,2,100,2
1738271580.774498,583907.750,26746,4,DC,2,100,EL
1738271580.799749,583933.000,26746,4,DC,2,100,2
1738271580.825000,583958.250,26762,4,DC,2,100,EA
1738271580.850251,583983.500,26762,4,DC,2,100,1
1738271580.875502,584008.750,26762,4,DC,2,100,EL
1738271580.900753,584034.000,26762,4,DC,2,100,1
1738271580.927004,584060.250,26780,4,DC,2,100,EA
1738271580.953255,584086.500,26780,4,DC,2,100,2
1738271580.979506,584112.750,26780,4,DC,2,100,EL
1738271581.005757,584139.000,26780,4,DC,2,100,2
1738271581.030258,584163.500,26796,4,DC,2,100,EA
1738271581.054759,584188.000,26796,4,DC,2,100,1
1738271581.079260,584212.500,26796,4,DC,2,100,EL
1738271581.103761,584237.000,26796,4,DC,2,100,1
1738271581.130012,584263.250,26819,4,DC,2,100,EA
1738271581.156263,584289.500,26819,4,DC,2,100,2
1738271581.182514,584315.750,26819,4,DC,2,100,EL
1738271581.208765,584342.000,26819,4,DC,2,100,2
1738271581.234766,584368.000,26836,4,DC,2,100,EA
1738271581.260767,584394.000,26836,4,DC,2,100,1
1738271581.286768,584420.000,26836,4,DC,2,100,EL
1738271581.312769,584446.000,26836,4,DC,2,100,1
1738271581.337520,584470.750,26853,4,DC,2,100,EA
1738271581.362271,584495.500,26853,4,DC,2,100,2
1738271581.387022,584520.250,26853,4,DC,2,100,EL
1738271581.411772,584545.000,26853,4,DC,2,100,2
1738271581.437023,584570.250,26869,4,DC,2,100,EA
1738271581.462274,584595.500,26869,4,DC,2,100,1
1738271581.487525,584620.750,26869,4,DC,2,100,EL
1738271581.512776,584646.000,26869,4,DC,2,100,1
1738271581.538277,584671.500,26886,4,DC,2,100,EA
1738271581.563778,584697.000,26886,4,DC,2,100,2
1738271581.589279,584722.500,26886,4,DC,2,100,EL
1738271581.614780,584748.000,26886,4,DC,2,100,2
1738271581.639781,584773.000,26904,4,DC,2,100,EA
1738271581.664782,584798.000,26904,4,DC,2,100,1
1738271581.689783,584823.000,26904,4,DC,2,100,EL
1738271581.714784,584848.000,26904,4,DC,2,100,1
1738271581.741035,584874.250,26923,4,DC,2,100,EA
1738271581.767286,584900.500,26923,4,DC,2,100,2
1738271581.793537,584926.750,26923,4,DC,2,100,EL
1738271581.819788,584953.000,26923,4,DC,2,100,2
1738271581.844789,584978.000,26939,4,DC,2,100,EA
1738271581.869790,585003.000,26939,4,DC,2,100,1
1738271581.894791,585028.000,26939,4,DC,2,100,EL
1738271581.919791,585053.000,26939,4,DC,2,100,1
1738271581.945792,585079.000,26957,4,DC,2,100,EA
1738271581.971793,585105.000,26957,4,DC,2,100,2
1738271581.997794,585131.000,26957,4,DC,2,100,EL
1738271582.023795,585157.000,26957,4,DC,2,100,2
1738271582.049296,585182.500,26972,4,DC,2,100,EA
1738271582.074797,585208.000,26972,4,DC,2,100,2
1738271582.100298,585233.500,26972,4,DC,2,100,EL
1738271582.125799,585259.000,26972,4,DC,2,100,2
1738271582.151050,585284.250,26989,4,DC,2,100,EA
1738271582.176301,585309.500,26989,4,DC,2,100,1
1738271582.201552,585334.750,26989,4,DC,2,100,EL
1738271582.226803,585360.000,26989,4,DC,2,100,1
1738271582.252304,585385.500,27006,4,DC,2,100,EA
1738271582.277805,585411.000,27006,4,DC,2,100,2
1738271582.303306,585436.500,27006,4,DC,2,100,EL
1738271582.328807,585462.000,27006,4,DC,2,100,2
1738271582.354808,585488.000,27023,4,DC,2,100,EA
1738271582.380809,585514.000,27023,4,DC,2,100,1
1738271582.406810,585540.000,27023,4,DC,2,100,EL
1738271582.432811,585566.000,27023,4,DC,2,100,1
1738271582.457062,585590.250,27038,4,DC,2,100,EA
1738271582.481313,585614.500,27038,4,DC,2,100,2
1738271582.505563,585638.750,27038,4,DC,2,100,EL
1738271582.529814,585663.000,27038,4,DC,2,100,2
1738271582.555565,585688.750,27056,4,DC,2,100,EA
1738271582.581316,585714.500,27056,4,DC,2,100,1
1738271582.607067,585740.250,27056,4,DC,2,100,EL
1738271582.632818,585766.000,27056,4,DC,2,100,1
1738271582.657819,585791.000,27072,4,DC,2,100,EA
1738271582.682820,585816.000,27072,4,DC,2,100,2
1738271582.707821,585841.000,27072,4,DC,2,100,EL
1738271582.732822,585866.000,27072,4,DC,2,100,2
1738271582.758073,585891.250,27089,4,DC,2,100,EA
1738271582.783324,585916.500,27089,4,DC,2,100,1
1738271582.808575,585941.750,27089,4,DC,2,100,EL
1738271582.833826,585967.000,27089,4,DC,2,100,1
1738271582.859827,585993.000,27105,4,DC,2,100,EA
1738271582.885828,586019.000,27105,4,DC,2,100,2
1738271582.911829,586045.000,27105,4,DC,2,100,EL
1738271582.937830,586071.000,27105,4,DC,2,100,2
1738271582.962831,586096.000,27124,4,DC,2,100,EA
1738271582.987832,586121.000,27124,4,DC,2,100,1
1738271583.012833,586146.000,27124,4,DC,2,100,EL
1738271583.037834,586171.000,27124,4,DC,2,100,1
1738271583.064085,586197.250,27140,4,DC,2,100,EA
1738271583.090336,586223.500,27140,4,DC,2,100,2
1738271583.116587,586249.750,27140,4,DC,2,100,EL
1738271583.142838,586276.000,27140,4,DC,2,100,2
1738271583.168589,586301.750,27157,4,DC,2,100,EA
1738271583.194340,586327.500,27157,4,DC,2,100,1
1738271583.220090,586353.250,27157,4,DC,2,100,EL
1738271583.245842,586379.000,27157,4,DC,2,100,1
1738271583.271343,586404.500,27173,4,DC,2,100,EA
1738271583.296843,586430.000,27173,4,DC,2,100,2
1738271583.322344,586455.500,27173,4,DC,2,100,EL
1738271583.347845,586481.000,27173,4,DC,2,100,2
1738271583.372846,586506.000,27190,4,DC,2,100,EA
1738271583.397847,586531.000,27190,4,DC,2,100,1
1738271583.422848,586556.000,27190,4,DC,2,100,EL
1738271583.447849,586581.000,27190,4,DC,2,100,1
1738271583.474100,586607.250,27206,4,DC,2,100,EA
1738271583.500351,586633.500,27206,4,DC,2,100,2
1738271583.526602,586659.750,27206,4,DC,2,100,EL
1738271583.552853,586686.000,27206,4,DC,2,100,2
1738271583.577854,586711.000,27224,4,DC,2,100,EA
1738271583.602855,586736.000,27224,4,DC,2,100,1
1738271583.627856,586761.000,27224,4,DC,2,100,EL
1738271583.652857,586786.000,27224,4,DC,2,100,1
1738271583.677858,586811.000,27240,4,DC,2,100,EA
1738271583.702859,586836.000,27240,4,DC,2,100,2
1738271583.727859,586861.000,27240,4,DC,2,100,EL
1738271583.752861,586886.000,27240,4,DC,2,100,2
1738271583.778111,586911.250,27256,4,DC,2,100,EA
1738271583.803362,586936.500,27256,4,DC,2,100,1
1738271583.828613,586961.750,27256,4,DC,2,100,EL
1738271583.853864,586987.000,27256,4,DC,2,100,1
1738271583.879365,587012.500,27273,4,DC,2,100,EA
1738271583.904866,587038.000,27273,4,DC,2,100,2
1738271583.930367,587063.500,27273,4,DC,2,100,EL
1738271583.955868,587089.000,27273,4,DC,2,100,2
1738271583.981619,587114.750,27290,4,DC,2,100,EA
1738271584.007370,587140.500,27290,4,DC,2,100,2
1738271584.033121,587166.250,27290,4,DC,2,100,EL
1738271584.058872,587192.000,27290,4,DC,2,100,2
1738271584.084123,587217.250,27306,4,DC,2,100,EA
1738271584.109374,587242.500,27306,4,DC,2,100,1
1738271584.134625,587267.750,27306,4,DC,2,100,EL
1738271584.159876,587293.000,27306,4,DC,2,100,1
1738271584.185127,587318.250,27323,4,DC,2,100,EA
1738271584.210378,587343.500,27323,4,DC,2,100,2
1738271584.235629,587368.750,27323,4,DC,2,100,EL
1738271584.260880,587394.000,27323,4,DC,2,100,2
1738271584.286881,587420.000,27339,4,DC,2,100,EA
1738271584.312882,587446.000,27339,4,DC,2,100,1
1738271584.338883,587472.000,27339,4,DC,2,100,EL
1738271584.364884,587498.000,27339,4,DC,2,100,1
1738271584.389635,587522.750,27358,4,DC,2,100,EA
1738271584.414385,587547.500,27358,4,DC,2,100,2
1738271584.439136,587572.250,27358,4,DC,2,100,EL
1738271584.463887,587597.000,27358,4,DC,2,100,2
1738271584.489638,587622.750,27374,4,DC,2,100,EA
1738271584.515389,587648.500,27374,4,DC,2,100,1
1738271584.541140,587674.250,27374,4,DC,2,100,EL
1738271584.566891,587700.000,27374,4,DC,2,100,1
1738271584.591892,587725.000,27391,4,DC,2,100,EA
1738271584.616893,587750.000,27391,4,DC,2,100,2
1738271584.641894,587775.000,27391,4,DC,2,100,EL
1738271584.666895,587800.000,27391,4,DC,2,100,2
1738271584.692146,587825.250,27407,4,DC,2,100,EA
1738271584.717397,587850.500,27407,4,DC,2,100,1
1738271584.742648,587875.750,27407,4,DC,2,100,EL
1738271584.767899,587901.000,27407,4,DC,2,100,1
1738271584.793900,587927.000,27424,4,DC,2,100,EA
1738271584.819901,587953.000,27424,4,DC,2,100,2
1738271584.845902,587979.000,27424,4,DC,2,100,EL
1738271584.871903,588005.000,27424,4,DC,2,100,2
1738271584.897404,588030.500,27441,4,DC,2,100,EA
1738271584.922904,588056.000,27441,4,DC,2,100,1
1738271584.948406,588081.500,27441,4,DC,2,100,EL
1738271584.973907,588107.000,27441,4,DC,2,100,1
1738271584.998907,588132.000,27457,4,DC,2,100,EA
1738271585.023908,588157.000,27457,4,DC,2,100,2
1738271585.048909,588182.000,27457,4,DC,2,100,EL
1738271585.073910,588207.000,27457,4,DC,2,100,2
1738271585.099161,588232.250,27473,4,DC,2,100,EA
1738271585.124412,588257.500,27473,4,DC,2,100,1
1738271585.149663,588282.750,27473,4,DC,2,100,EL
1738271585.174914,588308.000,27473,4,DC,2,100,1
1738271585.200415,588333.500,27491,4,DC,2,100,EA
1738271585.225916,588359.000,27491,4,DC,2,100,2
1738271585.251417,588384.500,27491,4,DC,2,100,EL
1738271585.276918,588410.000,27491,4,DC,2,100,2
1738271585.302419,588435.500,27507,4,DC,2,100,EA
1738271585.327920,588461.000,27507,4,DC,2,100,1
1738271585.353421,588486.500,27507,4,DC,2,100,EL
1738271585.378922,588512.000,27507,4,DC,2,100,1
1738271585.404173,588537.250,27523,4,DC,2,100,EA
1738271585.429424,588562.500,27523,4,DC,2,100,2
1738271585.454674,588587.750,27523,4,DC,2,100,EL
1738271585.479926,588613.000,27523,4,DC,2,100,2
1738271585.505177,588638.250,27539,4,DC,2,100,EA
1738271585.530427,588663.500,27539,4,DC,2,100,1
1738271585.555678,588688.750,27539,4,DC,2,100,EL
1738271585.580929,588714.000,27539,4,DC,2,100,1
1738271585.607180,588740.250,27557,4,DC,2,100,EA
1738271585.633431,588766.500,27557,4,DC,2,100,2
1738271585.659682,588792.750,27557,4,DC,2,100,EL
1738271585.685933,588819.000,27557,4,DC,2,100,2
1738271585.710934,588844.000,27573,4,DC,2,100,EA
1738271585.735935,588869.000,27573,4,DC,2,100,1
1738271585.760936,588894.000,27573,4,DC,2,100,EL
1738271585.785937,588919.000,27573,4,DC,2,100,1
1738271585.811188,588944.250,27590,4,DC,2,100,EA
1738271585.836439,588969.500,27590,4,DC,2,100,2
1738271585.861690,588994.750,27590,4,DC,2,100,EL
1738271585.886941,589020.000,27590,4,DC,2,100,2
1738271585.913442,589046.500,27608,4,DC,2,100,EA
1738271585.939943,589073.000,27608,4,DC,2,100,1
1738271585.966444,589099.500,27608,4,DC,2,100,EL
1738271585.992945,589126.000,27608,4,DC,2,100,1
1738271586.016946,589150.000,27625,4,DC,2,100,EA
1738271586.040947,589174.000,27625,4,DC,2,100,2
1738271586.064948,589198.000,27625,4,DC,2,100,EL
1738271586.088948,589222.000,27625,4,DC,2,100,2
1738271586.114699,589247.750,27641,4,DC,2,100,EA
1738271586.140450,589273.500,27641,4,DC,2,100,2
1738271586.166201,589299.250,27641,4,DC,2,100,EL
1738271586.191952,589325.000,27641,4,DC,2,100,2
1738271586.217453,589350.500,27664,4,DC,2,100,EA
1738271586.242954,589376.000,27664,4,DC,2,100,1
1738271586.268455,589401.500,27664,4,DC,2,100,EL
1738271586.293956,589427.000,27664,4,DC,2,100,1
1738271586.318957,589452.000,27679,4,DC,2,100,EA
1738271586.343958,589477.000,27679,4,DC,2,100,2
1738271586.368959,589502.000,27679,4,DC,2,100,EL
1738271586.393960,589527.000,27679,4,DC,2,100,2
1738271586.420711,589553.750,27696,4,DC,2,100,EA
1738271586.447462,589580.500,27696,4,DC,2,100,1
1738271586.474213,589607.250,27696,4,DC,2,100,EL
1738271586.500964,589634.000,27696,4,DC,2,100,1
1738271586.527215,589660.250,27713,4,DC,2,100,EA
1738271586.553466,589686.500,27713,4,DC,2,100,2
1738271586.579717,589712.750,27713,4,DC,2,100,EL
1738271586.605968,589739.000,27713,4,DC,2,100,2
1738271586.630969,589764.000,27732,4,DC,2,100,EA
1738271586.655970,589789.000,27732,4,DC,2,100,1
1738271586.680971,589814.000,27732,4,DC,2,100,EL
1738271586.705972,589839.000,27732,4,DC,2,100,1
1738271586.731223,589864.250,27747,4,DC,2,100,EA
1738271586.756474,589889.500,27747,4,DC,2,100,2
1738271586.781724,589914.750,27747,4,DC,2,100,EL
1738271586.806976,589940.000,27747,4,DC,2,100,2
1738271586.832227,589965.250,27764,4,DC,2,100,EA
1738271586.857477,589990.500,27764,4,DC,2,100,1
1738271586.882728,590015.750,27764,4,DC,2,100,EL
1738271586.907979,590041.000,27764,4,DC,2,100,1
1738271586.933730,590066.750,27781,4,DC,2,100,EA
1738271586.959481,590092.500,27781,4,DC,2,100,2
1738271586.985232,590118.250,27781,4,DC,2,100,EL
1738271587.010983,590144.000,27781,4,DC,2,100,2
1738271587.036484,590169.500,27798,4,DC,2,100,EA
1738271587.061985,590195.000,27798,4,DC,2,100,1
1738271587.087486,590220.500,27798,4,DC,2,100,EL
1738271587.112987,590246.000,27798,4,DC,2,100,1
1738271587.138238,590271.250,27813,4,DC,2,100,EA
1738271587.163489,590296.500,27813,4,DC,2,100,2
1738271587.188740,590321.750,27813,4,DC,2,100,EL
1738271587.213991,590347.000,27813,4,DC,2,100,2
1738271587.239492,590372.500,27831,4,DC,2,100,EA
1738271587.264993,590398.000,27831,4,DC,2,100,1
1738271587.290494,590423.500,27831,4,DC,2,100,EL
1738271587.315995,590449.000,27831,4,DC,2,100,1
1738271587.341746,590474.750,27847,4,DC,2,100,EA
1738271587.367496,590500.500,27847,4,DC,2,100,2
1738271587.393248,590526.250,27847,4,DC,2,100,EL
1738271587.418998,590552.000,27847,4,DC,2,100,2
1738271587.444000,590577.000,27864,4,DC,2,100,EA
1738271587.469000,590602.000,27864,4,DC,2,100,1
1738271587.494001,590627.000,27864,4,DC,2,100,EL
1738271587.519002,590652.000,27864,4,DC,2,100,1
1738271587.544253,590677.250,27881,4,DC,2,100,EA
1738271587.569504,590702.500,27881,4,DC,2,100,2
1738271587.594755,590727.750,27881,4,DC,2,100,EL
1738271587.620006,590753.000,27881,4,DC,2,100,2
1738271587.645257,590778.250,27897,4,DC,2,100,EA
1738271587.670508,590803.500,27897,4,DC,2,100,1
1738271587.695759,590828.750,27897,4,DC,2,100,EL
1738271587.721010,590854.000,27897,4,DC,2,100,1
1738271587.746261,590879.250,27913,4,DC,2,100,EA
1738271587.771512,590904.500,27913,4,DC,2,100,2
1738271587.796763,590929.750,27913,4,DC,2,100,EL
1738271587.822014,590955.000,27913,4,DC,2,100,2
1738271587.848265,590981.250,27931,4,DC,2,100,EA
1738271587.874516,591007.500,27931,4,DC,2,100,2
1738271587.900767,591033.750,27931,4,DC,2,100,EL
1738271587.927018,591060.000,27931,4,DC,2,100,2
1738271587.953269,591086.250,27947,4,DC,2,100,EA
1738271587.979520,591112.500,27947,4,DC,2,100,1
1738271588.005771,591138.750,27947,4,DC,2,100,EL
1738271588.032022,591165.000,27947,4,DC,2,100,1
1738271588.056273,591189.250,27963,4,DC,2,100,EA
1738271588.080523,591213.500,27963,4,DC,2,100,2
1738271588.104774,591237.750,27963,4,DC,2,100,EL
1738271588.129025,591262.000,27963,4,DC,2,100,2
1738271588.154776,591287.750,27979,4,DC,2,100,EA
1738271588.180527,591313.500,27979,4,DC,2,100,1
1738271588.206278,591339.250,27979,4,DC,2,100,EL
1738271588.232029,591365.000,27979,4,DC,2,100,1
1738271588.257530,591390.500,27997,4,DC,2,100,EA
1738271588.283031,591416.000,27997,4,DC,2,100,2
1738271588.308532,591441.500,27997,4,DC,2,100,EL
1738271588.334033,591467.000,27997,4,DC,2,100,2
1738271588.359034,591492.000,28013,4,DC,2,100,EA
1738271588.384035,591517.000,28013,4,DC,2,100,1
1738271588.409036,591542.000,28013,4,DC,2,100,EL
1738271588.434037,591567.000,28013,4,DC,2,100,1
1738271588.460288,591593.250,28029,4,DC,2,100,EA
1738271588.486539,591619.500,28029,4,DC,2,100,2
1738271588.512790,591645.750,28029,4,DC,2,100,EL
1738271588.539041,591672.000,28029,4,DC,2,100,2
1738271588.564292,591697.250,28046,4,DC,2,100,EA
1738271588.589543,591722.500,28046,4,DC,2,100,1
1738271588.614794,591747.750,28046,4,DC,2,100,EL
1738271588.640044,591773.000,28046,4,DC,2,100,1
1738271588.665045,591798.000,28063,4,DC,2,100,EA
1738271588.690046,591823.000,28063,4,DC,2,100,2
1738271588.715047,591848.000,28063,4,DC,2,100,EL
1738271588.740048,591873.000,28063,4,DC,2,100,2
1738271588.765299,591898.250,28079,4,DC,2,100,EA
1738271588.790550,591923.500,28079,4,DC,2,100,1
1738271588.815801,591948.750,28079,4,DC,2,100,EL
1738271588.841052,591974.000,28079,4,DC,2,100,1
1738271588.866303,591999.250,28096,4,DC,2,100,EA
1738271588.891554,592024.500,28096,4,DC,2,100,2
1738271588.916805,592049.750,28096,4,DC,2,100,EL
1738271588.942056,592075.000,28096,4,DC,2,100,2
1738271588.967807,592100.750,28112,4,DC,2,100,EA
1738271588.993558,592126.500,28112,4,DC,2,100,1
1738271589.019309,592152.250,28112,4,DC,2,100,EL
1738271589.045060,592178.000,28112,4,DC,2,100,1
1738271589.070061,592203.000,28129,4,DC,2,100,EA
1738271589.095062,592228.000,28129,4,DC,2,100,2
1738271589.120063,592253.000,28129,4,DC,2,100,EL
1738271589.145063,592278.000,28129,4,DC,2,100,2
1738271589.170315,592303.250,28145,4,DC,2,100,EA
1738271589.195565,592328.500,28145,4,DC,2,100,1
1738271589.220816,592353.750,28145,4,DC,2,100,EL
1738271589.246067,592379.000,28145,4,DC,2,100,1
1738271589.271568,592404.500,28162,4,DC,2,100,EA
1738271589.297069,592430.000,28162,4,DC,2,100,2
1738271589.322570,592455.500,28162,4,DC,2,100,EL
1738271589.348071,592481.000,28162,4,DC,2,100,2
1738271589.373072,592506.000,28178,4,DC,2,100,EA
1738271589.398073,592531.000,28178,4,DC,2,100,1
1738271589.423074,592556.000,28178,4,DC,2,100,EL
1738271589.448075,592581.000,28178,4,DC,2,100,1
1738271589.474076,592607.000,28195,4,DC,2,100,EA
1738271589.500077,592633.000,28195,4,DC,2,100,2
1738271589.526078,592659.000,28195,4,DC,2,100,EL
1738271589.552079,592685.000,28195,4,DC,2,100,2
1738271589.577580,592710.500,28212,4,DC,2,100,EA
1738271589.603081,592736.000,28212,4,DC,2,100,1
1738271589.628582,592761.500,28212,4,DC,2,100,EL
1738271589.654083,592787.000,28212,4,DC,2,100,1
1738271589.679084,592812.000,28229,4,DC,2,100,EA
1738271589.704085,592837.000,28229,4,DC,2,100,2
1738271589.729085,592862.000,28229,4,DC,2,100,EL
1738271589.754086,592887.000,28229,4,DC,2,100,2
1738271589.780337,592913.250,28244,4,DC,2,100,EA
1738271589.806588,592939.500,28244,4,DC,2,100,2
1738271589.832839,592965.750,28244,4,DC,2,100,EL
1738271589.859090,592992.000,28244,4,DC,2,100,2
1738271589.884341,593017.250,28262,4,DC,2,100,EA
1738271589.909592,593042.500,28262,4,DC,2,100,1
1738271589.934843,593067.750,28262,4,DC,2,100,EL
1738271589.960094,593093.000,28262,4,DC,2,100,1
1738271589.985095,593118.000,28278,4,DC,2,100,EA
1738271590.010096,593143.000,28278,4,DC,2,100,2
1738271590.035097,593168.000,28278,4,DC,2,100,EL
1738271590.060098,593193.000,28278,4,DC,2,100,2
1738271590.085349,593218.250,28295,4,DC,2,100,EA
1738271590.110600,593243.500,28295,4,DC,2,100,1
1738271590.135851,593268.750,28295,4,DC,2,100,EL
1738271590.161102,593294.000,28295,4,DC,2,100,1
1738271590.186603,593319.500,28311,4,DC,2,100,EA
1738271590.212104,593345.000,28311,4,DC,2,100,2
1738271590.237605,593370.500,28311,4,DC,2,100,EL
1738271590.263106,593396.000,28311,4,DC,2,100,2
1738271590.288607,593421.500,28328,4,DC,2,100,EA
1738271590.314107,593447.000,28328,4,DC,2,100,1
1738271590.339608,593472.500,28328,4,DC,2,100,EL
1738271590.365109,593498.000,28328,4,DC,2,100,1
1738271590.390110,593523.000,28344,4,DC,2,100,EA
1738271590.415111,593548.000,28344,4,DC,2,100,2
1738271590.440112,593573.000,28344,4,DC,2,100,EL
1738271590.465113,593598.000,28344,4,DC,2,100,2
1738271590.490364,593623.250,28361,4,DC,2,100,EA
1738271590.515615,593648.500,28361,4,DC,2,100,1
1738271590.540866,593673.750,28361,4,DC,2,100,EL
1738271590.566117,593699.000,28361,4,DC,2,100,1
1738271590.591368,593724.250,28377,4,DC,2,100,EA
1738271590.616619,593749.500,28377,4,DC,2,100,2
1738271590.641870,593774.750,28377,4,DC,2,100,EL
1738271590.667121,593800.000,28377,4,DC,2,100,2
1738271590.692622,593825.500,28394,4,DC,2,100,EA
1738271590.718123,593851.000,28394,4,DC,2,100,1
1738271590.743624,593876.500,28394,4,DC,2,100,EL
1738271590.769125,593902.000,28394,4,DC,2,100,1
1738271590.794876,593927.750,28410,4,DC,2,100,EA
1738271590.820626,593953.500,28410,4,DC,2,100,2
1738271590.846378,593979.250,28410,4,DC,2,100,EL
1738271590.872128,594005.000,28410,4,DC,2,100,2
1738271590.897379,594030.250,28428,4,DC,2,100,EA
1738271590.922630,594055.500,28428,4,DC,2,100,1
1738271590.947881,594080.750,28428,4,DC,2,100,EL
1738271590.973132,594106.000,28428,4,DC,2,100,1
1738271590.998133,594131.000,28443,4,DC,2,100,EA
1738271591.023134,594156.000,28443,4,DC,2,100,2
1738271591.048135,594181.000,28443,4,DC,2,100,EL
1738271591.073136,594206.000,28443,4,DC,2,100,2
1738271591.098387,594231.250,28460,4,DC,2,100,EA
1738271591.123638,594256.500,28460,4,DC,2,100,1
1738271591.148889,594281.750,28460,4,DC,2,100,EL
1738271591.174140,594307.000,28460,4,DC,2,100,1
1738271591.199641,594332.500,28477,4,DC,2,100,EA
1738271591.225142,594358.000,28477,4,DC,2,100,2
1738271591.250643,594383.500,28477,4,DC,2,100,EL
1738271591.276144,594409.000,28477,4,DC,2,100,2
1738271591.322396,594455.250,28498,4,DC,2,100,EA
1738271591.368647,594501.500,28498,4,DC,2,100,3
1738271591.414899,594547.750,28498,4,DC,2,100,EL
1738271591.461151,594594.000,28498,4,DC,2,100,3
1738271591.486152,594619.000,28515,4,DC,2,100,EA
1738271591.511153,594644.000,28515,4,DC,2,100,1
1738271591.536154,594669.000,28515,4,DC,2,100,EL
1738271591.561154,594694.000,28515,4,DC,2,100,1
1738271591.586655,594719.500,28534,4,DC,2,100,EA
1738271591.612156,594745.000,28534,4,DC,2,100,2
1738271591.637657,594770.500,28534,4,DC,2,100,EL
1738271591.663158,594796.000,28534,4,DC,2,100,2
1738271591.688909,594821.750,28551,4,DC,2,100,EA
1738271591.714660,594847.500,28551,4,DC,2,100,1
1738271591.740411,594873.250,28551,4,DC,2,100,EL
1738271591.766162,594899.000,28551,4,DC,2,100,1
1738271591.791163,594924.000,28566,4,DC,2,100,EA
1738271591.816164,594949.000,28566,4,DC,2,100,2
1738271591.841165,594974.000,28566,4,DC,2,100,EL
1738271591.866166,594999.000,28566,4,DC,2,100,2
1738271591.891917,595024.750,28584,4,DC,2,100,EA
1738271591.917668,595050.500,28584,4,DC,2,100,1
1738271591.943419,595076.250,28584,4,DC,2,100,EL
1738271591.969170,595102.000,28584,4,DC,2,100,1
1738271591.994921,595127.750,28600,4,DC,2,100,EA
1738271592.020672,595153.500,28600,4,DC,2,100,2
1738271592.046423,595179.250,28600,4,DC,2,100,EL
1738271592.072174,595205.000,28600,4,DC,2,100,2
1738271592.097175,595230.000,28617,4,DC,2,100,EA
1738271592.122176,595255.000,28617,4,DC,2,100,1
1738271592.147177,595280.000,28617,4,DC,2,100,EL
1738271592.172178,595305.000,28617,4,DC,2,100,1
1738271592.197678,595330.500,28633,4,DC,2,100,EA
1738271592.223179,595356.000,28633,4,DC,2,100,2
1738271592.248680,595381.500,28633,4,DC,2,100,EL
1738271592.274181,595407.000,28633,4,DC,2,100,2
1738271592.299182,595432.000,28650,4,DC,2,100,EA
1738271592.324183,595457.000,28650,4,DC,2,100,1
1738271592.349184,595482.000,28650,4,DC,2,100,EL
1738271592.374185,595507.000,28650,4,DC,2,100,1
1738271592.399436,595532.250,28666,4,DC,2,100,EA
1738271592.424687,595557.500,28666,4,DC,2,100,2
1738271592.449938,595582.750,28666,4,DC,2,100,EL
1738271592.475189,595608.000,28666,4,DC,2,100,2
1738271592.500940,595633.750,28683,4,DC,2,100,EA
1738271592.526691,595659.500,28683,4,DC,2,100,1
1738271592.552442,595685.250,28683,4,DC,2,100,EL
1738271592.578193,595711.000,28683,4,DC,2,100,1
1738271592.603444,595736.250,28699,4,DC,2,100,EA
1738271592.628695,595761.500,28699,4,DC,2,100,2
1738271592.653946,595786.750,28699,4,DC,2,100,EL
1738271592.679197,595812.000,28699,4,DC,2,100,2
1738271592.704197,595837.000,28716,4,DC,2,100,EA
1738271592.729198,595862.000,28716,4,DC,2,100,1
1738271592.754199,595887.000,28716,4,DC,2,100,EL
1738271592.779200,595912.000,28716,4,DC,2,100,1
1738271592.804451,595937.250,28732,4,DC,2,100,EA
1738271592.829702,595962.500,28732,4,DC,2,100,2
1738271592.854953,595987.750,28732,4,DC,2,100,EL
1738271592.880204,596013.000,28732,4,DC,2,100,2
1738271592.906205,596039.000,28750,4,DC,2,100,EA
1738271592.932206,596065.000,28750,4,DC,2,100,1
1738271592.958207,596091.000,28750,4,DC,2,100,EL
1738271592.984208,596117.000,28750,4,DC,2,100,1
1738271593.009459,596142.250,28766,4,DC,2,100,EA
1738271593.034710,596167.500,28766,4,DC,2,100,2
1738271593.059961,596192.750,28766,4,DC,2,100,EL
1738271593.085212,596218.000,28766,4,DC,2,100,2
1738271593.110213,596243.000,28782,4,DC,2,100,EA
1738271593.135214,596268.000,28782,4,DC,2,100,1
1738271593.160215,596293.000,28782,4,DC,2,100,EL
1738271593.185215,596318.000,28782,4,DC,2,100,1
1738271593.210716,596343.500,28799,4,DC,2,100,EA
1738271593.236217,596369.000,28799,4,DC,2,100,2
1738271593.261719,596394.500,28799,4,DC,2,100,EL
1738271593.287220,596420.000,28799,4,DC,2,100,2
1738271593.312220,596445.000,28816,4,DC,2,100,EA
1738271593.337221,596470.000,28816,4,DC,2,100,1
1738271593.362222,596495.000,28816,4,DC,2,100,EL
1738271593.387223,596520.000,28816,4,DC,2,100,1
1738271593.413474,596546.250,28832,4,DC,2,100,EA
1738271593.439725,596572.500,28832,4,DC,2,100,2
1738271593.465976,596598.750,28832,4,DC,2,100,EL
1738271593.492227,596625.000,28832,4,DC,2,100,2
1738271593.517478,596650.250,28849,4,DC,2,100,EA
1738271593.542729,596675.500,28849,4,DC,2,100,2
1738271593.567980,596700.750,28849,4,DC,2,100,EL
1738271593.593231,596726.000,28849,4,DC,2,100,2
1738271593.618232,596751.000,28865,4,DC,2,100,EA
1738271593.643233,596776.000,28865,4,DC,2,100,1
1738271593.668234,596801.000,28865,4,DC,2,100,EL
1738271593.693235,596826.000,28865,4,DC,2,100,1
1738271593.718486,596851.250,28882,4,DC,2,100,EA
1738271593.743737,596876.500,28882,4,DC,2,100,2
1738271593.768988,596901.750,28882,4,DC,2,100,EL
1738271593.794239,596927.000,28882,4,DC,2,100,2
1738271593.820489,596953.250,28898,4,DC,2,100,EA
1738271593.846740,596979.500,28898,4,DC,2,100,1
1738271593.872992,597005.750,28898,4,DC,2,100,EL
1738271593.899242,597032.000,28898,4,DC,2,100,1
1738271593.924243,597057.000,28915,4,DC,2,100,EA
1738271593.949244,597082.000,28915,4,DC,2,100,2
1738271593.974245,597107.000,28915,4,DC,2,100,EL
1738271593.999246,597132.000,28915,4,DC,2,100,2
1738271594.024497,597157.250,28933,4,DC,2,100,EA
1738271594.049748,597182.500,28933,4,DC,2,100,1
1738271594.074999,597207.750,28933,4,DC,2,100,EL
1738271594.100250,597233.000,28933,4,DC,2,100,1
1738271594.125251,597258.000,28950,4,DC,2,100,EA
1738271594.150252,597283.000,28950,4,DC,2,100,2
1738271594.175253,597308.000,28950,4,DC,2,100,EL
1738271594.200254,597333.000,28950,4,DC,2,100,2
1738271594.225755,597358.500,28967,4,DC,2,100,EA
1738271594.251256,597384.000,28967,4,DC,2,100,1
1738271594.276757,597409.500,28967,4,DC,2,100,EL
1738271594.302258,597435.000,28967,4,DC,2,100,1
1738271594.328009,597460.750,28983,4,DC,2,100,EA
1738271594.353760,597486.500,28983,4,DC,2,100,2
1738271594.379511,597512.250,28983,4,DC,2,100,EL
1738271594.405262,597538.000,28983,4,DC,2,100,2
1738271594.430512,597563.250,28999,4,DC,2,100,EA
1738271594.455763,597588.500,28999,4,DC,2,100,1
1738271594.481014,597613.750,28999,4,DC,2,100,EL
1738271594.506265,597639.000,28999,4,DC,2,100,1
1738271594.531516,597664.250,29017,4,DC,2,100,EA
1738271594.556767,597689.500,29017,4,DC,2,100,2
1738271594.582018,597714.750,29017,4,DC,2,100,EL
1738271594.607269,597740.000,29017,4,DC,2,100,2
1738271594.632270,597765.000,29033,4,DC,2,100,EA
1738271594.657271,597790.000,29033,4,DC,2,100,1
1738271594.682272,597815.000,29033,4,DC,2,100,EL
1738271594.707273,597840.000,29033,4,DC,2,100,1
1738271594.732524,597865.250,29049,4,DC,2,100,EA
1738271594.757775,597890.500,29049,4,DC,2,100,2
1738271594.783026,597915.750,29049,4,DC,2,100,EL
1738271594.808277,597941.000,29049,4,DC,2,100,2
1738271594.834278,597967.000,29065,4,DC,2,100,EA
1738271594.860279,597993.000,29065,4,DC,2,100,1
1738271594.886280,598019.000,29065,4,DC,2,100,EL
1738271594.912281,598045.000,29065,4,DC,2,100,1
1738271594.939032,598071.750,29085,4,DC,2,100,EA
1738271594.965783,598098.500,29085,4,DC,2,100,2
1738271594.992534,598125.250,29085,4,DC,2,100,EL
1738271595.019285,598152.000,29085,4,DC,2,100,2
1738271595.043535,598176.250,29101,4,DC,2,100,EA
1738271595.067786,598200.500,29101,4,DC,2,100,1
1738271595.092037,598224.750,29101,4,DC,2,100,EL
1738271595.116288,598249.000,29101,4,DC,2,100,1
1738271595.141789,598274.500,29118,4,DC,2,100,EA
1738271595.167290,598300.000,29118,4,DC,2,100,2
1738271595.192791,598325.500,29118,4,DC,2,100,EL
1738271595.218292,598351.000,29118,4,DC,2,100,2
1738271595.243543,598376.250,29134,4,DC,2,100,EA
1738271595.268794,598401.500,29134,4,DC,2,100,1
1738271595.294045,598426.750,29134,4,DC,2,100,EL
1738271595.319296,598452.000,29134,4,DC,2,100,1
1738271595.344297,598477.000,29151,4,DC,2,100,EA
1738271595.369298,598502.000,29151,4,DC,2,100,2
1738271595.394299,598527.000,29151,4,DC,2,100,EL
1738271595.419300,598552.000,29151,4,DC,2,100,2
1738271595.444551,598577.250,29167,4,DC,2,100,EA
1738271595.469802,598602.500,29167,4,DC,2,100,1
1738271595.495053,598627.750,29167,4,DC,2,100,EL
1738271595.520303,598653.000,29167,4,DC,2,100,1
1738271595.545805,598678.500,29185,4,DC,2,100,EA
1738271595.571306,598704.000,29185,4,DC,2,100,2
1738271595.596806,598729.500,29185,4,DC,2,100,EL
1738271595.622307,598755.000,29185,4,DC,2,100,2
1738271595.648308,598781.000,29202,4,DC,2,100,EA
1738271595.674309,598807.000,29202,4,DC,2,100,2
1738271595.700310,598833.000,29202,4,DC,2,100,EL
1738271595.726311,598859.000,29202,4,DC,2,100,2
1738271595.751062,598883.750,29219,4,DC,2,100,EA
1738271595.775813,598908.500,29219,4,DC,2,100,1
1738271595.800564,598933.250,29219,4,DC,2,100,EL
1738271595.825315,598958.000,29219,4,DC,2,100,1
1738271595.850566,598983.250,29236,4,DC,2,100,EA
1738271595.875817,599008.500,29236,4,DC,2,100,2
1738271595.901068,599033.750,29236,4,DC,2,100,EL
1738271595.926319,599059.000,29236,4,DC,2,100,2
1738271595.952820,599085.500,29253,4,DC,2,100,EA
1738271595.979321,599112.000,29253,4,DC,2,100,1
1738271596.005822,599138.500,29253,4,DC,2,100,EL
1738271596.032323,599165.000,29253,4,DC,2,100,1
1738271596.057324,599190.000,29268,4,DC,2,100,EA
1738271596.082325,599215.000,29268,4,DC,2,100,2
1738271596.107326,599240.000,29268,4,DC,2,100,EL
1738271596.132327,599265.000,29268,4,DC,2,100,2
1738271596.157578,599290.250,29285,4,DC,2,100,EA
1738271596.182828,599315.500,29285,4,DC,2,100,1
1738271596.208079,599340.750,29285,4,DC,2,100,EL
1738271596.233330,599366.000,29285,4,DC,2,100,1
1738271596.259581,599392.250,29302,4,DC,2,100,EA
1738271596.285832,599418.500,29302,4,DC,2,100,2
1738271596.312083,599444.750,29302,4,DC,2,100,EL
1738271596.338334,599471.000,29302,4,DC,2,100,2
1738271596.362585,599495.250,29319,4,DC,2,100,EA
1738271596.386836,599519.500,29319,4,DC,2,100,1
1738271596.411087,599543.750,29319,4,DC,2,100,EL
1738271596.435338,599568.000,29319,4,DC,2,100,1
1738271596.461089,599593.750,29340,4,DC,2,100,EA
1738271596.486840,599619.500,29340,4,DC,2,100,2
1738271596.512591,599645.250,29340,4,DC,2,100,EL
1738271596.538342,599671.000,29340,4,DC,2,100,2
1738271596.563343,599696.000,29358,4,DC,2,100,EA
1738271596.588344,599721.000,29358,4,DC,2,100,1
1738271596.613345,599746.000,29358,4,DC,2,100,EL
1738271596.638345,599771.000,29358,4,DC,2,100,1
1738271596.663597,599796.250,29376,4,DC,2,100,EA
1738271596.688848,599821.500,29376,4,DC,2,100,2
1738271596.714098,599846.750,29376,4,DC,2,100,EL
1738271596.739349,599872.000,29376,4,DC,2,100,2
1738271596.764600,599897.250,29393,4,DC,2,100,EA
1738271596.789851,599922.500,29393,4,DC,2,100,1
1738271596.815102,599947.750,29393,4,DC,2,100,EL
1738271596.840353,599973.000,29393,4,DC,2,100,1
1738271596.865854,599998.500,29409,4,DC,2,100,EA
1738271596.891355,600024.000,29409,4,DC,2,100,2
1738271596.916856,600049.500,29409,4,DC,2,100,EL
1738271596.942357,600075.000,29409,4,DC,2,100,2
1738271596.967858,600100.500,29426,4,DC,2,100,EA
1738271596.993359,600126.000,29426,4,DC,2,100,1
1738271597.018860,600151.500,29426,4,DC,2,100,EL
1738271597.044361,600177.000,29426,4,DC,2,100,1
1738271597.069862,600202.500,29442,4,DC,2,100,EA
1738271597.095363,600228.000,29442,4,DC,2,100,2
1738271597.120864,600253.500,29442,4,DC,2,100,EL
1738271597.146365,600279.000,29442,4,DC,2,100,2
1738271597.172116,600304.750,29459,4,DC,2,100,EA
1738271597.197867,600330.500,29459,4,DC,2,100,1
1738271597.223618,600356.250,29459,4,DC,2,100,EL
1738271597.249369,600382.000,29459,4,DC,2,100,1
1738271597.275120,600407.750,29476,4,DC,2,100,EA
1738271597.300870,600433.500,29476,4,DC,2,100,2
1738271597.326622,600459.250,29476,4,DC,2,100,EL
1738271597.352372,600485.000,29476,4,DC,2,100,2
1738271597.377373,600510.000,29492,4,DC,2,100,EA
1738271597.402374,600535.000,29492,4,DC,2,100,1
1738271597.427375,600560.000,29492,4,DC,2,100,EL
1738271597.452376,600585.000,29492,4,DC,2,100,1
1738271597.477627,600610.250,29508,4,DC,2,100,EA
1738271597.502878,600635.500,29508,4,DC,2,100,2
1738271597.528129,600660.750,29508,4,DC,2,100,EL
1738271597.553380,600686.000,29508,4,DC,2,100,2
1738271597.579631,600712.250,29526,4,DC,2,100,EA
1738271597.605882,600738.500,29526,4,DC,2,100,1
1738271597.632133,600764.750,29526,4,DC,2,100,EL
1738271597.658384,600791.000,29526,4,DC,2,100,1
1738271597.682635,600815.250,29542,4,DC,2,100,EA
1738271597.706886,600839.500,29542,4,DC,2,100,2
1738271597.731137,600863.750,29542,4,DC,2,100,EL
1738271597.755388,600888.000,29542,4,DC,2,100,2
1738271597.781139,600913.750,29558,4,DC,2,100,EA
1738271597.806890,600939.500,29558,4,DC,2,100,2
1738271597.832641,600965.250,29558,4,DC,2,100,EL
1738271597.858392,600991.000,29558,4,DC,2,100,2
1738271597.883392,601016.000,29575,4,DC,2,100,EA
1738271597.908393,601041.000,29575,4,DC,2,100,1
1738271597.933394,601066.000,29575,4,DC,2,100,EL
1738271597.958395,601091.000,29575,4,DC,2,100,1
1738271597.983396,601116.000,29592,4,DC,2,100,EA
1738271598.008397,601141.000,29592,4,DC,2,100,2
1738271598.033398,601166.000,29592,4,DC,2,100,EL
1738271598.058399,601191.000,29592,4,DC,2,100,2
1738271598.083650,601216.250,29608,4,DC,2,100,EA
1738271598.108901,601241.500,29608,4,DC,2,100,1
1738271598.134152,601266.750,29608,4,DC,2,100,EL
1738271598.159403,601292.000,29608,4,DC,2,100,1
1738271598.184904,601317.500,29625,4,DC,2,100,EA
1738271598.210405,601343.000,29625,4,DC,2,100,2
1738271598.235906,601368.500,29625,4,DC,2,100,EL
1738271598.261407,601394.000,29625,4,DC,2,100,2
1738271598.287158,601419.750,29641,4,DC,2,100,EA
1738271598.312909,601445.500,29641,4,DC,2,100,1
1738271598.338660,601471.250,29641,4,DC,2,100,EL
1738271598.364411,601497.000,29641,4,DC,2,100,1
1738271598.390162,601522.750,29658,4,DC,2,100,EA
1738271598.415912,601548.500,29658,4,DC,2,100,2
1738271598.441664,601574.250,29658,4,DC,2,100,EL
1738271598.467414,601600.000,29658,4,DC,2,100,2
1738271598.492665,601625.250,29674,4,DC,2,100,EA
1738271598.517916,601650.500,29674,4,DC,2,100,1
1738271598.543167,601675.750,29674,4,DC,2,100,EL
1738271598.568418,601701.000,29674,4,DC,2,100,1
1738271598.594419,601727.000,29691,4,DC,2,100,EA
1738271598.620420,601753.000,29691,4,DC,2,100,2
1738271598.646421,601779.000,29691,4,DC,2,100,EL
1738271598.672422,601805.000,29691,4,DC,2,100,2
1738271598.697423,601830.000,29707,4,DC,2,100,EA
1738271598.722424,601855.000,29707,4,DC,2,100,1
1738271598.747425,601880.000,29707,4,DC,2,100,EL
1738271598.772426,601905.000,29707,4,DC,2,100,1
1738271598.797677,601930.250,29724,4,DC,2,100,EA
1738271598.822928,601955.500,29724,4,DC,2,100,2
1738271598.848179,601980.750,29724,4,DC,2,100,EL
1738271598.873430,602006.000,29724,4,DC,2,100,2
1738271598.899681,602032.250,29741,4,DC,2,100,EA
1738271598.925932,602058.500,29741,4,DC,2,100,1
1738271598.952183,602084.750,29741,4,DC,2,100,EL
1738271598.978434,602111.000,29741,4,DC,2,100,1
1738271599.003435,602136.000,29757,4,DC,2,100,EA
1738271599.028435,602161.000,29757,4,DC,2,100,2
1738271599.053437,602186.000,29757,4,DC,2,100,EL
1738271599.078437,602211.000,29757,4,DC,2,100,2
1738271599.103688,602236.250,29773,4,DC,2,100,EA
1738271599.128939,602261.500,29773,4,DC,2,100,1
1738271599.154190,602286.750,29773,4,DC,2,100,EL
1738271599.179441,602312.000,29773,4,DC,2,100,1
1738271599.205692,602338.250,29791,4,DC,2,100,EA
1738271599.231943,602364.500,29791,4,DC,2,100,2
1738271599.258194,602390.750,29791,4,DC,2,100,EL
1738271599.284445,602417.000,29791,4,DC,2,100,2
1738271599.308946,602441.500,29807,4,DC,2,100,EA
1738271599.333447,602466.000,29807,4,DC,2,100,1
1738271599.357948,602490.500,29807,4,DC,2,100,EL
1738271599.382449,602515.000,29807,4,DC,2,100,1
1738271599.408200,602540.750,29824,4,DC,2,100,EA
1738271599.433951,602566.500,29824,4,DC,2,100,2
1738271599.459702,602592.250,29824,4,DC,2,100,EL
1738271599.485453,602618.000,29824,4,DC,2,100,2
1738271599.510704,602643.250,29839,4,DC,2,100,EA
1738271599.535955,602668.500,29839,4,DC,2,100,1
1738271599.561206,602693.750,29839,4,DC,2,100,EL
1738271599.586457,602719.000,29839,4,DC,2,100,1
1738271599.611958,602744.500,29857,4,DC,2,100,EA
1738271599.637459,602770.000,29857,4,DC,2,100,2
1738271599.662959,602795.500,29857,4,DC,2,100,EL
1738271599.688460,602821.000,29857,4,DC,2,100,2
1738271599.714211,602846.750,29873,4,DC,2,100,EA
1738271599.739962,602872.500,29873,4,DC,2,100,2
1738271599.765713,602898.250,29873,4,DC,2,100,EL
1738271599.791464,602924.000,29873,4,DC,2,100,2
1738271599.816715,602949.250,29890,4,DC,2,100,EA
1738271599.841966,602974.500,29890,4,DC,2,100,1
1738271599.867217,602999.750,29890,4,DC,2,100,EL
1738271599.892468,603025.000,29890,4,DC,2,100,1
1738271599.917969,603050.500,29906,4,DC,2,100,EA
1738271599.943470,603076.000,29906,4,DC,2,100,2
1738271599.968971,603101.500,29906,4,DC,2,100,EL
1738271599.994472,603127.000,29906,4,DC,2,100,2
1738271600.020223,603152.750,29923,4,DC,2,100,EA
1738271600.045974,603178.500,29923,4,DC,2,100,1
1738271600.071725,603204.250,29923,4,DC,2,100,EL
1738271600.097476,603230.000,29923,4,DC,2,100,1
1738271600.122727,603255.250,29939,4,DC,2,100,EA
1738271600.147978,603280.500,29939,4,DC,2,100,2
1738271600.173229,603305.750,29939,4,DC,2,100,EL
1738271600.198480,603331.000,29939,4,DC,2,100,2
1738271600.223981,603356.500,29957,4,DC,2,100,EA
1738271600.249481,603382.000,29957,4,DC,2,100,1
1738271600.274982,603407.500,29957,4,DC,2,100,EL
1738271600.300483,603433.000,29957,4,DC,2,100,1
1738271600.325484,603458.000,29972,4,DC,2,100,EA
1738271600.350485,603483.000,29972,4,DC,2,100,2
1738271600.375486,603508.000,29972,4,DC,2,100,EL
1738271600.400487,603533.000,29972,4,DC,2,100,2
1738271600.425988,603558.500,29989,4,DC,2,100,EA
1738271600.451489,603584.000,29989,4,DC,2,100,1
1738271600.476990,603609.500,29989,4,DC,2,100,EL
1738271600.502491,603635.000,29989,4,DC,2,100,1
1738271600.528242,603660.750,30006,4,DC,2,100,EA
1738271600.553993,603686.500,30006,4,DC,2,100,2
1738271600.579744,603712.250,30006,4,DC,2,100,EL
1738271600.605495,603738.000,30006,4,DC,2,100,2
1738271600.630496,603763.000,30023,4,DC,2,100,EA
1738271600.655497,603788.000,30023,4,DC,2,100,1
1738271600.680498,603813.000,30023,4,DC,2,100,EL
1738271600.705499,603838.000,30023,4,DC,2,100,1
1738271600.731000,603863.500,30040,4,DC,2,100,EA
1738271600.756500,603889.000,30040,4,DC,2,100,2
1738271600.782001,603914.500,30040,4,DC,2,100,EL
1738271600.807503,603940.000,30040,4,DC,2,100,2
1738271600.833253,603965.750,30057,4,DC,2,100,EA
1738271600.859004,603991.500,30057,4,DC,2,100,1
1738271600.884755,604017.250,30057,4,DC,2,100,EL
1738271600.910506,604043.000,30057,4,DC,2,100,1
1738271600.935257,604067.750,30074,4,DC,2,100,EA
1738271600.960008,604092.500,30074,4,DC,2,100,2
1738271600.984759,604117.250,30074,4,DC,2,100,EL
1738271601.009510,604142.000,30074,4,DC,2,100,2
1738271601.035011,604167.500,30091,4,DC,2,100,EA
1738271601.060512,604193.000,30091,4,DC,2,100,1
1738271601.086013,604218.500,30091,4,DC,2,100,EL
1738271601.111514,604244.000,30091,4,DC,2,100,1
1738271601.136515,604269.000,30106,4,DC,2,100,EA
1738271601.161516,604294.000,30106,4,DC,2,100,2
1738271601.186517,604319.000,30106,4,DC,2,100,EL
1738271601.211518,604344.000,30106,4,DC,2,100,2
1738271601.237019,604369.500,30124,4,DC,2,100,EA
1738271601.262520,604395.000,30124,4,DC,2,100,1
1738271601.288021,604420.500,30124,4,DC,2,100,EL
1738271601.313522,604446.000,30124,4,DC,2,100,1
1738271601.339772,604472.250,30142,4,DC,2,100,EA
1738271601.366024,604498.500,30142,4,DC,2,100,2
1738271601.392275,604524.750,30142,4,DC,2,100,EL
1738271601.418525,604551.000,30142,4,DC,2,100,2
1738271601.443027,604575.500,30159,4,DC,2,100,EA
1738271601.467527,604600.000,30159,4,DC,2,100,1
1738271601.492028,604624.500,30159,4,DC,2,100,EL
1738271601.516529,604649.000,30159,4,DC,2,100,1
1738271601.542030,604674.500,30181,4,DC,2,100,EA
1738271601.567531,604700.000,30181,4,DC,2,100,2
1738271601.593032,604725.500,30181,4,DC,2,100,EL
1738271601.618533,604751.000,30181,4,DC,2,100,2
1738271601.643284,604775.750,30199,4,DC,2,100,EA
1738271601.668035,604800.500,30199,4,DC,2,100,1
1738271601.692786,604825.250,30199,4,DC,2,100,EL
1738271601.717537,604850.000,30199,4,DC,2,100,1
1738271601.743038,604875.500,30215,4,DC,2,100,EA
1738271601.768539,604901.000,30215,4,DC,2,100,2
1738271601.794040,604926.500,30215,4,DC,2,100,EL
1738271601.819541,604952.000,30215,4,DC,2,100,2
1738271601.844542,604977.000,30232,4,DC,2,100,EA
1738271601.869543,605002.000,30232,4,DC,2,100,1
1738271601.894543,605027.000,30232,4,DC,2,100,EL
1738271601.919544,605052.000,30232,4,DC,2,100,1
1738271601.945045,605077.500,30249,4,DC,2,100,EA
1738271601.970546,605103.000,30249,4,DC,2,100,2
1738271601.996047,605128.500,30249,4,DC,2,100,EL
1738271602.021548,605154.000,30249,4,DC,2,100,2
1738271602.047299,605179.750,30265,4,DC,2,100,EA
1738271602.073050,605205.500,30265,4,DC,2,100,2
1738271602.098801,605231.250,30265,4,DC,2,100,EL
1738271602.124552,605257.000,30265,4,DC,2,100,2
1738271602.149803,605282.250,30281,4,DC,2,100,EA
1738271602.175054,605307.500,30281,4,DC,2,100,1
1738271602.200305,605332.750,30281,4,DC,2,100,EL
1738271602.225556,605358.000,30281,4,DC,2,100,1
1738271602.251057,605383.500,30299,4,DC,2,100,EA
1738271602.276558,605409.000,30299,4,DC,2,100,2
1738271602.302059,605434.500,30299,4,DC,2,100,EL
1738271602.327560,605460.000,30299,4,DC,2,100,2
1738271602.353561,605486.000,30315,4,DC,2,100,EA
1738271602.379562,605512.000,30315,4,DC,2,100,1
1738271602.405563,605538.000,30315,4,DC,2,100,EL
1738271602.431564,605564.000,30315,4,DC,2,100,1
1738271602.456815,605589.250,30331,4,DC,2,100,EA
1738271602.482065,605614.500,30331,4,DC,2,100,2
1738271602.507317,605639.750,30331,4,DC,2,100,EL
1738271602.532568,605665.000,30331,4,DC,2,100,2
1738271602.557818,605690.250,30348,4,DC,2,100,EA
1738271602.583069,605715.500,30348,4,DC,2,100,1
1738271602.608320,605740.750,30348,4,DC,2,100,EL
1738271602.633571,605766.000,30348,4,DC,2,100,1
1738271602.658572,605791.000,30365,4,DC,2,100,EA
1738271602.683573,605816.000,30365,4,DC,2,100,2
1738271602.708574,605841.000,30365,4,DC,2,100,EL
1738271602.733575,605866.000,30365,4,DC,2,100,2
1738271602.759076,605891.500,30381,4,DC,2,100,EA
1738271602.784577,605917.000,30381,4,DC,2,100,1
1738271602.810078,605942.500,30381,4,DC,2,100,EL
1738271602.835579,605968.000,30381,4,DC,2,100,1
1738271602.861330,605993.750,30398,4,DC,2,100,EA
1738271602.887081,606019.500,30398,4,DC,2,100,2
1738271602.912832,606045.250,30398,4,DC,2,100,EL
1738271602.938583,606071.000,30398,4,DC,2,100,2
1738271602.963584,606096.000,30414,4,DC,2,100,EA
1738271602.988585,606121.000,30414,4,DC,2,100,1
1738271603.013586,606146.000,30414,4,DC,2,100,EL
1738271603.038587,606171.000,30414,4,DC,2,100,1
1738271603.063838,606196.250,30431,4,DC,2,100,EA
1738271603.089088,606221.500,30431,4,DC,2,100,2
1738271603.114339,606246.750,30431,4,DC,2,100,EL
1738271603.139590,606272.000,30431,4,DC,2,100,2
1738271603.165841,606298.250,30447,4,DC,2,100,EA
1738271603.192092,606324.500,30447,4,DC,2,100,1
1738271603.218343,606350.750,30447,4,DC,2,100,EL
1738271603.244594,606377.000,30447,4,DC,2,100,1
1738271603.269095,606401.500,30464,4,DC,2,100,EA
1738271603.293596,606426.000,30464,4,DC,2,100,2
1738271603.318097,606450.500,30464,4,DC,2,100,EL
1738271603.342598,606475.000,30464,4,DC,2,100,2
1738271603.368599,606501.000,30482,4,DC,2,100,EA
1738271603.394600,606527.000,30482,4,DC,2,100,1
1738271603.420601,606553.000,30482,4,DC,2,100,EL
1738271603.446602,606579.000,30482,4,DC,2,100,1
1738271603.471603,606604.000,30499,4,DC,2,100,EA
1738271603.496604,606629.000,30499,4,DC,2,100,2
1738271603.521605,606654.000,30499,4,DC,2,100,EL
1738271603.546606,606679.000,30499,4,DC,2,100,2
1738271603.572107,606704.500,30516,4,DC,2,100,EA
1738271603.597608,606730.000,30516,4,DC,2,100,1
1738271603.623109,606755.500,30516,4,DC,2,100,EL
1738271603.648609,606781.000,30516,4,DC,2,100,1
1738271603.674361,606806.750,30532,4,DC,2,100,EA
1738271603.700111,606832.500,30532,4,DC,2,100,2
1738271603.725862,606858.250,30532,4,DC,2,100,EL
1738271603.751613,606884.000,30532,4,DC,2,100,2
1738271603.776614,606909.000,30548,4,DC,2,100,EA
1738271603.801615,606934.000,30548,4,DC,2,100,1
1738271603.826616,606959.000,30548,4,DC,2,100,EL
1738271603.851617,606984.000,30548,4,DC,2,100,1
1738271603.877118,607009.500,30566,4,DC,2,100,EA
1738271603.902619,607035.000,30566,4,DC,2,100,2
1738271603.928120,607060.500,30566,4,DC,2,100,EL
1738271603.953621,607086.000,30566,4,DC,2,100,2
1738271603.978622,607111.000,30582,4,DC,2,100,EA
1738271604.003623,607136.000,30582,4,DC,2,100,1
1738271604.028624,607161.000,30582,4,DC,2,100,EL
1738271604.053625,607186.000,30582,4,DC,2,100,1
1738271604.078876,607211.250,30599,4,DC,2,100,EA
1738271604.104127,607236.500,30599,4,DC,2,100,2
1738271604.129378,607261.750,30599,4,DC,2,100,EL
1738271604.154629,607287.000,30599,4,DC,2,100,2
1738271604.180629,607313.000,30615,4,DC,2,100,EA
1738271604.206630,607339.000,30615,4,DC,2,100,2
1738271604.232631,607365.000,30615,4,DC,2,100,EL
1738271604.258632,607391.000,30615,4,DC,2,100,2
1738271604.283633,607416.000,30632,4,DC,2,100,EA
1738271604.308634,607441.000,30632,4,DC,2,100,1
1738271604.333635,607466.000,30632,4,DC,2,100,EL
1738271604.358636,607491.000,30632,4,DC,2,100,1
1738271604.383887,607516.250,30648,4,DC,2,100,EA
1738271604.409138,607541.500,30648,4,DC,2,100,2
1738271604.434389,607566.750,30648,4,DC,2,100,EL
1738271604.459640,607592.000,30648,4,DC,2,100,2
1738271604.485641,607618.000,30665,4,DC,2,100,EA
1738271604.511642,607644.000,30665,4,DC,2,100,1
1738271604.537643,607670.000,30665,4,DC,2,100,EL
1738271604.563644,607696.000,30665,4,DC,2,100,1
1738271604.588395,607720.750,30681,4,DC,2,100,EA
1738271604.613146,607745.500,30681,4,DC,2,100,2
1738271604.637897,607770.250,30681,4,DC,2,100,EL
1738271604.662648,607795.000,30681,4,DC,2,100,2
1738271604.688148,607820.500,30698,4,DC,2,100,EA
1738271604.713650,607846.000,30698,4,DC,2,100,1
1738271604.739151,607871.500,30698,4,DC,2,100,EL
1738271604.764652,607897.000,30698,4,DC,2,100,1
1738271604.789652,607922.000,30714,4,DC,2,100,EA
1738271604.814653,607947.000,30714,4,DC,2,100,2
1738271604.839654,607972.000,30714,4,DC,2,100,EL
1738271604.864655,607997.000,30714,4,DC,2,100,2
1738271604.890156,608022.500,30732,4,DC,2,100,EA
1738271604.915657,608048.000,30732,4,DC,2,100,1
1738271604.941158,608073.500,30732,4,DC,2,100,EL
1738271604.966659,608099.000,30732,4,DC,2,100,1
1738271604.991660,608124.000,30747,4,DC,2,100,EA
1738271605.016661,608149.000,30747,4,DC,2,100,2
1738271605.041662,608174.000,30747,4,DC,2,100,EL
1738271605.066663,608199.000,30747,4,DC,2,100,2
1738271605.092164,608224.500,30764,4,DC,2,100,EA
1738271605.117665,608250.000,30764,4,DC,2,100,1
1738271605.143166,608275.500,30764,4,DC,2,100,EL
1738271605.168667,608301.000,30764,4,DC,2,100,1
1738271605.194418,608326.750,30781,4,DC,2,100,EA
1738271605.220169,608352.500,30781,4,DC,2,100,2
1738271605.245920,608378.250,30781,4,DC,2,100,EL
1738271605.271671,608404.000,30781,4,DC,2,100,2
1738271605.296671,608429.000,30798,4,DC,2,100,EA
1738271605.321672,608454.000,30798,4,DC,2,100,1
1738271605.346673,608479.000,30798,4,DC,2,100,EL
1738271605.371674,608504.000,30798,4,DC,2,100,1
1738271605.396925,608529.250,30813,4,DC,2,100,EA
1738271605.422176,608554.500,30813,4,DC,2,100,2
1738271605.447427,608579.750,30813,4,DC,2,100,EL
1738271605.472678,608605.000,30813,4,DC,2,100,2
1738271605.497929,608630.250,30830,4,DC,2,100,EA
1738271605.523180,608655.500,30830,4,DC,2,100,1
1738271605.548431,608680.750,30830,4,DC,2,100,EL
1738271605.573682,608706.000,30830,4,DC,2,100,1
1738271605.599183,608731.500,30847,4,DC,2,100,EA
1738271605.624684,608757.000,30847,4,DC,2,100,2
1738271605.650185,608782.500,30847,4,DC,2,100,EL
1738271605.675686,608808.000,30847,4,DC,2,100,2
1738271605.701187,608833.500,30864,4,DC,2,100,EA
1738271605.726688,608859.000,30864,4,DC,2,100,1
1738271605.752189,608884.500,30864,4,DC,2,100,EL
1738271605.777690,608910.000,30864,4,DC,2,100,1
1738271605.802691,608935.000,30879,4,DC,2,100,EA
1738271605.827692,608960.000,30879,4,DC,2,100,2
1738271605.852692,608985.000,30879,4,DC,2,100,EL
1738271605.877693,609010.000,30879,4,DC,2,100,2
1738271605.903194,609035.500,30897,4,DC,2,100,EA
1738271605.928695,609061.000,30897,4,DC,2,100,1
1738271605.954196,609086.500,30897,4,DC,2,100,EL
1738271605.979697,609112.000,30897,4,DC,2,100,1
1738271606.004698,609137.000,30913,4,DC,2,100,EA
1738271606.029699,609162.000,30913,4,DC,2,100,2
1738271606.054700,609187.000,30913,4,DC,2,100,EL
1738271606.079701,609212.000,30913,4,DC,2,100,2
1738271606.105452,609237.750,30930,4,DC,2,100,EA
1738271606.131203,609263.500,30930,4,DC,2,100,1
1738271606.156954,609289.250,30930,4,DC,2,100,EL
1738271606.182705,609315.000,30930,4,DC,2,100,1
1738271606.208206,609340.500,30947,4,DC,2,100,EA
1738271606.233707,609366.000,30947,4,DC,2,100,2
1738271606.259208,609391.500,30947,4,DC,2,100,EL
1738271606.284709,609417.000,30947,4,DC,2,100,2
1738271606.309960,609442.250,30965,4,DC,2,100,EA
1738271606.335211,609467.500,30965,4,DC,2,100,1
1738271606.360461,609492.750,30965,4,DC,2,100,EL
1738271606.385712,609518.000,30965,4,DC,2,100,1
1738271606.410713,609543.000,30981,4,DC,2,100,EA
1738271606.435714,609568.000,30981,4,DC,2,100,2
1738271606.460715,609593.000,30981,4,DC,2,100,EL
1738271606.485716,609618.000,30981,4,DC,2,100,2
1738271606.511717,609644.000,30998,4,DC,2,100,EA
1738271606.537718,609670.000,30998,4,DC,2,100,1
1738271606.563719,609696.000,30998,4,DC,2,100,EL
1738271606.589720,609722.000,30998,4,DC,2,100,1
1738271606.620221,609752.500,31022,4,DC,2,100,EA
1738271606.650723,609783.000,31022,4,DC,2,100,2
1738271606.681224,609813.500,31022,4,DC,2,100,EL
1738271606.711725,609844.000,31022,4,DC,2,100,2
1738271606.735726,609868.000,31038,4,DC,2,100,EA
1738271606.759727,609892.000,31038,4,DC,2,100,2
1738271606.783727,609916.000,31038,4,DC,2,100,EL
1738271606.807728,609940.000,31038,4,DC,2,100,2
1738271606.833729,609966.000,31054,4,DC,2,100,EA
1738271606.859730,609992.000,31054,4,DC,2,100,1
1738271606.885731,610018.000,31054,4,DC,2,100,EL
1738271606.911732,610044.000,31054,4,DC,2,100,1
1738271606.936983,610069.250,31072,4,DC,2,100,EA
1738271606.962234,610094.500,31072,4,DC,2,100,2
1738271606.987485,610119.750,31072,4,DC,2,100,EL
1738271607.012736,610145.000,31072,4,DC,2,100,2
1738271607.037737,610170.000,31088,4,DC,2,100,EA
1738271607.062738,610195.000,31088,4,DC,2,100,1
1738271607.087739,610220.000,31088,4,DC,2,100,EL
1738271607.112740,610245.000,31088,4,DC,2,100,1
1738271607.138491,610270.750,31104,4,DC,2,100,EA
1738271607.164242,610296.500,31104,4,DC,2,100,2
1738271607.189993,610322.250,31104,4,DC,2,100,EL
1738271607.215744,610348.000,31104,4,DC,2,100,2
1738271607.240495,610372.750,31121,4,DC,2,100,EA
1738271607.265246,610397.500,31121,4,DC,2,100,1
1738271607.289997,610422.250,31121,4,DC,2,100,EL
1738271607.314748,610447.000,31121,4,DC,2,100,1
1738271607.340498,610472.750,31138,4,DC,2,100,EA
1738271607.366249,610498.500,31138,4,DC,2,100,2
1738271607.392000,610524.250,31138,4,DC,2,100,EL
1738271607.417751,610550.000,31138,4,DC,2,100,2
1738271607.442752,610575.000,31154,4,DC,2,100,EA
1738271607.467753,610600.000,31154,4,DC,2,100,1
1738271607.492754,610625.000,31154,4,DC,2,100,EL
1738271607.517755,610650.000,31154,4,DC,2,100,1
1738271607.543006,610675.250,31172,4,DC,2,100,EA
1738271607.568257,610700.500,31172,4,DC,2,100,2
1738271607.593508,610725.750,31172,4,DC,2,100,EL
1738271607.618759,610751.000,31172,4,DC,2,100,2
1738271607.645260,610777.500,31189,4,DC,2,100,EA
1738271607.671761,610804.000,31189,4,DC,2,100,1
1738271607.698262,610830.500,31189,4,DC,2,100,EL
1738271607.724763,610857.000,31189,4,DC,2,100,1
1738271607.748764,610881.000,31206,4,DC,2,100,EA
1738271607.772765,610905.000,31206,4,DC,2,100,2
1738271607.796766,610929.000,31206,4,DC,2,100,EL
1738271607.820766,610953.000,31206,4,DC,2,100,2
1738271607.846767,610979.000,31223,4,DC,2,100,EA
1738271607.872768,611005.000,31223,4,DC,2,100,2
1738271607.898769,611031.000,31223,4,DC,2,100,EL
1738271607.924770,611057.000,31223,4,DC,2,100,2
1738271607.949771,611082.000,31240,4,DC,2,100,EA
1738271607.974772,611107.000,31240,4,DC,2,100,1
1738271607.999773,611132.000,31240,4,DC,2,100,EL
1738271608.024774,611157.000,31240,4,DC,2,100,1
1738271608.050025,611182.250,31255,4,DC,2,100,EA
1738271608.075276,611207.500,31255,4,DC,2,100,2
1738271608.100527,611232.750,31255,4,DC,2,100,EL
1738271608.125778,611258.000,31255,4,DC,2,100,2
1738271608.151029,611283.250,31272,4,DC,2,100,EA
1738271608.176280,611308.500,31272,4,DC,2,100,1
1738271608.201531,611333.750,31272,4,DC,2,100,EL
1738271608.226782,611359.000,31272,4,DC,2,100,1
1738271608.252283,611384.500,31289,4,DC,2,100,EA
1738271608.277784,611410.000,31289,4,DC,2,100,2
1738271608.303285,611435.500,31289,4,DC,2,100,EL
1738271608.328786,611461.000,31289,4,DC,2,100,2
1738271608.354287,611486.500,31306,4,DC,2,100,EA
1738271608.379788,611512.000,31306,4,DC,2,100,1
1738271608.405288,611537.500,31306,4,DC,2,100,EL
1738271608.430789,611563.000,31306,4,DC,2,100,1
1738271608.456040,611588.250,31321,4,DC,2,100,EA
1738271608.481291,611613.500,31321,4,DC,2,100,2
1738271608.506542,611638.750,31321,4,DC,2,100,EL
1738271608.531793,611664.000,31321,4,DC,2,100,2
1738271608.557294,611689.500,31339,4,DC,2,100,EA
1738271608.582795,611715.000,31339,4,DC,2,100,1
1738271608.608296,611740.500,31339,4,DC,2,100,EL
1738271608.633797,611766.000,31339,4,DC,2,100,1
1738271608.659548,611791.750,31355,4,DC,2,100,EA
1738271608.685299,611817.500,31355,4,DC,2,100,2
1738271608.711050,611843.250,31355,4,DC,2,100,EL
1738271608.736801,611869.000,31355,4,DC,2,100,2
1738271608.761302,611893.500,31372,4,DC,2,100,EA
1738271608.785803,611918.000,31372,4,DC,2,100,1
1738271608.810304,611942.500,31372,4,DC,2,100,EL
1738271608.834805,611967.000,31372,4,DC,2,100,1
1738271608.860806,611993.000,31388,4,DC,2,100,EA
1738271608.886807,612019.000,31388,4,DC,2,100,2
1738271608.912808,612045.000,31388,4,DC,2,100,EL
1738271608.938809,612071.000,31388,4,DC,2,100,2
1738271608.963809,612096.000,31405,4,DC,2,100,EA
1738271608.988811,612121.000,31405,4,DC,2,100,1
1738271609.013811,612146.000,31405,4,DC,2,100,EL
1738271609.038812,612171.000,31405,4,DC,2,100,1
1738271609.064063,612196.250,31421,4,DC,2,100,EA
1738271609.089314,612221.500,31421,4,DC,2,100,2
1738271609.114565,612246.750,31421,4,DC,2,100,EL
1738271609.139816,612272.000,31421,4,DC,2,100,2
1738271609.165817,612298.000,31438,4,DC,2,100,EA
1738271609.191818,612324.000,31438,4,DC,2,100,1
1738271609.217819,612350.000,31438,4,DC,2,100,EL
1738271609.243820,612376.000,31438,4,DC,2,100,1
1738271609.269321,612401.500,31454,4,DC,2,100,EA
1738271609.294822,612427.000,31454,4,DC,2,100,2
1738271609.320323,612452.500,31454,4,DC,2,100,EL
1738271609.345824,612478.000,31454,4,DC,2,100,2
1738271609.370825,612503.000,31471,4,DC,2,100,EA
1738271609.395826,612528.000,31471,4,DC,2,100,1
1738271609.420827,612553.000,31471,4,DC,2,100,EL
1738271609.445828,612578.000,31471,4,DC,2,100,1
1738271609.471829,612604.000,31487,4,DC,2,100,EA
1738271609.497830,612630.000,31487,4,DC,2,100,2
1738271609.523831,612656.000,31487,4,DC,2,100,EL
1738271609.549832,612682.000,31487,4,DC,2,100,2
1738271609.574832,612707.000,31505,4,DC,2,100,EA
1738271609.599833,612732.000,31505,4,DC,2,100,1
1738271609.624835,612757.000,31505,4,DC,2,100,EL
1738271609.649835,612782.000,31505,4,DC,2,100,1
1738271609.675086,612807.250,31521,4,DC,2,100,EA
1738271609.700337,612832.500,31521,4,DC,2,100,2
1738271609.725588,612857.750,31521,4,DC,2,100,EL
1738271609.750839,612883.000,31521,4,DC,2,100,2
1738271609.776090,612908.250,31537,4,DC,2,100,EA
1738271609.801341,612933.500,31537,4,DC,2,100,1
1738271609.826592,612958.750,31537,4,DC,2,100,EL
1738271609.851843,612984.000,31537,4,DC,2,100,1
1738271609.877344,613009.500,31554,4,DC,2,100,EA
1738271609.902845,613035.000,31554,4,DC,2,100,2
1738271609.928346,613060.500,31554,4,DC,2,100,EL
1738271609.953847,613086.000,31554,4,DC,2,100,2
1738271609.979848,613112.000,31571,4,DC,2,100,EA
1738271610.005849,613138.000,31571,4,DC,2,100,2
1738271610.031850,613164.000,31571,4,DC,2,100,EL
1738271610.057851,613190.000,31571,4,DC,2,100,2
1738271610.082852,613215.000,31587,4,DC,2,100,EA
1738271610.107853,613240.000,31587,4,DC,2,100,1
1738271610.132854,613265.000,31587,4,DC,2,100,EL
1738271610.157855,613290.000,31587,4,DC,2,100,1
1738271610.183356,613315.500,31604,4,DC,2,100,EA
1738271610.208856,613341.000,31604,4,DC,2,100,2
1738271610.234357,613366.500,31604,4,DC,2,100,EL
1738271610.259858,613392.000,31604,4,DC,2,100,2
1738271610.284859,613417.000,31620,4,DC,2,100,EA
1738271610.309860,613442.000,31620,4,DC,2,100,1
1738271610.334861,613467.000,31620,4,DC,2,100,EL
1738271610.359862,613492.000,31620,4,DC,2,100,1
1738271610.385113,613517.250,31637,4,DC,2,100,EA
1738271610.410364,613542.500,31637,4,DC,2,100,2
1738271610.435615,613567.750,31637,4,DC,2,100,EL
1738271610.460866,613593.000,31637,4,DC,2,100,2
1738271610.486617,613618.750,31653,4,DC,2,100,EA
1738271610.512368,613644.500,31653,4,DC,2,100,1
1738271610.538119,613670.250,31653,4,DC,2,100,EL
1738271610.563870,613696.000,31653,4,DC,2,100,1
1738271610.589121,613721.250,31670,4,DC,2,100,EA
1738271610.614372,613746.500,31670,4,DC,2,100,2
1738271610.639623,613771.750,31670,4,DC,2,100,EL
1738271610.664874,613797.000,31670,4,DC,2,100,2
1738271610.690125,613822.250,31686,4,DC,2,100,EA
1738271610.715375,613847.500,31686,4,DC,2,100,1
1738271610.740626,613872.750,31686,4,DC,2,100,EL
1738271610.765877,613898.000,31686,4,DC,2,100,1
1738271610.792128,613924.250,31703,4,DC,2,100,EA
1738271610.818379,613950.500,31703,4,DC,2,100,2
1738271610.844630,613976.750,31703,4,DC,2,100,EL
1738271610.870881,614003.000,31703,4,DC,2,100,2
1738271610.895382,614027.500,31720,4,DC,2,100,EA
1738271610.919883,614052.000,31720,4,DC,2,100,1
1738271610.944384,614076.500,31720,4,DC,2,100,EL
1738271610.968885,614101.000,31720,4,DC,2,100,1
1738271610.994386,614126.500,31736,4,DC,2,100,EA
1738271611.019887,614152.000,31736,4,DC,2,100,2
1738271611.045388,614177.500,31736,4,DC,2,100,EL
1738271611.070889,614203.000,31736,4,DC,2,100,2
1738271611.095890,614228.000,31752,4,DC,2,100,EA
1738271611.120891,614253.000,31752,4,DC,2,100,1
1738271611.145892,614278.000,31752,4,DC,2,100,EL
1738271611.170893,614303.000,31752,4,DC,2,100,1
1738271611.196144,614328.250,31770,4,DC,2,100,EA
1738271611.221395,614353.500,31770,4,DC,2,100,2
1738271611.246645,614378.750,31770,4,DC,2,100,EL
1738271611.271896,614404.000,31770,4,DC,2,100,2
1738271611.297147,614429.250,31786,4,DC,2,100,EA
1738271611.322398,614454.500,31786,4,DC,2,100,1
1738271611.347649,614479.750,31786,4,DC,2,100,EL
1738271611.372900,614505.000,31786,4,DC,2,100,1
1738271611.398151,614530.250,31802,4,DC,2,100,EA
1738271611.423402,614555.500,31802,4,DC,2,100,2
1738271611.448653,614580.750,31802,4,DC,2,100,EL
1738271611.473904,614606.000,31802,4,DC,2,100,2
1738271611.499655,614631.750,31818,4,DC,2,100,EA
1738271611.525406,614657.500,31818,4,DC,2,100,1
1738271611.551157,614683.250,31818,4,DC,2,100,EL
1738271611.576908,614709.000,31818,4,DC,2,100,1
1738271611.602409,614734.500,31838,4,DC,2,100,EA
1738271611.627910,614760.000,31838,4,DC,2,100,2
1738271611.653411,614785.500,31838,4,DC,2,100,EL
1738271611.678912,614811.000,31838,4,DC,2,100,2
1738271611.703913,614836.000,31854,4,DC,2,100,EA
1738271611.728914,614861.000,31854,4,DC,2,100,1
1738271611.753915,614886.000,31854,4,DC,2,100,EL
1738271611.778915,614911.000,31854,4,DC,2,100,1
1738271611.805166,614937.250,31875,4,DC,2,100,EA
1738271611.831418,614963.500,31875,4,DC,2,100,2
1738271611.857668,614989.750,31875,4,DC,2,100,EL
1738271611.883919,615016.000,31875,4,DC,2,100,2
1738271611.908170,615040.250,31892,4,DC,2,100,EA
1738271611.932421,615064.500,31892,4,DC,2,100,1
1738271611.956672,615088.750,31892,4,DC,2,100,EL
1738271611.980923,615113.000,31892,4,DC,2,100,1
1738271612.006924,615139.000,31909,4,DC,2,100,EA
1738271612.032925,615165.000,31909,4,DC,2,100,2
1738271612.058926,615191.000,31909,4,DC,2,100,EL
1738271612.084927,615217.000,31909,4,DC,2,100,2
1738271612.109928,615242.000,31925,4,DC,2,100,EA
1738271612.134929,615267.000,31925,4,DC,2,100,1
1738271612.159930,615292.000,31925,4,DC,2,100,EL
1738271612.184931,615317.000,31925,4,DC,2,100,1
1738271612.210432,615342.500,31943,4,DC,2,100,EA
1738271612.235933,615368.000,31943,4,DC,2,100,2
1738271612.261434,615393.500,31943,4,DC,2,100,EL
1738271612.286935,615419.000,31943,4,DC,2,100,2
1738271612.312936,615445.000,31958,4,DC,2,100,EA
1738271612.338937,615471.000,31958,4,DC,2,100,2
1738271612.364938,615497.000,31958,4,DC,2,100,EL
1738271612.390939,615523.000,31958,4,DC,2,100,2
1738271612.415940,615548.000,31975,4,DC,2,100,EA
1738271612.440940,615573.000,31975,4,DC,2,100,1
1738271612.465941,615598.000,31975,4,DC,2,100,EL
1738271612.490942,615623.000,31975,4,DC,2,100,1
1738271612.516443,615648.500,31992,4,DC,2,100,EA
1738271612.541944,615674.000,31992,4,DC,2,100,2
1738271612.567445,615699.500,31992,4,DC,2,100,EL
1738271612.592946,615725.000,31992,4,DC,2,100,2
1738271612.617947,615750.000,32009,4,DC,2,100,EA
1738271612.642948,615775.000,32009,4,DC,2,100,1
1738271612.667949,615800.000,32009,4,DC,2,100,EL
1738271612.692950,615825.000,32009,4,DC,2,100,1
1738271612.718201,615850.250,32024,4,DC,2,100,EA
1738271612.743452,615875.500,32024,4,DC,2,100,2
1738271612.768703,615900.750,32024,4,DC,2,100,EL
1738271612.793954,615926.000,32024,4,DC,2,100,2
1738271612.819955,615952.000,32041,4,DC,2,100,EA
1738271612.845956,615978.000,32041,4,DC,2,100,1
1738271612.871957,616004.000,32041,4,DC,2,100,EL
1738271612.897958,616030.000,32041,4,DC,2,100,1
1738271612.922959,616055.000,32058,4,DC,2,100,EA
1738271612.947959,616080.000,32058,4,DC,2,100,2
1738271612.972960,616105.000,32058,4,DC,2,100,EL
1738271612.997962,616130.000,32058,4,DC,2,100,2
1738271613.022962,616155.000,32075,4,DC,2,100,EA
1738271613.047963,616180.000,32075,4,DC,2,100,1
1738271613.072964,616205.000,32075,4,DC,2,100,EL
1738271613.097965,616230.000,32075,4,DC,2,100,1
1738271613.123216,616255.250,32090,4,DC,2,100,EA
1738271613.148467,616280.500,32090,4,DC,2,100,2
1738271613.173718,616305.750,32090,4,DC,2,100,EL
1738271613.198969,616331.000,32090,4,DC,2,100,2
1738271613.224470,616356.500,32108,4,DC,2,100,EA
1738271613.249971,616382.000,32108,4,DC,2,100,1
1738271613.275472,616407.500,32108,4,DC,2,100,EL
1738271613.300973,616433.000,32108,4,DC,2,100,1
1738271613.326724,616458.750,32124,4,DC,2,100,EA
1738271613.352475,616484.500,32124,4,DC,2,100,2
1738271613.378226,616510.250,32124,4,DC,2,100,EL
1738271613.403977,616536.000,32124,4,DC,2,100,2
1738271613.428728,616560.750,32141,4,DC,2,100,EA
1738271613.453479,616585.500,32141,4,DC,2,100,1
1738271613.478230,616610.250,32141,4,DC,2,100,EL
1738271613.502980,616635.000,32141,4,DC,2,100,1
1738271613.528481,616660.500,32157,4,DC,2,100,EA
1738271613.553982,616686.000,32157,4,DC,2,100,2
1738271613.579483,616711.500,32157,4,DC,2,100,EL
1738271613.604984,616737.000,32157,4,DC,2,100,2
1738271613.629985,616762.000,32174,4,DC,2,100,EA
1738271613.654986,616787.000,32174,4,DC,2,100,1
1738271613.679987,616812.000,32174,4,DC,2,100,EL
1738271613.704988,616837.000,32174,4,DC,2,100,1
1738271613.730239,616862.250,32190,4,DC,2,100,EA
1738271613.755490,616887.500,32190,4,DC,2,100,2
1738271613.780741,616912.750,32190,4,DC,2,100,EL
1738271613.805992,616938.000,32190,4,DC,2,100,2
1738271613.832243,616964.250,32207,4,DC,2,100,EA
1738271613.858494,616990.500,32207,4,DC,2,100,1
1738271613.884745,617016.750,32207,4,DC,2,100,EL
1738271613.910996,617043.000,32207,4,DC,2,100,1
1738271613.936497,617068.500,32223,4,DC,2,100,EA
1738271613.961998,617094.000,32223,4,DC,2,100,2
1738271613.987499,617119.500,32223,4,DC,2,100,EL
1738271614.013000,617145.000,32223,4,DC,2,100,2
1738271614.038251,617170.250,32240,4,DC,2,100,EA
1738271614.063502,617195.500,32240,4,DC,2,100,1
1738271614.088753,617220.750,32240,4,DC,2,100,EL
1738271614.114003,617246.000,32240,4,DC,2,100,1
1738271614.139754,617271.750,32256,4,DC,2,100,EA
1738271614.165505,617297.500,32256,4,DC,2,100,2
1738271614.191256,617323.250,32256,4,DC,2,100,EL
1738271614.217007,617349.000,32256,4,DC,2,100,2
1738271614.242508,617374.500,32274,4,DC,2,100,EA
1738271614.268009,617400.000,32274,4,DC,2,100,1
1738271614.293510,617425.500,32274,4,DC,2,100,EL
1738271614.319011,617451.000,32274,4,DC,2,100,1
1738271614.344012,617476.000,32290,4,DC,2,100,EA
1738271614.369013,617501.000,32290,4,DC,2,100,2
1738271614.394014,617526.000,32290,4,DC,2,100,EL
1738271614.419015,617551.000,32290,4,DC,2,100,2
1738271614.445016,617577.000,32306,4,DC,2,100,EA
1738271614.471017,617603.000,32306,4,DC,2,100,2
1738271614.497018,617629.000,32306,4,DC,2,100,EL
1738271614.523019,617655.000,32306,4,DC,2,100,2
1738271614.547770,617679.750,32323,4,DC,2,100,EA
1738271614.572521,617704.500,32323,4,DC,2,100,1
1738271614.597272,617729.250,32323,4,DC,2,100,EL
1738271614.622023,617754.000,32323,4,DC,2,100,1
1738271614.647523,617779.500,32340,4,DC,2,100,EA
1738271614.673024,617805.000,32340,4,DC,2,100,2
1738271614.698525,617830.500,32340,4,DC,2,100,EL
1738271614.724026,617856.000,32340,4,DC,2,100,2
1738271614.749027,617881.000,32356,4,DC,2,100,EA
1738271614.774028,617906.000,32356,4,DC,2,100,1
1738271614.799029,617931.000,32356,4,DC,2,100,EL
1738271614.824030,617956.000,32356,4,DC,2,100,1
1738271614.849531,617981.500,32373,4,DC,2,100,EA
1738271614.875032,618007.000,32373,4,DC,2,100,2
1738271614.900533,618032.500,32373,4,DC,2,100,EL
1738271614.926034,618058.000,32373,4,DC,2,100,2
1738271614.951035,618083.000,32389,4,DC,2,100,EA
1738271614.976036,618108.000,32389,4,DC,2,100,1
1738271615.001037,618133.000,32389,4,DC,2,100,EL
1738271615.026038,618158.000,32389,4,DC,2,100,1
1738271615.051289,618183.250,32406,4,DC,2,100,EA
1738271615.076540,618208.500,32406,4,DC,2,100,2
1738271615.101791,618233.750,32406,4,DC,2,100,EL
1738271615.127042,618259.000,32406,4,DC,2,100,2
1738271615.152792,618284.750,32422,4,DC,2,100,EA
1738271615.178544,618310.500,32422,4,DC,2,100,1
1738271615.204294,618336.250,32422,4,DC,2,100,EL
1738271615.230045,618362.000,32422,4,DC,2,100,1
1738271615.255296,618387.250,32439,4,DC,2,100,EA
1738271615.280547,618412.500,32439,4,DC,2,100,2
1738271615.305798,618437.750,32439,4,DC,2,100,EL
1738271615.331049,618463.000,32439,4,DC,2,100,2
1738271615.356300,618488.250,32455,4,DC,2,100,EA
1738271615.381551,618513.500,32455,4,DC,2,100,1
1738271615.406802,618538.750,32455,4,DC,2,100,EL
1738271615.432053,618564.000,32455,4,DC,2,100,1
1738271615.457304,618589.250,32472,4,DC,2,100,EA
1738271615.482555,618614.500,32472,4,DC,2,100,2
1738271615.507806,618639.750,32472,4,DC,2,100,EL
1738271615.533057,618665.000,32472,4,DC,2,100,2
1738271615.558558,618690.500,32489,4,DC,2,100,EA
1738271615.584059,618716.000,32489,4,DC,2,100,1
1738271615.609560,618741.500,32489,4,DC,2,100,EL
1738271615.635061,618767.000,32489,4,DC,2,100,1
1738271615.660812,618792.750,32507,4,DC,2,100,EA
1738271615.686563,618818.500,32507,4,DC,2,100,2
1738271615.712314,618844.250,32507,4,DC,2,100,EL
1738271615.738065,618870.000,32507,4,DC,2,100,2
1738271615.762815,618894.750,32523,4,DC,2,100,EA
1738271615.787566,618919.500,32523,4,DC,2,100,1
1738271615.812317,618944.250,32523,4,DC,2,100,EL
1738271615.837068,618969.000,32523,4,DC,2,100,1
1738271615.862569,618994.500,32541,4,DC,2,100,EA
1738271615.888070,619020.000,32541,4,DC,2,100,2
1738271615.913571,619045.500,32541,4,DC,2,100,EL
1738271615.939072,619071.000,32541,4,DC,2,100,2
1738271615.965323,619097.250,32559,4,DC,2,100,EA
1738271615.991574,619123.500,32559,4,DC,2,100,1
1738271616.017825,619149.750,32559,4,DC,2,100,EL
1738271616.044076,619176.000,32559,4,DC,2,100,1
1738271616.068077,619200.000,32575,4,DC,2,100,EA
1738271616.092078,619224.000,32575,4,DC,2,100,2
1738271616.116079,619248.000,32575,4,DC,2,100,EL
1738271616.140080,619272.000,32575,4,DC,2,100,2
1738271616.166081,619298.000,32591,4,DC,2,100,EA
1738271616.192082,619324.000,32591,4,DC,2,100,1
1738271616.218083,619350.000,32591,4,DC,2,100,EL
1738271616.244084,619376.000,32591,4,DC,2,100,1
1738271616.269585,619401.500,32609,4,DC,2,100,EA
1738271616.295085,619427.000,32609,4,DC,2,100,2
1738271616.320586,619452.500,32609,4,DC,2,100,EL
1738271616.346087,619478.000,32609,4,DC,2,100,2
1738271616.371838,619503.750,32625,4,DC,2,100,EA
1738271616.397589,619529.500,32625,4,DC,2,100,1
1738271616.423340,619555.250,32625,4,DC,2,100,EL
1738271616.449091,619581.000,32625,4,DC,2,100,1
1738271616.474592,619606.500,32644,4,DC,2,100,EA
1738271616.500093,619632.000,32644,4,DC,2,100,2
1738271616.525594,619657.500,32644,4,DC,2,100,EL
1738271616.551095,619683.000,32644,4,DC,2,100,2
1738271616.576346,619708.250,32660,4,DC,2,100,EA
1738271616.601597,619733.500,32660,4,DC,2,100,1
1738271616.626848,619758.750,32660,4,DC,2,100,EL
1738271616.652099,619784.000,32660,4,DC,2,100,1
1738271616.677100,619809.000,32679,4,DC,2,100,EA
1738271616.702101,619834.000,32679,4,DC,2,100,2
1738271616.727102,619859.000,32679,4,DC,2,100,EL
1738271616.752103,619884.000,32679,4,DC,2,100,2
1738271616.778354,619910.250,32695,4,DC,2,100,EA
1738271616.804605,619936.500,32695,4,DC,2,100,2
1738271616.830856,619962.750,32695,4,DC,2,100,EL
1738271616.857107,619989.000,32695,4,DC,2,100,2
1738271616.885608,620017.500,32718,4,DC,2,100,EA
1738271616.914109,620046.000,32718,4,DC,2,100,1
1738271616.942610,620074.500,32718,4,DC,2,100,EL
1738271616.971111,620103.000,32718,4,DC,2,100,1
1738271616.996112,620128.000,32733,4,DC,2,100,EA
1738271617.021113,620153.000,32733,4,DC,2,100,2
1738271617.046114,620178.000,32733,4,DC,2,100,EL
1738271617.071115,620203.000,32733,4,DC,2,100,2
1738271617.096366,620228.250,32750,4,DC,2,100,EA
1738271617.121617,620253.500,32750,4,DC,2,100,1
1738271617.146868,620278.750,32750,4,DC,2,100,EL
1738271617.172118,620304.000,32750,4,DC,2,100,1
1738271617.197619,620329.500,32767,4,DC,2,100,EA
1738271617.223120,620355.000,32767,4,DC,2,100,2
1738271617.248621,620380.500,32767,4,DC,2,100,EL
1738271617.274122,620406.000,32767,4,DC,2,100,2
1738271617.299873,620431.750,32784,4,DC,2,100,EA
1738271617.325624,620457.500,32784,4,DC,2,100,1
1738271617.351375,620483.250,32784,4,DC,2,100,EL
1738271617.377126,620509.000,32784,4,DC,2,100,1
1738271617.402377,620534.250,32799,4,DC,2,100,EA
1738271617.427628,620559.500,32799,4,DC,2,100,2
1738271617.452879,620584.750,32799,4,DC,2,100,EL
1738271617.478130,620610.000,32799,4,DC,2,100,2
1738271617.503381,620635.250,32816,4,DC,2,100,EA
1738271617.528632,620660.500,32816,4,DC,2,100,1
1738271617.553883,620685.750,32816,4,DC,2,100,EL
1738271617.579134,620711.000,32816,4,DC,2,100,1
1738271617.605385,620737.250,32833,4,DC,2,100,EA
1738271617.631636,620763.500,32833,4,DC,2,100,2
1738271617.657887,620789.750,32833,4,DC,2,100,EL
1738271617.684138,620816.000,32833,4,DC,2,100,2
1738271617.709139,620841.000,32850,4,DC,2,100,EA
1738271617.734140,620866.000,32850,4,DC,2,100,1
1738271617.759141,620891.000,32850,4,DC,2,100,EL
1738271617.784142,620916.000,32850,4,DC,2,100,1
1738271617.809392,620941.250,32866,4,DC,2,100,EA
1738271617.834643,620966.500,32866,4,DC,2,100,2
1738271617.859895,620991.750,32866,4,DC,2,100,EL
1738271617.885145,621017.000,32866,4,DC,2,100,2
1738271617.911646,621043.500,32883,4,DC,2,100,EA
1738271617.938147,621070.000,32883,4,DC,2,100,1
1738271617.964648,621096.500,32883,4,DC,2,100,EL
1738271617.991149,621123.000,32883,4,DC,2,100,1
1738271618.015150,621147.000,32899,4,DC,2,100,EA
1738271618.039151,621171.000,32899,4,DC,2,100,2
1738271618.063152,621195.000,32899,4,DC,2,100,EL
1738271618.087153,621219.000,32899,4,DC,2,100,2
1738271618.113154,621245.000,32916,4,DC,2,100,EA
1738271618.139155,621271.000,32916,4,DC,2,100,2
1738271618.165156,621297.000,32916,4,DC,2,100,EL
1738271618.191157,621323.000,32916,4,DC,2,100,2
1738271618.216408,621348.250,32933,4,DC,2,100,EA
1738271618.241659,621373.500,32933,4,DC,2,100,1
1738271618.266910,621398.750,32933,4,DC,2,100,EL
1738271618.292161,621424.000,32933,4,DC,2,100,1
1738271618.317162,621449.000,32949,4,DC,2,100,EA
1738271618.342163,621474.000,32949,4,DC,2,100,2
1738271618.367163,621499.000,32949,4,DC,2,100,EL
1738271618.392164,621524.000,32949,4,DC,2,100,2
1738271618.418165,621550.000,32965,4,DC,2,100,EA
1738271618.444166,621576.000,32965,4,DC,2,100,1
1738271618.470167,621602.000,32965,4,DC,2,100,EL
1738271618.496168,621628.000,32965,4,DC,2,100,1
1738271618.521419,621653.250,32983,4,DC,2,100,EA
1738271618.546670,621678.500,32983,4,DC,2,100,2
1738271618.571921,621703.750,32983,4,DC,2,100,EL
1738271618.597172,621729.000,32983,4,DC,2,100,2
1738271618.622173,621754.000,32999,4,DC,2,100,EA
1738271618.647174,621779.000,32999,4,DC,2,100,1
1738271618.672175,621804.000,32999,4,DC,2,100,EL
1738271618.697176,621829.000,32999,4,DC,2,100,1
1738271618.722427,621854.250,33015,4,DC,2,100,EA
1738271618.747678,621879.500,33015,4,DC,2,100,2
1738271618.772929,621904.750,33015,4,DC,2,100,EL
1738271618.798180,621930.000,33015,4,DC,2,100,2
1738271618.823431,621955.250,33031,4,DC,2,100,EA
1738271618.848682,621980.500,33031,4,DC,2,100,1
1738271618.873933,622005.750,33031,4,DC,2,100,EL
1738271618.899184,622031.000,33031,4,DC,2,100,1
1738271618.925684,622057.500,33049,4,DC,2,100,EA
1738271618.952186,622084.000,33049,4,DC,2,100,2
1738271618.978687,622110.500,33049,4,DC,2,100,EL
1738271619.005188,622137.000,33049,4,DC,2,100,2
1738271619.030189,622162.000,33065,4,DC,2,100,EA
1738271619.055189,622187.000,33065,4,DC,2,100,1
1738271619.080190,622212.000,33065,4,DC,2,100,EL
1738271619.105191,622237.000,33065,4,DC,2,100,1
1738271619.130442,622262.250,33081,4,DC,2,100,EA
1738271619.155693,622287.500,33081,4,DC,2,100,2
1738271619.180944,622312.750,33081,4,DC,2,100,EL
1738271619.206195,622338.000,33081,4,DC,2,100,2
1738271619.232196,622364.000,33098,4,DC,2,100,EA
1738271619.258197,622390.000,33098,4,DC,2,100,1
1738271619.284198,622416.000,33098,4,DC,2,100,EL
1738271619.310199,622442.000,33098,4,DC,2,100,1
1738271619.335200,622467.000,33115,4,DC,2,100,EA
1738271619.360201,622492.000,33115,4,DC,2,100,2
1738271619.385202,622517.000,33115,4,DC,2,100,EL
1738271619.410203,622542.000,33115,4,DC,2,100,2
1738271619.435454,622567.250,33131,4,DC,2,100,EA
1738271619.460705,622592.500,33131,4,DC,2,100,1
1738271619.485956,622617.750,33131,4,DC,2,100,EL
1738271619.511207,622643.000,33131,4,DC,2,100,1
1738271619.537708,622669.500,33150,4,DC,2,100,EA
1738271619.564209,622696.000,33150,4,DC,2,100,2
1738271619.590710,622722.500,33150,4,DC,2,100,EL
1738271619.617211,622749.000,33150,4,DC,2,100,2
1738271619.641212,622773.000,33166,4,DC,2,100,EA
1738271619.665212,622797.000,33166,4,DC,2,100,1
1738271619.689213,622821.000,33166,4,DC,2,100,EL
1738271619.713214,622845.000,33166,4,DC,2,100,1
1738271619.738965,622870.750,33183,4,DC,2,100,EA
1738271619.764716,622896.500,33183,4,DC,2,100,2
1738271619.790467,622922.250,33183,4,DC,2,100,EL
1738271619.816218,622948.000,33183,4,DC,2,100,2
1738271619.841469,622973.250,33199,4,DC,2,100,EA
1738271619.866720,622998.500,33199,4,DC,2,100,1
1738271619.891971,623023.750,33199,4,DC,2,100,EL
1738271619.917222,623049.000,33199,4,DC,2,100,1
1738271619.942473,623074.250,33217,4,DC,2,100,EA
1738271619.967724,623099.500,33217,4,DC,2,100,2
1738271619.992975,623124.750,33217,4,DC,2,100,EL
1738271620.018226,623150.000,33217,4,DC,2,100,2
1738271620.043477,623175.250,33232,4,DC,2,100,EA
1738271620.068727,623200.500,33232,4,DC,2,100,1
1738271620.093979,623225.750,33232,4,DC,2,100,EL
1738271620.119230,623251.000,33232,4,DC,2,100,1
1738271620.144730,623276.500,33249,4,DC,2,100,EA
1738271620.170231,623302.000,33249,4,DC,2,100,2
1738271620.195732,623327.500,33249,4,DC,2,100,EL
1738271620.221233,623353.000,33249,4,DC,2,100,2
1738271620.246984,623378.750,33266,4,DC,2,100,EA
1738271620.272735,623404.500,33266,4,DC,2,100,2
1738271620.298486,623430.250,33266,4,DC,2,100,EL
1738271620.324237,623456.000,33266,4,DC,2,100,2
1738271620.349238,623481.000,33283,4,DC,2,100,EA
1738271620.374239,623506.000,33283,4,DC,2,100,1
1738271620.399240,623531.000,33283,4,DC,2,100,EL
1738271620.424241,623556.000,33283,4,DC,2,100,1
1738271620.449492,623581.250,33298,4,DC,2,100,EA
1738271620.474743,623606.500,33298,4,DC,2,100,2
1738271620.499994,623631.750,33298,4,DC,2,100,EL
1738271620.525245,623657.000,33298,4,DC,2,100,2
1738271620.551496,623683.250,33316,4,DC,2,100,EA
1738271620.577747,623709.500,33316,4,DC,2,100,1
1738271620.603998,623735.750,33316,4,DC,2,100,EL
1738271620.630249,623762.000,33316,4,DC,2,100,1
1738271620.654500,623786.250,33332,4,DC,2,100,EA
1738271620.678751,623810.500,33332,4,DC,2,100,2
1738271620.703001,623834.750,33332,4,DC,2,100,EL
1738271620.727252,623859.000,33332,4,DC,2,100,2
1738271620.753003,623884.750,33349,4,DC,2,100,EA
1738271620.778754,623910.500,33349,4,DC,2,100,1
1738271620.804505,623936.250,33349,4,DC,2,100,EL
1738271620.830256,623962.000,33349,4,DC,2,100,1
1738271620.855507,623987.250,33365,4,DC,2,100,EA
1738271620.880758,624012.500,33365,4,DC,2,100,2
1738271620.906009,624037.750,33365,4,DC,2,100,EL
1738271620.931260,624063.000,33365,4,DC,2,100,2
1738271620.956261,624088.000,33382,4,DC,2,100,EA
1738271620.981262,624113.000,33382,4,DC,2,100,1
1738271621.006263,624138.000,33382,4,DC,2,100,EL
1738271621.031264,624163.000,33382,4,DC,2,100,1
1738271621.056515,624188.250,33398,4,DC,2,100,EA
1738271621.081766,624213.500,33398,4,DC,2,100,2
1738271621.107017,624238.750,33398,4,DC,2,100,EL
1738271621.132268,624264.000,33398,4,DC,2,100,2
1738271621.157768,624289.500,33415,4,DC,2,100,EA
1738271621.183270,624315.000,33415,4,DC,2,100,1
1738271621.208771,624340.500,33415,4,DC,2,100,EL
1738271621.234272,624366.000,33415,4,DC,2,100,1
1738271621.260022,624391.750,33431,4,DC,2,100,EA
1738271621.285773,624417.500,33431,4,DC,2,100,2
1738271621.311524,624443.250,33431,4,DC,2,100,EL
1738271621.337275,624469.000,33431,4,DC,2,100,2
1738271621.362276,624494.000,33448,4,DC,2,100,EA
1738271621.387277,624519.000,33448,4,DC,2,100,1
1738271621.412278,624544.000,33448,4,DC,2,100,EL
1738271621.437279,624569.000,33448,4,DC,2,100,1
1738271621.462530,624594.250,33464,4,DC,2,100,EA
1738271621.487781,624619.500,33464,4,DC,2,100,2
1738271621.513032,624644.750,33464,4,DC,2,100,EL
1738271621.538283,624670.000,33464,4,DC,2,100,2
1738271621.564784,624696.500,33484,4,DC,2,100,EA
1738271621.591285,624723.000,33484,4,DC,2,100,1
1738271621.617786,624749.500,33484,4,DC,2,100,EL
1738271621.644287,624776.000,33484,4,DC,2,100,1
1738271621.668288,624800.000,33501,4,DC,2,100,EA
1738271621.692289,624824.000,33501,4,DC,2,100,2
1738271621.716290,624848.000,33501,4,DC,2,100,EL
1738271621.740290,624872.000,33501,4,DC,2,100,2
1738271621.766042,624897.750,33518,4,DC,2,100,EA
1738271621.791792,624923.500,33518,4,DC,2,100,1
1738271621.817544,624949.250,33518,4,DC,2,100,EL
1738271621.843294,624975.000,33518,4,DC,2,100,1
1738271621.868795,625000.500,33535,4,DC,2,100,EA
1738271621.894296,625026.000,33535,4,DC,2,100,2
1738271621.919797,625051.500,33535,4,DC,2,100,EL
1738271621.945298,625077.000,33535,4,DC,2,100,2
1738271621.994800,625126.500,33555,4,DC,2,100,EA
1738271622.044302,625176.000,33555,4,DC,2,100,3
1738271622.093804,625225.500,33555,4,DC,2,100,EL
1738271622.143306,625275.000,33555,4,DC,2,100,3
1738271622.168557,625300.250,33572,4,DC,2,100,EA
1738271622.193808,625325.500,33572,4,DC,2,100,1
1738271622.219059,625350.750,33572,4,DC,2,100,EL
1738271622.244309,625376.000,33572,4,DC,2,100,1
1738271622.270310,625402.000,33589,4,DC,2,100,EA
1738271622.296311,625428.000,33589,4,DC,2,100,2
1738271622.322312,625454.000,33589,4,DC,2,100,EL
1738271622.348313,625480.000,33589,4,DC,2,100,2
1738271622.373314,625505.000,33606,4,DC,2,100,EA
1738271622.398315,625530.000,33606,4,DC,2,100,1
1738271622.423316,625555.000,33606,4,DC,2,100,EL
1738271622.448317,625580.000,33606,4,DC,2,100,1
1738271622.473818,625605.500,33622,4,DC,2,100,EA
1738271622.499319,625631.000,33622,4,DC,2,100,2
1738271622.524820,625656.500,33622,4,DC,2,100,EL
1738271622.550321,625682.000,33622,4,DC,2,100,2
1738271622.575572,625707.250,33639,4,DC,2,100,EA
1738271622.600823,625732.500,33639,4,DC,2,100,1
1738271622.626074,625757.750,33639,4,DC,2,100,EL
1738271622.651325,625783.000,33639,4,DC,2,100,1
1738271622.676326,625808.000,33655,4,DC,2,100,EA
1738271622.701327,625833.000,33655,4,DC,2,100,2
1738271622.726328,625858.000,33655,4,DC,2,100,EL
1738271622.751328,625883.000,33655,4,DC,2,100,2
1738271622.776580,625908.250,33672,4,DC,2,100,EA
1738271622.801831,625933.500,33672,4,DC,2,100,1
1738271622.827081,625958.750,33672,4,DC,2,100,EL
1738271622.852332,625984.000,33672,4,DC,2,100,1
1738271622.877833,626009.500,33689,4,DC,2,100,EA
1738271622.903334,626035.000,33689,4,DC,2,100,2
1738271622.928835,626060.500,33689,4,DC,2,100,EL
1738271622.954336,626086.000,33689,4,DC,2,100,2
1738271622.979837,626111.500,33705,4,DC,2,100,EA
1738271623.005338,626137.000,33705,4,DC,2,100,2
1738271623.030839,626162.500,33705,4,DC,2,100,EL
1738271623.056340,626188.000,33705,4,DC,2,100,2
1738271623.081591,626213.250,33721,4,DC,2,100,EA
1738271623.106842,626238.500,33721,4,DC,2,100,1
1738271623.132093,626263.750,33721,4,DC,2,100,EL
1738271623.157344,626289.000,33721,4,DC,2,100,1
1738271623.182845,626314.500,33739,4,DC,2,100,EA
1738271623.208346,626340.000,33739,4,DC,2,100,2
1738271623.233847,626365.500,33739,4,DC,2,100,EL
1738271623.259348,626391.000,33739,4,DC,2,100,2
1738271623.285349,626417.000,33755,4,DC,2,100,EA
1738271623.311350,626443.000,33755,4,DC,2,100,1
1738271623.337351,626469.000,33755,4,DC,2,100,EL
1738271623.363352,626495.000,33755,4,DC,2,100,1
1738271623.387603,626519.250,33771,4,DC,2,100,EA
1738271623.411853,626543.500,33771,4,DC,2,100,2
1738271623.436104,626567.750,33771,4,DC,2,100,EL
1738271623.460355,626592.000,33771,4,DC,2,100,2
1738271623.486356,626618.000,33787,4,DC,2,100,EA
1738271623.512357,626644.000,33787,4,DC,2,100,1
1738271623.538358,626670.000,33787,4,DC,2,100,EL
1738271623.564359,626696.000,33787,4,DC,2,100,1
1738271623.589610,626721.250,33805,4,DC,2,100,EA
1738271623.614861,626746.500,33805,4,DC,2,100,2
1738271623.640112,626771.750,33805,4,DC,2,100,EL
1738271623.665363,626797.000,33805,4,DC,2,100,2
1738271623.690364,626822.000,33821,4,DC,2,100,EA
1738271623.715365,626847.000,33821,4,DC,2,100,1
1738271623.740366,626872.000,33821,4,DC,2,100,EL
1738271623.765367,626897.000,33821,4,DC,2,100,1
1738271623.791368,626923.000,33837,4,DC,2,100,EA
1738271623.817369,626949.000,33837,4,DC,2,100,2
1738271623.843370,626975.000,33837,4,DC,2,100,EL
1738271623.869371,627001.000,33837,4,DC,2,100,2
1738271623.894622,627026.250,33854,4,DC,2,100,EA
1738271623.919873,627051.500,33854,4,DC,2,100,1
1738271623.945123,627076.750,33854,4,DC,2,100,EL
1738271623.970374,627102.000,33854,4,DC,2,100,1
1738271623.995375,627127.000,33871,4,DC,2,100,EA
1738271624.020376,627152.000,33871,4,DC,2,100,2
1738271624.045377,627177.000,33871,4,DC,2,100,EL
1738271624.070378,627202.000,33871,4,DC,2,100,2
1738271624.097129,627228.750,33887,4,DC,2,100,EA
1738271624.123880,627255.500,33887,4,DC,2,100,1
1738271624.150631,627282.250,33887,4,DC,2,100,EL
1738271624.177382,627309.000,33887,4,DC,2,100,1
1738271624.202633,627334.250,33904,4,DC,2,100,EA
1738271624.227884,627359.500,33904,4,DC,2,100,2
1738271624.253135,627384.750,33904,4,DC,2,100,EL
1738271624.278386,627410.000,33904,4,DC,2,100,2
1738271624.303387,627435.000,33920,4,DC,2,100,EA
1738271624.328388,627460.000,33920,4,DC,2,100,1
1738271624.353389,627485.000,33920,4,DC,2,100,EL
1738271624.378390,627510.000,33920,4,DC,2,100,1
1738271624.404641,627536.250,33937,4,DC,2,100,EA
1738271624.430892,627562.500,33937,4,DC,2,100,2
1738271624.457143,627588.750,33937,4,DC,2,100,EL
1738271624.483394,627615.000,33937,4,DC,2,100,2
1738271624.508395,627640.000,33953,4,DC,2,100,EA
1738271624.533396,627665.000,33953,4,DC,2,100,1
1738271624.558397,627690.000,33953,4,DC,2,100,EL
1738271624.583398,627715.000,33953,4,DC,2,100,1
1738271624.608649,627740.250,33971,4,DC,2,100,EA
1738271624.633899,627765.500,33971,4,DC,2,100,2
1738271624.659150,627790.750,33971,4,DC,2,100,EL
1738271624.684401,627816.000,33971,4,DC,2,100,2
1738271624.710652,627842.250,33988,4,DC,2,100,EA
1738271624.736903,627868.500,33988,4,DC,2,100,1
1738271624.763154,627894.750,33988,4,DC,2,100,EL
1738271624.789405,627921.000,33988,4,DC,2,100,1
1738271624.813906,627945.500,34005,4,DC,2,100,EA
1738271624.838407,627970.000,34005,4,DC,2,100,2
1738271624.862908,627994.500,34005,4,DC,2,100,EL
1738271624.887409,628019.000,34005,4,DC,2,100,2
1738271624.913160,628044.750,34022,4,DC,2,100,EA
1738271624.938911,628070.500,34022,4,DC,2,100,2
1738271624.964662,628096.250,34022,4,DC,2,100,EL
1738271624.990413,628122.000,34022,4,DC,2,100,2
1738271625.015414,628147.000,34039,4,DC,2,100,EA
1738271625.040415,628172.000,34039,4,DC,2,100,1
1738271625.065416,628197.000,34039,4,DC,2,100,EL
1738271625.090417,628222.000,34039,4,DC,2,100,1
1738271625.115668,628247.250,34054,4,DC,2,100,EA
1738271625.140918,628272.500,34054,4,DC,2,100,2
1738271625.166169,628297.750,34054,4,DC,2,100,EL
1738271625.191420,628323.000,34054,4,DC,2,100,2
1738271625.217921,628349.500,34072,4,DC,2,100,EA
1738271625.244422,628376.000,34072,4,DC,2,100,1
1738271625.270923,628402.500,34072,4,DC,2,100,EL
1738271625.297424,628429.000,34072,4,DC,2,100,1
1738271625.321425,628453.000,34088,4,DC,2,100,EA
1738271625.345426,628477.000,34088,4,DC,2,100,2
1738271625.369427,628501.000,34088,4,DC,2,100,EL
1738271625.393428,628525.000,34088,4,DC,2,100,2
1738271625.419179,628550.750,34105,4,DC,2,100,EA
1738271625.444930,628576.500,34105,4,DC,2,100,1
1738271625.470681,628602.250,34105,4,DC,2,100,EL
1738271625.496432,628628.000,34105,4,DC,2,100,1
1738271625.521433,628653.000,34121,4,DC,2,100,EA
1738271625.546434,628678.000,34121,4,DC,2,100,2
1738271625.571435,628703.000,34121,4,DC,2,100,EL
1738271625.596436,628728.000,34121,4,DC,2,100,2
1738271625.621687,628753.250,34138,4,DC,2,100,EA
1738271625.646938,628778.500,34138,4,DC,2,100,1
1738271625.672189,628803.750,34138,4,DC,2,100,EL
1738271625.697439,628829.000,34138,4,DC,2,100,1
1738271625.722690,628854.250,34154,4,DC,2,100,EA
1738271625.747941,628879.500,34154,4,DC,2,100,2
1738271625.773192,628904.750,34154,4,DC,2,100,EL
1738271625.798443,628930.000,34154,4,DC,2,100,2
1738271625.823944,628955.500,34171,4,DC,2,100,EA
1738271625.849445,628981.000,34171,4,DC,2,100,1
1738271625.874946,629006.500,34171,4,DC,2,100,EL
1738271625.900447,629032.000,34171,4,DC,2,100,1
1738271625.926198,629057.750,34187,4,DC,2,100,EA
1738271625.951949,629083.500,34187,4,DC,2,100,2
1738271625.977700,629109.250,34187,4,DC,2,100,EL
1738271626.003451,629135.000,34187,4,DC,2,100,2
1738271626.028452,629160.000,34204,4,DC,2,100,EA
1738271626.053453,629185.000,34204,4,DC,2,100,1
1738271626.078454,629210.000,34204,4,DC,2,100,EL
1738271626.103455,629235.000,34204,4,DC,2,100,1
1738271626.128706,629260.250,34220,4,DC,2,100,EA
1738271626.153957,629285.500,34220,4,DC,2,100,2
1738271626.179208,629310.750,34220,4,DC,2,100,EL
1738271626.204458,629336.000,34220,4,DC,2,100,2
1738271626.230960,629362.500,34238,4,DC,2,100,EA
1738271626.257461,629389.000,34238,4,DC,2,100,1
1738271626.283962,629415.500,34238,4,DC,2,100,EL
1738271626.310462,629442.000,34238,4,DC,2,100,1
1738271626.334463,629466.000,34253,4,DC,2,100,EA
1738271626.358464,629490.000,34253,4,DC,2,100,2
1738271626.382465,629514.000,34253,4,DC,2,100,EL
1738271626.406466,629538.000,34253,4,DC,2,100,2
1738271626.432467,629564.000,34270,4,DC,2,100,EA
1738271626.458468,629590.000,34270,4,DC,2,100,1
1738271626.484469,629616.000,34270,4,DC,2,100,EL
1738271626.510470,629642.000,34270,4,DC,2,100,1
1738271626.535471,629667.000,34287,4,DC,2,100,EA
1738271626.560472,629692.000,34287,4,DC,2,100,2
1738271626.585473,629717.000,34287,4,DC,2,100,EL
1738271626.610474,629742.000,34287,4,DC,2,100,2
1738271626.635725,629767.250,34306,4,DC,2,100,EA
1738271626.660976,629792.500,34306,4,DC,2,100,1
1738271626.686227,629817.750,34306,4,DC,2,100,EL
1738271626.711478,629843.000,34306,4,DC,2,100,1
1738271626.737479,629869.000,34321,4,DC,2,100,EA
1738271626.763480,629895.000,34321,4,DC,2,100,2
1738271626.789481,629921.000,34321,4,DC,2,100,EL
1738271626.815482,629947.000,34321,4,DC,2,100,2
1738271626.840482,629972.000,34338,4,DC,2,100,EA
1738271626.865484,629997.000,34338,4,DC,2,100,1
1738271626.890484,630022.000,34338,4,DC,2,100,EL
1738271626.915485,630047.000,34338,4,DC,2,100,1
1738271626.940986,630072.500,34355,4,DC,2,100,EA
1738271626.966487,630098.000,34355,4,DC,2,100,2
1738271626.991988,630123.500,34355,4,DC,2,100,EL
1738271627.017489,630149.000,34355,4,DC,2,100,2
1738271627.042490,630174.000,34372,4,DC,2,100,EA
1738271627.067491,630199.000,34372,4,DC,2,100,1
1738271627.092492,630224.000,34372,4,DC,2,100,EL
1738271627.117493,630249.000,34372,4,DC,2,100,1
1738271627.153494,630285.000,34399,4,DC,2,100,EA
1738271627.189496,630321.000,34399,4,DC,2,100,3
1738271627.225497,630357.000,34399,4,DC,2,100,EL
1738271627.261498,630393.000,34399,4,DC,2,100,3
1738271627.286999,630418.500,34415,4,DC,2,100,EA
1738271627.312500,630444.000,34415,4,DC,2,100,1
1738271627.338001,630469.500,34415,4,DC,2,100,EL
1738271627.363502,630495.000,34415,4,DC,2,100,1
1738271627.388503,630520.000,34431,4,DC,2,100,EA
1738271627.413504,630545.000,34431,4,DC,2,100,2
1738271627.438505,630570.000,34431,4,DC,2,100,EL
1738271627.463506,630595.000,34431,4,DC,2,100,2
1738271627.488757,630620.250,34447,4,DC,2,100,EA
1738271627.514008,630645.500,34447,4,DC,2,100,1
1738271627.539259,630670.750,34447,4,DC,2,100,EL
1738271627.564510,630696.000,34447,4,DC,2,100,1
1738271627.590761,630722.250,34465,4,DC,2,100,EA
1738271627.617012,630748.500,34465,4,DC,2,100,2
1738271627.643263,630774.750,34465,4,DC,2,100,EL
1738271627.669514,630801.000,34465,4,DC,2,100,2
1738271627.694015,630825.500,34481,4,DC,2,100,EA
1738271627.718516,630850.000,34481,4,DC,2,100,1
1738271627.743016,630874.500,34481,4,DC,2,100,EL
1738271627.767517,630899.000,34481,4,DC,2,100,1
1738271627.793018,630924.500,34497,4,DC,2,100,EA
1738271627.818519,630950.000,34497,4,DC,2,100,2
1738271627.844020,630975.500,34497,4,DC,2,100,EL
1738271627.869521,631001.000,34497,4,DC,2,100,2
1738271627.895022,631026.500,34514,4,DC,2,100,EA
1738271627.920523,631052.000,34514,4,DC,2,100,1
1738271627.946024,631077.500,34514,4,DC,2,100,EL
1738271627.971525,631103.000,34514,4,DC,2,100,1
1738271627.996776,631128.250,34533,4,DC,2,100,EA
1738271628.022027,631153.500,34533,4,DC,2,100,2
1738271628.047278,631178.750,34533,4,DC,2,100,EL
1738271628.072529,631204.000,34533,4,DC,2,100,2
1738271628.098530,631230.000,34549,4,DC,2,100,EA
1738271628.124531,631256.000,34549,4,DC,2,100,1
1738271628.150532,631282.000,34549,4,DC,2,100,EL
1738271628.176533,631308.000,34549,4,DC,2,100,1
1738271628.201034,631332.500,34566,4,DC,2,100,EA
1738271628.225535,631357.000,34566,4,DC,2,100,2
1738271628.250036,631381.500,34566,4,DC,2,100,EL
1738271628.274536,631406.000,34566,4,DC,2,100,2
1738271628.300037,631431.500,34582,4,DC,2,100,EA
1738271628.325538,631457.000,34582,4,DC,2,100,1
1738271628.351039,631482.500,34582,4,DC,2,100,EL
1738271628.376540,631508.000,34582,4,DC,2,100,1
1738271628.401541,631533.000,34599,4,DC,2,100,EA
1738271628.426542,631558.000,34599,4,DC,2,100,2
1738271628.451543,631583.000,34599,4,DC,2,100,EL
1738271628.476544,631608.000,34599,4,DC,2,100,2
1738271628.501795,631633.250,34615,4,DC,2,100,EA
1738271628.527046,631658.500,34615,4,DC,2,100,1
1738271628.552297,631683.750,34615,4,DC,2,100,EL
1738271628.577548,631709.000,34615,4,DC,2,100,1
1738271628.603799,631735.250,34632,4,DC,2,100,EA
1738271628.630050,631761.500,34632,4,DC,2,100,2
1738271628.656301,631787.750,34632,4,DC,2,100,EL
1738271628.682552,631814.000,34632,4,DC,2,100,2
1738271628.706803,631838.250,34648,4,DC,2,100,EA
1738271628.731054,631862.500,34648,4,DC,2,100,1
1738271628.755305,631886.750,34648,4,DC,2,100,EL
1738271628.779556,631911.000,34648,4,DC,2,100,1
1738271628.805306,631936.750,34665,4,DC,2,100,EA
1738271628.831057,631962.500,34665,4,DC,2,100,1
1738271628.856808,631988.250,34665,4,DC,2,100,EL
1738271628.882559,632014.000,34665,4,DC,2,100,1
1738271628.907560,632039.000,34682,4,DC,2,100,EA
1738271628.932561,632064.000,34682,4,DC,2,100,1
1738271628.957562,632089.000,34682,4,DC,2,100,EL
1738271628.982563,632114.000,34682,4,DC,2,100,1
1738271629.007814,632139.250,34699,4,DC,2,100,EA
1738271629.033065,632164.500,34699,4,DC,2,100,2
1738271629.058316,632189.750,34699,4,DC,2,100,EL
1738271629.083567,632215.000,34699,4,DC,2,100,2
1738271629.108818,632240.250,34714,4,DC,2,100,EA
1738271629.134069,632265.500,34714,4,DC,2,100,1
1738271629.159320,632290.750,34714,4,DC,2,100,EL
1738271629.184571,632316.000,34714,4,DC,2,100,1
1738271629.210072,632341.500,34732,4,DC,2,100,EA
1738271629.235573,632367.000,34732,4,DC,2,100,2
1738271629.261074,632392.500,34732,4,DC,2,100,EL
1738271629.286575,632418.000,34732,4,DC,2,100,2
1738271629.312576,632444.000,34748,4,DC,2,100,EA
1738271629.338577,632470.000,34748,4,DC,2,100,2
1738271629.364578,632496.000,34748,4,DC,2,100,EL
1738271629.390579,632522.000,34748,4,DC,2,100,2
1738271629.415829,632547.250,34765,4,DC,2,100,EA
1738271629.441080,632572.500,34765,4,DC,2,100,1
1738271629.466331,632597.750,34765,4,DC,2,100,EL
1738271629.491582,632623.000,34765,4,DC,2,100,1
1738271629.517083,632648.500,34781,4,DC,2,100,EA
1738271629.542584,632674.000,34781,4,DC,2,100,2
1738271629.568085,632699.500,34781,4,DC,2,100,EL
1738271629.593586,632725.000,34781,4,DC,2,100,2
1738271629.619087,632750.500,34798,4,DC,2,100,EA
1738271629.644588,632776.000,34798,4,DC,2,100,1
1738271629.670089,632801.500,34798,4,DC,2,100,EL
1738271629.695590,632827.000,34798,4,DC,2,100,1
1738271629.720841,632852.250,34816,4,DC,2,100,EA
1738271629.746092,632877.500,34816,4,DC,2,100,2
1738271629.771343,632902.750,34816,4,DC,2,100,EL
1738271629.796594,632928.000,34816,4,DC,2,100,2
1738271629.821595,632953.000,34833,4,DC,2,100,EA
1738271629.846596,632978.000,34833,4,DC,2,100,1
1738271629.871597,633003.000,34833,4,DC,2,100,EL
1738271629.896598,633028.000,34833,4,DC,2,100,1
1738271629.922098,633053.500,34849,4,DC,2,100,EA
1738271629.947599,633079.000,34849,4,DC,2,100,2
1738271629.973100,633104.500,34849,4,DC,2,100,EL
1738271629.998601,633130.000,34849,4,DC,2,100,2
1738271630.023602,633155.000,34866,4,DC,2,100,EA
1738271630.048603,633180.000,34866,4,DC,2,100,1
1738271630.073604,633205.000,34866,4,DC,2,100,EL
1738271630.098605,633230.000,34866,4,DC,2,100,1
1738271630.124606,633256.000,34882,4,DC,2,100,EA
1738271630.150607,633282.000,34882,4,DC,2,100,2
1738271630.176608,633308.000,34882,4,DC,2,100,EL
1738271630.202609,633334.000,34882,4,DC,2,100,2
1738271630.227860,633359.250,34900,4,DC,2,100,EA
1738271630.253111,633384.500,34900,4,DC,2,100,1
1738271630.278362,633409.750,34900,4,DC,2,100,EL
1738271630.303613,633435.000,34900,4,DC,2,100,1
1738271630.328864,633460.250,34915,4,DC,2,100,EA
1738271630.354115,633485.500,34915,4,DC,2,100,2
1738271630.379366,633510.750,34915,4,DC,2,100,EL
1738271630.404617,633536.000,34915,4,DC,2,100,2
1738271630.430868,633562.250,34932,4,DC,2,100,EA
1738271630.457119,633588.500,34932,4,DC,2,100,1
1738271630.483370,633614.750,34932,4,DC,2,100,EL
1738271630.509621,633641.000,34932,4,DC,2,100,1
1738271630.535122,633666.500,34951,4,DC,2,100,EA
1738271630.560622,633692.000,34951,4,DC,2,100,2
1738271630.586123,633717.500,34951,4,DC,2,100,EL
1738271630.611624,633743.000,34951,4,DC,2,100,2
1738271630.636625,633768.000,34968,4,DC,2,100,EA
1738271630.661626,633793.000,34968,4,DC,2,100,1
1738271630.686627,633818.000,34968,4,DC,2,100,EL
1738271630.711628,633843.000,34968,4,DC,2,100,1
1738271630.737879,633869.250,34983,4,DC,2,100,EA
1738271630.764130,633895.500,34983,4,DC,2,100,2
1738271630.790381,633921.750,34983,4,DC,2,100,EL
1738271630.816632,633948.000,34983,4,DC,2,100,2
1738271630.841633,633973.000,35000,4,DC,2,100,EA
1738271630.866634,633998.000,35000,4,DC,2,100,1
1738271630.891635,634023.000,35000,4,DC,2,100,EL
1738271630.916636,634048.000,35000,4,DC,2,100,1
1738271630.942137,634073.500,35017,4,DC,2,100,EA
1738271630.967638,634099.000,35017,4,DC,2,100,2
1738271630.993139,634124.500,35017,4,DC,2,100,EL
1738271631.018640,634150.000,35017,4,DC,2,100,2
1738271631.044641,634176.000,35034,4,DC,2,100,EA
1738271631.070642,634202.000,35034,4,DC,2,100,1
1738271631.096643,634228.000,35034,4,DC,2,100,EL
1738271631.122644,634254.000,35034,4,DC,2,100,1
1738271631.147145,634278.500,35050,4,DC,2,100,EA
1738271631.171646,634303.000,35050,4,DC,2,100,2
1738271631.196146,634327.500,35050,4,DC,2,100,EL
1738271631.220647,634352.000,35050,4,DC,2,100,2
1738271631.246398,634377.750,35067,4,DC,2,100,EA
1738271631.272149,634403.500,35067,4,DC,2,100,2
1738271631.297900,634429.250,35067,4,DC,2,100,EL
1738271631.323651,634455.000,35067,4,DC,2,100,2
1738271631.348902,634480.250,35083,4,DC,2,100,EA
1738271631.374153,634505.500,35083,4,DC,2,100,1
1738271631.399404,634530.750,35083,4,DC,2,100,EL
1738271631.424655,634556.000,35083,4,DC,2,100,1
