LocalTimestamp,EmotiBitTimestamp,PacketNumber,DataLength,TypeTag,ProtocolVersion,DataReliability,SF
1738257277.131038,1780330.000,3214,1,SF,1,100,0.0000
1738257277.465051,1780664.000,3260,1,SF,1,100,0.0000
1738257277.731061,1780930.000,3308,1,SF,1,100,0.0000
1738257278.065073,1781264.000,3354,1,SF,1,100,0.0000
1738257278.464087,1781663.000,3416,1,SF,1,100,0.0000
1738257278.798100,1781997.000,3465,1,SF,1,100,0.0000
1738257279.064110,1782263.000,3512,1,SF,1,100,0.0000
1738257279.398122,1782597.000,3559,1,SF,1,100,0.0000
1738257279.731134,1782930.000,3610,1,SF,1,100,0.0000
1738257280.131149,1783330.000,3672,1,SF,1,100,0.0000
1738257280.398159,1783597.000,3720,1,SF,1,100,0.0000
1738257280.731171,1783930.000,3766,1,SF,1,100,0.0000
1738257281.131186,1784330.000,3828,1,SF,1,100,0.0000
1738257281.398196,1784597.000,3875,1,SF,1,100,0.0000
1738257281.731208,1784930.000,3922,1,SF,1,100,0.0000
1738257282.064220,1785263.000,3969,1,SF,1,100,0.0000
1738257282.464235,1785663.000,4031,1,SF,1,100,0.0000
1738257282.731245,1785930.000,4077,1,SF,1,100,0.0000
1738257283.064257,1786263.000,4124,1,SF,1,100,0.0000
1738257283.464272,1786663.000,4186,1,SF,1,100,0.0000
1738257283.731282,1786930.000,4233,1,SF,1,100,0.0000
1738257284.064294,1787263.000,4282,1,SF,1,100,0.0000
1738257284.397306,1787596.000,4328,1,SF,1,100,0.0000
1738257284.797321,1787996.000,4390,1,SF,1,100,0.0000
1738257285.130333,1788329.000,4441,1,SF,1,100,0.0000
1738257285.397343,1788596.000,4487,1,SF,1,100,0.0000
1738257285.730355,1788929.000,4535,1,SF,1,100,0.0000
1738257286.064368,1789263.000,4581,1,SF,1,100,0.0000
1738257286.464382,1789663.000,4643,1,SF,1,100,0.0000
1738257286.730392,1789929.000,4690,1,SF,1,100,0.0000
1738257287.064404,1790263.000,4737,1,SF,1,100,0.0000
1738257287.464419,1790663.000,4799,1,SF,1,100,0.0000
1738257287.797431,1790996.000,4846,1,SF,1,100,0.0000
1738257288.064441,1791263.000,4892,1,SF,1,100,0.0000
1738257288.397453,1791596.000,4939,1,SF,1,100,0.0000
1738257288.797468,1791996.000,5005,1,SF,1,100,0.0000
1738257289.064478,1792263.000,5052,1,SF,1,100,0.0000
1738257289.397490,1792596.000,5099,1,SF,1,100,0.0000
1738257289.730502,1792929.000,5145,1,SF,1,100,0.0000
1738257290.063515,1793262.000,5200,1,SF,1,100,0.0000
1738257290.463529,1793662.000,5262,1,SF,1,100,0.0000
1738257290.730539,1793929.000,5308,1,SF,1,100,0.0000
1738257291.063551,1794262.000,5356,1,SF,1,100,0.0000
1738257291.397564,1794596.000,5402,1,SF,1,100,0.0000
1738257291.796578,1794995.000,5464,1,SF,1,100,0.0000
1738257292.063588,1795262.000,5511,1,SF,1,100,0.0000
1738257292.396600,1795595.000,5557,1,SF,1,100,0.0000
1738257292.796615,1795995.000,5619,1,SF,1,100,0.0000
1738257293.063625,1796262.000,5667,1,SF,1,100,0.0000
1738257293.396637,1796595.000,5713,1,SF,1,100,0.0000
1738257293.730650,1796929.000,5760,1,SF,1,100,0.0000
1738257294.130664,1797329.000,5824,1,SF,1,100,0.0000
1738257294.396674,1797595.000,5871,1,SF,1,100,0.0000
1738257294.729686,1797928.000,5918,1,SF,1,100,0.0000
1738257295.130701,1798329.000,5987,1,SF,1,100,0.0000
1738257295.463714,1798662.000,6033,1,SF,1,100,0.0000
1738257295.730723,1798929.000,6081,1,SF,1,100,0.0000
1738257296.063736,1799262.000,6127,1,SF,1,100,0.0000
1738257296.463750,1799662.000,6189,1,SF,1,100,0.0000
1738257296.730760,1799929.000,6236,1,SF,1,100,0.0000
1738257297.063772,1800262.000,6283,1,SF,1,100,0.0000
1738257297.396785,1800595.000,6330,1,SF,1,100,0.0000
1738257297.796799,1800995.000,6392,1,SF,1,100,0.0000
1738257298.063809,1801262.000,6438,1,SF,1,100,0.0000
1738257298.396821,1801595.000,6485,1,SF,1,100,0.0000
1738257298.729834,1801928.000,6532,1,SF,1,100,0.0000
1738257299.129848,1802328.000,6596,1,SF,1,100,0.0000
1738257299.396858,1802595.000,6643,1,SF,1,100,0.0000
1738257299.729871,1802928.000,6689,1,SF,1,100,0.0000
1738257300.129885,1803328.000,6751,1,SF,1,100,0.0000
1738257300.396895,1803595.000,6786,1,SF,1,100,0.0000
1738257300.796910,1803995.000,6848,1,SF,1,100,0.0000
1738257301.062920,1804261.000,6898,1,SF,1,100,0.0000
1738257301.395932,1804594.000,6944,1,SF,1,100,0.0000
1738257301.729944,1804928.000,6991,1,SF,1,100,0.0000
1738257302.129959,1805328.000,7055,1,SF,1,100,0.0000
1738257302.396969,1805595.000,7102,1,SF,1,100,0.0000
1738257302.729981,1805928.000,7149,1,SF,1,100,0.0000
1738257303.129996,1806328.000,7213,1,SF,1,100,0.0000
1738257303.396006,1806594.000,7259,1,SF,1,100,0.0000
1738257303.730018,1806928.000,7307,1,SF,1,100,0.0000
1738257304.063030,1807261.000,7355,1,SF,1,100,0.0000
1738257304.463045,1807661.000,7419,1,SF,1,100,0.0000
1738257304.730055,1807928.000,7466,1,SF,1,100,0.0000
1738257305.063067,1808261.000,7512,1,SF,1,100,0.0000
1738257305.396079,1808594.000,7565,1,SF,1,100,0.0000
1738257305.729091,1808927.000,7611,1,SF,1,100,0.0000
1738257306.129106,1809327.000,7675,1,SF,1,100,0.0000
1738257306.396116,1809594.000,7723,1,SF,1,100,0.0000
1738257306.729128,1809927.000,7769,1,SF,1,100,0.0000
1738257307.129143,1810327.000,7833,1,SF,1,100,0.0000
1738257307.463155,1810661.000,7880,1,SF,1,100,0.0000
1738257307.729165,1810927.000,7927,1,SF,1,100,0.0000
1738257308.063177,1811261.000,7974,1,SF,1,100,0.0000
1738257308.463192,1811661.000,8036,1,SF,1,100,0.0000
1738257308.729202,1811927.000,8084,1,SF,1,100,0.0000
1738257309.062214,1812260.000,8134,1,SF,1,100,0.0000
1738257309.396227,1812594.000,8180,1,SF,1,100,0.0000
1738257309.796241,1812994.000,8242,1,SF,1,100,0.0000
1738257310.062251,1813260.000,8289,1,SF,1,100,0.0000
1738257310.396263,1813594.000,8337,1,SF,1,100,0.0000
1738257310.729276,1813927.000,8390,1,SF,1,100,0.0000
1738257311.062288,1814260.000,8436,1,SF,1,100,0.0000
1738257311.462303,1814660.000,8498,1,SF,1,100,0.0000
1738257311.729312,1814927.000,8546,1,SF,1,100,0.0000
1738257312.062325,1815260.000,8592,1,SF,1,100,0.0000
1738257312.395337,1815593.000,8639,1,SF,1,100,0.0000
1738257312.795352,1815993.000,8701,1,SF,1,100,0.0000
1738257313.062361,1816260.000,8748,1,SF,1,100,0.0000
1738257313.395374,1816593.000,8795,1,SF,1,100,0.0000
1738257313.795388,1816993.000,8859,1,SF,1,100,0.0000
1738257314.062398,1817260.000,8905,1,SF,1,100,0.0000
1738257314.395411,1817593.000,8953,1,SF,1,100,0.0000
1738257314.729423,1817927.000,8999,1,SF,1,100,0.0000
1738257315.129438,1818327.000,9061,1,SF,1,100,0.0000
1738257315.395447,1818593.000,9108,1,SF,1,100,0.0000
1738257315.795462,1818993.000,9160,1,SF,1,100,0.0000
1738257316.062472,1819260.000,9207,1,SF,1,100,0.0000
1738257316.395484,1819593.000,9253,1,SF,1,100,0.0000
1738257316.795499,1819993.000,9315,1,SF,1,100,0.0000
1738257317.062509,1820260.000,9363,1,SF,1,100,0.0000
1738257317.395521,1820593.000,9409,1,SF,1,100,0.0000
1738257317.795536,1820993.000,9471,1,SF,1,100,0.0000
1738257318.128548,1821326.000,9518,1,SF,1,100,0.0000
1738257318.395558,1821593.000,9565,1,SF,1,100,0.0000
1738257318.728570,1821926.000,9612,1,SF,1,100,0.0000
1738257319.128585,1822326.000,9676,1,SF,1,100,0.0000
1738257319.395595,1822593.000,9722,1,SF,1,100,0.0000
1738257319.728607,1822926.000,9770,1,SF,1,100,0.0000
1738257320.061619,1823259.000,9818,1,SF,1,100,0.0000
1738257320.461634,1823659.000,9880,1,SF,1,100,0.0000
1738257320.728644,1823926.000,9934,1,SF,1,100,0.0000
1738257321.061656,1824259.000,9980,1,SF,1,100,0.0000
1738257321.461671,1824659.000,10043,1,SF,1,100,0.0000
1738257321.795683,1824993.000,10090,1,SF,1,100,0.0000
1738257322.061693,1825259.000,10136,1,SF,1,100,0.0000
1738257322.394705,1825592.000,10183,1,SF,1,100,0.0000
1738257322.794720,1825992.000,10245,1,SF,1,100,0.0000
1738257323.061730,1826259.000,10292,1,SF,1,100,0.0000
1738257323.394742,1826592.000,10339,1,SF,1,100,0.0000
1738257323.728754,1826926.000,10385,1,SF,1,100,0.0000
1738257324.128769,1827326.000,10449,1,SF,1,100,0.0000
1738257324.394779,1827592.000,10499,1,SF,1,100,0.0000
1738257324.728791,1827926.000,10545,1,SF,1,100,0.0000
1738257325.127806,1828325.000,10609,1,SF,1,100,0.0000
1738257325.394816,1828592.000,10656,1,SF,1,100,0.0000
1738257325.727828,1828925.000,10703,1,SF,1,100,0.0000
1738257326.127843,1829325.000,10752,1,SF,1,100,0.0000
1738257326.394852,1829592.000,10800,1,SF,1,100,0.0000
1738257326.727865,1829925.000,10846,1,SF,1,100,0.0000
1738257327.127879,1830325.000,10908,1,SF,1,100,0.0000
1738257327.394889,1830592.000,10955,1,SF,1,100,0.0000
1738257327.727901,1830925.000,11001,1,SF,1,100,0.0000
1738257328.060914,1831258.000,11049,1,SF,1,100,0.0000
1738257328.461929,1831659.000,11111,1,SF,1,100,0.0000
1738257328.727938,1831925.000,11157,1,SF,1,100,0.0000
1738257329.060951,1832258.000,11206,1,SF,1,100,0.0000
1738257329.460965,1832658.000,11268,1,SF,1,100,0.0000
1738257329.727975,1832925.000,11315,1,SF,1,100,0.0000
1738257330.060987,1833258.000,11362,1,SF,1,100,0.0000
1738257330.395000,1833592.000,11408,1,SF,1,100,0.0000
1738257330.795014,1833992.000,11470,1,SF,1,100,0.0000
1738257331.061024,1834258.000,11525,1,SF,1,100,0.0000
1738257331.395036,1834592.000,11571,1,SF,1,100,0.0000
1738257331.794051,1834991.000,11633,1,SF,1,100,0.0000
1738257332.061061,1835258.000,11680,1,SF,1,100,0.0000
1738257332.394073,1835591.000,11729,1,SF,1,100,0.0000
1738257332.728086,1835925.000,11776,1,SF,1,100,0.0000
1738257333.128100,1836325.000,11838,1,SF,1,100,0.0000
1738257333.394110,1836591.000,11884,1,SF,1,100,0.0000
1738257333.728122,1836925.000,11931,1,SF,1,100,0.0000
1738257334.128137,1837325.000,11995,1,SF,1,100,0.0000
1738257334.394147,1837591.000,12042,1,SF,1,100,0.0000
1738257334.727159,1837924.000,12089,1,SF,1,100,0.0000
1738257335.061172,1838258.000,12135,1,SF,1,100,0.0000
1738257335.461186,1838658.000,12197,1,SF,1,100,0.0000
1738257335.727196,1838924.000,12245,1,SF,1,100,0.0000
1738257336.127211,1839324.000,12295,1,SF,1,100,0.0000
1738257336.461223,1839658.000,12342,1,SF,1,100,0.0000
1738257336.727233,1839924.000,12389,1,SF,1,100,0.0000
1738257337.061245,1840258.000,12435,1,SF,1,100,0.0000
1738257337.461260,1840658.000,12497,1,SF,1,100,0.0000
1738257337.727270,1840924.000,12545,1,SF,1,100,0.0000
1738257338.061282,1841258.000,12591,1,SF,1,100,0.0000
1738257338.461297,1841658.000,12653,1,SF,1,100,0.0000
1738257338.794309,1841991.000,12702,1,SF,1,100,0.0000
1738257339.060319,1842257.000,12749,1,SF,1,100,0.0000
1738257339.394331,1842591.000,12796,1,SF,1,100,0.0000
1738257339.794346,1842991.000,12858,1,SF,1,100,0.0000
1738257340.060356,1843257.000,12904,1,SF,1,100,0.0000
1738257340.394368,1843591.000,12952,1,SF,1,100,0.0000
1738257340.727380,1843924.000,12998,1,SF,1,100,0.0000
1738257341.127395,1844324.000,13062,1,SF,1,100,0.0000
1738257341.393405,1844590.000,13118,1,SF,1,100,0.0000
1738257341.727417,1844924.000,13164,1,SF,1,100,0.0000
1738257342.127432,1845324.000,13226,1,SF,1,100,0.0000
1738257342.394442,1845591.000,13274,1,SF,1,100,0.0000
1738257342.727454,1845924.000,13320,1,SF,1,100,0.0000
1738257343.060466,1846257.000,13367,1,SF,1,100,0.0000
1738257343.460481,1846657.000,13429,1,SF,1,100,0.0000
1738257343.727491,1846924.000,13478,1,SF,1,100,0.0000
1738257344.060503,1847257.000,13527,1,SF,1,100,0.0000
1738257344.460518,1847657.000,13591,1,SF,1,100,0.0000
1738257344.727527,1847924.000,13637,1,SF,1,100,0.0000
1738257345.060540,1848257.000,13685,1,SF,1,100,0.0000
1738257345.393552,1848590.000,13731,1,SF,1,100,0.0000
1738257345.793567,1848990.000,13795,1,SF,1,100,0.0000
1738257346.060577,1849257.000,13842,1,SF,1,100,0.0000
1738257346.393589,1849590.000,13893,1,SF,1,100,0.0000
1738257346.793604,1849990.000,13955,1,SF,1,100,0.0000
1738257347.060613,1850257.000,14003,1,SF,1,100,0.0000
1738257347.393626,1850590.000,14049,1,SF,1,100,0.0000
1738257347.726638,1850923.000,14096,1,SF,1,100,0.0000
1738257348.126653,1851323.000,14158,1,SF,1,100,0.0000
1738257348.393662,1851590.000,14205,1,SF,1,100,0.0000
1738257348.726675,1851923.000,14252,1,SF,1,100,0.0000
1738257349.126689,1852323.000,14316,1,SF,1,100,0.0000
1738257349.393699,1852590.000,14364,1,SF,1,100,0.0000
1738257349.726712,1852923.000,14412,1,SF,1,100,0.0000
1738257350.059724,1853256.000,14458,1,SF,1,100,0.0000
1738257350.459738,1853656.000,14520,1,SF,1,100,0.0000
1738257350.726748,1853923.000,14567,1,SF,1,100,0.0000
1738257351.059761,1854256.000,14615,1,SF,1,100,0.0000
1738257351.526778,1854723.000,14681,1,SF,1,100,0.0000
1738257351.726785,1854923.000,14712,1,SF,1,100,0.0000
1738257352.126800,1855323.000,14774,1,SF,1,100,0.0000
1738257352.392810,1855589.000,14821,1,SF,1,100,0.0000
1738257352.726822,1855923.000,14868,1,SF,1,100,0.0000
1738257353.126837,1856323.000,14932,1,SF,1,100,0.0000
1738257353.459849,1856656.000,14978,1,SF,1,100,0.0000
1738257353.726859,1856923.000,15026,1,SF,1,100,0.0000
1738257354.059871,1857256.000,15074,1,SF,1,100,0.0000
1738257354.459886,1857656.000,15136,1,SF,1,100,0.0000
1738257354.726896,1857923.000,15183,1,SF,1,100,0.0000
1738257355.059908,1858256.000,15230,1,SF,1,100,0.0000
1738257355.392920,1858589.000,15277,1,SF,1,100,0.0000
1738257355.792935,1858989.000,15339,1,SF,1,100,0.0000
1738257356.059945,1859256.000,15385,1,SF,1,100,0.0000
1738257356.392957,1859589.000,15433,1,SF,1,100,0.0000
1738257356.725969,1859922.000,15469,1,SF,1,100,0.0000
1738257357.125984,1860322.000,15533,1,SF,1,100,0.0000
1738257357.392994,1860589.000,15580,1,SF,1,100,0.0000
1738257357.726006,1860922.000,15627,1,SF,1,100,0.0000
1738257358.060018,1861256.000,15674,1,SF,1,100,0.0000
1738257358.459033,1861655.000,15736,1,SF,1,100,0.0000
1738257358.726043,1861922.000,15784,1,SF,1,100,0.0000
1738257359.059055,1862255.000,15834,1,SF,1,100,0.0000
1738257359.459070,1862655.000,15896,1,SF,1,100,0.0000
1738257359.793082,1862989.000,15942,1,SF,1,100,0.0000
1738257360.059092,1863255.000,15989,1,SF,1,100,0.0000
1738257360.393104,1863589.000,16035,1,SF,1,100,0.0000
1738257360.793119,1863989.000,16097,1,SF,1,100,0.0000
1738257361.059129,1864255.000,16145,1,SF,1,100,0.0000
1738257361.393141,1864589.000,16191,1,SF,1,100,0.0000
1738257361.726153,1864922.000,16245,1,SF,1,100,0.0000
1738257362.126168,1865322.000,16307,1,SF,1,100,0.0000
1738257362.393178,1865589.000,16354,1,SF,1,100,0.0000
1738257362.726190,1865922.000,16401,1,SF,1,100,0.0000
1738257363.126205,1866322.000,16463,1,SF,1,100,0.0000
1738257363.392215,1866588.000,16509,1,SF,1,100,0.0000
1738257363.726227,1866922.000,16559,1,SF,1,100,0.0000
1738257364.059239,1867255.000,16607,1,SF,1,100,0.0000
1738257364.459254,1867655.000,16669,1,SF,1,100,0.0000
1738257364.726264,1867922.000,16718,1,SF,1,100,0.0000
1738257365.059276,1868255.000,16764,1,SF,1,100,0.0000
1738257365.459291,1868655.000,16826,1,SF,1,100,0.0000
1738257365.726301,1868922.000,16874,1,SF,1,100,0.0000
1738257366.059313,1869255.000,16920,1,SF,1,100,0.0000
1738257366.392325,1869588.000,16969,1,SF,1,100,0.0000
1738257366.792340,1869988.000,17036,1,SF,1,100,0.0000
1738257367.059350,1870255.000,17083,1,SF,1,100,0.0000
1738257367.392362,1870588.000,17130,1,SF,1,100,0.0000
1738257367.725374,1870921.000,17176,1,SF,1,100,0.0000
1738257368.125389,1871321.000,17240,1,SF,1,100,0.0000
1738257368.392399,1871588.000,17288,1,SF,1,100,0.0000
1738257368.725411,1871921.000,17334,1,SF,1,100,0.0000
1738257369.125426,1872321.000,17398,1,SF,1,100,0.0000
1738257369.392436,1872588.000,17445,1,SF,1,100,0.0000
1738257369.725448,1872921.000,17492,1,SF,1,100,0.0000
1738257370.125463,1873321.000,17554,1,SF,1,100,0.0000
1738257370.458475,1873654.000,17601,1,SF,1,100,0.0000
1738257370.725485,1873921.000,17647,1,SF,1,100,0.0000
1738257371.058497,1874254.000,17694,1,SF,1,100,0.0000
1738257371.458512,1874654.000,17756,1,SF,1,100,0.0000
1738257371.725522,1874921.000,17803,1,SF,1,100,0.0000
1738257372.058534,1875254.000,17855,1,SF,1,100,0.0000
1738257372.458549,1875654.000,17917,1,SF,1,100,0.0000
1738257372.791561,1875987.000,17963,1,SF,1,100,0.0000
1738257373.058571,1876254.000,18011,1,SF,1,100,0.0000
1738257373.391583,1876587.000,18057,1,SF,1,100,0.0000
1738257373.791598,1876987.000,18121,1,SF,1,100,0.0000
1738257374.058608,1877254.000,18168,1,SF,1,100,0.0000
1738257374.391620,1877587.000,18215,1,SF,1,100,0.0000
1738257374.724632,1877920.000,18262,1,SF,1,100,0.0000
1738257375.125647,1878321.000,18324,1,SF,1,100,0.0000
1738257375.391657,1878587.000,18370,1,SF,1,100,0.0000
1738257375.724669,1878920.000,18417,1,SF,1,100,0.0000
1738257376.124684,1879320.000,18480,1,SF,1,100,0.0000
1738257376.391693,1879587.000,18526,1,SF,1,100,0.0000
1738257376.724706,1879920.000,18573,1,SF,1,100,0.0000
1738257377.058718,1880254.000,18624,1,SF,1,100,0.0000
1738257377.458733,1880654.000,18686,1,SF,1,100,0.0000
1738257377.724742,1880920.000,18734,1,SF,1,100,0.0000
1738257378.058755,1881254.000,18780,1,SF,1,100,0.0000
1738257378.457769,1881653.000,18842,1,SF,1,100,0.0000
1738257378.724779,1881920.000,18891,1,SF,1,100,0.0000
1738257379.057791,1882253.000,18940,1,SF,1,100,0.0000
1738257379.391804,1882587.000,18987,1,SF,1,100,0.0000
1738257379.791819,1882987.000,19049,1,SF,1,100,0.0000
1738257380.057828,1883253.000,19095,1,SF,1,100,0.0000
1738257380.391841,1883587.000,19142,1,SF,1,100,0.0000
1738257380.791855,1883987.000,19205,1,SF,1,100,0.0000
1738257381.124868,1884320.000,19251,1,SF,1,100,0.0000
1738257381.391877,1884587.000,19298,1,SF,1,100,0.0000
1738257381.724890,1884920.000,19344,1,SF,1,100,0.0000
1738257382.124904,1885320.000,19411,1,SF,1,100,0.0000
1738257382.457917,1885653.000,19459,1,SF,1,100,0.0000
1738257382.724926,1885920.000,19505,1,SF,1,100,0.0000
1738257383.057939,1886253.000,19553,1,SF,1,100,0.0000
1738257383.390951,1886586.000,19601,1,SF,1,100,0.0000
1738257383.790966,1886986.000,19665,1,SF,1,100,0.0000
1738257384.057976,1887253.000,19712,1,SF,1,100,0.0000
1738257384.390988,1887586.000,19758,1,SF,1,100,0.0000
1738257384.791003,1887986.000,19821,1,SF,1,100,0.0000
1738257385.124015,1888319.000,19868,1,SF,1,100,0.0000
1738257385.391025,1888586.000,19914,1,SF,1,100,0.0000
1738257385.724037,1888919.000,19961,1,SF,1,100,0.0000
1738257386.124052,1889319.000,20023,1,SF,1,100,0.0000
1738257386.391062,1889586.000,20070,1,SF,1,100,0.0000
1738257386.724074,1889919.000,20117,1,SF,1,100,0.0000
1738257387.058086,1890253.000,20163,1,SF,1,100,0.0000
1738257387.458101,1890653.000,20230,1,SF,1,100,0.0000
1738257387.725111,1890920.000,20278,1,SF,1,100,0.0000
1738257388.057123,1891252.000,20324,1,SF,1,100,0.0000
1738257388.391135,1891586.000,20371,1,SF,1,100,0.0000
1738257388.791150,1891986.000,20435,1,SF,1,100,0.0000
1738257389.057160,1892252.000,20482,1,SF,1,100,0.0000
1738257389.391172,1892586.000,20529,1,SF,1,100,0.0000
1738257389.791187,1892986.000,20591,1,SF,1,100,0.0000
1738257390.057197,1893252.000,20637,1,SF,1,100,0.0000
1738257390.391209,1893586.000,20685,1,SF,1,100,0.0000
1738257390.724221,1893919.000,20731,1,SF,1,100,0.0000
1738257391.124236,1894319.000,20793,1,SF,1,100,0.0000
1738257391.391246,1894586.000,20840,1,SF,1,100,0.0000
1738257391.724258,1894919.000,20886,1,SF,1,100,0.0000
1738257392.124273,1895319.000,20948,1,SF,1,100,0.0000
1738257392.457285,1895652.000,20984,1,SF,1,100,0.0000
1738257392.724295,1895919.000,21030,1,SF,1,100,0.0000
1738257393.057307,1896252.000,21077,1,SF,1,100,0.0000
1738257393.457322,1896652.000,21139,1,SF,1,100,0.0000
1738257393.724332,1896919.000,21186,1,SF,1,100,0.0000
1738257394.057344,1897252.000,21235,1,SF,1,100,0.0000
1738257394.390356,1897585.000,21281,1,SF,1,100,0.0000
1738257394.790371,1897985.000,21343,1,SF,1,100,0.0000
1738257395.057381,1898252.000,21391,1,SF,1,100,0.0000
1738257395.390393,1898585.000,21437,1,SF,1,100,0.0000
1738257395.723405,1898918.000,21484,1,SF,1,100,0.0000
1738257396.123420,1899318.000,21546,1,SF,1,100,0.0000
1738257396.390430,1899585.000,21593,1,SF,1,100,0.0000
1738257396.723442,1899918.000,21640,1,SF,1,100,0.0000
1738257397.123457,1900318.000,21702,1,SF,1,100,0.0000
1738257397.390467,1900585.000,21748,1,SF,1,100,0.0000
1738257397.723479,1900918.000,21803,1,SF,1,100,0.0000
1738257398.057491,1901252.000,21849,1,SF,1,100,0.0000
1738257398.457506,1901652.000,21911,1,SF,1,100,0.0000
1738257398.723516,1901918.000,21958,1,SF,1,100,0.0000
1738257399.056528,1902251.000,22007,1,SF,1,100,0.0000
1738257399.390540,1902585.000,22054,1,SF,1,100,0.0000
1738257399.790555,1902985.000,22116,1,SF,1,100,0.0000
1738257400.056565,1903251.000,22162,1,SF,1,100,0.0000
1738257400.390577,1903585.000,22209,1,SF,1,100,0.0000
1738257400.790592,1903985.000,22271,1,SF,1,100,0.0000
1738257401.056602,1904251.000,22318,1,SF,1,100,0.0000
1738257401.390614,1904585.000,22365,1,SF,1,100,0.0000
1738257401.723626,1904918.000,22411,1,SF,1,100,0.0000
1738257402.123641,1905318.000,22473,1,SF,1,100,0.0000
1738257402.389651,1905584.000,22521,1,SF,1,100,0.0000
1738257402.723663,1905918.000,22572,1,SF,1,100,0.0000
1738257403.123678,1906318.000,22634,1,SF,1,100,0.0000
1738257403.389688,1906584.000,22681,1,SF,1,100,0.0000
1738257403.723700,1906918.000,22728,1,SF,1,100,0.0000
1738257404.056712,1907251.000,22777,1,SF,1,100,0.0000
1738257404.456727,1907651.000,22839,1,SF,1,100,0.0000
1738257404.723737,1907918.000,22885,1,SF,1,100,0.0000
1738257405.056749,1908251.000,22932,1,SF,1,100,0.0000
1738257405.456764,1908651.000,22994,1,SF,1,100,0.0000
1738257405.722773,1908917.000,23041,1,SF,1,100,0.0000
1738257406.056786,1909251.000,23088,1,SF,1,100,0.0000
1738257406.389798,1909584.000,23134,1,SF,1,100,0.0000
1738257406.789813,1909984.000,23196,1,SF,1,100,0.0000
1738257407.056823,1910251.000,23244,1,SF,1,100,0.0000
1738257407.389835,1910584.000,23290,1,SF,1,100,0.0000
1738257407.789850,1910984.000,23357,1,SF,1,100,0.0000
1738257408.056859,1911251.000,23404,1,SF,1,100,0.0000
1738257408.389872,1911584.000,23451,1,SF,1,100,0.0000
1738257408.789886,1911984.000,23515,1,SF,1,100,0.0000
1738257409.122899,1912317.000,23562,1,SF,1,100,0.0000
1738257409.389908,1912584.000,23612,1,SF,1,100,2.0823
1738257409.722921,1912917.000,23659,1,SF,1,100,2.0582
1738257410.122935,1913317.000,23723,1,SF,1,100,4.1166
1738257410.389945,1913584.000,23774,1,SF,1,100,6.1512
1738257410.722958,1913917.000,23821,1,SF,1,100,6.0801
1738257411.055970,1914250.000,23869,1,SF,1,100,8.0920
1738257411.455985,1914650.000,23931,1,SF,1,100,7.9984
1738257411.722994,1914917.000,23979,1,SF,1,100,7.9059
1738257412.056007,1915250.000,24025,1,SF,1,100,7.8144
1738257412.456021,1915650.000,24089,1,SF,1,100,9.8063
1738257412.723031,1915917.000,24140,1,SF,1,100,13.8573
1738257413.056043,1916250.000,24192,1,SF,1,100,13.6970
1738257413.389056,1916583.000,24241,1,SF,1,100,15.6208
1738257413.789070,1916983.000,24305,1,SF,1,100,15.4401
1738257414.056080,1917250.000,24353,1,SF,1,100,17.3438
1738257414.389092,1917583.000,24400,1,SF,1,100,17.1431
1738257414.789107,1917983.000,24467,1,SF,1,100,21.1093
1738257415.056117,1918250.000,24515,1,SF,1,100,22.9474
1738257415.389129,1918583.000,24564,1,SF,1,100,24.7642
1738257415.722142,1918916.000,24610,1,SF,1,100,24.4777
1738257416.122156,1919316.000,24674,1,SF,1,100,24.1945
1738257416.389166,1919583.000,24724,1,SF,1,100,25.9969
1738257416.722178,1919916.000,24772,1,SF,1,100,27.7784
1738257417.122193,1920316.000,24836,1,SF,1,100,27.4571
1738257417.389203,1920583.000,24885,1,SF,1,100,29.2217
1738257417.722215,1920916.000,24934,1,SF,1,100,30.9659
1738257418.122230,1921316.000,24988,1,SF,1,100,30.6077
1738257418.389240,1921583.000,25038,1,SF,1,100,32.3359
1738257418.722252,1921916.000,25086,1,SF,1,100,34.0441
1738257419.122267,1922316.000,25152,1,SF,1,100,33.6503
1738257419.389277,1922583.000,25201,1,SF,1,100,35.3432
1738257419.722289,1922916.000,25250,1,SF,1,100,37.0166
1738257420.055301,1923249.000,25299,1,SF,1,100,36.5884
1738257420.455316,1923649.000,25361,1,SF,1,100,36.1652
1738257420.722326,1923916.000,25407,1,SF,1,100,35.7468
1738257421.055338,1924249.000,25456,1,SF,1,100,37.4155
1738257421.455353,1924649.000,25518,1,SF,1,100,36.9827
1738257421.722363,1924916.000,25565,1,SF,1,100,36.5549
1738257422.055375,1925249.000,25614,1,SF,1,100,38.2143
1738257422.388387,1925582.000,25662,1,SF,1,100,39.8545
1738257422.788402,1925982.000,25726,1,SF,1,100,39.3934
1738257423.055412,1926249.000,25781,1,SF,1,100,41.0200
1738257423.388424,1926582.000,25829,1,SF,1,100,42.6277
1738257423.788439,1926982.000,25895,1,SF,1,100,42.1346
1738257424.122451,1927316.000,25944,1,SF,1,100,43.7294
1738257424.388461,1927582.000,25993,1,SF,1,100,45.3058
1738257424.722473,1927916.000,26042,1,SF,1,100,44.7817
1738257425.122488,1928316.000,26104,1,SF,1,100,44.2637
1738257425.388498,1928582.000,26150,1,SF,1,100,43.7516
1738257425.721510,1928915.000,26202,1,SF,1,100,45.3278
1738257426.121525,1929315.000,26264,1,SF,1,100,44.8034
1738257426.455537,1929649.000,26312,1,SF,1,100,46.3674
1738257426.721547,1929915.000,26361,1,SF,1,100,47.9132
1738257427.055559,1930249.000,26409,1,SF,1,100,47.3590
1738257427.455574,1930649.000,26473,1,SF,1,100,48.8934
1738257427.721583,1930915.000,26523,1,SF,1,100,50.4100
1738257428.055596,1931249.000,26571,1,SF,1,100,51.9091
1738257428.388608,1931582.000,26623,1,SF,1,100,51.3086
1738257428.788623,1931982.000,26691,1,SF,1,100,54.8796
1738257429.055633,1932249.000,26740,1,SF,1,100,56.3270
1738257429.388645,1932582.000,26787,1,SF,1,100,55.6754
1738257429.788660,1932982.000,26851,1,SF,1,100,57.1136
1738257430.121672,1933315.000,26899,1,SF,1,100,56.4529
1738257430.388682,1933582.000,26947,1,SF,1,100,55.7999
1738257430.721694,1933915.000,26995,1,SF,1,100,57.2366
1738257431.121709,1934315.000,27059,1,SF,1,100,56.5745
1738257431.388718,1934582.000,27106,1,SF,1,100,55.9200
1738257431.721731,1934915.000,27155,1,SF,1,100,57.3554
1738257432.054743,1935248.000,27208,1,SF,1,100,60.8564
1738257432.454758,1935648.000,27272,1,SF,1,100,62.2347
1738257432.721767,1935915.000,27320,1,SF,1,100,61.5148
1738257433.054780,1936248.000,27369,1,SF,1,100,62.8854
1738257433.454794,1936648.000,27436,1,SF,1,100,62.1579
1738257433.721804,1936915.000,27487,1,SF,1,100,63.5211
1738257434.054816,1937248.000,27536,1,SF,1,100,62.7863
1738257434.387829,1937581.000,27584,1,SF,1,100,62.0600
1738257434.787844,1937981.000,27648,1,SF,1,100,63.4243
1738257435.054853,1938248.000,27700,1,SF,1,100,66.8551
1738257435.387866,1938581.000,27748,1,SF,1,100,66.0818
1738257435.787880,1938981.000,27810,1,SF,1,100,65.3173
1738257436.120893,1939314.000,27857,1,SF,1,100,64.5617
1738257436.387902,1939581.000,27906,1,SF,1,100,65.8971
1738257436.720915,1939914.000,27957,1,SF,1,100,67.2171
1738257437.120929,1940314.000,28021,1,SF,1,100,68.5218
1738257437.387939,1940581.000,28071,1,SF,1,100,69.8114
1738257437.720952,1940914.000,28118,1,SF,1,100,69.0038
1738257438.120966,1941314.000,28183,1,SF,1,100,70.2878
1738257438.454979,1941648.000,28238,1,SF,1,100,71.5569
1738257438.720989,1941914.000,28285,1,SF,1,100,70.7292
1738257439.054001,1942247.000,28336,1,SF,1,100,71.9932
1738257439.454015,1942647.000,28398,1,SF,1,100,71.1604
1738257439.788028,1942981.000,28449,1,SF,1,100,74.5017
1738257440.054038,1943247.000,28495,1,SF,1,100,73.6399
1738257440.388050,1943581.000,28544,1,SF,1,100,74.8703
1738257440.788064,1943981.000,28610,1,SF,1,100,76.0864
1738257441.054074,1944247.000,28657,1,SF,1,100,75.2062
1738257441.387087,1944580.000,28706,1,SF,1,100,74.3363
1738257441.788101,1944981.000,28772,1,SF,1,100,75.5586
1738257442.121114,1945314.000,28820,1,SF,1,100,76.7668
1738257442.387123,1945580.000,28870,1,SF,1,100,77.9610
1738257442.721136,1945914.000,28916,1,SF,1,100,77.0591
1738257443.121150,1946314.000,28980,1,SF,1,100,76.1677
1738257443.387160,1946580.000,29027,1,SF,1,100,75.2866
1738257443.721173,1946914.000,29083,1,SF,1,100,76.4979
1738257444.054185,1947247.000,29132,1,SF,1,100,75.6130
1738257444.454200,1947647.000,29196,1,SF,1,100,76.8205
1738257444.721209,1947914.000,29244,1,SF,1,100,75.9319
1738257445.054222,1948247.000,29291,1,SF,1,100,75.0535
1738257445.454236,1948647.000,29356,1,SF,1,100,76.2675
1738257445.787249,1948980.000,29404,1,SF,1,100,77.4675
1738257446.054258,1949247.000,29453,1,SF,1,100,76.5713
1738257446.387271,1949580.000,29499,1,SF,1,100,75.6856
1738257446.787285,1949980.000,29565,1,SF,1,100,76.8923
1738257447.054295,1950247.000,29613,1,SF,1,100,76.0028
1738257447.387307,1950580.000,29659,1,SF,1,100,75.1236
1738257447.720320,1950913.000,29706,1,SF,1,100,74.2545
1738257448.120335,1951313.000,29768,1,SF,1,100,73.3956
1738257448.387344,1951580.000,29817,1,SF,1,100,74.6288
1738257448.720357,1951913.000,29871,1,SF,1,100,75.8477
1738257449.054369,1952247.000,29919,1,SF,1,100,74.9703
1738257449.453384,1952646.000,29983,1,SF,1,100,76.1853
1738257449.720393,1952913.000,30031,1,SF,1,100,75.3040
1738257450.053406,1953246.000,30079,1,SF,1,100,76.5151
1738257450.387418,1953580.000,30128,1,SF,1,100,77.7122
1738257450.787433,1953980.000,30190,1,SF,1,100,76.8132
1738257451.053442,1954246.000,30237,1,SF,1,100,75.9247
1738257451.387455,1954580.000,30284,1,SF,1,100,75.0464
1738257451.786469,1954979.000,30350,1,SF,1,100,76.2605
1738257452.053479,1955246.000,30396,1,SF,1,100,75.3783
1738257452.386492,1955579.000,30444,1,SF,1,100,74.5063
1738257452.720504,1955913.000,30490,1,SF,1,100,73.6444
1738257453.120519,1956313.000,30556,1,SF,1,100,74.8747
1738257453.386528,1956579.000,30603,1,SF,1,100,74.0086
1738257453.720541,1956913.000,30649,1,SF,1,100,73.1525
1738257454.120555,1957313.000,30718,1,SF,1,100,72.3062
1738257454.386565,1957579.000,30766,1,SF,1,100,71.4698
1738257454.719578,1957912.000,30812,1,SF,1,100,70.6430
1738257455.053590,1958246.000,30859,1,SF,1,100,69.8258
1738257455.453604,1958646.000,30921,1,SF,1,100,69.0181
1738257455.719614,1958912.000,30968,1,SF,1,100,68.2197
1738257456.053627,1959246.000,31015,1,SF,1,100,67.4305
1738257456.453641,1959646.000,31079,1,SF,1,100,68.7327
1738257456.786654,1959979.000,31125,1,SF,1,100,67.9376
1738257457.053663,1960246.000,31173,1,SF,1,100,67.1517
1738257457.386676,1960579.000,31219,1,SF,1,100,66.3749
1738257457.786690,1960979.000,31281,1,SF,1,100,65.6070
1738257458.053700,1961246.000,31328,1,SF,1,100,64.8481
1738257458.386713,1961579.000,31375,1,SF,1,100,64.0979
1738257458.786727,1961979.000,31439,1,SF,1,100,63.3564
1738257459.053737,1962246.000,31474,1,SF,1,100,62.6235
1738257459.386749,1962579.000,31520,1,SF,1,100,61.8991
1738257459.786764,1962979.000,31582,1,SF,1,100,61.1830
1738257460.053774,1963246.000,31629,1,SF,1,100,60.4753
1738257460.386786,1963579.000,31675,1,SF,1,100,59.7757
1738257460.786801,1963979.000,31738,1,SF,1,100,59.0842
1738257461.119813,1964312.000,31787,1,SF,1,100,60.4830
1738257461.385823,1964578.000,31833,1,SF,1,100,59.7833
1738257461.719835,1964912.000,31880,1,SF,1,100,59.0917
1738257462.119850,1965312.000,31944,1,SF,1,100,60.4904
1738257462.386860,1965579.000,31991,1,SF,1,100,59.7906
1738257462.719872,1965912.000,32040,1,SF,1,100,61.1812
1738257463.119887,1966312.000,32102,1,SF,1,100,60.4735
1738257463.452899,1966645.000,32150,1,SF,1,100,61.8562
1738257463.719909,1966912.000,32198,1,SF,1,100,61.1406
1738257464.052921,1967245.000,32253,1,SF,1,100,60.4333
1738257464.452936,1967645.000,32317,1,SF,1,100,61.8165
1738257464.719946,1967912.000,32366,1,SF,1,100,63.1836
1738257465.052958,1968245.000,32412,1,SF,1,100,62.4527
1738257465.452973,1968645.000,32477,1,SF,1,100,63.8125
1738257465.785985,1968978.000,32526,1,SF,1,100,63.0743
1738257466.052995,1969245.000,32574,1,SF,1,100,64.4269
1738257466.386007,1969578.000,32621,1,SF,1,100,63.6816
1738257466.786022,1969978.000,32683,1,SF,1,100,62.9450
1738257467.053032,1970245.000,32732,1,SF,1,100,64.2991
1738257467.386044,1970578.000,32781,1,SF,1,100,65.6375
1738257467.786059,1970978.000,32843,1,SF,1,100,64.8782
1738257468.119071,1971311.000,32889,1,SF,1,100,64.1277
1738257468.386081,1971578.000,32937,1,SF,1,100,63.3859
1738257468.719093,1971911.000,32983,1,SF,1,100,62.6526
1738257469.186110,1972378.000,33051,1,SF,1,100,61.9278
1738257469.386117,1972578.000,33083,1,SF,1,100,61.2115
1738257469.719130,1972911.000,33129,1,SF,1,100,60.5034
1738257470.119144,1973311.000,33191,1,SF,1,100,59.8034
1738257470.386154,1973578.000,33239,1,SF,1,100,59.1116
1738257470.719167,1973911.000,33285,1,SF,1,100,58.4278
1738257471.119181,1974311.000,33347,1,SF,1,100,57.7519
1738257471.386191,1974578.000,33394,1,SF,1,100,57.0839
1738257471.719203,1974911.000,33441,1,SF,1,100,56.4235
1738257472.052216,1975244.000,33490,1,SF,1,100,57.8530
1738257472.452230,1975644.000,33552,1,SF,1,100,57.1838
1738257472.719240,1975911.000,33600,1,SF,1,100,58.6045
1738257473.052253,1976244.000,33647,1,SF,1,100,57.9266
1738257473.452267,1976644.000,33709,1,SF,1,100,57.2565
1738257473.719277,1976911.000,33756,1,SF,1,100,56.5942
1738257474.052289,1977244.000,33805,1,SF,1,100,55.9395
1738257474.452304,1977644.000,33859,1,SF,1,100,55.2924
1738257474.718314,1977910.000,33906,1,SF,1,100,54.6527
1738257475.052326,1978244.000,33954,1,SF,1,100,56.1028
1738257475.452341,1978644.000,34016,1,SF,1,100,55.4538
1738257475.719351,1978911.000,34066,1,SF,1,100,56.8945
1738257476.052363,1979244.000,34112,1,SF,1,100,56.2364
1738257476.452378,1979644.000,34178,1,SF,1,100,59.7503
1738257476.785390,1979977.000,34227,1,SF,1,100,61.1414
1738257477.052400,1980244.000,34274,1,SF,1,100,60.4341
1738257477.385412,1980577.000,34325,1,SF,1,100,61.8172
1738257477.785427,1980977.000,34387,1,SF,1,100,61.1021
1738257478.052437,1981244.000,34435,1,SF,1,100,62.4776
1738257478.385449,1981577.000,34483,1,SF,1,100,61.7548
1738257478.785464,1981977.000,34549,1,SF,1,100,63.1227
1738257479.118476,1982310.000,34599,1,SF,1,100,64.4747
1738257479.451488,1982643.000,34649,1,SF,1,100,63.7289
1738257479.718498,1982910.000,34700,1,SF,1,100,65.0739
1738257480.051510,1983243.000,34747,1,SF,1,100,64.3211
1738257480.451525,1983643.000,34811,1,SF,1,100,65.6593
1738257480.785537,1983977.000,34861,1,SF,1,100,66.9820
1738257481.051547,1984243.000,34911,1,SF,1,100,68.2894
1738257481.384559,1984576.000,34961,1,SF,1,100,69.5817
1738257481.785574,1984977.000,35025,1,SF,1,100,70.8590
1738257482.051584,1985243.000,35072,1,SF,1,100,70.0393
1738257482.384596,1985576.000,35121,1,SF,1,100,71.3113
1738257482.718608,1985910.000,35168,1,SF,1,100,70.4864
1738257483.118623,1986310.000,35230,1,SF,1,100,69.6710
1738257483.384633,1986576.000,35278,1,SF,1,100,70.9473
1738257483.718645,1986910.000,35325,1,SF,1,100,70.1266
1738257484.118660,1987310.000,35391,1,SF,1,100,71.3976
1738257484.384670,1987576.000,35438,1,SF,1,100,70.5717
1738257484.784684,1987976.000,35495,1,SF,1,100,71.8375
1738257485.118697,1988310.000,35543,1,SF,1,100,73.0888
1738257485.384707,1988576.000,35592,1,SF,1,100,74.3255
1738257485.717719,1988909.000,35638,1,SF,1,100,73.4657
1738257486.117734,1989309.000,35700,1,SF,1,100,72.6159
1738257486.384743,1989576.000,35748,1,SF,1,100,71.7758
1738257486.717756,1989909.000,35798,1,SF,1,100,75.1100
1738257487.117770,1990309.000,35860,1,SF,1,100,74.2412
1738257487.384780,1990576.000,35909,1,SF,1,100,75.4646
1738257487.717793,1990909.000,35958,1,SF,1,100,76.6739
1738257488.051805,1991243.000,36005,1,SF,1,100,75.7869
1738257488.451820,1991643.000,36069,1,SF,1,100,76.9924
1738257488.717829,1991909.000,36117,1,SF,1,100,78.1840
1738257489.050842,1992242.000,36168,1,SF,1,100,79.3618
1738257489.450856,1992642.000,36232,1,SF,1,100,80.5260
1738257489.717866,1992909.000,36269,1,SF,1,100,79.5945
1738257490.117881,1993309.000,36331,1,SF,1,100,78.6738
1738257490.384891,1993576.000,36378,1,SF,1,100,77.7636
1738257490.717903,1993909.000,36425,1,SF,1,100,76.8641
1738257491.117918,1994309.000,36489,1,SF,1,100,75.9749
1738257491.450930,1994642.000,36535,1,SF,1,100,75.0960
1738257491.717940,1994909.000,36583,1,SF,1,100,74.2273
1738257492.050952,1995242.000,36633,1,SF,1,100,75.4509
1738257492.450967,1995642.000,36695,1,SF,1,100,74.5781
1738257492.717977,1995909.000,36742,1,SF,1,100,73.7154
1738257493.050989,1996242.000,36790,1,SF,1,100,74.9449
1738257493.451004,1996642.000,36855,1,SF,1,100,74.0779
1738257493.784016,1996975.000,36908,1,SF,1,100,75.3032
1738257494.051026,1997242.000,36954,1,SF,1,100,74.4321
1738257494.384038,1997575.000,37001,1,SF,1,100,73.5711
1738257494.784053,1997975.000,37068,1,SF,1,100,72.7200
1738257495.118065,1998309.000,37116,1,SF,1,100,73.9610
1738257495.451077,1998642.000,37163,1,SF,1,100,73.1054
1738257495.718087,1998909.000,37210,1,SF,1,100,72.2597
1738257496.051099,1999242.000,37259,1,SF,1,100,73.5061
1738257496.451114,1999642.000,37323,1,SF,1,100,74.7380
1738257496.718124,1999909.000,37373,1,SF,1,100,75.9557
1738257497.051136,2000242.000,37425,1,SF,1,100,77.1593
1738257497.451151,2000642.000,37491,1,SF,1,100,80.4312
1738257497.784163,2000975.000,37537,1,SF,1,100,79.5008
1738257498.051173,2001242.000,37584,1,SF,1,100,78.5811
1738257498.384185,2001575.000,37632,1,SF,1,100,77.6721
1738257498.784200,2001975.000,37696,1,SF,1,100,76.7735
1738257499.050210,2002241.000,37746,1,SF,1,100,77.9677
1738257499.384222,2002575.000,37792,1,SF,1,100,77.0657
1738257499.717234,2002908.000,37841,1,SF,1,100,78.2565
1738257500.050247,2003241.000,37893,1,SF,1,100,79.4335
1738257500.450261,2003641.000,37955,1,SF,1,100,78.5146
1738257500.784274,2003975.000,38004,1,SF,1,100,79.6886
1738257501.050283,2004241.000,38051,1,SF,1,100,78.7667
1738257501.384296,2004575.000,38098,1,SF,1,100,77.8555
1738257501.784311,2004975.000,38162,1,SF,1,100,79.0372
1738257502.050320,2005241.000,38210,1,SF,1,100,80.2051
1738257502.384333,2005575.000,38258,1,SF,1,100,79.2773
1738257502.717345,2005908.000,38304,1,SF,1,100,78.3602
1738257503.117360,2006308.000,38368,1,SF,1,100,79.5360
1738257503.383369,2006574.000,38415,1,SF,1,100,78.6159
1738257503.717382,2006908.000,38461,1,SF,1,100,77.7065
1738257504.117396,2007308.000,38527,1,SF,1,100,78.8898
1738257504.450409,2007641.000,38579,1,SF,1,100,82.1417
1738257504.717418,2007908.000,38625,1,SF,1,100,81.1915
1738257505.116433,2008307.000,38681,1,SF,1,100,82.3345
1738257505.383443,2008574.000,38729,1,SF,1,100,81.3821
1738257505.716455,2008907.000,38778,1,SF,1,100,82.5229
1738257506.116470,2009307.000,38840,1,SF,1,100,81.5682
1738257506.383480,2009574.000,38889,1,SF,1,100,82.7069
1738257506.716492,2009907.000,38936,1,SF,1,100,81.7502
1738257507.050504,2010241.000,38984,1,SF,1,100,82.8867
1738257507.450519,2010641.000,39046,1,SF,1,100,81.9279
1738257507.716529,2010907.000,39096,1,SF,1,100,83.0624
1738257508.050541,2011241.000,39142,1,SF,1,100,82.1015
1738257508.450556,2011641.000,39206,1,SF,1,100,81.1518
1738257508.783568,2011974.000,39255,1,SF,1,100,82.2952
1738257509.049578,2012240.000,39304,1,SF,1,100,81.3432
1738257509.383590,2012574.000,39353,1,SF,1,100,80.4023
1738257509.783605,2012974.000,39417,1,SF,1,100,81.5544
1738257510.049615,2013240.000,39465,1,SF,1,100,82.6932
1738257510.449630,2013640.000,39520,1,SF,1,100,83.8189
1738257510.716639,2013907.000,39568,1,SF,1,100,84.9315
1738257511.049652,2014240.000,39617,1,SF,1,100,86.0313
1738257511.449666,2014640.000,39681,1,SF,1,100,87.1183
1738257511.782679,2014973.000,39730,1,SF,1,100,88.1928
1738257512.049688,2015240.000,39779,1,SF,1,100,89.2548
1738257512.382701,2015573.000,39827,1,SF,1,100,90.3046
1738257512.782716,2015973.000,39891,1,SF,1,100,91.3422
1738257513.049725,2016240.000,39941,1,SF,1,100,92.3678
1738257513.382738,2016573.000,39989,1,SF,1,100,93.3815
1738257513.782752,2016973.000,40055,1,SF,1,100,94.3835
1738257514.116765,2017307.000,40104,1,SF,1,100,95.3739
1738257514.382774,2017573.000,40153,1,SF,1,100,96.3529
1738257514.716787,2017907.000,40204,1,SF,1,100,99.4028
1738257515.116802,2018307.000,40266,1,SF,1,100,98.2529
1738257515.382811,2018573.000,40304,1,SF,1,100,99.1985
1738257515.782826,2018973.000,40368,1,SF,1,100,100.1332
1738257516.049836,2019240.000,40414,1,SF,1,100,98.9749
1738257516.382848,2019573.000,40463,1,SF,1,100,99.9122
1738257516.782863,2019973.000,40527,1,SF,1,100,98.7564
1738257517.049873,2020240.000,40576,1,SF,1,100,99.6962
1738257517.382885,2020573.000,40623,1,SF,1,100,98.5429
1738257517.782900,2020973.000,40685,1,SF,1,100,97.4030
1738257518.115912,2021306.000,40735,1,SF,1,100,98.3585
1738257518.382922,2021573.000,40785,1,SF,1,100,99.3029
1738257518.715934,2021906.000,40833,1,SF,1,100,100.2364
1738257519.115949,2022306.000,40901,1,SF,1,100,101.1591
1738257519.382958,2022573.000,40952,1,SF,1,100,104.1534
1738257519.715971,2022906.000,41003,1,SF,1,100,105.0308
1738257520.048983,2023239.000,41050,1,SF,1,100,103.8158
1738257520.448998,2023639.000,41117,1,SF,1,100,102.6149
1738257520.783010,2023973.000,41167,1,SF,1,100,103.5101
1738257521.049020,2024239.000,41215,1,SF,1,100,102.3127
1738257521.383032,2024573.000,41263,1,SF,1,100,103.2113
1738257521.716044,2024906.000,41314,1,SF,1,100,104.0996
1738257522.116059,2025306.000,41376,1,SF,1,100,102.8954
1738257522.383069,2025573.000,41425,1,SF,1,100,103.7874
1738257522.716081,2025906.000,41472,1,SF,1,100,102.5867
1738257523.049093,2026239.000,41522,1,SF,1,100,103.4823
1738257523.449108,2026639.000,41586,1,SF,1,100,104.3674
1738257523.716118,2026906.000,41634,1,SF,1,100,103.1601
1738257524.049130,2027239.000,41686,1,SF,1,100,104.0490
1738257524.449145,2027639.000,41752,1,SF,1,100,107.0098
1738257524.716155,2027906.000,41799,1,SF,1,100,105.7719
1738257525.049167,2028239.000,41846,1,SF,1,100,104.5484
1738257525.382179,2028572.000,41897,1,SF,1,100,105.4212
1738257525.715192,2028905.000,41946,1,SF,1,100,104.2017
1738257526.115206,2029305.000,42008,1,SF,1,100,102.9963
1738257526.449219,2029639.000,42057,1,SF,1,100,103.8871
1738257526.715229,2029905.000,42105,1,SF,1,100,104.7675
1738257527.049241,2030239.000,42154,1,SF,1,100,105.6378
1738257527.449255,2030639.000,42220,1,SF,1,100,106.4981
1738257527.716265,2030906.000,42269,1,SF,1,100,107.3483
1738257528.048278,2031238.000,42318,1,SF,1,100,108.1888
1738257528.448292,2031638.000,42380,1,SF,1,100,106.9372
1738257528.782305,2031972.000,42430,1,SF,1,100,107.7824
1738257529.048314,2032238.000,42480,1,SF,1,100,108.6178
1738257529.382327,2032572.000,42526,1,SF,1,100,107.3613
1738257529.782341,2032972.000,42588,1,SF,1,100,106.1194
1738257530.048351,2033238.000,42637,1,SF,1,100,106.9740
1738257530.382364,2033572.000,42686,1,SF,1,100,107.8188
1738257530.715376,2033905.000,42740,1,SF,1,100,108.6538
1738257531.048388,2034238.000,42786,1,SF,1,100,107.3969
1738257531.448403,2034638.000,42850,1,SF,1,100,108.2368
1738257531.715413,2034905.000,42900,1,SF,1,100,109.0669
1738257532.048425,2035238.000,42948,1,SF,1,100,109.8875
1738257532.382437,2035572.000,42997,1,SF,1,100,110.6985
1738257532.781452,2035971.000,43059,1,SF,1,100,109.4180
1738257533.048462,2036238.000,43110,1,SF,1,100,112.3167
1738257533.381474,2036571.000,43159,1,SF,1,100,113.0997
1738257533.781489,2036971.000,43225,1,SF,1,100,113.8736
1738257534.048498,2037238.000,43273,1,SF,1,100,114.6386
1738257534.381511,2037571.000,43323,1,SF,1,100,115.3947
1738257534.715523,2037905.000,43369,1,SF,1,100,114.0598
1738257535.115538,2038305.000,43431,1,SF,1,100,112.7403
1738257535.381547,2038571.000,43480,1,SF,1,100,113.5184
1738257535.715560,2038905.000,43528,1,SF,1,100,114.2874
1738257536.048572,2039238.000,43585,1,SF,1,100,115.0476
1738257536.381584,2039571.000,43633,1,SF,1,100,115.7990
1738257536.781599,2039971.000,43698,1,SF,1,100,116.5417
1738257537.048609,2040238.000,43747,1,SF,1,100,117.2758
1738257537.381621,2040571.000,43795,1,SF,1,100,118.0014
1738257537.714633,2040904.000,43844,1,SF,1,100,118.7186
1738257538.114648,2041304.000,43908,1,SF,1,100,119.4275
1738257538.381658,2041571.000,43957,1,SF,1,100,120.1282
1738257538.714670,2041904.000,44006,1,SF,1,100,120.8208
1738257539.114685,2042304.000,44072,1,SF,1,100,119.4231
1738257539.447697,2042637.000,44120,1,SF,1,100,120.1239
1738257539.714707,2042904.000,44168,1,SF,1,100,118.7343
1738257540.047719,2043237.000,44216,1,SF,1,100,119.4430
1738257540.447734,2043637.000,44282,1,SF,1,100,120.1435
1738257540.714744,2043904.000,44329,1,SF,1,100,118.7537
1738257541.047756,2044237.000,44383,1,SF,1,100,119.4622
1738257541.380769,2044570.000,44430,1,SF,1,100,118.0803
1738257541.714781,2044904.000,44476,1,SF,1,100,116.7143
1738257542.114795,2045304.000,44542,1,SF,1,100,117.4464
1738257542.380805,2045570.000,44592,1,SF,1,100,118.1700
1738257542.714818,2045904.000,44640,1,SF,1,100,118.8853
1738257543.114832,2046304.000,44704,1,SF,1,100,117.5100
1738257543.380842,2046570.000,44753,1,SF,1,100,118.2329
1738257543.714854,2046904.000,44806,1,SF,1,100,121.0297
1738257544.047867,2047237.000,44857,1,SF,1,100,121.7118
1738257544.447881,2047637.000,44919,1,SF,1,100,120.3039
1738257544.714891,2047904.000,44967,1,SF,1,100,120.9944
1738257545.047904,2048237.000,45016,1,SF,1,100,121.6770
1738257545.447918,2048637.000,45081,1,SF,1,100,122.3517
1738257545.780931,2048970.000,45129,1,SF,1,100,123.0186
1738257546.113943,2049303.000,45183,1,SF,1,100,123.6777
1738257546.380953,2049570.000,45230,1,SF,1,100,122.2470
1738257546.713965,2049903.000,45281,1,SF,1,100,124.9974
1738257547.113980,2050303.000,45343,1,SF,1,100,123.5514
1738257547.447992,2050637.000,45391,1,SF,1,100,124.2044
1738257547.714002,2050903.000,45439,1,SF,1,100,122.7676
1738257548.047014,2051236.000,45487,1,SF,1,100,123.4296
1738257548.448029,2051637.000,45551,1,SF,1,100,124.0841
1738257548.714038,2051903.000,45600,1,SF,1,100,124.7309
1738257549.047051,2052236.000,45649,1,SF,1,100,123.2880
1738257549.381063,2052570.000,45698,1,SF,1,100,123.9441
1738257549.781078,2052970.000,45762,1,SF,1,100,124.5925
1738257550.047088,2053236.000,45812,1,SF,1,100,127.3157
1738257550.381100,2053570.000,45859,1,SF,1,100,125.8429
1738257550.781115,2053970.000,45923,1,SF,1,100,126.4694
1738257551.047124,2054236.000,45972,1,SF,1,100,127.0887
1738257551.447139,2054636.000,46028,1,SF,1,100,127.7008
1738257551.714149,2054903.000,46075,1,SF,1,100,126.2235
1738257552.047161,2055236.000,46122,1,SF,1,100,124.7634
1738257552.447176,2055636.000,46188,1,SF,1,100,127.4846
1738257552.714186,2055903.000,46234,1,SF,1,100,126.0098
1738257553.047198,2056236.000,46282,1,SF,1,100,124.5522
1738257553.380210,2056569.000,46330,1,SF,1,100,125.1936
1738257553.780225,2056969.000,46396,1,SF,1,100,125.8276
1738257554.047235,2057236.000,46445,1,SF,1,100,126.4543
1738257554.380247,2057569.000,46493,1,SF,1,100,127.0737
1738257554.780262,2057969.000,46557,1,SF,1,100,127.6859
1738257555.047272,2058236.000,46605,1,SF,1,100,126.2089
1738257555.380284,2058569.000,46655,1,SF,1,100,128.9134
1738257555.714296,2058903.000,46704,1,SF,1,100,129.5043
1738257556.113311,2059302.000,46770,1,SF,1,100,130.0885
1738257556.447323,2059636.000,46822,1,SF,1,100,130.6659
1738257556.780335,2059969.000,46873,1,SF,1,100,131.2366
1738257557.047345,2060236.000,46920,1,SF,1,100,129.7184
1738257557.380358,2060569.000,46969,1,SF,1,100,130.3001
1738257557.780372,2060969.000,47033,1,SF,1,100,128.7928
1738257558.047382,2061236.000,47081,1,SF,1,100,129.3851
1738257558.380394,2061569.000,47132,1,SF,1,100,129.9706
1738257558.713407,2061902.000,47181,1,SF,1,100,130.5494
1738257559.113421,2062302.000,47245,1,SF,1,100,129.0392
1738257559.380431,2062569.000,47294,1,SF,1,100,129.6287
1738257559.713444,2062902.000,47342,1,SF,1,100,130.2114
1738257560.113458,2063302.000,47408,1,SF,1,100,130.7874
1738257560.380468,2063569.000,47458,1,SF,1,100,131.3567
1738257560.713480,2063902.000,47504,1,SF,1,100,129.8371
1738257561.113495,2064302.000,47568,1,SF,1,100,130.4174
1738257561.446507,2064635.000,47622,1,SF,1,100,130.9910
1738257561.780519,2064969.000,47671,1,SF,1,100,131.5579
1738257562.046529,2065235.000,47722,1,SF,1,100,132.1183
1738257562.379542,2065568.000,47771,1,SF,1,100,132.6722
1738257562.713554,2065902.000,47820,1,SF,1,100,133.2197
1738257563.113569,2066302.000,47884,1,SF,1,100,133.7608
1738257563.379578,2066568.000,47932,1,SF,1,100,134.2957
1738257563.713591,2066902.000,47980,1,SF,1,100,132.7422
1738257564.113605,2067302.000,48048,1,SF,1,100,133.2889
1738257564.446618,2067635.000,48096,1,SF,1,100,133.8292
1738257564.713628,2067902.000,48143,1,SF,1,100,132.2811
1738257565.046640,2068235.000,48191,1,SF,1,100,132.8331
1738257565.446655,2068635.000,48255,1,SF,1,100,133.3787
1738257565.713664,2068902.000,48305,1,SF,1,100,133.9180
1738257566.046677,2069235.000,48353,1,SF,1,100,134.4511
1738257566.379689,2069568.000,48402,1,SF,1,100,134.9780
1738257566.712701,2069901.000,48456,1,SF,1,100,133.4166
1738257567.046714,2070235.000,48503,1,SF,1,100,131.8732
1738257567.446728,2070635.000,48569,1,SF,1,100,132.4300
1738257567.712738,2070901.000,48618,1,SF,1,100,132.9803
1738257568.046750,2071235.000,48665,1,SF,1,100,131.4419
1738257568.446765,2071635.000,48729,1,SF,1,100,129.9214
1738257568.712775,2071901.000,48777,1,SF,1,100,130.5007
1738257569.046787,2072235.000,48827,1,SF,1,100,128.9911
1738257569.379799,2072568.000,48873,1,SF,1,100,127.4989
1738257569.779814,2072968.000,48937,1,SF,1,100,128.1062
1738257570.045824,2073234.000,48986,1,SF,1,100,126.6243
1738257570.379836,2073568.000,49036,1,SF,1,100,129.3240
1738257570.779851,2073968.000,49099,1,SF,1,100,127.8279
1738257571.112863,2074301.000,49150,1,SF,1,100,130.5137
1738257571.379873,2074568.000,49198,1,SF,1,100,131.0862
1738257571.712885,2074901.000,49250,1,SF,1,100,131.6520
1738257572.045897,2075234.000,49299,1,SF,1,100,132.2113
1738257572.378910,2075567.000,49346,1,SF,1,100,130.6819
1738257572.778924,2075967.000,49410,1,SF,1,100,131.2524
1738257573.045934,2076234.000,49459,1,SF,1,100,131.8163
1738257573.379947,2076568.000,49506,1,SF,1,100,130.2914
1738257573.778961,2076967.000,49572,1,SF,1,100,130.8665
1738257574.045971,2077234.000,49620,1,SF,1,100,131.4348
1738257574.378983,2077567.000,49672,1,SF,1,100,131.9966
1738257574.711996,2077900.000,49722,1,SF,1,100,134.6342
1738257575.113010,2078301.000,49784,1,SF,1,100,133.0767
1738257575.379020,2078567.000,49831,1,SF,1,100,131.5373
1738257575.712033,2078900.000,49879,1,SF,1,100,132.0979
1738257576.112047,2079300.000,49944,1,SF,1,100,132.6520
1738257576.379057,2079567.000,49993,1,SF,1,100,131.1175
1738257576.712069,2079900.000,50043,1,SF,1,100,133.7652
1738257577.046082,2080234.000,50096,1,SF,1,100,132.2178
1738257577.379094,2080567.000,50144,1,SF,1,100,130.6883
1738257577.779109,2080967.000,50208,1,SF,1,100,131.2588
1738257578.112121,2081300.000,50255,1,SF,1,100,129.7403
1738257578.379131,2081567.000,50304,1,SF,1,100,130.3217
1738257578.712143,2081900.000,50353,1,SF,1,100,130.8964
1738257579.112158,2082300.000,50419,1,SF,1,100,131.4644
1738257579.379168,2082567.000,50469,1,SF,1,100,132.0259
1738257579.712180,2082900.000,50519,1,SF,1,100,132.5809
1738257580.045192,2083233.000,50565,1,SF,1,100,131.0472
1738257580.445207,2083633.000,50627,1,SF,1,100,129.5312
1738257580.712217,2083900.000,50676,1,SF,1,100,130.1150
1738257581.045229,2084233.000,50724,1,SF,1,100,130.6921
1738257581.445244,2084633.000,50791,1,SF,1,100,131.2625
1738257581.779256,2084967.000,50838,1,SF,1,100,129.7441
1738257582.112268,2085300.000,50893,1,SF,1,100,132.4077
1738257582.378278,2085566.000,50941,1,SF,1,100,130.8760
1738257582.712290,2085900.000,50987,1,SF,1,100,129.3620
1738257583.112305,2086300.000,51051,1,SF,1,100,129.9478
1738257583.445317,2086633.000,51100,1,SF,1,100,130.5268
1738257583.712327,2086900.000,51149,1,SF,1,100,129.0168
1738257584.045339,2087233.000,51200,1,SF,1,100,129.6066
1738257584.445354,2087633.000,51266,1,SF,1,100,130.1896
1738257584.778366,2087966.000,51314,1,SF,1,100,130.7658
1738257585.045376,2088233.000,51364,1,SF,1,100,131.3353
1738257585.378388,2088566.000,51410,1,SF,1,100,129.8160
1738257585.778403,2088966.000,51474,1,SF,1,100,130.3965
1738257586.045413,2089233.000,51521,1,SF,1,100,128.8881
1738257586.378425,2089566.000,51570,1,SF,1,100,129.4794
1738257586.711437,2089899.000,51617,1,SF,1,100,127.9815
1738257587.111452,2090299.000,51686,1,SF,1,100,128.5833
1738257587.445465,2090633.000,51735,1,SF,1,100,129.1781
1738257587.778477,2090966.000,51782,1,SF,1,100,127.6838
1738257588.045487,2091233.000,51830,1,SF,1,100,128.2890
1738257588.378499,2091566.000,51877,1,SF,1,100,126.8049
1738257588.778514,2091966.000,51943,1,SF,1,100,127.4203
1738257589.044523,2092232.000,51992,1,SF,1,100,128.0285
1738257589.378536,2092566.000,52041,1,SF,1,100,128.6297
1738257589.778551,2092966.000,52105,1,SF,1,100,129.2240
1738257590.111563,2093299.000,52153,1,SF,1,100,129.8113
1738257590.378573,2093566.000,52201,1,SF,1,100,128.3097
1738257590.711585,2093899.000,52249,1,SF,1,100,128.9076
1738257591.111600,2094299.000,52313,1,SF,1,100,129.4987
1738257591.378609,2094566.000,52360,1,SF,1,100,128.0006
1738257591.711622,2094899.000,52407,1,SF,1,100,126.5199
1738257592.044634,2095232.000,52454,1,SF,1,100,125.0563
1738257592.377646,2095565.000,52505,1,SF,1,100,123.6096
1738257592.777661,2095965.000,52567,1,SF,1,100,122.1797
1738257593.044671,2096232.000,52617,1,SF,1,100,122.8486
1738257593.377683,2096565.000,52665,1,SF,1,100,123.5097
1738257593.711695,2096899.000,52714,1,SF,1,100,124.1632
1738257594.111710,2097299.000,52778,1,SF,1,100,122.7269
1738257594.377720,2097565.000,52829,1,SF,1,100,123.3894
1738257594.711732,2097899.000,52876,1,SF,1,100,121.9620
1738257595.111747,2098299.000,52938,1,SF,1,100,120.5512
1738257595.377757,2098565.000,52984,1,SF,1,100,119.1566
1738257595.710769,2098898.000,53036,1,SF,1,100,119.8605
1738257596.044781,2099232.000,53084,1,SF,1,100,120.5562
1738257596.444796,2099632.000,53146,1,SF,1,100,119.1616
1738257596.710806,2099898.000,53193,1,SF,1,100,117.7831
1738257597.044818,2100232.000,53240,1,SF,1,100,116.4206
1738257597.377830,2100565.000,53292,1,SF,1,100,115.0738
1738257597.710843,2100898.000,53338,1,SF,1,100,113.7426
1738257598.110857,2101298.000,53403,1,SF,1,100,114.5091
1738257598.443870,2101631.000,53452,1,SF,1,100,115.2667
1738257598.710879,2101898.000,53498,1,SF,1,100,113.9333
1738257599.043892,2102231.000,53547,1,SF,1,100,112.6153
1738257599.444906,2102632.000,53609,1,SF,1,100,111.3126
1738257599.710916,2102898.000,53656,1,SF,1,100,110.0249
1738257600.043928,2103231.000,53705,1,SF,1,100,110.8344
1738257600.443943,2103631.000,53769,1,SF,1,100,111.6345
1738257600.777956,2103965.000,53817,1,SF,1,100,110.3431
1738257601.043965,2104231.000,53867,1,SF,1,100,111.1489
1738257601.377978,2104565.000,53917,1,SF,1,100,111.9453
1738257601.777992,2104965.000,53979,1,SF,1,100,110.6504
1738257602.044002,2105231.000,54026,1,SF,1,100,109.3703
1738257602.377014,2105564.000,54075,1,SF,1,100,110.1874
1738257602.711027,2105898.000,54131,1,SF,1,100,110.9950
1738257603.044039,2106231.000,54178,1,SF,1,100,109.7110
1738257603.377051,2106564.000,54225,1,SF,1,100,108.4418
1738257603.777066,2106964.000,54291,1,SF,1,100,109.2696
1738257604.044076,2107231.000,54337,1,SF,1,100,108.0056
1738257604.377088,2107564.000,54386,1,SF,1,100,108.8384
1738257604.777103,2107964.000,54449,1,SF,1,100,107.5794
1738257605.111115,2108298.000,54495,1,SF,1,100,106.3349
1738257605.377125,2108564.000,54542,1,SF,1,100,105.1048
1738257605.710137,2108897.000,54590,1,SF,1,100,105.9712
1738257606.110152,2109297.000,54654,1,SF,1,100,106.8276
1738257606.377162,2109564.000,54702,1,SF,1,100,105.5918
1738257606.710174,2109897.000,54748,1,SF,1,100,104.3703
1738257607.110189,2110297.000,54812,1,SF,1,100,105.2452
1738257607.377198,2110564.000,54859,1,SF,1,100,104.0277
1738257607.777213,2110964.000,54911,1,SF,1,100,102.8243
1738257608.044223,2111231.000,54960,1,SF,1,100,103.7171
1738257608.377235,2111564.000,55010,1,SF,1,100,104.5995
1738257608.777250,2111964.000,55077,1,SF,1,100,105.4718
1738257609.110262,2112297.000,55124,1,SF,1,100,104.2517
1738257609.377272,2112564.000,55172,1,SF,1,100,105.1279
1738257609.710284,2112897.000,55219,1,SF,1,100,103.9118
1738257610.110299,2113297.000,55283,1,SF,1,100,104.7920
1738257610.377309,2113564.000,55332,1,SF,1,100,105.6620
1738257610.710321,2113897.000,55379,1,SF,1,100,104.4397
1738257611.043334,2114230.000,55427,1,SF,1,100,105.3138
1738257611.443348,2114630.000,55489,1,SF,1,100,104.0955
1738257611.710358,2114897.000,55539,1,SF,1,100,104.9736
1738257612.043370,2115230.000,55585,1,SF,1,100,103.7592
1738257612.443385,2115630.000,55649,1,SF,1,100,104.6412
1738257612.776397,2115963.000,55707,1,SF,1,100,107.5952
1738257613.110409,2116297.000,55754,1,SF,1,100,106.3505
1738257613.376419,2116563.000,55805,1,SF,1,100,109.2848
1738257613.710432,2116897.000,55851,1,SF,1,100,108.0205
1738257614.110446,2117297.000,55918,1,SF,1,100,108.8532
1738257614.443459,2117630.000,55969,1,SF,1,100,111.7585
1738257614.709469,2117896.000,56015,1,SF,1,100,110.4657
1738257615.043481,2118230.000,56066,1,SF,1,100,111.2700
1738257615.443496,2118630.000,56128,1,SF,1,100,109.9829
1738257615.710505,2118897.000,56177,1,SF,1,100,110.7928
1738257616.043518,2119230.000,56226,1,SF,1,100,111.5934
1738257616.443532,2119630.000,56290,1,SF,1,100,112.3847
1738257616.776545,2119963.000,56336,1,SF,1,100,111.0847
1738257617.043555,2120230.000,56390,1,SF,1,100,113.9641
1738257617.376567,2120563.000,56438,1,SF,1,100,114.7280
1738257617.776582,2120963.000,56502,1,SF,1,100,115.4831
1738257618.043591,2121230.000,56539,1,SF,1,100,114.1472
1738257618.443606,2121630.000,56603,1,SF,1,100,114.9090
1738257618.709616,2121896.000,56652,1,SF,1,100,115.6620
1738257619.042628,2122229.000,56701,1,SF,1,100,114.3240
1738257619.442643,2122629.000,56765,1,SF,1,100,115.0837
1738257619.776655,2122963.000,56812,1,SF,1,100,113.7524
1738257620.042665,2123229.000,56860,1,SF,1,100,114.5188
1738257620.376677,2123563.000,56911,1,SF,1,100,115.2763
1738257620.776692,2123963.000,56973,1,SF,1,100,113.9427
1738257621.042702,2124229.000,57020,1,SF,1,100,112.6246
1738257621.376714,2124563.000,57069,1,SF,1,100,111.3218
1738257621.709726,2124896.000,57115,1,SF,1,100,110.0340
1738257622.109741,2125296.000,57177,1,SF,1,100,108.7611
1738257622.375751,2125562.000,57227,1,SF,1,100,107.5030
1738257622.709763,2125896.000,57275,1,SF,1,100,108.3416
1738257623.042775,2126229.000,57331,1,SF,1,100,109.1706
1738257623.375787,2126562.000,57380,1,SF,1,100,107.9077
1738257623.775802,2126962.000,57444,1,SF,1,100,106.6594
1738257624.042812,2127229.000,57493,1,SF,1,100,105.4256
1738257624.375824,2127562.000,57540,1,SF,1,100,104.2060
1738257624.709837,2127896.000,57587,1,SF,1,100,103.0005
1738257625.109851,2128296.000,57649,1,SF,1,100,101.8090
1738257625.375861,2128562.000,57695,1,SF,1,100,100.6313
1738257625.708874,2128895.000,57744,1,SF,1,100,99.4672
1738257626.109888,2129296.000,57806,1,SF,1,100,98.3165
1738257626.375898,2129562.000,57853,1,SF,1,100,97.1792
1738257626.708910,2129895.000,57900,1,SF,1,100,96.0550
1738257627.042923,2130229.000,57948,1,SF,1,100,97.0261
1738257627.442937,2130629.000,58010,1,SF,1,100,95.9037
1738257627.708947,2130895.000,58058,1,SF,1,100,94.7943
1738257628.041959,2131228.000,58104,1,SF,1,100,93.6977
1738257628.375972,2131562.000,58157,1,SF,1,100,92.6138
1738257628.708984,2131895.000,58203,1,SF,1,100,91.5424
1738257629.108999,2132295.000,58267,1,SF,1,100,90.4835
1738257629.376009,2132562.000,58314,1,SF,1,100,89.4367
1738257629.709021,2132895.000,58360,1,SF,1,100,88.4021
1738257630.109035,2133295.000,58423,1,SF,1,100,87.3795
1738257630.442048,2133628.000,58470,1,SF,1,100,86.3687
1738257630.709058,2133895.000,58516,1,SF,1,100,85.3696
1738257631.042070,2134228.000,58563,1,SF,1,100,84.3820
1738257631.442085,2134628.000,58625,1,SF,1,100,83.4059
1738257631.709095,2134895.000,58674,1,SF,1,100,84.5233
1738257632.042107,2135228.000,58721,1,SF,1,100,83.5455
1738257632.375119,2135561.000,58767,1,SF,1,100,82.5790
1738257632.775134,2135961.000,58829,1,SF,1,100,81.6238
1738257633.042144,2136228.000,58877,1,SF,1,100,80.6795
1738257633.442158,2136628.000,58928,1,SF,1,100,79.7462
1738257633.709168,2136895.000,58976,1,SF,1,100,78.8237
1738257634.042180,2137228.000,59024,1,SF,1,100,77.9119
1738257634.442195,2137628.000,59086,1,SF,1,100,77.0106
1738257634.708205,2137894.000,59133,1,SF,1,100,76.1197
1738257635.042217,2138228.000,59179,1,SF,1,100,75.2392
1738257635.442232,2138628.000,59242,1,SF,1,100,74.3688
1738257635.775244,2138961.000,59289,1,SF,1,100,73.5085
1738257636.042254,2139228.000,59335,1,SF,1,100,72.6581
1738257636.375266,2139561.000,59382,1,SF,1,100,71.8176
1738257636.775281,2139961.000,59444,1,SF,1,100,70.9868
1738257637.042291,2140228.000,59491,1,SF,1,100,70.1657
1738257637.375303,2140561.000,59538,1,SF,1,100,69.3540
1738257637.708315,2140894.000,59584,1,SF,1,100,68.5517
1738257638.108330,2141294.000,59646,1,SF,1,100,67.7587
1738257638.441342,2141627.000,59699,1,SF,1,100,66.9748
1738257638.708352,2141894.000,59745,1,SF,1,100,66.2001
1738257639.041364,2142227.000,59795,1,SF,1,100,65.4343
1738257639.375377,2142561.000,59841,1,SF,1,100,64.6773
1738257639.775391,2142961.000,59903,1,SF,1,100,63.9291
1738257640.041401,2143227.000,59950,1,SF,1,100,63.1896
1738257640.375413,2143561.000,59996,1,SF,1,100,62.4586
1738257640.775428,2143961.000,60058,1,SF,1,100,61.7361
1738257641.041438,2144227.000,60106,1,SF,1,100,61.0219
1738257641.374450,2144560.000,60152,1,SF,1,100,60.3160
1738257641.708463,2144894.000,60199,1,SF,1,100,59.6183
1738257642.108477,2145294.000,60263,1,SF,1,100,61.0108
1738257642.374487,2145560.000,60310,1,SF,1,100,60.3051
1738257642.708499,2145894.000,60357,1,SF,1,100,59.6075
1738257643.108514,2146294.000,60419,1,SF,1,100,58.9179
1738257643.441526,2146627.000,60469,1,SF,1,100,60.3186
1738257643.774539,2146960.000,60524,1,SF,1,100,59.6208
1738257644.041548,2147227.000,60570,1,SF,1,100,58.9311
1738257644.374561,2147560.000,60618,1,SF,1,100,58.2494
1738257644.708573,2147894.000,60666,1,SF,1,100,57.5756
1738257645.107588,2148293.000,60728,1,SF,1,100,56.9095
1738257645.374598,2148560.000,60777,1,SF,1,100,58.3335
1738257645.707610,2148893.000,60827,1,SF,1,100,59.7409
1738257646.107625,2149293.000,60889,1,SF,1,100,59.0498
1738257646.374635,2149560.000,60937,1,SF,1,100,58.3667
1738257646.707647,2149893.000,60987,1,SF,1,100,61.8560
1738257647.041659,2150227.000,61034,1,SF,1,100,61.1405
1738257647.441674,2150627.000,61096,1,SF,1,100,60.4332
1738257647.707684,2150893.000,61143,1,SF,1,100,59.7341
1738257648.041696,2151227.000,61190,1,SF,1,100,59.0431
1738257648.441710,2151627.000,61252,1,SF,1,100,58.3601
1738257648.707720,2151893.000,61288,1,SF,1,100,57.6850
1738257649.107735,2152293.000,61352,1,SF,1,100,57.0177
1738257649.374745,2152560.000,61398,1,SF,1,100,56.3581
1738257649.707757,2152893.000,61447,1,SF,1,100,55.7061
1738257650.107772,2153293.000,61511,1,SF,1,100,55.0617
1738257650.374782,2153560.000,61560,1,SF,1,100,56.5070
1738257650.707794,2153893.000,61607,1,SF,1,100,55.8533
1738257651.040806,2154226.000,61653,1,SF,1,100,55.2072
1738257651.440821,2154626.000,61715,1,SF,1,100,54.5686
1738257651.707831,2154893.000,61763,1,SF,1,100,53.9373
1738257652.040843,2155226.000,61811,1,SF,1,100,53.3134
1738257652.440858,2155626.000,61873,1,SF,1,100,52.6966
1738257652.707868,2155893.000,61920,1,SF,1,100,52.0870
1738257653.040880,2156226.000,61967,1,SF,1,100,51.4845
1738257653.373892,2156559.000,62014,1,SF,1,100,50.8889
1738257653.840909,2157026.000,62087,1,SF,1,100,50.3002
1738257654.040917,2157226.000,62119,1,SF,1,100,49.7184
1738257654.440932,2157626.000,62181,1,SF,1,100,49.1432
1738257654.707941,2157893.000,62229,1,SF,1,100,50.6570
1738257655.040954,2158226.000,62277,1,SF,1,100,50.0710
1738257655.373966,2158559.000,62323,1,SF,1,100,49.4917
1738257655.773981,2158959.000,62385,1,SF,1,100,48.9192
1738257656.040990,2159226.000,62432,1,SF,1,100,48.3533
1738257656.374003,2159559.000,62478,1,SF,1,100,47.7940
1738257656.774017,2159959.000,62540,1,SF,1,100,47.2411
1738257657.041027,2160226.000,62590,1,SF,1,100,46.6946
1738257657.374039,2160559.000,62636,1,SF,1,100,46.1544
1738257657.707052,2160892.000,62683,1,SF,1,100,45.6205
1738257658.107066,2161292.000,62745,1,SF,1,100,45.0928
1738257658.374076,2161559.000,62792,1,SF,1,100,44.5711
1738257658.707088,2161892.000,62841,1,SF,1,100,44.0555
1738257659.040101,2162225.000,62892,1,SF,1,100,43.5459
1738257659.440115,2162625.000,62955,1,SF,1,100,43.0421
1738257659.774128,2162959.000,63002,1,SF,1,100,42.5442
1738257660.040138,2163225.000,63048,1,SF,1,100,42.0521
1738257660.374150,2163559.000,63095,1,SF,1,100,41.5656
1738257660.774165,2163959.000,63157,1,SF,1,100,41.0848
1738257661.040174,2164225.000,63204,1,SF,1,100,40.6095
1738257661.373187,2164558.000,63251,1,SF,1,100,40.1397
1738257661.707199,2164892.000,63297,1,SF,1,100,39.6754
1738257662.107214,2165292.000,63359,1,SF,1,100,39.2164
1738257662.373224,2165558.000,63407,1,SF,1,100,38.7628
1738257662.707236,2165892.000,63455,1,SF,1,100,40.3966
1738257663.107250,2166292.000,63517,1,SF,1,100,39.9293
1738257663.373260,2166558.000,63564,1,SF,1,100,39.4674
1738257663.707273,2166892.000,63611,1,SF,1,100,39.0108
1738257664.040285,2167225.000,63665,1,SF,1,100,38.5596
1738257664.373297,2167558.000,63713,1,SF,1,100,40.1957
1738257664.773312,2167958.000,63775,1,SF,1,100,39.7308
1738257665.040322,2168225.000,63825,1,SF,1,100,41.3534
1738257665.373334,2168558.000,63873,1,SF,1,100,42.9573
1738257665.706346,2168891.000,63920,1,SF,1,100,42.4603
1738257666.106361,2169291.000,63982,1,SF,1,100,41.9692
1738257666.373371,2169558.000,64029,1,SF,1,100,41.4837
1738257666.706383,2169891.000,64078,1,SF,1,100,41.0038
1738257667.106398,2170291.000,64140,1,SF,1,100,40.5294
1738257667.373408,2170558.000,64188,1,SF,1,100,40.0606
1738257667.706420,2170891.000,64236,1,SF,1,100,39.5972
1738257668.039432,2171224.000,64282,1,SF,1,100,39.1391
1738257668.440447,2171625.000,64344,1,SF,1,100,38.6863
1738257668.706457,2171891.000,64391,1,SF,1,100,38.2388
1738257669.039469,2172224.000,64439,1,SF,1,100,37.7965
1738257669.373481,2172558.000,64494,1,SF,1,100,37.3592
1738257669.706494,2172891.000,64542,1,SF,1,100,36.9271
1738257670.106508,2173291.000,64605,1,SF,1,100,36.4999
1738257670.439521,2173624.000,64652,1,SF,1,100,36.0777
1738257670.706530,2173891.000,64698,1,SF,1,100,35.6603
1738257671.039543,2174224.000,64745,1,SF,1,100,35.2478
1738257671.439557,2174624.000,64807,1,SF,1,100,34.8400
1738257671.706567,2174891.000,64854,1,SF,1,100,34.4370
1738257672.039579,2175224.000,64901,1,SF,1,100,34.0386
1738257672.439594,2175624.000,64965,1,SF,1,100,33.6449
1738257672.772606,2175957.000,65011,1,SF,1,100,33.2557
1738257673.039616,2176224.000,65059,1,SF,1,100,32.8710
1738257673.372628,2176557.000,65105,1,SF,1,100,32.4907
1738257673.772643,2176957.000,65169,1,SF,1,100,32.1149
1738257674.039653,2177224.000,65216,1,SF,1,100,31.7433
1738257674.439668,2177624.000,65268,1,SF,1,100,31.3761
1738257674.705678,2177890.000,65315,1,SF,1,100,31.0132
1738257675.039690,2178224.000,65363,1,SF,1,100,32.7367
1738257675.439705,2178624.000,65425,1,SF,1,100,32.3580
1738257675.705714,2178890.000,65473,1,SF,1,100,31.9837
1738257676.039727,2179224.000,65519,1,SF,1,100,31.6137
1738257676.439741,2179624.000,45,1,SF,1,100,31.2480
1738257676.772754,2179957.000,92,1,SF,1,100,30.8865
1738257677.039763,2180224.000,139,1,SF,1,100,30.5292
1738257677.372776,2180557.000,186,1,SF,1,100,30.1760
1738257677.772790,2180957.000,248,1,SF,1,100,29.8269
1738257678.039800,2181224.000,294,1,SF,1,100,29.4819
1738257678.372813,2181557.000,342,1,SF,1,100,29.1408
1738257678.772827,2181957.000,406,1,SF,1,100,28.8037
1738257679.105840,2182290.000,452,1,SF,1,100,28.4705
1738257679.438852,2182623.000,504,1,SF,1,100,28.1412
1738257679.705862,2182890.000,551,1,SF,1,100,27.8157
1738257680.038874,2183223.000,598,1,SF,1,100,27.4939
1738257680.372886,2183557.000,644,1,SF,1,100,27.1758
1738257680.772901,2183957.000,706,1,SF,1,100,26.8615
1738257681.038911,2184223.000,756,1,SF,1,100,28.6330
1738257681.371923,2184556.000,802,1,SF,1,100,28.3017
1738257681.772938,2184957.000,864,1,SF,1,100,27.9743
1738257682.038948,2185223.000,911,1,SF,1,100,27.6507
1738257682.371960,2185556.000,958,1,SF,1,100,27.3309
1738257682.705972,2185890.000,1005,1,SF,1,100,27.0147
1738257683.105987,2186290.000,1067,1,SF,1,100,26.7022
1738257683.371997,2186556.000,1113,1,SF,1,100,26.3933
1738257683.706009,2186890.000,1160,1,SF,1,100,26.0880
1738257684.106024,2187290.000,1224,1,SF,1,100,25.7862
1738257684.372034,2187556.000,1273,1,SF,1,100,27.5702
1738257684.772048,2187956.000,1325,1,SF,1,100,27.2512
1738257685.039058,2188223.000,1372,1,SF,1,100,26.9360
1738257685.372070,2188556.000,1419,1,SF,1,100,26.6244
1738257685.772085,2188956.000,1481,1,SF,1,100,26.3164
1738257686.039095,2189223.000,1527,1,SF,1,100,26.0120
1738257686.372107,2189556.000,1575,1,SF,1,100,25.7111
1738257686.705119,2189889.000,1621,1,SF,1,100,25.4136
1738257687.105134,2190289.000,1683,1,SF,1,100,25.1196
1738257687.372144,2190556.000,1730,1,SF,1,100,24.8290
1738257687.705156,2190889.000,1776,1,SF,1,100,24.5418
1738257688.105171,2191289.000,1838,1,SF,1,100,24.2579
1738257688.372181,2191556.000,1886,1,SF,1,100,23.9773
1738257688.705193,2191889.000,1932,1,SF,1,100,23.6999
1738257689.038205,2192222.000,1981,1,SF,1,100,23.4258
1738257689.438220,2192622.000,2043,1,SF,1,100,23.1548
1738257689.705230,2192889.000,2097,1,SF,1,100,22.8869
1738257690.038242,2193222.000,2146,1,SF,1,100,22.6222
1738257690.372254,2193556.000,2192,1,SF,1,100,22.3605
1738257690.772269,2193956.000,2254,1,SF,1,100,22.1018
1738257691.038279,2194222.000,2302,1,SF,1,100,21.8461
1738257691.372291,2194556.000,2348,1,SF,1,100,21.5934
1738257691.771306,2194955.000,2410,1,SF,1,100,21.3436
1738257692.038316,2195222.000,2457,1,SF,1,100,21.0967
1738257692.371328,2195555.000,2504,1,SF,1,100,20.8527
1738257692.705340,2195889.000,2553,1,SF,1,100,22.6937
1738257693.105355,2196289.000,2615,1,SF,1,100,22.4312
1738257693.371365,2196555.000,2661,1,SF,1,100,22.1717
1738257693.705377,2196889.000,2709,1,SF,1,100,21.9152
1738257694.038389,2197222.000,2757,1,SF,1,100,21.6617
1738257694.438404,2197622.000,2821,1,SF,1,100,23.4934
1738257694.705414,2197889.000,2873,1,SF,1,100,23.2216
1738257695.038426,2198222.000,2919,1,SF,1,100,22.9530
1738257695.438441,2198622.000,2984,1,SF,1,100,24.7697
1738257695.771453,2198955.000,3031,1,SF,1,100,24.4832
1738257696.038463,2199222.000,3079,1,SF,1,100,26.2822
1738257696.371475,2199555.000,3126,1,SF,1,100,25.9781
1738257696.771490,2199955.000,3188,1,SF,1,100,25.6776
1738257697.038500,2200222.000,3235,1,SF,1,100,25.3806
1738257697.371512,2200555.000,3282,1,SF,1,100,25.0870
1738257697.771527,2200955.000,3344,1,SF,1,100,24.7968
1738257698.104539,2201288.000,3392,1,SF,1,100,26.5922
1738257698.371549,2201555.000,3440,1,SF,1,100,26.2846
1738257698.704561,2201888.000,3486,1,SF,1,100,25.9805
1738257699.104576,2202288.000,3552,1,SF,1,100,27.7622
1738257699.371586,2202555.000,3599,1,SF,1,100,27.4410
1738257699.704598,2202888.000,3645,1,SF,1,100,27.1236
1738257700.104613,2203288.000,3695,1,SF,1,100,26.8098
1738257700.371623,2203555.000,3743,1,SF,1,100,26.4997
1738257700.704635,2203888.000,3789,1,SF,1,100,26.1932
1738257701.104650,2204288.000,3851,1,SF,1,100,25.8901
1738257701.437662,2204621.000,3898,1,SF,1,100,25.5906
1738257701.704672,2204888.000,3945,1,SF,1,100,25.2946
1738257702.037684,2205221.000,3992,1,SF,1,100,25.0020
1738257702.437699,2205621.000,4054,1,SF,1,100,24.7128
1738257702.704709,2205888.000,4100,1,SF,1,100,24.4269
1738257703.037721,2206221.000,4147,1,SF,1,100,24.1443
1738257703.437736,2206621.000,4210,1,SF,1,100,23.8650
1738257703.770748,2206954.000,4258,1,SF,1,100,23.5890
1738257704.037758,2207221.000,4305,1,SF,1,100,23.3161
1738257704.370770,2207554.000,4351,1,SF,1,100,23.0464
1738257704.770785,2207954.000,4415,1,SF,1,100,24.8620
1738257705.037794,2208221.000,4453,1,SF,1,100,24.5744
1738257705.437809,2208621.000,4517,1,SF,1,100,26.3724
1738257705.703819,2208887.000,4564,1,SF,1,100,26.0673
1738257706.037831,2209221.000,4611,1,SF,1,100,25.7657
1738257706.370844,2209554.000,4657,1,SF,1,100,25.4677
1738257706.770858,2209954.000,4719,1,SF,1,100,25.1731
1738257707.037868,2210221.000,4767,1,SF,1,100,24.8819
1738257707.370880,2210554.000,4813,1,SF,1,100,24.5940
1738257707.770895,2210954.000,4875,1,SF,1,100,24.3095
1738257708.037905,2211221.000,4922,1,SF,1,100,24.0283
1738257708.370917,2211554.000,4969,1,SF,1,100,23.7504
1738257708.703929,2211887.000,5016,1,SF,1,100,23.4756
1738257709.103944,2212287.000,5080,1,SF,1,100,23.2040
1738257709.370954,2212554.000,5126,1,SF,1,100,22.9356
1738257709.703966,2212887.000,5173,1,SF,1,100,22.6703
1738257710.103981,2213287.000,5243,1,SF,1,100,22.4080
1738257710.436993,2213620.000,5289,1,SF,1,100,22.1488
1738257710.704003,2213887.000,5336,1,SF,1,100,21.8926
1738257711.037015,2214220.000,5382,1,SF,1,100,21.6393
1738257711.437030,2214620.000,5446,1,SF,1,100,23.4713
1738257711.704040,2214887.000,5494,1,SF,1,100,23.1998
1738257712.037052,2215220.000,5542,1,SF,1,100,22.9314
1738257712.370064,2215553.000,5591,1,SF,1,100,24.7484
1738257712.770079,2215953.000,5653,1,SF,1,100,24.4621
1738257713.037089,2216220.000,5700,1,SF,1,100,24.1791
1738257713.370101,2216553.000,5747,1,SF,1,100,23.8994
1738257713.770116,2216953.000,5813,1,SF,1,100,25.7052
1738257714.037126,2217220.000,5859,1,SF,1,100,25.4078
1738257714.370138,2217553.000,5909,1,SF,1,100,27.1961
1738257714.704150,2217887.000,5955,1,SF,1,100,26.8815
1738257715.104165,2218287.000,6017,1,SF,1,100,26.5706
1738257715.370175,2218553.000,6053,1,SF,1,100,26.2632
1738257715.770190,2218953.000,6115,1,SF,1,100,25.9594
1738257716.037199,2219220.000,6161,1,SF,1,100,25.6591
1738257716.370212,2219553.000,6208,1,SF,1,100,25.3623
1738257716.770226,2219953.000,6271,1,SF,1,100,25.0689
1738257717.103239,2220286.000,6317,1,SF,1,100,24.7789
1738257717.370249,2220553.000,6364,1,SF,1,100,24.4922
1738257717.703261,2220886.000,6410,1,SF,1,100,24.2089
1738257718.103276,2221286.000,6472,1,SF,1,100,23.9288
1738257718.370285,2221553.000,6520,1,SF,1,100,23.6520
1738257718.703298,2221886.000,6568,1,SF,1,100,25.4607
1738257719.036310,2222219.000,6617,1,SF,1,100,25.1661
1738257719.436325,2222619.000,6679,1,SF,1,100,24.8750
1738257719.703335,2222886.000,6726,1,SF,1,100,24.5873
1738257720.036347,2223219.000,6773,1,SF,1,100,24.3028
1738257720.370359,2223553.000,6826,1,SF,1,100,26.1040
1738257720.703371,2223886.000,6876,1,SF,1,100,27.8842
1738257721.103386,2224286.000,6938,1,SF,1,100,27.5617
1738257721.369396,2224552.000,6986,1,SF,1,100,29.3251
1738257721.703408,2224886.000,7035,1,SF,1,100,31.0681
1738257722.103423,2225286.000,7099,1,SF,1,100,32.7910
1738257722.370433,2225553.000,7148,1,SF,1,100,34.4939
1738257722.703445,2225886.000,7195,1,SF,1,100,34.0949
1738257723.036457,2226219.000,7241,1,SF,1,100,33.7004
1738257723.436472,2226619.000,7303,1,SF,1,100,33.3106
1738257723.703482,2226886.000,7351,1,SF,1,100,32.9253
1738257724.036494,2227219.000,7399,1,SF,1,100,32.5444
1738257724.436509,2227619.000,7463,1,SF,1,100,34.2501
1738257724.769521,2227952.000,7510,1,SF,1,100,33.8539
1738257725.036531,2228219.000,7557,1,SF,1,100,33.4623
1738257725.369543,2228552.000,7604,1,SF,1,100,33.0752
1738257725.702555,2228885.000,7657,1,SF,1,100,32.6926
1738257726.036568,2229219.000,7703,1,SF,1,100,32.3144
1738257726.436582,2229619.000,7765,1,SF,1,100,31.9406
1738257726.702592,2229885.000,7812,1,SF,1,100,31.5711
1738257727.036604,2230219.000,7858,1,SF,1,100,31.2059
1738257727.436619,2230619.000,7921,1,SF,1,100,30.8449
1738257727.769631,2230952.000,7968,1,SF,1,100,30.4881
1738257728.036641,2231219.000,8016,1,SF,1,100,30.1354
1738257728.369653,2231552.000,8063,1,SF,1,100,29.7868
1738257728.769668,2231952.000,8129,1,SF,1,100,31.5245
1738257729.035678,2232218.000,8178,1,SF,1,100,31.1598
1738257729.369690,2232552.000,8225,1,SF,1,100,30.7993
1738257729.769705,2232952.000,8289,1,SF,1,100,30.4430
1738257730.102717,2233285.000,8335,1,SF,1,100,30.0909
1738257730.369727,2233552.000,8383,1,SF,1,100,29.7428
1738257730.702739,2233885.000,8436,1,SF,1,100,29.3987
1738257731.035752,2234218.000,8485,1,SF,1,100,31.1409
1738257731.369764,2234552.000,8534,1,SF,1,100,30.7806
1738257731.768779,2234951.000,8596,1,SF,1,100,30.4246
1738257732.035789,2235218.000,8645,1,SF,1,100,30.0726
1738257732.368801,2235551.000,8691,1,SF,1,100,29.7247
1738257732.768816,2235951.000,8753,1,SF,1,100,29.3809
1738257733.035825,2236218.000,8801,1,SF,1,100,29.0410
1738257733.368838,2236551.000,8847,1,SF,1,100,28.7050
1738257733.702850,2236885.000,8894,1,SF,1,100,28.3730
1738257734.102865,2237285.000,8958,1,SF,1,100,28.0448
1738257734.368875,2237551.000,9005,1,SF,1,100,27.7203
1738257734.701887,2237884.000,9052,1,SF,1,100,27.3997
1738257735.101902,2238284.000,9114,1,SF,1,100,27.0827
1738257735.435914,2238618.000,9160,1,SF,1,100,26.7694
1738257735.701924,2238884.000,9215,1,SF,1,100,26.4597
1738257736.035936,2239218.000,9261,1,SF,1,100,26.1537
1738257736.435951,2239618.000,9323,1,SF,1,100,25.8511
1738257736.701960,2239884.000,9370,1,SF,1,100,25.5521
1738257737.035973,2240218.000,9416,1,SF,1,100,25.2565
1738257737.435987,2240618.000,9479,1,SF,1,100,24.9643
1738257737.769000,2240951.000,9526,1,SF,1,100,24.6755
1738257738.036010,2241218.000,9572,1,SF,1,100,24.3901
1738257738.369022,2241551.000,9619,1,SF,1,100,24.1079
1738257738.769037,2241951.000,9684,1,SF,1,100,23.8290
1738257739.102049,2242284.000,9730,1,SF,1,100,23.5534
1738257739.369059,2242551.000,9777,1,SF,1,100,23.2809
1738257739.702071,2242884.000,9823,1,SF,1,100,23.0116
1738257740.102086,2243284.000,9885,1,SF,1,100,22.7454
1738257740.369095,2243551.000,9933,1,SF,1,100,22.4823
1738257740.702108,2243884.000,9979,1,SF,1,100,22.2222
1738257741.102122,2244284.000,10030,1,SF,1,100,21.9651
1738257741.369132,2244551.000,10077,1,SF,1,100,21.7110
1738257741.702144,2244884.000,10123,1,SF,1,100,21.4599
1738257742.102159,2245284.000,10185,1,SF,1,100,21.2116
1738257742.368169,2245550.000,10235,1,SF,1,100,20.9663
1738257742.702181,2245884.000,10281,1,SF,1,100,20.7237
1738257743.102196,2246284.000,10343,1,SF,1,100,20.4840
1738257743.435208,2246617.000,10392,1,SF,1,100,20.2470
1738257743.702218,2246884.000,10439,1,SF,1,100,20.0128
1738257744.035230,2247217.000,10488,1,SF,1,100,19.7813
1738257744.435245,2247617.000,10552,1,SF,1,100,21.6347
1738257744.702255,2247884.000,10598,1,SF,1,100,21.3844
1738257745.035267,2248217.000,10646,1,SF,1,100,21.1371
1738257745.435282,2248617.000,10710,1,SF,1,100,20.8926
1738257745.768294,2248950.000,10756,1,SF,1,100,20.6509
1738257746.102307,2249284.000,10810,1,SF,1,100,20.4120
1738257746.368316,2249550.000,10858,1,SF,1,100,20.1758
1738257746.701329,2249883.000,10904,1,SF,1,100,19.9425
1738257747.035341,2250217.000,10951,1,SF,1,100,19.7118
1738257747.435356,2250617.000,11015,1,SF,1,100,19.4837
1738257747.701365,2250883.000,11064,1,SF,1,100,21.3406
1738257748.034378,2251216.000,11113,1,SF,1,100,21.0937
1738257748.435392,2251617.000,11175,1,SF,1,100,20.8497
1738257748.701402,2251883.000,11221,1,SF,1,100,20.6085
1738257749.034415,2252216.000,11271,1,SF,1,100,20.3701
1738257749.368427,2252550.000,11317,1,SF,1,100,20.1345
1738257749.768441,2252950.000,11379,1,SF,1,100,19.9016
1738257750.034451,2253216.000,11426,1,SF,1,100,19.6713
1738257750.368464,2253550.000,11474,1,SF,1,100,19.4438
1738257750.768478,2253950.000,11537,1,SF,1,100,19.2188
1738257751.034488,2254216.000,11591,1,SF,1,100,18.9965
1738257751.368500,2254550.000,11637,1,SF,1,100,18.7768
1738257751.701513,2254883.000,11684,1,SF,1,100,18.5596
1738257752.101527,2255283.000,11746,1,SF,1,100,18.3449
1738257752.367537,2255549.000,11793,1,SF,1,100,18.1326
1738257752.701550,2255883.000,11840,1,SF,1,100,17.9229
1738257753.101564,2256283.000,11906,1,SF,1,100,19.7978
1738257753.434577,2256616.000,11952,1,SF,1,100,19.5688
1738257753.701586,2256883.000,12002,1,SF,1,100,21.4247
1738257754.034599,2257216.000,12052,1,SF,1,100,21.1768
1738257754.434613,2257616.000,12114,1,SF,1,100,20.9318
1738257754.700623,2257882.000,12161,1,SF,1,100,20.6897
1738257755.034635,2258216.000,12211,1,SF,1,100,22.5326
1738257755.434650,2258616.000,12274,1,SF,1,100,22.2720
1738257755.767662,2258949.000,12321,1,SF,1,100,22.0143
1738257756.034672,2259216.000,12367,1,SF,1,100,21.7597
1738257756.367685,2259549.000,12421,1,SF,1,100,23.5902
1738257756.767699,2259949.000,12485,1,SF,1,100,23.3173
1738257757.034709,2260216.000,12532,1,SF,1,100,23.0476
1738257757.367721,2260549.000,12579,1,SF,1,100,22.7809
1738257757.767736,2260949.000,12641,1,SF,1,100,22.5174
1738257758.100748,2261282.000,12687,1,SF,1,100,22.2569
1738257758.367758,2261549.000,12737,1,SF,1,100,24.0817
1738257758.700770,2261882.000,12783,1,SF,1,100,23.8031
1738257759.100785,2262282.000,12849,1,SF,1,100,25.6100
1738257759.367795,2262549.000,12896,1,SF,1,100,25.3138
1738257759.700807,2262882.000,12942,1,SF,1,100,25.0209
1738257760.100822,2263282.000,13005,1,SF,1,100,24.7315
1738257760.433834,2263615.000,13052,1,SF,1,100,24.4454
1738257760.700844,2263882.000,13098,1,SF,1,100,24.1626
1738257761.033856,2264215.000,13147,1,SF,1,100,23.8831
1738257761.366868,2264548.000,13197,1,SF,1,100,23.6068
1738257761.767883,2264949.000,13259,1,SF,1,100,23.3337
1738257762.100896,2265282.000,13306,1,SF,1,100,23.0638
1738257762.366905,2265548.000,13353,1,SF,1,100,22.7970
1738257762.700918,2265882.000,13400,1,SF,1,100,22.5333
1738257763.100932,2266282.000,13462,1,SF,1,100,22.2726
1738257763.366942,2266548.000,13508,1,SF,1,100,22.0150
1738257763.700954,2266882.000,13556,1,SF,1,100,21.7603
1738257764.033967,2267215.000,13604,1,SF,1,100,21.5086
1738257764.433981,2267615.000,13666,1,SF,1,100,21.2598
1738257764.700991,2267882.000,13713,1,SF,1,100,21.0138
1738257765.034003,2268215.000,13759,1,SF,1,100,20.7707
1738257765.434018,2268615.000,13822,1,SF,1,100,20.5305
1738257765.767030,2268948.000,13869,1,SF,1,100,20.2930
1738257766.034040,2269215.000,13915,1,SF,1,100,20.0582
1738257766.434055,2269615.000,13967,1,SF,1,100,19.8262
1738257766.700065,2269881.000,13999,1,SF,1,100,19.5968
1738257767.100080,2270281.000,14061,1,SF,1,100,19.3701
1738257767.367090,2270548.000,14108,1,SF,1,100,19.1461
1738257767.700102,2270881.000,14154,1,SF,1,100,18.9246
1738257768.100116,2271281.000,14216,1,SF,1,100,18.7056
1738257768.367126,2271548.000,14264,1,SF,1,100,18.4893
1738257768.700139,2271881.000,14310,1,SF,1,100,18.2754
1738257769.033151,2272214.000,14359,1,SF,1,100,18.0640
1738257769.433166,2272614.000,14421,1,SF,1,100,17.8550
1738257769.700175,2272881.000,14472,1,SF,1,100,19.7307
1738257770.033188,2273214.000,14519,1,SF,1,100,19.5025
1738257770.433203,2273614.000,14583,1,SF,1,100,21.3591
1738257770.700212,2273881.000,14631,1,SF,1,100,21.1120
1738257771.033225,2274214.000,14679,1,SF,1,100,20.8678
1738257771.367237,2274548.000,14725,1,SF,1,100,20.6264
1738257771.766252,2274947.000,14794,1,SF,1,100,20.3878
1738257772.033261,2275214.000,14843,1,SF,1,100,22.2342
1738257772.366274,2275547.000,14889,1,SF,1,100,21.9770
1738257772.766288,2275947.000,14952,1,SF,1,100,21.7228
1738257773.100301,2276281.000,14999,1,SF,1,100,21.4715
1738257773.366310,2276547.000,15045,1,SF,1,100,21.2231
1738257773.700323,2276881.000,15092,1,SF,1,100,20.9776
1738257774.100338,2277281.000,15156,1,SF,1,100,20.7349
1738257774.366347,2277547.000,15203,1,SF,1,100,20.4950
1738257774.700360,2277881.000,15250,1,SF,1,100,20.2580
1738257775.033372,2278214.000,15296,1,SF,1,100,20.0236
1738257775.433387,2278614.000,15358,1,SF,1,100,19.7920
1738257775.699396,2278880.000,15406,1,SF,1,100,19.5630
1738257776.033409,2279214.000,15452,1,SF,1,100,19.3367
1738257776.433423,2279614.000,15514,1,SF,1,100,19.1130
1738257776.699433,2279880.000,15566,1,SF,1,100,18.8919
1738257777.033445,2280214.000,15613,1,SF,1,100,18.6734
1738257777.366458,2280547.000,15660,1,SF,1,100,18.4574
1738257777.766472,2280947.000,15722,1,SF,1,100,18.2438
1738257778.033482,2281214.000,15768,1,SF,1,100,18.0328
1738257778.366494,2281547.000,15815,1,SF,1,100,17.8242
1738257778.766509,2281947.000,15880,1,SF,1,100,17.6180
1738257779.099521,2282280.000,15926,1,SF,1,100,17.4142
1738257779.366531,2282547.000,15973,1,SF,1,100,17.2128
1738257779.699543,2282880.000,16019,1,SF,1,100,17.0136
1738257780.099558,2283280.000,16083,1,SF,1,100,16.8168
1738257780.366568,2283547.000,16131,1,SF,1,100,16.6223
1738257780.699580,2283880.000,16177,1,SF,1,100,16.4300
1738257781.099595,2284280.000,16239,1,SF,1,100,16.2399
1738257781.432607,2284613.000,16286,1,SF,1,100,16.0521
1738257781.832622,2285013.000,16337,1,SF,1,100,15.8664
1738257782.032629,2285213.000,16369,1,SF,1,100,15.6828
1738257782.432644,2285613.000,16433,1,SF,1,100,15.5014
1738257782.699654,2285880.000,16479,1,SF,1,100,15.3221
1738257783.032666,2286213.000,16526,1,SF,1,100,15.1448
1738257783.432681,2286613.000,16589,1,SF,1,100,14.9696
1738257783.765693,2286946.000,16635,1,SF,1,100,14.7965
1738257784.032703,2287213.000,16684,1,SF,1,100,14.6253
1738257784.365716,2287546.000,16730,1,SF,1,100,14.4561
1738257784.765730,2287946.000,16792,1,SF,1,100,14.2889
1738257785.032740,2288213.000,16840,1,SF,1,100,14.1236
1738257785.365752,2288546.000,16888,1,SF,1,100,13.9602
1738257785.765767,2288946.000,16950,1,SF,1,100,13.7987
1738257786.098779,2289279.000,16997,1,SF,1,100,13.6391
1738257786.365789,2289546.000,17044,1,SF,1,100,13.4813
1738257786.698801,2289879.000,17091,1,SF,1,100,13.3254
1738257787.032814,2290213.000,17142,1,SF,1,100,13.1712
1738257787.365826,2290546.000,17189,1,SF,1,100,13.0189
1738257787.765841,2290946.000,17251,1,SF,1,100,12.8682
1738257788.032851,2291213.000,17297,1,SF,1,100,12.7194
1738257788.365863,2291546.000,17345,1,SF,1,100,12.5722
1738257788.698875,2291879.000,17391,1,SF,1,100,12.4268
1738257789.098890,2292279.000,17455,1,SF,1,100,12.2831
1738257789.365900,2292546.000,17504,1,SF,1,100,14.2232
1738257789.698912,2292879.000,17552,1,SF,1,100,14.0587
1738257790.098927,2293279.000,17614,1,SF,1,100,13.8961
1738257790.365936,2293546.000,17664,1,SF,1,100,13.7353
1738257790.698949,2293879.000,17710,1,SF,1,100,13.5764
1738257791.031961,2294212.000,17757,1,SF,1,100,13.4194
1738257791.431976,2294612.000,17819,1,SF,1,100,13.2641
1738257791.698985,2294879.000,17866,1,SF,1,100,13.1107
1738257792.099000,2295279.000,17918,1,SF,1,100,12.9590
1738257792.365010,2295545.000,17965,1,SF,1,100,12.8091
1738257792.699022,2295879.000,18012,1,SF,1,100,12.6609
1738257793.099037,2296279.000,18074,1,SF,1,100,12.5145
1738257793.365047,2296545.000,18120,1,SF,1,100,12.3697
1738257793.699059,2296879.000,18168,1,SF,1,100,12.2266
1738257794.032071,2297212.000,18216,1,SF,1,100,12.0852
1738257794.432086,2297612.000,18278,1,SF,1,100,11.9454
1738257794.698096,2297878.000,18325,1,SF,1,100,11.8072
1738257795.032108,2298212.000,18371,1,SF,1,100,11.6706
1738257795.432123,2298612.000,18433,1,SF,1,100,11.5356
1738257795.698133,2298878.000,18481,1,SF,1,100,11.4021
1738257796.032145,2299212.000,18527,1,SF,1,100,11.2702
1738257796.365157,2299545.000,18574,1,SF,1,100,11.1399
1738257796.765172,2299945.000,18636,1,SF,1,100,11.0110
1738257797.032182,2300212.000,18683,1,SF,1,100,10.8836
1738257797.365194,2300545.000,18734,1,SF,1,100,10.7577
1738257797.698206,2300878.000,18781,1,SF,1,100,10.6333
1738257798.032219,2301212.000,18830,1,SF,1,100,12.5925
1738257798.432233,2301612.000,18892,1,SF,1,100,12.4469
1738257798.698243,2301878.000,18938,1,SF,1,100,12.3029
1738257799.031255,2302211.000,18987,1,SF,1,100,12.1605
1738257799.431270,2302611.000,19052,1,SF,1,100,12.0199
1738257799.765282,2302945.000,19098,1,SF,1,100,11.8808
1738257800.031292,2303211.000,19145,1,SF,1,100,11.7434
1738257800.365304,2303545.000,19191,1,SF,1,100,11.6075
1738257800.765319,2303945.000,19253,1,SF,1,100,11.4733
1738257801.031329,2304211.000,19301,1,SF,1,100,11.3405
1738257801.364341,2304544.000,19347,1,SF,1,100,11.2094
1738257801.765356,2304945.000,19411,1,SF,1,100,11.0797
1738257802.098368,2305278.000,19458,1,SF,1,100,10.9515
1738257802.364378,2305544.000,19514,1,SF,1,100,12.9071
1738257802.698390,2305878.000,19561,1,SF,1,100,12.7578
1738257803.098405,2306278.000,19623,1,SF,1,100,12.6102
1738257803.364415,2306544.000,19669,1,SF,1,100,12.4643
1738257803.698427,2306878.000,19716,1,SF,1,100,12.3201
1738257804.098442,2307278.000,19781,1,SF,1,100,12.1776
1738257804.431454,2307611.000,19827,1,SF,1,100,12.0367
1738257804.698464,2307878.000,19874,1,SF,1,100,11.8975
1738257805.031476,2308211.000,19920,1,SF,1,100,11.7599
1738257805.431491,2308611.000,19984,1,SF,1,100,13.7061
1738257805.698501,2308878.000,20032,1,SF,1,100,13.5475
1738257806.031513,2309211.000,20078,1,SF,1,100,13.3908
1738257806.364525,2309544.000,20125,1,SF,1,100,13.2359
1738257806.764540,2309944.000,20187,1,SF,1,100,13.0828
1738257807.031550,2310211.000,20234,1,SF,1,100,12.9314
1738257807.431565,2310611.000,20284,1,SF,1,100,12.7818
1738257807.697575,2310877.000,20332,1,SF,1,100,12.6340
1738257808.030587,2311210.000,20378,1,SF,1,100,12.4878
1738257808.364599,2311544.000,20425,1,SF,1,100,12.3434
1738257808.764614,2311944.000,20489,1,SF,1,100,12.2006
1738257809.031624,2312211.000,20536,1,SF,1,100,12.0594
1738257809.364636,2312544.000,20583,1,SF,1,100,11.9199
1738257809.764651,2312944.000,20645,1,SF,1,100,11.7821
1738257810.030660,2313210.000,20691,1,SF,1,100,11.6458
1738257810.364673,2313544.000,20741,1,SF,1,100,11.5110
1738257810.697685,2313877.000,20787,1,SF,1,100,11.3779
1738257811.097700,2314277.000,20851,1,SF,1,100,11.2463
1738257811.364710,2314544.000,20898,1,SF,1,100,11.1162
1738257811.697722,2314877.000,20944,1,SF,1,100,10.9876
1738257812.097737,2315277.000,21006,1,SF,1,100,10.8605
1738257812.364746,2315544.000,21054,1,SF,1,100,10.7348
1738257812.763761,2315943.000,21106,1,SF,1,100,10.6106
1738257813.030771,2316210.000,21153,1,SF,1,100,10.4879
1738257813.363783,2316543.000,21200,1,SF,1,100,10.3666
1738257813.697795,2316877.000,21248,1,SF,1,100,12.3289
1738257814.097810,2317277.000,21312,1,SF,1,100,12.1863
1738257814.363820,2317543.000,21360,1,SF,1,100,12.0453
1738257814.696832,2317876.000,21408,1,SF,1,100,11.9060
1738257815.097847,2318277.000,21470,1,SF,1,100,11.7682
1738257815.363857,2318543.000,21517,1,SF,1,100,11.6321
1738257815.696869,2318876.000,21564,1,SF,1,100,11.4975
1738257816.030881,2319210.000,21611,1,SF,1,100,11.3645
1738257816.430896,2319610.000,21673,1,SF,1,100,11.2331
1738257816.696906,2319876.000,21721,1,SF,1,100,11.1031
1738257817.030918,2320210.000,21768,1,SF,1,100,10.9747
1738257817.430933,2320610.000,21831,1,SF,1,100,10.8477
1738257817.763945,2320943.000,21884,1,SF,1,100,10.7222
1738257818.030955,2321210.000,21931,1,SF,1,100,10.5982
1738257818.363967,2321543.000,21977,1,SF,1,100,10.4756
1738257818.763982,2321943.000,22041,1,SF,1,100,10.3544
1738257819.029992,2322209.000,22089,1,SF,1,100,10.2346
1738257819.364004,2322543.000,22135,1,SF,1,100,10.1163
1738257819.697016,2322876.000,22182,1,SF,1,100,9.9992
1738257820.097031,2323276.000,22244,1,SF,1,100,9.8836
1738257820.364041,2323543.000,22291,1,SF,1,100,9.7692
1738257820.697053,2323876.000,22338,1,SF,1,100,9.6562
1738257821.097068,2324276.000,22400,1,SF,1,100,9.5445
1738257821.364078,2324543.000,22446,1,SF,1,100,9.4341
1738257821.697090,2324876.000,22494,1,SF,1,100,9.3250
1738257822.030102,2325209.000,22542,1,SF,1,100,11.2993
1738257822.430117,2325609.000,22604,1,SF,1,100,11.1686
1738257822.697127,2325876.000,22656,1,SF,1,100,11.0394
1738257823.030139,2326209.000,22702,1,SF,1,100,10.9117
1738257823.430154,2326609.000,22764,1,SF,1,100,10.7855
1738257823.697164,2326876.000,22812,1,SF,1,100,10.6607
1738257824.030176,2327209.000,22860,1,SF,1,100,10.5374
1738257824.363188,2327542.000,22907,1,SF,1,100,10.4155
1738257824.763203,2327942.000,22969,1,SF,1,100,10.2950
1738257825.030213,2328209.000,23016,1,SF,1,100,10.1759
1738257825.363225,2328542.000,23063,1,SF,1,100,10.0582
1738257825.763240,2328942.000,23125,1,SF,1,100,9.9419
1738257826.096252,2329275.000,23171,1,SF,1,100,9.8268
1738257826.363262,2329542.000,23221,1,SF,1,100,11.7954
1738257826.696274,2329875.000,23267,1,SF,1,100,11.6590
1738257827.096289,2330275.000,23329,1,SF,1,100,11.5241
1738257827.363299,2330542.000,23376,1,SF,1,100,11.3908
1738257827.696311,2330875.000,23422,1,SF,1,100,11.2590
1738257828.096326,2331275.000,23475,1,SF,1,100,13.2110
1738257828.430338,2331609.000,23522,1,SF,1,100,13.0582
1738257828.696348,2331875.000,23568,1,SF,1,100,12.9071
1738257829.029360,2332208.000,23617,1,SF,1,100,12.7578
1738257829.429375,2332608.000,23679,1,SF,1,100,12.6102
1738257829.696384,2332875.000,23726,1,SF,1,100,12.4644
1738257830.029397,2333208.000,23773,1,SF,1,100,12.3202
1738257830.429411,2333608.000,23837,1,SF,1,100,14.2599
1738257830.696421,2333875.000,23883,1,SF,1,100,14.0950
1738257831.029434,2334208.000,23931,1,SF,1,100,13.9319
1738257831.362446,2334541.000,23977,1,SF,1,100,13.7707
1738257831.762461,2334941.000,24039,1,SF,1,100,13.6114
1738257832.029470,2335208.000,24086,1,SF,1,100,13.4540
1738257832.362483,2335541.000,24132,1,SF,1,100,13.2983
1738257832.762497,2335941.000,24195,1,SF,1,100,13.1445
1738257833.029507,2336208.000,24232,1,SF,1,100,12.9925
1738257833.429522,2336608.000,24295,1,SF,1,100,12.8422
1738257833.762534,2336941.000,24343,1,SF,1,100,12.6936
1738257834.029544,2337208.000,24390,1,SF,1,100,12.5468
1738257834.362556,2337541.000,24436,1,SF,1,100,12.4016
1738257834.762571,2337941.000,24498,1,SF,1,100,12.2582
1738257835.029581,2338208.000,24546,1,SF,1,100,12.1163
1738257835.362593,2338541.000,24592,1,SF,1,100,11.9762
1738257835.762608,2338941.000,24654,1,SF,1,100,11.8376
1738257836.029618,2339208.000,24701,1,SF,1,100,11.7007
1738257836.362630,2339541.000,24750,1,SF,1,100,13.6476
1738257836.695642,2339874.000,24797,1,SF,1,100,13.4897
1738257837.095657,2340274.000,24859,1,SF,1,100,13.3337
1738257837.362667,2340541.000,24905,1,SF,1,100,13.1794
1738257837.695679,2340874.000,24952,1,SF,1,100,13.0270
1738257838.095694,2341274.000,25022,1,SF,1,100,12.8763
1738257838.428706,2341607.000,25068,1,SF,1,100,12.7273
1738257838.695716,2341874.000,25115,1,SF,1,100,12.5801
1738257839.028728,2342207.000,25163,1,SF,1,100,12.4346
1738257839.428743,2342607.000,25225,1,SF,1,100,12.2907
1738257839.695753,2342874.000,25275,1,SF,1,100,14.2308
1738257840.028765,2343207.000,25321,1,SF,1,100,14.0662
1738257840.428780,2343607.000,25383,1,SF,1,100,13.9035
1738257840.762792,2343941.000,25430,1,SF,1,100,13.7426
1738257841.028802,2344207.000,25477,1,SF,1,100,13.5836
1738257841.361814,2344540.000,25524,1,SF,1,100,13.4265
1738257841.762829,2344941.000,25586,1,SF,1,100,13.2712
1738257842.028839,2345207.000,25632,1,SF,1,100,13.1177
1738257842.361851,2345540.000,25680,1,SF,1,100,12.9659
1738257842.695863,2345874.000,25726,1,SF,1,100,12.8159
1738257843.095878,2346274.000,25790,1,SF,1,100,14.7499
1738257843.361888,2346540.000,25826,1,SF,1,100,14.5793
1738257843.761902,2346940.000,25890,1,SF,1,100,14.4106
1738257844.028912,2347207.000,25936,1,SF,1,100,14.2439
1738257844.361924,2347540.000,25984,1,SF,1,100,14.0792
1738257844.695937,2347874.000,26030,1,SF,1,100,13.9163
1738257845.094952,2348273.000,26092,1,SF,1,100,13.7553
1738257845.361961,2348540.000,26139,1,SF,1,100,13.5962
1738257845.694974,2348873.000,26185,1,SF,1,100,13.4389
1738257846.094988,2349273.000,26247,1,SF,1,100,13.2834
1738257846.361998,2349540.000,26295,1,SF,1,100,13.1298
1738257846.695010,2349873.000,26341,1,SF,1,100,12.9779
1738257847.029023,2350207.000,26388,1,SF,1,100,12.8278
1738257847.429038,2350607.000,26450,1,SF,1,100,12.6794
1738257847.695047,2350873.000,26499,1,SF,1,100,14.6149
1738257848.028059,2351206.000,26546,1,SF,1,100,14.4459
1738257848.429074,2351607.000,26615,1,SF,1,100,14.2788
1738257848.695084,2351873.000,26661,1,SF,1,100,14.1136
1738257849.028096,2352206.000,26711,1,SF,1,100,13.9503
1738257849.362109,2352540.000,26757,1,SF,1,100,13.7889
1738257849.762123,2352940.000,26819,1,SF,1,100,13.6294
1738257850.028133,2353206.000,26866,1,SF,1,100,13.4718
1738257850.362145,2353540.000,26912,1,SF,1,100,13.3159
1738257850.762160,2353940.000,26977,1,SF,1,100,15.2441
1738257851.028170,2354206.000,27024,1,SF,1,100,15.0678
1738257851.362182,2354540.000,27070,1,SF,1,100,14.8935
1738257851.695194,2354873.000,27117,1,SF,1,100,14.7212
1738257852.095209,2355273.000,27179,1,SF,1,100,14.5509
1738257852.362219,2355540.000,27226,1,SF,1,100,14.3826
1738257852.695231,2355873.000,27273,1,SF,1,100,14.2162
1738257853.028244,2356206.000,27319,1,SF,1,100,14.0517
1738257853.495261,2356673.000,27389,1,SF,1,100,15.9714
1738257853.695268,2356873.000,27420,1,SF,1,100,15.7867
1738257854.095283,2357273.000,27484,1,SF,1,100,15.6041
1738257854.361293,2357539.000,27531,1,SF,1,100,15.4236
1738257854.694305,2357872.000,27578,1,SF,1,100,15.2451
1738257855.095320,2358273.000,27640,1,SF,1,100,15.0688
1738257855.428332,2358606.000,27686,1,SF,1,100,14.8945
1738257855.694342,2358872.000,27734,1,SF,1,100,14.7222
1738257856.028354,2359206.000,27780,1,SF,1,100,14.5519
1738257856.428369,2359606.000,27842,1,SF,1,100,14.3835
1738257856.694379,2359872.000,27889,1,SF,1,100,14.2171
1738257857.028391,2360206.000,27935,1,SF,1,100,14.0527
1738257857.428406,2360606.000,27998,1,SF,1,100,13.8901
1738257857.761418,2360939.000,28047,1,SF,1,100,15.8117
1738257858.028428,2361206.000,28093,1,SF,1,100,15.6288
1738257858.361440,2361539.000,28140,1,SF,1,100,15.4480
1738257858.761455,2361939.000,28211,1,SF,1,100,15.2693
1738257859.027465,2362205.000,28258,1,SF,1,100,15.0926
1738257859.361477,2362539.000,28305,1,SF,1,100,14.9180
1738257859.761492,2362939.000,28367,1,SF,1,100,14.7455
1738257860.094504,2363272.000,28413,1,SF,1,100,14.5749
1738257860.361514,2363539.000,28461,1,SF,1,100,14.4063
1738257860.694526,2363872.000,28507,1,SF,1,100,14.2396
1738257861.094541,2364272.000,28569,1,SF,1,100,14.0749
1738257861.361551,2364539.000,28616,1,SF,1,100,13.9121
1738257861.694563,2364872.000,28663,1,SF,1,100,13.7511
1738257862.027575,2365205.000,28710,1,SF,1,100,13.5921
1738257862.427590,2365605.000,28774,1,SF,1,100,13.4348
1738257862.694600,2365872.000,28820,1,SF,1,100,13.2794
1738257863.027612,2366205.000,28869,1,SF,1,100,13.1258
1738257863.427627,2366605.000,28933,1,SF,1,100,12.9740
1738257863.694636,2366872.000,28985,1,SF,1,100,12.8239
1738257864.027649,2367205.000,29034,1,SF,1,100,12.6755
1738257864.360661,2367538.000,29080,1,SF,1,100,12.5289
1738257864.760676,2367938.000,29142,1,SF,1,100,12.3840
1738257865.027685,2368205.000,29190,1,SF,1,100,12.2407
1738257865.360698,2368538.000,29236,1,SF,1,100,12.0991
1738257865.760712,2368938.000,29298,1,SF,1,100,11.9591
1738257866.027722,2369205.000,29345,1,SF,1,100,11.8208
1738257866.360734,2369538.000,29392,1,SF,1,100,11.6841
1738257866.693747,2369871.000,29439,1,SF,1,100,11.5489
1738257867.093761,2370271.000,29501,1,SF,1,100,11.4153
1738257867.360771,2370538.000,29549,1,SF,1,100,13.3655
1738257867.693784,2370871.000,29596,1,SF,1,100,13.2109
1738257868.093798,2371271.000,29658,1,SF,1,100,13.0581
1738257868.360808,2371538.000,29705,1,SF,1,100,12.9070
1738257868.693820,2371871.000,29757,1,SF,1,100,12.7577
1738257869.026833,2372204.000,29805,1,SF,1,100,12.6101
1738257869.426847,2372604.000,29868,1,SF,1,100,12.4642
1738257869.760860,2372938.000,29915,1,SF,1,100,12.3201
1738257870.026870,2373204.000,29963,1,SF,1,100,12.1775
1738257870.360882,2373538.000,30010,1,SF,1,100,12.0367
1738257870.760896,2373938.000,30072,1,SF,1,100,11.8974
1738257871.026906,2374204.000,30121,1,SF,1,100,11.7598
1738257871.360919,2374538.000,30168,1,SF,1,100,11.6238
1738257871.693931,2374871.000,30214,1,SF,1,100,11.4893
1738257872.093946,2375271.000,30278,1,SF,1,100,11.3564
1738257872.359956,2375537.000,30326,1,SF,1,100,11.2250
1738257872.693968,2375871.000,30372,1,SF,1,100,11.0952
1738257873.093982,2376271.000,30434,1,SF,1,100,10.9668
1738257873.359992,2376537.000,30481,1,SF,1,100,10.8399
1738257873.694005,2376871.000,30528,1,SF,1,100,10.7145
1738257874.027017,2377204.000,30580,1,SF,1,100,10.5906
1738257874.360029,2377537.000,30628,1,SF,1,100,10.4681
1738257874.693041,2377870.000,30674,1,SF,1,100,10.3470
1738257875.094056,2378271.000,30738,1,SF,1,100,10.2273
1738257875.360066,2378537.000,30787,1,SF,1,100,12.1912
1738257875.693078,2378870.000,30833,1,SF,1,100,12.0502
1738257876.093093,2379270.000,30897,1,SF,1,100,11.9108
1738257876.360103,2379537.000,30945,1,SF,1,100,11.7730
1738257876.693115,2379870.000,30991,1,SF,1,100,11.6368
1738257877.027127,2380204.000,31038,1,SF,1,100,11.5022
1738257877.427142,2380604.000,31100,1,SF,1,100,11.3692
1738257877.693152,2380870.000,31147,1,SF,1,100,11.2376
1738257878.027164,2381204.000,31194,1,SF,1,100,11.1076
1738257878.426179,2381603.000,31258,1,SF,1,100,10.9791
1738257878.760191,2381937.000,31308,1,SF,1,100,12.9344
1738257879.093203,2382270.000,31361,1,SF,1,100,12.7848
1738257879.360213,2382537.000,31409,1,SF,1,100,14.7191
1738257879.693225,2382870.000,31457,1,SF,1,100,14.5489
1738257880.026238,2383203.000,31503,1,SF,1,100,14.3806
1738257880.426252,2383603.000,31565,1,SF,1,100,14.2142
1738257880.693262,2383870.000,31612,1,SF,1,100,14.0498
1738257881.026274,2384203.000,31658,1,SF,1,100,13.8872
1738257881.426289,2384603.000,31720,1,SF,1,100,13.7266
1738257881.693299,2384870.000,31768,1,SF,1,100,13.5678
1738257882.026311,2385203.000,31814,1,SF,1,100,13.4108
1738257882.359324,2385536.000,31863,1,SF,1,100,15.3380
1738257882.759338,2385936.000,31925,1,SF,1,100,15.1605
1738257883.026348,2386203.000,31972,1,SF,1,100,14.9852
1738257883.359360,2386536.000,32019,1,SF,1,100,14.8118
1738257883.759375,2386936.000,32083,1,SF,1,100,14.6405
1738257884.093387,2387270.000,32129,1,SF,1,100,14.4711
1738257884.426400,2387603.000,32182,1,SF,1,100,14.3037
1738257884.693410,2387870.000,32228,1,SF,1,100,14.1382
1738257885.026422,2388203.000,32276,1,SF,1,100,13.9747
1738257885.359434,2388536.000,32322,1,SF,1,100,13.8130
1738257885.759449,2388936.000,32386,1,SF,1,100,15.7355
1738257886.026459,2389203.000,32433,1,SF,1,100,15.5534
1738257886.359471,2389536.000,32479,1,SF,1,100,15.3735
1738257886.759486,2389936.000,32541,1,SF,1,100,15.1957
1738257887.026495,2390203.000,32589,1,SF,1,100,15.0199
1738257887.359508,2390536.000,32635,1,SF,1,100,14.8461
1738257887.692520,2390869.000,32682,1,SF,1,100,14.6744
1738257888.092535,2391269.000,32744,1,SF,1,100,14.5047
1738257888.359545,2391536.000,32791,1,SF,1,100,14.3369
1738257888.692557,2391869.000,32838,1,SF,1,100,14.1710
1738257889.092571,2392269.000,32902,1,SF,1,100,14.0071
1738257889.359581,2392536.000,32938,1,SF,1,100,13.8450
1738257889.759596,2392936.000,33004,1,SF,1,100,15.7671
1738257890.025606,2393202.000,33050,1,SF,1,100,15.5847
1738257890.359618,2393536.000,33099,1,SF,1,100,15.4045
1738257890.759633,2393936.000,33161,1,SF,1,100,15.2263
1738257891.025643,2394202.000,33210,1,SF,1,100,17.1324
1738257891.359655,2394536.000,33257,1,SF,1,100,16.9342
1738257891.692667,2394869.000,33303,1,SF,1,100,16.7383
1738257892.092682,2395269.000,33365,1,SF,1,100,16.5447
1738257892.358692,2395535.000,33413,1,SF,1,100,16.3533
1738257892.692704,2395869.000,33459,1,SF,1,100,16.1641
1738257893.092719,2396269.000,33521,1,SF,1,100,15.9771
1738257893.358729,2396535.000,33568,1,SF,1,100,15.7923
1738257893.692741,2396869.000,33615,1,SF,1,100,15.6096
1738257894.025753,2397202.000,33664,1,SF,1,100,15.4290
1738257894.491770,2397668.000,33733,1,SF,1,100,15.2505
1738257894.692778,2397869.000,33765,1,SF,1,100,15.0741
1738257895.091792,2398268.000,33827,1,SF,1,100,14.8997
1738257895.358802,2398535.000,33873,1,SF,1,100,14.7274
1738257895.691815,2398868.000,33920,1,SF,1,100,14.5570
1738257896.091829,2399268.000,33983,1,SF,1,100,14.3886
1738257896.425842,2399602.000,34029,1,SF,1,100,14.2222
1738257896.691851,2399868.000,34076,1,SF,1,100,14.0576
1738257897.025864,2400202.000,34122,1,SF,1,100,13.8950
1738257897.425878,2400602.000,34184,1,SF,1,100,13.7343
1738257897.691888,2400868.000,34232,1,SF,1,100,13.5754
1738257898.025901,2401202.000,34280,1,SF,1,100,15.5006
1738257898.424915,2401601.000,34342,1,SF,1,100,15.3213
1738257898.758928,2401935.000,34391,1,SF,1,100,15.1441
1738257899.025937,2402202.000,34438,1,SF,1,100,14.9689
1738257899.358950,2402535.000,34485,1,SF,1,100,14.7957
1738257899.691962,2402868.000,34536,1,SF,1,100,14.6246
1738257900.024974,2403201.000,34583,1,SF,1,100,14.4554
1738257900.424989,2403601.000,34645,1,SF,1,100,14.2882
1738257900.691999,2403868.000,34691,1,SF,1,100,14.1229
1738257901.025011,2404201.000,34738,1,SF,1,100,13.9595
1738257901.425026,2404601.000,34800,1,SF,1,100,13.7980
1738257901.692035,2404868.000,34847,1,SF,1,100,13.6384
1738257902.025048,2405201.000,34894,1,SF,1,100,13.4806
1738257902.358060,2405534.000,34944,1,SF,1,100,15.4069
1738257902.758075,2405934.000,35006,1,SF,1,100,15.2287
1738257903.025084,2406201.000,35056,1,SF,1,100,17.1348
1738257903.358097,2406534.000,35102,1,SF,1,100,16.9366
1738257903.758111,2406934.000,35166,1,SF,1,100,16.7407
1738257904.025121,2407201.000,35215,1,SF,1,100,16.5470
1738257904.358134,2407534.000,35262,1,SF,1,100,16.3556
1738257904.691146,2407867.000,35312,1,SF,1,100,16.1664
1738257905.025158,2408201.000,35358,1,SF,1,100,15.9794
1738257905.425173,2408601.000,35422,1,SF,1,100,15.7945
1738257905.691183,2408867.000,35470,1,SF,1,100,15.6118
1738257906.025195,2409201.000,35516,1,SF,1,100,15.4312
1738257906.358207,2409534.000,35563,1,SF,1,100,15.2527
1738257906.758222,2409934.000,35625,1,SF,1,100,15.0762
1738257907.025232,2410201.000,35674,1,SF,1,100,14.9018
1738257907.358244,2410534.000,35721,1,SF,1,100,14.7295
1738257907.758259,2410934.000,35783,1,SF,1,100,14.5591
1738257908.025269,2411201.000,35829,1,SF,1,100,14.3906
1738257908.358281,2411534.000,35879,1,SF,1,100,14.2242
1738257908.691293,2411867.000,35925,1,SF,1,100,14.0596
1738257909.091308,2412267.000,35989,1,SF,1,100,13.8970
1738257909.358318,2412534.000,36036,1,SF,1,100,13.7362
1738257909.691330,2412867.000,36084,1,SF,1,100,13.5773
1738257910.024342,2413200.000,36139,1,SF,1,100,13.4203
1738257910.358355,2413534.000,36185,1,SF,1,100,13.2650
1738257910.758369,2413934.000,36249,1,SF,1,100,13.1116
1738257911.024379,2414200.000,36297,1,SF,1,100,12.9599
1738257911.358391,2414534.000,36345,1,SF,1,100,12.8100
1738257911.691404,2414867.000,36392,1,SF,1,100,12.6618
1738257912.091419,2415267.000,36454,1,SF,1,100,12.5153
1738257912.357428,2415533.000,36503,1,SF,1,100,12.3705
1738257912.691441,2415867.000,36550,1,SF,1,100,12.2274
1738257913.091455,2416267.000,36612,1,SF,1,100,12.0860
1738257913.424468,2416600.000,36660,1,SF,1,100,14.0284
1738257913.691477,2416867.000,36708,1,SF,1,100,13.8661
1738257914.024490,2417200.000,36758,1,SF,1,100,15.7880
1738257914.424504,2417600.000,36822,1,SF,1,100,17.6876
1738257914.690514,2417866.000,36869,1,SF,1,100,17.4830
1738257915.091529,2418267.000,36923,1,SF,1,100,19.3630
1738257915.357539,2418533.000,36972,1,SF,1,100,21.2213
1738257915.690551,2418866.000,37020,1,SF,1,100,23.0580
1738257916.090566,2419266.000,37082,1,SF,1,100,22.7913
1738257916.357575,2419533.000,37130,1,SF,1,100,22.5276
1738257916.690588,2419866.000,37176,1,SF,1,100,22.2670
1738257917.024600,2420200.000,37223,1,SF,1,100,22.0094
1738257917.424615,2420600.000,37285,1,SF,1,100,21.7548
1738257917.690624,2420866.000,37332,1,SF,1,100,21.5032
1738257918.024637,2421200.000,37379,1,SF,1,100,21.2544
1738257918.423651,2421599.000,37441,1,SF,1,100,21.0086
1738257918.690661,2421866.000,37487,1,SF,1,100,20.7655
1738257919.023674,2422199.000,37537,1,SF,1,100,20.5253
1738257919.357686,2422533.000,37583,1,SF,1,100,20.2879
1738257919.757701,2422933.000,37645,1,SF,1,100,20.0532
1738257920.090713,2423266.000,37697,1,SF,1,100,19.8212
1738257920.423725,2423599.000,37744,1,SF,1,100,19.5919
1738257920.690735,2423866.000,37791,1,SF,1,100,19.3653
1738257921.023747,2424199.000,37837,1,SF,1,100,19.1413
1738257921.423762,2424599.000,37901,1,SF,1,100,21.0021
1738257921.690772,2424866.000,37951,1,SF,1,100,22.8414
1738257922.023784,2425199.000,38001,1,SF,1,100,24.6594
1738257922.423799,2425599.000,38065,1,SF,1,100,26.4564
1738257922.756811,2425932.000,38114,1,SF,1,100,28.2326
1738257923.023821,2426199.000,38163,1,SF,1,100,29.9882
1738257923.356833,2426532.000,38210,1,SF,1,100,29.6413
1738257923.756848,2426932.000,38274,1,SF,1,100,29.2984
1738257924.023858,2427199.000,38322,1,SF,1,100,28.9595
1738257924.356870,2427532.000,38370,1,SF,1,100,28.6245
1738257924.690882,2427866.000,38416,1,SF,1,100,28.2934
1738257925.089897,2428265.000,38478,1,SF,1,100,27.9661
1738257925.423909,2428599.000,38534,1,SF,1,100,27.6426
1738257925.689919,2428865.000,38581,1,SF,1,100,27.3228
1738257926.023932,2429199.000,38628,1,SF,1,100,27.0067
1738257926.356944,2429532.000,38676,1,SF,1,100,28.7766
1738257926.756958,2429932.000,38740,1,SF,1,100,30.5259
1738257927.023968,2430199.000,38790,1,SF,1,100,32.2551
1738257927.356981,2430532.000,38838,1,SF,1,100,33.9642
1738257927.756995,2430932.000,38902,1,SF,1,100,33.5713
1738257928.090008,2431265.000,38951,1,SF,1,100,35.2652
1738257928.357017,2431532.000,39000,1,SF,1,100,36.9395
1738257928.690030,2431865.000,39051,1,SF,1,100,38.5944
1738257929.090044,2432265.000,39115,1,SF,1,100,38.1479
1738257929.357054,2432532.000,39161,1,SF,1,100,37.7066
1738257929.690066,2432865.000,39209,1,SF,1,100,37.2705
1738257930.023079,2433198.000,39255,1,SF,1,100,36.8393
1738257930.357091,2433532.000,39307,1,SF,1,100,36.4131
1738257930.757106,2433932.000,39369,1,SF,1,100,35.9919
1738257931.023115,2434198.000,39416,1,SF,1,100,35.5756
1738257931.357128,2434532.000,39465,1,SF,1,100,35.1640
1738257931.690140,2434865.000,39511,1,SF,1,100,34.7572
1738257932.090155,2435265.000,39575,1,SF,1,100,34.3552
1738257932.356164,2435531.000,39623,1,SF,1,100,33.9577
1738257932.690177,2435865.000,39669,1,SF,1,100,33.5649
1738257933.090192,2436265.000,39733,1,SF,1,100,33.1766
1738257933.356201,2436531.000,39780,1,SF,1,100,32.7928
1738257933.690214,2436865.000,39827,1,SF,1,100,32.4135
1738257934.090228,2437265.000,39893,1,SF,1,100,32.0385
1738257934.423241,2437598.000,39940,1,SF,1,100,31.6679
1738257934.690250,2437865.000,39986,1,SF,1,100,31.3016
1738257935.023263,2438198.000,40035,1,SF,1,100,30.9395
1738257935.489280,2438664.000,40102,1,SF,1,100,30.5816
1738257935.690287,2438865.000,40133,1,SF,1,100,30.2278
1738257936.089302,2439264.000,40197,1,SF,1,100,29.8781
1738257936.356312,2439531.000,40244,1,SF,1,100,29.5325
1738257936.689324,2439864.000,40293,1,SF,1,100,31.2731
1738257937.089339,2440264.000,40355,1,SF,1,100,30.9113
1738257937.423351,2440598.000,40401,1,SF,1,100,30.5537
1738257937.689361,2440864.000,40449,1,SF,1,100,30.2003
1738257938.023373,2441198.000,40497,1,SF,1,100,29.8509
1738257938.422388,2441597.000,40559,1,SF,1,100,29.5056
1738257938.689398,2441864.000,40606,1,SF,1,100,29.1643
1738257939.022410,2442197.000,40654,1,SF,1,100,28.8269
1738257939.422425,2442597.000,40719,1,SF,1,100,28.4935
1738257939.756437,2442931.000,40766,1,SF,1,100,28.1638
1738257940.022447,2443197.000,40814,1,SF,1,100,27.8380
1738257940.356459,2443531.000,40861,1,SF,1,100,27.5160
1738257940.689471,2443864.000,40913,1,SF,1,100,27.1977
1738257941.022484,2444197.000,40960,1,SF,1,100,26.8831
1738257941.422498,2444597.000,41022,1,SF,1,100,26.5721
1738257941.689508,2444864.000,41069,1,SF,1,100,26.2647
1738257942.022521,2445197.000,41116,1,SF,1,100,25.9609
1738257942.422535,2445597.000,41178,1,SF,1,100,25.6605
1738257942.755548,2445930.000,41228,1,SF,1,100,27.4460
1738257943.022557,2446197.000,41278,1,SF,1,100,29.2107
1738257943.355570,2446530.000,41324,1,SF,1,100,28.8728
1738257943.755584,2446930.000,41388,1,SF,1,100,28.5388
1738257944.022594,2447197.000,41435,1,SF,1,100,28.2087
1738257944.355606,2447530.000,41482,1,SF,1,100,27.8823
1738257944.689619,2447864.000,41529,1,SF,1,100,27.5598
1738257945.088633,2448263.000,41593,1,SF,1,100,27.2410
1738257945.355643,2448530.000,41639,1,SF,1,100,26.9259
1738257945.755658,2448930.000,41693,1,SF,1,100,26.6144
1738257946.022668,2449197.000,41741,1,SF,1,100,26.3065
1738257946.355680,2449530.000,41788,1,SF,1,100,26.0022
1738257946.755695,2449930.000,41850,1,SF,1,100,25.7014
1738257947.022705,2450197.000,41899,1,SF,1,100,25.4041
1738257947.355717,2450530.000,41946,1,SF,1,100,25.1102
1738257947.688729,2450863.000,41992,1,SF,1,100,24.8197
1738257948.088744,2451263.000,42054,1,SF,1,100,24.5326
1738257948.355754,2451530.000,42102,1,SF,1,100,24.2488
1738257948.688766,2451863.000,42148,1,SF,1,100,23.9683
1738257949.088781,2452263.000,42212,1,SF,1,100,23.6910
1738257949.355791,2452530.000,42261,1,SF,1,100,23.4170
1738257949.688803,2452863.000,42308,1,SF,1,100,23.1461
1738257950.021815,2453196.000,42355,1,SF,1,100,22.8783
1738257950.421830,2453596.000,42417,1,SF,1,100,22.6137
1738257950.688840,2453863.000,42465,1,SF,1,100,22.3521
1738257951.088854,2454263.000,42518,1,SF,1,100,22.0935
1738257951.355864,2454530.000,42564,1,SF,1,100,21.8379
1738257951.688876,2454863.000,42613,1,SF,1,100,21.5853
1738257952.088891,2455263.000,42675,1,SF,1,100,21.3356
1738257952.354901,2455529.000,42722,1,SF,1,100,21.0888
1738257952.688913,2455863.000,42771,1,SF,1,100,20.8448
1738257953.088928,2456263.000,42833,1,SF,1,100,20.6037
1738257953.421940,2456596.000,42879,1,SF,1,100,20.3654
1738257953.688950,2456863.000,42929,1,SF,1,100,20.1298
1738257954.021962,2457196.000,42977,1,SF,1,100,19.8969
1738257954.421977,2457596.000,43041,1,SF,1,100,19.6667
1738257954.688987,2457863.000,43088,1,SF,1,100,19.4392
1738257955.021999,2458196.000,43135,1,SF,1,100,19.2144
1738257955.355011,2458529.000,43182,1,SF,1,100,18.9921
1738257955.755026,2458929.000,43246,1,SF,1,100,20.8546
1738257956.088038,2459262.000,43297,1,SF,1,100,20.6134
1738257956.422051,2459596.000,43344,1,SF,1,100,20.3749
1738257956.688061,2459862.000,43390,1,SF,1,100,20.1392
1738257957.022073,2460196.000,43439,1,SF,1,100,19.9063
1738257957.422087,2460596.000,43503,1,SF,1,100,21.7582
1738257957.688097,2460862.000,43552,1,SF,1,100,23.5888
1738257958.022110,2461196.000,43599,1,SF,1,100,23.3159
1738257958.421124,2461595.000,43663,1,SF,1,100,23.0462
1738257958.755136,2461929.000,43711,1,SF,1,100,22.7796
1738257959.022146,2462196.000,43759,1,SF,1,100,22.5161
1738257959.355159,2462529.000,43807,1,SF,1,100,22.2556
1738257959.755173,2462929.000,43869,1,SF,1,100,21.9981
1738257960.021183,2463195.000,43916,1,SF,1,100,21.7437
1738257960.355196,2463529.000,43962,1,SF,1,100,21.4921
1738257960.755210,2463929.000,44025,1,SF,1,100,21.2435
1738257961.088223,2464262.000,44077,1,SF,1,100,20.9978
1738257961.421235,2464595.000,44126,1,SF,1,100,20.7549
1738257961.755247,2464929.000,44173,1,SF,1,100,20.5148
1738257962.021257,2465195.000,44219,1,SF,1,100,20.2775
1738257962.355269,2465529.000,44266,1,SF,1,100,20.0429
1738257962.755284,2465929.000,44330,1,SF,1,100,19.8110
1738257963.021294,2466195.000,44377,1,SF,1,100,19.5819
1738257963.354306,2466528.000,44428,1,SF,1,100,21.4376
1738257963.754321,2466928.000,44492,1,SF,1,100,21.1896
1738257964.088333,2467262.000,44538,1,SF,1,100,20.9445
1738257964.354343,2467528.000,44586,1,SF,1,100,20.7022
1738257964.688355,2467862.000,44632,1,SF,1,100,20.4627
1738257965.088370,2468262.000,44696,1,SF,1,100,20.2260
1738257965.354380,2468528.000,44743,1,SF,1,100,19.9920
1738257965.687392,2468861.000,44790,1,SF,1,100,19.7607
1738257966.021404,2469195.000,44839,1,SF,1,100,19.5321
1738257966.354416,2469528.000,44892,1,SF,1,100,19.3062
1738257966.754431,2469928.000,44957,1,SF,1,100,19.0829
1738257967.087443,2470261.000,45004,1,SF,1,100,18.8621
1738257967.354453,2470528.000,45050,1,SF,1,100,18.6439
1738257967.687465,2470861.000,45099,1,SF,1,100,18.4282
1738257968.087480,2471261.000,45161,1,SF,1,100,18.2151
1738257968.354490,2471528.000,45212,1,SF,1,100,20.0866
1738257968.687502,2471861.000,45259,1,SF,1,100,19.8542
1738257969.020514,2472194.000,45307,1,SF,1,100,19.6246
1738257969.420529,2472594.000,45369,1,SF,1,100,19.3975
1738257969.687539,2472861.000,45419,1,SF,1,100,19.1731
1738257970.020551,2473194.000,45465,1,SF,1,100,18.9514
1738257970.420566,2473594.000,45531,1,SF,1,100,20.8144
1738257970.687576,2473861.000,45578,1,SF,1,100,20.5736
1738257971.020588,2474194.000,45625,1,SF,1,100,20.3356
1738257971.354600,2474528.000,45677,1,SF,1,100,20.1004
1738257971.687613,2474861.000,45723,1,SF,1,100,19.8678
1738257972.087627,2475261.000,45785,1,SF,1,100,19.6380
1738257972.353637,2475527.000,45835,1,SF,1,100,19.4108
1738257972.687650,2475861.000,45881,1,SF,1,100,19.1863
1738257973.020662,2476194.000,45928,1,SF,1,100,18.9643
1738257973.420677,2476594.000,45990,1,SF,1,100,18.7449
1738257973.687686,2476861.000,46037,1,SF,1,100,18.5281
1738257974.020699,2477194.000,46086,1,SF,1,100,18.3138
1738257974.353711,2477527.000,46132,1,SF,1,100,18.1019
1738257974.753726,2477927.000,46194,1,SF,1,100,17.8925
1738257975.020736,2478194.000,46242,1,SF,1,100,17.6855
1738257975.353748,2478527.000,46288,1,SF,1,100,17.4809
1738257975.753762,2478927.000,46350,1,SF,1,100,17.2787
1738257976.020772,2479194.000,46397,1,SF,1,100,17.0788
1738257976.353785,2479527.000,46444,1,SF,1,100,16.8813
1738257976.686797,2479860.000,46498,1,SF,1,100,16.6860
1738257977.020809,2480194.000,46546,1,SF,1,100,16.4930
1738257977.420824,2480594.000,46609,1,SF,1,100,16.3022
1738257977.686834,2480860.000,46656,1,SF,1,100,16.1136
1738257978.020846,2481194.000,46704,1,SF,1,100,15.9272
1738257978.353858,2481527.000,46751,1,SF,1,100,15.7429
1738257978.753873,2481927.000,46817,1,SF,1,100,17.6431
1738257979.019883,2482193.000,46866,1,SF,1,100,17.4390
1738257979.353895,2482527.000,46913,1,SF,1,100,17.2372
1738257979.753910,2482927.000,46975,1,SF,1,100,17.0378
1738257980.019920,2483193.000,47021,1,SF,1,100,16.8407
1738257980.353932,2483527.000,47071,1,SF,1,100,16.6459
1738257980.686944,2483860.000,47117,1,SF,1,100,16.4534
1738257981.086959,2484260.000,47181,1,SF,1,100,16.2630
1738257981.352969,2484526.000,47228,1,SF,1,100,16.0749
1738257981.753983,2484927.000,47280,1,SF,1,100,15.8889
1738257982.019993,2485193.000,47327,1,SF,1,100,15.7051
1738257982.353005,2485526.000,47373,1,SF,1,100,15.5235
1738257982.753020,2485926.000,47437,1,SF,1,100,15.3439
1738257983.020030,2486193.000,47485,1,SF,1,100,15.1664
1738257983.353042,2486526.000,47533,1,SF,1,100,14.9909
1738257983.753057,2486926.000,47599,1,SF,1,100,16.8998
1738257984.087069,2487260.000,47648,1,SF,1,100,18.7865
1738257984.353079,2487526.000,47697,1,SF,1,100,18.5692
1738257984.687091,2487860.000,47744,1,SF,1,100,18.3544
1738257985.086106,2488259.000,47806,1,SF,1,100,18.1421
1738257985.353116,2488526.000,47854,1,SF,1,100,17.9322
1738257985.686128,2488859.000,47901,1,SF,1,100,17.7248
1738257986.087143,2489260.000,47964,1,SF,1,100,17.5197
1738257986.420155,2489593.000,48010,1,SF,1,100,17.3171
1738257986.753168,2489926.000,48062,1,SF,1,100,17.1167
1738257987.086180,2490259.000,48109,1,SF,1,100,16.9187
1738257987.353190,2490526.000,48156,1,SF,1,100,16.7230
1738257987.686202,2490859.000,48202,1,SF,1,100,16.5296
1738257988.086217,2491259.000,48264,1,SF,1,100,16.3383
1738257988.353226,2491526.000,48312,1,SF,1,100,16.1493
1738257988.686239,2491859.000,48358,1,SF,1,100,15.9625
1738257989.019251,2492192.000,48407,1,SF,1,100,15.7779
1738257989.419266,2492592.000,48469,1,SF,1,100,15.5953
1738257989.686275,2492859.000,48518,1,SF,1,100,15.4149
1738257990.019288,2493192.000,48565,1,SF,1,100,15.2366
1738257990.419302,2493592.000,48627,1,SF,1,100,15.0604
1738257990.753315,2493926.000,48673,1,SF,1,100,14.8861
1738257991.019325,2494192.000,48723,1,SF,1,100,14.7139
1738257991.353337,2494526.000,48769,1,SF,1,100,14.5437
1738257991.752352,2494925.000,48833,1,SF,1,100,14.3755
1738257992.019361,2495192.000,48872,1,SF,1,100,14.2092
1738257992.419376,2495592.000,48934,1,SF,1,100,14.0448
1738257992.686386,2495859.000,48983,1,SF,1,100,13.8823
1738257993.019398,2496192.000,49029,1,SF,1,100,13.7217
1738257993.419413,2496592.000,49091,1,SF,1,100,13.5630
1738257993.686423,2496859.000,49141,1,SF,1,100,13.4061
1738257994.019435,2497192.000,49189,1,SF,1,100,13.2510
1738257994.352447,2497525.000,49236,1,SF,1,100,13.0977
1738257994.752462,2497925.000,49300,1,SF,1,100,12.9462
1738257995.019472,2498192.000,49347,1,SF,1,100,12.7965
1738257995.352484,2498525.000,49396,1,SF,1,100,12.6484
1738257995.752499,2498925.000,49458,1,SF,1,100,12.5021
1738257996.085511,2499258.000,49506,1,SF,1,100,14.4397
1738257996.352521,2499525.000,49556,1,SF,1,100,14.2727
1738257996.685533,2499858.000,49602,1,SF,1,100,14.1076
1738257997.019546,2500192.000,49652,1,SF,1,100,13.9444
1738257997.352558,2500525.000,49699,1,SF,1,100,13.7831
1738257997.752573,2500925.000,49763,1,SF,1,100,13.6236
1738257998.019582,2501192.000,49810,1,SF,1,100,13.4660
1738257998.352595,2501525.000,49857,1,SF,1,100,13.3103
1738257998.752609,2501925.000,49923,1,SF,1,100,13.1563
1738257999.085622,2502258.000,49970,1,SF,1,100,13.0041
1738257999.352631,2502525.000,50016,1,SF,1,100,12.8537
1738257999.685644,2502858.000,50065,1,SF,1,100,14.7872
1738258000.085658,2503258.000,50131,1,SF,1,100,16.6984
1738258000.352668,2503525.000,50178,1,SF,1,100,16.5053
1738258000.685681,2503858.000,50227,1,SF,1,100,16.3143
1738258001.085695,2504258.000,50289,1,SF,1,100,16.1256
1738258001.418708,2504591.000,50335,1,SF,1,100,15.9391
1738258001.685717,2504858.000,50383,1,SF,1,100,15.7547
1738258002.018730,2505191.000,50429,1,SF,1,100,15.5724
1738258002.351742,2505524.000,50486,1,SF,1,100,15.3923
1738258002.685754,2505858.000,50532,1,SF,1,100,15.2142
1738258003.085769,2506258.000,50594,1,SF,1,100,15.0382
1738258003.351779,2506524.000,50641,1,SF,1,100,14.8643
1738258003.685791,2506858.000,50687,1,SF,1,100,14.6923
1738258004.085806,2507258.000,50754,1,SF,1,100,14.5223
1738258004.418818,2507591.000,50801,1,SF,1,100,14.3543
1738258004.685828,2507858.000,50847,1,SF,1,100,14.1883
1738258005.018840,2508191.000,50894,1,SF,1,100,14.0242
1738258005.418855,2508591.000,50956,1,SF,1,100,13.8619
1738258005.684865,2508857.000,51003,1,SF,1,100,13.7016
1738258006.018877,2509191.000,51050,1,SF,1,100,13.5431
1738258006.418892,2509591.000,51112,1,SF,1,100,13.3864
1738258006.751904,2509924.000,51158,1,SF,1,100,13.2316
1738258007.018914,2510191.000,51206,1,SF,1,100,13.0785
1738258007.351926,2510524.000,51259,1,SF,1,100,12.9272
1738258007.684938,2510857.000,51306,1,SF,1,100,12.7777
1738258008.084953,2511257.000,51371,1,SF,1,100,14.7121
1738258008.418965,2511591.000,51419,1,SF,1,100,16.6242
1738258008.684975,2511857.000,51466,1,SF,1,100,16.4318
1738258009.017987,2512190.000,51514,1,SF,1,100,16.2418
1738258009.418002,2512590.000,51578,1,SF,1,100,16.0539
1738258009.685012,2512857.000,51626,1,SF,1,100,15.8682
1738258010.018024,2513190.000,51672,1,SF,1,100,15.6846
1738258010.418039,2513590.000,51734,1,SF,1,100,15.5032
1738258010.752051,2513924.000,51781,1,SF,1,100,15.3238
1738258011.018061,2514190.000,51828,1,SF,1,100,15.1465
1738258011.352073,2514524.000,51875,1,SF,1,100,14.9713
1738258011.751088,2514923.000,51939,1,SF,1,100,14.7981
1738258012.018098,2515190.000,51985,1,SF,1,100,14.6270
1738258012.418113,2515590.000,52037,1,SF,1,100,14.4578
1738258012.685122,2515857.000,52085,1,SF,1,100,14.2905
1738258013.018135,2516190.000,52132,1,SF,1,100,14.1252
1738258013.418149,2516590.000,52194,1,SF,1,100,13.9618
1738258013.685159,2516857.000,52241,1,SF,1,100,13.8003
1738258014.018172,2517190.000,52292,1,SF,1,100,13.6406
1738258014.351184,2517523.000,52338,1,SF,1,100,13.4828
1738258014.751199,2517923.000,52400,1,SF,1,100,13.3269
1738258015.018208,2518190.000,52448,1,SF,1,100,13.1727
1738258015.351221,2518523.000,52494,1,SF,1,100,13.0203
1738258015.751235,2518923.000,52556,1,SF,1,100,12.8697
1738258016.018245,2519190.000,52607,1,SF,1,100,14.8031
1738258016.351257,2519523.000,52654,1,SF,1,100,14.6318
1738258016.684270,2519856.000,52701,1,SF,1,100,14.4626
1738258017.084284,2520256.000,52765,1,SF,1,100,14.2953
1738258017.351294,2520523.000,52811,1,SF,1,100,14.1299
1738258017.684306,2520856.000,52862,1,SF,1,100,13.9664
1738258018.018319,2521190.000,52908,1,SF,1,100,13.8049
1738258018.351331,2521523.000,52955,1,SF,1,100,13.6452
1738258018.751346,2521923.000,53019,1,SF,1,100,13.4873
1738258019.017355,2522189.000,53066,1,SF,1,100,13.3313
1738258019.351368,2522523.000,53113,1,SF,1,100,13.1771
1738258019.684380,2522856.000,53159,1,SF,1,100,13.0247
1738258020.084395,2523256.000,53221,1,SF,1,100,12.8740
1738258020.351405,2523523.000,53269,1,SF,1,100,12.7251
1738258020.684417,2523856.000,53315,1,SF,1,100,12.5779
1738258021.084432,2524256.000,53377,1,SF,1,100,12.4324
1738258021.351441,2524523.000,53424,1,SF,1,100,12.2885
1738258021.684454,2524856.000,53473,1,SF,1,100,12.1464
1738258022.017466,2525189.000,53520,1,SF,1,100,12.0059
1738258022.417481,2525589.000,53582,1,SF,1,100,11.8670
1738258022.684490,2525856.000,53620,1,SF,1,100,11.7297
1738258023.084505,2526256.000,53682,1,SF,1,100,11.5940
1738258023.350515,2526522.000,53730,1,SF,1,100,11.4599
1738258023.684527,2526856.000,53777,1,SF,1,100,11.3273
1738258024.084542,2527256.000,53841,1,SF,1,100,11.1963
1738258024.350552,2527522.000,53888,1,SF,1,100,11.0668
1738258024.684564,2527856.000,53935,1,SF,1,100,10.9388
1738258025.017576,2528189.000,53981,1,SF,1,100,10.8122
1738258025.417591,2528589.000,54043,1,SF,1,100,10.6871
1738258025.684601,2528856.000,54091,1,SF,1,100,10.5635
1738258026.017613,2529189.000,54137,1,SF,1,100,10.4413
1738258026.350626,2529522.000,54184,1,SF,1,100,10.3205
1738258026.750640,2529922.000,54246,1,SF,1,100,10.2011
1738258027.017650,2530189.000,54293,1,SF,1,100,10.0831
1738258027.350662,2530522.000,54340,1,SF,1,100,9.9665
1738258027.750677,2530922.000,54409,1,SF,1,100,11.9334
1738258028.083689,2531255.000,54458,1,SF,1,100,11.7954
1738258028.417702,2531589.000,54505,1,SF,1,100,11.6589
1738258028.683712,2531855.000,54553,1,SF,1,100,13.6063
1738258029.017724,2532189.000,54604,1,SF,1,100,13.4489
1738258029.416739,2532588.000,54666,1,SF,1,100,13.2934
1738258029.683748,2532855.000,54713,1,SF,1,100,13.1396
1738258030.017761,2533189.000,54760,1,SF,1,100,12.9876
1738258030.350773,2533522.000,54806,1,SF,1,100,12.8373
1738258030.750787,2533922.000,54868,1,SF,1,100,12.6888
1738258031.016797,2534188.000,54916,1,SF,1,100,12.5420
1738258031.349810,2534521.000,54962,1,SF,1,100,12.3970
1738258031.750824,2534922.000,55024,1,SF,1,100,12.2535
1738258032.016834,2535188.000,55071,1,SF,1,100,12.1118
1738258032.349846,2535521.000,55118,1,SF,1,100,11.9717
1738258032.683859,2535855.000,55165,1,SF,1,100,11.8332
1738258033.016871,2536188.000,55214,1,SF,1,100,11.6963
1738258033.416886,2536588.000,55278,1,SF,1,100,11.5610
1738258033.683896,2536855.000,55326,1,SF,1,100,11.4273
1738258034.016908,2537188.000,55376,1,SF,1,100,11.2951
1738258034.349920,2537521.000,55423,1,SF,1,100,11.1644
1738258034.749935,2537921.000,55485,1,SF,1,100,11.0353
1738258035.016945,2538188.000,55532,1,SF,1,100,10.9076
1738258035.349957,2538521.000,55581,1,SF,1,100,10.7814
1738258035.749972,2538921.000,55645,1,SF,1,100,10.6567
1738258036.016981,2539188.000,55691,1,SF,1,100,10.5334
1738258036.349994,2539521.000,55741,1,SF,1,100,10.4116
1738258036.683006,2539854.000,55787,1,SF,1,100,10.2911
1738258037.083021,2540254.000,55851,1,SF,1,100,10.1721
1738258037.350031,2540521.000,55898,1,SF,1,100,10.0544
1738258037.683043,2540854.000,55946,1,SF,1,100,9.9381
1738258038.017055,2541188.000,55999,1,SF,1,100,9.8231
1738258038.350067,2541521.000,56045,1,SF,1,100,9.7095
1738258038.683080,2541854.000,56095,1,SF,1,100,9.5972
1738258039.083094,2542254.000,56159,1,SF,1,100,9.4862
1738258039.350104,2542521.000,56207,1,SF,1,100,9.3764
1738258039.683116,2542854.000,56254,1,SF,1,100,9.2680
1738258040.083131,2543254.000,56316,1,SF,1,100,9.1608
1738258040.350141,2543521.000,56363,1,SF,1,100,9.0548
1738258040.683153,2543854.000,56410,1,SF,1,100,8.9500
1738258041.016165,2544187.000,56458,1,SF,1,100,10.9288
1738258041.416180,2544587.000,56522,1,SF,1,100,12.8846
1738258041.683190,2544854.000,56572,1,SF,1,100,14.8178
1738258042.016202,2545187.000,56618,1,SF,1,100,14.6464
1738258042.416217,2545587.000,56680,1,SF,1,100,14.4769
1738258042.749229,2545920.000,56727,1,SF,1,100,14.3095
1738258043.149244,2546320.000,56784,1,SF,1,100,14.1439
1738258043.349252,2546520.000,56816,1,SF,1,100,13.9803
1738258043.749266,2546920.000,56880,1,SF,1,100,13.8186
1738258044.083278,2547254.000,56928,1,SF,1,100,13.6587
1738258044.349288,2547520.000,56976,1,SF,1,100,13.5007
1738258044.683300,2547854.000,57022,1,SF,1,100,13.3446
1738258045.083315,2548254.000,57084,1,SF,1,100,13.1902
1738258045.349325,2548520.000,57131,1,SF,1,100,13.0376
1738258045.682337,2548853.000,57177,1,SF,1,100,12.8868
1738258046.082352,2549253.000,57240,1,SF,1,100,12.7377
1738258046.416364,2549587.000,57289,1,SF,1,100,12.5904
1738258046.682374,2549853.000,57335,1,SF,1,100,12.4447
1738258047.016387,2550187.000,57384,1,SF,1,100,14.3830
1738258047.416401,2550587.000,57448,1,SF,1,100,14.2166
1738258047.682411,2550853.000,57495,1,SF,1,100,14.0522
1738258048.015423,2551186.000,57542,1,SF,1,100,13.8896
1738258048.349436,2551520.000,57596,1,SF,1,100,13.7289
1738258048.682448,2551853.000,57643,1,SF,1,100,13.5701
1738258049.082463,2552253.000,57709,1,SF,1,100,13.4131
1738258049.349472,2552520.000,57755,1,SF,1,100,13.2580
1738258049.682485,2552853.000,57805,1,SF,1,100,13.1046
1738258050.082499,2553253.000,57867,1,SF,1,100,12.9530
1738258050.415512,2553586.000,57913,1,SF,1,100,12.8032
1738258050.682521,2553853.000,57962,1,SF,1,100,12.6551
1738258051.015534,2554186.000,58008,1,SF,1,100,12.5087
1738258051.415549,2554586.000,58072,1,SF,1,100,12.3640
1738258051.682558,2554853.000,58120,1,SF,1,100,12.2209
1738258052.015571,2555186.000,58168,1,SF,1,100,12.0796
1738258052.348583,2555519.000,58215,1,SF,1,100,11.9398
1738258052.748598,2555919.000,58277,1,SF,1,100,11.8017
1738258053.015607,2556186.000,58324,1,SF,1,100,11.6652
1738258053.348620,2556519.000,58376,1,SF,1,100,11.5302
1738258053.682632,2556853.000,58425,1,SF,1,100,13.4791
1738258054.015644,2557186.000,58476,1,SF,1,100,15.4054
1738258054.415659,2557586.000,58540,1,SF,1,100,15.2272
1738258054.681669,2557852.000,58586,1,SF,1,100,15.0511
1738258055.015681,2558186.000,58633,1,SF,1,100,14.8770
1738258055.415696,2558586.000,58699,1,SF,1,100,16.7871
1738258055.682706,2558853.000,58748,1,SF,1,100,18.6752
1738258056.015718,2559186.000,58797,1,SF,1,100,20.5414
1738258056.348730,2559519.000,58845,1,SF,1,100,22.3860
1738258056.748745,2559919.000,58907,1,SF,1,100,22.1271
1738258057.015755,2560186.000,58957,1,SF,1,100,21.8711
1738258057.348767,2560519.000,59005,1,SF,1,100,23.7003
1738258057.748782,2560919.000,59067,1,SF,1,100,23.4262
1738258058.015791,2561186.000,59114,1,SF,1,100,23.1552
1738258058.348804,2561519.000,59161,1,SF,1,100,22.8873
1738258058.681816,2561852.000,59215,1,SF,1,100,22.6225
1738258059.014828,2562185.000,59264,1,SF,1,100,22.3608
1738258059.348840,2562519.000,59311,1,SF,1,100,22.1022
1738258059.748855,2562919.000,59373,1,SF,1,100,21.8465
1738258060.014865,2563185.000,59419,1,SF,1,100,21.5938
1738258060.348877,2563519.000,59466,1,SF,1,100,21.3440
1738258060.748892,2563919.000,59529,1,SF,1,100,21.0971
1738258061.081904,2564252.000,59575,1,SF,1,100,20.8530
1738258061.348914,2564519.000,59624,1,SF,1,100,20.6118
1738258061.681926,2564852.000,59670,1,SF,1,100,20.3733
1738258062.081941,2565252.000,59732,1,SF,1,100,20.1377
1738258062.347951,2565518.000,59780,1,SF,1,100,19.9047
1738258062.681963,2565852.000,59826,1,SF,1,100,19.6744
1738258063.081978,2566252.000,59888,1,SF,1,100,19.4469
1738258063.414990,2566585.000,59935,1,SF,1,100,19.2219
1738258063.748003,2566918.000,59991,1,SF,1,100,18.9995
1738258064.015012,2567185.000,60038,1,SF,1,100,18.7797
1738258064.348025,2567518.000,60087,1,SF,1,100,18.5625
1738258064.682037,2567852.000,60134,1,SF,1,100,18.3478
1738258065.082052,2568252.000,60198,1,SF,1,100,18.1355
1738258065.348062,2568518.000,60244,1,SF,1,100,17.9257
1738258065.681074,2568851.000,60293,1,SF,1,100,17.7184
1738258066.081089,2569251.000,60358,1,SF,1,100,17.5134
1738258066.415101,2569585.000,60404,1,SF,1,100,17.3108
1738258066.681111,2569851.000,60453,1,SF,1,100,17.1105
1738258067.015123,2570185.000,60499,1,SF,1,100,16.9126
1738258067.415138,2570585.000,60563,1,SF,1,100,16.7170
1738258067.681147,2570851.000,60611,1,SF,1,100,16.5236
1738258068.014160,2571184.000,60657,1,SF,1,100,16.3324
1738258068.348172,2571518.000,60704,1,SF,1,100,16.1435
1738258068.748187,2571918.000,60775,1,SF,1,100,18.0390
1738258069.081199,2572251.000,60823,1,SF,1,100,19.9126
1738258069.414211,2572584.000,60870,1,SF,1,100,19.6822
1738258069.681221,2572851.000,60917,1,SF,1,100,19.4545
1738258070.014233,2573184.000,60964,1,SF,1,100,19.2295
1738258070.414248,2573584.000,61026,1,SF,1,100,19.0070
1738258070.681258,2573851.000,61072,1,SF,1,100,18.7872
1738258071.014270,2574184.000,61119,1,SF,1,100,18.5698
1738258071.414285,2574584.000,61182,1,SF,1,100,18.3550
1738258071.747297,2574917.000,61228,1,SF,1,100,18.1427
1738258072.014307,2575184.000,61275,1,SF,1,100,17.9328
1738258072.347319,2575517.000,61321,1,SF,1,100,17.7254
1738258072.747334,2575917.000,61383,1,SF,1,100,17.5203
1738258073.014344,2576184.000,61431,1,SF,1,100,17.3176
1738258073.347356,2576517.000,61477,1,SF,1,100,17.1173
1738258073.681368,2576851.000,61524,1,SF,1,100,16.9193
1738258074.014380,2577184.000,61574,1,SF,1,100,16.7236
1738258074.414395,2577584.000,61636,1,SF,1,100,16.5301
1738258074.681405,2577851.000,61683,1,SF,1,100,16.3389
1738258075.014417,2578184.000,61731,1,SF,1,100,16.1499
1738258075.414432,2578584.000,61794,1,SF,1,100,15.9631
1738258075.747444,2578917.000,61841,1,SF,1,100,15.7784
1738258076.014454,2579184.000,61887,1,SF,1,100,15.5959
1738258076.347466,2579517.000,61934,1,SF,1,100,15.4155
1738258076.747481,2579917.000,61996,1,SF,1,100,15.2371
1738258077.014491,2580184.000,62045,1,SF,1,100,17.1431
1738258077.347503,2580517.000,62092,1,SF,1,100,16.9448
1738258077.680516,2580850.000,62138,1,SF,1,100,16.7488
1738258078.080530,2581250.000,62202,1,SF,1,100,16.5550
1738258078.347540,2581517.000,62250,1,SF,1,100,16.3635
1738258078.680552,2581850.000,62296,1,SF,1,100,16.1742
1738258079.080567,2582250.000,62360,1,SF,1,100,15.9871
1738258079.347577,2582517.000,62407,1,SF,1,100,15.8022
1738258079.680589,2582850.000,62454,1,SF,1,100,15.6194
1738258080.013602,2583183.000,62501,1,SF,1,100,15.4387
1738258080.413616,2583583.000,62563,1,SF,1,100,15.2601
1738258080.680626,2583850.000,62609,1,SF,1,100,15.0836
1738258081.013638,2584183.000,62656,1,SF,1,100,14.9091
1738258081.413653,2584583.000,62718,1,SF,1,100,14.7366
1738258081.680663,2584850.000,62765,1,SF,1,100,14.5661
1738258082.013675,2585183.000,62812,1,SF,1,100,14.3976
1738258082.346687,2585516.000,62858,1,SF,1,100,14.2311
1738258082.746702,2585916.000,62920,1,SF,1,100,14.0665
1738258083.013712,2586183.000,62968,1,SF,1,100,13.9037
1738258083.346724,2586516.000,63014,1,SF,1,100,13.7429
1738258083.746739,2586916.000,63078,1,SF,1,100,13.5839
1738258084.013749,2587183.000,63125,1,SF,1,100,13.4268
1738258084.346761,2587516.000,63174,1,SF,1,100,13.2715
1738258084.680773,2587850.000,63221,1,SF,1,100,13.1179
1738258085.079788,2588249.000,63283,1,SF,1,100,12.9662
1738258085.346798,2588516.000,63329,1,SF,1,100,12.8162
1738258085.679810,2588849.000,63376,1,SF,1,100,12.6679
1738258086.079825,2589249.000,63438,1,SF,1,100,12.5214
1738258086.346835,2589516.000,63485,1,SF,1,100,12.3765
1738258086.679847,2589849.000,63532,1,SF,1,100,12.2334
1738258087.013859,2590183.000,63578,1,SF,1,100,12.0919
1738258087.413874,2590583.000,63640,1,SF,1,100,11.9520
1738258087.679884,2590849.000,63688,1,SF,1,100,11.8137
1738258088.012896,2591182.000,63734,1,SF,1,100,11.6771
1738258088.413911,2591583.000,63796,1,SF,1,100,11.5420
1738258088.679921,2591849.000,63845,1,SF,1,100,11.4085
1738258089.012933,2592182.000,63894,1,SF,1,100,11.2765
1738258089.346945,2592516.000,63941,1,SF,1,100,11.1460
1738258089.746960,2592916.000,64005,1,SF,1,100,11.0171
1738258090.012970,2593182.000,64051,1,SF,1,100,10.8896
1738258090.346982,2593516.000,64098,1,SF,1,100,10.7637
1738258090.746997,2593916.000,64162,1,SF,1,100,10.6392
1738258091.013006,2594182.000,64209,1,SF,1,100,10.5161
1738258091.347019,2594516.000,64256,1,SF,1,100,10.3944
1738258091.746033,2594915.000,64318,1,SF,1,100,10.2742
1738258092.080046,2595249.000,64364,1,SF,1,100,10.1553
1738258092.346056,2595515.000,64412,1,SF,1,100,10.0379
1738258092.680068,2595849.000,64458,1,SF,1,100,9.9217
1738258093.080083,2596249.000,64520,1,SF,1,100,9.8070
1738258093.346092,2596515.000,64567,1,SF,1,100,9.6935
1738258093.680105,2596849.000,64613,1,SF,1,100,9.5814
1738258094.080119,2597249.000,64678,1,SF,1,100,9.4705
1738258094.413132,2597582.000,64725,1,SF,1,100,9.3610
1738258094.679142,2597848.000,64771,1,SF,1,100,9.2527
1738258095.013154,2598182.000,64818,1,SF,1,100,9.1457
1738258095.413168,2598582.000,64882,1,SF,1,100,11.1221
1738258095.679178,2598848.000,64929,1,SF,1,100,10.9935
1738258096.013191,2599182.000,64976,1,SF,1,100,10.8663
1738258096.413205,2599582.000,65040,1,SF,1,100,10.7406
1738258096.679215,2599848.000,65086,1,SF,1,100,10.6163
1738258097.013227,2600182.000,65134,1,SF,1,100,10.4935
1738258097.346240,2600515.000,65180,1,SF,1,100,10.3721
1738258097.746254,2600915.000,65242,1,SF,1,100,10.2522
1738258098.013264,2601182.000,65289,1,SF,1,100,10.1336
1738258098.346277,2601515.000,65339,1,SF,1,100,12.0986
1738258098.746291,2601915.000,65403,1,SF,1,100,11.9586
1738258099.012301,2602181.000,65451,1,SF,1,100,11.8203
1738258099.346313,2602515.000,65497,1,SF,1,100,11.6835
1738258099.679326,2602848.000,8,1,SF,1,100,11.5484
1738258100.079340,2603248.000,70,1,SF,1,100,11.4148
1738258100.346350,2603515.000,117,1,SF,1,100,11.2828
1738258100.679362,2603848.000,164,1,SF,1,100,11.1522
1738258101.079377,2604248.000,226,1,SF,1,100,11.0232
1738258101.345387,2604514.000,272,1,SF,1,100,10.8957
1738258101.679399,2604848.000,320,1,SF,1,100,10.7697
1738258102.012412,2605181.000,366,1,SF,1,100,10.6451
1738258102.412426,2605581.000,430,1,SF,1,100,12.6042
1738258102.679436,2605848.000,479,1,SF,1,100,14.5406
1738258103.012448,2606181.000,525,1,SF,1,100,14.3724
1738258103.412463,2606581.000,587,1,SF,1,100,14.2062
1738258103.679473,2606848.000,635,1,SF,1,100,14.0418
1738258104.012485,2607181.000,685,1,SF,1,100,15.9616
1738258104.345497,2607514.000,732,1,SF,1,100,15.7770
1738258104.745512,2607914.000,794,1,SF,1,100,15.5945
1738258105.012522,2608181.000,843,1,SF,1,100,17.4963
1738258105.345534,2608514.000,890,1,SF,1,100,17.2939
1738258105.745549,2608914.000,952,1,SF,1,100,17.0939
1738258106.012559,2609181.000,1000,1,SF,1,100,18.9784
1738258106.345571,2609514.000,1048,1,SF,1,100,18.7589
1738258106.745586,2609914.000,1112,1,SF,1,100,20.6241
1738258107.078598,2610247.000,1158,1,SF,1,100,20.3855
1738258107.345608,2610514.000,1207,1,SF,1,100,22.2320
1738258107.678620,2610847.000,1253,1,SF,1,100,21.9748
1738258108.078635,2611247.000,1317,1,SF,1,100,21.7206
1738258108.345645,2611514.000,1365,1,SF,1,100,21.4693
1738258108.678657,2611847.000,1411,1,SF,1,100,21.2209
1738258109.011669,2612180.000,1460,1,SF,1,100,20.9755
1738258109.411684,2612580.000,1522,1,SF,1,100,20.7328
1738258109.678694,2612847.000,1569,1,SF,1,100,20.4930
1738258110.011706,2613180.000,1616,1,SF,1,100,20.2559
1738258110.411721,2613580.000,1680,1,SF,1,100,22.1038
1738258110.678730,2613847.000,1726,1,SF,1,100,21.8481
1738258111.011743,2614180.000,1776,1,SF,1,100,23.6777
1738258111.345755,2614514.000,1822,1,SF,1,100,23.4037
1738258111.744770,2614913.000,1886,1,SF,1,100,23.1330
1738258112.011780,2615180.000,1935,1,SF,1,100,22.8654
1738258112.344792,2615513.000,1981,1,SF,1,100,22.6009
1738258112.744807,2615913.000,2043,1,SF,1,100,22.3394
1738258113.011817,2616180.000,2091,1,SF,1,100,22.0810
1738258113.344829,2616513.000,2139,1,SF,1,100,21.8256
1738258113.744843,2616913.000,2203,1,SF,1,100,21.5731
1738258114.078856,2617247.000,2252,1,SF,1,100,21.3236
1738258114.344866,2617513.000,2299,1,SF,1,100,21.0769
1738258114.678878,2617847.000,2346,1,SF,1,100,20.8331
1738258115.078893,2618247.000,2408,1,SF,1,100,20.5921
1738258115.344902,2618513.000,2454,1,SF,1,100,20.3539
1738258115.677915,2618846.000,2501,1,SF,1,100,20.1184
1738258116.077929,2619246.000,2564,1,SF,1,100,19.8857
1738258116.411942,2619580.000,2612,1,SF,1,100,19.6556
1738258116.677952,2619846.000,2659,1,SF,1,100,19.4282
1738258117.011964,2620180.000,2707,1,SF,1,100,19.2035
1738258117.411978,2620580.000,2769,1,SF,1,100,18.9814
1738258117.677988,2620846.000,2817,1,SF,1,100,18.7618
1738258118.012001,2621180.000,2863,1,SF,1,100,18.5447
1738258118.411015,2621579.000,2927,1,SF,1,100,18.3302
1738258118.678025,2621846.000,2974,1,SF,1,100,18.1182
1738258119.011037,2622179.000,3023,1,SF,1,100,17.9086
1738258119.345050,2622513.000,3070,1,SF,1,100,17.7014
1738258119.745064,2622913.000,3132,1,SF,1,100,17.4966
1738258120.011074,2623179.000,3178,1,SF,1,100,17.2942
1738258120.345087,2623513.000,3225,1,SF,1,100,17.0942
1738258120.745101,2623913.000,3287,1,SF,1,100,16.8964
1738258121.011111,2624179.000,3336,1,SF,1,100,16.7010
1738258121.344123,2624512.000,3385,1,SF,1,100,16.5078
1738258121.678136,2624846.000,3431,1,SF,1,100,16.3168
1738258122.078150,2625246.000,3493,1,SF,1,100,16.1281
1738258122.344160,2625512.000,3541,1,SF,1,100,15.9415
1738258122.678172,2625846.000,3587,1,SF,1,100,15.7571
1738258123.078187,2626246.000,3649,1,SF,1,100,15.5748
1738258123.344197,2626512.000,3696,1,SF,1,100,15.3946
1738258123.678209,2626846.000,3743,1,SF,1,100,15.2165
1738258124.011221,2627179.000,3792,1,SF,1,100,15.0405
1738258124.411236,2627579.000,3854,1,SF,1,100,14.8665
1738258124.678246,2627846.000,3900,1,SF,1,100,14.6945
1738258125.011258,2628179.000,3947,1,SF,1,100,14.5246
1738258125.411273,2628579.000,4009,1,SF,1,100,14.3565
1738258125.677283,2628845.000,4056,1,SF,1,100,14.1905
1738258126.011295,2629179.000,4103,1,SF,1,100,14.0263
1738258126.344307,2629512.000,4149,1,SF,1,100,13.8640
1738258126.744322,2629912.000,4211,1,SF,1,100,13.7037
1738258127.011332,2630179.000,4259,1,SF,1,100,13.5451
1738258127.344344,2630512.000,4305,1,SF,1,100,13.3884
1738258127.744359,2630912.000,4367,1,SF,1,100,13.2336
1738258128.010369,2631178.000,4414,1,SF,1,100,13.0805
1738258128.344381,2631512.000,4461,1,SF,1,100,12.9292
1738258128.744396,2631912.000,4527,1,SF,1,100,14.8619
1738258129.077408,2632245.000,4574,1,SF,1,100,14.6899
1738258129.344418,2632512.000,4622,1,SF,1,100,16.6022
1738258129.677430,2632845.000,4669,1,SF,1,100,16.4102
1738258130.077445,2633245.000,4731,1,SF,1,100,16.2204
1738258130.344455,2633512.000,4778,1,SF,1,100,16.0327
1738258130.677467,2633845.000,4827,1,SF,1,100,15.8473
1738258131.077482,2634245.000,4891,1,SF,1,100,17.7462
1738258131.410494,2634578.000,4937,1,SF,1,100,17.5409
1738258131.677504,2634845.000,4985,1,SF,1,100,17.3380
1738258132.010516,2635178.000,5031,1,SF,1,100,17.1374
1738258132.410531,2635578.000,5095,1,SF,1,100,16.9392
1738258132.677541,2635845.000,5142,1,SF,1,100,16.7432
1738258133.010553,2636178.000,5188,1,SF,1,100,16.5495
1738258133.410568,2636578.000,5251,1,SF,1,100,16.3581
1738258133.677577,2636845.000,5298,1,SF,1,100,16.1688
1738258134.010590,2637178.000,5346,1,SF,1,100,15.9818
1738258134.343602,2637511.000,5393,1,SF,1,100,15.7969
1738258134.743617,2637911.000,5455,1,SF,1,100,15.6142
1738258135.010627,2638178.000,5502,1,SF,1,100,15.4336
1738258135.343639,2638511.000,5549,1,SF,1,100,15.2550
1738258135.743654,2638911.000,5611,1,SF,1,100,15.0786
1738258136.010663,2639178.000,5659,1,SF,1,100,14.9041
1738258136.343676,2639511.000,5707,1,SF,1,100,14.7317
1738258136.676688,2639844.000,5753,1,SF,1,100,14.5613
1738258137.076703,2640244.000,5817,1,SF,1,100,14.3928
1738258137.343712,2640511.000,5864,1,SF,1,100,14.2263
1738258137.676725,2640844.000,5910,1,SF,1,100,14.0618
1738258138.076739,2641244.000,5972,1,SF,1,100,13.8991
1738258138.343749,2641511.000,6020,1,SF,1,100,13.7383
1738258138.676761,2641844.000,6066,1,SF,1,100,13.5794
1738258139.009774,2642177.000,6115,1,SF,1,100,13.4223
1738258139.409788,2642577.000,6177,1,SF,1,100,13.2670
1738258139.676798,2642844.000,6224,1,SF,1,100,13.1136
1738258140.009811,2643177.000,6273,1,SF,1,100,12.9619
1738258140.409825,2643577.000,6337,1,SF,1,100,14.8942
1738258140.676835,2643844.000,6383,1,SF,1,100,14.7219
1738258141.009847,2644177.000,6435,1,SF,1,100,16.6338
1738258141.342860,2644510.000,6483,1,SF,1,100,18.5237
1738258141.743875,2644911.000,6547,1,SF,1,100,18.3094
1738258142.009884,2645177.000,6598,1,SF,1,100,20.1798
1738258142.342896,2645510.000,6644,1,SF,1,100,19.9464
1738258142.742911,2645910.000,6708,1,SF,1,100,19.7156
1738258143.009921,2646177.000,6758,1,SF,1,100,21.5698
1738258143.342933,2646510.000,6806,1,SF,1,100,23.4026
1738258143.676946,2646844.000,6853,1,SF,1,100,23.1318
1738258144.076960,2647244.000,6919,1,SF,1,100,24.9465
1738258144.342970,2647510.000,6966,1,SF,1,100,24.6579
1738258144.676982,2647844.000,7013,1,SF,1,100,24.3727
1738258145.075997,2648243.000,7077,1,SF,1,100,26.1730
1738258145.343007,2648510.000,7123,1,SF,1,100,25.8702
1738258145.676019,2648843.000,7171,1,SF,1,100,25.5709
1738258146.076034,2649243.000,7233,1,SF,1,100,25.2751
1738258146.410046,2649577.000,7283,1,SF,1,100,27.0650
1738258146.676056,2649843.000,7332,1,SF,1,100,26.7519
1738258147.010068,2650177.000,7380,1,SF,1,100,28.5247
1738258147.410083,2650577.000,7442,1,SF,1,100,28.1947
1738258147.676093,2650843.000,7492,1,SF,1,100,29.9508
1738258148.009105,2651176.000,7538,1,SF,1,100,29.6043
1738258148.410120,2651577.000,7604,1,SF,1,100,31.3441
1738258148.743132,2651910.000,7653,1,SF,1,100,30.9815
1738258149.009142,2652176.000,7702,1,SF,1,100,32.7054
1738258149.343154,2652510.000,7751,1,SF,1,100,32.3271
1738258149.743169,2652910.000,7813,1,SF,1,100,31.9531
1738258150.009179,2653176.000,7861,1,SF,1,100,33.6657
1738258150.343191,2653510.000,7908,1,SF,1,100,33.2763
1738258150.743206,2653910.000,7972,1,SF,1,100,34.9736
1738258151.009216,2654176.000,8021,1,SF,1,100,36.6513
1738258151.343228,2654510.000,8068,1,SF,1,100,36.2273
1738258151.676240,2654843.000,8116,1,SF,1,100,35.8082
1738258152.076255,2655243.000,8178,1,SF,1,100,35.3940
1738258152.342265,2655509.000,8226,1,SF,1,100,34.9845
1738258152.676277,2655843.000,8272,1,SF,1,100,34.5798
1738258153.076292,2656243.000,8334,1,SF,1,100,34.1798
1738258153.342302,2656509.000,8381,1,SF,1,100,33.7844
1738258153.676314,2656843.000,8428,1,SF,1,100,33.3936
1738258154.009326,2657176.000,8477,1,SF,1,100,33.0073
1738258154.409341,2657576.000,8541,1,SF,1,100,34.7077
1738258154.675351,2657842.000,8589,1,SF,1,100,34.3062
1738258155.009363,2658176.000,8636,1,SF,1,100,33.9093
1738258155.409378,2658576.000,8698,1,SF,1,100,33.5171
1738258155.675387,2658842.000,8745,1,SF,1,100,33.1293
1738258156.009400,2659176.000,8794,1,SF,1,100,34.8284
1738258156.342412,2659509.000,8840,1,SF,1,100,34.4255
1738258156.742427,2659909.000,8904,1,SF,1,100,36.1095
1738258157.009437,2660176.000,8954,1,SF,1,100,35.6918
1738258157.342449,2660509.000,9000,1,SF,1,100,35.2789
1738258157.742464,2660909.000,9062,1,SF,1,100,34.8708
1738258158.009473,2661176.000,9109,1,SF,1,100,34.4674
1738258158.342486,2661509.000,9156,1,SF,1,100,34.0687
1738258158.675498,2661842.000,9207,1,SF,1,100,35.7568
1738258159.075513,2662242.000,9273,1,SF,1,100,37.4254
1738258159.342522,2662509.000,9321,1,SF,1,100,39.0747
1738258159.675535,2662842.000,9370,1,SF,1,100,40.7050
1738258160.075549,2663242.000,9432,1,SF,1,100,40.2341
1738258160.342559,2663509.000,9479,1,SF,1,100,39.7687
1738258160.675571,2663842.000,9526,1,SF,1,100,39.3086
1738258161.075586,2664242.000,9588,1,SF,1,100,38.8539
1738258161.408598,2664575.000,9638,1,SF,1,100,40.4867
1738258161.675608,2664842.000,9686,1,SF,1,100,40.0183
1738258162.008621,2665175.000,9732,1,SF,1,100,39.5554
1738258162.408635,2665575.000,9796,1,SF,1,100,39.0978
1738258162.675645,2665842.000,9845,1,SF,1,100,40.7278
1738258163.008657,2666175.000,9891,1,SF,1,100,40.2566
1738258163.408672,2666575.000,9954,1,SF,1,100,39.7909
1738258163.741684,2666908.000,10003,1,SF,1,100,39.3306
1738258164.008694,2667175.000,10049,1,SF,1,100,38.8757
1738258164.341707,2667508.000,10098,1,SF,1,100,38.4259
1738258164.741721,2667908.000,10160,1,SF,1,100,37.9814
1738258165.008731,2668175.000,10209,1,SF,1,100,37.5421
1738258165.341743,2668508.000,10256,1,SF,1,100,37.1078
1738258165.741758,2668908.000,10318,1,SF,1,100,36.6785
1738258166.074770,2669241.000,10366,1,SF,1,100,38.3365
1738258166.341780,2669508.000,10416,1,SF,1,100,37.8930
1738258166.674793,2669841.000,10462,1,SF,1,100,37.4546
1738258167.074807,2670241.000,10524,1,SF,1,100,37.0214
1738258167.341817,2670508.000,10573,1,SF,1,100,38.6753
1738258167.674829,2670841.000,10619,1,SF,1,100,38.2279
1738258168.074844,2671241.000,10681,1,SF,1,100,37.7857
1738258168.341854,2671508.000,10729,1,SF,1,100,37.3486
1738258168.674866,2671841.000,10775,1,SF,1,100,36.9166
1738258169.007878,2672174.000,10824,1,SF,1,100,36.4895
1738258169.407893,2672574.000,10888,1,SF,1,100,36.0674
1738258169.674903,2672841.000,10935,1,SF,1,100,35.6502
1738258170.007915,2673174.000,10982,1,SF,1,100,35.2378
1738258170.407930,2673574.000,11046,1,SF,1,100,34.8301
1738258170.674940,2673841.000,11094,1,SF,1,100,36.5095
1738258171.007952,2674174.000,11144,1,SF,1,100,36.0871
1738258171.341964,2674508.000,11190,1,SF,1,100,35.6697
1738258171.740979,2674907.000,11252,1,SF,1,100,35.2570
1738258172.007989,2675174.000,11299,1,SF,1,100,34.8492
1738258172.341001,2675507.000,11345,1,SF,1,100,34.4460
1738258172.741016,2675907.000,11407,1,SF,1,100,34.0476
1738258173.008026,2676174.000,11455,1,SF,1,100,33.6537
1738258173.341038,2676507.000,11501,1,SF,1,100,33.2644
1738258173.675050,2676841.000,11548,1,SF,1,100,32.8796
1738258174.075065,2677241.000,11612,1,SF,1,100,32.4992
1738258174.341075,2677507.000,11661,1,SF,1,100,32.1233
1738258174.674087,2677840.000,11710,1,SF,1,100,31.7517
1738258175.075102,2678241.000,11772,1,SF,1,100,31.3844
1738258175.341111,2678507.000,11822,1,SF,1,100,33.1036
1738258175.674124,2678840.000,11872,1,SF,1,100,34.8029
1738258176.074138,2679240.000,11934,1,SF,1,100,34.4003
1738258176.408151,2679574.000,11982,1,SF,1,100,36.0846
1738258176.674160,2679840.000,12031,1,SF,1,100,35.6672
1738258177.008173,2680174.000,12077,1,SF,1,100,35.2546
1738258177.408188,2680574.000,12143,1,SF,1,100,36.9290
1738258177.674197,2680840.000,12191,1,SF,1,100,36.5018
1738258178.008210,2681174.000,12239,1,SF,1,100,38.1618
1738258178.407224,2681573.000,12301,1,SF,1,100,37.7203
1738258178.741237,2681907.000,12350,1,SF,1,100,37.2840
1738258179.007246,2682173.000,12397,1,SF,1,100,36.8527
1738258179.341259,2682507.000,12444,1,SF,1,100,36.4263
1738258179.741274,2682907.000,12510,1,SF,1,100,38.0872
1738258180.007283,2683173.000,12556,1,SF,1,100,37.6466
1738258180.341296,2683507.000,12605,1,SF,1,100,37.2111
1738258180.741310,2683907.000,12667,1,SF,1,100,36.7807
1738258181.007320,2684173.000,12718,1,SF,1,100,38.4374
1738258181.340333,2684506.000,12765,1,SF,1,100,37.9928
1738258181.674345,2684840.000,12813,1,SF,1,100,39.6355
1738258182.074359,2685240.000,12875,1,SF,1,100,39.1770
1738258182.340369,2685506.000,12925,1,SF,1,100,38.7238
1738258182.674381,2685840.000,12971,1,SF,1,100,38.2759
1738258183.074396,2686240.000,13033,1,SF,1,100,37.8331
1738258183.340406,2686506.000,13082,1,SF,1,100,37.3954
1738258183.674418,2686840.000,13129,1,SF,1,100,36.9628
1738258184.007431,2687173.000,13178,1,SF,1,100,36.5352
1738258184.407445,2687573.000,13242,1,SF,1,100,36.1126
1738258184.674455,2687840.000,13288,1,SF,1,100,35.6949
1738258185.007468,2688173.000,13337,1,SF,1,100,35.2819
1738258185.407482,2688573.000,13399,1,SF,1,100,34.8738
1738258185.673492,2688839.000,13448,1,SF,1,100,34.4704
1738258186.007504,2689173.000,13495,1,SF,1,100,34.0716
1738258186.407519,2689573.000,13557,1,SF,1,100,33.6775
1738258186.740531,2689906.000,13603,1,SF,1,100,33.2879
1738258187.007541,2690173.000,13653,1,SF,1,100,32.9028
1738258187.340553,2690506.000,13699,1,SF,1,100,32.5222
1738258187.740568,2690906.000,13761,1,SF,1,100,32.1460
1738258188.006578,2691172.000,13810,1,SF,1,100,31.7741
1738258188.340590,2691506.000,13856,1,SF,1,100,31.4065
1738258188.740605,2691906.000,13921,1,SF,1,100,31.0432
1738258189.073617,2692239.000,13968,1,SF,1,100,30.6841
1738258189.340627,2692506.000,14014,1,SF,1,100,30.3292
1738258189.673639,2692839.000,14063,1,SF,1,100,29.9783
1738258190.073654,2693239.000,14125,1,SF,1,100,29.6315
1738258190.340664,2693506.000,14172,1,SF,1,100,29.2887
1738258190.673676,2693839.000,14221,1,SF,1,100,28.9499
1738258191.073691,2694239.000,14283,1,SF,1,100,28.6150
1738258191.406703,2694572.000,14329,1,SF,1,100,28.2840
1738258191.673713,2694839.000,14377,1,SF,1,100,27.9568
1738258192.006725,2695172.000,14423,1,SF,1,100,27.6334
1738258192.406740,2695572.000,14485,1,SF,1,100,27.3137
1738258192.673750,2695839.000,14536,1,SF,1,100,29.0800
1738258193.006762,2696172.000,14582,1,SF,1,100,28.7436
1738258193.406777,2696572.000,14645,1,SF,1,100,28.4111
1738258193.673787,2696839.000,14694,1,SF,1,100,28.0825
1738258194.006799,2697172.000,14742,1,SF,1,100,27.7576
1738258194.339811,2697505.000,14789,1,SF,1,100,27.4365
1738258194.739826,2697905.000,14853,1,SF,1,100,29.2014
1738258195.006836,2698172.000,14900,1,SF,1,100,28.8636
1738258195.339848,2698505.000,14947,1,SF,1,100,28.5297
1738258195.739863,2698905.000,15011,1,SF,1,100,28.1996
1738258196.072875,2699238.000,15057,1,SF,1,100,27.8734
1738258196.339885,2699505.000,15107,1,SF,1,100,29.6332
1738258196.672897,2699838.000,15153,1,SF,1,100,29.2904
1738258197.072912,2700238.000,15215,1,SF,1,100,28.9516
1738258197.339921,2700505.000,15264,1,SF,1,100,28.6167
1738258197.672934,2700838.000,15310,1,SF,1,100,28.2856
1738258198.072948,2701238.000,15373,1,SF,1,100,27.9584
1738258198.339958,2701505.000,15420,1,SF,1,100,27.6350
1738258198.672971,2701838.000,15466,1,SF,1,100,27.3153
1738258199.005983,2702171.000,15515,1,SF,1,100,26.9993
1738258199.405998,2702571.000,15577,1,SF,1,100,26.6870
1738258199.673007,2702838.000,15624,1,SF,1,100,26.3783
1738258200.006020,2703171.000,15671,1,SF,1,100,26.0731
1738258200.406034,2703571.000,15733,1,SF,1,100,25.7715
1738258200.673044,2703838.000,15779,1,SF,1,100,25.4734
1738258201.006057,2704171.000,15829,1,SF,1,100,25.1787
1738258201.339069,2704504.000,15875,1,SF,1,100,24.8875
1738258201.740083,2704905.000,15937,1,SF,1,100,24.5996
1738258202.006093,2705171.000,15984,1,SF,1,100,24.3150
1738258202.339106,2705504.000,16032,1,SF,1,100,24.0337
1738258202.739120,2705904.000,16094,1,SF,1,100,23.7557
1738258203.006130,2706171.000,16142,1,SF,1,100,23.4809
1738258203.339142,2706504.000,16190,1,SF,1,100,23.2093
1738258203.673155,2706838.000,16237,1,SF,1,100,22.9408
1738258204.073169,2707238.000,16301,1,SF,1,100,22.6754
1738258204.339179,2707504.000,16348,1,SF,1,100,22.4131
1738258204.673192,2707838.000,16395,1,SF,1,100,22.1538
1738258205.072206,2708237.000,16457,1,SF,1,100,21.8975
1738258205.339216,2708504.000,16503,1,SF,1,100,21.6442
1738258205.672228,2708837.000,16551,1,SF,1,100,21.3938
1738258206.072243,2709237.000,16613,1,SF,1,100,21.1463
1738258206.406255,2709571.000,16659,1,SF,1,100,20.9017
1738258206.672265,2709837.000,16706,1,SF,1,100,20.6599
1738258207.006278,2710171.000,16754,1,SF,1,100,20.4209
1738258207.406292,2710571.000,16818,1,SF,1,100,20.1847
1738258207.672302,2710837.000,16866,1,SF,1,100,19.9512
1738258208.006314,2711171.000,16912,1,SF,1,100,19.7204
1738258208.406329,2711571.000,16974,1,SF,1,100,19.4923
1738258208.739341,2711904.000,17023,1,SF,1,100,19.2668
1738258209.005351,2712170.000,17070,1,SF,1,100,19.0439
1738258209.339363,2712504.000,17119,1,SF,1,100,18.8236
1738258209.739378,2712904.000,17183,1,SF,1,100,20.6881
1738258210.005388,2713170.000,17229,1,SF,1,100,20.4488
1738258210.339400,2713504.000,17280,1,SF,1,100,22.2945
1738258210.739415,2713904.000,17343,1,SF,1,100,22.0366
1738258211.072427,2714237.000,17389,1,SF,1,100,21.7817
1738258211.339437,2714504.000,17440,1,SF,1,100,23.6119
1738258211.672449,2714837.000,17486,1,SF,1,100,23.3388
1738258212.072464,2715237.000,17550,1,SF,1,100,23.0688
1738258212.338474,2715503.000,17598,1,SF,1,100,22.8020
1738258212.672486,2715837.000,17644,1,SF,1,100,22.5382
1738258213.072501,2716237.000,17708,1,SF,1,100,22.2775
1738258213.338511,2716503.000,17755,1,SF,1,100,22.0198
1738258213.672523,2716837.000,17802,1,SF,1,100,21.7650
1738258214.005535,2717170.000,17853,1,SF,1,100,21.5132
1738258214.405550,2717570.000,17915,1,SF,1,100,21.2644
1738258214.671560,2717836.000,17961,1,SF,1,100,21.0184
1738258215.005572,2718170.000,18008,1,SF,1,100,20.7752
1738258215.405587,2718570.000,18070,1,SF,1,100,20.5349
1738258215.671597,2718836.000,18117,1,SF,1,100,20.2974
1738258216.005609,2719170.000,18164,1,SF,1,100,20.0626
1738258216.338621,2719503.000,18212,1,SF,1,100,19.8305
1738258216.738636,2719903.000,18274,1,SF,1,100,19.6011
1738258217.005646,2720170.000,18324,1,SF,1,100,19.3743
1738258217.338658,2720503.000,18370,1,SF,1,100,19.1502
1738258217.738673,2720903.000,18434,1,SF,1,100,18.9287
1738258218.005682,2721170.000,18481,1,SF,1,100,18.7097
1738258218.338695,2721503.000,18528,1,SF,1,100,18.4933
1738258218.671707,2721836.000,18575,1,SF,1,100,18.2793
1738258219.071722,2722236.000,18639,1,SF,1,100,18.0679
1738258219.338732,2722503.000,18687,1,SF,1,100,17.8589
1738258219.671744,2722836.000,18734,1,SF,1,100,17.6523
1738258220.071759,2723236.000,18796,1,SF,1,100,17.4481
1738258220.338768,2723503.000,18843,1,SF,1,100,17.2462
1738258220.671781,2723836.000,18890,1,SF,1,100,17.0467
1738258221.004793,2724169.000,18936,1,SF,1,100,16.8495
1738258221.404808,2724569.000,18998,1,SF,1,100,16.6546
1738258221.671818,2724836.000,19046,1,SF,1,100,16.4620
1738258222.004830,2725169.000,19092,1,SF,1,100,16.2715
1738258222.404845,2725569.000,19154,1,SF,1,100,16.0833
1738258222.671854,2725836.000,19203,1,SF,1,100,15.8972
1738258223.004867,2726169.000,19250,1,SF,1,100,15.7133
1738258223.337879,2726502.000,19297,1,SF,1,100,15.5316
1738258223.737894,2726902.000,19361,1,SF,1,100,15.3519
1738258224.004903,2727169.000,19409,1,SF,1,100,17.2566
1738258224.337916,2727502.000,19456,1,SF,1,100,17.0569
1738258224.737930,2727902.000,19520,1,SF,1,100,16.8596
1738258225.004940,2728169.000,19569,1,SF,1,100,18.7468
1738258225.337952,2728502.000,19618,1,SF,1,100,18.5300
1738258225.670965,2728835.000,19666,1,SF,1,100,20.3979
1738258226.070979,2729235.000,19728,1,SF,1,100,20.1619
1738258226.337989,2729502.000,19776,1,SF,1,100,19.9287
1738258226.671001,2729835.000,19824,1,SF,1,100,21.7804
1738258227.071016,2730235.000,19888,1,SF,1,100,21.5284
1738258227.338026,2730502.000,19935,1,SF,1,100,21.2794
1738258227.671038,2730835.000,19982,1,SF,1,100,21.0332
1738258228.071053,2731235.000,20044,1,SF,1,100,20.7899
1738258228.405065,2731569.000,20091,1,SF,1,100,20.5494
1738258228.671075,2731835.000,20139,1,SF,1,100,20.3117
1738258229.004087,2732168.000,20188,1,SF,1,100,20.0767
1738258229.404102,2732568.000,20252,1,SF,1,100,19.8445
1738258229.671112,2732835.000,20299,1,SF,1,100,19.6149
1738258230.004124,2733168.000,20346,1,SF,1,100,19.3880
1738258230.404139,2733568.000,20408,1,SF,1,100,19.1637
1738258230.738151,2733902.000,20456,1,SF,1,100,18.9420
1738258231.004161,2734168.000,20504,1,SF,1,100,18.7229
1738258231.338173,2734502.000,20550,1,SF,1,100,18.5063
1738258231.737188,2734901.000,20612,1,SF,1,100,18.2923
1738258232.004198,2735168.000,20659,1,SF,1,100,18.0806
1738258232.337210,2735501.000,20705,1,SF,1,100,17.8715
1738258232.737225,2735901.000,20768,1,SF,1,100,17.6647
1738258233.004235,2736168.000,20815,1,SF,1,100,17.4604
1738258233.337247,2736501.000,20861,1,SF,1,100,17.2584
1738258233.671259,2736835.000,20910,1,SF,1,100,17.0588
1738258234.071274,2737235.000,20974,1,SF,1,100,16.8614
1738258234.337284,2737501.000,21021,1,SF,1,100,16.6664
1738258234.670296,2737834.000,21068,1,SF,1,100,16.4736
1738258235.071311,2738235.000,21130,1,SF,1,100,16.2830
1738258235.337321,2738501.000,21176,1,SF,1,100,16.0947
1738258235.670333,2738834.000,21224,1,SF,1,100,15.9085
1738258236.004345,2739168.000,21272,1,SF,1,100,15.7244
1738258236.404360,2739568.000,21334,1,SF,1,100,15.5425
1738258236.670370,2739834.000,21381,1,SF,1,100,15.3627
1738258237.004382,2740168.000,21427,1,SF,1,100,15.1850
1738258237.404397,2740568.000,21489,1,SF,1,100,15.0094
1738258237.670407,2740834.000,21537,1,SF,1,100,14.8357
1738258238.004419,2741168.000,21583,1,SF,1,100,14.6641
1738258238.337431,2741501.000,21630,1,SF,1,100,14.4945
1738258238.737446,2741901.000,21694,1,SF,1,100,14.3268
1738258239.003456,2742167.000,21741,1,SF,1,100,14.1611
1738258239.337468,2742501.000,21792,1,SF,1,100,13.9973
1738258239.737483,2742901.000,21856,1,SF,1,100,13.8353
1738258240.003492,2743167.000,21902,1,SF,1,100,13.6753
1738258240.337505,2743501.000,21950,1,SF,1,100,13.5171
1738258240.670517,2743834.000,21996,1,SF,1,100,13.3607
1738258241.070532,2744234.000,22058,1,SF,1,100,13.2062
1738258241.336542,2744500.000,22105,1,SF,1,100,13.0534
1738258241.670554,2744834.000,22151,1,SF,1,100,12.9024
1738258242.070569,2745234.000,22215,1,SF,1,100,12.7531
1738258242.336578,2745500.000,22263,1,SF,1,100,12.6056
1738258242.670591,2745834.000,22309,1,SF,1,100,12.4598
1738258243.003603,2746167.000,22356,1,SF,1,100,12.3156
1738258243.403618,2746567.000,22420,1,SF,1,100,12.1732
1738258243.670628,2746834.000,22467,1,SF,1,100,12.0324
1738258244.003640,2747167.000,22516,1,SF,1,100,11.8932
1738258244.403655,2747567.000,22580,1,SF,1,100,11.7556
1738258244.670664,2747834.000,22626,1,SF,1,100,11.6196
1738258245.003677,2748167.000,22673,1,SF,1,100,11.4852
1738258245.403691,2748567.000,22738,1,SF,1,100,11.3523
1738258245.736704,2748900.000,22784,1,SF,1,100,11.2210
1738258246.003713,2749167.000,22833,1,SF,1,100,11.0912
1738258246.336726,2749500.000,22879,1,SF,1,100,10.9629
1738258246.736740,2749900.000,22943,1,SF,1,100,10.8361
1738258247.003750,2750167.000,22993,1,SF,1,100,10.7107
1738258247.336762,2750500.000,23039,1,SF,1,100,10.5868
1738258247.736777,2750900.000,23101,1,SF,1,100,10.4643
1738258248.069789,2751233.000,23150,1,SF,1,100,10.3433
1738258248.336799,2751500.000,23197,1,SF,1,100,10.2236
1738258248.669811,2751833.000,23244,1,SF,1,100,10.1054
1738258249.069826,2752233.000,23308,1,SF,1,100,9.9885
1738258249.336836,2752500.000,23360,1,SF,1,100,9.8729
1738258249.669848,2752833.000,23407,1,SF,1,100,9.7587
1738258250.069863,2753233.000,23471,1,SF,1,100,9.6458
1738258250.336873,2753500.000,23518,1,SF,1,100,9.5342
1738258250.669885,2753833.000,23565,1,SF,1,100,9.4239
1738258251.002898,2754166.000,23611,1,SF,1,100,9.3149
1738258251.402912,2754566.000,23673,1,SF,1,100,9.2072
1738258251.669922,2754833.000,23721,1,SF,1,100,9.1007
1738258252.002934,2755166.000,23767,1,SF,1,100,8.9954
1738258252.402949,2755566.000,23831,1,SF,1,100,8.8913
1738258252.669959,2755833.000,23878,1,SF,1,100,8.7885
1738258253.002971,2756166.000,23927,1,SF,1,100,8.6868
1738258253.335983,2756499.000,23974,1,SF,1,100,8.5863
1738258253.735998,2756899.000,24038,1,SF,1,100,8.4870
1738258254.003008,2757166.000,24086,1,SF,1,100,8.3888
1738258254.336020,2757499.000,24133,1,SF,1,100,8.2918
1738258254.736035,2757899.000,24195,1,SF,1,100,8.1959
1738258255.003045,2758166.000,24242,1,SF,1,100,8.1010
1738258255.336057,2758499.000,24289,1,SF,1,100,8.0073
1738258255.669069,2758832.000,24337,1,SF,1,100,7.9147
1738258256.069084,2759232.000,24401,1,SF,1,100,7.8231
1738258256.336094,2759499.000,24449,1,SF,1,100,7.7326
1738258256.669106,2759832.000,24495,1,SF,1,100,7.6432
1738258257.069121,2760232.000,24557,1,SF,1,100,7.5548
1738258257.336131,2760499.000,24604,1,SF,1,100,7.4674
1738258257.669143,2760832.000,24651,1,SF,1,100,7.3810
1738258258.069158,2761232.000,24713,1,SF,1,100,7.2956
1738258258.402170,2761565.000,24762,1,SF,1,100,9.2935
1738258258.669180,2761832.000,24810,1,SF,1,100,9.1860
1738258259.002192,2762165.000,24859,1,SF,1,100,9.0797
1738258259.402207,2762565.000,24923,1,SF,1,100,8.9747
1738258259.669217,2762832.000,24970,1,SF,1,100,8.8708
1738258260.002229,2763165.000,25017,1,SF,1,100,8.7682
1738258260.336241,2763499.000,25063,1,SF,1,100,8.6668
1738258260.736256,2763899.000,25127,1,SF,1,100,8.5665
1738258261.002266,2764165.000,25175,1,SF,1,100,8.4674
1738258261.335278,2764498.000,25223,1,SF,1,100,8.3695
1738258261.736293,2764899.000,25287,1,SF,1,100,10.3549
1738258262.002302,2765165.000,25334,1,SF,1,100,10.2351
1738258262.335315,2765498.000,25383,1,SF,1,100,12.1990
1738258262.735329,2765898.000,25445,1,SF,1,100,12.0579
1738258263.069342,2766232.000,25494,1,SF,1,100,11.9184
1738258263.335351,2766498.000,25540,1,SF,1,100,11.7805
1738258263.669364,2766832.000,25589,1,SF,1,100,13.7265
1738258264.069379,2767232.000,25653,1,SF,1,100,13.5677
1738258264.335388,2767498.000,25700,1,SF,1,100,13.4107
1738258264.669401,2767832.000,25747,1,SF,1,100,13.2556
1738258265.068415,2768231.000,25809,1,SF,1,100,13.1023
1738258265.402428,2768565.000,25855,1,SF,1,100,12.9507
1738258265.668437,2768831.000,25907,1,SF,1,100,14.8831
1738258266.002450,2769165.000,25953,1,SF,1,100,14.7110
1738258266.402464,2769565.000,26015,1,SF,1,100,14.5408
1738258266.668474,2769831.000,26064,1,SF,1,100,14.3726
1738258267.002486,2770165.000,26110,1,SF,1,100,14.2063
1738258267.402501,2770565.000,26173,1,SF,1,100,14.0420
1738258267.735514,2770898.000,26220,1,SF,1,100,13.8795
1738258268.001523,2771164.000,26266,1,SF,1,100,13.7190
1738258268.335536,2771498.000,26315,1,SF,1,100,13.5603
1738258268.735550,2771898.000,26379,1,SF,1,100,13.4034
1738258269.001560,2772164.000,26426,1,SF,1,100,13.2484
1738258269.335572,2772498.000,26473,1,SF,1,100,13.0951
1738258269.735587,2772898.000,26537,1,SF,1,100,12.9436
1738258270.068599,2773231.000,26583,1,SF,1,100,12.7939
1738258270.335609,2773498.000,26631,1,SF,1,100,12.6459
1738258270.668622,2773831.000,26677,1,SF,1,100,12.4996
1738258271.068636,2774231.000,26741,1,SF,1,100,12.3550
1738258271.335646,2774498.000,26792,1,SF,1,100,14.2943
1738258271.668658,2774831.000,26838,1,SF,1,100,14.1290
1738258272.068673,2775231.000,26903,1,SF,1,100,13.9655
1738258272.401685,2775564.000,26952,1,SF,1,100,15.8862
1738258272.668695,2775831.000,27002,1,SF,1,100,17.7847
1738258273.001708,2776164.000,27049,1,SF,1,100,17.5790
1738258273.401722,2776564.000,27111,1,SF,1,100,17.3756
1738258273.668732,2776831.000,27160,1,SF,1,100,17.1746
1738258274.001744,2777164.000,27213,1,SF,1,100,19.0582
1738258274.401759,2777564.000,27275,1,SF,1,100,18.8377
1738258274.667769,2777830.000,27321,1,SF,1,100,18.6198
1738258275.001781,2778164.000,27371,1,SF,1,100,18.4044
1738258275.334793,2778497.000,27417,1,SF,1,100,18.1915
1738258275.734808,2778897.000,27479,1,SF,1,100,17.9811
1738258276.001818,2779164.000,27528,1,SF,1,100,19.8553
1738258276.334830,2779497.000,27574,1,SF,1,100,19.6256
1738258276.734845,2779897.000,27636,1,SF,1,100,19.3986
1738258277.001855,2780164.000,27684,1,SF,1,100,19.1742
1738258277.334867,2780497.000,27730,1,SF,1,100,18.9524
1738258277.667879,2780830.000,27777,1,SF,1,100,18.7331
1738258278.067894,2781230.000,27839,1,SF,1,100,18.5164
1738258278.334904,2781497.000,27886,1,SF,1,100,18.3022
1738258278.667916,2781830.000,27935,1,SF,1,100,18.0905
1738258279.067931,2782230.000,27999,1,SF,1,100,17.8812
1738258279.334941,2782497.000,28045,1,SF,1,100,17.6744
1738258279.667953,2782830.000,28093,1,SF,1,100,17.4699
1738258280.000965,2783163.000,28139,1,SF,1,100,17.2678
1738258280.400980,2783563.000,28201,1,SF,1,100,17.0681
1738258280.667990,2783830.000,28250,1,SF,1,100,16.8706
1738258281.001002,2784163.000,28296,1,SF,1,100,16.6755
1738258281.401017,2784563.000,28358,1,SF,1,100,16.4826
1738258281.668027,2784830.000,28408,1,SF,1,100,16.2919
1738258282.001039,2785163.000,28454,1,SF,1,100,16.1034
1738258282.334051,2785496.000,28501,1,SF,1,100,15.9172
1738258282.734066,2785896.000,28565,1,SF,1,100,15.7330
1738258283.001076,2786163.000,28612,1,SF,1,100,15.5510
1738258283.334088,2786496.000,28659,1,SF,1,100,15.3711
1738258283.734103,2786896.000,28725,1,SF,1,100,15.1933
1738258284.001112,2787163.000,28773,1,SF,1,100,15.0176
1738258284.334125,2787496.000,28820,1,SF,1,100,14.8438
1738258284.734139,2787896.000,28883,1,SF,1,100,14.6721
1738258285.067152,2788229.000,28929,1,SF,1,100,14.5024
1738258285.334162,2788496.000,28978,1,SF,1,100,14.3346
1738258285.667174,2788829.000,29024,1,SF,1,100,14.1688
1738258286.067189,2789229.000,29086,1,SF,1,100,14.0049
1738258286.334198,2789496.000,29134,1,SF,1,100,13.8429
1738258286.667211,2789829.000,29180,1,SF,1,100,13.6827
1738258287.067225,2790229.000,29244,1,SF,1,100,13.5245
1738258287.401238,2790563.000,29291,1,SF,1,100,13.3680
1738258287.667248,2790829.000,29340,1,SF,1,100,13.2134
1738258288.000260,2791162.000,29387,1,SF,1,100,13.0605
1738258288.401274,2791563.000,29449,1,SF,1,100,12.9094
1738258288.667284,2791829.000,29497,1,SF,1,100,12.7601
1738258289.000297,2792162.000,29546,1,SF,1,100,12.6125
1738258289.400311,2792562.000,29609,1,SF,1,100,12.4666
1738258289.734324,2792896.000,29655,1,SF,1,100,12.3224
1738258290.000333,2793162.000,29702,1,SF,1,100,12.1798
1738258290.334346,2793496.000,29750,1,SF,1,100,12.0389
1738258290.734360,2793896.000,29812,1,SF,1,100,11.8997
1738258291.000370,2794162.000,29860,1,SF,1,100,11.7620
1738258291.334383,2794496.000,29906,1,SF,1,100,11.6259
1738258291.733397,2794895.000,29968,1,SF,1,100,11.4914
1738258292.000407,2795162.000,30015,1,SF,1,100,11.3585
1738258292.333419,2795495.000,30064,1,SF,1,100,11.2271
1738258292.667432,2795829.000,30113,1,SF,1,100,13.1795
1738258293.067446,2796229.000,30177,1,SF,1,100,13.0270
1738258293.333456,2796495.000,30223,1,SF,1,100,12.8763
1738258293.667468,2796829.000,30272,1,SF,1,100,14.8096
1738258294.067483,2797229.000,30336,1,SF,1,100,14.6383
1738258294.333493,2797495.000,30383,1,SF,1,100,14.4690
1738258294.666505,2797828.000,30432,1,SF,1,100,14.3016
1738258295.000518,2798162.000,30478,1,SF,1,100,14.1362
1738258295.400532,2798562.000,30540,1,SF,1,100,13.9726
1738258295.666542,2798828.000,30588,1,SF,1,100,13.8110
1738258296.000554,2799162.000,30636,1,SF,1,100,13.6512
1738258296.400569,2799562.000,30700,1,SF,1,100,15.5756
1738258296.666579,2799828.000,30749,1,SF,1,100,17.4776
1738258297.000591,2800162.000,30798,1,SF,1,100,19.3577
1738258297.333603,2800495.000,30845,1,SF,1,100,19.1338
1738258297.733618,2800895.000,30909,1,SF,1,100,18.9124
1738258298.000628,2801162.000,30955,1,SF,1,100,18.6937
1738258298.333640,2801495.000,31002,1,SF,1,100,18.4774
1738258298.733655,2801895.000,31068,1,SF,1,100,18.2637
1738258298.999665,2802161.000,31115,1,SF,1,100,18.0524
1738258299.333677,2802495.000,31162,1,SF,1,100,17.8435
1738258299.666689,2802828.000,31210,1,SF,1,100,17.6371
1738258300.066704,2803228.000,31272,1,SF,1,100,17.4331
1738258300.333714,2803495.000,31320,1,SF,1,100,17.2314
1738258300.666726,2803828.000,31366,1,SF,1,100,17.0321
1738258301.066741,2804228.000,31428,1,SF,1,100,16.8351
1738258301.332751,2804494.000,31477,1,SF,1,100,16.6403
1738258301.666763,2804828.000,31523,1,SF,1,100,16.4478
1738258302.066778,2805228.000,31586,1,SF,1,100,16.2576
1738258302.399790,2805561.000,31633,1,SF,1,100,16.0695
1738258302.666800,2805828.000,31679,1,SF,1,100,15.8836
1738258302.999812,2806161.000,31726,1,SF,1,100,15.6999
1738258303.399827,2806561.000,31788,1,SF,1,100,15.5182
1738258303.666837,2806828.000,31835,1,SF,1,100,15.3387
1738258303.999849,2807161.000,31884,1,SF,1,100,15.1613
1738258304.399863,2807561.000,31950,1,SF,1,100,17.0681
1738258304.732876,2807894.000,31998,1,SF,1,100,18.9530
1738258304.999886,2808161.000,32046,1,SF,1,100,18.7337
1738258305.332898,2808494.000,32092,1,SF,1,100,18.5170
1738258305.732913,2808894.000,32156,1,SF,1,100,18.3028
1738258305.999923,2809161.000,32203,1,SF,1,100,18.0911
1738258306.332935,2809494.000,32249,1,SF,1,100,17.8818
1738258306.732949,2809894.000,32312,1,SF,1,100,17.6749
1738258306.999959,2810161.000,32361,1,SF,1,100,17.4705
1738258307.332972,2810494.000,32407,1,SF,1,100,17.2684
1738258307.665984,2810827.000,32454,1,SF,1,100,17.0686
1738258308.065999,2811227.000,32518,1,SF,1,100,16.8711
1738258308.333009,2811494.000,32565,1,SF,1,100,16.6760
1738258308.666021,2811827.000,32612,1,SF,1,100,16.4831
1738258309.066036,2812227.000,32680,1,SF,1,100,18.3746
1738258309.333045,2812494.000,32726,1,SF,1,100,18.1621
1738258309.666058,2812827.000,32776,1,SF,1,100,17.9520
1738258309.999070,2813160.000,32824,1,SF,1,100,19.8266
1738258310.399085,2813560.000,32888,1,SF,1,100,19.5972
1738258310.666094,2813827.000,32935,1,SF,1,100,19.3705
1738258310.999107,2814160.000,32981,1,SF,1,100,19.1464
1738258311.399121,2814560.000,33043,1,SF,1,100,18.9249
1738258311.666131,2814827.000,33091,1,SF,1,100,18.7060
1738258311.999143,2815160.000,33137,1,SF,1,100,18.4896
1738258312.332156,2815493.000,33186,1,SF,1,100,18.2757
1738258312.732170,2815893.000,33250,1,SF,1,100,20.1466
1738258312.999180,2816160.000,33299,1,SF,1,100,21.9958
1738258313.332192,2816493.000,33346,1,SF,1,100,21.7413
1738258313.732207,2816893.000,33410,1,SF,1,100,21.4898
1738258313.999217,2817160.000,33458,1,SF,1,100,23.3235
1738258314.332229,2817493.000,33508,1,SF,1,100,23.0537
1738258314.665241,2817826.000,33554,1,SF,1,100,22.7870
1738258315.066256,2818227.000,33618,1,SF,1,100,22.5234
1738258315.332266,2818493.000,33665,1,SF,1,100,22.2628
1738258315.665278,2818826.000,33713,1,SF,1,100,22.0053
1738258316.065293,2819226.000,33777,1,SF,1,100,23.8330
1738258316.332303,2819493.000,33825,1,SF,1,100,23.5573
1738258316.665315,2819826.000,33871,1,SF,1,100,23.2848
1738258316.999327,2820160.000,33918,1,SF,1,100,23.0154
1738258317.399342,2820560.000,33982,1,SF,1,100,22.7492
1738258317.665352,2820826.000,34029,1,SF,1,100,22.4860
1738258317.999364,2821160.000,34078,1,SF,1,100,22.2259
1738258318.398379,2821559.000,34140,1,SF,1,100,21.9688
1738258318.665389,2821826.000,34186,1,SF,1,100,21.7146
1738258318.998401,2822159.000,34235,1,SF,1,100,21.4634
1738258319.398416,2822559.000,34298,1,SF,1,100,21.2151
1738258319.732428,2822893.000,34344,1,SF,1,100,20.9697
1738258319.998438,2823159.000,34391,1,SF,1,100,20.7272
1738258320.332450,2823493.000,34437,1,SF,1,100,20.4874
1738258320.732465,2823893.000,34499,1,SF,1,100,20.2504
1738258320.998475,2824159.000,34547,1,SF,1,100,20.0161
1738258321.331487,2824492.000,34593,1,SF,1,100,19.7846
1738258321.732502,2824893.000,34655,1,SF,1,100,19.5557
1738258322.065514,2825226.000,34702,1,SF,1,100,19.3295
1738258322.331524,2825492.000,34749,1,SF,1,100,19.1059
1738258322.665536,2825826.000,34796,1,SF,1,100,18.8849
1738258323.065551,2826226.000,34858,1,SF,1,100,18.6664
1738258323.331561,2826492.000,34904,1,SF,1,100,18.4505
1738258323.665573,2826826.000,34953,1,SF,1,100,20.3193
1738258324.065588,2827226.000,35017,1,SF,1,100,20.0842
1738258324.331598,2827492.000,35066,1,SF,1,100,19.8519
1738258324.665610,2827826.000,35113,1,SF,1,100,19.6222
1738258324.998622,2828159.000,35159,1,SF,1,100,19.3953
1738258325.398637,2828559.000,35223,1,SF,1,100,19.1709
1738258325.664647,2828825.000,35275,1,SF,1,100,23.1136
1738258325.998659,2829159.000,35323,1,SF,1,100,22.8462
1738258326.398674,2829559.000,35385,1,SF,1,100,22.5820
1738258326.664683,2829825.000,35432,1,SF,1,100,22.3207
1738258326.998696,2830159.000,35479,1,SF,1,100,22.0625
1738258327.331708,2830492.000,35526,1,SF,1,100,21.8073
1738258327.731723,2830892.000,35588,1,SF,1,100,21.5550
1738258327.997732,2831158.000,35634,1,SF,1,100,21.3057
1738258328.331745,2831492.000,35681,1,SF,1,100,21.0592
1738258328.731760,2831892.000,35745,1,SF,1,100,20.8156
1738258328.997769,2832158.000,35792,1,SF,1,100,20.5748
1738258329.331782,2832492.000,35841,1,SF,1,100,20.3368
1738258329.664794,2832825.000,35887,1,SF,1,100,20.1015
1738258330.064809,2833225.000,35949,1,SF,1,100,19.8690
1738258330.331818,2833492.000,35999,1,SF,1,100,19.6392
1738258330.664831,2833825.000,36045,1,SF,1,100,19.4120
1738258331.064845,2834225.000,36109,1,SF,1,100,21.2697
1738258331.331855,2834492.000,36158,1,SF,1,100,21.0236
1738258331.664867,2834825.000,36205,1,SF,1,100,20.7804
1738258331.997880,2835158.000,36252,1,SF,1,100,20.5400
1738258332.397895,2835558.000,36316,1,SF,1,100,20.3024
1738258332.664904,2835825.000,36362,1,SF,1,100,20.0676
1738258332.997917,2836158.000,36411,1,SF,1,100,19.8354
1738258333.397931,2836558.000,36473,1,SF,1,100,19.6060
1738258333.664941,2836825.000,36520,1,SF,1,100,19.3791
1738258333.997953,2837158.000,36569,1,SF,1,100,19.1550
1738258334.397968,2837558.000,36633,1,SF,1,100,18.9334
1738258334.730980,2837891.000,36681,1,SF,1,100,18.7144
1738258334.997990,2838158.000,36729,1,SF,1,100,18.4979
1738258335.331002,2838491.000,36775,1,SF,1,100,18.2839
1738258335.731017,2838891.000,36839,1,SF,1,100,18.0724
1738258335.998027,2839158.000,36886,1,SF,1,100,17.8633
1738258336.331039,2839491.000,36932,1,SF,1,100,17.6567
1738258336.731054,2839891.000,36997,1,SF,1,100,17.4524
1738258337.064066,2840224.000,37044,1,SF,1,100,17.2505
1738258337.331076,2840491.000,37090,1,SF,1,100,17.0510
1738258337.664088,2840824.000,37137,1,SF,1,100,16.8537
1738258338.064103,2841224.000,37199,1,SF,1,100,16.6588
1738258338.331113,2841491.000,37246,1,SF,1,100,16.4660
1738258338.664125,2841824.000,37293,1,SF,1,100,16.2756
1738258339.064140,2842224.000,37359,1,SF,1,100,16.0873
1738258339.397152,2842557.000,37407,1,SF,1,100,15.9012
1738258339.664162,2842824.000,37455,1,SF,1,100,15.7172
1738258339.997174,2843157.000,37501,1,SF,1,100,15.5354
1738258340.397189,2843557.000,37565,1,SF,1,100,15.3557
1738258340.664199,2843824.000,37612,1,SF,1,100,15.1781
1738258340.997211,2844157.000,37658,1,SF,1,100,15.0025
1738258341.397226,2844557.000,37723,1,SF,1,100,14.8289
1738258341.731238,2844891.000,37770,1,SF,1,100,14.6574
1738258341.997248,2845157.000,37818,1,SF,1,100,14.4878
1738258342.330260,2845490.000,37865,1,SF,1,100,14.3202
1738258342.730275,2845890.000,37929,1,SF,1,100,14.1546
1738258342.997285,2846157.000,37976,1,SF,1,100,13.9908
1738258343.330297,2846490.000,38023,1,SF,1,100,13.8290
1738258343.730312,2846890.000,38087,1,SF,1,100,13.6690
1738258343.997322,2847157.000,38133,1,SF,1,100,13.5109
1738258344.330334,2847490.000,38181,1,SF,1,100,13.3546
1738258344.664346,2847824.000,38227,1,SF,1,100,13.2001
1738258345.063361,2848223.000,38291,1,SF,1,100,13.0474
1738258345.330371,2848490.000,38338,1,SF,1,100,12.8965
1738258345.663383,2848823.000,38386,1,SF,1,100,12.7473
1738258346.063398,2849223.000,38448,1,SF,1,100,12.5998
1738258346.330408,2849490.000,38496,1,SF,1,100,12.4541
1738258346.663420,2849823.000,38544,1,SF,1,100,12.3100
1738258346.997432,2850157.000,38591,1,SF,1,100,12.1676
1738258347.397447,2850557.000,38653,1,SF,1,100,12.0269
1738258347.663457,2850823.000,38700,1,SF,1,100,11.8877
1738258347.996469,2851156.000,38747,1,SF,1,100,11.7502
1738258348.397484,2851557.000,38811,1,SF,1,100,11.6143
1738258348.663493,2851823.000,38857,1,SF,1,100,11.4799
1738258348.996506,2852156.000,38907,1,SF,1,100,11.3471
1738258349.330518,2852490.000,38955,1,SF,1,100,11.2159
1738258349.730533,2852890.000,39017,1,SF,1,100,11.0861
1738258349.996542,2853156.000,39064,1,SF,1,100,10.9579
1738258350.330555,2853490.000,39110,1,SF,1,100,10.8311
1738258350.730570,2853890.000,39172,1,SF,1,100,10.7058
1738258350.996579,2854156.000,39222,1,SF,1,100,10.5820
1738258351.330592,2854490.000,39268,1,SF,1,100,10.4596
1738258351.663604,2854823.000,39315,1,SF,1,100,10.3386
1738258352.063619,2855223.000,39379,1,SF,1,100,10.2190
1738258352.329628,2855489.000,39426,1,SF,1,100,10.1007
1738258352.663641,2855823.000,39475,1,SF,1,100,9.9839
1738258353.063655,2856223.000,39537,1,SF,1,100,9.8684
1738258353.329665,2856489.000,39585,1,SF,1,100,9.7543
1738258353.663677,2856823.000,39633,1,SF,1,100,9.6414
1738258353.996690,2857156.000,39681,1,SF,1,100,9.5299
1738258354.396704,2857556.000,39745,1,SF,1,100,9.4196
1738258354.663714,2857823.000,39794,1,SF,1,100,11.3929
1738258354.996727,2858156.000,39842,1,SF,1,100,11.2611
1738258355.396741,2858556.000,39904,1,SF,1,100,11.1309
1738258355.662751,2858822.000,39954,1,SF,1,100,11.0021
1738258355.996763,2859156.000,40000,1,SF,1,100,10.8748
1738258356.396778,2859556.000,40062,1,SF,1,100,10.7490
1738258356.729790,2859889.000,40113,1,SF,1,100,12.7069
1738258356.996800,2860156.000,40160,1,SF,1,100,12.5599
1738258357.329813,2860489.000,40207,1,SF,1,100,12.4146
1738258357.729827,2860889.000,40271,1,SF,1,100,12.2710
1738258357.996837,2861156.000,40317,1,SF,1,100,12.1291
1738258358.329849,2861489.000,40364,1,SF,1,100,11.9888
1738258358.729864,2861889.000,40431,1,SF,1,100,11.8501
1738258359.062876,2862222.000,40479,1,SF,1,100,11.7130
1738258359.329886,2862489.000,40528,1,SF,1,100,11.5775
1738258359.662899,2862822.000,40574,1,SF,1,100,11.4436
1738258360.062913,2863222.000,40636,1,SF,1,100,11.3112
1738258360.329923,2863489.000,40684,1,SF,1,100,11.1803
1738258360.662935,2863822.000,40732,1,SF,1,100,11.0510
1738258361.062950,2864222.000,40794,1,SF,1,100,10.9232
1738258361.395962,2864555.000,40843,1,SF,1,100,10.7968
1738258361.662972,2864822.000,40890,1,SF,1,100,10.6719
1738258361.995984,2865155.000,40939,1,SF,1,100,10.5485
1738258362.395999,2865555.000,41001,1,SF,1,100,10.4264
1738258362.663009,2865822.000,41047,1,SF,1,100,10.3058
1738258362.996021,2866155.000,41094,1,SF,1,100,10.1866
1738258363.396036,2866555.000,41159,1,SF,1,100,10.0688
1738258363.663046,2866822.000,41205,1,SF,1,100,9.9523
1738258363.996058,2867155.000,41254,1,SF,1,100,9.8372
1738258364.329070,2867488.000,41302,1,SF,1,100,9.7234
1738258364.729085,2867888.000,41364,1,SF,1,100,9.6109
1738258364.996095,2868155.000,41412,1,SF,1,100,9.4997
1738258365.329107,2868488.000,41460,1,SF,1,100,9.3898
1738258365.729122,2868888.000,41522,1,SF,1,100,9.2812
1738258365.996132,2869155.000,41571,1,SF,1,100,9.1738
1738258366.329144,2869488.000,41618,1,SF,1,100,9.0677
1738258366.662156,2869821.000,41665,1,SF,1,100,8.9628
1738258367.062171,2870221.000,41729,1,SF,1,100,8.8591
1738258367.329181,2870488.000,41775,1,SF,1,100,8.7566
1738258367.662193,2870821.000,41822,1,SF,1,100,8.6553
1738258368.062208,2871221.000,41886,1,SF,1,100,8.5552
1738258368.329217,2871488.000,41933,1,SF,1,100,8.4562
1738258368.662230,2871821.000,41982,1,SF,1,100,8.3584
1738258368.995242,2872154.000,42030,1,SF,1,100,8.2617
1738258369.395257,2872554.000,42092,1,SF,1,100,8.1662
1738258369.662267,2872821.000,42140,1,SF,1,100,8.0717
1738258369.995279,2873154.000,42188,1,SF,1,100,7.9783
1738258370.395294,2873554.000,42250,1,SF,1,100,7.8860
1738258370.662303,2873821.000,42297,1,SF,1,100,7.7948
1738258370.995316,2874154.000,42346,1,SF,1,100,7.7046
1738258371.329328,2874488.000,42393,1,SF,1,100,7.6155
1738258371.728343,2874887.000,42457,1,SF,1,100,7.5274
1738258371.995353,2875154.000,42503,1,SF,1,100,7.4403
1738258372.328365,2875487.000,42552,1,SF,1,100,7.3543
1738258372.728379,2875887.000,42614,1,SF,1,100,7.2692
1738258372.995389,2876154.000,42663,1,SF,1,100,7.1851
1738258373.328402,2876487.000,42710,1,SF,1,100,7.1020
1738258373.728416,2876887.000,42776,1,SF,1,100,7.0198
1738258374.062429,2877221.000,42822,1,SF,1,100,6.9386
1738258374.328439,2877487.000,42870,1,SF,1,100,6.8583
1738258374.661451,2877820.000,42918,1,SF,1,100,6.7790
1738258375.062465,2878221.000,42980,1,SF,1,100,6.7006
1738258375.328475,2878487.000,43029,1,SF,1,100,6.6231
1738258375.661488,2878820.000,43075,1,SF,1,100,6.5465
1738258376.061502,2879220.000,43138,1,SF,1,100,6.4707
1738258376.395514,2879554.000,43187,1,SF,1,100,6.3959
1738258376.661524,2879820.000,43233,1,SF,1,100,6.3219
1738258376.995537,2880154.000,43280,1,SF,1,100,6.2488
1738258377.395551,2880554.000,43344,1,SF,1,100,6.1765
1738258377.661561,2880820.000,43391,1,SF,1,100,6.1050
1738258377.995574,2881154.000,43440,1,SF,1,100,6.0344
1738258378.394588,2881553.000,43502,1,SF,1,100,5.9646
1738258378.728601,2881887.000,43550,1,SF,1,100,5.8956
1738258378.994610,2882153.000,43598,1,SF,1,100,5.8274
1738258379.328623,2882487.000,43646,1,SF,1,100,5.7600
1738258379.728637,2882887.000,43708,1,SF,1,100,5.6933
1738258379.994647,2883153.000,43757,1,SF,1,100,5.6275
1738258380.328659,2883487.000,43803,1,SF,1,100,5.5624
1738258380.728674,2883887.000,43865,1,SF,1,100,5.4980
1738258380.994684,2884153.000,43915,1,SF,1,100,5.4344
1738258381.328696,2884487.000,43961,1,SF,1,100,5.3716
1738258381.661708,2884820.000,44008,1,SF,1,100,5.3094
1738258382.061723,2885220.000,44070,1,SF,1,100,5.2480
1738258382.327733,2885486.000,44121,1,SF,1,100,7.2696
1738258382.661745,2885820.000,44168,1,SF,1,100,7.1855
1738258383.061760,2886220.000,44230,1,SF,1,100,7.1023
1738258383.327770,2886486.000,44278,1,SF,1,100,9.1024
1738258383.661782,2886820.000,44326,1,SF,1,100,8.9971
1738258383.994794,2887153.000,44376,1,SF,1,100,8.8931
1738258384.394809,2887553.000,44438,1,SF,1,100,8.7902
1738258384.661819,2887820.000,44487,1,SF,1,100,10.7707
1738258384.994831,2888153.000,44533,1,SF,1,100,10.6461
1738258385.394846,2888553.000,44595,1,SF,1,100,10.5230
1738258385.660856,2888819.000,44645,1,SF,1,100,10.4013
1738258385.994868,2889153.000,44691,1,SF,1,100,10.2809
1738258386.327880,2889486.000,44738,1,SF,1,100,10.1620
1738258386.727895,2889886.000,44802,1,SF,1,100,10.0445
1738258386.994905,2890153.000,44849,1,SF,1,100,9.9283
1738258387.327917,2890486.000,44896,1,SF,1,100,9.8134
1738258387.727932,2890886.000,44960,1,SF,1,100,9.6999
1738258387.993942,2891152.000,45006,1,SF,1,100,9.5877
1738258388.327954,2891486.000,45056,1,SF,1,100,9.4768
1738258388.727969,2891886.000,45120,1,SF,1,100,9.3671
1738258389.060981,2892219.000,45168,1,SF,1,100,11.3410
1738258389.327991,2892486.000,45217,1,SF,1,100,11.2098
1738258389.661003,2892819.000,45263,1,SF,1,100,11.0802
1738258390.061018,2893219.000,45325,1,SF,1,100,10.9520
1738258390.328027,2893486.000,45375,1,SF,1,100,10.8253
1738258390.661040,2893819.000,45421,1,SF,1,100,10.7001
1738258391.061054,2894219.000,45485,1,SF,1,100,10.5763
1738258391.394067,2894552.000,45532,1,SF,1,100,10.4539
1738258391.661077,2894819.000,45581,1,SF,1,100,12.4153
1738258391.994089,2895152.000,45628,1,SF,1,100,12.2716
1738258392.394104,2895552.000,45692,1,SF,1,100,12.1297
1738258392.661114,2895819.000,45738,1,SF,1,100,11.9894
1738258392.994126,2896152.000,45787,1,SF,1,100,13.9329
1738258393.394140,2896552.000,45850,1,SF,1,100,13.7717
1738258393.727153,2896885.000,45898,1,SF,1,100,13.6124
1738258393.994163,2897152.000,45945,1,SF,1,100,13.4550
1738258394.327175,2897485.000,45993,1,SF,1,100,13.2993
1738258394.727190,2897885.000,46055,1,SF,1,100,13.1455
1738258394.994199,2898152.000,46105,1,SF,1,100,12.9934
1738258395.327212,2898485.000,46151,1,SF,1,100,12.8431
1738258395.727226,2898885.000,46213,1,SF,1,100,12.6945
1738258395.994236,2899152.000,46262,1,SF,1,100,12.5477
1738258396.327248,2899485.000,46309,1,SF,1,100,12.4025
1738258396.660261,2899818.000,46356,1,SF,1,100,12.2590
1738258397.060276,2900218.000,46418,1,SF,1,100,12.1172
1738258397.327285,2900485.000,46464,1,SF,1,100,11.9771
1738258397.660298,2900818.000,46511,1,SF,1,100,11.8385
1738258398.060312,2901218.000,46575,1,SF,1,100,11.7016
1738258398.327322,2901485.000,46622,1,SF,1,100,11.5662
1738258398.660334,2901818.000,46669,1,SF,1,100,11.4324
1738258398.993347,2902151.000,46717,1,SF,1,100,11.3001
1738258399.393361,2902551.000,46781,1,SF,1,100,11.1694
1738258399.660371,2902818.000,46829,1,SF,1,100,11.0402
1738258399.993383,2903151.000,46877,1,SF,1,100,10.9125
1738258400.393398,2903551.000,46939,1,SF,1,100,10.7863
1738258400.660408,2903818.000,46988,1,SF,1,100,10.6615
1738258400.993420,2904151.000,47035,1,SF,1,100,10.5382
1738258401.326432,2904484.000,47082,1,SF,1,100,10.4162
1738258401.727447,2904885.000,47146,1,SF,1,100,10.2958
1738258401.993457,2905151.000,47192,1,SF,1,100,10.1766
1738258402.326469,2905484.000,47239,1,SF,1,100,10.0589
1738258402.726484,2905884.000,47303,1,SF,1,100,9.9426
1738258402.993494,2906151.000,47350,1,SF,1,100,9.8275
1738258403.326506,2906484.000,47399,1,SF,1,100,9.7139
1738258403.726521,2906884.000,47463,1,SF,1,100,9.6015
1738258404.060533,2907218.000,47511,1,SF,1,100,9.4904
1738258404.326543,2907484.000,47559,1,SF,1,100,9.3806
1738258404.660555,2907818.000,47605,1,SF,1,100,9.2721
1738258405.059570,2908217.000,47667,1,SF,1,100,9.1649
1738258405.326580,2908484.000,47714,1,SF,1,100,9.0588
1738258405.659592,2908817.000,47760,1,SF,1,100,8.9540
1738258406.059607,2909217.000,47823,1,SF,1,100,8.8505
1738258406.393619,2909551.000,47872,1,SF,1,100,10.8303
1738258406.659629,2909817.000,47920,1,SF,1,100,12.7873
1738258406.993641,2910151.000,47967,1,SF,1,100,12.6394
1738258407.393656,2910551.000,48031,1,SF,1,100,12.4932
1738258407.659666,2910817.000,48078,1,SF,1,100,12.3486
1738258407.992678,2911150.000,48127,1,SF,1,100,12.2058
1738258408.393693,2911551.000,48189,1,SF,1,100,12.0646
1738258408.726705,2911884.000,48239,1,SF,1,100,11.9250
1738258408.992715,2912150.000,48287,1,SF,1,100,11.7871
1738258409.326727,2912484.000,48333,1,SF,1,100,11.6507
1738258409.726742,2912884.000,48397,1,SF,1,100,11.5159
1738258409.992752,2913150.000,48444,1,SF,1,100,11.3827
1738258410.326764,2913484.000,48490,1,SF,1,100,11.2511
1738258410.726779,2913884.000,48555,1,SF,1,100,11.1209
1738258411.059791,2914217.000,48602,1,SF,1,100,10.9923
1738258411.326801,2914484.000,48648,1,SF,1,100,10.8651
1738258411.659813,2914817.000,48697,1,SF,1,100,10.7394
1738258412.059828,2915217.000,48761,1,SF,1,100,12.6974
1738258412.325838,2915483.000,48808,1,SF,1,100,12.5505
1738258412.659850,2915817.000,48857,1,SF,1,100,14.4876
1738258413.059865,2916217.000,48919,1,SF,1,100,14.3200
1738258413.325874,2916483.000,48967,1,SF,1,100,14.1544
1738258413.659887,2916817.000,49015,1,SF,1,100,13.9906
1738258413.992899,2917150.000,49063,1,SF,1,100,13.8288
1738258414.392914,2917550.000,49129,1,SF,1,100,15.7511
1738258414.659924,2917817.000,49176,1,SF,1,100,15.5688
1738258414.992936,2918150.000,49222,1,SF,1,100,15.3887
1738258415.392951,2918550.000,49288,1,SF,1,100,17.2930
1738258415.658960,2918816.000,49338,1,SF,1,100,19.1752
1738258415.992973,2919150.000,49384,1,SF,1,100,18.9534
1738258416.325985,2919483.000,49431,1,SF,1,100,18.7341
1738258416.726000,2919883.000,49495,1,SF,1,100,20.5996
1738258416.993009,2920150.000,49544,1,SF,1,100,20.3613
1738258417.326022,2920483.000,49595,1,SF,1,100,24.2903
1738258417.726036,2920883.000,49659,1,SF,1,100,26.0916
1738258417.993046,2921150.000,49707,1,SF,1,100,25.7897
1738258418.326058,2921483.000,49757,1,SF,1,100,27.5737
1738258418.659071,2921816.000,49803,1,SF,1,100,27.2547
1738258419.059085,2922216.000,49867,1,SF,1,100,26.9394
1738258419.326095,2922483.000,49914,1,SF,1,100,26.6278
1738258419.659107,2922816.000,49962,1,SF,1,100,28.4020
1738258420.059122,2923216.000,50024,1,SF,1,100,28.0734
1738258420.326132,2923483.000,50074,1,SF,1,100,27.7487
1738258420.659144,2923816.000,50120,1,SF,1,100,27.4277
1738258420.992157,2924149.000,50171,1,SF,1,100,31.2749
1738258421.392171,2924549.000,50233,1,SF,1,100,30.9131
1738258421.659181,2924816.000,50282,1,SF,1,100,32.6378
1738258421.992193,2925149.000,50329,1,SF,1,100,32.2602
1738258422.392208,2925549.000,50391,1,SF,1,100,31.8870
1738258422.659218,2925816.000,50437,1,SF,1,100,31.5181
1738258422.992230,2926149.000,50487,1,SF,1,100,33.2358
1738258423.325243,2926482.000,50533,1,SF,1,100,32.8513
1738258423.725257,2926882.000,50597,1,SF,1,100,32.4713
1738258423.992267,2927149.000,50644,1,SF,1,100,32.0957
1738258424.325279,2927482.000,50690,1,SF,1,100,31.7244
1738258424.725294,2927882.000,50754,1,SF,1,100,33.4396
1738258424.992304,2928149.000,50802,1,SF,1,100,33.0528
1738258425.325316,2928482.000,50850,1,SF,1,100,32.6704
1738258425.725331,2928882.000,50912,1,SF,1,100,32.2925
1738258426.058343,2929215.000,50959,1,SF,1,100,31.9189
1738258426.325353,2929482.000,51008,1,SF,1,100,31.5497
1738258426.658365,2929815.000,51055,1,SF,1,100,31.1847
1738258427.058380,2930215.000,51119,1,SF,1,100,30.8240
1738258427.325390,2930482.000,51165,1,SF,1,100,30.4674
1738258427.658402,2930815.000,51213,1,SF,1,100,30.1150
1738258428.058417,2931215.000,51277,1,SF,1,100,29.7666
1738258428.392429,2931549.000,51323,1,SF,1,100,29.4223
1738258428.658439,2931815.000,51370,1,SF,1,100,29.0819
1738258428.991451,2932148.000,51420,1,SF,1,100,28.7455
1738258429.391466,2932548.000,51482,1,SF,1,100,28.4129
1738258429.658476,2932815.000,51530,1,SF,1,100,28.0843
1738258429.991488,2933148.000,51578,1,SF,1,100,27.7594
1738258430.391503,2933548.000,51640,1,SF,1,100,27.4383
1738258430.725515,2933882.000,51674,1,SF,1,100,27.1208
1738258430.991525,2934148.000,51721,1,SF,1,100,26.8071
1738258431.325537,2934482.000,51768,1,SF,1,100,26.4970
1738258431.658549,2934815.000,51816,1,SF,1,100,26.1905
1738258432.058564,2935215.000,51879,1,SF,1,100,25.8875
1738258432.324574,2935481.000,51927,1,SF,1,100,25.5880
1738258432.658586,2935815.000,51973,1,SF,1,100,25.2920
1738258433.058601,2936215.000,52037,1,SF,1,100,24.9995
1738258433.324611,2936481.000,52084,1,SF,1,100,24.7103
1738258433.658623,2936815.000,52131,1,SF,1,100,24.4244
1738258433.991635,2937148.000,52180,1,SF,1,100,24.1419
1738258434.658660,2937815.000,52244,1,SF,1,100,23.8626
1738258434.658660,2937815.000,52245,1,SF,1,100,23.5866
1738258435.057675,2938214.000,52307,1,SF,1,100,23.3137
1738258435.324684,2938481.000,52353,1,SF,1,100,23.0440
1738258435.657697,2938814.000,52400,1,SF,1,100,22.7774
1738258436.057711,2939214.000,52451,1,SF,1,100,22.5139
1738258436.324721,2939481.000,52499,1,SF,1,100,22.2535
1738258436.657733,2939814.000,52545,1,SF,1,100,21.9961
1738258437.057748,2940214.000,52607,1,SF,1,100,21.7416
1738258437.324758,2940481.000,52656,1,SF,1,100,21.4901
1738258437.657770,2940814.000,52702,1,SF,1,100,21.2415
1738258438.057785,2941214.000,52767,1,SF,1,100,20.9958
1738258438.324795,2941481.000,52814,1,SF,1,100,20.7529
1738258438.657807,2941814.000,52860,1,SF,1,100,20.5128
1738258438.990819,2942147.000,52911,1,SF,1,100,20.2755
1738258439.390834,2942547.000,52973,1,SF,1,100,20.0410
1738258439.657844,2942814.000,53020,1,SF,1,100,19.8092
1738258439.990856,2943147.000,53069,1,SF,1,100,19.5800
1738258440.390871,2943547.000,53131,1,SF,1,100,19.3535
1738258440.657881,2943814.000,53177,1,SF,1,100,19.1296
1738258441.057895,2944214.000,53232,1,SF,1,100,18.9083
1738258441.324905,2944481.000,53278,1,SF,1,100,18.6896
1738258441.657917,2944814.000,53325,1,SF,1,100,18.4734
1738258442.057932,2945214.000,53389,1,SF,1,100,18.2597
1738258442.323942,2945480.000,53436,1,SF,1,100,18.0485
1738258442.657954,2945814.000,53483,1,SF,1,100,17.8397
1738258442.990967,2946147.000,53531,1,SF,1,100,17.6333
1738258443.390981,2946547.000,53593,1,SF,1,100,17.4293
1738258443.657991,2946814.000,53641,1,SF,1,100,17.2277
1738258443.991004,2947147.000,53691,1,SF,1,100,17.0284
1738258444.391018,2947547.000,53753,1,SF,1,100,16.8314
1738258444.724030,2947880.000,53800,1,SF,1,100,16.6367
1738258444.991040,2948147.000,53847,1,SF,1,100,16.4443
1738258445.324053,2948480.000,53894,1,SF,1,100,16.2540
1738258445.724067,2948880.000,53956,1,SF,1,100,16.0660
1738258446.057080,2949213.000,54008,1,SF,1,100,15.8801
1738258446.391092,2949547.000,54057,1,SF,1,100,15.6964
1738258446.657102,2949813.000,54104,1,SF,1,100,15.5149
1738258446.991114,2950147.000,54150,1,SF,1,100,15.3354
1738258447.391129,2950547.000,54212,1,SF,1,100,15.1580
1738258447.657139,2950813.000,54260,1,SF,1,100,14.9826
1738258447.991151,2951147.000,54308,1,SF,1,100,16.8916
1738258448.390166,2951546.000,54370,1,SF,1,100,16.6962
1738258448.724178,2951880.000,54419,1,SF,1,100,16.5030
1738258448.990188,2952146.000,54466,1,SF,1,100,16.3121
1738258449.324200,2952480.000,54513,1,SF,1,100,16.1234
1738258449.724215,2952880.000,54575,1,SF,1,100,15.9369
1738258449.990224,2953146.000,54621,1,SF,1,100,15.7525
1738258450.324237,2953480.000,54669,1,SF,1,100,15.5703
1738258450.657249,2953813.000,54715,1,SF,1,100,15.3902
1738258451.057264,2954213.000,54777,1,SF,1,100,15.2122
1738258451.390276,2954546.000,54829,1,SF,1,100,15.0362
1738258451.657286,2954813.000,54876,1,SF,1,100,14.8623
1738258451.990298,2955146.000,54923,1,SF,1,100,14.6903
1738258452.323310,2955479.000,54969,1,SF,1,100,14.5204
1738258452.723325,2955879.000,55031,1,SF,1,100,14.3524
1738258452.990335,2956146.000,55079,1,SF,1,100,14.1864
1738258453.323347,2956479.000,55125,1,SF,1,100,14.0223
1738258453.723362,2956879.000,55191,1,SF,1,100,13.8601
1738258454.057374,2957213.000,55238,1,SF,1,100,13.6997
1738258454.323384,2957479.000,55287,1,SF,1,100,15.6235
1738258454.657396,2957813.000,55334,1,SF,1,100,15.4428
1738258455.056411,2958212.000,55396,1,SF,1,100,15.2641
1738258455.323421,2958479.000,55442,1,SF,1,100,15.0875
1738258455.656433,2958812.000,55491,1,SF,1,100,16.9953
1738258456.056448,2959212.000,55554,1,SF,1,100,16.7987
1738258456.323457,2959479.000,55590,1,SF,1,100,16.6043
1738258456.723472,2959879.000,55652,1,SF,1,100,16.4123
1738258456.990482,2960146.000,55699,1,SF,1,100,16.2224
1738258457.323494,2960479.000,55746,1,SF,1,100,16.0347
1738258457.723509,2960879.000,55808,1,SF,1,100,15.8492
1738258458.056521,2961212.000,55854,1,SF,1,100,15.6659
1738258458.323531,2961479.000,55902,1,SF,1,100,15.4847
1738258458.656543,2961812.000,55948,1,SF,1,100,15.3055
1738258459.056558,2962212.000,56012,1,SF,1,100,15.1285
1738258459.323568,2962479.000,56059,1,SF,1,100,14.9535
1738258459.656580,2962812.000,56106,1,SF,1,100,14.7805
1738258459.989593,2963145.000,56153,1,SF,1,100,14.6095
1738258460.389607,2963545.000,56217,1,SF,1,100,14.4405
1738258460.656617,2963812.000,56263,1,SF,1,100,14.2735
1738258460.989629,2964145.000,56310,1,SF,1,100,14.1084
1738258461.456647,2964612.000,56376,1,SF,1,100,13.9451
1738258461.656654,2964812.000,56407,1,SF,1,100,13.7838
1738258462.056669,2965212.000,56471,1,SF,1,100,13.6244
1738258462.322679,2965478.000,56518,1,SF,1,100,13.4668
1738258462.656691,2965812.000,56565,1,SF,1,100,13.3110
1738258462.989703,2966145.000,56615,1,SF,1,100,15.2393
1738258463.389718,2966545.000,56677,1,SF,1,100,15.0630
1738258463.656728,2966812.000,56727,1,SF,1,100,14.8887
1738258463.989740,2967145.000,56775,1,SF,1,100,14.7165
1738258464.389755,2967545.000,56837,1,SF,1,100,14.5462
1738258464.722767,2967878.000,56886,1,SF,1,100,14.3780
1738258464.989777,2968145.000,56933,1,SF,1,100,14.2116
1738258465.322789,2968478.000,56980,1,SF,1,100,14.0472
1738258465.722804,2968878.000,57044,1,SF,1,100,13.8847
1738258465.989814,2969145.000,57090,1,SF,1,100,13.7241
1738258466.322826,2969478.000,57138,1,SF,1,100,13.5654
1738258466.655838,2969811.000,57193,1,SF,1,100,13.4084
1738258466.989850,2970145.000,57240,1,SF,1,100,13.2533
1738258467.389865,2970545.000,57305,1,SF,1,100,13.1000
1738258467.655875,2970811.000,57351,1,SF,1,100,12.9485
1738258467.989887,2971145.000,57400,1,SF,1,100,12.7987
1738258468.322899,2971478.000,57446,1,SF,1,100,12.6506
1738258468.722914,2971878.000,57510,1,SF,1,100,12.5043
1738258468.988924,2972144.000,57558,1,SF,1,100,12.3596
1738258469.322936,2972478.000,57606,1,SF,1,100,12.2167
1738258469.722951,2972878.000,57668,1,SF,1,100,12.0753
1738258469.988961,2973144.000,57715,1,SF,1,100,11.9356
1738258470.322973,2973478.000,57764,1,SF,1,100,11.7976
1738258470.655985,2973811.000,57811,1,SF,1,100,11.6611
1738258471.056000,2974211.000,57873,1,SF,1,100,11.5262
1738258471.322010,2974477.000,57919,1,SF,1,100,11.3929
1738258471.656022,2974811.000,57973,1,SF,1,100,11.2611
1738258471.989034,2975144.000,58019,1,SF,1,100,11.1308
1738258472.323047,2975478.000,58066,1,SF,1,100,11.0020
1738258472.722061,2975877.000,58128,1,SF,1,100,10.8748
1738258472.989071,2976144.000,58177,1,SF,1,100,10.7490
1738258473.322083,2976477.000,58224,1,SF,1,100,10.6246
1738258473.722098,2976877.000,58288,1,SF,1,100,10.5017
1738258473.989108,2977144.000,58334,1,SF,1,100,10.3802
1738258474.322120,2977477.000,58384,1,SF,1,100,10.2601
1738258474.656133,2977811.000,58430,1,SF,1,100,10.1415
1738258475.056147,2978211.000,58492,1,SF,1,100,10.0241
1738258475.322157,2978477.000,58541,1,SF,1,100,9.9082
1738258475.655169,2978810.000,58587,1,SF,1,100,9.7936
1738258476.056184,2979211.000,58650,1,SF,1,100,9.6803
1738258476.389196,2979544.000,58699,1,SF,1,100,9.5683
1738258476.655206,2979810.000,58745,1,SF,1,100,9.4576
1738258476.989218,2980144.000,58798,1,SF,1,100,9.3482
1738258477.322231,2980477.000,58846,1,SF,1,100,9.2401
1738258477.655243,2980810.000,58893,1,SF,1,100,9.1332
1738258478.055258,2981210.000,58955,1,SF,1,100,9.0275
1738258478.322268,2981477.000,59002,1,SF,1,100,8.9231
1738258478.655280,2981810.000,59051,1,SF,1,100,8.8199
1738258479.055295,2982210.000,59115,1,SF,1,100,8.7178
1738258479.388307,2982543.000,59163,1,SF,1,100,8.6170
1738258479.655317,2982810.000,59211,1,SF,1,100,8.5173
1738258479.988329,2983143.000,59257,1,SF,1,100,8.4188
1738258480.388344,2983543.000,59319,1,SF,1,100,8.3214
1738258480.722356,2983877.000,59368,1,SF,1,100,8.2251
1738258480.988366,2984143.000,59415,1,SF,1,100,8.1300
1738258481.322378,2984477.000,59462,1,SF,1,100,8.0359
1738258481.721393,2984876.000,59526,1,SF,1,100,7.9430
1738258482.055405,2985210.000,59561,1,SF,1,100,7.8511
1738258482.321415,2985476.000,59611,1,SF,1,100,7.7603
1738258482.655427,2985810.000,59657,1,SF,1,100,7.6705
1738258483.055442,2986210.000,59719,1,SF,1,100,7.5818
1738258483.321452,2986476.000,59766,1,SF,1,100,7.4940
1738258483.655464,2986810.000,59815,1,SF,1,100,7.4074
1738258483.988476,2987143.000,59864,1,SF,1,100,7.3217
1738258484.388491,2987543.000,59928,1,SF,1,100,7.2370
1738258484.654501,2987809.000,59974,1,SF,1,100,7.1532
1738258484.988513,2988143.000,60021,1,SF,1,100,7.0705
1738258485.388528,2988543.000,60083,1,SF,1,100,6.9887
1738258485.655538,2988810.000,60130,1,SF,1,100,6.9079
1738258485.988550,2989143.000,60179,1,SF,1,100,6.8280
1738258486.321562,2989476.000,60225,1,SF,1,100,6.7490
1738258486.721577,2989876.000,60289,1,SF,1,100,6.6709
1738258487.054589,2990209.000,60344,1,SF,1,100,6.5937
1738258487.388601,2990543.000,60392,1,SF,1,100,6.5174
1738258487.654611,2990809.000,60440,1,SF,1,100,6.4421
1738258487.988624,2991143.000,60488,1,SF,1,100,6.3675
1738258488.388638,2991543.000,60550,1,SF,1,100,6.2939
1738258488.654648,2991809.000,60597,1,SF,1,100,6.2211
1738258488.987660,2992142.000,60645,1,SF,1,100,6.1491
1738258489.321673,2992476.000,60693,1,SF,1,100,6.0780
1738258489.721687,2992876.000,60757,1,SF,1,100,6.0077
1738258489.987697,2993142.000,60805,1,SF,1,100,8.0204
1738258490.321709,2993476.000,60852,1,SF,1,100,7.9276
1738258490.721724,2993876.000,60916,1,SF,1,100,7.8359
1738258490.987734,2994142.000,60963,1,SF,1,100,7.7453
1738258491.321746,2994476.000,61010,1,SF,1,100,7.6557
1738258491.654758,2994809.000,61056,1,SF,1,100,7.5671
1738258492.054773,2995209.000,61118,1,SF,1,100,7.4796
1738258492.387785,2995542.000,61171,1,SF,1,100,7.3931
1738258492.654795,2995809.000,61217,1,SF,1,100,7.3075
1738258492.987808,2996142.000,61264,1,SF,1,100,7.2230
1738258493.320820,2996475.000,61311,1,SF,1,100,7.1394
1738258493.720834,2996875.000,61375,1,SF,1,100,7.0569
1738258493.987844,2997142.000,61422,1,SF,1,100,6.9752
1738258494.320857,2997475.000,61468,1,SF,1,100,6.8945
1738258494.720871,2997875.000,61530,1,SF,1,100,6.8148
1738258494.987881,2998142.000,61580,1,SF,1,100,6.7359
1738258495.320894,2998475.000,61626,1,SF,1,100,6.6580
1738258495.653906,2998808.000,61673,1,SF,1,100,6.5810
1738258496.053921,2999208.000,61735,1,SF,1,100,6.5049
1738258496.320930,2999475.000,61784,1,SF,1,100,6.4296
1738258496.653943,2999808.000,61831,1,SF,1,100,6.3552
1738258497.053957,3000208.000,61893,1,SF,1,100,6.2817
1738258497.320967,3000475.000,61930,1,SF,1,100,6.2091
1738258497.720982,3000875.000,61992,1,SF,1,100,6.1372
1738258497.987992,3001142.000,62038,1,SF,1,100,6.0662
1738258498.321004,3001475.000,62088,1,SF,1,100,5.9961
1738258498.654016,3001808.000,62134,1,SF,1,100,5.9267
1738258499.054031,3002208.000,62198,1,SF,1,100,5.8581
1738258499.321041,3002475.000,62245,1,SF,1,100,5.7904
1738258499.654053,3002808.000,62291,1,SF,1,100,5.7234
1738258500.054068,3003208.000,62353,1,SF,1,100,5.6572
1738258500.321078,3003475.000,62401,1,SF,1,100,5.5917
1738258500.654090,3003808.000,62447,1,SF,1,100,5.5270
1738258500.987102,3004141.000,62494,1,SF,1,100,5.4631
1738258501.387117,3004541.000,62558,1,SF,1,100,5.3999
1738258501.654127,3004808.000,62605,1,SF,1,100,5.3374
1738258501.987139,3005141.000,62652,1,SF,1,100,5.2757
1738258502.454156,3005608.000,62719,1,SF,1,100,5.2147
1738258502.654164,3005808.000,62751,1,SF,1,100,5.1543
1738258503.054178,3006208.000,62815,1,SF,1,100,5.0947
1738258503.320188,3006474.000,62861,1,SF,1,100,5.0358
1738258503.654200,3006808.000,62908,1,SF,1,100,4.9775
1738258504.054215,3007208.000,62972,1,SF,1,100,4.9200
1738258504.320225,3007474.000,63019,1,SF,1,100,4.8630
1738258504.653237,3007807.000,63066,1,SF,1,100,4.8068
1738258504.987249,3008141.000,63114,1,SF,1,100,4.7512
1738258505.387264,3008541.000,63176,1,SF,1,100,4.6962
1738258505.653274,3008807.000,63224,1,SF,1,100,4.6419
1738258505.987286,3009141.000,63270,1,SF,1,100,4.5882
1738258506.387301,3009541.000,63332,1,SF,1,100,4.5351
1738258506.720313,3009874.000,63381,1,SF,1,100,4.4827
1738258506.987323,3010141.000,63428,1,SF,1,100,4.4308
1738258507.320335,3010474.000,63475,1,SF,1,100,4.3795
1738258507.653347,3010807.000,63530,1,SF,1,100,4.3289
1738258508.053362,3011207.000,63592,1,SF,1,100,4.2788
1738258508.387375,3011541.000,63639,1,SF,1,100,4.2293
1738258508.653384,3011807.000,63685,1,SF,1,100,4.1804
1738258508.987397,3012141.000,63734,1,SF,1,100,4.1320
1738258509.386411,3012540.000,63796,1,SF,1,100,4.0842
1738258509.653421,3012807.000,63843,1,SF,1,100,4.0370
1738258509.986434,3013140.000,63890,1,SF,1,100,3.9903
1738258510.386448,3013540.000,63956,1,SF,1,100,6.0264
1738258510.720460,3013874.000,64002,1,SF,1,100,5.9567
1738258510.986470,3014140.000,64052,1,SF,1,100,5.8877
1738258511.320483,3014474.000,64098,1,SF,1,100,5.8196
1738258511.720497,3014874.000,64160,1,SF,1,100,5.7523
1738258511.986507,3015140.000,64207,1,SF,1,100,5.6858
1738258512.320519,3015474.000,64255,1,SF,1,100,7.7022
1738258512.653532,3015807.000,64308,1,SF,1,100,7.6131
1738258512.986544,3016140.000,64354,1,SF,1,100,7.5251
1738258513.386559,3016540.000,64418,1,SF,1,100,9.5203
1738258513.653569,3016807.000,64466,1,SF,1,100,9.4101
1738258513.986581,3017140.000,64514,1,SF,1,100,9.3013
1738258514.319593,3017473.000,64563,1,SF,1,100,9.1937
1738258514.719608,3017873.000,64627,1,SF,1,100,11.1696
1738258514.986618,3018140.000,64676,1,SF,1,100,13.1226
1738258515.319630,3018473.000,64723,1,SF,1,100,12.9708
1738258515.719645,3018873.000,64785,1,SF,1,100,12.8208
1738258516.052657,3019206.000,64831,1,SF,1,100,12.6725
1738258516.319667,3019473.000,64879,1,SF,1,100,12.5259
1738258516.652679,3019806.000,64929,1,SF,1,100,14.4632
1738258517.052694,3020206.000,64991,1,SF,1,100,14.2959
1738258517.319704,3020473.000,65038,1,SF,1,100,14.1305
1738258517.652716,3020806.000,65087,1,SF,1,100,16.0493
1738258517.986728,3021140.000,65139,1,SF,1,100,15.8637
1738258518.319740,3021473.000,65187,1,SF,1,100,15.6802
1738258518.719755,3021873.000,65252,1,SF,1,100,15.4988
1738258519.052767,3022206.000,65301,1,SF,1,100,15.3195
1738258519.319777,3022473.000,65349,1,SF,1,100,17.2245
1738258519.652789,3022806.000,65396,1,SF,1,100,17.0253
1738258520.052804,3023206.000,65460,1,SF,1,100,16.8283
1738258520.319814,3023473.000,65507,1,SF,1,100,16.6336
1738258520.652826,3023806.000,18,1,SF,1,100,16.4412
1738258520.985838,3024139.000,64,1,SF,1,100,16.2510
1738258521.385853,3024539.000,128,1,SF,1,100,16.0630
1738258521.652863,3024806.000,176,1,SF,1,100,15.8772
1738258521.985875,3025139.000,224,1,SF,1,100,17.7758
1738258522.385890,3025539.000,286,1,SF,1,100,17.5702
1738258522.652900,3025806.000,335,1,SF,1,100,17.3669
1738258523.052915,3026206.000,385,1,SF,1,100,17.1660
1738258523.318924,3026472.000,432,1,SF,1,100,16.9674
1738258523.652937,3026806.000,480,1,SF,1,100,16.7712
1738258524.052951,3027206.000,545,1,SF,1,100,16.5771
1738258524.385964,3027539.000,592,1,SF,1,100,16.3854
1738258524.651973,3027805.000,640,1,SF,1,100,16.1958
1738258524.985986,3028139.000,687,1,SF,1,100,16.0085
1738258525.386001,3028539.000,749,1,SF,1,100,15.8233
1738258525.652010,3028805.000,798,1,SF,1,100,15.6402
1738258525.986023,3029139.000,845,1,SF,1,100,15.4593
1738258526.319035,3029472.000,893,1,SF,1,100,15.2805
1738258526.719050,3029872.000,955,1,SF,1,100,15.1037
1738258526.986059,3030139.000,1003,1,SF,1,100,14.9290
1738258527.319072,3030472.000,1049,1,SF,1,100,14.7563
1738258527.719086,3030872.000,1113,1,SF,1,100,14.5856
1738258527.986096,3031139.000,1167,1,SF,1,100,14.4169
1738258528.319108,3031472.000,1215,1,SF,1,100,14.2501
1738258528.719123,3031872.000,1280,1,SF,1,100,14.0852
1738258529.052135,3032205.000,1327,1,SF,1,100,13.9223
1738258529.319145,3032472.000,1373,1,SF,1,100,13.7613
1738258529.652158,3032805.000,1420,1,SF,1,100,13.6021
1738258530.052172,3033205.000,1482,1,SF,1,100,13.4447
1738258530.319182,3033472.000,1531,1,SF,1,100,13.2892
1738258530.652194,3033805.000,1578,1,SF,1,100,13.1355
1738258531.052209,3034205.000,1640,1,SF,1,100,12.9835
1738258531.385221,3034538.000,1688,1,SF,1,100,12.8333
1738258531.652231,3034805.000,1736,1,SF,1,100,12.6849
1738258531.985244,3035138.000,1784,1,SF,1,100,12.5381
1738258532.385258,3035538.000,1846,1,SF,1,100,12.3931
1738258532.652268,3035805.000,1893,1,SF,1,100,12.2497
1738258532.985280,3036138.000,1941,1,SF,1,100,12.1080
1738258533.385295,3036538.000,2009,1,SF,1,100,11.9679
1738258533.718307,3036871.000,2058,1,SF,1,100,11.8295
1738258533.985317,3037138.000,2104,1,SF,1,100,11.6926
1738258534.318329,3037471.000,2153,1,SF,1,100,11.5574
1738258534.718344,3037871.000,2215,1,SF,1,100,11.4237
1738258534.985354,3038138.000,2262,1,SF,1,100,11.2915
1738258535.318366,3038471.000,2309,1,SF,1,100,11.1609
1738258535.718381,3038871.000,2373,1,SF,1,100,11.0318
1738258536.051393,3039204.000,2419,1,SF,1,100,10.9042
1738258536.318403,3039471.000,2467,1,SF,1,100,10.7781
1738258536.651415,3039804.000,2515,1,SF,1,100,10.6534
1738258537.051430,3040204.000,2577,1,SF,1,100,10.5301
1738258537.318440,3040471.000,2624,1,SF,1,100,10.4083
1738258537.651452,3040804.000,2674,1,SF,1,100,12.3702
1738258538.051467,3041204.000,2737,1,SF,1,100,12.2271
1738258538.385479,3041538.000,2789,1,SF,1,100,12.0856
1738258538.651489,3041804.000,2837,1,SF,1,100,11.9458
1738258538.984501,3042137.000,2886,1,SF,1,100,11.8076
1738258539.384516,3042537.000,2948,1,SF,1,100,11.6710
1738258539.651526,3042804.000,2997,1,SF,1,100,11.5360
1738258539.984538,3043137.000,3046,1,SF,1,100,13.4848
1738258540.318550,3043471.000,3092,1,SF,1,100,13.3288
1738258540.718565,3043871.000,3156,1,SF,1,100,13.1746
1738258540.984575,3044137.000,3204,1,SF,1,100,13.0222
1738258541.318587,3044471.000,3254,1,SF,1,100,14.9538
1738258541.717602,3044870.000,3316,1,SF,1,100,14.7809
1738258541.984612,3045137.000,3365,1,SF,1,100,16.6921
1738258542.317624,3045470.000,3412,1,SF,1,100,16.4990
1738258542.651636,3045804.000,3459,1,SF,1,100,16.3082
1738258543.051651,3046204.000,3521,1,SF,1,100,16.1195
1738258543.317661,3046470.000,3572,1,SF,1,100,15.9330
1738258543.651673,3046804.000,3620,1,SF,1,100,15.7487
1738258543.984685,3047137.000,3670,1,SF,1,100,15.5665
1738258544.384700,3047537.000,3732,1,SF,1,100,15.3865
1738258544.650710,3047803.000,3779,1,SF,1,100,15.2085
1738258544.984722,3048137.000,3827,1,SF,1,100,15.0325
1738258545.384737,3048537.000,3889,1,SF,1,100,14.8586
1738258545.651747,3048804.000,3939,1,SF,1,100,14.6868
1738258545.984759,3049137.000,3985,1,SF,1,100,14.5169
1738258546.384774,3049537.000,4047,1,SF,1,100,14.3489
1738258546.717786,3049870.000,4096,1,SF,1,100,14.1829
1738258546.984796,3050137.000,4143,1,SF,1,100,14.0189
1738258547.317808,3050470.000,4190,1,SF,1,100,13.8567
1738258547.717823,3050870.000,4254,1,SF,1,100,13.6964
1738258547.984833,3051137.000,4300,1,SF,1,100,13.5380
1738258548.317845,3051470.000,4350,1,SF,1,100,13.3814
1738258548.717860,3051870.000,4403,1,SF,1,100,13.2266
1738258548.983869,3052136.000,4450,1,SF,1,100,13.0736
1738258549.317882,3052470.000,4497,1,SF,1,100,12.9223
1738258549.650894,3052803.000,4545,1,SF,1,100,12.7728
1738258550.050909,3053203.000,4607,1,SF,1,100,12.6251
1738258550.317919,3053470.000,4655,1,SF,1,100,12.4790
1738258550.650931,3053803.000,4703,1,SF,1,100,12.3347
1738258551.050946,3054203.000,4765,1,SF,1,100,12.1920
1738258551.383958,3054536.000,4812,1,SF,1,100,12.0509
1738258551.650968,3054803.000,4859,1,SF,1,100,11.9115
1738258551.983980,3055136.000,4908,1,SF,1,100,11.7737
1738258552.383995,3055536.000,4970,1,SF,1,100,11.6375
1738258552.651005,3055803.000,5018,1,SF,1,100,11.5029
1738258552.984017,3056136.000,5066,1,SF,1,100,11.3699
1738258553.384032,3056536.000,5128,1,SF,1,100,11.2383
1738258553.717044,3056869.000,5181,1,SF,1,100,11.1083
1738258553.984054,3057136.000,5230,1,SF,1,100,10.9798
1738258554.317066,3057469.000,5276,1,SF,1,100,10.8528
1738258554.717081,3057869.000,5338,1,SF,1,100,10.7273
1738258554.984090,3058136.000,5388,1,SF,1,100,10.6032
1738258555.317103,3058469.000,5434,1,SF,1,100,10.4805
1738258555.650115,3058802.000,5481,1,SF,1,100,10.3593
1738258556.050130,3059202.000,5545,1,SF,1,100,10.2394
1738258556.317139,3059469.000,5592,1,SF,1,100,10.1210
1738258556.650152,3059802.000,5641,1,SF,1,100,10.0039
1738258557.050166,3060202.000,5705,1,SF,1,100,9.8882
1738258557.317176,3060469.000,5751,1,SF,1,100,9.7738
1738258557.650188,3060802.000,5799,1,SF,1,100,9.6607
1738258557.984201,3061136.000,5847,1,SF,1,100,9.5490
1738258558.384216,3061536.000,5909,1,SF,1,100,9.4385
1738258558.650225,3061802.000,5963,1,SF,1,100,9.3293
1738258558.983238,3062135.000,6012,1,SF,1,100,9.2214
1738258559.317250,3062469.000,6059,1,SF,1,100,9.1147
1738258559.717265,3062869.000,6121,1,SF,1,100,9.0093
1738258559.983274,3063135.000,6169,1,SF,1,100,8.9051
1738258560.317287,3063469.000,6216,1,SF,1,100,8.8020
1738258560.717301,3063869.000,6279,1,SF,1,100,8.7002
1738258561.050314,3064202.000,6327,1,SF,1,100,8.5996
1738258561.317323,3064469.000,6374,1,SF,1,100,8.5001
1738258561.650336,3064802.000,6420,1,SF,1,100,8.4018
1738258562.050350,3065202.000,6482,1,SF,1,100,8.3046
1738258562.317360,3065469.000,6532,1,SF,1,100,8.2085
1738258562.650373,3065802.000,6578,1,SF,1,100,8.1136
1738258563.050387,3066202.000,6640,1,SF,1,100,8.0197
1738258563.383400,3066535.000,6689,1,SF,1,100,7.9269
1738258563.650409,3066802.000,6736,1,SF,1,100,7.8352
1738258563.983422,3067135.000,6790,1,SF,1,100,7.7446
1738258564.383436,3067535.000,6854,1,SF,1,100,7.6550
1738258564.650446,3067802.000,6900,1,SF,1,100,7.5664
1738258564.983459,3068135.000,6948,1,SF,1,100,7.4789
1738258565.316471,3068468.000,6996,1,SF,1,100,7.3924
1738258565.716486,3068868.000,7058,1,SF,1,100,7.3069
1738258565.983495,3069135.000,7105,1,SF,1,100,7.2224
1738258566.316508,3069468.000,7151,1,SF,1,100,7.1388
1738258566.716522,3069868.000,7216,1,SF,1,100,7.0562
1738258567.049535,3070201.000,7263,1,SF,1,100,6.9746
1738258567.316545,3070468.000,7311,1,SF,1,100,6.8939
1738258567.649557,3070801.000,7358,1,SF,1,100,6.8142
1738258568.049572,3071201.000,7420,1,SF,1,100,6.7353
1738258568.316581,3071468.000,7467,1,SF,1,100,6.6574
1738258568.649594,3071801.000,7514,1,SF,1,100,6.5804
1738258568.982606,3072134.000,7551,1,SF,1,100,6.5043
1738258569.382621,3072534.000,7613,1,SF,1,100,6.4290
1738258569.649630,3072801.000,7661,1,SF,1,100,6.3547
1738258569.982643,3073134.000,7709,1,SF,1,100,6.2812
1738258570.382657,3073534.000,7771,1,SF,1,100,6.2085
1738258570.649667,3073801.000,7820,1,SF,1,100,6.1367
1738258570.982679,3074134.000,7867,1,SF,1,100,6.0657
1738258571.382694,3074534.000,7931,1,SF,1,100,5.9955
1738258571.716707,3074868.000,7978,1,SF,1,100,5.9262
1738258571.982716,3075134.000,8026,1,SF,1,100,5.8576
1738258572.315728,3075467.000,8073,1,SF,1,100,5.7898
1738258572.715743,3075867.000,8135,1,SF,1,100,5.7229
1738258572.982753,3076134.000,8184,1,SF,1,100,5.6567
1738258573.315765,3076467.000,8231,1,SF,1,100,5.5912
1738258573.716780,3076868.000,8297,1,SF,1,100,5.5266
1738258574.049792,3077201.000,8350,1,SF,1,100,5.4626
1738258574.315802,3077467.000,8400,1,SF,1,100,5.3994
1738258574.649814,3077801.000,8446,1,SF,1,100,5.3370
1738258575.049829,3078201.000,8508,1,SF,1,100,5.2752
1738258575.315839,3078467.000,8555,1,SF,1,100,5.2142
1738258575.648851,3078800.000,8601,1,SF,1,100,5.1539
1738258576.048866,3079200.000,8664,1,SF,1,100,5.0943
1738258576.382878,3079534.000,8711,1,SF,1,100,5.0353
1738258576.648888,3079800.000,8757,1,SF,1,100,4.9771
1738258576.982900,3080134.000,8804,1,SF,1,100,4.9195
1738258577.382915,3080534.000,8866,1,SF,1,100,4.8626
1738258577.648925,3080800.000,8913,1,SF,1,100,4.8064
1738258577.982937,3081134.000,8960,1,SF,1,100,4.7508
1738258578.382952,3081534.000,9022,1,SF,1,100,4.6958
1738258578.715964,3081867.000,9072,1,SF,1,100,4.6415
1738258578.981974,3082133.000,9120,1,SF,1,100,4.5878
1738258579.315986,3082467.000,9173,1,SF,1,100,4.5347
1738258579.716001,3082867.000,9235,1,SF,1,100,4.4823
1738258579.982011,3083133.000,9282,1,SF,1,100,4.4304
1738258580.316023,3083467.000,9329,1,SF,1,100,4.3791
1738258580.649035,3083800.000,9376,1,SF,1,100,4.3285
1738258581.049050,3084200.000,9440,1,SF,1,100,4.2784
1738258581.316060,3084467.000,9486,1,SF,1,100,4.2289
1738258581.649072,3084800.000,9533,1,SF,1,100,4.1800
1738258582.049087,3085200.000,9598,1,SF,1,100,4.1317
1738258582.382099,3085533.000,9644,1,SF,1,100,4.0839
1738258582.649109,3085800.000,9691,1,SF,1,100,4.0366
1738258582.982121,3086133.000,9737,1,SF,1,100,3.9899
1738258583.382136,3086533.000,9799,1,SF,1,100,3.9438
1738258583.649146,3086800.000,9847,1,SF,1,100,3.8981
1738258583.982158,3087133.000,9897,1,SF,1,100,3.8530
1738258584.315170,3087466.000,9949,1,SF,1,100,3.8085
1738258584.715185,3087866.000,10013,1,SF,1,100,3.7644
1738258584.982195,3088133.000,10060,1,SF,1,100,3.7209
1738258585.315207,3088466.000,10107,1,SF,1,100,3.6778
1738258585.649220,3088800.000,10153,1,SF,1,100,3.6353
1738258586.048234,3089199.000,10215,1,SF,1,100,3.5932
1738258586.315244,3089466.000,10265,1,SF,1,100,3.5517
1738258586.648256,3089799.000,10311,1,SF,1,100,3.5106
1738258587.048271,3090199.000,10375,1,SF,1,100,3.4700
1738258587.315281,3090466.000,10422,1,SF,1,100,3.4298
1738258587.648293,3090799.000,10469,1,SF,1,100,3.3901
1738258587.982305,3091133.000,10518,1,SF,1,100,3.3509
1738258588.381320,3091532.000,10580,1,SF,1,100,3.3122
1738258588.648330,3091799.000,10628,1,SF,1,100,3.2739
1738258588.981342,3092132.000,10677,1,SF,1,100,3.2360
1738258589.381357,3092532.000,10742,1,SF,1,100,3.1985
1738258589.715369,3092866.000,10790,1,SF,1,100,3.1615
1738258590.048382,3093199.000,10837,1,SF,1,100,3.1250
1738258590.315391,3093466.000,10884,1,SF,1,100,3.0888
1738258590.648404,3093799.000,10933,1,SF,1,100,3.0531
1738258591.048418,3094199.000,10995,1,SF,1,100,3.0178
1738258591.315428,3094466.000,11041,1,SF,1,100,2.9829
1738258591.648440,3094799.000,11090,1,SF,1,100,2.9484
1738258591.981453,3095132.000,11137,1,SF,1,100,2.9142
1738258592.381467,3095532.000,11199,1,SF,1,100,2.8805
1738258592.648477,3095799.000,11246,1,SF,1,100,2.8472
1738258592.981489,3096132.000,11294,1,SF,1,100,2.8143
1738258593.381504,3096532.000,11356,1,SF,1,100,2.7817
1738258593.648514,3096799.000,11404,1,SF,1,100,2.7495
1738258593.981526,3097132.000,11452,1,SF,1,100,2.7177
1738258594.314538,3097465.000,11499,1,SF,1,100,2.6863
1738258594.714553,3097865.000,11568,1,SF,1,100,2.6552
1738258594.981563,3098132.000,11615,1,SF,1,100,2.6245
1738258595.314575,3098465.000,11664,1,SF,1,100,2.5941
1738258595.714590,3098865.000,11726,1,SF,1,100,2.5641
1738258595.981600,3099132.000,11772,1,SF,1,100,2.5345
1738258596.314612,3099465.000,11822,1,SF,1,100,2.5052
1738258596.647624,3099798.000,11868,1,SF,1,100,2.4762
1738258597.047639,3100198.000,11932,1,SF,1,100,2.4475
1738258597.314649,3100465.000,11979,1,SF,1,100,2.4192
1738258597.647661,3100798.000,12025,1,SF,1,100,2.3912
1738258598.047676,3101198.000,12088,1,SF,1,100,2.3636
1738258598.381688,3101532.000,12135,1,SF,1,100,2.3362
1738258598.647698,3101798.000,12181,1,SF,1,100,2.3092
1738258598.980710,3102131.000,12230,1,SF,1,100,2.2825
1738258599.380725,3102531.000,12294,1,SF,1,100,2.2561
1738258599.647735,3102798.000,12346,1,SF,1,100,2.2300
1738258599.980747,3103131.000,12393,1,SF,1,100,2.2042
1738258600.314759,3103465.000,12441,1,SF,1,100,2.1787
1738258600.714774,3103865.000,12503,1,SF,1,100,2.1535
1738258600.980784,3104131.000,12551,1,SF,1,100,2.1286
1738258601.314796,3104465.000,12599,1,SF,1,100,2.1040
1738258601.713811,3104864.000,12661,1,SF,1,100,2.0796
1738258602.047823,3105198.000,12708,1,SF,1,100,2.0556
1738258602.313833,3105464.000,12757,1,SF,1,100,2.0318
1738258602.647845,3105798.000,12804,1,SF,1,100,2.0083
1738258603.047860,3106198.000,12868,1,SF,1,100,1.9850
1738258603.313870,3106464.000,12914,1,SF,1,100,1.9621
1738258603.647882,3106798.000,12961,1,SF,1,100,1.9394
1738258604.047897,3107198.000,13026,1,SF,1,100,1.9169
1738258604.380909,3107531.000,13074,1,SF,1,100,1.8948
1738258604.646919,3107797.000,13126,1,SF,1,100,1.8729
1738258604.980931,3108131.000,13173,1,SF,1,100,1.8512
1738258605.313944,3108464.000,13222,1,SF,1,100,1.8298
1738258605.713958,3108864.000,13284,1,SF,1,100,1.8086
1738258605.980968,3109131.000,13330,1,SF,1,100,1.7877
1738258606.313980,3109464.000,13377,1,SF,1,100,1.7670
1738258606.713995,3109864.000,13442,1,SF,1,100,1.7466
1738258607.047007,3110197.000,13488,1,SF,1,100,1.7264
1738258607.314017,3110464.000,13537,1,SF,1,100,1.7064
1738258607.647029,3110797.000,13583,1,SF,1,100,1.6866
1738258608.047044,3111197.000,13645,1,SF,1,100,1.6671
1738258608.314054,3111464.000,13695,1,SF,1,100,1.6479
1738258608.647066,3111797.000,13741,1,SF,1,100,1.6288
1738258609.047081,3112197.000,13805,1,SF,1,100,1.6099
1738258609.380093,3112530.000,13854,1,SF,1,100,1.5913
1738258609.647103,3112797.000,13901,1,SF,1,100,1.5729
1738258609.980115,3113130.000,13938,1,SF,1,100,1.5547
1738258610.380130,3113530.000,14000,1,SF,1,100,1.5367
1738258610.647140,3113797.000,14046,1,SF,1,100,1.5190
1738258610.980152,3114130.000,14095,1,SF,1,100,1.5014
1738258611.380167,3114530.000,14158,1,SF,1,100,1.4840
1738258611.714179,3114864.000,14206,1,SF,1,100,1.4669
1738258611.980189,3115130.000,14253,1,SF,1,100,1.4499
1738258612.314201,3115464.000,14299,1,SF,1,100,1.4331
1738258612.713216,3115863.000,14361,1,SF,1,100,1.4165
1738258612.980226,3116130.000,14409,1,SF,1,100,1.4001
1738258613.313238,3116463.000,14455,1,SF,1,100,1.3839
1738258613.713253,3116863.000,14519,1,SF,1,100,1.3679
1738258614.047265,3117197.000,14566,1,SF,1,100,1.3521
1738258614.313275,3117463.000,14613,1,SF,1,100,1.3365
1738258614.647287,3117797.000,14660,1,SF,1,100,1.3210
1738258614.980299,3118130.000,14715,1,SF,1,100,1.3057
1738258615.380314,3118530.000,14777,1,SF,1,100,1.2906
1738258615.647324,3118797.000,14825,1,SF,1,100,1.2757
1738258615.980336,3119130.000,14873,1,SF,1,100,1.2609
1738258616.313349,3119463.000,14920,1,SF,1,100,1.2464
1738258616.713363,3119863.000,14982,1,SF,1,100,1.2319
1738258616.980373,3120130.000,15029,1,SF,1,100,1.2177
1738258617.313385,3120463.000,15078,1,SF,1,100,1.2036
1738258617.713400,3120863.000,15140,1,SF,1,100,1.1897
1738258617.980410,3121130.000,15188,1,SF,1,100,1.1759
1738258618.313422,3121463.000,15236,1,SF,1,100,1.1623
1738258618.646435,3121796.000,15282,1,SF,1,100,1.1489
1738258619.046449,3122196.000,15346,1,SF,1,100,1.1356
1738258619.313459,3122463.000,15395,1,SF,1,100,1.1224
1738258619.646471,3122796.000,15441,1,SF,1,100,1.1095
1738258620.046486,3123196.000,15509,1,SF,1,100,1.0966
1738258620.379498,3123529.000,15558,1,SF,1,100,1.0839
1738258620.646508,3123796.000,15604,1,SF,1,100,1.0714
1738258620.979520,3124129.000,15651,1,SF,1,100,1.0590
1738258621.379535,3124529.000,15715,1,SF,1,100,1.0467
1738258621.646545,3124796.000,15762,1,SF,1,100,1.0346
1738258621.979557,3125129.000,15809,1,SF,1,100,1.0227
1738258622.379572,3125529.000,15873,1,SF,1,100,1.0108
1738258622.646582,3125796.000,15919,1,SF,1,100,0.9991
1738258622.979594,3126129.000,15967,1,SF,1,100,0.9876
1738258623.312606,3126462.000,16013,1,SF,1,100,0.9762
1738258623.712621,3126862.000,16079,1,SF,1,100,0.9649
1738258623.979631,3127129.000,16126,1,SF,1,100,0.9537
1738258624.312643,3127462.000,16172,1,SF,1,100,0.9427
1738258624.712658,3127862.000,16237,1,SF,1,100,0.9318
1738258625.046670,3128196.000,16284,1,SF,1,100,0.9210
1738258625.312680,3128462.000,16335,1,SF,1,100,0.9103
1738258625.645692,3128795.000,16384,1,SF,1,100,0.8998
1738258626.045707,3129195.000,16446,1,SF,1,100,0.8894
1738258626.312717,3129462.000,16493,1,SF,1,100,0.8791
1738258626.645729,3129795.000,16542,1,SF,1,100,0.8689
1738258626.979741,3130129.000,16588,1,SF,1,100,0.8589
1738258627.379756,3130529.000,16650,1,SF,1,100,0.8490
1738258627.645766,3130795.000,16700,1,SF,1,100,0.8391
1738258627.979778,3131129.000,16748,1,SF,1,100,0.8294
1738258628.378793,3131528.000,16810,1,SF,1,100,0.8198
1738258628.712805,3131862.000,16857,1,SF,1,100,0.8103
1738258628.978815,3132128.000,16906,1,SF,1,100,0.8010
1738258629.312827,3132462.000,16953,1,SF,1,100,0.7917
1738258629.712842,3132862.000,17015,1,SF,1,100,0.7825
1738258629.978852,3133128.000,17061,1,SF,1,100,0.7735
1738258630.312864,3133462.000,17114,1,SF,1,100,0.7645
1738258630.645876,3133795.000,17162,1,SF,1,100,0.7557
1738258631.045891,3134195.000,17224,1,SF,1,100,0.7470
1738258631.378903,3134528.000,17271,1,SF,1,100,0.7383
1738258631.645913,3134795.000,17320,1,SF,1,100,0.7298
1738258631.978925,3135128.000,17367,1,SF,1,100,0.7213
1738258632.378940,3135528.000,17429,1,SF,1,100,0.7130
1738258632.645950,3135795.000,17479,1,SF,1,100,2.7870
1738258632.978962,3136128.000,17526,1,SF,1,100,2.7548
1738258633.378977,3136528.000,17589,1,SF,1,100,2.7229
1738258633.711989,3136861.000,17639,1,SF,1,100,2.6914
1738258633.978999,3137128.000,17686,1,SF,1,100,2.6603
1738258634.312011,3137461.000,17732,1,SF,1,100,2.6295
1738258634.712026,3137861.000,17794,1,SF,1,100,2.5991
1738258634.979036,3138128.000,17842,1,SF,1,100,2.5690
1738258635.312048,3138461.000,17888,1,SF,1,100,2.5393
1738258635.645060,3138794.000,17939,1,SF,1,100,2.5099
1738258635.979073,3139128.000,17985,1,SF,1,100,2.4809
1738258636.379087,3139528.000,18049,1,SF,1,100,2.4522
1738258636.645097,3139794.000,18096,1,SF,1,100,2.4238
1738258636.979110,3140128.000,18143,1,SF,1,100,2.3958
1738258637.312122,3140461.000,18190,1,SF,1,100,2.3681
1738258637.712137,3140861.000,18252,1,SF,1,100,2.3407
1738258637.979146,3141128.000,18298,1,SF,1,100,2.3136
1738258638.312159,3141461.000,18347,1,SF,1,100,2.2868
1738258638.712173,3141861.000,18412,1,SF,1,100,2.2604
1738258639.045186,3142194.000,18460,1,SF,1,100,2.2342
1738258639.312195,3142461.000,18507,1,SF,1,100,2.2084
1738258639.645208,3142794.000,18553,1,SF,1,100,2.1828
1738258640.045222,3143194.000,18617,1,SF,1,100,2.1576
1738258640.312232,3143461.000,18665,1,SF,1,100,2.1326
1738258640.645245,3143794.000,18718,1,SF,1,100,2.1079
1738258641.045259,3144194.000,18782,1,SF,1,100,2.0836
1738258641.378272,3144527.000,18829,1,SF,1,100,2.0595
1738258641.645281,3144794.000,18878,1,SF,1,100,2.0356
1738258641.978294,3145127.000,18925,1,SF,1,100,2.0121
1738258642.378308,3145527.000,18989,1,SF,1,100,1.9888
1738258642.645318,3145794.000,19035,1,SF,1,100,1.9658
1738258642.978330,3146127.000,19082,1,SF,1,100,1.9431
1738258643.378345,3146527.000,19145,1,SF,1,100,1.9206
1738258643.645355,3146794.000,19191,1,SF,1,100,1.8984
1738258643.978367,3147127.000,19242,1,SF,1,100,1.8764
1738258644.311379,3147460.000,19288,1,SF,1,100,1.8547
1738258644.711394,3147860.000,19352,1,SF,1,100,1.8332
1738258644.978404,3148127.000,19400,1,SF,1,100,1.8120
1738258645.311416,3148460.000,19446,1,SF,1,100,1.7911
1738258645.711431,3148860.000,19513,1,SF,1,100,1.7704
1738258646.044443,3149193.000,19562,1,SF,1,100,1.7499
1738258646.311453,3149460.000,19609,1,SF,1,100,1.7296
1738258646.644465,3149793.000,19658,1,SF,1,100,1.7096
1738258647.044480,3150193.000,19720,1,SF,1,100,1.6898
1738258647.311490,3150460.000,19766,1,SF,1,100,1.6703
1738258647.644502,3150793.000,19814,1,SF,1,100,1.6510
1738258647.978514,3151127.000,19860,1,SF,1,100,1.6319
1738258648.377529,3151526.000,19922,1,SF,1,100,1.6130
1738258648.644539,3151793.000,19969,1,SF,1,100,1.5943
1738258648.977551,3152126.000,20017,1,SF,1,100,1.5759
1738258649.377566,3152526.000,20079,1,SF,1,100,1.5577
1738258649.644576,3152793.000,20129,1,SF,1,100,1.5396
1738258649.977588,3153126.000,20175,1,SF,1,100,1.5218
1738258650.311600,3153460.000,20222,1,SF,1,100,1.5042
1738258650.711615,3153860.000,20284,1,SF,1,100,1.4868
1738258650.977625,3154126.000,20336,1,SF,1,100,1.4696
1738258651.310637,3154459.000,20385,1,SF,1,100,1.4526
1738258651.711652,3154860.000,20447,1,SF,1,100,1.4358
1738258651.977662,3155126.000,20493,1,SF,1,100,1.4192
1738258652.310674,3155459.000,20541,1,SF,1,100,1.4028
1738258652.644686,3155793.000,20587,1,SF,1,100,1.3866
1738258653.044701,3156193.000,20649,1,SF,1,100,1.3705
1738258653.310711,3156459.000,20696,1,SF,1,100,1.3547
1738258653.644723,3156793.000,20742,1,SF,1,100,1.3390
1738258654.044738,3157193.000,20806,1,SF,1,100,1.3235
1738258654.310748,3157459.000,20854,1,SF,1,100,1.3082
1738258654.644760,3157793.000,20900,1,SF,1,100,1.2931
1738258654.977772,3158126.000,20947,1,SF,1,100,1.2781
1738258655.377787,3158526.000,21009,1,SF,1,100,1.2633
1738258655.643797,3158792.000,21056,1,SF,1,100,1.2487
1738258656.043812,3159192.000,21106,1,SF,1,100,1.2343
1738258656.377824,3159526.000,21155,1,SF,1,100,1.2200
1738258656.643834,3159792.000,21201,1,SF,1,100,1.2059
1738258656.977846,3160126.000,21248,1,SF,1,100,1.1919
1738258657.377861,3160526.000,21314,1,SF,1,100,3.2604
1738258657.643870,3160792.000,21361,1,SF,1,100,3.2227
1738258657.976883,3161125.000,21408,1,SF,1,100,3.1854
1738258658.310895,3161459.000,21454,1,SF,1,100,3.1485
1738258658.710910,3161859.000,21518,1,SF,1,100,3.1121
1738258658.976919,3162125.000,21568,1,SF,1,100,3.0761
1738258659.310932,3162459.000,21614,1,SF,1,100,3.0405
1738258659.710947,3162859.000,21676,1,SF,1,100,3.0054
1738258659.976956,3163125.000,21723,1,SF,1,100,2.9706
1738258660.310969,3163459.000,21770,1,SF,1,100,2.9362
1738258660.643981,3163792.000,21817,1,SF,1,100,2.9023
1738258661.043996,3164192.000,21888,1,SF,1,100,2.8687
1738258661.311005,3164459.000,21934,1,SF,1,100,2.8355
1738258661.644018,3164792.000,21983,1,SF,1,100,2.8027
1738258662.044032,3165192.000,22046,1,SF,1,100,2.7703
1738258662.311042,3165459.000,22092,1,SF,1,100,2.7382
1738258662.644054,3165792.000,22139,1,SF,1,100,2.7066
1738258662.977067,3166125.000,22187,1,SF,1,100,2.6753
1738258663.377081,3166525.000,22249,1,SF,1,100,2.6443
1738258663.644091,3166792.000,22299,1,SF,1,100,2.6137
1738258663.977103,3167125.000,22349,1,SF,1,100,2.5835
1738258664.377118,3167525.000,22411,1,SF,1,100,2.5536
1738258664.710131,3167858.000,22460,1,SF,1,100,2.5241
1738258664.977140,3168125.000,22507,1,SF,1,100,2.4949
1738258665.310153,3168458.000,22554,1,SF,1,100,2.4660
1738258665.710167,3168858.000,22618,1,SF,1,100,2.4375
1738258665.977177,3169125.000,22664,1,SF,1,100,2.4093
1738258666.377192,3169525.000,22717,1,SF,1,100,2.3814
1738258666.643202,3169791.000,22766,1,SF,1,100,2.3539
1738258666.977214,3170125.000,22813,1,SF,1,100,2.3266
1738258667.310226,3170458.000,22862,1,SF,1,100,2.2997
1738258667.710241,3170858.000,22924,1,SF,1,100,2.2731
1738258667.977251,3171125.000,22970,1,SF,1,100,2.2468
1738258668.310263,3171458.000,23017,1,SF,1,100,2.2208
1738258668.710278,3171858.000,23083,1,SF,1,100,2.1951
1738258668.976288,3172124.000,23130,1,SF,1,100,2.1697
1738258669.310300,3172458.000,23177,1,SF,1,100,2.1446
1738258669.643312,3172791.000,23223,1,SF,1,100,2.1198
1738258670.043327,3173191.000,23285,1,SF,1,100,2.0953
1738258670.310337,3173458.000,23333,1,SF,1,100,2.0711
1738258670.643349,3173791.000,23379,1,SF,1,100,2.0471
1738258671.043364,3174191.000,23443,1,SF,1,100,2.0234
1738258671.309374,3174457.000,23479,1,SF,1,100,2.0000
1738258671.710388,3174858.000,23543,1,SF,1,100,1.9769
1738258671.976398,3175124.000,23589,1,SF,1,100,1.9540
1738258672.309410,3175457.000,23637,1,SF,1,100,1.9314
1738258672.643423,3175791.000,23683,1,SF,1,100,1.9091
1738258673.043437,3176191.000,23745,1,SF,1,100,1.8870
1738258673.309447,3176457.000,23792,1,SF,1,100,1.8652
1738258673.643460,3176791.000,23838,1,SF,1,100,1.8436
1738258674.043474,3177191.000,23905,1,SF,1,100,1.8223
1738258674.376487,3177524.000,23952,1,SF,1,100,1.8012
1738258674.643496,3177791.000,24000,1,SF,1,100,1.7803
1738258674.976509,3178124.000,24047,1,SF,1,100,1.7597
1738258675.376523,3178524.000,24109,1,SF,1,100,1.7394
1738258675.643533,3178791.000,24156,1,SF,1,100,1.7193
1738258675.976545,3179124.000,24203,1,SF,1,100,1.6994
1738258676.442563,3179590.000,24270,1,SF,1,100,1.6797
1738258676.642570,3179790.000,24304,1,SF,1,100,1.6603
1738258677.042585,3180190.000,24366,1,SF,1,100,1.6411
1738258677.309594,3180457.000,24412,1,SF,1,100,1.6221
1738258677.642607,3180790.000,24462,1,SF,1,100,1.6033
1738258677.976619,3181124.000,24508,1,SF,1,100,1.5848
1738258678.376634,3181524.000,24570,1,SF,1,100,1.5664
1738258678.642644,3181790.000,24619,1,SF,1,100,1.5483
1738258678.975656,3182123.000,24667,1,SF,1,100,1.5304
1738258679.375671,3182523.000,24729,1,SF,1,100,1.5127
1738258679.709683,3182857.000,24777,1,SF,1,100,1.4952
1738258679.975693,3183123.000,24823,1,SF,1,100,1.4779
1738258680.309705,3183457.000,24872,1,SF,1,100,1.4608
1738258680.709720,3183857.000,24934,1,SF,1,100,1.4439
1738258680.975729,3184123.000,24983,1,SF,1,100,1.4272
1738258681.309742,3184457.000,25030,1,SF,1,100,1.4107
1738258681.642754,3184790.000,25082,1,SF,1,100,1.3944
1738258681.975766,3185123.000,25131,1,SF,1,100,1.3783
1738258682.375781,3185523.000,25193,1,SF,1,100,1.3623
1738258682.708793,3185856.000,25241,1,SF,1,100,1.3466
1738258682.975803,3186123.000,25289,1,SF,1,100,1.3310
1738258683.308815,3186456.000,25335,1,SF,1,100,1.3156
1738258683.708830,3186856.000,25401,1,SF,1,100,1.3004
1738258683.975840,3187123.000,25448,1,SF,1,100,1.2853
1738258684.308852,3187456.000,25495,1,SF,1,100,1.2705
1738258684.642864,3187790.000,25542,1,SF,1,100,1.2558
1738258685.042879,3188190.000,25604,1,SF,1,100,1.2412
1738258685.308889,3188456.000,25652,1,SF,1,100,1.2269
1738258685.641901,3188789.000,25699,1,SF,1,100,1.2127
1738258686.041916,3189189.000,25762,1,SF,1,100,1.1986
1738258686.375928,3189523.000,25810,1,SF,1,100,1.1848
1738258686.641938,3189789.000,25864,1,SF,1,100,1.1711
1738258686.975950,3190123.000,25910,1,SF,1,100,1.1575
1738258687.375965,3190523.000,25975,1,SF,1,100,1.1441
1738258687.708977,3190856.000,26022,1,SF,1,100,1.1309
1738258687.975987,3191123.000,26068,1,SF,1,100,1.1178
1738258688.309000,3191456.000,26115,1,SF,1,100,1.1049
1738258688.709014,3191856.000,26181,1,SF,1,100,1.0921
1738258688.976024,3192123.000,26228,1,SF,1,100,1.0795
1738258689.309036,3192456.000,26277,1,SF,1,100,1.0670
1738258689.709051,3192856.000,26339,1,SF,1,100,1.0546
1738258690.042063,3193189.000,26385,1,SF,1,100,1.0424
1738258690.309073,3193456.000,26435,1,SF,1,100,1.0304
1738258690.642085,3193789.000,26481,1,SF,1,100,1.0185
1738258691.042100,3194189.000,26543,1,SF,1,100,1.0067
1738258691.309110,3194456.000,26590,1,SF,1,100,0.9950
1738258691.642122,3194789.000,26639,1,SF,1,100,0.9835
1738258691.975135,3195122.000,26691,1,SF,1,100,0.9722
1738258692.375149,3195522.000,26753,1,SF,1,100,0.9609
1738258692.642159,3195789.000,26801,1,SF,1,100,0.9498
1738258692.975171,3196122.000,26849,1,SF,1,100,0.9388
1738258693.308184,3196455.000,26897,1,SF,1,100,0.9279
1738258693.708198,3196855.000,26961,1,SF,1,100,0.9172
1738258693.975208,3197122.000,27010,1,SF,1,100,0.9066
1738258694.308220,3197455.000,27056,1,SF,1,100,0.8961
1738258694.708235,3197855.000,27119,1,SF,1,100,0.8857
1738258695.041247,3198188.000,27168,1,SF,1,100,0.8755
1738258695.308257,3198455.000,27214,1,SF,1,100,0.8654
1738258695.641269,3198788.000,27261,1,SF,1,100,0.8554
1738258696.041284,3199188.000,27323,1,SF,1,100,0.8455
1738258696.308294,3199455.000,27372,1,SF,1,100,2.9179
1738258696.641306,3199788.000,27419,1,SF,1,100,2.8842
1738258696.975319,3200122.000,27470,1,SF,1,100,2.8508
1738258697.308331,3200455.000,27516,1,SF,1,100,2.8178
1738258697.641343,3200788.000,27563,1,SF,1,100,2.7852
1738258698.041358,3201188.000,27625,1,SF,1,100,2.7530
1738258698.308368,3201455.000,27672,1,SF,1,100,2.7212
1738258698.641380,3201788.000,27721,1,SF,1,100,2.6897
1738258699.041395,3202188.000,27785,1,SF,1,100,2.6586
1738258699.374407,3202521.000,27831,1,SF,1,100,2.6278
1738258699.641417,3202788.000,27879,1,SF,1,100,2.5974
1738258699.974429,3203121.000,27925,1,SF,1,100,2.5674
1738258700.374444,3203521.000,27987,1,SF,1,100,2.5377
1738258700.641454,3203788.000,28036,1,SF,1,100,2.5083
1738258700.974466,3204121.000,28082,1,SF,1,100,2.4793
1738258701.374480,3204521.000,28145,1,SF,1,100,2.4506
1738258701.708493,3204855.000,28192,1,SF,1,100,2.4223
1738258702.041505,3205188.000,28244,1,SF,1,100,2.3943
1738258702.308515,3205455.000,28293,1,SF,1,100,2.3666
1738258702.641527,3205788.000,28340,1,SF,1,100,2.3392
1738258702.974540,3206121.000,28386,1,SF,1,100,2.3121
1738258703.374554,3206521.000,28448,1,SF,1,100,2.2854
1738258703.641564,3206788.000,28498,1,SF,1,100,2.2589
1738258703.974576,3207121.000,28546,1,SF,1,100,2.2328
1738258704.374591,3207521.000,28610,1,SF,1,100,2.2070
1738258704.707603,3207854.000,28657,1,SF,1,100,2.1814
1738258704.974613,3208121.000,28704,1,SF,1,100,2.1562
1738258705.307626,3208454.000,28753,1,SF,1,100,2.1313
1738258705.707640,3208854.000,28815,1,SF,1,100,2.1066
1738258705.974650,3209121.000,28861,1,SF,1,100,2.0822
1738258706.307662,3209454.000,28908,1,SF,1,100,2.0582
1738258706.707677,3209854.000,28971,1,SF,1,100,2.0343
1738258707.040689,3210187.000,29017,1,SF,1,100,2.0108
1738258707.307699,3210454.000,29073,1,SF,1,100,1.9876
1738258707.640711,3210787.000,29119,1,SF,1,100,1.9646
1738258708.040726,3211187.000,29181,1,SF,1,100,1.9418
1738258708.307736,3211454.000,29231,1,SF,1,100,1.9194
1738258708.640748,3211787.000,29277,1,SF,1,100,1.8972
1738258709.040763,3212187.000,29341,1,SF,1,100,1.8752
1738258709.373775,3212520.000,29390,1,SF,1,100,1.8535
1738258709.640785,3212787.000,29437,1,SF,1,100,1.8321
1738258709.973797,3213120.000,29486,1,SF,1,100,1.8109
1738258710.373812,3213520.000,29548,1,SF,1,100,1.7899
1738258710.640822,3213787.000,29594,1,SF,1,100,1.7692
1738258710.973834,3214120.000,29641,1,SF,1,100,1.7488
1738258711.373849,3214520.000,29706,1,SF,1,100,1.7285
1738258711.707861,3214854.000,29752,1,SF,1,100,1.7085
1738258711.973871,3215120.000,29799,1,SF,1,100,1.6888
1738258712.306883,3215453.000,29850,1,SF,1,100,1.6692
1738258712.706898,3215853.000,29913,1,SF,1,100,1.6499
1738258713.040910,3216187.000,29960,1,SF,1,100,1.6309
1738258713.306920,3216453.000,30006,1,SF,1,100,1.6120
1738258713.640932,3216787.000,30055,1,SF,1,100,1.5933
1738258714.040947,3217187.000,30119,1,SF,1,100,1.5749
1738258714.306957,3217453.000,30166,1,SF,1,100,1.5567
1738258714.640969,3217787.000,30215,1,SF,1,100,1.5387
1738258715.040984,3218187.000,30277,1,SF,1,100,1.5209
1738258715.373996,3218520.000,30323,1,SF,1,100,1.5033
1738258715.641006,3218787.000,30373,1,SF,1,100,1.4859
1738258715.974018,3219120.000,30419,1,SF,1,100,1.4687
1738258716.374033,3219520.000,30481,1,SF,1,100,1.4517
1738258716.640043,3219786.000,30528,1,SF,1,100,1.4349
1738258716.974055,3220120.000,30574,1,SF,1,100,1.4183
1738258717.374070,3220520.000,30625,1,SF,1,100,1.4019
1738258717.707082,3220853.000,30673,1,SF,1,100,1.3857
1738258717.973092,3221119.000,30719,1,SF,1,100,1.3697
1738258718.307104,3221453.000,30766,1,SF,1,100,1.3538
1738258718.707119,3221853.000,30830,1,SF,1,100,1.3382
1738258718.974129,3222120.000,30877,1,SF,1,100,1.3227
1738258719.307141,3222453.000,30924,1,SF,1,100,1.3074
1738258719.640153,3222786.000,30970,1,SF,1,100,1.2923
1738258720.040168,3223186.000,31032,1,SF,1,100,1.2773
1738258720.307178,3223453.000,31080,1,SF,1,100,1.2625
1738258720.640190,3223786.000,31126,1,SF,1,100,1.2479
1738258721.040205,3224186.000,31188,1,SF,1,100,1.2335
1738258721.373217,3224519.000,31235,1,SF,1,100,1.2192
1738258721.640227,3224786.000,31284,1,SF,1,100,1.2051
1738258721.973239,3225119.000,31331,1,SF,1,100,1.1912
1738258722.373254,3225519.000,31395,1,SF,1,100,1.1774
1738258722.640264,3225786.000,31432,1,SF,1,100,1.1638
1738258723.040278,3226186.000,31494,1,SF,1,100,1.1503
1738258723.306288,3226452.000,31541,1,SF,1,100,1.1370
1738258723.640301,3226786.000,31591,1,SF,1,100,1.1239
1738258724.040315,3227186.000,31656,1,SF,1,100,1.1109
1738258724.373327,3227519.000,31703,1,SF,1,100,1.0980
1738258724.640337,3227786.000,31751,1,SF,1,100,1.0853
1738258724.973350,3228119.000,31798,1,SF,1,100,1.0727
1738258725.373364,3228519.000,31860,1,SF,1,100,1.0603
1738258725.640374,3228786.000,31907,1,SF,1,100,1.0481
1738258725.973386,3229119.000,31954,1,SF,1,100,1.0359
1738258726.306399,3229452.000,32000,1,SF,1,100,1.0240
1738258726.706413,3229852.000,32062,1,SF,1,100,1.0121
1738258726.973423,3230119.000,32112,1,SF,1,100,1.0004
1738258727.306435,3230452.000,32158,1,SF,1,100,0.9888
1738258727.639448,3230785.000,32212,1,SF,1,100,0.9774
1738258728.039462,3231185.000,32276,1,SF,1,100,0.9661
1738258728.306472,3231452.000,32323,1,SF,1,100,0.9549
1738258728.639484,3231785.000,32370,1,SF,1,100,0.9439
1738258729.039499,3232185.000,32436,1,SF,1,100,0.9330
1738258729.372512,3232518.000,32482,1,SF,1,100,0.9222
1738258729.639521,3232785.000,32530,1,SF,1,100,0.9115
1738258729.972534,3233118.000,32576,1,SF,1,100,0.9009
1738258730.372548,3233518.000,32638,1,SF,1,100,0.8905
1738258730.639558,3233785.000,32685,1,SF,1,100,0.8802
1738258730.972570,3234118.000,32731,1,SF,1,100,0.8700
