LocalTimestamp,EmotiBitTimestamp,PacketNumber,DataLength,TypeTag,ProtocolVersion,DataReliability,SF
1738263924.315713,188935.000,27632,1,SF,1,100,0.0000
1738263924.649726,189269.000,27684,1,SF,1,100,0.0000
1738263925.049742,189669.000,27750,1,SF,1,100,0.0000
1738263925.315753,189935.000,27800,1,SF,1,100,0.0000
1738263925.648766,190268.000,27851,1,SF,1,100,0.0000
1738263926.048781,190668.000,27920,1,SF,1,100,0.0000
1738263926.315792,190935.000,27970,1,SF,1,100,0.0000
1738263926.648805,191268.000,28019,1,SF,1,100,0.0000
1738263926.982818,191602.000,28071,1,SF,1,100,0.0000
1738263927.382834,192002.000,28137,1,SF,1,100,0.0000
1738263927.648844,192268.000,28189,1,SF,1,100,0.0000
1738263927.982857,192602.000,28241,1,SF,1,100,0.0000
1738263928.381873,193001.000,28307,1,SF,1,100,0.0000
1738263928.715886,193335.000,28356,1,SF,1,100,0.0000
1738263928.982897,193602.000,28407,1,SF,1,100,0.0000
1738263929.315910,193935.000,28456,1,SF,1,100,0.0000
1738263929.715925,194335.000,28529,1,SF,1,100,0.0000
1738263929.981936,194601.000,28579,1,SF,1,100,0.0000
1738263930.315949,194935.000,28628,1,SF,1,100,0.0000
1738263930.715965,195335.000,28697,1,SF,1,100,0.0000
1738263930.981975,195601.000,28747,1,SF,1,100,0.0000
1738263931.315988,195935.000,28796,1,SF,1,100,0.0000
1738263931.649001,196268.000,28846,1,SF,1,100,0.0000
1738263932.049017,196668.000,28912,1,SF,1,100,0.0000
1738263932.315028,196934.000,28962,1,SF,1,100,0.0000
1738263932.649041,197268.000,29014,1,SF,1,100,0.0000
1738263933.049057,197668.000,29080,1,SF,1,100,0.0000
1738263933.382070,198001.000,29129,1,SF,1,100,0.0000
1738263933.649080,198268.000,29180,1,SF,1,100,0.0000
1738263933.982093,198601.000,29231,1,SF,1,100,0.0000
1738263934.382109,199001.000,29297,1,SF,1,100,0.0000
1738263934.715122,199334.000,29352,1,SF,1,100,0.0000
1738263934.982132,199601.000,29402,1,SF,1,100,0.0000
1738263935.315145,199934.000,29452,1,SF,1,100,0.0000
1738263935.715161,200334.000,29520,1,SF,1,100,0.0000
1738263935.982172,200601.000,29569,1,SF,1,100,0.0000
1738263936.315185,200934.000,29620,1,SF,1,100,0.0000
1738263936.715201,201334.000,29686,1,SF,1,100,0.0000
1738263937.048214,201667.000,29735,1,SF,1,100,0.0000
1738263937.315224,201934.000,29785,1,SF,1,100,0.0000
1738263937.648237,202267.000,29834,1,SF,1,100,0.0000
1738263938.048253,202667.000,29900,1,SF,1,100,0.0000
1738263938.315264,202934.000,29951,1,SF,1,100,0.0000
1738263938.648277,203267.000,30000,1,SF,1,100,0.0000
1738263939.048292,203667.000,30066,1,SF,1,100,0.0000
1738263939.381305,204000.000,30116,1,SF,1,100,0.0000
1738263939.648316,204267.000,30166,1,SF,1,100,0.0000
1738263939.981329,204600.000,30219,1,SF,1,100,0.0000
1738263940.315342,204934.000,30269,1,SF,1,100,0.0000
1738263940.648355,205267.000,30321,1,SF,1,100,0.0000
1738263941.048371,205667.000,30389,1,SF,1,100,0.0000
1738263941.315382,205934.000,30438,1,SF,1,100,0.0000
1738263941.648395,206267.000,30488,1,SF,1,100,0.0000
1738263942.048410,206667.000,30555,1,SF,1,100,0.0000
1738263942.381423,207000.000,30606,1,SF,1,100,0.0000
1738263942.648434,207267.000,30656,1,SF,1,100,0.0000
1738263942.981447,207600.000,30705,1,SF,1,100,0.0000
1738263943.381463,208000.000,30773,1,SF,1,100,0.0000
1738263943.648473,208267.000,30824,1,SF,1,100,0.0000
1738263943.981486,208600.000,30873,1,SF,1,100,0.0000
1738263944.381502,209000.000,30939,1,SF,1,100,0.0000
1738263944.714515,209333.000,30989,1,SF,1,100,0.0000
1738263945.048528,209667.000,31044,1,SF,1,100,0.0000
1738263945.381541,210000.000,31094,1,SF,1,100,0.0000
1738263945.648552,210267.000,31148,1,SF,1,100,0.0000
1738263945.981565,210600.000,31198,1,SF,1,100,0.0000
1738263946.381581,211000.000,31264,1,SF,1,100,0.0000
1738263946.647591,211266.000,31313,1,SF,1,100,0.0000
1738263946.981604,211600.000,31367,1,SF,1,100,0.0000
1738263947.314617,211933.000,31419,1,SF,1,100,0.0000
1738263947.714633,212333.000,31489,1,SF,1,100,0.0000
1738263947.981644,212600.000,31539,1,SF,1,100,0.0000
1738263948.314657,212933.000,31588,1,SF,1,100,0.0000
1738263948.714672,213333.000,31654,1,SF,1,100,0.0000
1738263948.980683,213599.000,31705,1,SF,1,100,0.0000
1738263949.314696,213933.000,31754,1,SF,1,100,0.0000
1738263949.647709,214266.000,31804,1,SF,1,100,0.0000
1738263950.047725,214666.000,31881,1,SF,1,100,0.0000
1738263950.314735,214933.000,31931,1,SF,1,100,0.0000
1738263950.647748,215266.000,31985,1,SF,1,100,0.0000
1738263951.047764,215666.000,32053,1,SF,1,100,0.0000
1738263951.314775,215933.000,32102,1,SF,1,100,0.0000
1738263951.647788,216266.000,32153,1,SF,1,100,0.0000
1738263951.980801,216599.000,32202,1,SF,1,100,0.0000
1738263952.380816,216999.000,32268,1,SF,1,100,0.0000
1738263952.647827,217266.000,32318,1,SF,1,100,0.0000
1738263952.980840,217599.000,32367,1,SF,1,100,0.0000
1738263953.380856,217999.000,32433,1,SF,1,100,0.0000
1738263953.713869,218332.000,32484,1,SF,1,100,0.0000
1738263953.980880,218599.000,32533,1,SF,1,100,0.0000
1738263954.313893,218932.000,32583,1,SF,1,100,0.0000
1738263954.713908,219332.000,32649,1,SF,1,100,0.0000
1738263954.980919,219599.000,32701,1,SF,1,100,0.0000
1738263955.313932,219932.000,32756,1,SF,1,100,0.0000
1738263955.646945,220265.000,32807,1,SF,1,100,0.0000
1738263956.046961,220665.000,32875,1,SF,1,100,0.0000
1738263956.313971,220932.000,32926,1,SF,1,100,0.0000
1738263956.646984,221265.000,32975,1,SF,1,100,0.0000
1738263956.980997,221599.000,33025,1,SF,1,100,0.0000
1738263957.381013,221999.000,33091,1,SF,1,100,0.0000
1738263957.647024,222265.000,33143,1,SF,1,100,0.0000
1738263957.981037,222599.000,33193,1,SF,1,100,0.0000
1738263958.381052,222999.000,33261,1,SF,1,100,0.0000
1738263958.647063,223265.000,33312,1,SF,1,100,0.0000
1738263958.980076,223598.000,33363,1,SF,1,100,0.0000
1738263959.314089,223932.000,33412,1,SF,1,100,0.0000
1738263959.714105,224332.000,33478,1,SF,1,100,0.0000
1738263959.980115,224598.000,33530,1,SF,1,100,0.0000
1738263960.314128,224932.000,33569,1,SF,1,100,0.0000
1738263960.714144,225332.000,33637,1,SF,1,100,0.0000
1738263960.980155,225598.000,33688,1,SF,1,100,0.0000
1738263961.314168,225932.000,33737,1,SF,1,100,0.0000
1738263961.714184,226332.000,33803,1,SF,1,100,0.0000
1738263961.980194,226598.000,33853,1,SF,1,100,0.0000
1738263962.313207,226931.000,33903,1,SF,1,100,0.0000
1738263962.647220,227265.000,33955,1,SF,1,100,0.0000
1738263963.047236,227665.000,34021,1,SF,1,100,0.0000
1738263963.313246,227931.000,34072,1,SF,1,100,0.0000
1738263963.647259,228265.000,34122,1,SF,1,100,0.0000
1738263964.047275,228665.000,34191,1,SF,1,100,0.0000
1738263964.313286,228931.000,34240,1,SF,1,100,0.0000
1738263964.647299,229265.000,34292,1,SF,1,100,0.0000
1738263964.980312,229598.000,34341,1,SF,1,100,0.0000
1738263965.380328,229998.000,34415,1,SF,1,100,0.0000
1738263965.713341,230331.000,34464,1,SF,1,100,0.0000
1738263966.046354,230664.000,34516,1,SF,1,100,0.0000
1738263966.313364,230931.000,34566,1,SF,1,100,0.0000
1738263966.646378,231264.000,34616,1,SF,1,100,0.0000
1738263967.046393,231664.000,34682,1,SF,1,100,0.0000
1738263967.313404,231931.000,34733,1,SF,1,100,0.0000
1738263967.646417,232264.000,34783,1,SF,1,100,0.0000
1738263967.980430,232598.000,34833,1,SF,1,100,0.0000
1738263968.379446,232997.000,34899,1,SF,1,100,0.0000
1738263968.646456,233264.000,34949,1,SF,1,100,0.0000
1738263968.979469,233597.000,34998,1,SF,1,100,0.0000
1738263969.379485,233997.000,35065,1,SF,1,100,0.0000
1738263969.713498,234331.000,35115,1,SF,1,100,0.0000
1738263969.979508,234597.000,35164,1,SF,1,100,0.0000
1738263970.313522,234931.000,35214,1,SF,1,100,0.0000
1738263970.646535,235264.000,35273,1,SF,1,100,0.0000
1738263970.979548,235597.000,35323,1,SF,1,100,0.0000
1738263971.379564,235997.000,35391,1,SF,1,100,0.0000
1738263971.646574,236264.000,35441,1,SF,1,100,0.0000
1738263971.979587,236597.000,35491,1,SF,1,100,0.0000
1738263972.312600,236930.000,35540,1,SF,1,100,0.0000
1738263972.712616,237330.000,35606,1,SF,1,100,0.0000
1738263972.979626,237597.000,35659,1,SF,1,100,0.0000
1738263973.312639,237930.000,35708,1,SF,1,100,0.0000
1738263973.712655,238330.000,35774,1,SF,1,100,0.0000
1738263973.979666,238597.000,35824,1,SF,1,100,0.0000
1738263974.312679,238930.000,35874,1,SF,1,100,0.0000
1738263974.646692,239264.000,35924,1,SF,1,100,0.0000
1738263975.045708,239663.000,35990,1,SF,1,100,0.0000
1738263975.312718,239930.000,36039,1,SF,1,100,0.0000
1738263975.645731,240263.000,36096,1,SF,1,100,0.0000
1738263975.979744,240597.000,36145,1,SF,1,100,0.0000
1738263976.312757,240930.000,36195,1,SF,1,100,0.0000
1738263976.712773,241330.000,36261,1,SF,1,100,0.0000
1738263976.979784,241597.000,36311,1,SF,1,100,0.0000
1738263977.312797,241930.000,36361,1,SF,1,100,0.0000
1738263977.712813,242330.000,36427,1,SF,1,100,0.0000
1738263978.045826,242663.000,36478,1,SF,1,100,0.0000
1738263978.312836,242930.000,36529,1,SF,1,100,0.0000
1738263978.645849,243263.000,36578,1,SF,1,100,0.0000
1738263979.045865,243663.000,36644,1,SF,1,100,0.0000
1738263979.312876,243930.000,36694,1,SF,1,100,0.0000
1738263979.645889,244263.000,36744,1,SF,1,100,0.0000
1738263980.045904,244663.000,36810,1,SF,1,100,0.0000
1738263980.378917,244996.000,36864,1,SF,1,100,0.0000
1738263980.645928,245263.000,36913,1,SF,1,100,0.0000
1738263980.978941,245596.000,36969,1,SF,1,100,0.0000
1738263981.312954,245930.000,37018,1,SF,1,100,0.0000
1738263981.645967,246263.000,37068,1,SF,1,100,0.0000
1738263982.045983,246663.000,37134,1,SF,1,100,0.0000
1738263982.311993,246929.000,37184,1,SF,1,100,0.0000
1738263982.646007,247263.000,37234,1,SF,1,100,0.0000
1738263983.046022,247663.000,37300,1,SF,1,100,0.0000
1738263983.379035,247996.000,37349,1,SF,1,100,0.0000
1738263983.646046,248263.000,37400,1,SF,1,100,0.0000
1738263983.979059,248596.000,37449,1,SF,1,100,0.0000
1738263984.379075,248996.000,37515,1,SF,1,100,0.0000
1738263984.646085,249263.000,37565,1,SF,1,100,0.0000
1738263984.979098,249596.000,37617,1,SF,1,100,0.0000
1738263985.312111,249929.000,37667,1,SF,1,100,0.0000
1738263985.712127,250329.000,37737,1,SF,1,100,0.0000
1738263986.046140,250663.000,37793,1,SF,1,100,0.0000
1738263986.312151,250929.000,37845,1,SF,1,100,0.0000
1738263986.645164,251262.000,37894,1,SF,1,100,0.0000
1738263986.979177,251596.000,37944,1,SF,1,100,0.0000
1738263987.379193,251996.000,38010,1,SF,1,100,0.0000
1738263987.645203,252262.000,38060,1,SF,1,100,0.0000
1738263987.979216,252596.000,38110,1,SF,1,100,0.0000
1738263988.379232,252996.000,38176,1,SF,1,100,0.0000
1738263988.712245,253329.000,38225,1,SF,1,100,0.0000
1738263988.979255,253596.000,38276,1,SF,1,100,0.0000
1738263989.312269,253929.000,38325,1,SF,1,100,0.0000
1738263989.712284,254329.000,38391,1,SF,1,100,0.0000
1738263989.978295,254595.000,38441,1,SF,1,100,0.0000
1738263990.312308,254929.000,38491,1,SF,1,100,0.0000
1738263990.712324,255329.000,38559,1,SF,1,100,0.0000
1738263991.045337,255662.000,38614,1,SF,1,100,0.0000
1738263991.378350,255995.000,38663,1,SF,1,100,0.0000
1738263991.645360,256262.000,38714,1,SF,1,100,0.0000
1738263991.978374,256595.000,38763,1,SF,1,100,0.0000
1738263992.312387,256929.000,38813,1,SF,1,100,0.0000
1738263992.711402,257328.000,38879,1,SF,1,100,0.0000
1738263992.978413,257595.000,38929,1,SF,1,100,0.0000
1738263993.311426,257928.000,38979,1,SF,1,100,0.0000
1738263993.711442,258328.000,39045,1,SF,1,100,0.0000
1738263993.978452,258595.000,39096,1,SF,1,100,0.0000
1738263994.311465,258928.000,39147,1,SF,1,100,0.0000
1738263994.645478,259262.000,39196,1,SF,1,100,0.0000
1738263995.044494,259661.000,39262,1,SF,1,100,0.0000
1738263995.311505,259928.000,39312,1,SF,1,100,0.0000
1738263995.644518,260261.000,39363,1,SF,1,100,0.0000
1738263996.044533,260661.000,39430,1,SF,1,100,0.0000
1738263996.311544,260928.000,39468,1,SF,1,100,0.0000
1738263996.711560,261328.000,39534,1,SF,1,100,0.0000
1738263996.978570,261595.000,39587,1,SF,1,100,0.0000
1738263997.311583,261928.000,39636,1,SF,1,100,0.0000
1738263997.644596,262261.000,39686,1,SF,1,100,0.0000
1738263998.044612,262661.000,39752,1,SF,1,100,0.0000
1738263998.311622,262928.000,39802,1,SF,1,100,0.0000
1738263998.644635,263261.000,39852,1,SF,1,100,0.0000
1738263999.044651,263661.000,39920,1,SF,1,100,0.0000
1738263999.311662,263928.000,39969,1,SF,1,100,0.0000
1738263999.644675,264261.000,40022,1,SF,1,100,0.0000
1738263999.978688,264595.000,40071,1,SF,1,100,0.0000
1738264000.377704,264994.000,40139,1,SF,1,100,0.0000
1738264000.644714,265261.000,40189,1,SF,1,100,0.0000
1738264000.977727,265594.000,40239,1,SF,1,100,0.0000
1738264001.311740,265928.000,40294,1,SF,1,100,0.0000
1738264001.644753,266261.000,40346,1,SF,1,100,0.0000
1738264001.977767,266594.000,40396,1,SF,1,100,0.0000
1738264002.377782,266994.000,40462,1,SF,1,100,0.0000
1738264002.644793,267261.000,40511,1,SF,1,100,0.0000
1738264002.977806,267594.000,40561,1,SF,1,100,0.0000
1738264003.377822,267994.000,40627,1,SF,1,100,0.0000
1738264003.644832,268261.000,40677,1,SF,1,100,0.0000
1738264003.977845,268594.000,40729,1,SF,1,100,0.0000
1738264004.310858,268927.000,40778,1,SF,1,100,0.0000
1738264004.710874,269327.000,40846,1,SF,1,100,0.0000
1738264004.977885,269594.000,40897,1,SF,1,100,0.0000
1738264005.310898,269927.000,40946,1,SF,1,100,0.0000
1738264005.710913,270327.000,41016,1,SF,1,100,0.0000
1738264005.977924,270594.000,41066,1,SF,1,100,0.0000
1738264006.310937,270927.000,41116,1,SF,1,100,0.0000
1738264006.643950,271260.000,41169,1,SF,1,100,0.0000
1738264006.977963,271594.000,41218,1,SF,1,100,0.0000
1738264007.377979,271994.000,41285,1,SF,1,100,0.0000
1738264007.710992,272327.000,41335,1,SF,1,100,0.0000
1738264007.978003,272594.000,41386,1,SF,1,100,0.0000
1738264008.311016,272927.000,41436,1,SF,1,100,0.0000
1738264008.711031,273327.000,41502,1,SF,1,100,0.0000
1738264008.978042,273594.000,41552,1,SF,1,100,0.0000
1738264009.311055,273927.000,41602,1,SF,1,100,0.0000
1738264009.644068,274260.000,41651,1,SF,1,100,0.0000
1738264010.044084,274660.000,41719,1,SF,1,100,0.0000
1738264010.311094,274927.000,41770,1,SF,1,100,0.0000
1738264010.644107,275260.000,41823,1,SF,1,100,0.0000
1738264011.044123,275660.000,41889,1,SF,1,100,0.0000
1738264011.311134,275927.000,41939,1,SF,1,100,0.0000
1738264011.711149,276327.000,41998,1,SF,1,100,0.0000
1738264012.044162,276660.000,42048,1,SF,1,100,0.0000
1738264012.310173,276926.000,42100,1,SF,1,100,0.0000
1738264012.644186,277260.000,42152,1,SF,1,100,0.0000
1738264013.044202,277660.000,42218,1,SF,1,100,0.0000
1738264013.310212,277926.000,42267,1,SF,1,100,0.0000
1738264013.644225,278260.000,42317,1,SF,1,100,0.0000
1738264014.044241,278660.000,42386,1,SF,1,100,0.0000
1738264014.377254,278993.000,42435,1,SF,1,100,0.0000
1738264014.644265,279260.000,42485,1,SF,1,100,0.0000
1738264014.977278,279593.000,42534,1,SF,1,100,0.0000
1738264015.377293,279993.000,42602,1,SF,1,100,0.0000
1738264015.643304,280259.000,42653,1,SF,1,100,0.0000
1738264015.977317,280593.000,42702,1,SF,1,100,0.0000
1738264016.377333,280993.000,42768,1,SF,1,100,0.0000
1738264016.710346,281326.000,42823,1,SF,1,100,0.0000
1738264017.043359,281659.000,42875,1,SF,1,100,0.0000
1738264017.310369,281926.000,42925,1,SF,1,100,0.0000
1738264017.643383,282259.000,42975,1,SF,1,100,0.0000
1738264017.977396,282593.000,43025,1,SF,1,100,0.0000
1738264018.377411,282993.000,43091,1,SF,1,100,0.0000
1738264018.643422,283259.000,43142,1,SF,1,100,0.0000
1738264018.977435,283593.000,43192,1,SF,1,100,0.0000
1738264019.377451,283993.000,43261,1,SF,1,100,0.0000
1738264019.710464,284326.000,43310,1,SF,1,100,0.0000
1738264019.976474,284592.000,43362,1,SF,1,100,0.0000
1738264020.310488,284926.000,43411,1,SF,1,100,0.0000
1738264020.710503,285326.000,43481,1,SF,1,100,0.0000
1738264020.976514,285592.000,43532,1,SF,1,100,0.0000
1738264021.310527,285926.000,43583,1,SF,1,100,0.0000
1738264021.643540,286259.000,43633,1,SF,1,100,0.0000
1738264021.976553,286592.000,43688,1,SF,1,100,0.0000
1738264022.376569,286992.000,43754,1,SF,1,100,0.0000
1738264022.643579,287259.000,43804,1,SF,1,100,0.0000
1738264022.976592,287592.000,43854,1,SF,1,100,0.0000
1738264023.309605,287925.000,43904,1,SF,1,100,0.0000
1738264023.709621,288325.000,43970,1,SF,1,100,0.0000
1738264023.976632,288592.000,44019,1,SF,1,100,0.0000
1738264024.309645,288925.000,44069,1,SF,1,100,0.0000
1738264024.709660,289325.000,44135,1,SF,1,100,0.0000
1738264024.976671,289592.000,44185,1,SF,1,100,0.0000
1738264025.309684,289925.000,44235,1,SF,1,100,0.0000
1738264025.642697,290258.000,44286,1,SF,1,100,0.0000
1738264026.042713,290658.000,44352,1,SF,1,100,0.0000
1738264026.309723,290925.000,44403,1,SF,1,100,0.0000
1738264026.642736,291258.000,44452,1,SF,1,100,0.0000
1738264026.976749,291592.000,44507,1,SF,1,100,0.0000
1738264027.309762,291925.000,44557,1,SF,1,100,0.0000
1738264027.709778,292325.000,44623,1,SF,1,100,0.0000
1738264027.976789,292592.000,44673,1,SF,1,100,0.0000
1738264028.309802,292925.000,44725,1,SF,1,100,0.0000
1738264028.642815,293258.000,44775,1,SF,1,100,0.0000
1738264029.042831,293658.000,44841,1,SF,1,100,0.0000
1738264029.309841,293925.000,44890,1,SF,1,100,0.0000
1738264029.642854,294258.000,44940,1,SF,1,100,0.0000
1738264030.042870,294658.000,45009,1,SF,1,100,0.0000
1738264030.375883,294991.000,45060,1,SF,1,100,0.0000
1738264030.642894,295258.000,45112,1,SF,1,100,0.0000
1738264030.975907,295591.000,45161,1,SF,1,100,0.0000
1738264031.375922,295991.000,45229,1,SF,1,100,0.0000
1738264031.642933,296258.000,45282,1,SF,1,100,0.0000
1738264031.975946,296591.000,45333,1,SF,1,100,0.0000
1738264032.308959,296924.000,45389,1,SF,1,100,0.0000
1738264032.642972,297258.000,45438,1,SF,1,100,0.0000
1738264033.042988,297658.000,45504,1,SF,1,100,0.0000
1738264033.308999,297924.000,45554,1,SF,1,100,0.0000
1738264033.643012,298258.000,45604,1,SF,1,100,0.0000
1738264033.976025,298591.000,45654,1,SF,1,100,0.0000
1738264034.376040,298991.000,45720,1,SF,1,100,0.0000
1738264034.643051,299258.000,45769,1,SF,1,100,0.0000
1738264034.976064,299591.000,45819,1,SF,1,100,0.0000
1738264035.376080,299991.000,45887,1,SF,1,100,0.0000
1738264035.642090,300257.000,45937,1,SF,1,100,0.0000
1738264035.976103,300591.000,45989,1,SF,1,100,0.0000
1738264036.309116,300924.000,46038,1,SF,1,100,0.0000
1738264036.709132,301324.000,46108,1,SF,1,100,0.0000
1738264036.976143,301591.000,46159,1,SF,1,100,0.0000
1738264037.376158,301991.000,46215,1,SF,1,100,0.0000
1738264037.642169,302257.000,46266,1,SF,1,100,0.0000
1738264037.976182,302591.000,46317,1,SF,1,100,0.0000
1738264038.376198,302991.000,46383,1,SF,1,100,0.0000
1738264038.709211,303324.000,46433,1,SF,1,100,0.0000
1738264038.975221,303590.000,46483,1,SF,1,100,0.0000
1738264039.309234,303924.000,46533,1,SF,1,100,0.0000
1738264039.709250,304324.000,46599,1,SF,1,100,0.0000
1738264039.976261,304591.000,46650,1,SF,1,100,0.0000
1738264040.309274,304924.000,46700,1,SF,1,100,0.0000
1738264040.642287,305257.000,46752,1,SF,1,100,0.0000
1738264041.042303,305657.000,46820,1,SF,1,100,0.0000
1738264041.309313,305924.000,46870,1,SF,1,100,0.0000
1738264041.642326,306257.000,46919,1,SF,1,100,0.0000
1738264042.042342,306657.000,46985,1,SF,1,100,0.0000
1738264042.375355,306990.000,47043,1,SF,1,100,0.0000
1738264042.708368,307323.000,47092,1,SF,1,100,0.0000
1738264042.975379,307590.000,47145,1,SF,1,100,0.0000
1738264043.308392,307923.000,47194,1,SF,1,100,0.0000
1738264043.708407,308323.000,47262,1,SF,1,100,0.0000
1738264044.042420,308657.000,47312,1,SF,1,100,0.0000
1738264044.308431,308923.000,47364,1,SF,1,100,0.0000
1738264044.642444,309257.000,47414,1,SF,1,100,0.0000
1738264045.042460,309657.000,47482,1,SF,1,100,0.0000
1738264045.308470,309923.000,47531,1,SF,1,100,0.0000
1738264045.642483,310257.000,47583,1,SF,1,100,0.0000
1738264046.041499,310656.000,47652,1,SF,1,100,0.0000
1738264046.375512,310990.000,47701,1,SF,1,100,0.0000
1738264046.641523,311256.000,47753,1,SF,1,100,0.0000
1738264046.975536,311590.000,47802,1,SF,1,100,0.0000
1738264047.375551,311990.000,47868,1,SF,1,100,0.0000
1738264047.708565,312323.000,47922,1,SF,1,100,0.0000
1738264048.041578,312656.000,47971,1,SF,1,100,0.0000
1738264048.308588,312923.000,48024,1,SF,1,100,0.0000
1738264048.641601,313256.000,48073,1,SF,1,100,0.0000
1738264049.041617,313656.000,48139,1,SF,1,100,0.0000
1738264049.308628,313923.000,48189,1,SF,1,100,0.0000
1738264049.641641,314256.000,48241,1,SF,1,100,0.0000
1738264049.974654,314589.000,48291,1,SF,1,100,0.0000
1738264050.374670,314989.000,48359,1,SF,1,100,0.0000
1738264050.641680,315256.000,48408,1,SF,1,100,0.0000
1738264050.974693,315589.000,48458,1,SF,1,100,0.0000
1738264051.374709,315989.000,48524,1,SF,1,100,0.0000
1738264051.641719,316256.000,48574,1,SF,1,100,0.0000
1738264051.974732,316589.000,48624,1,SF,1,100,0.0000
1738264052.307745,316922.000,48673,1,SF,1,100,0.0000
1738264052.641759,317256.000,48731,1,SF,1,100,0.0000
1738264052.974772,317589.000,48780,1,SF,1,100,0.0000
1738264053.374787,317989.000,48846,1,SF,1,100,0.0000
1738264053.641798,318256.000,48899,1,SF,1,100,0.0000
1738264053.974811,318589.000,48948,1,SF,1,100,0.0000
1738264054.374827,318989.000,49014,1,SF,1,100,0.0000
1738264054.641837,319256.000,49064,1,SF,1,100,0.0000
1738264054.974850,319589.000,49114,1,SF,1,100,0.0000
1738264055.307863,319922.000,49164,1,SF,1,100,0.0000
1738264055.707879,320322.000,49232,1,SF,1,100,0.0000
1738264055.974890,320589.000,49281,1,SF,1,100,0.0000
1738264056.307903,320922.000,49333,1,SF,1,100,0.0000
1738264056.707918,321322.000,49400,1,SF,1,100,0.0000
1738264056.974929,321589.000,49449,1,SF,1,100,0.0000
1738264057.307942,321922.000,49499,1,SF,1,100,0.0000
1738264057.640955,322255.000,49548,1,SF,1,100,0.0000
1738264057.974968,322589.000,49606,1,SF,1,100,0.0000
1738264058.374984,322989.000,49672,1,SF,1,100,0.0000
1738264058.707997,323322.000,49721,1,SF,1,100,0.0000
1738264058.974008,323588.000,49772,1,SF,1,100,0.0000
1738264059.308021,323922.000,49821,1,SF,1,100,0.0000
1738264059.708036,324322.000,49887,1,SF,1,100,0.0000
1738264059.974047,324588.000,49937,1,SF,1,100,0.0000
1738264060.308060,324922.000,49986,1,SF,1,100,0.0000
1738264060.708076,325322.000,50055,1,SF,1,100,0.0000
1738264061.041089,325655.000,50105,1,SF,1,100,0.0000
1738264061.308099,325922.000,50154,1,SF,1,100,0.0000
1738264061.641112,326255.000,50206,1,SF,1,100,0.0000
1738264062.041128,326655.000,50272,1,SF,1,100,0.0000
1738264062.307139,326921.000,50322,1,SF,1,100,0.0000
1738264062.641152,327255.000,50372,1,SF,1,100,0.0000
1738264062.974165,327588.000,50427,1,SF,1,100,0.0000
1738264063.307178,327921.000,50477,1,SF,1,100,0.0000
1738264063.707194,328321.000,50545,1,SF,1,100,0.0000
1738264063.974204,328588.000,50594,1,SF,1,100,0.0000
1738264064.307217,328921.000,50645,1,SF,1,100,0.0000
1738264064.640230,329254.000,50694,1,SF,1,100,0.0000
1738264065.041246,329655.000,50760,1,SF,1,100,0.0000
1738264065.307256,329921.000,50810,1,SF,1,100,0.0000
1738264065.640270,330254.000,50861,1,SF,1,100,0.0000
1738264066.040285,330654.000,50927,1,SF,1,100,0.0000
1738264066.307296,330921.000,50978,1,SF,1,100,0.0000
1738264066.640309,331254.000,51027,1,SF,1,100,0.0000
1738264066.974322,331588.000,51077,1,SF,1,100,0.0000
1738264067.374338,331988.000,51145,1,SF,1,100,0.0000
1738264067.640348,332254.000,51195,1,SF,1,100,0.0000
1738264067.974361,332588.000,51250,1,SF,1,100,0.0000
1738264068.307374,332921.000,51302,1,SF,1,100,0.0000
1738264068.640388,333254.000,51352,1,SF,1,100,0.0000
1738264069.040403,333654.000,51418,1,SF,1,100,0.0000
1738264069.307414,333921.000,51467,1,SF,1,100,0.0000
1738264069.640427,334254.000,51517,1,SF,1,100,0.0000
1738264070.040443,334654.000,51583,1,SF,1,100,0.0000
1738264070.307453,334921.000,51633,1,SF,1,100,0.0000
1738264070.640466,335254.000,51685,1,SF,1,100,0.0000
1738264070.973479,335587.000,51734,1,SF,1,100,0.0000
1738264071.373495,335987.000,51800,1,SF,1,100,0.0000
1738264071.640506,336254.000,51851,1,SF,1,100,0.0000
1738264071.973519,336587.000,51902,1,SF,1,100,0.0000
1738264072.373534,336987.000,51968,1,SF,1,100,0.0000
1738264072.640545,337254.000,52018,1,SF,1,100,0.0000
1738264072.973558,337587.000,52068,1,SF,1,100,0.0000
1738264073.306571,337920.000,52123,1,SF,1,100,0.0000
1738264073.640584,338254.000,52172,1,SF,1,100,0.0000
1738264074.040600,338654.000,52239,1,SF,1,100,0.0000
1738264074.373613,338987.000,52289,1,SF,1,100,0.0000
1738264074.640624,339254.000,52340,1,SF,1,100,0.0000
1738264074.973637,339587.000,52390,1,SF,1,100,0.0000
1738264075.373652,339987.000,52458,1,SF,1,100,0.0000
1738264075.639663,340253.000,52508,1,SF,1,100,0.0000
1738264075.973676,340587.000,52558,1,SF,1,100,0.0000
1738264076.373692,340987.000,52626,1,SF,1,100,0.0000
1738264076.706705,341320.000,52675,1,SF,1,100,0.0000
1738264076.973715,341587.000,52726,1,SF,1,100,0.0000
1738264077.306728,341920.000,52775,1,SF,1,100,0.0000
1738264077.706744,342320.000,52841,1,SF,1,100,0.0000
1738264077.973755,342587.000,52891,1,SF,1,100,0.0000
1738264078.373770,342987.000,52946,1,SF,1,100,0.0000
1738264078.639781,343253.000,52996,1,SF,1,100,0.0000
1738264078.972794,343586.000,53047,1,SF,1,100,0.0000
1738264079.372810,343986.000,53113,1,SF,1,100,0.0000
1738264079.639820,344253.000,53164,1,SF,1,100,0.0000
1738264079.972833,344586.000,53213,1,SF,1,100,0.0000
1738264080.306846,344920.000,53263,1,SF,1,100,0.0000
1738264080.706862,345320.000,53333,1,SF,1,100,0.0000
1738264080.972872,345586.000,53383,1,SF,1,100,0.0000
1738264081.306886,345920.000,53433,1,SF,1,100,0.0000
1738264081.705901,346319.000,53499,1,SF,1,100,0.0000
1738264081.972912,346586.000,53550,1,SF,1,100,0.0000
1738264082.305925,346919.000,53601,1,SF,1,100,0.0000
1738264082.639938,347253.000,53650,1,SF,1,100,0.0000
1738264083.039954,347653.000,53718,1,SF,1,100,0.0000
1738264083.372967,347986.000,53773,1,SF,1,100,0.0000
1738264083.705980,348319.000,53823,1,SF,1,100,0.0000
1738264083.972991,348586.000,53875,1,SF,1,100,0.0000
1738264084.306004,348919.000,53924,1,SF,1,100,0.0000
1738264084.706019,349319.000,53990,1,SF,1,100,0.0000
1738264084.973030,349586.000,54041,1,SF,1,100,0.0000
1738264085.306043,349919.000,54090,1,SF,1,100,0.0000
1738264085.639056,350252.000,54142,1,SF,1,100,0.0000
1738264086.039072,350652.000,54208,1,SF,1,100,0.0000
1738264086.306082,350919.000,54258,1,SF,1,100,0.0000
1738264086.639095,351252.000,54308,1,SF,1,100,0.0000
1738264087.039111,351652.000,54374,1,SF,1,100,0.0000
1738264087.306122,351919.000,54423,1,SF,1,100,0.0000
1738264087.639135,352252.000,54474,1,SF,1,100,0.0000
1738264087.973148,352586.000,54525,1,SF,1,100,0.0000
1738264088.372164,352985.000,54593,1,SF,1,100,0.0000
1738264088.706177,353319.000,54649,1,SF,1,100,0.0000
1738264088.973187,353586.000,54698,1,SF,1,100,0.0000
1738264089.306200,353919.000,54748,1,SF,1,100,0.0000
1738264089.639213,354252.000,54797,1,SF,1,100,0.0000
1738264090.039229,354652.000,54863,1,SF,1,100,0.0000
1738264090.306239,354919.000,54914,1,SF,1,100,0.0000
1738264090.639253,355252.000,54965,1,SF,1,100,0.0000
1738264091.039268,355652.000,55031,1,SF,1,100,0.0000
1738264091.306279,355919.000,55083,1,SF,1,100,0.0000
1738264091.639292,356252.000,55133,1,SF,1,100,0.0000
1738264091.972305,356585.000,55185,1,SF,1,100,0.0000
1738264092.372321,356985.000,55251,1,SF,1,100,0.0000
1738264092.639331,357252.000,55300,1,SF,1,100,0.0000
1738264092.972344,357585.000,55350,1,SF,1,100,0.0000
1738264093.372360,357985.000,55416,1,SF,1,100,0.0000
1738264093.639370,358252.000,55455,1,SF,1,100,0.0000
1738264094.039386,358652.000,55523,1,SF,1,100,0.0000
1738264094.305397,358918.000,55573,1,SF,1,100,0.0000
1738264094.639410,359252.000,55623,1,SF,1,100,0.0000
1738264095.038425,359651.000,55689,1,SF,1,100,0.0000
1738264095.305436,359918.000,55740,1,SF,1,100,0.0000
1738264095.638449,360251.000,55793,1,SF,1,100,0.0000
1738264095.972462,360585.000,55842,1,SF,1,100,0.0000
1738264096.372478,360985.000,55908,1,SF,1,100,0.0000
1738264096.638489,361251.000,55958,1,SF,1,100,0.0000
1738264096.972502,361585.000,56007,1,SF,1,100,0.0000
1738264097.372517,361985.000,56074,1,SF,1,100,0.0000
1738264097.638528,362251.000,56124,1,SF,1,100,0.0000
1738264097.971541,362584.000,56173,1,SF,1,100,0.0000
1738264098.305554,362918.000,56225,1,SF,1,100,0.0000
1738264098.705570,363318.000,56296,1,SF,1,100,0.0000
1738264099.038583,363651.000,56345,1,SF,1,100,0.0000
1738264099.371596,363984.000,56395,1,SF,1,100,0.0000
1738264099.638606,364251.000,56445,1,SF,1,100,0.0000
1738264099.971620,364584.000,56495,1,SF,1,100,0.0000
1738264100.371635,364984.000,56563,1,SF,1,100,0.0000
1738264100.638646,365251.000,56612,1,SF,1,100,0.0000
1738264100.971659,365584.000,56662,1,SF,1,100,0.0000
1738264101.371675,365984.000,56731,1,SF,1,100,0.0000
1738264101.704688,366317.000,56780,1,SF,1,100,0.0000
1738264101.971698,366584.000,56830,1,SF,1,100,0.0000
1738264102.304711,366917.000,56879,1,SF,1,100,0.0000
1738264102.704727,367317.000,56945,1,SF,1,100,0.0000
1738264102.971737,367584.000,56996,1,SF,1,100,0.0000
1738264103.304750,367917.000,57045,1,SF,1,100,0.0000
1738264103.638764,368251.000,57095,1,SF,1,100,0.0000
1738264103.971777,368584.000,57150,1,SF,1,100,0.0000
1738264104.371793,368984.000,57216,1,SF,1,100,0.0000
1738264104.638803,369251.000,57266,1,SF,1,100,0.0000
1738264104.971816,369584.000,57316,1,SF,1,100,0.0000
1738264105.304829,369917.000,57366,1,SF,1,100,0.0000
1738264105.704845,370317.000,57434,1,SF,1,100,0.0000
1738264105.971855,370584.000,57483,1,SF,1,100,0.0000
1738264106.304868,370917.000,57533,1,SF,1,100,0.0000
1738264106.704884,371317.000,57599,1,SF,1,100,0.0000
1738264106.971895,371584.000,57649,1,SF,1,100,0.0000
1738264107.304908,371917.000,57699,1,SF,1,100,0.0000
1738264107.637921,372250.000,57750,1,SF,1,100,0.0000
1738264108.037937,372650.000,57816,1,SF,1,100,0.0000
1738264108.304947,372917.000,57867,1,SF,1,100,0.0000
1738264108.637960,373250.000,57918,1,SF,1,100,0.0000
1738264108.970973,373583.000,57973,1,SF,1,100,0.0000
1738264109.304986,373917.000,58023,1,SF,1,100,0.0000
1738264109.705002,374317.000,58089,1,SF,1,100,0.0000
1738264109.971013,374583.000,58139,1,SF,1,100,0.0000
1738264110.305026,374917.000,58189,1,SF,1,100,0.0000
1738264110.638039,375250.000,58241,1,SF,1,100,0.0000
1738264111.038055,375650.000,58309,1,SF,1,100,0.0000
1738264111.304065,375916.000,58358,1,SF,1,100,0.0000
1738264111.638078,376250.000,58408,1,SF,1,100,0.0000
1738264112.038094,376650.000,58474,1,SF,1,100,0.0000
1738264112.305104,376917.000,58524,1,SF,1,100,0.0000
1738264112.638118,377250.000,58574,1,SF,1,100,0.0000
1738264112.971131,377583.000,58623,1,SF,1,100,0.0000
1738264113.371146,377983.000,58689,1,SF,1,100,0.0000
1738264113.638157,378250.000,58742,1,SF,1,100,0.0000
1738264113.971170,378583.000,58791,1,SF,1,100,0.0000
1738264114.304183,378916.000,58849,1,SF,1,100,0.0000
1738264114.638196,379250.000,58898,1,SF,1,100,0.0000
1738264115.037212,379649.000,58964,1,SF,1,100,0.0000
1738264115.304222,379916.000,59016,1,SF,1,100,0.0000
1738264115.637235,380249.000,59067,1,SF,1,100,0.0000
1738264116.037251,380649.000,59136,1,SF,1,100,0.0000
1738264116.371264,380983.000,59186,1,SF,1,100,0.0000
1738264116.637275,381249.000,59235,1,SF,1,100,0.0000
1738264116.971288,381583.000,59285,1,SF,1,100,0.0000
1738264117.371304,381983.000,59351,1,SF,1,100,0.0000
1738264117.637314,382249.000,59403,1,SF,1,100,0.0000
1738264117.971327,382583.000,59453,1,SF,1,100,0.0000
1738264118.371343,382983.000,59519,1,SF,1,100,0.0000
1738264118.704356,383316.000,59568,1,SF,1,100,0.0000
1738264118.971366,383583.000,59621,1,SF,1,100,0.0000
1738264119.304380,383916.000,59677,1,SF,1,100,0.0000
1738264119.637393,384249.000,59728,1,SF,1,100,0.0000
1738264120.037408,384649.000,59796,1,SF,1,100,0.0000
1738264120.370421,384982.000,59847,1,SF,1,100,0.0000
1738264120.637432,385249.000,59897,1,SF,1,100,0.0000
1738264120.970445,385582.000,59946,1,SF,1,100,0.0000
1738264121.370461,385982.000,60012,1,SF,1,100,0.0000
1738264121.637471,386249.000,60065,1,SF,1,100,0.0000
1738264121.970484,386582.000,60114,1,SF,1,100,0.0000
1738264122.303498,386915.000,60164,1,SF,1,100,0.0000
1738264122.703513,387315.000,60230,1,SF,1,100,0.0000
1738264122.970524,387582.000,60280,1,SF,1,100,0.0000
1738264123.303537,387915.000,60330,1,SF,1,100,0.0000
1738264123.703552,388315.000,60396,1,SF,1,100,0.0000
1738264123.970563,388582.000,60447,1,SF,1,100,0.0000
1738264124.370579,388982.000,60503,1,SF,1,100,0.0000
1738264124.637589,389249.000,60554,1,SF,1,100,0.0000
1738264124.970602,389582.000,60604,1,SF,1,100,0.0000
1738264125.370618,389982.000,60672,1,SF,1,100,0.0000
1738264125.637629,390249.000,60722,1,SF,1,100,0.0000
1738264125.970642,390582.000,60772,1,SF,1,100,0.0000
1738264126.303655,390915.000,60823,1,SF,1,100,0.0000
1738264126.703671,391315.000,60889,1,SF,1,100,0.0000
1738264126.970681,391582.000,60942,1,SF,1,100,0.0000
1738264127.303694,391915.000,60991,1,SF,1,100,0.0000
1738264127.703710,392315.000,61057,1,SF,1,100,0.0000
1738264128.036723,392648.000,61109,1,SF,1,100,0.0000
1738264128.303733,392915.000,61161,1,SF,1,100,0.0000
1738264128.636747,393248.000,61211,1,SF,1,100,0.0000
1738264129.036762,393648.000,61277,1,SF,1,100,0.0000
1738264129.303773,393915.000,61326,1,SF,1,100,0.0000
1738264129.636786,394248.000,61381,1,SF,1,100,0.0000
1738264129.969799,394581.000,61430,1,SF,1,100,0.0000
1738264130.303812,394915.000,61480,1,SF,1,100,0.0000
1738264130.703828,395315.000,61548,1,SF,1,100,0.0000
1738264130.969838,395581.000,61600,1,SF,1,100,0.0000
1738264131.303851,395915.000,61654,1,SF,1,100,0.0000
1738264131.703867,396315.000,61722,1,SF,1,100,0.0000
1738264131.969877,396581.000,61771,1,SF,1,100,0.0000
1738264132.302891,396914.000,61822,1,SF,1,100,0.0000
1738264132.636904,397248.000,61871,1,SF,1,100,0.0000
1738264133.036920,397648.000,61937,1,SF,1,100,0.0000
1738264133.302930,397914.000,61987,1,SF,1,100,0.0000
1738264133.636943,398248.000,62036,1,SF,1,100,0.0000
1738264134.036959,398648.000,62105,1,SF,1,100,0.0000
1738264134.369972,398981.000,62155,1,SF,1,100,0.0000
1738264134.702985,399314.000,62210,1,SF,1,100,0.0000
1738264134.969995,399581.000,62261,1,SF,1,100,0.0000
1738264135.303009,399914.000,62310,1,SF,1,100,0.0000
1738264135.636022,400247.000,62362,1,SF,1,100,0.0000
1738264136.037038,400648.000,62428,1,SF,1,100,0.0000
1738264136.303048,400914.000,62478,1,SF,1,100,0.0000
1738264136.636061,401247.000,62528,1,SF,1,100,0.0000
1738264137.036077,401647.000,62594,1,SF,1,100,0.0000
1738264137.303087,401914.000,62643,1,SF,1,100,0.0000
1738264137.636100,402247.000,62694,1,SF,1,100,0.0000
1738264137.969113,402580.000,62743,1,SF,1,100,0.0000
1738264138.370129,402981.000,62809,1,SF,1,100,0.0000
1738264138.636140,403247.000,62859,1,SF,1,100,0.0000
1738264138.969153,403580.000,62909,1,SF,1,100,0.0000
1738264139.303166,403914.000,62959,1,SF,1,100,0.0000
1738264139.703182,404314.000,63030,1,SF,1,100,0.0000
1738264140.036195,404647.000,63079,1,SF,1,100,0.0000
1738264140.303205,404914.000,63132,1,SF,1,100,0.0000
1738264140.636218,405247.000,63183,1,SF,1,100,0.0000
1738264140.969231,405580.000,63233,1,SF,1,100,0.0000
1738264141.369247,405980.000,63299,1,SF,1,100,0.0000
1738264141.636258,406247.000,63349,1,SF,1,100,0.0000
1738264141.969271,406580.000,63399,1,SF,1,100,0.0000
1738264142.369287,406980.000,63465,1,SF,1,100,0.0000
1738264142.636297,407247.000,63516,1,SF,1,100,0.0000
1738264142.969310,407580.000,63567,1,SF,1,100,0.0000
1738264143.302323,407913.000,63618,1,SF,1,100,0.0000
1738264143.702339,408313.000,63684,1,SF,1,100,0.0000
1738264143.969349,408580.000,63734,1,SF,1,100,0.0000
1738264144.302362,408913.000,63785,1,SF,1,100,0.0000
1738264144.702378,409313.000,63852,1,SF,1,100,0.0000
1738264144.969389,409580.000,63892,1,SF,1,100,0.0000
1738264145.369404,409980.000,63960,1,SF,1,100,0.0000
1738264145.636415,410247.000,64011,1,SF,1,100,0.0000
1738264145.969428,410580.000,64060,1,SF,1,100,0.0000
1738264146.302441,410913.000,64110,1,SF,1,100,0.0000
1738264146.702457,411313.000,64178,1,SF,1,100,0.0000
1738264146.969467,411580.000,64228,1,SF,1,100,0.0000
1738264147.302480,411913.000,64278,1,SF,1,100,0.0000
1738264147.702496,412313.000,64344,1,SF,1,100,0.0000
1738264147.969507,412580.000,64393,1,SF,1,100,0.0000
1738264148.302520,412913.000,64446,1,SF,1,100,0.0000
1738264148.635533,413246.000,64495,1,SF,1,100,0.0000
1738264149.035549,413646.000,64563,1,SF,1,100,0.0000
1738264149.302559,413913.000,64613,1,SF,1,100,0.0000
1738264149.635572,414246.000,64662,1,SF,1,100,0.0000
1738264149.968585,414579.000,64718,1,SF,1,100,0.0000
1738264150.302598,414913.000,64767,1,SF,1,100,0.0000
1738264150.702614,415313.000,64835,1,SF,1,100,0.0000
1738264150.968625,415579.000,64888,1,SF,1,100,0.0000
1738264151.301638,415912.000,64937,1,SF,1,100,0.0000
1738264151.635651,416246.000,64987,1,SF,1,100,0.0000
1738264152.035666,416646.000,65053,1,SF,1,100,0.0000
1738264152.301677,416912.000,65105,1,SF,1,100,0.0000
1738264152.635690,417246.000,65155,1,SF,1,100,0.0000
1738264153.035706,417646.000,65223,1,SF,1,100,0.0000
1738264153.301716,417912.000,65272,1,SF,1,100,0.0000
1738264153.635730,418246.000,65323,1,SF,1,100,0.0000
1738264153.968743,418579.000,65372,1,SF,1,100,0.0000
1738264154.368758,418979.000,65438,1,SF,1,100,0.0000
1738264154.635769,419246.000,65488,1,SF,1,100,0.0000
1738264154.968782,419579.000,1,1,SF,1,100,0.0000
1738264155.368798,419979.000,74,1,SF,1,100,0.0000
1738264155.635808,420246.000,125,1,SF,1,100,0.0000
1738264155.968821,420579.000,176,1,SF,1,100,0.0000
1738264156.301834,420912.000,226,1,SF,1,100,0.0000
1738264156.701850,421312.000,294,1,SF,1,100,0.0000
1738264156.968860,421579.000,344,1,SF,1,100,0.0000
1738264157.301874,421912.000,394,1,SF,1,100,0.0000
1738264157.701889,422312.000,462,1,SF,1,100,0.0000
1738264157.968900,422579.000,511,1,SF,1,100,0.0000
1738264158.301913,422912.000,562,1,SF,1,100,0.0000
1738264158.634926,423245.000,611,1,SF,1,100,0.0000
1738264159.034942,423645.000,679,1,SF,1,100,0.0000
1738264159.301952,423912.000,729,1,SF,1,100,0.0000
1738264159.634965,424245.000,778,1,SF,1,100,0.0000
1738264160.034981,424645.000,844,1,SF,1,100,0.0000
1738264160.301991,424912.000,900,1,SF,1,100,0.0000
1738264160.635005,425245.000,951,1,SF,1,100,0.0000
1738264160.968018,425578.000,1001,1,SF,1,100,0.0000
1738264161.368033,425978.000,1067,1,SF,1,100,0.0000
1738264161.635044,426245.000,1117,1,SF,1,100,0.0000
1738264161.968057,426578.000,1167,1,SF,1,100,0.0000
1738264162.368073,426978.000,1233,1,SF,1,100,0.0000
1738264162.701086,427311.000,1282,1,SF,1,100,0.0000
1738264162.968096,427578.000,1333,1,SF,1,100,0.0000
1738264163.301110,427911.000,1382,1,SF,1,100,0.0000
1738264163.701125,428311.000,1448,1,SF,1,100,0.0000
1738264163.968136,428578.000,1498,1,SF,1,100,0.0000
1738264164.301149,428911.000,1547,1,SF,1,100,0.0000
1738264164.701164,429311.000,1616,1,SF,1,100,0.0000
1738264165.035178,429645.000,1666,1,SF,1,100,0.0000
1738264165.301188,429911.000,1720,1,SF,1,100,0.0000
1738264165.634201,430244.000,1774,1,SF,1,100,0.0000
1738264166.034217,430644.000,1840,1,SF,1,100,0.0000
1738264166.301227,430911.000,1892,1,SF,1,100,0.0000
1738264166.634241,431244.000,1942,1,SF,1,100,0.0000
1738264166.968254,431578.000,1991,1,SF,1,100,0.0000
1738264167.368269,431978.000,2057,1,SF,1,100,0.0000
1738264167.634280,432244.000,2108,1,SF,1,100,0.0000
1738264167.968293,432578.000,2157,1,SF,1,100,0.0000
1738264168.367309,432977.000,2225,1,SF,1,100,0.0000
1738264168.634319,433244.000,2275,1,SF,1,100,0.0000
1738264168.967332,433577.000,2325,1,SF,1,100,0.0000
1738264169.301345,433911.000,2375,1,SF,1,100,0.0000
1738264169.701361,434311.000,2443,1,SF,1,100,0.0000
1738264169.967371,434577.000,2492,1,SF,1,100,0.0000
1738264170.301385,434911.000,2542,1,SF,1,100,0.0000
1738264170.634398,435244.000,2600,1,SF,1,100,0.0000
1738264170.967411,435577.000,2649,1,SF,1,100,0.0000
1738264171.367427,435977.000,2715,1,SF,1,100,0.0000
1738264171.634437,436244.000,2766,1,SF,1,100,0.0000
1738264171.967450,436577.000,2815,1,SF,1,100,0.0000
1738264172.367466,436977.000,2881,1,SF,1,100,0.0000
1738264172.700479,437310.000,2931,1,SF,1,100,0.0000
1738264172.967489,437577.000,2981,1,SF,1,100,0.0000
1738264173.300503,437910.000,3031,1,SF,1,100,0.0000
1738264173.700518,438310.000,3097,1,SF,1,100,0.0000
1738264173.967529,438577.000,3146,1,SF,1,100,0.0000
1738264174.300542,438910.000,3197,1,SF,1,100,0.0000
1738264174.634555,439244.000,3246,1,SF,1,100,0.0000
1738264175.033571,439643.000,3312,1,SF,1,100,0.0000
1738264175.300581,439910.000,3362,1,SF,1,100,0.0000
1738264175.633594,440243.000,3418,1,SF,1,100,0.0000
1738264176.033610,440643.000,3485,1,SF,1,100,0.0000
1738264176.300621,440910.000,3535,1,SF,1,100,0.0000
1738264176.633634,441243.000,3584,1,SF,1,100,0.0000
1738264176.967647,441577.000,3634,1,SF,1,100,0.0000
1738264177.367662,441977.000,3700,1,SF,1,100,0.0000
1738264177.633673,442243.000,3750,1,SF,1,100,0.0000
1738264177.967686,442577.000,3800,1,SF,1,100,0.0000
1738264178.367702,442977.000,3866,1,SF,1,100,0.0000
1738264178.700715,443310.000,3915,1,SF,1,100,0.0000
1738264178.966725,443576.000,3966,1,SF,1,100,0.0000
1738264179.300739,443910.000,4015,1,SF,1,100,0.0000
1738264179.700754,444310.000,4081,1,SF,1,100,0.0000
1738264179.966765,444576.000,4133,1,SF,1,100,0.0000
1738264180.300778,444910.000,4182,1,SF,1,100,0.0000
1738264180.700794,445310.000,4256,1,SF,1,100,0.0000
1738264181.033807,445643.000,4306,1,SF,1,100,0.0000
1738264181.300817,445910.000,4355,1,SF,1,100,0.0000
1738264181.633830,446243.000,4405,1,SF,1,100,0.0000
1738264182.033846,446643.000,4471,1,SF,1,100,0.0000
1738264182.299856,446909.000,4521,1,SF,1,100,0.0000
1738264182.633870,447243.000,4571,1,SF,1,100,0.0000
1738264182.966883,447576.000,4620,1,SF,1,100,0.0000
1738264183.366898,447976.000,4688,1,SF,1,100,0.0000
1738264183.633909,448243.000,4739,1,SF,1,100,0.0000
1738264183.966922,448576.000,4788,1,SF,1,100,0.0000
1738264184.366938,448976.000,4854,1,SF,1,100,0.0000
1738264184.699951,449309.000,4904,1,SF,1,100,0.0000
1738264184.966961,449576.000,4954,1,SF,1,100,0.0000
1738264185.299974,449909.000,5004,1,SF,1,100,0.0000
1738264185.699990,450309.000,5077,1,SF,1,100,0.0000
1738264186.033003,450642.000,5126,1,SF,1,100,0.0000
1738264186.300014,450909.000,5177,1,SF,1,100,0.0000
1738264186.633027,451242.000,5226,1,SF,1,100,0.0000
1738264187.033042,451642.000,5292,1,SF,1,100,0.0000
1738264187.367056,451976.000,5342,1,SF,1,100,0.0000
1738264187.633066,452242.000,5394,1,SF,1,100,0.0000
1738264187.967079,452576.000,5444,1,SF,1,100,0.0000
1738264188.366095,452975.000,5510,1,SF,1,100,0.0000
1738264188.633106,453242.000,5559,1,SF,1,100,0.0000
1738264188.966119,453575.000,5609,1,SF,1,100,0.0000
1738264189.300132,453909.000,5659,1,SF,1,100,0.0000
1738264189.700147,454309.000,5725,1,SF,1,100,0.0000
1738264189.966158,454575.000,5775,1,SF,1,100,0.0000
1738264190.300171,454909.000,5824,1,SF,1,100,0.0000
1738264190.700187,455309.000,5894,1,SF,1,100,0.0000
1738264190.966197,455575.000,5932,1,SF,1,100,0.0000
1738264191.299210,455908.000,5981,1,SF,1,100,0.0000
1738264191.633223,456242.000,6031,1,SF,1,100,0.0000
1738264192.033239,456642.000,6097,1,SF,1,100,0.0000
1738264192.299250,456908.000,6147,1,SF,1,100,0.0000
1738264192.633263,457242.000,6197,1,SF,1,100,0.0000
1738264193.033278,457642.000,6263,1,SF,1,100,0.0000
1738264193.366292,457975.000,6314,1,SF,1,100,0.0000
1738264193.633302,458242.000,6365,1,SF,1,100,0.0000
1738264193.966315,458575.000,6416,1,SF,1,100,0.0000
1738264194.366331,458975.000,6482,1,SF,1,100,0.0000
1738264194.633341,459242.000,6532,1,SF,1,100,0.0000
1738264194.966354,459575.000,6583,1,SF,1,100,0.0000
1738264195.366370,459975.000,6652,1,SF,1,100,0.0000
1738264195.699383,460308.000,6704,1,SF,1,100,0.0000
1738264195.966394,460575.000,6760,1,SF,1,100,0.0000
1738264196.299407,460908.000,6810,1,SF,1,100,0.0000
1738264196.699423,461308.000,6878,1,SF,1,100,0.0000
1738264196.966433,461575.000,6928,1,SF,1,100,0.0000
1738264197.299446,461908.000,6980,1,SF,1,100,0.0000
1738264197.699462,462308.000,7046,1,SF,1,100,0.0000
1738264198.032475,462641.000,7095,1,SF,1,100,0.0000
1738264198.299485,462908.000,7146,1,SF,1,100,0.0000
1738264198.632499,463241.000,7195,1,SF,1,100,0.0000
1738264199.032514,463641.000,7261,1,SF,1,100,0.0000
1738264199.299525,463908.000,7311,1,SF,1,100,0.0000
1738264199.632538,464241.000,7361,1,SF,1,100,0.0000
1738264199.965551,464574.000,7411,1,SF,1,100,0.0000
1738264200.365567,464974.000,7479,1,SF,1,100,0.0000
1738264200.632577,465241.000,7530,1,SF,1,100,0.0000
1738264200.965590,465574.000,7580,1,SF,1,100,0.0000
1738264201.365606,465974.000,7652,1,SF,1,100,0.0000
1738264201.698619,466307.000,7701,1,SF,1,100,0.0000
1738264201.965630,466574.000,7751,1,SF,1,100,0.0000
1738264202.298643,466907.000,7802,1,SF,1,100,0.0000
1738264202.698658,467307.000,7868,1,SF,1,100,0.0000
1738264202.965669,467574.000,7919,1,SF,1,100,0.0000
1738264203.298682,467907.000,7970,1,SF,1,100,0.0000
1738264203.698698,468307.000,8036,1,SF,1,100,0.0000
1738264204.032711,468641.000,8086,1,SF,1,100,0.0000
1738264204.298721,468907.000,8136,1,SF,1,100,0.0000
1738264204.631734,469240.000,8186,1,SF,1,100,0.0000
1738264205.032750,469641.000,8254,1,SF,1,100,0.0000
1738264205.298761,469907.000,8303,1,SF,1,100,0.0000
1738264205.631774,470240.000,8358,1,SF,1,100,0.0000
1738264205.965787,470574.000,8407,1,SF,1,100,0.0000
1738264206.298800,470907.000,8462,1,SF,1,100,0.0000
1738264206.631813,471240.000,8512,1,SF,1,100,0.0000
1738264207.031829,471640.000,8578,1,SF,1,100,0.0000
1738264207.298839,471907.000,8627,1,SF,1,100,0.0000
1738264207.631852,472240.000,8678,1,SF,1,100,0.0000
1738264207.965866,472574.000,8729,1,SF,1,100,0.0000
1738264208.364881,472973.000,8795,1,SF,1,100,0.0000
1738264208.631892,473240.000,8845,1,SF,1,100,0.0000
1738264208.964905,473573.000,8894,1,SF,1,100,0.0000
1738264209.364921,473973.000,8960,1,SF,1,100,0.0000
1738264209.631931,474240.000,9011,1,SF,1,100,0.0000
1738264209.964944,474573.000,9060,1,SF,1,100,0.0000
1738264210.298957,474907.000,9110,1,SF,1,100,0.0000
1738264210.698973,475307.000,9178,1,SF,1,100,0.0000
1738264210.964983,475573.000,9228,1,SF,1,100,0.0000
1738264211.298997,475907.000,9283,1,SF,1,100,0.0000
1738264211.699012,476307.000,9349,1,SF,1,100,0.0000
1738264211.965023,476573.000,9402,1,SF,1,100,0.0000
1738264212.298036,476906.000,9453,1,SF,1,100,0.0000
1738264212.632049,477240.000,9502,1,SF,1,100,0.0000
1738264213.032065,477640.000,9568,1,SF,1,100,0.0000
1738264213.298075,477906.000,9618,1,SF,1,100,0.0000
1738264213.632088,478240.000,9667,1,SF,1,100,0.0000
1738264214.032104,478640.000,9734,1,SF,1,100,0.0000
1738264214.365117,478973.000,9784,1,SF,1,100,0.0000
1738264214.632128,479240.000,9833,1,SF,1,100,0.0000
1738264214.965141,479573.000,9883,1,SF,1,100,0.0000
1738264215.365156,479973.000,9951,1,SF,1,100,0.0000
1738264215.631167,480239.000,10001,1,SF,1,100,0.0000
1738264215.965180,480573.000,10051,1,SF,1,100,0.0000
1738264216.431198,481039.000,10122,1,SF,1,100,0.0000
1738264216.631206,481239.000,10158,1,SF,1,100,0.0000
1738264216.965219,481573.000,10208,1,SF,1,100,0.0000
1738264217.365235,481973.000,10274,1,SF,1,100,0.0000
1738264217.631246,482239.000,10324,1,SF,1,100,0.0000
1738264217.965259,482573.000,10374,1,SF,1,100,0.0000
1738264218.365274,482973.000,10440,1,SF,1,100,0.0000
1738264218.698287,483306.000,10489,1,SF,1,100,0.0000
1738264218.965298,483573.000,10540,1,SF,1,100,0.0000
1738264219.298311,483906.000,10589,1,SF,1,100,0.0000
1738264219.698327,484306.000,10655,1,SF,1,100,0.0000
1738264219.964337,484572.000,10707,1,SF,1,100,0.0000
1738264220.298351,484906.000,10758,1,SF,1,100,0.0000
1738264220.698366,485306.000,10827,1,SF,1,100,0.0000
1738264220.964377,485572.000,10877,1,SF,1,100,0.0000
1738264221.298390,485906.000,10926,1,SF,1,100,0.0000
1738264221.631403,486239.000,10981,1,SF,1,100,0.0000
1738264222.031419,486639.000,11047,1,SF,1,100,0.0000
1738264222.297429,486905.000,11097,1,SF,1,100,0.0000
1738264222.631442,487239.000,11147,1,SF,1,100,0.0000
1738264223.031458,487639.000,11213,1,SF,1,100,0.0000
1738264223.297468,487905.000,11264,1,SF,1,100,0.0000
1738264223.631481,488239.000,11315,1,SF,1,100,0.0000
1738264223.964495,488572.000,11366,1,SF,1,100,0.0000
1738264224.364510,488972.000,11432,1,SF,1,100,0.0000
1738264224.631521,489239.000,11484,1,SF,1,100,0.0000
1738264224.964534,489572.000,11533,1,SF,1,100,0.0000
1738264225.297547,489905.000,11584,1,SF,1,100,0.0000
1738264225.697563,490305.000,11652,1,SF,1,100,0.0000
1738264225.964573,490572.000,11701,1,SF,1,100,0.0000
1738264226.297586,490905.000,11753,1,SF,1,100,0.0000
1738264226.697602,491305.000,11826,1,SF,1,100,0.0000
1738264226.964612,491572.000,11876,1,SF,1,100,0.0000
1738264227.297626,491905.000,11926,1,SF,1,100,0.0000
1738264227.630639,492238.000,11977,1,SF,1,100,0.0000
1738264228.030654,492638.000,12043,1,SF,1,100,0.0000
1738264228.297665,492905.000,12094,1,SF,1,100,0.0000
1738264228.630678,493238.000,12143,1,SF,1,100,0.0000
1738264229.030694,493638.000,12209,1,SF,1,100,0.0000
1738264229.297704,493905.000,12259,1,SF,1,100,0.0000
1738264229.630717,494238.000,12309,1,SF,1,100,0.0000
1738264229.963731,494571.000,12359,1,SF,1,100,0.0000
1738264230.363746,494971.000,12429,1,SF,1,100,0.0000
1738264230.630757,495238.000,12478,1,SF,1,100,0.0000
1738264230.963770,495571.000,12528,1,SF,1,100,0.0000
1738264231.363786,495971.000,12594,1,SF,1,100,0.0000
1738264231.630796,496238.000,12646,1,SF,1,100,0.0000
1738264231.963809,496571.000,12701,1,SF,1,100,0.0000
1738264232.296822,496904.000,12750,1,SF,1,100,0.0000
1738264232.696838,497304.000,12816,1,SF,1,100,0.0000
1738264232.963848,497571.000,12867,1,SF,1,100,0.0000
1738264233.296862,497904.000,12916,1,SF,1,100,0.0000
1738264233.696877,498304.000,12982,1,SF,1,100,0.0000
1738264233.963888,498571.000,13032,1,SF,1,100,0.0000
1738264234.296901,498904.000,13082,1,SF,1,100,0.0000
1738264234.630914,499238.000,13132,1,SF,1,100,0.0000
1738264235.029930,499637.000,13198,1,SF,1,100,0.0000
1738264235.296940,499904.000,13247,1,SF,1,100,0.0000
1738264235.629953,500237.000,13299,1,SF,1,100,0.0000
1738264236.029969,500637.000,13365,1,SF,1,100,0.0000
1738264236.296979,500904.000,13415,1,SF,1,100,0.0000
1738264236.629992,501237.000,13465,1,SF,1,100,0.0000
1738264236.964006,501571.000,13519,1,SF,1,100,0.0000
1738264237.364022,501971.000,13585,1,SF,1,100,0.0000
1738264237.630032,502237.000,13636,1,SF,1,100,0.0000
1738264237.964045,502571.000,13687,1,SF,1,100,0.0000
1738264238.364061,502971.000,13753,1,SF,1,100,0.0000
1738264238.697074,503304.000,13805,1,SF,1,100,0.0000
1738264238.963084,503570.000,13855,1,SF,1,100,0.0000
1738264239.297097,503904.000,13905,1,SF,1,100,0.0000
1738264239.697113,504304.000,13971,1,SF,1,100,0.0000
1738264239.963124,504570.000,14020,1,SF,1,100,0.0000
1738264240.297137,504904.000,14070,1,SF,1,100,0.0000
1738264240.697152,505304.000,14141,1,SF,1,100,0.0000
1738264241.030166,505637.000,14190,1,SF,1,100,0.0000
1738264241.297176,505904.000,14242,1,SF,1,100,0.0000
1738264241.630189,506237.000,14291,1,SF,1,100,0.0000
1738264241.963202,506570.000,14349,1,SF,1,100,0.0000
1738264242.297215,506904.000,14400,1,SF,1,100,0.0000
1738264242.630229,507237.000,14449,1,SF,1,100,0.0000
1738264243.030244,507637.000,14519,1,SF,1,100,0.0000
1738264243.296255,507903.000,14569,1,SF,1,100,0.0000
1738264243.630268,508237.000,14618,1,SF,1,100,0.0000
1738264244.030283,508637.000,14684,1,SF,1,100,0.0000
1738264244.296294,508903.000,14735,1,SF,1,100,0.0000
1738264244.629307,509236.000,14786,1,SF,1,100,0.0000
1738264244.963320,509570.000,14836,1,SF,1,100,0.0000
1738264245.363336,509970.000,14904,1,SF,1,100,0.0000
1738264245.629346,510236.000,14954,1,SF,1,100,0.0000
1738264245.963360,510570.000,15004,1,SF,1,100,0.0000
1738264246.363375,510970.000,15070,1,SF,1,100,0.0000
1738264246.696388,511303.000,15119,1,SF,1,100,0.0000
1738264246.963399,511570.000,15170,1,SF,1,100,0.0000
1738264247.296412,511903.000,15224,1,SF,1,100,0.0000
1738264247.696428,512303.000,15290,1,SF,1,100,0.0000
1738264247.963438,512570.000,15340,1,SF,1,100,0.0000
1738264248.296451,512903.000,15390,1,SF,1,100,0.0000
1738264248.629464,513236.000,15440,1,SF,1,100,0.0000
1738264249.029480,513636.000,15508,1,SF,1,100,0.0000
1738264249.296491,513903.000,15557,1,SF,1,100,0.0000
1738264249.629504,514236.000,15608,1,SF,1,100,0.0000
1738264250.029519,514636.000,15676,1,SF,1,100,0.0000
1738264250.362533,514969.000,15727,1,SF,1,100,0.0000
1738264250.629543,515236.000,15777,1,SF,1,100,0.0000
1738264250.962556,515569.000,15826,1,SF,1,100,0.0000
1738264251.362572,515969.000,15892,1,SF,1,100,0.0000
1738264251.629582,516236.000,15945,1,SF,1,100,0.0000
1738264251.962595,516569.000,15994,1,SF,1,100,0.0000
1738264252.295609,516902.000,16049,1,SF,1,100,0.0000
1738264252.695624,517302.000,16115,1,SF,1,100,0.0000
1738264252.962635,517569.000,16165,1,SF,1,100,0.0000
1738264253.295648,517902.000,16215,1,SF,1,100,0.0000
1738264253.695663,518302.000,16281,1,SF,1,100,0.0000
1738264253.962674,518569.000,16330,1,SF,1,100,0.0000
1738264254.295687,518902.000,16381,1,SF,1,100,0.0000
1738264254.629700,519236.000,16430,1,SF,1,100,0.0000
1738264255.028716,519635.000,16496,1,SF,1,100,0.0000
1738264255.295727,519902.000,16546,1,SF,1,100,0.0000
1738264255.628740,520235.000,16597,1,SF,1,100,0.0000
1738264256.028755,520635.000,16663,1,SF,1,100,0.0000
1738264256.295766,520902.000,16714,1,SF,1,100,0.0000
1738264256.628779,521235.000,16763,1,SF,1,100,0.0000
1738264256.962792,521569.000,16813,1,SF,1,100,0.0000
1738264257.295805,521902.000,16869,1,SF,1,100,0.0000
1738264257.628818,522235.000,16918,1,SF,1,100,0.0000
1738264258.028834,522635.000,16986,1,SF,1,100,0.0000
1738264258.295844,522902.000,17037,1,SF,1,100,0.0000
1738264258.628858,523235.000,17086,1,SF,1,100,0.0000
1738264259.028873,523635.000,17152,1,SF,1,100,0.0000
1738264259.295884,523902.000,17202,1,SF,1,100,0.0000
1738264259.628897,524235.000,17252,1,SF,1,100,0.0000
1738264259.961910,524568.000,17302,1,SF,1,100,0.0000
1738264260.361926,524968.000,17370,1,SF,1,100,0.0000
1738264260.628936,525235.000,17419,1,SF,1,100,0.0000
1738264260.961949,525568.000,17469,1,SF,1,100,0.0000
1738264261.361965,525968.000,17536,1,SF,1,100,0.0000
1738264261.628975,526235.000,17585,1,SF,1,100,0.0000
1738264261.961989,526568.000,17635,1,SF,1,100,0.0000
1738264262.295002,526901.000,17686,1,SF,1,100,0.0000
1738264262.629015,527235.000,17742,1,SF,1,100,0.0000
1738264262.962028,527568.000,17792,1,SF,1,100,0.0000
1738264263.362044,527968.000,17858,1,SF,1,100,0.0000
1738264263.629054,528235.000,17908,1,SF,1,100,0.0000
1738264263.962067,528568.000,17958,1,SF,1,100,0.0000
1738264264.295080,528901.000,18007,1,SF,1,100,0.0000
1738264264.695096,529301.000,18073,1,SF,1,100,0.0000
1738264264.962106,529568.000,18124,1,SF,1,100,0.0000
1738264265.295120,529901.000,18175,1,SF,1,100,0.0000
1738264265.695135,530301.000,18243,1,SF,1,100,0.0000
1738264265.962146,530568.000,18295,1,SF,1,100,0.0000
1738264266.295159,530901.000,18345,1,SF,1,100,0.0000
1738264266.628172,531234.000,18395,1,SF,1,100,0.0000
1738264267.028188,531634.000,18461,1,SF,1,100,0.0000
1738264267.295198,531901.000,18510,1,SF,1,100,0.0000
1738264267.628211,532234.000,18565,1,SF,1,100,0.0000
1738264268.028227,532634.000,18631,1,SF,1,100,0.0000
1738264268.295238,532901.000,18681,1,SF,1,100,0.0000
1738264268.628251,533234.000,18733,1,SF,1,100,0.0000
1738264268.961264,533567.000,18782,1,SF,1,100,0.0000
1738264269.361279,533967.000,18848,1,SF,1,100,0.0000
1738264269.628290,534234.000,18899,1,SF,1,100,0.0000
1738264269.961303,534567.000,18948,1,SF,1,100,0.0000
1738264270.361319,534967.000,19016,1,SF,1,100,0.0000
1738264270.628329,535234.000,19066,1,SF,1,100,0.0000
1738264270.961342,535567.000,19116,1,SF,1,100,0.0000
1738264271.294355,535900.000,19166,1,SF,1,100,0.0000
1738264271.695371,536301.000,19232,1,SF,1,100,0.0000
1738264271.961382,536567.000,19281,1,SF,1,100,0.0000
1738264272.294395,536900.000,19331,1,SF,1,100,0.0000
1738264272.628408,537234.000,19386,1,SF,1,100,0.0000
1738264273.028424,537634.000,19452,1,SF,1,100,0.0000
1738264273.294434,537900.000,19502,1,SF,1,100,0.0000
1738264273.628447,538234.000,19551,1,SF,1,100,0.0000
1738264274.028463,538634.000,19618,1,SF,1,100,0.0000
1738264274.361476,538967.000,19668,1,SF,1,100,0.0000
1738264274.628487,539234.000,19717,1,SF,1,100,0.0000
1738264274.961500,539567.000,19767,1,SF,1,100,0.0000
1738264275.361516,539967.000,19835,1,SF,1,100,0.0000
1738264275.627526,540233.000,19885,1,SF,1,100,0.0000
1738264275.961539,540567.000,19935,1,SF,1,100,0.0000
1738264276.361555,540967.000,20001,1,SF,1,100,0.0000
1738264276.694568,541300.000,20050,1,SF,1,100,0.0000
1738264276.961578,541567.000,20101,1,SF,1,100,0.0000
1738264277.294591,541900.000,20150,1,SF,1,100,0.0000
1738264277.694607,542300.000,20221,1,SF,1,100,0.0000
1738264278.027620,542633.000,20271,1,SF,1,100,0.0000
1738264278.294631,542900.000,20321,1,SF,1,100,0.0000
1738264278.627644,543233.000,20371,1,SF,1,100,0.0000
1738264279.027660,543633.000,20437,1,SF,1,100,0.0000
1738264279.294670,543900.000,20486,1,SF,1,100,0.0000
1738264279.627683,544233.000,20537,1,SF,1,100,0.0000
1738264279.960696,544566.000,20586,1,SF,1,100,0.0000
1738264280.360712,544966.000,20654,1,SF,1,100,0.0000
1738264280.627723,545233.000,20704,1,SF,1,100,0.0000
1738264280.960736,545566.000,20753,1,SF,1,100,0.0000
1738264281.360751,545966.000,20819,1,SF,1,100,0.0000
1738264281.693764,546299.000,20870,1,SF,1,100,0.0000
1738264281.960775,546566.000,20919,1,SF,1,100,0.0000
1738264282.293788,546899.000,20969,1,SF,1,100,0.0000
1738264282.693804,547299.000,21035,1,SF,1,100,0.0000
1738264283.027817,547633.000,21090,1,SF,1,100,0.0000
1738264283.294827,547900.000,21140,1,SF,1,100,0.0000
1738264283.627841,548233.000,21190,1,SF,1,100,0.0000
1738264283.960854,548566.000,21240,1,SF,1,100,0.0000
1738264284.360869,548966.000,21306,1,SF,1,100,0.0000
1738264284.626880,549232.000,21357,1,SF,1,100,0.0000
1738264284.960893,549566.000,21407,1,SF,1,100,0.0000
1738264285.360909,549966.000,21475,1,SF,1,100,0.0000
1738264285.693922,550299.000,21525,1,SF,1,100,0.0000
1738264285.960932,550566.000,21575,1,SF,1,100,0.0000
1738264286.293945,550899.000,21624,1,SF,1,100,0.0000
1738264286.693961,551299.000,21690,1,SF,1,100,0.0000
1738264286.960972,551566.000,21741,1,SF,1,100,0.0000
1738264287.293985,551899.000,21790,1,SF,1,100,0.0000
1738264287.694000,552299.000,21856,1,SF,1,100,0.0000
1738264288.027013,552632.000,21912,1,SF,1,100,0.0000
1738264288.294024,552899.000,21961,1,SF,1,100,0.0000
1738264288.627037,553232.000,22011,1,SF,1,100,0.0000
1738264288.960050,553565.000,22060,1,SF,1,100,0.0000
1738264289.360066,553965.000,22126,1,SF,1,100,0.0000
1738264289.627076,554232.000,22177,1,SF,1,100,0.0000
1738264289.960089,554565.000,22226,1,SF,1,100,0.0000
1738264290.360105,554965.000,22294,1,SF,1,100,0.0000
1738264290.627116,555232.000,22344,1,SF,1,100,0.0000
1738264290.960129,555565.000,22394,1,SF,1,100,0.0000
1738264291.293142,555898.000,22444,1,SF,1,100,0.0000
1738264291.694158,556299.000,22510,1,SF,1,100,0.0000
1738264291.960168,556565.000,22559,1,SF,1,100,0.0000
1738264292.293181,556898.000,22609,1,SF,1,100,0.0000
1738264292.693197,557298.000,22678,1,SF,1,100,0.0000
1738264293.027210,557632.000,22727,1,SF,1,100,0.0000
1738264293.293221,557898.000,22782,1,SF,1,100,0.0000
1738264293.627234,558232.000,22831,1,SF,1,100,0.0000
1738264294.027249,558632.000,22898,1,SF,1,100,0.0000
1738264294.360262,558965.000,22948,1,SF,1,100,0.0000
1738264294.627273,559232.000,22997,1,SF,1,100,0.0000
1738264294.960286,559565.000,23047,1,SF,1,100,0.0000
1738264295.360302,559965.000,23115,1,SF,1,100,0.0000
1738264295.626312,560231.000,23165,1,SF,1,100,0.0000
1738264295.960325,560565.000,23215,1,SF,1,100,0.0000
1738264296.360341,560965.000,23281,1,SF,1,100,0.0000
1738264296.693354,561298.000,23330,1,SF,1,100,0.0000
1738264296.960365,561565.000,23381,1,SF,1,100,0.0000
1738264297.293378,561898.000,23430,1,SF,1,100,0.0000
1738264297.693393,562298.000,23496,1,SF,1,100,0.0000
1738264297.960404,562565.000,23546,1,SF,1,100,0.0000
1738264298.293417,562898.000,23601,1,SF,1,100,0.0000
1738264298.626430,563231.000,23651,1,SF,1,100,0.0000
1738264299.026446,563631.000,23717,1,SF,1,100,0.0000
1738264299.293456,563898.000,23766,1,SF,1,100,0.0000
1738264299.626469,564231.000,23816,1,SF,1,100,0.0000
1738264300.026485,564631.000,23883,1,SF,1,100,0.0000
1738264300.359498,564964.000,23934,1,SF,1,100,0.0000
1738264300.626509,565231.000,23984,1,SF,1,100,0.0000
1738264300.959522,565564.000,24033,1,SF,1,100,0.0000
1738264301.359538,565964.000,24099,1,SF,1,100,0.0000
1738264301.626548,566231.000,24150,1,SF,1,100,0.0000
1738264301.959561,566564.000,24199,1,SF,1,100,0.0000
1738264302.359577,566964.000,24265,1,SF,1,100,0.0000
1738264302.692590,567297.000,24315,1,SF,1,100,0.0000
1738264302.959600,567564.000,24365,1,SF,1,100,0.0000
1738264303.292614,567897.000,24420,1,SF,1,100,0.0000
1738264303.692629,568297.000,24486,1,SF,1,100,0.0000
1738264303.959640,568564.000,24535,1,SF,1,100,0.0000
1738264304.292653,568897.000,24586,1,SF,1,100,0.0000
1738264304.692669,569297.000,24652,1,SF,1,100,0.0000
1738264305.026682,569631.000,24703,1,SF,1,100,0.0000
1738264305.292692,569897.000,24753,1,SF,1,100,0.0000
1738264305.625705,570230.000,24804,1,SF,1,100,0.0000
1738264306.025721,570630.000,24870,1,SF,1,100,0.0000
1738264306.292732,570897.000,24921,1,SF,1,100,0.0000
1738264306.625745,571230.000,24970,1,SF,1,100,0.0000
1738264307.025760,571630.000,25036,1,SF,1,100,0.0000
1738264307.359773,571964.000,25086,1,SF,1,100,0.0000
1738264307.625784,572230.000,25136,1,SF,1,100,0.0000
1738264307.959797,572564.000,25186,1,SF,1,100,0.0000
1738264308.358813,572963.000,25252,1,SF,1,100,0.0000
1738264308.625823,573230.000,25306,1,SF,1,100,0.0000
1738264308.958836,573563.000,25357,1,SF,1,100,0.0000
1738264309.292850,573897.000,25406,1,SF,1,100,0.0000
1738264309.692865,574297.000,25472,1,SF,1,100,0.0000
1738264309.958876,574563.000,25522,1,SF,1,100,0.0000
1738264310.292889,574897.000,25571,1,SF,1,100,0.0000
1738264310.692904,575297.000,25639,1,SF,1,100,0.0000
1738264310.958915,575563.000,25690,1,SF,1,100,0.0000
1738264311.291928,575896.000,25739,1,SF,1,100,0.0000
1738264311.625941,576230.000,25789,1,SF,1,100,0.0000
1738264312.025957,576630.000,25855,1,SF,1,100,0.0000
1738264312.291967,576896.000,25905,1,SF,1,100,0.0000
1738264312.625981,577230.000,25955,1,SF,1,100,0.0000
1738264313.025996,577630.000,26021,1,SF,1,100,0.0000
1738264313.292007,577896.000,26070,1,SF,1,100,0.0000
1738264313.626020,578230.000,26126,1,SF,1,100,0.0000
1738264313.959033,578563.000,26175,1,SF,1,100,0.0000
1738264314.359049,578963.000,26241,1,SF,1,100,0.0000
1738264314.626059,579230.000,26291,1,SF,1,100,0.0000
1738264314.959072,579563.000,26340,1,SF,1,100,0.0000
1738264315.359088,579963.000,26408,1,SF,1,100,0.0000
1738264315.626099,580230.000,26459,1,SF,1,100,0.0000
1738264315.959112,580563.000,26508,1,SF,1,100,0.0000
1738264316.292125,580896.000,26558,1,SF,1,100,0.0000
1738264316.692140,581296.000,26624,1,SF,1,100,0.0000
1738264316.959151,581563.000,26674,1,SF,1,100,0.0000
1738264317.292164,581896.000,26724,1,SF,1,100,0.0000
1738264317.692180,582296.000,26790,1,SF,1,100,0.0000
1738264318.025193,582629.000,26839,1,SF,1,100,0.0000
1738264318.292203,582896.000,26890,1,SF,1,100,0.0000
1738264318.625216,583229.000,26944,1,SF,1,100,0.0000
1738264319.025232,583629.000,27010,1,SF,1,100,0.0000
1738264319.358245,583962.000,27060,1,SF,1,100,0.0000
1738264319.625256,584229.000,27110,1,SF,1,100,0.0000
1738264319.958269,584562.000,27160,1,SF,1,100,0.0000
1738264320.358284,584962.000,27228,1,SF,1,100,0.0000
1738264320.625295,585229.000,27277,1,SF,1,100,0.0000
1738264320.958308,585562.000,27328,1,SF,1,100,0.0000
1738264321.292321,585896.000,27377,1,SF,1,100,0.0000
1738264321.691337,586295.000,27443,1,SF,1,100,0.0000
1738264321.958348,586562.000,27493,1,SF,1,100,0.0000
1738264322.291361,586895.000,27542,1,SF,1,100,0.0000
1738264322.691376,587295.000,27608,1,SF,1,100,0.0000
1738264322.958387,587562.000,27659,1,SF,1,100,0.0000
1738264323.291400,587895.000,27708,1,SF,1,100,0.0000
1738264323.625413,588229.000,27758,1,SF,1,100,0.0000
1738264324.025429,588629.000,27829,1,SF,1,100,0.0000
1738264324.291439,588895.000,27881,1,SF,1,100,0.0000
1738264324.625452,589229.000,27931,1,SF,1,100,0.0000
1738264325.025468,589629.000,27999,1,SF,1,100,0.0000
1738264325.291479,589895.000,28048,1,SF,1,100,0.0000
1738264325.624492,590228.000,28101,1,SF,1,100,0.0000
1738264325.958505,590562.000,28150,1,SF,1,100,0.0000
1738264326.358521,590962.000,28216,1,SF,1,100,0.0000
1738264326.624531,591228.000,28266,1,SF,1,100,0.0000
1738264326.958544,591562.000,28315,1,SF,1,100,0.0000
1738264327.358560,591962.000,28382,1,SF,1,100,0.0000
1738264327.691573,592295.000,28432,1,SF,1,100,0.0000
1738264327.958583,592562.000,28481,1,SF,1,100,0.0000
1738264328.291596,592895.000,28531,1,SF,1,100,0.0000
1738264328.691612,593295.000,28597,1,SF,1,100,0.0000
1738264328.957623,593561.000,28636,1,SF,1,100,0.0000
1738264329.357638,593961.000,28702,1,SF,1,100,0.0000
1738264329.624649,594228.000,28753,1,SF,1,100,0.0000
1738264329.957662,594561.000,28802,1,SF,1,100,0.0000
1738264330.357678,594961.000,28870,1,SF,1,100,0.0000
1738264330.624688,595228.000,28920,1,SF,1,100,0.0000
1738264330.957701,595561.000,28970,1,SF,1,100,0.0000
1738264331.291714,595895.000,29020,1,SF,1,100,0.0000
1738264331.691730,596295.000,29086,1,SF,1,100,0.0000
1738264331.957741,596561.000,29135,1,SF,1,100,0.0000
1738264332.290754,596894.000,29185,1,SF,1,100,0.0000
1738264332.690769,597294.000,29252,1,SF,1,100,0.0000
1738264332.957780,597561.000,29301,1,SF,1,100,0.0000
1738264333.290793,597894.000,29351,1,SF,1,100,0.0000
1738264333.624806,598228.000,29400,1,SF,1,100,0.0000
1738264334.024822,598628.000,29471,1,SF,1,100,0.0000
1738264334.290832,598894.000,29522,1,SF,1,100,0.0000
1738264334.624846,599228.000,29571,1,SF,1,100,0.0000
1738264335.023861,599627.000,29637,1,SF,1,100,0.0000
1738264335.357874,599961.000,29689,1,SF,1,100,0.0000
1738264335.623885,600227.000,29741,1,SF,1,100,0.0000
1738264335.957898,600561.000,29791,1,SF,1,100,0.0000
1738264336.357914,600961.000,29857,1,SF,1,100,0.0000
1738264336.623924,601227.000,29906,1,SF,1,100,0.0000
1738264336.957937,601561.000,29956,1,SF,1,100,0.0000
1738264337.357953,601961.000,30023,1,SF,1,100,0.0000
1738264337.690966,602294.000,30072,1,SF,1,100,0.0000
1738264337.957977,602561.000,30122,1,SF,1,100,0.0000
1738264338.290990,602894.000,30171,1,SF,1,100,0.0000
1738264338.691005,603294.000,30237,1,SF,1,100,0.0000
1738264338.958016,603561.000,30288,1,SF,1,100,0.0000
1738264339.291029,603894.000,30342,1,SF,1,100,0.0000
1738264339.624042,604227.000,30392,1,SF,1,100,0.0000
1738264340.024058,604627.000,30459,1,SF,1,100,0.0000
1738264340.357071,604960.000,30510,1,SF,1,100,0.0000
1738264340.624081,605227.000,30560,1,SF,1,100,0.0000
1738264340.957094,605560.000,30609,1,SF,1,100,0.0000
1738264341.357110,605960.000,30675,1,SF,1,100,0.0000
1738264341.624121,606227.000,30726,1,SF,1,100,0.0000
1738264341.957134,606560.000,30775,1,SF,1,100,0.0000
1738264342.290147,606893.000,30825,1,SF,1,100,0.0000
1738264342.691163,607294.000,30893,1,SF,1,100,0.0000
1738264342.957173,607560.000,30943,1,SF,1,100,0.0000
1738264343.290186,607893.000,30993,1,SF,1,100,0.0000
1738264343.690202,608293.000,31059,1,SF,1,100,0.0000
1738264343.957212,608560.000,31108,1,SF,1,100,0.0000
1738264344.290226,608893.000,31164,1,SF,1,100,0.0000
1738264344.624239,609227.000,31213,1,SF,1,100,0.0000
1738264345.024254,609627.000,31279,1,SF,1,100,0.0000
1738264345.290265,609893.000,31329,1,SF,1,100,0.0000
1738264345.623278,610226.000,31380,1,SF,1,100,0.0000
1738264346.023294,610626.000,31447,1,SF,1,100,0.0000
1738264346.357307,610960.000,31497,1,SF,1,100,0.0000
1738264346.623317,611226.000,31546,1,SF,1,100,0.0000
1738264346.957330,611560.000,31596,1,SF,1,100,0.0000
1738264347.357346,611960.000,31662,1,SF,1,100,0.0000
1738264347.623357,612226.000,31712,1,SF,1,100,0.0000
1738264347.957370,612560.000,31762,1,SF,1,100,0.0000
1738264348.290383,612893.000,31811,1,SF,1,100,0.0000
1738264348.690398,613293.000,31877,1,SF,1,100,0.0000
1738264348.956409,613559.000,31928,1,SF,1,100,0.0000
1738264349.290422,613893.000,31977,1,SF,1,100,0.0000
1738264349.623435,614226.000,32031,1,SF,1,100,0.0000
1738264349.956448,614559.000,32082,1,SF,1,100,0.0000
1738264350.356464,614959.000,32150,1,SF,1,100,0.0000
1738264350.623475,615226.000,32200,1,SF,1,100,0.0000
1738264350.956488,615559.000,32250,1,SF,1,100,0.0000
1738264351.290501,615893.000,32300,1,SF,1,100,0.0000
1738264351.690516,616293.000,32366,1,SF,1,100,0.0000
1738264351.956527,616559.000,32415,1,SF,1,100,0.0000
1738264352.289540,616892.000,32465,1,SF,1,100,0.0000
1738264352.689556,617292.000,32532,1,SF,1,100,0.0000
1738264353.023569,617626.000,32581,1,SF,1,100,0.0000
1738264353.289579,617892.000,32631,1,SF,1,100,0.0000
1738264353.623593,618226.000,32680,1,SF,1,100,0.0000
1738264354.023608,618626.000,32746,1,SF,1,100,0.0000
1738264354.289619,618892.000,32797,1,SF,1,100,0.0000
1738264354.623632,619226.000,32835,1,SF,1,100,0.0000
1738264354.956645,619559.000,32885,1,SF,1,100,0.0000
1738264355.356661,619959.000,32953,1,SF,1,100,0.0000
1738264355.623671,620226.000,33005,1,SF,1,100,0.0000
1738264355.956684,620559.000,33055,1,SF,1,100,0.0000
1738264356.289697,620892.000,33104,1,SF,1,100,0.0000
1738264356.689713,621292.000,33172,1,SF,1,100,0.0000
1738264356.956723,621559.000,33223,1,SF,1,100,0.0000
1738264357.289737,621892.000,33272,1,SF,1,100,0.0000
1738264357.689752,622292.000,33338,1,SF,1,100,0.0000
1738264358.022765,622625.000,33388,1,SF,1,100,0.0000
1738264358.289776,622892.000,33438,1,SF,1,100,0.0000
1738264358.622789,623225.000,33488,1,SF,1,100,0.0000
1738264359.022805,623625.000,33554,1,SF,1,100,0.0000
1738264359.289815,623892.000,33603,1,SF,1,100,0.0000
1738264359.689831,624292.000,33660,1,SF,1,100,0.0000
1738264359.955842,624558.000,33709,1,SF,1,100,0.0000
1738264360.289855,624892.000,33759,1,SF,1,100,0.0000
1738264360.689870,625292.000,33827,1,SF,1,100,0.0000
1738264360.955881,625558.000,33877,1,SF,1,100,0.0000
1738264361.289894,625892.000,33927,1,SF,1,100,0.0000
1738264361.622907,626225.000,33976,1,SF,1,100,0.0000
1738264362.022923,626625.000,34042,1,SF,1,100,0.0000
1738264362.288933,626891.000,34093,1,SF,1,100,0.0000
1738264362.622946,627225.000,34142,1,SF,1,100,0.0000
1738264362.955959,627558.000,34192,1,SF,1,100,0.0000
1738264363.355975,627958.000,34258,1,SF,1,100,0.0000
1738264363.622986,628225.000,34308,1,SF,1,100,0.0000
1738264363.955999,628558.000,34358,1,SF,1,100,0.0000
1738264364.356014,628958.000,34424,1,SF,1,100,0.0000
1738264364.756030,629358.000,34479,1,SF,1,100,0.0000
1738264364.956038,629558.000,34513,1,SF,1,100,0.0000
1738264365.289051,629891.000,34562,1,SF,1,100,0.0000
1738264365.689067,630291.000,34630,1,SF,1,100,0.0000
1738264365.956077,630558.000,34680,1,SF,1,100,0.0000
1738264366.289090,630891.000,34730,1,SF,1,100,0.0000
1738264366.622103,631224.000,34780,1,SF,1,100,0.0000
1738264367.022119,631624.000,34846,1,SF,1,100,0.0000
1738264367.289130,631891.000,34895,1,SF,1,100,0.0000
1738264367.622143,632224.000,34945,1,SF,1,100,0.0000
1738264368.022159,632624.000,35014,1,SF,1,100,0.0000
1738264368.355172,632957.000,35063,1,SF,1,100,0.0000
1738264368.622182,633224.000,35113,1,SF,1,100,0.0000
1738264368.955195,633557.000,35162,1,SF,1,100,0.0000
1738264369.355211,633957.000,35228,1,SF,1,100,0.0000
1738264369.622221,634224.000,35279,1,SF,1,100,0.0000
1738264370.022237,634624.000,35331,1,SF,1,100,0.0000
1738264370.289248,634891.000,35382,1,SF,1,100,0.0000
1738264370.622261,635224.000,35433,1,SF,1,100,0.0000
1738264371.022277,635624.000,35499,1,SF,1,100,0.0000
1738264371.289287,635891.000,35549,1,SF,1,100,0.0000
1738264371.622300,636224.000,35598,1,SF,1,100,0.0000
1738264372.022316,636624.000,35665,1,SF,1,100,0.0000
1738264372.355329,636957.000,35715,1,SF,1,100,0.0000
1738264372.622339,637224.000,35764,1,SF,1,100,0.0000
1738264372.955353,637557.000,35814,1,SF,1,100,0.0000
1738264373.355368,637957.000,35880,1,SF,1,100,0.0000
1738264373.622379,638224.000,35930,1,SF,1,100,0.0000
1738264373.955392,638557.000,35980,1,SF,1,100,0.0000
1738264374.355408,638957.000,36046,1,SF,1,100,0.0000
1738264374.688421,639290.000,36095,1,SF,1,100,0.0000
1738264375.021434,639623.000,36153,1,SF,1,100,0.0000
1738264375.288444,639890.000,36202,1,SF,1,100,0.0000
1738264375.621457,640223.000,36255,1,SF,1,100,0.0000
1738264375.955471,640557.000,36304,1,SF,1,100,0.0000
1738264376.355486,640957.000,36370,1,SF,1,100,0.0000
1738264376.621497,641223.000,36420,1,SF,1,100,0.0000
1738264376.955510,641557.000,36469,1,SF,1,100,0.0000
1738264377.355525,641957.000,36535,1,SF,1,100,0.0000
1738264377.621536,642223.000,36586,1,SF,1,100,0.0000
1738264377.954549,642556.000,36635,1,SF,1,100,0.0000
1738264378.288562,642890.000,36685,1,SF,1,100,0.0000
1738264378.688578,643290.000,36751,1,SF,1,100,0.0000
1738264378.954588,643556.000,36801,1,SF,1,100,0.0000
1738264379.288602,643890.000,36851,1,SF,1,100,0.0000
1738264379.688617,644290.000,36917,1,SF,1,100,0.0000
1738264379.954628,644556.000,36966,1,SF,1,100,0.0000
1738264380.354644,644956.000,37024,1,SF,1,100,0.0000
1738264380.621654,645223.000,37073,1,SF,1,100,0.0000
1738264380.954667,645556.000,37123,1,SF,1,100,0.0000
1738264381.354683,645956.000,37190,1,SF,1,100,0.0000
1738264381.687696,646289.000,37239,1,SF,1,100,0.0000
1738264381.954706,646556.000,37289,1,SF,1,100,0.0000
1738264382.288720,646890.000,37338,1,SF,1,100,0.0000
1738264382.687735,647289.000,37404,1,SF,1,100,0.0000
1738264382.954746,647556.000,37455,1,SF,1,100,0.0000
1738264383.287759,647889.000,37504,1,SF,1,100,0.0000
1738264383.687775,648289.000,37570,1,SF,1,100,0.0000
1738264383.954785,648556.000,37620,1,SF,1,100,0.0000
1738264384.287798,648889.000,37672,1,SF,1,100,0.0000
1738264384.620811,649222.000,37722,1,SF,1,100,0.0000
1738264385.021827,649623.000,37788,1,SF,1,100,0.0000
1738264385.354840,649956.000,37844,1,SF,1,100,0.0000
1738264385.687853,650289.000,37894,1,SF,1,100,0.0000
1738264385.954864,650556.000,37943,1,SF,1,100,0.0000
1738264386.287877,650889.000,37993,1,SF,1,100,0.0000
1738264386.687892,651289.000,38059,1,SF,1,100,0.0000
1738264386.954903,651556.000,38111,1,SF,1,100,0.0000
1738264387.287916,651889.000,38161,1,SF,1,100,0.0000
1738264387.687932,652289.000,38227,1,SF,1,100,0.0000
1738264387.954942,652556.000,38276,1,SF,1,100,0.0000
1738264388.287956,652889.000,38327,1,SF,1,100,0.0000
1738264388.620969,653222.000,38376,1,SF,1,100,0.0000
1738264389.020984,653622.000,38442,1,SF,1,100,0.0000
1738264389.287995,653889.000,38494,1,SF,1,100,0.0000
1738264389.621008,654222.000,38543,1,SF,1,100,0.0000
1738264390.021024,654622.000,38610,1,SF,1,100,0.0000
1738264390.354037,654955.000,38669,1,SF,1,100,0.0000
1738264390.688050,655289.000,38718,1,SF,1,100,0.0000
1738264390.954060,655555.000,38769,1,SF,1,100,0.0000
1738264391.287073,655888.000,38818,1,SF,1,100,0.0000
1738264391.688089,656289.000,38884,1,SF,1,100,0.0000
1738264392.021102,656622.000,38934,1,SF,1,100,0.0000
1738264392.287113,656888.000,38984,1,SF,1,100,0.0000
1738264392.621126,657222.000,39034,1,SF,1,100,0.0000
1738264393.021142,657622.000,39100,1,SF,1,100,0.0000
1738264393.287152,657888.000,39149,1,SF,1,100,0.0000
1738264393.621165,658222.000,39200,1,SF,1,100,0.0000
1738264393.954178,658555.000,39249,1,SF,1,100,0.0000
1738264394.354194,658955.000,39315,1,SF,1,100,0.0000
1738264394.621204,659222.000,39365,1,SF,1,100,0.0000
1738264394.954217,659555.000,39414,1,SF,1,100,0.0000
1738264395.354233,659955.000,39482,1,SF,1,100,0.0000
1738264395.621244,660222.000,39521,1,SF,1,100,0.0000
1738264396.020259,660621.000,39587,1,SF,1,100,0.0000
1738264396.287270,660888.000,39638,1,SF,1,100,0.0000
1738264396.620283,661221.000,39687,1,SF,1,100,0.0000
1738264397.020299,661621.000,39753,1,SF,1,100,0.0000
1738264397.354312,661955.000,39803,1,SF,1,100,0.0000
1738264397.620322,662221.000,39853,1,SF,1,100,0.0000
1738264397.954335,662555.000,39903,1,SF,1,100,0.0000
1738264398.354351,662955.000,39969,1,SF,1,100,0.0000
1738264398.620362,663221.000,40018,1,SF,1,100,0.0000
1738264398.953375,663554.000,40071,1,SF,1,100,0.0000
1738264399.287388,663888.000,40120,1,SF,1,100,0.0000
1738264399.687404,664288.000,40186,1,SF,1,100,0.0000
1738264399.953414,664554.000,40236,1,SF,1,100,0.0000
1738264400.287427,664888.000,40285,1,SF,1,100,0.0000
1738264400.620440,665221.000,40341,1,SF,1,100,0.0000
1738264400.953453,665554.000,40390,1,SF,1,100,0.0000
1738264401.353469,665954.000,40456,1,SF,1,100,0.0000
1738264401.620480,666221.000,40507,1,SF,1,100,0.0000
1738264401.953493,666554.000,40556,1,SF,1,100,0.0000
1738264402.353508,666954.000,40622,1,SF,1,100,0.0000
1738264402.620519,667221.000,40672,1,SF,1,100,0.0000
1738264402.953532,667554.000,40722,1,SF,1,100,0.0000
1738264403.286545,667887.000,40772,1,SF,1,100,0.0000
1738264403.686561,668287.000,40838,1,SF,1,100,0.0000
1738264403.953571,668554.000,40887,1,SF,1,100,0.0000
1738264404.286584,668887.000,40937,1,SF,1,100,0.0000
1738264404.686600,669287.000,41004,1,SF,1,100,0.0000
1738264405.020613,669621.000,41053,1,SF,1,100,0.0000
1738264405.286624,669887.000,41105,1,SF,1,100,0.0000
1738264405.620637,670221.000,41156,1,SF,1,100,0.0000
1738264405.953650,670554.000,41214,1,SF,1,100,0.0000
1738264406.353666,670954.000,41280,1,SF,1,100,0.0000
1738264406.619676,671220.000,41329,1,SF,1,100,0.0000
1738264406.953689,671554.000,41380,1,SF,1,100,0.0000
1738264407.286702,671887.000,41429,1,SF,1,100,0.0000
1738264407.686718,672287.000,41495,1,SF,1,100,0.0000
1738264407.953729,672554.000,41545,1,SF,1,100,0.0000
1738264408.286742,672887.000,41594,1,SF,1,100,0.0000
1738264408.686758,673287.000,41661,1,SF,1,100,0.0000
1738264409.019771,673620.000,41713,1,SF,1,100,0.0000
1738264409.286781,673887.000,41762,1,SF,1,100,0.0000
1738264409.619794,674220.000,41812,1,SF,1,100,0.0000
1738264410.019810,674620.000,41880,1,SF,1,100,0.0000
1738264410.286820,674887.000,41930,1,SF,1,100,0.0000
1738264410.619833,675220.000,41982,1,SF,1,100,0.0000
1738264410.952847,675553.000,42037,1,SF,1,100,0.0000
1738264411.286860,675887.000,42087,1,SF,1,100,0.0000
1738264411.686875,676287.000,42153,1,SF,1,100,0.0000
1738264411.952886,676553.000,42202,1,SF,1,100,0.0000
1738264412.285899,676886.000,42252,1,SF,1,100,0.0000
1738264412.685915,677286.000,42319,1,SF,1,100,0.0000
1738264413.019928,677620.000,42368,1,SF,1,100,0.0000
1738264413.285938,677886.000,42418,1,SF,1,100,0.0000
1738264413.619951,678220.000,42467,1,SF,1,100,0.0000
1738264414.019967,678620.000,42533,1,SF,1,100,0.0000
1738264414.285978,678886.000,42584,1,SF,1,100,0.0000
1738264414.619991,679220.000,42633,1,SF,1,100,0.0000
1738264415.019006,679619.000,42699,1,SF,1,100,0.0000
1738264415.353019,679953.000,42751,1,SF,1,100,0.0000
1738264415.619030,680219.000,42801,1,SF,1,100,0.0000
1738264415.953043,680553.000,42856,1,SF,1,100,0.0000
1738264416.286056,680886.000,42906,1,SF,1,100,0.0000
1738264416.619069,681219.000,42956,1,SF,1,100,0.0000
1738264417.019085,681619.000,43022,1,SF,1,100,0.0000
1738264417.286096,681886.000,43073,1,SF,1,100,0.0000
1738264417.619109,682219.000,43123,1,SF,1,100,0.0000
1738264418.019124,682619.000,43189,1,SF,1,100,0.0000
1738264418.286135,682886.000,43239,1,SF,1,100,0.0000
1738264418.619148,683219.000,43289,1,SF,1,100,0.0000
1738264418.952161,683552.000,43338,1,SF,1,100,0.0000
1738264419.352177,683952.000,43404,1,SF,1,100,0.0000
1738264419.619187,684219.000,43455,1,SF,1,100,0.0000
1738264419.952200,684552.000,43504,1,SF,1,100,0.0000
1738264420.352216,684952.000,43572,1,SF,1,100,0.0000
1738264420.619227,685219.000,43622,1,SF,1,100,0.0000
1738264420.952240,685552.000,43672,1,SF,1,100,0.0000
1738264421.286253,685886.000,43727,1,SF,1,100,0.0000
1738264421.619266,686219.000,43776,1,SF,1,100,0.0000
1738264422.019282,686619.000,43844,1,SF,1,100,0.0000
1738264422.285292,686885.000,43895,1,SF,1,100,0.0000
1738264422.619305,687219.000,43944,1,SF,1,100,0.0000
1738264422.952318,687552.000,43994,1,SF,1,100,0.0000
1738264423.352334,687952.000,44060,1,SF,1,100,0.0000
1738264423.619344,688219.000,44110,1,SF,1,100,0.0000
1738264423.952358,688552.000,44162,1,SF,1,100,0.0000
1738264424.352373,688952.000,44228,1,SF,1,100,0.0000
1738264424.685386,689285.000,44277,1,SF,1,100,0.0000
1738264424.952397,689552.000,44328,1,SF,1,100,0.0000
1738264425.285410,689885.000,44377,1,SF,1,100,0.0000
1738264425.685426,690285.000,44445,1,SF,1,100,0.0000
1738264425.952436,690552.000,44495,1,SF,1,100,0.0000
1738264426.352452,690952.000,44550,1,SF,1,100,0.0000
1738264426.618463,691218.000,44600,1,SF,1,100,0.0000
1738264426.952476,691552.000,44649,1,SF,1,100,0.0000
1738264427.352491,691952.000,44715,1,SF,1,100,0.0000
1738264427.618502,692218.000,44766,1,SF,1,100,0.0000
1738264427.952515,692552.000,44817,1,SF,1,100,0.0000
1738264428.285528,692885.000,44867,1,SF,1,100,0.0000
1738264428.685544,693285.000,44934,1,SF,1,100,0.0000
1738264429.018557,693618.000,44983,1,SF,1,100,0.0000
1738264429.285567,693885.000,45033,1,SF,1,100,0.0000
1738264429.618580,694218.000,45082,1,SF,1,100,0.0000
1738264430.018596,694618.000,45148,1,SF,1,100,0.0000
1738264430.285607,694885.000,45199,1,SF,1,100,0.0000
1738264430.618620,695218.000,45252,1,SF,1,100,0.0000
1738264431.018636,695618.000,45318,1,SF,1,100,0.0000
1738264431.351649,695951.000,45358,1,SF,1,100,0.0000
1738264431.618659,696218.000,45408,1,SF,1,100,0.0000
1738264431.951672,696551.000,45458,1,SF,1,100,0.0000
1738264432.351688,696951.000,45524,1,SF,1,100,0.0000
1738264432.618698,697218.000,45573,1,SF,1,100,0.0000
1738264432.951711,697551.000,45624,1,SF,1,100,0.0000
1738264433.284724,697884.000,45673,1,SF,1,100,0.0000
1738264433.684740,698284.000,45739,1,SF,1,100,0.0000
1738264433.951751,698551.000,45789,1,SF,1,100,0.0000
1738264434.284764,698884.000,45838,1,SF,1,100,0.0000
1738264434.684780,699284.000,45907,1,SF,1,100,0.0000
1738264434.951790,699551.000,45957,1,SF,1,100,0.0000
1738264435.284803,699884.000,46006,1,SF,1,100,0.0000
1738264435.617816,700217.000,46058,1,SF,1,100,0.0000
1738264436.017832,700617.000,46126,1,SF,1,100,0.0000
1738264436.284842,700884.000,46176,1,SF,1,100,0.0000
1738264436.617856,701217.000,46229,1,SF,1,100,0.0000
1738264436.951869,701551.000,46279,1,SF,1,100,0.0000
1738264437.284882,701884.000,46329,1,SF,1,100,0.0000
1738264437.684898,702284.000,46395,1,SF,1,100,0.0000
1738264437.951908,702551.000,46444,1,SF,1,100,0.0000
1738264438.284921,702884.000,46494,1,SF,1,100,0.0000
1738264438.684937,703284.000,46561,1,SF,1,100,0.0000
1738264439.017950,703617.000,46612,1,SF,1,100,0.0000
1738264439.284961,703884.000,46662,1,SF,1,100,0.0000
1738264439.617974,704217.000,46711,1,SF,1,100,0.0000
1738264440.017989,704617.000,46777,1,SF,1,100,0.0000
1738264440.285000,704884.000,46830,1,SF,1,100,0.0000
1738264440.618013,705217.000,46881,1,SF,1,100,0.0000
1738264441.018029,705617.000,46947,1,SF,1,100,0.0000
1738264441.351042,705950.000,46997,1,SF,1,100,0.0000
1738264441.684055,706283.000,47055,1,SF,1,100,0.0000
1738264441.951065,706550.000,47105,1,SF,1,100,0.0000
1738264442.284078,706883.000,47154,1,SF,1,100,0.0000
1738264442.685094,707284.000,47221,1,SF,1,100,0.0000
1738264443.018107,707617.000,47271,1,SF,1,100,0.0000
1738264443.284118,707883.000,47320,1,SF,1,100,0.0000
1738264443.618131,708217.000,47370,1,SF,1,100,0.0000
1738264444.018147,708617.000,47436,1,SF,1,100,0.0000
1738264444.284157,708883.000,47486,1,SF,1,100,0.0000
1738264444.618170,709217.000,47536,1,SF,1,100,0.0000
1738264444.951183,709550.000,47585,1,SF,1,100,0.0000
1738264445.351199,709950.000,47653,1,SF,1,100,0.0000
1738264445.618210,710217.000,47704,1,SF,1,100,0.0000
1738264445.951223,710550.000,47753,1,SF,1,100,0.0000
1738264446.351238,710950.000,47819,1,SF,1,100,0.0000
1738264446.684251,711283.000,47874,1,SF,1,100,0.0000
1738264447.017265,711616.000,47924,1,SF,1,100,0.0000
1738264447.284275,711883.000,47974,1,SF,1,100,0.0000
1738264447.617288,712216.000,48023,1,SF,1,100,0.0000
1738264448.017304,712616.000,48090,1,SF,1,100,0.0000
1738264448.351317,712950.000,48140,1,SF,1,100,0.0000
1738264448.617327,713216.000,48189,1,SF,1,100,0.0000
1738264448.951341,713550.000,48241,1,SF,1,100,0.0000
1738264449.351356,713950.000,48307,1,SF,1,100,0.0000
1738264449.617367,714216.000,48357,1,SF,1,100,0.0000
1738264449.950380,714549.000,48407,1,SF,1,100,0.0000
1738264450.284393,714883.000,48456,1,SF,1,100,0.0000
1738264450.684409,715283.000,48524,1,SF,1,100,0.0000
1738264450.950419,715549.000,48575,1,SF,1,100,0.0000
1738264451.283432,715882.000,48624,1,SF,1,100,0.0000
1738264451.684448,716283.000,48690,1,SF,1,100,0.0000
1738264451.950459,716549.000,48727,1,SF,1,100,0.0000
1738264452.350474,716949.000,48793,1,SF,1,100,0.0000
1738264452.617485,717216.000,48843,1,SF,1,100,0.0000
1738264452.950498,717549.000,48892,1,SF,1,100,0.0000
1738264453.350513,717949.000,48958,1,SF,1,100,0.0000
1738264453.617524,718216.000,49009,1,SF,1,100,0.0000
1738264453.950537,718549.000,49060,1,SF,1,100,0.0000
1738264454.350553,718949.000,49126,1,SF,1,100,0.0000
1738264454.683566,719282.000,49176,1,SF,1,100,0.0000
1738264454.950577,719549.000,49226,1,SF,1,100,0.0000
1738264455.283590,719882.000,49276,1,SF,1,100,0.0000
1738264455.683605,720282.000,49344,1,SF,1,100,0.0000
1738264455.950616,720549.000,49393,1,SF,1,100,0.0000
1738264456.283629,720882.000,49444,1,SF,1,100,0.0000
1738264456.616642,721215.000,49493,1,SF,1,100,0.0000
1738264456.950655,721549.000,49548,1,SF,1,100,0.0000
1738264457.350671,721949.000,49614,1,SF,1,100,0.0000
1738264457.683684,722282.000,49664,1,SF,1,100,0.0000
1738264457.950694,722549.000,49714,1,SF,1,100,0.0000
1738264458.283707,722882.000,49763,1,SF,1,100,0.0000
1738264458.683723,723282.000,49829,1,SF,1,100,0.0000
1738264458.950734,723549.000,49880,1,SF,1,100,0.0000
1738264459.283747,723882.000,49929,1,SF,1,100,0.0000
1738264459.683763,724282.000,49995,1,SF,1,100,0.0000
1738264460.016776,724615.000,50045,1,SF,1,100,0.0000
1738264460.283786,724882.000,50095,1,SF,1,100,0.0000
1738264460.616799,725215.000,50147,1,SF,1,100,0.0000
1738264461.016815,725615.000,50213,1,SF,1,100,0.0000
1738264461.283825,725882.000,50262,1,SF,1,100,0.0000
1738264461.616838,726215.000,50312,1,SF,1,100,0.0000
1738264462.082857,726681.000,50386,1,SF,1,100,0.0000
1738264462.282865,726881.000,50419,1,SF,1,100,0.0000
1738264462.682880,727281.000,50486,1,SF,1,100,0.0000
1738264463.016894,727615.000,50535,1,SF,1,100,0.0000
1738264463.282904,727881.000,50585,1,SF,1,100,0.0000
1738264463.616917,728215.000,50636,1,SF,1,100,0.0000
1738264464.016933,728615.000,50702,1,SF,1,100,0.0000
1738264464.282943,728881.000,50753,1,SF,1,100,0.0000
1738264464.616956,729215.000,50802,1,SF,1,100,0.0000
1738264465.016972,729615.000,50868,1,SF,1,100,0.0000
1738264465.349985,729948.000,50920,1,SF,1,100,0.0000
1738264465.615996,730214.000,50970,1,SF,1,100,0.0000
1738264465.950009,730548.000,51020,1,SF,1,100,0.0000
1738264466.350025,730948.000,51086,1,SF,1,100,0.0000
1738264466.617035,731215.000,51135,1,SF,1,100,0.0000
1738264466.950048,731548.000,51185,1,SF,1,100,0.0000
1738264467.283061,731881.000,51240,1,SF,1,100,0.0000
1738264467.616074,732214.000,51290,1,SF,1,100,0.0000
1738264468.016090,732614.000,51356,1,SF,1,100,0.0000
1738264468.283101,732881.000,51406,1,SF,1,100,0.0000
1738264468.616114,733214.000,51456,1,SF,1,100,0.0000
1738264469.016129,733614.000,51522,1,SF,1,100,0.0000
1738264469.283140,733881.000,51571,1,SF,1,100,0.0000
1738264469.616153,734214.000,51622,1,SF,1,100,0.0000
1738264469.949166,734547.000,51671,1,SF,1,100,0.0000
1738264470.349182,734947.000,51739,1,SF,1,100,0.0000
1738264470.616192,735214.000,51789,1,SF,1,100,0.0000
1738264470.949205,735547.000,51838,1,SF,1,100,0.0000
1738264471.349221,735947.000,51904,1,SF,1,100,0.0000
1738264471.616232,736214.000,51955,1,SF,1,100,0.0000
1738264471.949245,736547.000,52004,1,SF,1,100,0.0000
1738264472.283258,736881.000,52059,1,SF,1,100,0.0000
1738264472.616271,737214.000,52108,1,SF,1,100,0.0000
1738264472.949284,737547.000,52158,1,SF,1,100,0.0000
1738264473.349300,737947.000,52224,1,SF,1,100,0.0000
1738264473.616310,738214.000,52274,1,SF,1,100,0.0000
1738264473.949323,738547.000,52324,1,SF,1,100,0.0000
1738264474.349339,738947.000,52390,1,SF,1,100,0.0000
1738264474.682352,739280.000,52439,1,SF,1,100,0.0000
1738264474.949363,739547.000,52490,1,SF,1,100,0.0000
1738264475.282376,739880.000,52539,1,SF,1,100,0.0000
1738264475.682392,740280.000,52607,1,SF,1,100,0.0000
1738264475.949402,740547.000,52657,1,SF,1,100,0.0000
1738264476.282415,740880.000,52707,1,SF,1,100,0.0000
1738264476.615428,741213.000,52757,1,SF,1,100,0.0000
1738264477.015444,741613.000,52823,1,SF,1,100,0.0000
1738264477.282454,741880.000,52872,1,SF,1,100,0.0000
1738264477.615468,742213.000,52928,1,SF,1,100,0.0000
1738264477.949481,742547.000,52977,1,SF,1,100,0.0000
1738264478.282494,742880.000,53027,1,SF,1,100,0.0000
1738264478.682509,743280.000,53093,1,SF,1,100,0.0000
1738264478.948520,743546.000,53145,1,SF,1,100,0.0000
1738264479.282533,743880.000,53195,1,SF,1,100,0.0000
1738264479.682549,744280.000,53261,1,SF,1,100,0.0000
1738264480.015562,744613.000,53310,1,SF,1,100,0.0000
1738264480.282573,744880.000,53361,1,SF,1,100,0.0000
1738264480.615586,745213.000,53412,1,SF,1,100,0.0000
1738264481.015601,745613.000,53478,1,SF,1,100,0.0000
1738264481.282612,745880.000,53528,1,SF,1,100,0.0000
1738264481.615625,746213.000,53577,1,SF,1,100,0.0000
1738264482.015640,746613.000,53644,1,SF,1,100,0.0000
1738264482.348654,746946.000,53694,1,SF,1,100,0.0000
1738264482.681667,747279.000,53748,1,SF,1,100,0.0000
1738264482.948677,747546.000,53799,1,SF,1,100,0.0000
1738264483.281690,747879.000,53848,1,SF,1,100,0.0000
1738264483.681706,748279.000,53914,1,SF,1,100,0.0000
1738264484.015719,748613.000,53964,1,SF,1,100,0.0000
1738264484.281730,748879.000,54014,1,SF,1,100,0.0000
1738264484.615743,749213.000,54066,1,SF,1,100,0.0000
1738264485.015759,749613.000,54132,1,SF,1,100,0.0000
1738264485.281769,749879.000,54181,1,SF,1,100,0.0000
1738264485.615782,750213.000,54234,1,SF,1,100,0.0000
1738264485.948795,750546.000,54283,1,SF,1,100,0.0000
1738264486.348811,750946.000,54349,1,SF,1,100,0.0000
1738264486.614821,751212.000,54399,1,SF,1,100,0.0000
1738264486.948834,751546.000,54448,1,SF,1,100,0.0000
1738264487.348850,751946.000,54514,1,SF,1,100,0.0000
1738264487.681863,752279.000,54570,1,SF,1,100,0.0000
1738264488.014876,752612.000,54619,1,SF,1,100,0.0000
1738264488.281887,752879.000,54670,1,SF,1,100,0.0000
1738264488.614900,753212.000,54719,1,SF,1,100,0.0000
1738264489.014916,753612.000,54785,1,SF,1,100,0.0000
1738264489.347929,753945.000,54835,1,SF,1,100,0.0000
1738264489.614939,754212.000,54885,1,SF,1,100,0.0000
1738264489.947953,754545.000,54935,1,SF,1,100,0.0000
1738264490.347968,754945.000,55003,1,SF,1,100,0.0000
1738264490.614979,755212.000,55052,1,SF,1,100,0.0000
1738264490.947992,755545.000,55102,1,SF,1,100,0.0000
1738264491.348007,755945.000,55171,1,SF,1,100,0.0000
1738264491.682021,756279.000,55220,1,SF,1,100,0.0000
1738264491.948031,756545.000,55270,1,SF,1,100,0.0000
1738264492.281044,756878.000,55319,1,SF,1,100,0.0000
1738264492.681060,757278.000,55385,1,SF,1,100,0.0000
1738264492.948071,757545.000,55424,1,SF,1,100,0.0000
1738264493.348086,757945.000,55492,1,SF,1,100,0.0000
1738264493.615097,758212.000,55543,1,SF,1,100,0.0000
1738264493.948110,758545.000,55592,1,SF,1,100,0.0000
1738264494.348125,758945.000,55658,1,SF,1,100,0.0000
1738264494.615136,759212.000,55708,1,SF,1,100,0.0000
1738264494.948149,759545.000,55758,1,SF,1,100,0.0000
1738264495.281162,759878.000,55808,1,SF,1,100,0.0000
1738264495.681178,760278.000,55876,1,SF,1,100,0.0000
1738264495.948188,760545.000,55925,1,SF,1,100,0.0000
1738264496.281201,760878.000,55975,1,SF,1,100,0.0000
1738264496.681217,761278.000,56041,1,SF,1,100,0.0000
1738264496.948228,761545.000,56091,1,SF,1,100,0.0000
1738264497.281241,761878.000,56141,1,SF,1,100,0.0000
1738264497.614254,762211.000,56190,1,SF,1,100,0.0000
1738264497.947267,762544.000,56244,1,SF,1,100,0.0000
1738264498.281280,762878.000,56293,1,SF,1,100,0.0000
1738264498.681296,763278.000,56359,1,SF,1,100,0.0000
1738264498.947306,763544.000,56410,1,SF,1,100,0.0000
1738264499.281319,763878.000,56459,1,SF,1,100,0.0000
1738264499.681335,764278.000,56527,1,SF,1,100,0.0000
1738264499.947345,764544.000,56577,1,SF,1,100,0.0000
1738264500.281359,764878.000,56627,1,SF,1,100,0.0000
1738264500.614372,765211.000,56679,1,SF,1,100,0.0000
1738264501.014388,765611.000,56745,1,SF,1,100,0.0000
1738264501.281398,765878.000,56794,1,SF,1,100,0.0000
1738264501.614411,766211.000,56844,1,SF,1,100,0.0000
1738264502.014427,766611.000,56910,1,SF,1,100,0.0000
1738264502.281437,766878.000,56962,1,SF,1,100,0.0000
1738264502.614450,767211.000,57012,1,SF,1,100,0.0000
1738264502.947464,767544.000,57063,1,SF,1,100,0.0000
1738264503.281477,767878.000,57121,1,SF,1,100,0.0000
1738264503.614490,768211.000,57172,1,SF,1,100,0.0000
1738264504.014506,768611.000,57238,1,SF,1,100,0.0000
1738264504.280516,768877.000,57289,1,SF,1,100,0.0000
1738264504.614529,769211.000,57338,1,SF,1,100,0.0000
1738264505.014545,769611.000,57404,1,SF,1,100,0.0000
1738264505.347558,769944.000,57456,1,SF,1,100,0.0000
1738264505.613568,770210.000,57506,1,SF,1,100,0.0000
1738264505.947582,770544.000,57556,1,SF,1,100,0.0000
1738264506.347597,770944.000,57624,1,SF,1,100,0.0000
1738264506.613608,771210.000,57673,1,SF,1,100,0.0000
1738264506.947621,771544.000,57723,1,SF,1,100,0.0000
1738264507.347636,771944.000,57790,1,SF,1,100,0.0000
1738264507.680650,772277.000,57839,1,SF,1,100,0.0000
1738264507.947660,772544.000,57891,1,SF,1,100,0.0000
1738264508.280673,772877.000,57946,1,SF,1,100,0.0000
1738264508.613686,773210.000,57996,1,SF,1,100,0.0000
1738264509.013702,773610.000,58064,1,SF,1,100,0.0000
1738264509.346715,773943.000,58113,1,SF,1,100,0.0000
1738264509.613726,774210.000,58164,1,SF,1,100,0.0000
1738264509.946739,774543.000,58213,1,SF,1,100,0.0000
1738264510.346755,774943.000,58281,1,SF,1,100,0.0000
1738264510.613765,775210.000,58333,1,SF,1,100,0.0000
1738264510.946778,775543.000,58383,1,SF,1,100,0.0000
1738264511.279791,775876.000,58433,1,SF,1,100,0.0000
1738264511.680807,776277.000,58499,1,SF,1,100,0.0000
1738264511.946817,776543.000,58548,1,SF,1,100,0.0000
1738264512.279830,776876.000,58598,1,SF,1,100,0.0000
1738264512.679846,777276.000,58666,1,SF,1,100,0.0000
1738264512.946857,777543.000,58718,1,SF,1,100,0.0000
1738264513.346872,777943.000,58773,1,SF,1,100,0.0000
1738264513.613883,778210.000,58823,1,SF,1,100,0.0000
1738264513.946896,778543.000,58873,1,SF,1,100,0.0000
1738264514.346912,778943.000,58939,1,SF,1,100,0.0000
1738264514.613922,779210.000,58988,1,SF,1,100,0.0000
1738264514.946935,779543.000,59039,1,SF,1,100,0.0000
1738264515.279948,779876.000,59090,1,SF,1,100,0.0000
1738264515.679964,780276.000,59160,1,SF,1,100,0.0000
1738264515.946975,780543.000,59210,1,SF,1,100,0.0000
1738264516.279988,780876.000,59259,1,SF,1,100,0.0000
1738264516.680003,781276.000,59327,1,SF,1,100,0.0000
1738264516.947014,781543.000,59378,1,SF,1,100,0.0000
1738264517.280027,781876.000,59427,1,SF,1,100,0.0000
1738264517.613040,782209.000,59477,1,SF,1,100,0.0000
1738264518.013056,782609.000,59543,1,SF,1,100,0.0000
1738264518.280066,782876.000,59595,1,SF,1,100,0.0000
1738264518.613080,783209.000,59650,1,SF,1,100,0.0000
1738264518.946093,783542.000,59700,1,SF,1,100,0.0000
1738264519.280106,783876.000,59750,1,SF,1,100,0.0000
1738264519.680121,784276.000,59816,1,SF,1,100,0.0000
1738264519.946132,784542.000,59865,1,SF,1,100,0.0000
1738264520.280145,784876.000,59915,1,SF,1,100,0.0000
1738264520.680161,785276.000,59983,1,SF,1,100,0.0000
1738264520.946171,785542.000,60033,1,SF,1,100,0.0000
1738264521.280184,785876.000,60085,1,SF,1,100,0.0000
1738264521.613198,786209.000,60134,1,SF,1,100,0.0000
1738264522.013213,786609.000,60202,1,SF,1,100,0.0000
1738264522.279224,786875.000,60253,1,SF,1,100,0.0000
1738264522.613237,787209.000,60302,1,SF,1,100,0.0000
1738264523.013252,787609.000,60368,1,SF,1,100,0.0000
1738264523.346266,787942.000,60418,1,SF,1,100,0.0000
1738264523.613276,788209.000,60457,1,SF,1,100,0.0000
1738264524.013292,788609.000,60523,1,SF,1,100,0.0000
1738264524.279302,788875.000,60575,1,SF,1,100,0.0000
1738264524.613315,789209.000,60625,1,SF,1,100,0.0000
1738264525.013331,789609.000,60691,1,SF,1,100,0.0000
1738264525.346344,789942.000,60742,1,SF,1,100,0.0000
1738264525.613355,790209.000,60795,1,SF,1,100,0.0000
1738264525.946368,790542.000,60844,1,SF,1,100,0.0000
1738264526.346384,790942.000,60910,1,SF,1,100,0.0000
1738264526.612394,791208.000,60960,1,SF,1,100,0.0000
1738264526.946407,791542.000,61010,1,SF,1,100,0.0000
1738264527.279420,791875.000,61060,1,SF,1,100,0.0000
1738264527.679436,792275.000,61128,1,SF,1,100,0.0000
1738264527.946446,792542.000,61177,1,SF,1,100,0.0000
1738264528.279459,792875.000,61227,1,SF,1,100,0.0000
1738264528.745478,793341.000,61301,1,SF,1,100,0.0000
1738264528.945486,793541.000,61334,1,SF,1,100,0.0000
1738264529.345501,793941.000,61402,1,SF,1,100,0.0000
1738264529.612512,794208.000,61452,1,SF,1,100,0.0000
1738264529.945525,794541.000,61504,1,SF,1,100,0.0000
1738264530.279538,794875.000,61553,1,SF,1,100,0.0000
1738264530.679554,795275.000,61621,1,SF,1,100,0.0000
1738264530.945564,795541.000,61674,1,SF,1,100,0.0000
1738264531.278578,795874.000,61723,1,SF,1,100,0.0000
1738264531.679593,796275.000,61789,1,SF,1,100,0.0000
1738264532.012606,796608.000,61841,1,SF,1,100,0.0000
1738264532.278617,796874.000,61891,1,SF,1,100,0.0000
1738264532.612630,797208.000,61941,1,SF,1,100,0.0000
1738264533.012646,797608.000,62007,1,SF,1,100,0.0000
1738264533.278656,797874.000,62056,1,SF,1,100,0.0000
1738264533.612669,798208.000,62108,1,SF,1,100,0.0000
1738264533.945682,798541.000,62163,1,SF,1,100,0.0000
1738264534.278695,798874.000,62213,1,SF,1,100,0.0000
1738264534.678711,799274.000,62279,1,SF,1,100,0.0000
1738264534.945722,799541.000,62329,1,SF,1,100,0.0000
1738264535.278735,799874.000,62379,1,SF,1,100,0.0000
1738264535.678751,800274.000,62447,1,SF,1,100,0.0000
1738264536.011764,800607.000,62496,1,SF,1,100,0.0000
1738264536.278774,800874.000,62547,1,SF,1,100,0.0000
1738264536.611787,801207.000,62598,1,SF,1,100,0.0000
1738264537.011803,801607.000,62664,1,SF,1,100,0.0000
1738264537.278813,801874.000,62714,1,SF,1,100,0.0000
1738264537.611826,802207.000,62763,1,SF,1,100,0.0000
1738264538.011842,802607.000,62830,1,SF,1,100,0.0000
1738264538.345855,802941.000,62880,1,SF,1,100,0.0000
1738264538.611866,803207.000,62929,1,SF,1,100,0.0000
1738264539.011882,803607.000,62986,1,SF,1,100,0.0000
1738264539.278892,803874.000,63035,1,SF,1,100,0.0000
1738264539.611905,804207.000,63087,1,SF,1,100,0.0000
1738264540.011921,804607.000,63153,1,SF,1,100,0.0000
1738264540.278931,804874.000,63203,1,SF,1,100,0.0000
1738264540.611944,805207.000,63255,1,SF,1,100,0.0000
1738264540.944957,805540.000,63304,1,SF,1,100,0.0000
1738264541.344973,805940.000,63370,1,SF,1,100,0.0000
1738264541.611984,806207.000,63421,1,SF,1,100,0.0000
1738264541.944997,806540.000,63470,1,SF,1,100,0.0000
1738264542.345013,806940.000,63536,1,SF,1,100,0.0000
1738264542.612023,807207.000,63586,1,SF,1,100,0.0000
1738264542.945036,807540.000,63635,1,SF,1,100,0.0000
1738264543.345052,807940.000,63702,1,SF,1,100,0.0000
1738264543.678065,808273.000,63752,1,SF,1,100,0.0000
1738264543.945076,808540.000,63801,1,SF,1,100,0.0000
1738264544.345091,808940.000,63857,1,SF,1,100,0.0000
1738264544.612102,809207.000,63908,1,SF,1,100,0.0000
1738264544.945115,809540.000,63960,1,SF,1,100,0.0000
1738264545.278128,809873.000,64010,1,SF,1,100,0.0000
1738264545.678144,810273.000,64078,1,SF,1,100,0.0000
1738264545.945154,810540.000,64130,1,SF,1,100,0.0000
1738264546.278167,810873.000,64179,1,SF,1,100,0.0000
1738264546.678183,811273.000,64245,1,SF,1,100,0.0000
1738264546.945194,811540.000,64296,1,SF,1,100,0.0000
1738264547.278207,811873.000,64345,1,SF,1,100,0.0000
1738264547.611220,812206.000,64395,1,SF,1,100,0.0000
1738264548.011235,812606.000,64461,1,SF,1,100,0.0000
1738264548.278246,812873.000,64511,1,SF,1,100,0.0000
1738264548.611259,813206.000,64561,1,SF,1,100,0.0000
1738264549.011275,813606.000,64627,1,SF,1,100,0.0000
1738264549.278285,813873.000,64666,1,SF,1,100,0.0000
1738264549.678301,814273.000,64732,1,SF,1,100,0.0000
1738264549.944311,814539.000,64781,1,SF,1,100,0.0000
1738264550.278325,814873.000,64832,1,SF,1,100,0.0000
1738264550.611338,815206.000,64883,1,SF,1,100,0.0000
1738264551.011353,815606.000,64949,1,SF,1,100,0.0000
1738264551.277364,815872.000,65001,1,SF,1,100,0.0000
1738264551.611377,816206.000,65050,1,SF,1,100,0.0000
1738264552.011393,816606.000,65116,1,SF,1,100,0.0000
1738264552.278403,816873.000,65169,1,SF,1,100,0.0000
1738264552.611416,817206.000,65218,1,SF,1,100,0.0000
1738264552.944429,817539.000,65268,1,SF,1,100,0.0000
1738264553.344445,817939.000,65334,1,SF,1,100,0.0000
1738264553.611455,818206.000,65386,1,SF,1,100,0.0000
1738264553.944469,818539.000,65436,1,SF,1,100,0.0000
1738264554.411487,819006.000,65507,1,SF,1,100,0.0000
1738264554.611495,819206.000,5,1,SF,1,100,0.0000
1738264555.010510,819605.000,71,1,SF,1,100,0.0000
1738264555.277521,819872.000,120,1,SF,1,100,0.0000
1738264555.610534,820205.000,172,1,SF,1,100,0.0000
1738264556.011550,820606.000,239,1,SF,1,100,0.0000
1738264556.344563,820939.000,288,1,SF,1,100,0.0000
1738264556.610574,821205.000,338,1,SF,1,100,0.0000
1738264556.944587,821539.000,387,1,SF,1,100,0.0000
1738264557.344602,821939.000,453,1,SF,1,100,0.0000
1738264557.610613,822205.000,504,1,SF,1,100,0.0000
1738264557.944626,822539.000,553,1,SF,1,100,0.0000
1738264558.277639,822872.000,603,1,SF,1,100,0.0000
1738264558.677655,823272.000,669,1,SF,1,100,0.0000
1738264558.944665,823539.000,719,1,SF,1,100,0.0000
1738264559.277678,823872.000,769,1,SF,1,100,0.0000
1738264559.677694,824272.000,842,1,SF,1,100,0.0000
1738264559.943705,824538.000,891,1,SF,1,100,0.0000
1738264560.277718,824872.000,942,1,SF,1,100,0.0000
1738264560.610731,825205.000,995,1,SF,1,100,0.0000
1738264561.010746,825605.000,1061,1,SF,1,100,0.0000
1738264561.277757,825872.000,1111,1,SF,1,100,0.0000
1738264561.610770,826205.000,1160,1,SF,1,100,0.0000
1738264562.010786,826605.000,1228,1,SF,1,100,0.0000
1738264562.276796,826871.000,1279,1,SF,1,100,0.0000
1738264562.610809,827205.000,1328,1,SF,1,100,0.0000
1738264562.943822,827538.000,1378,1,SF,1,100,0.0000
1738264563.343838,827938.000,1446,1,SF,1,100,0.0000
1738264563.610849,828205.000,1496,1,SF,1,100,0.0000
1738264563.943862,828538.000,1546,1,SF,1,100,0.0000
1738264564.343878,828938.000,1614,1,SF,1,100,0.0000
1738264564.676891,829271.000,1668,1,SF,1,100,0.0000
1738264564.943901,829538.000,1721,1,SF,1,100,0.0000
1738264565.276914,829871.000,1770,1,SF,1,100,0.0000
1738264565.676930,830271.000,1838,1,SF,1,100,0.0000
1738264565.943940,830538.000,1888,1,SF,1,100,0.0000
1738264566.276953,830871.000,1940,1,SF,1,100,0.0000
1738264566.676969,831271.000,2006,1,SF,1,100,0.0000
1738264567.009982,831604.000,2056,1,SF,1,100,0.0000
1738264567.276993,831871.000,2105,1,SF,1,100,0.0000
1738264567.610006,832204.000,2155,1,SF,1,100,0.0000
1738264568.010022,832604.000,2223,1,SF,1,100,0.0000
1738264568.277032,832871.000,2273,1,SF,1,100,0.0000
1738264568.610045,833204.000,2325,1,SF,1,100,0.0000
1738264568.943058,833537.000,2374,1,SF,1,100,0.0000
1738264569.343074,833937.000,2442,1,SF,1,100,0.0000
1738264569.610085,834204.000,2493,1,SF,1,100,0.0000
1738264569.943098,834537.000,2547,1,SF,1,100,0.0000
1738264570.343113,834937.000,2615,1,SF,1,100,0.0000
1738264570.610124,835204.000,2665,1,SF,1,100,0.0000
1738264570.943137,835537.000,2715,1,SF,1,100,0.0000
1738264571.276150,835870.000,2765,1,SF,1,100,0.0000
1738264571.677166,836271.000,2831,1,SF,1,100,0.0000
1738264571.943176,836537.000,2880,1,SF,1,100,0.0000
1738264572.276189,836870.000,2930,1,SF,1,100,0.0000
1738264572.677205,837271.000,2996,1,SF,1,100,0.0000
1738264572.943216,837537.000,3046,1,SF,1,100,0.0000
1738264573.276229,837870.000,3096,1,SF,1,100,0.0000
1738264573.610242,838204.000,3145,1,SF,1,100,0.0000
1738264574.010257,838604.000,3211,1,SF,1,100,0.0000
1738264574.276268,838870.000,3262,1,SF,1,100,0.0000
1738264574.610281,839204.000,3313,1,SF,1,100,0.0000
1738264575.010297,839604.000,3384,1,SF,1,100,0.0000
1738264575.343310,839937.000,3436,1,SF,1,100,0.0000
1738264575.609320,840203.000,3486,1,SF,1,100,0.0000
1738264575.943334,840537.000,3538,1,SF,1,100,0.0000
1738264576.343349,840937.000,3604,1,SF,1,100,0.0000
1738264576.609360,841203.000,3653,1,SF,1,100,0.0000
1738264576.943373,841537.000,3704,1,SF,1,100,0.0000
1738264577.276386,841870.000,3755,1,SF,1,100,0.0000
1738264577.676402,842270.000,3821,1,SF,1,100,0.0000
1738264577.942412,842536.000,3871,1,SF,1,100,0.0000
1738264578.276425,842870.000,3920,1,SF,1,100,0.0000
1738264578.676441,843270.000,3986,1,SF,1,100,0.0000
1738264578.943452,843537.000,4039,1,SF,1,100,0.0000
1738264579.276465,843870.000,4088,1,SF,1,100,0.0000
1738264579.609478,844203.000,4138,1,SF,1,100,0.0000
1738264579.942491,844536.000,4194,1,SF,1,100,0.0000
1738264580.276504,844870.000,4243,1,SF,1,100,0.0000
1738264580.609517,845203.000,4296,1,SF,1,100,0.0000
1738264581.009533,845603.000,4364,1,SF,1,100,0.0000
1738264581.276543,845870.000,4415,1,SF,1,100,0.0000
1738264581.609556,846203.000,4465,1,SF,1,100,0.0000
1738264582.009572,846603.000,4533,1,SF,1,100,0.0000
1738264582.276583,846870.000,4583,1,SF,1,100,0.0000
1738264582.609596,847203.000,4633,1,SF,1,100,0.0000
1738264583.009611,847603.000,4699,1,SF,1,100,0.0000
1738264583.342624,847936.000,4748,1,SF,1,100,0.0000
1738264583.609635,848203.000,4799,1,SF,1,100,0.0000
1738264583.942648,848536.000,4848,1,SF,1,100,0.0000
1738264584.342664,848936.000,4916,1,SF,1,100,0.0000
1738264584.609674,849203.000,4966,1,SF,1,100,0.0000
1738264584.942688,849536.000,5018,1,SF,1,100,0.0000
1738264585.275701,849869.000,5073,1,SF,1,100,0.0000
1738264585.675716,850269.000,5141,1,SF,1,100,0.0000
1738264585.942727,850536.000,5192,1,SF,1,100,0.0000
1738264586.275740,850869.000,5242,1,SF,1,100,0.0000
1738264586.675756,851269.000,5308,1,SF,1,100,0.0000
1738264586.942766,851536.000,5358,1,SF,1,100,0.0000
1738264587.275779,851869.000,5408,1,SF,1,100,0.0000
1738264587.608792,852202.000,5457,1,SF,1,100,0.0000
1738264588.008808,852602.000,5525,1,SF,1,100,0.0000
1738264588.275819,852869.000,5576,1,SF,1,100,0.0000
1738264588.608832,853202.000,5625,1,SF,1,100,0.0000
1738264589.008847,853602.000,5691,1,SF,1,100,0.0000
1738264589.341860,853935.000,5743,1,SF,1,100,0.0000
1738264589.608871,854202.000,5793,1,SF,1,100,0.0000
1738264589.941884,854535.000,5843,1,SF,1,100,0.0000
1738264590.341900,854935.000,5918,1,SF,1,100,0.0000
1738264590.608910,855202.000,5967,1,SF,1,100,0.0000
1738264590.941923,855535.000,6018,1,SF,1,100,0.0000
1738264591.341939,855935.000,6084,1,SF,1,100,0.0000
1738264591.675952,856269.000,6133,1,SF,1,100,0.0000
1738264591.941963,856535.000,6183,1,SF,1,100,0.0000
1738264592.274976,856868.000,6232,1,SF,1,100,0.0000
1738264592.674991,857268.000,6298,1,SF,1,100,0.0000
1738264592.942002,857535.000,6349,1,SF,1,100,0.0000
1738264593.276015,857869.000,6398,1,SF,1,100,0.0000
1738264593.675031,858268.000,6464,1,SF,1,100,0.0000
1738264594.009044,858602.000,6514,1,SF,1,100,0.0000
1738264594.275054,858868.000,6564,1,SF,1,100,0.0000
1738264594.609067,859202.000,6614,1,SF,1,100,0.0000
1738264595.008083,859601.000,6680,1,SF,1,100,0.0000
1738264595.342096,859935.000,6736,1,SF,1,100,0.0000
1738264595.608107,860201.000,6787,1,SF,1,100,0.0000
1738264595.942120,860535.000,6836,1,SF,1,100,0.0000
1738264596.342136,860935.000,6902,1,SF,1,100,0.0000
1738264596.675149,861268.000,6952,1,SF,1,100,0.0000
1738264596.942159,861535.000,7004,1,SF,1,100,0.0000
1738264597.275172,861868.000,7054,1,SF,1,100,0.0000
1738264597.675188,862268.000,7120,1,SF,1,100,0.0000
1738264597.942199,862535.000,7169,1,SF,1,100,0.0000
1738264598.275212,862868.000,7220,1,SF,1,100,0.0000
1738264598.608225,863201.000,7269,1,SF,1,100,0.0000
1738264599.008240,863601.000,7335,1,SF,1,100,0.0000
1738264599.275251,863868.000,7385,1,SF,1,100,0.0000
1738264599.608264,864201.000,7434,1,SF,1,100,0.0000
1738264600.008280,864601.000,7500,1,SF,1,100,0.0000
1738264600.408295,865001.000,7556,1,SF,1,100,0.0000
1738264600.608303,865201.000,7592,1,SF,1,100,0.0000
1738264600.941316,865534.000,7644,1,SF,1,100,0.0000
1738264601.341332,865934.000,7710,1,SF,1,100,0.0000
1738264601.608343,866201.000,7762,1,SF,1,100,0.0000
1738264601.941356,866534.000,7812,1,SF,1,100,0.0000
1738264602.341372,866934.000,7878,1,SF,1,100,0.0000
1738264602.608382,867201.000,7929,1,SF,1,100,0.0000
1738264602.941395,867534.000,7980,1,SF,1,100,0.0000
1738264603.274408,867867.000,8031,1,SF,1,100,0.0000
1738264603.674424,868267.000,8097,1,SF,1,100,0.0000
1738264603.941434,868534.000,8149,1,SF,1,100,0.0000
1738264604.274447,868867.000,8198,1,SF,1,100,0.0000
1738264604.674463,869267.000,8266,1,SF,1,100,0.0000
1738264604.941474,869534.000,8317,1,SF,1,100,0.0000
1738264605.274487,869867.000,8366,1,SF,1,100,0.0000
1738264605.607500,870200.000,8423,1,SF,1,100,0.0000
1738264606.007516,870600.000,8489,1,SF,1,100,0.0000
1738264606.274526,870867.000,8539,1,SF,1,100,0.0000
1738264606.607539,871200.000,8589,1,SF,1,100,0.0000
1738264607.007555,871600.000,8657,1,SF,1,100,0.0000
1738264607.341568,871934.000,8706,1,SF,1,100,0.0000
1738264607.607579,872200.000,8757,1,SF,1,100,0.0000
1738264607.941592,872534.000,8806,1,SF,1,100,0.0000
1738264608.340607,872933.000,8872,1,SF,1,100,0.0000
1738264608.607618,873200.000,8922,1,SF,1,100,0.0000
1738264608.940631,873533.000,8971,1,SF,1,100,0.0000
1738264609.340647,873933.000,9038,1,SF,1,100,0.0000
1738264609.674660,874267.000,9088,1,SF,1,100,0.0000
1738264609.940670,874533.000,9137,1,SF,1,100,0.0000
1738264610.274683,874867.000,9187,1,SF,1,100,0.0000
1738264610.674699,875267.000,9260,1,SF,1,100,0.0000
1738264610.940710,875533.000,9310,1,SF,1,100,0.0000
1738264611.273723,875866.000,9360,1,SF,1,100,0.0000
1738264611.607736,876200.000,9411,1,SF,1,100,0.0000
1738264612.007751,876600.000,9477,1,SF,1,100,0.0000
1738264612.274762,876867.000,9528,1,SF,1,100,0.0000
1738264612.607775,877200.000,9579,1,SF,1,100,0.0000
1738264613.007791,877600.000,9645,1,SF,1,100,0.0000
1738264613.273801,877866.000,9697,1,SF,1,100,0.0000
1738264613.607815,878200.000,9747,1,SF,1,100,0.0000
1738264613.940828,878533.000,9799,1,SF,1,100,0.0000
1738264614.340843,878933.000,9865,1,SF,1,100,0.0000
1738264614.607854,879200.000,9914,1,SF,1,100,0.0000
1738264614.940867,879533.000,9964,1,SF,1,100,0.0000
1738264615.340883,879933.000,10033,1,SF,1,100,0.0000
1738264615.673896,880266.000,10089,1,SF,1,100,0.0000
1738264615.940906,880533.000,10139,1,SF,1,100,0.0000
1738264616.273919,880866.000,10191,1,SF,1,100,0.0000
1738264616.673935,881266.000,10259,1,SF,1,100,0.0000
1738264617.006948,881599.000,10309,1,SF,1,100,0.0000
1738264617.273959,881866.000,10360,1,SF,1,100,0.0000
1738264617.606972,882199.000,10410,1,SF,1,100,0.0000
1738264618.006987,882599.000,10478,1,SF,1,100,0.0000
1738264618.273998,882866.000,10528,1,SF,1,100,0.0000
1738264618.607011,883199.000,10580,1,SF,1,100,0.0000
1738264618.940024,883532.000,10629,1,SF,1,100,0.0000
1738264619.340040,883932.000,10697,1,SF,1,100,0.0000
1738264619.607050,884199.000,10748,1,SF,1,100,0.0000
1738264619.940063,884532.000,10797,1,SF,1,100,0.0000
1738264620.340079,884932.000,10867,1,SF,1,100,0.0000
1738264620.607090,885199.000,10917,1,SF,1,100,0.0000
1738264621.007105,885599.000,10972,1,SF,1,100,0.0000
1738264621.274116,885866.000,11022,1,SF,1,100,0.0000
1738264621.607129,886199.000,11071,1,SF,1,100,0.0000
1738264622.007145,886599.000,11140,1,SF,1,100,0.0000
1738264622.340158,886932.000,11190,1,SF,1,100,0.0000
1738264622.607168,887199.000,11241,1,SF,1,100,0.0000
1738264622.940181,887532.000,11291,1,SF,1,100,0.0000
1738264623.340197,887932.000,11357,1,SF,1,100,0.0000
1738264623.607208,888199.000,11407,1,SF,1,100,0.0000
1738264623.940221,888532.000,11457,1,SF,1,100,0.0000
1738264624.340236,888932.000,11525,1,SF,1,100,0.0000
1738264624.673249,889265.000,11574,1,SF,1,100,0.0000
1738264624.940260,889532.000,11627,1,SF,1,100,0.0000
1738264625.273273,889865.000,11676,1,SF,1,100,0.0000
1738264625.673289,890265.000,11746,1,SF,1,100,0.0000
1738264626.006302,890598.000,11803,1,SF,1,100,0.0000
1738264626.340315,890932.000,11853,1,SF,1,100,0.0000
1738264626.606326,891198.000,11903,1,SF,1,100,0.0000
1738264626.940339,891532.000,11954,1,SF,1,100,0.0000
1738264627.340354,891932.000,12021,1,SF,1,100,0.0000
1738264627.606365,892198.000,12071,1,SF,1,100,0.0000
1738264627.940378,892532.000,12120,1,SF,1,100,0.0000
1738264628.273391,892865.000,12170,1,SF,1,100,0.0000
1738264628.673407,893265.000,12238,1,SF,1,100,0.0000
1738264628.939417,893531.000,12288,1,SF,1,100,0.0000
1738264629.273430,893865.000,12340,1,SF,1,100,0.0000
1738264629.673446,894265.000,12408,1,SF,1,100,0.0000
1738264630.006459,894598.000,12457,1,SF,1,100,0.0000
1738264630.273470,894865.000,12510,1,SF,1,100,0.0000
1738264630.606483,895198.000,12561,1,SF,1,100,0.0000
1738264631.006499,895598.000,12629,1,SF,1,100,0.0000
1738264631.273509,895865.000,12684,1,SF,1,100,0.0000
1738264631.606522,896198.000,12733,1,SF,1,100,0.0000
1738264632.006538,896598.000,12800,1,SF,1,100,0.0000
1738264632.339551,896931.000,12852,1,SF,1,100,0.0000
1738264632.606561,897198.000,12901,1,SF,1,100,0.0000
1738264632.939574,897531.000,12951,1,SF,1,100,0.0000
1738264633.339590,897931.000,13019,1,SF,1,100,0.0000
1738264633.606601,898198.000,13069,1,SF,1,100,0.0000
1738264633.939614,898531.000,13119,1,SF,1,100,0.0000
1738264634.339630,898931.000,13187,1,SF,1,100,0.0000
1738264634.672643,899264.000,13236,1,SF,1,100,0.0000
1738264634.939653,899531.000,13289,1,SF,1,100,0.0000
1738264635.272666,899864.000,13338,1,SF,1,100,0.0000
1738264635.672682,900264.000,13408,1,SF,1,100,0.0000
1738264635.939692,900531.000,13458,1,SF,1,100,0.0000
1738264636.272706,900864.000,13512,1,SF,1,100,0.0000
1738264636.672721,901264.000,13579,1,SF,1,100,0.0000
1738264637.005734,901597.000,13629,1,SF,1,100,0.0000
1738264637.272745,901864.000,13678,1,SF,1,100,0.0000
1738264637.605758,902197.000,13730,1,SF,1,100,0.0000
1738264638.005774,902597.000,13798,1,SF,1,100,0.0000
1738264638.272784,902864.000,13848,1,SF,1,100,0.0000
1738264638.605797,903197.000,13898,1,SF,1,100,0.0000
1738264638.938810,903530.000,13947,1,SF,1,100,0.0000
1738264639.338826,903930.000,14013,1,SF,1,100,0.0000
1738264639.605837,904197.000,14066,1,SF,1,100,0.0000
1738264639.938850,904530.000,14115,1,SF,1,100,0.0000
1738264640.338866,904930.000,14185,1,SF,1,100,0.0000
1738264640.672879,905264.000,14237,1,SF,1,100,0.0000
1738264640.938889,905530.000,14287,1,SF,1,100,0.0000
1738264641.272902,905864.000,14342,1,SF,1,100,0.0000
1738264641.605915,906197.000,14391,1,SF,1,100,0.0000
1738264642.005931,906597.000,14459,1,SF,1,100,0.0000
1738264642.272942,906864.000,14510,1,SF,1,100,0.0000
1738264642.605955,907197.000,14559,1,SF,1,100,0.0000
1738264643.005970,907597.000,14625,1,SF,1,100,0.0000
1738264643.272981,907864.000,14675,1,SF,1,100,0.0000
1738264643.605994,908197.000,14725,1,SF,1,100,0.0000
1738264643.939007,908530.000,14775,1,SF,1,100,0.0000
1738264644.339023,908930.000,14843,1,SF,1,100,0.0000
1738264644.605033,909196.000,14894,1,SF,1,100,0.0000
1738264644.939046,909530.000,14944,1,SF,1,100,0.0000
1738264645.339062,909930.000,15012,1,SF,1,100,0.0000
1738264645.606073,910197.000,15062,1,SF,1,100,0.0000
1738264645.939086,910530.000,15112,1,SF,1,100,0.0000
1738264646.272099,910863.000,15161,1,SF,1,100,0.0000
1738264646.605112,911196.000,15217,1,SF,1,100,0.0000
1738264646.939125,911530.000,15269,1,SF,1,100,0.0000
1738264647.339141,911930.000,15336,1,SF,1,100,0.0000
1738264647.672154,912263.000,15385,1,SF,1,100,0.0000
1738264647.939164,912530.000,15437,1,SF,1,100,0.0000
1738264648.272177,912863.000,15486,1,SF,1,100,0.0000
1738264648.672193,913263.000,15552,1,SF,1,100,0.0000
1738264648.938204,913529.000,15605,1,SF,1,100,0.0000
1738264649.272217,913863.000,15654,1,SF,1,100,0.0000
1738264649.605230,914196.000,15704,1,SF,1,100,0.0000
1738264650.005245,914596.000,15772,1,SF,1,100,0.0000
1738264650.272256,914863.000,15822,1,SF,1,100,0.0000
1738264650.605269,915196.000,15874,1,SF,1,100,0.0000
1738264651.005285,915596.000,15940,1,SF,1,100,0.0000
1738264651.272295,915863.000,15989,1,SF,1,100,0.0000
1738264651.672311,916263.000,16045,1,SF,1,100,0.0000
1738264652.005324,916596.000,16095,1,SF,1,100,0.0000
1738264652.272335,916863.000,16145,1,SF,1,100,0.0000
1738264652.605348,917196.000,16197,1,SF,1,100,0.0000
1738264653.005363,917596.000,16263,1,SF,1,100,0.0000
1738264653.271374,917862.000,16314,1,SF,1,100,0.0000
1738264653.605387,918196.000,16365,1,SF,1,100,0.0000
1738264653.938400,918529.000,16416,1,SF,1,100,0.0000
1738264654.338416,918929.000,16482,1,SF,1,100,0.0000
1738264654.605426,919196.000,16532,1,SF,1,100,0.0000
1738264654.938440,919529.000,16583,1,SF,1,100,0.0000
1738264655.338455,919929.000,16651,1,SF,1,100,0.0000
1738264655.604466,920195.000,16704,1,SF,1,100,0.0000
1738264655.938479,920529.000,16753,1,SF,1,100,0.0000
1738264656.271492,920862.000,16803,1,SF,1,100,0.0000
1738264656.671508,921262.000,16874,1,SF,1,100,0.0000
1738264656.938518,921529.000,16924,1,SF,1,100,0.0000
1738264657.271531,921862.000,16976,1,SF,1,100,0.0000
1738264657.671547,922262.000,17042,1,SF,1,100,0.0000
1738264657.938557,922529.000,17091,1,SF,1,100,0.0000
1738264658.271570,922862.000,17141,1,SF,1,100,0.0000
1738264658.604584,923195.000,17193,1,SF,1,100,0.0000
1738264659.004599,923595.000,17259,1,SF,1,100,0.0000
1738264659.271610,923862.000,17309,1,SF,1,100,0.0000
1738264659.604623,924195.000,17360,1,SF,1,100,0.0000
1738264660.004639,924595.000,17426,1,SF,1,100,0.0000
1738264660.271649,924862.000,17479,1,SF,1,100,0.0000
1738264660.604662,925195.000,17530,1,SF,1,100,0.0000
1738264660.937675,925528.000,17580,1,SF,1,100,0.0000
1738264661.337691,925928.000,17646,1,SF,1,100,0.0000
1738264661.604702,926195.000,17698,1,SF,1,100,0.0000
1738264661.937715,926528.000,17753,1,SF,1,100,0.0000
1738264662.337730,926928.000,17819,1,SF,1,100,0.0000
1738264662.604741,927195.000,17870,1,SF,1,100,0.0000
1738264662.937754,927528.000,17921,1,SF,1,100,0.0000
1738264663.270767,927861.000,17972,1,SF,1,100,0.0000
1738264663.670783,928261.000,18038,1,SF,1,100,0.0000
1738264663.937793,928528.000,18088,1,SF,1,100,0.0000
1738264664.270806,928861.000,18139,1,SF,1,100,0.0000
1738264664.670822,929261.000,18205,1,SF,1,100,0.0000
1738264664.937833,929528.000,18256,1,SF,1,100,0.0000
1738264665.270846,929861.000,18307,1,SF,1,100,0.0000
1738264665.603859,930194.000,18359,1,SF,1,100,0.0000
1738264666.003875,930594.000,18427,1,SF,1,100,0.0000
1738264666.270885,930861.000,18477,1,SF,1,100,0.0000
1738264666.603898,931194.000,18527,1,SF,1,100,0.0000
1738264667.003914,931594.000,18598,1,SF,1,100,0.0000
1738264667.270924,931861.000,18647,1,SF,1,100,0.0000
1738264667.603937,932194.000,18700,1,SF,1,100,0.0000
1738264667.937951,932528.000,18749,1,SF,1,100,0.0000
1738264668.336966,932927.000,18815,1,SF,1,100,0.0000
1738264668.603977,933194.000,18865,1,SF,1,100,0.0000
1738264668.936990,933527.000,18915,1,SF,1,100,0.0000
1738264669.271003,933861.000,18967,1,SF,1,100,0.0000
1738264669.671019,934261.000,19033,1,SF,1,100,0.0000
1738264669.937029,934527.000,19082,1,SF,1,100,0.0000
1738264670.271042,934861.000,19132,1,SF,1,100,0.0000
1738264670.671058,935261.000,19200,1,SF,1,100,0.0000
1738264670.937068,935527.000,19250,1,SF,1,100,0.0000
1738264671.271082,935861.000,19302,1,SF,1,100,0.0000
1738264671.604095,936194.000,19351,1,SF,1,100,0.0000
1738264672.004111,936594.000,19424,1,SF,1,100,0.0000
1738264672.337124,936927.000,19477,1,SF,1,100,0.0000
1738264672.604134,937194.000,19526,1,SF,1,100,0.0000
1738264672.937147,937527.000,19576,1,SF,1,100,0.0000
1738264673.337163,937927.000,19644,1,SF,1,100,0.0000
1738264673.604173,938194.000,19696,1,SF,1,100,0.0000
1738264673.937186,938527.000,19746,1,SF,1,100,0.0000
1738264674.270200,938860.000,19795,1,SF,1,100,0.0000
1738264674.670215,939260.000,19863,1,SF,1,100,0.0000
1738264674.937226,939527.000,19914,1,SF,1,100,0.0000
1738264675.270239,939860.000,19963,1,SF,1,100,0.0000
1738264675.670255,940260.000,20033,1,SF,1,100,0.0000
1738264675.937265,940527.000,20083,1,SF,1,100,0.0000
1738264676.270278,940860.000,20135,1,SF,1,100,0.0000
1738264676.603291,941193.000,20185,1,SF,1,100,0.0000
1738264677.003307,941593.000,20251,1,SF,1,100,0.0000
1738264677.270318,941860.000,20305,1,SF,1,100,0.0000
1738264677.603331,942193.000,20358,1,SF,1,100,0.0000
1738264677.936344,942526.000,20407,1,SF,1,100,0.0000
1738264678.337359,942927.000,20475,1,SF,1,100,0.0000
1738264678.603370,943193.000,20525,1,SF,1,100,0.0000
1738264678.936383,943526.000,20574,1,SF,1,100,0.0000
1738264679.336399,943926.000,20641,1,SF,1,100,0.0000
1738264679.670412,944260.000,20691,1,SF,1,100,0.0000
1738264679.936422,944526.000,20740,1,SF,1,100,0.0000
1738264680.270436,944860.000,20790,1,SF,1,100,0.0000
1738264680.670451,945260.000,20858,1,SF,1,100,0.0000
1738264680.936462,945526.000,20908,1,SF,1,100,0.0000
1738264681.270475,945860.000,20960,1,SF,1,100,0.0000
1738264681.603488,946193.000,21009,1,SF,1,100,0.0000
1738264682.003504,946593.000,21077,1,SF,1,100,0.0000
1738264682.270514,946860.000,21133,1,SF,1,100,0.0000
1738264682.603527,947193.000,21182,1,SF,1,100,0.0000
1738264683.003543,947593.000,21248,1,SF,1,100,0.0000
1738264683.336556,947926.000,21298,1,SF,1,100,0.0000
1738264683.603567,948193.000,21350,1,SF,1,100,0.0000
1738264683.936580,948526.000,21400,1,SF,1,100,0.0000
1738264684.336595,948926.000,21466,1,SF,1,100,0.0000
1738264684.603606,949193.000,21517,1,SF,1,100,0.0000
1738264684.936619,949526.000,21568,1,SF,1,100,0.0000
1738264685.336635,949926.000,21638,1,SF,1,100,0.0000
1738264685.669648,950259.000,21687,1,SF,1,100,0.0000
1738264685.936658,950526.000,21737,1,SF,1,100,0.0000
1738264686.269671,950859.000,21786,1,SF,1,100,0.0000
1738264686.669687,951259.000,21854,1,SF,1,100,0.0000
1738264686.936697,951526.000,21905,1,SF,1,100,0.0000
1738264687.269711,951859.000,21954,1,SF,1,100,0.0000
1738264687.602724,952192.000,22008,1,SF,1,100,0.0000
1738264687.936737,952526.000,22057,1,SF,1,100,0.0000
1738264688.335752,952925.000,22123,1,SF,1,100,0.0000
1738264688.602763,953192.000,22175,1,SF,1,100,0.0000
1738264688.935776,953525.000,22224,1,SF,1,100,0.0000
1738264689.335792,953925.000,22291,1,SF,1,100,0.0000
1738264689.669805,954259.000,22341,1,SF,1,100,0.0000
1738264689.935816,954525.000,22390,1,SF,1,100,0.0000
1738264690.269829,954859.000,22442,1,SF,1,100,0.0000
1738264690.669844,955259.000,22512,1,SF,1,100,0.0000
1738264690.935855,955525.000,22562,1,SF,1,100,0.0000
1738264691.269868,955859.000,22614,1,SF,1,100,0.0000
1738264691.602881,956192.000,22663,1,SF,1,100,0.0000
1738264692.002897,956592.000,22729,1,SF,1,100,0.0000
1738264692.269907,956859.000,22780,1,SF,1,100,0.0000
1738264692.602920,957192.000,22838,1,SF,1,100,0.0000
1738264693.002936,957592.000,22904,1,SF,1,100,0.0000
1738264693.268947,957858.000,22954,1,SF,1,100,0.0000
1738264693.602960,958192.000,23006,1,SF,1,100,0.0000
1738264693.935973,958525.000,23056,1,SF,1,100,0.0000
1738264694.335989,958925.000,23122,1,SF,1,100,0.0000
1738264694.602999,959192.000,23173,1,SF,1,100,0.0000
1738264694.936012,959525.000,23223,1,SF,1,100,0.0000
1738264695.336028,959925.000,23292,1,SF,1,100,0.0000
1738264695.603038,960192.000,23343,1,SF,1,100,0.0000
1738264695.936051,960525.000,23393,1,SF,1,100,0.0000
1738264696.269064,960858.000,23442,1,SF,1,100,0.0000
1738264696.669080,961258.000,23510,1,SF,1,100,0.0000
1738264696.936091,961525.000,23561,1,SF,1,100,0.0000
1738264697.269104,961858.000,23610,1,SF,1,100,0.0000
1738264697.669120,962258.000,23681,1,SF,1,100,0.0000
1738264698.002133,962591.000,23733,1,SF,1,100,0.0000
1738264698.269143,962858.000,23783,1,SF,1,100,0.0000
1738264698.602156,963191.000,23833,1,SF,1,100,0.0000
1738264699.002172,963591.000,23899,1,SF,1,100,0.0000
1738264699.269182,963858.000,23948,1,SF,1,100,0.0000
1738264699.602196,964191.000,23999,1,SF,1,100,0.0000
1738264700.002211,964591.000,24065,1,SF,1,100,0.0000
1738264700.335224,964924.000,24118,1,SF,1,100,0.0000
1738264700.602235,965191.000,24168,1,SF,1,100,0.0000
1738264700.935248,965524.000,24217,1,SF,1,100,0.0000
1738264701.335264,965924.000,24283,1,SF,1,100,0.0000
1738264701.602274,966191.000,24336,1,SF,1,100,0.0000
1738264701.935287,966524.000,24385,1,SF,1,100,0.0000
1738264702.268300,966857.000,24435,1,SF,1,100,0.0000
1738264702.668316,967257.000,24508,1,SF,1,100,0.0000
1738264702.935327,967524.000,24558,1,SF,1,100,0.0000
1738264703.268340,967857.000,24608,1,SF,1,100,0.0000
1738264703.602353,968191.000,24657,1,SF,1,100,0.0000
1738264704.002369,968591.000,24723,1,SF,1,100,0.0000
1738264704.268379,968857.000,24776,1,SF,1,100,0.0000
1738264704.601392,969190.000,24825,1,SF,1,100,0.0000
1738264705.002408,969591.000,24893,1,SF,1,100,0.0000
1738264705.268418,969857.000,24943,1,SF,1,100,0.0000
1738264705.601431,970190.000,24995,1,SF,1,100,0.0000
1738264705.935445,970524.000,25047,1,SF,1,100,0.0000
1738264706.335460,970924.000,25113,1,SF,1,100,0.0000
1738264706.601471,971190.000,25164,1,SF,1,100,0.0000
1738264706.935484,971524.000,25214,1,SF,1,100,0.0000
1738264707.335500,971924.000,25282,1,SF,1,100,0.0000
1738264707.601510,972190.000,25332,1,SF,1,100,0.0000
1738264707.935523,972524.000,25387,1,SF,1,100,0.0000
1738264708.268536,972857.000,25438,1,SF,1,100,0.0000
1738264708.668552,973257.000,25506,1,SF,1,100,0.0000
1738264708.934562,973523.000,25557,1,SF,1,100,0.0000
1738264709.268576,973857.000,25606,1,SF,1,100,0.0000
1738264709.668591,974257.000,25672,1,SF,1,100,0.0000
1738264709.934602,974523.000,25722,1,SF,1,100,0.0000
1738264710.268615,974857.000,25774,1,SF,1,100,0.0000
1738264710.601628,975190.000,25826,1,SF,1,100,0.0000
1738264711.001644,975590.000,25894,1,SF,1,100,0.0000
1738264711.268654,975857.000,25943,1,SF,1,100,0.0000
1738264711.601667,976190.000,25995,1,SF,1,100,0.0000
1738264712.001683,976590.000,26062,1,SF,1,100,0.0000
1738264712.334696,976923.000,26113,1,SF,1,100,0.0000
1738264712.601707,977190.000,26163,1,SF,1,100,0.0000
1738264713.001722,977590.000,26216,1,SF,1,100,0.0000
1738264713.267733,977856.000,26267,1,SF,1,100,0.0000
1738264713.601746,978190.000,26318,1,SF,1,100,0.0000
1738264713.934759,978523.000,26369,1,SF,1,100,0.0000
1738264714.334775,978923.000,26435,1,SF,1,100,0.0000
1738264714.601785,979190.000,26485,1,SF,1,100,0.0000
1738264714.934798,979523.000,26534,1,SF,1,100,0.0000
1738264715.334814,979923.000,26603,1,SF,1,100,0.0000
1738264715.600825,980189.000,26653,1,SF,1,100,0.0000
1738264715.934838,980523.000,26702,1,SF,1,100,0.0000
1738264716.267851,980856.000,26752,1,SF,1,100,0.0000
1738264716.667866,981256.000,26818,1,SF,1,100,0.0000
1738264716.934877,981523.000,26868,1,SF,1,100,0.0000
1738264717.267890,981856.000,26918,1,SF,1,100,0.0000
1738264717.667906,982256.000,26984,1,SF,1,100,0.0000
1738264717.934916,982523.000,27035,1,SF,1,100,0.0000
1738264718.267930,982856.000,27093,1,SF,1,100,0.0000
1738264718.600943,983189.000,27142,1,SF,1,100,0.0000
1738264719.000958,983589.000,27210,1,SF,1,100,0.0000
1738264719.267969,983856.000,27260,1,SF,1,100,0.0000
1738264719.600982,984189.000,27309,1,SF,1,100,0.0000
1738264720.000998,984589.000,27375,1,SF,1,100,0.0000
1738264720.268008,984856.000,27426,1,SF,1,100,0.0000
1738264720.601021,985189.000,27477,1,SF,1,100,0.0000
1738264720.934034,985522.000,27527,1,SF,1,100,0.0000
1738264721.334050,985922.000,27593,1,SF,1,100,0.0000
1738264721.601061,986189.000,27643,1,SF,1,100,0.0000
1738264721.934074,986522.000,27695,1,SF,1,100,0.0000
1738264722.334089,986922.000,27761,1,SF,1,100,0.0000
1738264722.601100,987189.000,27812,1,SF,1,100,0.0000
1738264722.934113,987522.000,27863,1,SF,1,100,0.0000
1738264723.267126,987855.000,27917,1,SF,1,100,0.0000
1738264723.667142,988255.000,27985,1,SF,1,100,0.0000
1738264723.934152,988522.000,28035,1,SF,1,100,0.0000
1738264724.267165,988855.000,28084,1,SF,1,100,0.0000
1738264724.667181,989255.000,28150,1,SF,1,100,0.0000
1738264724.934191,989522.000,28201,1,SF,1,100,0.0000
1738264725.267205,989855.000,28250,1,SF,1,100,0.0000
1738264725.600218,990188.000,28302,1,SF,1,100,0.0000
1738264726.000233,990588.000,28368,1,SF,1,100,0.0000
1738264726.267244,990855.000,28418,1,SF,1,100,0.0000
1738264726.600257,991188.000,28470,1,SF,1,100,0.0000
1738264727.000273,991588.000,28536,1,SF,1,100,0.0000
1738264727.267283,991855.000,28587,1,SF,1,100,0.0000
1738264727.600296,992188.000,28638,1,SF,1,100,0.0000
1738264727.934309,992522.000,28687,1,SF,1,100,0.0000
1738264728.333325,992921.000,28758,1,SF,1,100,0.0000
1738264728.600336,993188.000,28810,1,SF,1,100,0.0000
1738264728.933349,993521.000,28859,1,SF,1,100,0.0000
1738264729.333364,993921.000,28928,1,SF,1,100,0.0000
1738264729.667378,994255.000,28978,1,SF,1,100,0.0000
1738264729.933388,994521.000,29027,1,SF,1,100,0.0000
1738264730.267401,994855.000,29077,1,SF,1,100,0.0000
1738264730.667417,995255.000,29145,1,SF,1,100,0.0000
1738264730.933427,995521.000,29195,1,SF,1,100,0.0000
1738264731.266441,995854.000,29245,1,SF,1,100,0.0000
1738264731.600454,996188.000,29296,1,SF,1,100,0.0000
1738264732.000469,996588.000,29362,1,SF,1,100,0.0000
1738264732.267480,996855.000,29415,1,SF,1,100,0.0000
1738264732.600493,997188.000,29464,1,SF,1,100,0.0000
1738264733.000509,997588.000,29532,1,SF,1,100,0.0000
1738264733.267519,997855.000,29582,1,SF,1,100,0.0000
1738264733.666535,998254.000,29638,1,SF,1,100,0.0000
1738264733.933545,998521.000,29687,1,SF,1,100,0.0000
1738264734.266558,998854.000,29738,1,SF,1,100,0.0000
1738264734.600572,999188.000,29789,1,SF,1,100,0.0000
1738264734.999587,999587.000,29855,1,SF,1,100,0.0000
1738264735.266598,999854.000,29907,1,SF,1,100,0.0000
1738264735.599611,1000187.000,29960,1,SF,1,100,0.0000
1738264736.000627,1000588.000,30026,1,SF,1,100,0.0000
1738264736.266637,1000854.000,30077,1,SF,1,100,0.0000
1738264736.599650,1001187.000,30128,1,SF,1,100,0.0000
1738264736.933663,1001521.000,30178,1,SF,1,100,0.0000
1738264737.333679,1001921.000,30244,1,SF,1,100,0.0000
1738264737.599689,1002187.000,30296,1,SF,1,100,0.0000
1738264737.933703,1002521.000,30348,1,SF,1,100,0.0000
1738264738.333718,1002921.000,30414,1,SF,1,100,0.0000
1738264738.599729,1003187.000,30468,1,SF,1,100,0.0000
1738264738.933742,1003521.000,30519,1,SF,1,100,0.0000
1738264739.266755,1003854.000,30568,1,SF,1,100,0.0000
1738264739.666771,1004254.000,30634,1,SF,1,100,0.0000
1738264739.932781,1004520.000,30684,1,SF,1,100,0.0000
1738264740.266794,1004854.000,30733,1,SF,1,100,0.0000
1738264740.666810,1005254.000,30801,1,SF,1,100,0.0000
1738264740.932821,1005520.000,30854,1,SF,1,100,0.0000
1738264741.266834,1005854.000,30903,1,SF,1,100,0.0000
1738264741.599847,1006187.000,30953,1,SF,1,100,0.0000
1738264741.999862,1006587.000,31019,1,SF,1,100,0.0000
1738264742.265873,1006853.000,31069,1,SF,1,100,0.0000
1738264742.599886,1007187.000,31119,1,SF,1,100,0.0000
1738264742.999902,1007587.000,31185,1,SF,1,100,0.0000
1738264743.265912,1007853.000,31234,1,SF,1,100,0.0000
1738264743.665928,1008253.000,31288,1,SF,1,100,0.0000
1738264743.999941,1008587.000,31338,1,SF,1,100,0.0000
1738264744.265952,1008853.000,31388,1,SF,1,100,0.0000
1738264744.598965,1009186.000,31440,1,SF,1,100,0.0000
1738264744.932978,1009520.000,31489,1,SF,1,100,0.0000
1738264745.332994,1009920.000,31559,1,SF,1,100,0.0000
1738264745.599004,1010186.000,31610,1,SF,1,100,0.0000
1738264745.933017,1010520.000,31659,1,SF,1,100,0.0000
1738264746.266030,1010853.000,31709,1,SF,1,100,0.0000
1738264746.666046,1011253.000,31777,1,SF,1,100,0.0000
1738264746.933057,1011520.000,31827,1,SF,1,100,0.0000
1738264747.266070,1011853.000,31879,1,SF,1,100,0.0000
1738264747.666085,1012253.000,31945,1,SF,1,100,0.0000
1738264747.933096,1012520.000,31996,1,SF,1,100,0.0000
1738264748.266109,1012853.000,32047,1,SF,1,100,0.0000
1738264748.599122,1013186.000,32098,1,SF,1,100,0.0000
1738264748.932135,1013519.000,32153,1,SF,1,100,0.0000
1738264749.266148,1013853.000,32203,1,SF,1,100,0.0000
1738264749.666164,1014253.000,32269,1,SF,1,100,0.0000
1738264749.932174,1014519.000,32320,1,SF,1,100,0.0000
1738264750.266188,1014853.000,32370,1,SF,1,100,0.0000
1738264750.666203,1015253.000,32439,1,SF,1,100,0.0000
1738264750.999216,1015586.000,32488,1,SF,1,100,0.0000
1738264751.266227,1015853.000,32538,1,SF,1,100,0.0000
1738264751.599240,1016186.000,32587,1,SF,1,100,0.0000
1738264751.999256,1016586.000,32653,1,SF,1,100,0.0000
1738264752.266266,1016853.000,32704,1,SF,1,100,0.0000
1738264752.599279,1017186.000,32755,1,SF,1,100,0.0000
1738264752.932292,1017519.000,32805,1,SF,1,100,0.0000
1738264753.332308,1017919.000,32871,1,SF,1,100,0.0000
1738264753.599319,1018186.000,32921,1,SF,1,100,0.0000
1738264753.932332,1018519.000,32976,1,SF,1,100,0.0000
1738264754.265345,1018852.000,33026,1,SF,1,100,0.0000
1738264754.599358,1019186.000,33078,1,SF,1,100,0.0000
1738264754.999374,1019586.000,33146,1,SF,1,100,0.0000
1738264755.265384,1019852.000,33197,1,SF,1,100,0.0000
1738264755.598397,1020185.000,33249,1,SF,1,100,0.0000
1738264755.998413,1020585.000,33316,1,SF,1,100,0.0000
1738264756.332426,1020919.000,33365,1,SF,1,100,0.0000
1738264756.598437,1021185.000,33415,1,SF,1,100,0.0000
1738264756.932450,1021519.000,33464,1,SF,1,100,0.0000
1738264757.332465,1021919.000,33530,1,SF,1,100,0.0000
1738264757.598476,1022185.000,33581,1,SF,1,100,0.0000
1738264757.932489,1022519.000,33630,1,SF,1,100,0.0000
1738264758.332505,1022919.000,33696,1,SF,1,100,0.0000
1738264758.665518,1023252.000,33746,1,SF,1,100,0.0000
1738264758.931528,1023518.000,33796,1,SF,1,100,0.0000
1738264759.332544,1023919.000,33854,1,SF,1,100,0.0000
1738264759.598554,1024185.000,33904,1,SF,1,100,0.0000
1738264759.931568,1024518.000,33954,1,SF,1,100,0.0000
1738264760.331583,1024918.000,34022,1,SF,1,100,0.0000
1738264760.598594,1025185.000,34071,1,SF,1,100,0.0000
1738264760.931607,1025518.000,34121,1,SF,1,100,0.0000
1738264761.331623,1025918.000,34188,1,SF,1,100,0.0000
1738264761.664636,1026251.000,34237,1,SF,1,100,0.0000
1738264761.931646,1026518.000,34287,1,SF,1,100,0.0000
1738264762.264659,1026851.000,34336,1,SF,1,100,0.0000
1738264762.664675,1027251.000,34402,1,SF,1,100,0.0000
1738264762.931685,1027518.000,34455,1,SF,1,100,0.0000
1738264763.264699,1027851.000,34504,1,SF,1,100,0.0000
1738264763.598712,1028185.000,34554,1,SF,1,100,0.0000
1738264763.998728,1028585.000,34620,1,SF,1,100,0.0000
1738264764.331741,1028918.000,34675,1,SF,1,100,0.0000
1738264764.664754,1029251.000,34727,1,SF,1,100,0.0000
1738264764.931764,1029518.000,34777,1,SF,1,100,0.0000
1738264765.264777,1029851.000,34827,1,SF,1,100,0.0000
1738264765.664793,1030251.000,34895,1,SF,1,100,0.0000
1738264765.931803,1030518.000,34944,1,SF,1,100,0.0000
1738264766.264817,1030851.000,34994,1,SF,1,100,0.0000
1738264766.597830,1031184.000,35044,1,SF,1,100,0.0000
1738264766.997845,1031584.000,35110,1,SF,1,100,0.0000
1738264767.264856,1031851.000,35160,1,SF,1,100,0.0000
1738264767.597869,1032184.000,35211,1,SF,1,100,0.0000
1738264767.997885,1032584.000,35277,1,SF,1,100,0.0000
1738264768.264895,1032851.000,35328,1,SF,1,100,0.0000
1738264768.597908,1033184.000,35377,1,SF,1,100,0.0000
1738264768.930921,1033517.000,35427,1,SF,1,100,0.0000
1738264769.330937,1033917.000,35498,1,SF,1,100,0.0000
1738264769.664950,1034251.000,35550,1,SF,1,100,0.0000
1738264769.930961,1034517.000,35600,1,SF,1,100,0.0000
1738264770.264974,1034851.000,35650,1,SF,1,100,0.0000
1738264770.597987,1035184.000,35702,1,SF,1,100,0.0000
1738264770.998003,1035584.000,35770,1,SF,1,100,0.0000
1738264771.265013,1035851.000,35819,1,SF,1,100,0.0000
1738264771.598026,1036184.000,35869,1,SF,1,100,0.0000
1738264771.998042,1036584.000,35937,1,SF,1,100,0.0000
1738264772.265053,1036851.000,35987,1,SF,1,100,0.0000
1738264772.598066,1037184.000,36039,1,SF,1,100,0.0000
1738264772.931079,1037517.000,36088,1,SF,1,100,0.0000
1738264773.331095,1037917.000,36154,1,SF,1,100,0.0000
1738264773.598105,1038184.000,36205,1,SF,1,100,0.0000
1738264773.931118,1038517.000,36254,1,SF,1,100,0.0000
1738264774.331134,1038917.000,36320,1,SF,1,100,0.0000
1738264774.598144,1039184.000,36357,1,SF,1,100,0.0000
1738264774.997160,1039583.000,36423,1,SF,1,100,0.0000
1738264775.264170,1039850.000,36473,1,SF,1,100,0.0000
1738264775.597183,1040183.000,36525,1,SF,1,100,0.0000
1738264775.931197,1040517.000,36575,1,SF,1,100,0.0000
1738264776.331212,1040917.000,36643,1,SF,1,100,0.0000
1738264776.597223,1041183.000,36694,1,SF,1,100,0.0000
1738264776.931236,1041517.000,36744,1,SF,1,100,0.0000
1738264777.331252,1041917.000,36810,1,SF,1,100,0.0000
1738264777.597262,1042183.000,36860,1,SF,1,100,0.0000
1738264777.931275,1042517.000,36910,1,SF,1,100,0.0000
1738264778.264288,1042850.000,36961,1,SF,1,100,0.0000
1738264778.664304,1043250.000,37027,1,SF,1,100,0.0000
1738264778.931315,1043517.000,37082,1,SF,1,100,2.0823
1738264779.264328,1043850.000,37133,1,SF,1,100,4.1404
1738264779.597341,1044183.000,37192,1,SF,1,100,4.0925
1738264779.930354,1044516.000,37240,1,SF,1,100,4.0452
1738264780.330370,1044916.000,37304,1,SF,1,100,3.9984
1738264780.597380,1045183.000,37353,1,SF,1,100,6.0344
1738264780.930393,1045516.000,37402,1,SF,1,100,5.9646
1738264781.264406,1045850.000,37450,1,SF,1,100,5.8956
1738264781.663422,1046249.000,37512,1,SF,1,100,5.8274
1738264781.930433,1046516.000,37560,1,SF,1,100,7.8422
1738264782.263446,1046849.000,37607,1,SF,1,100,7.7515
1738264782.663461,1047249.000,37670,1,SF,1,100,7.6618
1738264782.997474,1047583.000,37716,1,SF,1,100,7.5732
1738264783.264485,1047850.000,37767,1,SF,1,100,9.5678
1738264783.597498,1048183.000,37813,1,SF,1,100,9.4572
1738264783.997514,1048583.000,37879,1,SF,1,100,11.4300
1738264784.263524,1048849.000,37929,1,SF,1,100,13.3800
1738264784.597537,1049183.000,37975,1,SF,1,100,13.2253
1738264784.930551,1049516.000,38032,1,SF,1,100,15.1545
1738264785.263564,1049849.000,38080,1,SF,1,100,14.9792
1738264785.663579,1050249.000,38146,1,SF,1,100,16.8882
1738264785.930590,1050516.000,38195,1,SF,1,100,16.6928
1738264786.263603,1050849.000,38241,1,SF,1,100,16.4997
1738264786.663619,1051249.000,38305,1,SF,1,100,16.3088
1738264786.996632,1051582.000,38353,1,SF,1,100,16.1202
1738264787.263642,1051849.000,38401,1,SF,1,100,18.0160
1738264787.596655,1052182.000,38448,1,SF,1,100,17.8075
1738264787.996671,1052582.000,38512,1,SF,1,100,19.6838
1738264788.263682,1052849.000,38559,1,SF,1,100,19.4561
1738264788.596695,1053182.000,38608,1,SF,1,100,19.2310
1738264788.996710,1053582.000,38672,1,SF,1,100,21.0908
1738264789.329723,1053915.000,38718,1,SF,1,100,20.8468
1738264789.596734,1054182.000,38770,1,SF,1,100,22.6879
1738264789.929747,1054515.000,38821,1,SF,1,100,22.4255
1738264790.263760,1054849.000,38872,1,SF,1,100,24.2483
1738264790.596773,1055182.000,38923,1,SF,1,100,26.0501
1738264790.996789,1055582.000,38991,1,SF,1,100,29.9132
1738264791.262800,1055848.000,39040,1,SF,1,100,31.6494
1738264791.596812,1056182.000,39090,1,SF,1,100,33.3656
1738264791.996828,1056582.000,39152,1,SF,1,100,32.9796
1738264792.263839,1056849.000,39202,1,SF,1,100,32.5981
1738264792.596852,1057182.000,39252,1,SF,1,100,36.3855
1738264792.929865,1057515.000,39299,1,SF,1,100,35.9646
1738264793.329881,1057915.000,39363,1,SF,1,100,37.6308
1738264793.596891,1058182.000,39412,1,SF,1,100,37.1955
1738264793.929904,1058515.000,39461,1,SF,1,100,38.8474
1738264794.329920,1058915.000,39527,1,SF,1,100,40.4803
1738264794.596931,1059182.000,39573,1,SF,1,100,40.0120
1738264794.995946,1059581.000,39628,1,SF,1,100,41.6314
1738264795.329959,1059915.000,39676,1,SF,1,100,41.1498
1738264795.595970,1060181.000,39726,1,SF,1,100,42.7560
1738264795.929983,1060515.000,39774,1,SF,1,100,44.3437
1738264796.329999,1060915.000,39836,1,SF,1,100,43.8307
1738264796.596009,1061181.000,39885,1,SF,1,100,45.4059
1738264796.930022,1061515.000,39931,1,SF,1,100,44.8807
1738264797.330038,1061915.000,39996,1,SF,1,100,46.4437
1738264797.663051,1062248.000,40047,1,SF,1,100,47.9887
1738264797.929062,1062514.000,40093,1,SF,1,100,47.4336
1738264798.263075,1062848.000,40144,1,SF,1,100,48.9671
1738264798.663090,1063248.000,40206,1,SF,1,100,48.4007
1738264798.930101,1063515.000,40255,1,SF,1,100,49.9230
1738264799.263114,1063848.000,40306,1,SF,1,100,51.4278
1738264799.596127,1064181.000,40354,1,SF,1,100,52.9151
1738264799.996143,1064581.000,40416,1,SF,1,100,52.3030
1738264800.329156,1064914.000,40471,1,SF,1,100,51.6979
1738264800.596166,1065181.000,40517,1,SF,1,100,51.0999
1738264800.929179,1065514.000,40567,1,SF,1,100,52.5910
1738264801.263193,1065848.000,40617,1,SF,1,100,51.9826
1738264801.663208,1066248.000,40679,1,SF,1,100,51.3813
1738264801.929219,1066514.000,40728,1,SF,1,100,50.7869
1738264802.262232,1066847.000,40776,1,SF,1,100,52.2817
1738264802.662248,1067247.000,40840,1,SF,1,100,51.6769
1738264802.929258,1067514.000,40890,1,SF,1,100,53.1613
1738264803.262271,1067847.000,40936,1,SF,1,100,52.5463
1738264803.596284,1068181.000,40985,1,SF,1,100,54.0207
1738264803.996300,1068581.000,41047,1,SF,1,100,53.3958
1738264804.262311,1068847.000,41096,1,SF,1,100,54.8604
1738264804.596324,1069181.000,41143,1,SF,1,100,54.2257
1738264804.996339,1069581.000,41207,1,SF,1,100,55.6807
1738264805.262350,1069847.000,41244,1,SF,1,100,55.0366
1738264805.662366,1070247.000,41312,1,SF,1,100,56.4822
1738264805.929376,1070514.000,41360,1,SF,1,100,55.8288
1738264806.262389,1070847.000,41409,1,SF,1,100,57.2652
1738264806.662405,1071247.000,41476,1,SF,1,100,58.6850
1738264806.995418,1071580.000,41522,1,SF,1,100,58.0061
1738264807.262429,1071847.000,41569,1,SF,1,100,57.3351
1738264807.595442,1072180.000,41619,1,SF,1,100,58.7541
1738264807.995457,1072580.000,41681,1,SF,1,100,58.0744
1738264808.262468,1072847.000,41733,1,SF,1,100,59.4849
1738264808.595481,1073180.000,41779,1,SF,1,100,58.7968
1738264808.928494,1073513.000,41830,1,SF,1,100,60.1989
1738264809.329510,1073914.000,41894,1,SF,1,100,61.5847
1738264809.595520,1074180.000,41943,1,SF,1,100,62.9546
1738264809.928533,1074513.000,41994,1,SF,1,100,64.3085
1738264810.395552,1074980.000,42067,1,SF,1,100,67.7291
1738264810.595560,1075180.000,42101,1,SF,1,100,69.0279
1738264810.995575,1075580.000,42167,1,SF,1,100,70.3116
1738264811.262586,1075847.000,42215,1,SF,1,100,71.5805
1738264811.595599,1076180.000,42265,1,SF,1,100,72.8347
1738264811.928612,1076513.000,42313,1,SF,1,100,74.0744
1738264812.328628,1076913.000,42377,1,SF,1,100,75.2998
1738264812.595638,1077180.000,42424,1,SF,1,100,74.4287
1738264812.928651,1077513.000,42474,1,SF,1,100,77.7322
1738264813.328667,1077913.000,42538,1,SF,1,100,78.9152
1738264813.595678,1078180.000,42588,1,SF,1,100,78.0023
1738264813.928691,1078513.000,42636,1,SF,1,100,79.1823
1738264814.261704,1078846.000,42683,1,SF,1,100,78.2663
1738264814.661720,1079246.000,42749,1,SF,1,100,79.4431
1738264814.928730,1079513.000,42796,1,SF,1,100,78.5241
1738264815.261743,1079846.000,42843,1,SF,1,100,77.6158
1738264815.594756,1080179.000,42899,1,SF,1,100,78.8001
1738264815.928769,1080513.000,42948,1,SF,1,100,79.9708
1738264816.261782,1080846.000,42996,1,SF,1,100,81.1280
1738264816.661798,1081246.000,43060,1,SF,1,100,82.2717
1738264816.928809,1081513.000,43108,1,SF,1,100,81.3200
1738264817.261822,1081846.000,43158,1,SF,1,100,82.4615
1738264817.661837,1082246.000,43220,1,SF,1,100,81.5076
1738264817.994850,1082579.000,43269,1,SF,1,100,82.6470
1738264818.261861,1082846.000,43318,1,SF,1,100,83.7732
1738264818.594874,1083179.000,43367,1,SF,1,100,84.8863
1738264818.994890,1083579.000,43433,1,SF,1,100,85.9866
1738264819.261900,1083846.000,43481,1,SF,1,100,87.0742
1738264819.594913,1084179.000,43532,1,SF,1,100,88.1491
1738264819.994929,1084579.000,43594,1,SF,1,100,87.1294
1738264820.261940,1084846.000,43645,1,SF,1,100,88.2038
1738264820.661955,1085246.000,43699,1,SF,1,100,87.1834
1738264820.927966,1085512.000,43750,1,SF,1,100,88.2571
1738264821.261979,1085846.000,43801,1,SF,1,100,89.3184
1738264821.594992,1086179.000,43847,1,SF,1,100,88.2852
1738264821.995008,1086579.000,43909,1,SF,1,100,87.2639
1738264822.261018,1086845.000,43959,1,SF,1,100,88.3367
1738264822.595031,1087179.000,44005,1,SF,1,100,87.3148
1738264822.995047,1087579.000,44071,1,SF,1,100,90.4692
1738264823.262058,1087846.000,44120,1,SF,1,100,91.5049
1738264823.595071,1088179.000,44171,1,SF,1,100,92.5286
1738264823.928084,1088512.000,44218,1,SF,1,100,91.4583
1738264824.328099,1088912.000,44284,1,SF,1,100,92.4825
1738264824.594110,1089178.000,44330,1,SF,1,100,91.4127
1738264824.928123,1089512.000,44379,1,SF,1,100,92.4375
1738264825.328139,1089912.000,44445,1,SF,1,100,93.4504
1738264825.595149,1090179.000,44494,1,SF,1,100,92.3693
1738264825.995165,1090579.000,44549,1,SF,1,100,93.3831
1738264826.261175,1090845.000,44598,1,SF,1,100,94.3851
1738264826.594189,1091178.000,44651,1,SF,1,100,97.4577
1738264826.994204,1091578.000,44715,1,SF,1,100,98.4126
1738264827.328218,1091912.000,44765,1,SF,1,100,99.3564
1738264827.594228,1092178.000,44815,1,SF,1,100,100.2893
1738264827.928241,1092512.000,44861,1,SF,1,100,99.1291
1738264828.327257,1092911.000,44923,1,SF,1,100,97.9824
1738264828.594267,1093178.000,44972,1,SF,1,100,98.9312
1738264828.927280,1093511.000,45019,1,SF,1,100,97.7867
1738264829.327296,1093911.000,45085,1,SF,1,100,100.8200
1738264829.661309,1094245.000,45134,1,SF,1,100,101.7360
1738264829.927320,1094511.000,45182,1,SF,1,100,102.6413
1738264830.261333,1094845.000,45229,1,SF,1,100,101.4540
1738264830.661349,1095245.000,45297,1,SF,1,100,104.4449
1738264830.927359,1095511.000,45334,1,SF,1,100,103.2366
1738264831.327375,1095911.000,45396,1,SF,1,100,102.0424
1738264831.594385,1096178.000,45447,1,SF,1,100,102.9442
1738264831.927398,1096511.000,45496,1,SF,1,100,103.8356
1738264832.327414,1096911.000,45558,1,SF,1,100,102.6344
1738264832.660427,1097244.000,45606,1,SF,1,100,103.5294
1738264832.927438,1097511.000,45658,1,SF,1,100,104.4140
1738264833.260451,1097844.000,45708,1,SF,1,100,105.2884
1738264833.660466,1098244.000,45772,1,SF,1,100,106.1526
1738264833.927477,1098511.000,45819,1,SF,1,100,104.9247
1738264834.260490,1098844.000,45870,1,SF,1,100,105.7931
1738264834.594503,1099178.000,45919,1,SF,1,100,106.6516
1738264834.994519,1099578.000,45983,1,SF,1,100,107.5001
1738264835.260529,1099844.000,46029,1,SF,1,100,106.2565
1738264835.593542,1100177.000,46080,1,SF,1,100,107.1096
1738264836.060561,1100644.000,46152,1,SF,1,100,107.9528
1738264836.260569,1100844.000,46185,1,SF,1,100,106.7040
1738264836.660584,1101244.000,46249,1,SF,1,100,107.5519
1738264836.927595,1101511.000,46298,1,SF,1,100,108.3900
1738264837.260608,1101844.000,46349,1,SF,1,100,109.2183
1738264837.593621,1102177.000,46397,1,SF,1,100,110.0372
1738264837.993637,1102577.000,46459,1,SF,1,100,108.7642
1738264838.260647,1102844.000,46511,1,SF,1,100,109.5883
1738264838.593660,1103177.000,46559,1,SF,1,100,110.4028
1738264838.993676,1103577.000,46625,1,SF,1,100,111.2079
1738264839.260687,1103844.000,46674,1,SF,1,100,112.0037
1738264839.593700,1104177.000,46725,1,SF,1,100,112.7903
1738264839.926713,1104510.000,46774,1,SF,1,100,113.5678
1738264840.326729,1104910.000,46842,1,SF,1,100,114.3363
1738264840.593739,1105177.000,46890,1,SF,1,100,115.0959
1738264840.926752,1105510.000,46941,1,SF,1,100,117.9290
1738264841.260765,1105844.000,46993,1,SF,1,100,116.5648
1738264841.593778,1106177.000,47040,1,SF,1,100,115.2163
1738264841.993794,1106577.000,47102,1,SF,1,100,113.8835
1738264842.259804,1106843.000,47149,1,SF,1,100,112.5661
1738264842.593818,1107177.000,47196,1,SF,1,100,111.2639
1738264842.993833,1107577.000,47258,1,SF,1,100,109.9768
1738264843.259844,1107843.000,47308,1,SF,1,100,110.7868
1738264843.593857,1108177.000,47356,1,SF,1,100,109.5052
1738264843.926870,1108510.000,47404,1,SF,1,100,110.3207
1738264844.326886,1108910.000,47466,1,SF,1,100,109.0445
1738264844.592896,1109176.000,47515,1,SF,1,100,109.8653
1738264844.926909,1109510.000,47563,1,SF,1,100,110.6767
1738264845.326925,1109910.000,47630,1,SF,1,100,109.3964
1738264845.659938,1110243.000,47677,1,SF,1,100,108.1309
1738264845.926949,1110510.000,47727,1,SF,1,100,108.9622
1738264846.259962,1110843.000,47779,1,SF,1,100,107.7018
1738264846.592975,1111176.000,47829,1,SF,1,100,108.5381
1738264846.926988,1111510.000,47876,1,SF,1,100,107.2825
1738264847.327004,1111910.000,47940,1,SF,1,100,106.0415
1738264847.593014,1112176.000,47989,1,SF,1,100,106.8970
1738264847.927027,1112510.000,48040,1,SF,1,100,109.8250
1738264848.327043,1112910.000,48104,1,SF,1,100,108.5545
1738264848.593054,1113176.000,48152,1,SF,1,100,109.3810
1738264848.926067,1113509.000,48202,1,SF,1,100,110.1979
1738264849.260080,1113843.000,48250,1,SF,1,100,108.9231
1738264849.660095,1114243.000,48314,1,SF,1,100,109.7453
1738264849.926106,1114509.000,48365,1,SF,1,100,110.5581
1738264850.260119,1114843.000,48414,1,SF,1,100,111.3614
1738264850.593132,1115176.000,48465,1,SF,1,100,110.0731
1738264850.993148,1115576.000,48529,1,SF,1,100,110.8820
1738264851.259158,1115842.000,48577,1,SF,1,100,111.6816
1738264851.593172,1116176.000,48628,1,SF,1,100,110.3897
1738264851.926185,1116509.000,48676,1,SF,1,100,109.1127
1738264852.260198,1116843.000,48725,1,SF,1,100,109.9327
1738264852.660213,1117243.000,48787,1,SF,1,100,108.6610
1738264852.926224,1117509.000,48838,1,SF,1,100,111.5685
1738264853.259237,1117842.000,48885,1,SF,1,100,110.2779
1738264853.659253,1118242.000,48949,1,SF,1,100,111.0844
1738264853.926263,1118509.000,48997,1,SF,1,100,111.8816
1738264854.259276,1118842.000,49047,1,SF,1,100,112.6696
1738264854.593289,1119176.000,49095,1,SF,1,100,111.3663
1738264854.992305,1119575.000,49159,1,SF,1,100,112.1602
1738264855.259316,1119842.000,49206,1,SF,1,100,110.8627
1738264855.592329,1120175.000,49258,1,SF,1,100,113.7448
1738264855.992344,1120575.000,49321,1,SF,1,100,112.4290
1738264856.326358,1120909.000,49370,1,SF,1,100,113.2106
1738264856.592368,1121175.000,49408,1,SF,1,100,111.9010
1738264856.992384,1121575.000,49474,1,SF,1,100,114.7710
1738264857.259394,1121842.000,49524,1,SF,1,100,115.5256
1738264857.592407,1122175.000,49573,1,SF,1,100,116.2714
1738264857.992423,1122575.000,49637,1,SF,1,100,117.0087
1738264858.259434,1122842.000,49686,1,SF,1,100,117.7374
1738264858.592447,1123175.000,49737,1,SF,1,100,118.4576
1738264858.925460,1123508.000,49785,1,SF,1,100,117.0873
1738264859.325475,1123908.000,49851,1,SF,1,100,117.8151
1738264859.592486,1124175.000,49899,1,SF,1,100,116.4522
1738264859.925499,1124508.000,49947,1,SF,1,100,115.1050
1738264860.325515,1124908.000,50013,1,SF,1,100,115.8558
1738264860.592525,1125175.000,50060,1,SF,1,100,114.5155
1738264860.925539,1125508.000,50111,1,SF,1,100,115.2731
1738264861.259552,1125842.000,50158,1,SF,1,100,113.9396
1738264861.659567,1126242.000,50229,1,SF,1,100,114.7038
1738264861.992580,1126575.000,50277,1,SF,1,100,113.3769
1738264862.259591,1126842.000,50327,1,SF,1,100,114.1476
1738264862.592604,1127175.000,50375,1,SF,1,100,114.9093
1738264862.925617,1127508.000,50426,1,SF,1,100,117.7446
1738264863.325633,1127908.000,50494,1,SF,1,100,118.4647
1738264863.592643,1128175.000,50541,1,SF,1,100,117.0943
1738264863.925656,1128508.000,50592,1,SF,1,100,117.8220
1738264864.325672,1128908.000,50658,1,SF,1,100,118.5413
1738264864.658685,1129241.000,50706,1,SF,1,100,119.2523
1738264864.925696,1129508.000,50754,1,SF,1,100,117.8728
1738264865.258709,1129841.000,50802,1,SF,1,100,118.5914
1738264865.658725,1130241.000,50868,1,SF,1,100,119.3018
1738264865.925735,1130508.000,50919,1,SF,1,100,120.0040
1738264866.258748,1130841.000,50967,1,SF,1,100,120.6980
1738264866.658764,1131241.000,51032,1,SF,1,100,121.3840
1738264866.925774,1131508.000,51068,1,SF,1,100,119.9799
1738264867.325790,1131908.000,51132,1,SF,1,100,120.6742
1738264867.591800,1132174.000,51180,1,SF,1,100,119.2782
1738264867.925814,1132508.000,51230,1,SF,1,100,119.9806
1738264868.258827,1132841.000,51279,1,SF,1,100,120.6749
1738264868.658843,1133241.000,51345,1,SF,1,100,121.3612
1738264868.924853,1133507.000,51396,1,SF,1,100,122.0396
1738264869.258866,1133841.000,51447,1,SF,1,100,122.7101
1738264869.658882,1134241.000,51509,1,SF,1,100,121.2905
1738264869.924892,1134507.000,51555,1,SF,1,100,119.8874
1738264870.258905,1134841.000,51603,1,SF,1,100,118.5006
1738264870.658921,1135241.000,51669,1,SF,1,100,119.2120
1738264870.991934,1135574.000,51715,1,SF,1,100,117.8330
1738264871.257945,1135840.000,51762,1,SF,1,100,116.4699
1738264871.591958,1136174.000,51812,1,SF,1,100,117.2048
1738264871.924971,1136507.000,51863,1,SF,1,100,115.8489
1738264872.324987,1136907.000,51929,1,SF,1,100,116.5910
1738264872.591997,1137174.000,51977,1,SF,1,100,117.3246
1738264872.925010,1137507.000,52027,1,SF,1,100,115.9674
1738264873.258023,1137840.000,52075,1,SF,1,100,116.7081
1738264873.658039,1138240.000,52137,1,SF,1,100,115.3580
1738264873.925050,1138507.000,52184,1,SF,1,100,114.0235
1738264874.258063,1138840.000,52234,1,SF,1,100,114.7867
1738264874.658078,1139240.000,52298,1,SF,1,100,115.5411
1738264874.925089,1139507.000,52346,1,SF,1,100,114.2046
1738264875.258102,1139840.000,52394,1,SF,1,100,114.9657
1738264875.591115,1140173.000,52443,1,SF,1,100,113.6357
1738264875.991131,1140573.000,52509,1,SF,1,100,114.4035
1738264876.258141,1140840.000,52558,1,SF,1,100,115.1623
1738264876.591154,1141173.000,52605,1,SF,1,100,113.8301
1738264877.058173,1141640.000,52676,1,SF,1,100,114.5955
1738264877.258181,1141840.000,52710,1,SF,1,100,115.3521
1738264877.658196,1142240.000,52774,1,SF,1,100,114.0177
1738264877.924207,1142506.000,52820,1,SF,1,100,112.6988
1738264878.258220,1142840.000,52869,1,SF,1,100,113.4773
1738264878.658236,1143240.000,52934,1,SF,1,100,112.1646
1738264878.991249,1143573.000,52984,1,SF,1,100,112.9493
1738264879.258259,1143840.000,53031,1,SF,1,100,111.6427
1738264879.591272,1144173.000,53083,1,SF,1,100,114.5157
1738264879.991288,1144573.000,53147,1,SF,1,100,115.2733
1738264880.258299,1144840.000,53197,1,SF,1,100,113.9398
1738264880.591312,1145173.000,53247,1,SF,1,100,114.7040
1738264880.924325,1145506.000,53298,1,SF,1,100,115.4593
1738264881.324341,1145906.000,53360,1,SF,1,100,114.1237
1738264881.591351,1146173.000,53411,1,SF,1,100,114.8857
1738264881.924364,1146506.000,53460,1,SF,1,100,115.6390
1738264882.257377,1146839.000,53511,1,SF,1,100,114.3013
1738264882.591390,1147173.000,53560,1,SF,1,100,115.0613
1738264882.991406,1147573.000,53624,1,SF,1,100,115.8125
1738264883.257416,1147839.000,53670,1,SF,1,100,114.4728
1738264883.591430,1148173.000,53720,1,SF,1,100,115.2308
1738264883.924443,1148506.000,53768,1,SF,1,100,113.8978
1738264884.324458,1148906.000,53832,1,SF,1,100,114.6625
1738264884.590469,1149172.000,53879,1,SF,1,100,113.3360
1738264884.924482,1149506.000,53927,1,SF,1,100,114.1072
1738264885.324498,1149906.000,53993,1,SF,1,100,112.7872
1738264885.591508,1150173.000,54041,1,SF,1,100,111.4825
1738264885.924521,1150506.000,54089,1,SF,1,100,112.2751
1738264886.257535,1150839.000,54138,1,SF,1,100,110.9763
1738264886.657550,1151239.000,54202,1,SF,1,100,111.7747
1738264886.924561,1151506.000,54253,1,SF,1,100,112.5640
1738264887.324576,1151906.000,54307,1,SF,1,100,113.3441
1738264887.590587,1152172.000,54356,1,SF,1,100,114.1152
1738264887.924600,1152506.000,54403,1,SF,1,100,112.7951
1738264888.323616,1152905.000,54469,1,SF,1,100,113.5725
1738264888.657629,1153239.000,54517,1,SF,1,100,114.3410
1738264888.923639,1153505.000,54569,1,SF,1,100,115.1005
1738264889.257652,1153839.000,54615,1,SF,1,100,113.7690
1738264889.657668,1154239.000,54681,1,SF,1,100,114.5352
1738264889.923679,1154505.000,54730,1,SF,1,100,115.2925
1738264890.257692,1154839.000,54778,1,SF,1,100,113.9588
1738264890.657707,1155239.000,54843,1,SF,1,100,112.6405
1738264890.990721,1155572.000,54892,1,SF,1,100,111.3375
1738264891.257731,1155839.000,54940,1,SF,1,100,112.1318
1738264891.590744,1156172.000,54989,1,SF,1,100,110.8346
1738264891.990760,1156572.000,55053,1,SF,1,100,111.6347
1738264892.256770,1156838.000,55104,1,SF,1,100,112.4256
1738264892.656786,1157238.000,55155,1,SF,1,100,111.1250
1738264892.923796,1157505.000,55204,1,SF,1,100,111.9218
1738264893.256810,1157838.000,55255,1,SF,1,100,112.7093
1738264893.656825,1158238.000,55319,1,SF,1,100,111.4055
1738264893.923836,1158505.000,55367,1,SF,1,100,112.1990
1738264894.256849,1158838.000,55417,1,SF,1,100,112.9833
1738264894.590862,1159172.000,55465,1,SF,1,100,113.7586
1738264894.989878,1159571.000,55529,1,SF,1,100,114.5249
1738264895.256888,1159838.000,55580,1,SF,1,100,115.2823
1738264895.589901,1160171.000,55631,1,SF,1,100,113.9487
1738264895.923914,1160505.000,55680,1,SF,1,100,114.7128
1738264896.323930,1160905.000,55744,1,SF,1,100,115.4680
1738264896.589941,1161171.000,55790,1,SF,1,100,114.1323
1738264896.923954,1161505.000,55839,1,SF,1,100,114.8942
1738264897.323970,1161905.000,55903,1,SF,1,100,113.5651
1738264897.589980,1162171.000,55940,1,SF,1,100,112.2514
1738264897.989996,1162571.000,56004,1,SF,1,100,113.0351
1738264898.257006,1162838.000,56051,1,SF,1,100,111.7275
1738264898.590019,1163171.000,56098,1,SF,1,100,110.4351
1738264898.990035,1163571.000,56164,1,SF,1,100,111.2398
1738264899.257046,1163838.000,56210,1,SF,1,100,109.9530
1738264899.590059,1164171.000,56262,1,SF,1,100,110.7633
1738264899.923072,1164504.000,56310,1,SF,1,100,111.5642
1738264900.323087,1164904.000,56378,1,SF,1,100,112.3559
1738264900.590098,1165171.000,56425,1,SF,1,100,111.0561
1738264900.923111,1165504.000,56473,1,SF,1,100,111.8537
1738264901.323127,1165904.000,56538,1,SF,1,100,112.6420
1738264901.656140,1166237.000,56587,1,SF,1,100,111.3390
1738264901.923150,1166504.000,56635,1,SF,1,100,112.1332
1738264902.256163,1166837.000,56686,1,SF,1,100,115.0006
1738264902.656179,1167237.000,56755,1,SF,1,100,113.6702
1738264902.990192,1167571.000,56803,1,SF,1,100,114.4375
1738264903.323205,1167904.000,56854,1,SF,1,100,115.1960
1738264903.590216,1168171.000,56903,1,SF,1,100,113.8634
1738264903.923229,1168504.000,56950,1,SF,1,100,112.5462
1738264904.323245,1168904.000,57014,1,SF,1,100,113.3265
1738264904.589255,1169170.000,57062,1,SF,1,100,114.0978
1738264904.923268,1169504.000,57111,1,SF,1,100,112.7779
1738264905.323284,1169904.000,57176,1,SF,1,100,111.4733
1738264905.656297,1170237.000,57226,1,SF,1,100,114.3483
1738264905.923308,1170504.000,57275,1,SF,1,100,115.1077
1738264906.256321,1170837.000,57323,1,SF,1,100,113.7761
1738264906.656337,1171237.000,57387,1,SF,1,100,114.5422
1738264906.923347,1171504.000,57437,1,SF,1,100,115.2994
1738264907.256360,1171837.000,57485,1,SF,1,100,116.0479
1738264907.656376,1172237.000,57549,1,SF,1,100,114.7055
1738264907.923386,1172504.000,57588,1,SF,1,100,115.4608
1738264908.322402,1172903.000,57652,1,SF,1,100,114.1251
1738264908.589412,1173170.000,57699,1,SF,1,100,112.8049
1738264908.922426,1173503.000,57750,1,SF,1,100,113.5822
1738264909.256439,1173837.000,57797,1,SF,1,100,112.2683
1738264909.656454,1174237.000,57861,1,SF,1,100,113.0518
1738264909.922465,1174503.000,57907,1,SF,1,100,111.7440
1738264910.256478,1174837.000,57956,1,SF,1,100,112.5336
1738264910.656494,1175237.000,58022,1,SF,1,100,111.2318
1738264910.922504,1175503.000,58073,1,SF,1,100,114.1096
1738264911.256517,1175837.000,58122,1,SF,1,100,112.7896
1738264911.589530,1176170.000,58170,1,SF,1,100,113.5671
1738264911.989546,1176570.000,58234,1,SF,1,100,114.3356
1738264912.255557,1176836.000,58282,1,SF,1,100,113.0129
1738264912.589570,1177170.000,58330,1,SF,1,100,111.7056
1738264912.922583,1177503.000,58382,1,SF,1,100,112.4956
1738264913.255596,1177836.000,58431,1,SF,1,100,113.2765
1738264913.655612,1178236.000,58497,1,SF,1,100,114.0484
1738264913.922622,1178503.000,58546,1,SF,1,100,114.8113
1738264914.255635,1178836.000,58594,1,SF,1,100,115.5654
1738264914.655651,1179236.000,58660,1,SF,1,100,116.3108
1738264914.989664,1179570.000,58712,1,SF,1,100,119.1298
1738264915.255675,1179836.000,58758,1,SF,1,100,117.7517
1738264915.589688,1180170.000,58809,1,SF,1,100,116.3896
1738264915.988703,1180569.000,58871,1,SF,1,100,115.0432
1738264916.255714,1180836.000,58920,1,SF,1,100,113.7123
1738264916.588727,1181169.000,58969,1,SF,1,100,114.4791
1738264916.922740,1181503.000,59019,1,SF,1,100,115.2371
1738264917.322756,1181903.000,59083,1,SF,1,100,115.9863
1738264917.588766,1182169.000,59135,1,SF,1,100,116.7268
1738264917.921779,1182502.000,59183,1,SF,1,100,117.4587
1738264918.255793,1182836.000,59240,1,SF,1,100,118.1822
1738264918.588806,1183169.000,59288,1,SF,1,100,118.8973
1738264918.988821,1183569.000,59350,1,SF,1,100,117.5219
1738264919.255832,1183836.000,59397,1,SF,1,100,116.1624
1738264919.588845,1184169.000,59445,1,SF,1,100,116.9009
1738264919.988861,1184569.000,59508,1,SF,1,100,115.5486
1738264920.321874,1184902.000,59559,1,SF,1,100,116.2942
1738264920.588884,1185169.000,59609,1,SF,1,100,117.0311
1738264920.921897,1185502.000,59658,1,SF,1,100,117.7595
1738264921.321913,1185902.000,59722,1,SF,1,100,118.4795
1738264921.588924,1186169.000,59771,1,SF,1,100,117.1090
1738264921.921937,1186502.000,59820,1,SF,1,100,117.8365
1738264922.321952,1186902.000,59884,1,SF,1,100,116.4734
1738264922.654965,1187235.000,59932,1,SF,1,100,117.2082
1738264922.921976,1187502.000,59982,1,SF,1,100,117.9346
1738264923.254989,1187835.000,60037,1,SF,1,100,118.6526
1738264923.589002,1188169.000,60086,1,SF,1,100,117.2800
1738264923.989018,1188569.000,60151,1,SF,1,100,118.0056
1738264924.322031,1188902.000,60197,1,SF,1,100,116.6405
1738264924.588042,1189168.000,60246,1,SF,1,100,115.2912
1738264924.922055,1189502.000,60294,1,SF,1,100,116.0397
1738264925.322070,1189902.000,60363,1,SF,1,100,116.7796
1738264925.655083,1190235.000,60410,1,SF,1,100,115.4287
1738264925.922094,1190502.000,60456,1,SF,1,100,114.0934
1738264926.255107,1190835.000,60503,1,SF,1,100,112.7736
1738264926.655123,1191235.000,60567,1,SF,1,100,113.5512
1738264926.922133,1191502.000,60614,1,SF,1,100,112.2377
1738264927.255146,1191835.000,60663,1,SF,1,100,113.0216
1738264927.655162,1192235.000,60727,1,SF,1,100,113.7964
1738264927.988175,1192568.000,60775,1,SF,1,100,114.5622
1738264928.321188,1192901.000,60828,1,SF,1,100,113.2370
1738264928.588199,1193168.000,60876,1,SF,1,100,114.0093
1738264928.921212,1193501.000,60925,1,SF,1,100,112.6904
1738264929.255225,1193835.000,60974,1,SF,1,100,113.4690
1738264929.655241,1194235.000,61038,1,SF,1,100,112.1564
1738264929.921251,1194501.000,61085,1,SF,1,100,110.8590
1738264930.255264,1194835.000,61133,1,SF,1,100,109.5766
1738264930.655280,1195235.000,61199,1,SF,1,100,110.3912
1738264930.921290,1195501.000,61247,1,SF,1,100,109.1142
1738264931.254304,1195834.000,61297,1,SF,1,100,112.0165
1738264931.588317,1196168.000,61346,1,SF,1,100,112.8029
1738264931.988333,1196568.000,61412,1,SF,1,100,113.5803
1738264932.254343,1196834.000,61461,1,SF,1,100,114.3486
1738264932.588356,1197168.000,61512,1,SF,1,100,115.1081
1738264932.988372,1197568.000,61574,1,SF,1,100,113.7765
1738264933.254382,1197834.000,61624,1,SF,1,100,114.5426
1738264933.654398,1198234.000,61679,1,SF,1,100,115.2998
1738264933.921408,1198501.000,61727,1,SF,1,100,116.0482
1738264934.254421,1198834.000,61776,1,SF,1,100,116.7880
1738264934.654437,1199234.000,61842,1,SF,1,100,117.5193
1738264934.921448,1199501.000,61891,1,SF,1,100,118.2421
1738264935.254461,1199834.000,61938,1,SF,1,100,116.8742
1738264935.587474,1200167.000,61990,1,SF,1,100,117.6045
1738264935.987490,1200567.000,62052,1,SF,1,100,116.2440
1738264936.254500,1200834.000,62104,1,SF,1,100,119.0638
1738264936.587513,1201167.000,62152,1,SF,1,100,117.6865
1738264936.987529,1201567.000,62216,1,SF,1,100,116.3251
1738264937.254539,1201834.000,62265,1,SF,1,100,117.0617
1738264937.587553,1202167.000,62312,1,SF,1,100,115.7075
1738264937.921566,1202501.000,62359,1,SF,1,100,114.3690
1738264938.321581,1202901.000,62425,1,SF,1,100,115.1282
1738264938.654595,1203234.000,62482,1,SF,1,100,115.8786
1738264938.921605,1203501.000,62531,1,SF,1,100,116.6204
1738264939.254618,1203834.000,62579,1,SF,1,100,117.3536
1738264939.587631,1204167.000,62628,1,SF,1,100,118.0783
1738264939.987647,1204567.000,62694,1,SF,1,100,118.7946
1738264940.254658,1204834.000,62741,1,SF,1,100,117.4204
1738264940.587671,1205167.000,62790,1,SF,1,100,116.0620
1738264940.987686,1205567.000,62856,1,SF,1,100,116.8017
1738264941.320699,1205900.000,62902,1,SF,1,100,115.4505
1738264941.587710,1206167.000,62950,1,SF,1,100,114.1150
1738264941.920723,1206500.000,62998,1,SF,1,100,114.8771
1738264942.320739,1206900.000,63062,1,SF,1,100,115.6305
1738264942.587749,1207167.000,63111,1,SF,1,100,116.3751
1738264942.920762,1207500.000,63162,1,SF,1,100,117.1111
1738264943.253775,1207833.000,63211,1,SF,1,100,117.8386
1738264943.653791,1208233.000,63284,1,SF,1,100,120.6400
1738264943.987804,1208567.000,63333,1,SF,1,100,119.2444
1738264944.320817,1208900.000,63380,1,SF,1,100,117.8650
1738264944.586828,1209166.000,63428,1,SF,1,100,118.5837
1738264944.920841,1209500.000,63477,1,SF,1,100,117.2120
1738264945.320857,1209900.000,63545,1,SF,1,100,117.9383
1738264945.586867,1210166.000,63594,1,SF,1,100,118.6562
1738264945.920880,1210500.000,63643,1,SF,1,100,117.2836
1738264946.320896,1210900.000,63705,1,SF,1,100,115.9269
1738264946.653909,1211233.000,63753,1,SF,1,100,116.6681
1738264946.920920,1211500.000,63801,1,SF,1,100,115.3184
1738264947.253933,1211833.000,63851,1,SF,1,100,118.1489
1738264947.653948,1212233.000,63915,1,SF,1,100,116.7822
1738264947.920959,1212500.000,63964,1,SF,1,100,117.5135
1738264948.253972,1212833.000,64011,1,SF,1,100,116.1541
1738264948.586985,1213166.000,64060,1,SF,1,100,116.8926
1738264948.919998,1213499.000,64113,1,SF,1,100,115.5404
1738264949.320014,1213899.000,64177,1,SF,1,100,116.2861
1738264949.587024,1214166.000,64227,1,SF,1,100,114.9409
1738264949.920038,1214499.000,64273,1,SF,1,100,113.6113
1738264950.254051,1214833.000,64324,1,SF,1,100,116.4615
1738264950.654066,1215233.000,64388,1,SF,1,100,115.1143
1738264950.920077,1215499.000,64435,1,SF,1,100,113.7826
1738264951.254090,1215833.000,64484,1,SF,1,100,112.4664
1738264951.654106,1216233.000,64550,1,SF,1,100,113.2476
1738264951.920116,1216499.000,64596,1,SF,1,100,111.9375
1738264952.253129,1216832.000,64646,1,SF,1,100,112.7249
1738264952.587142,1217166.000,64692,1,SF,1,100,111.4209
1738264952.987158,1217566.000,64756,1,SF,1,100,112.2142
1738264953.253169,1217832.000,64807,1,SF,1,100,112.9984
1738264953.587182,1218166.000,64853,1,SF,1,100,111.6912
1738264953.920195,1218499.000,64908,1,SF,1,100,112.4814
1738264954.253208,1218832.000,64956,1,SF,1,100,113.2624
1738264954.653224,1219232.000,65022,1,SF,1,100,114.0345
1738264954.920234,1219499.000,65074,1,SF,1,100,114.7976
1738264955.253247,1219832.000,65120,1,SF,1,100,113.4696
1738264955.653263,1220232.000,65186,1,SF,1,100,114.2392
1738264955.920273,1220499.000,65233,1,SF,1,100,112.9177
1738264956.253287,1220832.000,65282,1,SF,1,100,113.6937
1738264956.586300,1221165.000,65331,1,SF,1,100,114.4607
1738264956.986315,1221565.000,65393,1,SF,1,100,113.1366
1738264957.253326,1221832.000,65441,1,SF,1,100,111.8279
1738264957.586339,1222165.000,65490,1,SF,1,100,112.6165
1738264957.986355,1222565.000,18,1,SF,1,100,111.3137
1738264958.253365,1222832.000,67,1,SF,1,100,112.1083
1738264958.586378,1223165.000,114,1,SF,1,100,110.8114
1738264958.919391,1223498.000,162,1,SF,1,100,111.6118
1738264959.319407,1223898.000,231,1,SF,1,100,110.3207
1738264959.586417,1224165.000,279,1,SF,1,100,109.0445
1738264959.919431,1224498.000,325,1,SF,1,100,107.7830
1738264960.253444,1224832.000,378,1,SF,1,100,110.7007
1738264960.653460,1225232.000,446,1,SF,1,100,111.5024
1738264960.919470,1225498.000,493,1,SF,1,100,110.2125
1738264961.253483,1225832.000,544,1,SF,1,100,111.0198
1738264961.652499,1226231.000,608,1,SF,1,100,111.8178
1738264961.919509,1226498.000,654,1,SF,1,100,110.5243
1738264962.252522,1226831.000,706,1,SF,1,100,111.3280
1738264962.586535,1227165.000,754,1,SF,1,100,110.0401
1738264962.986551,1227565.000,818,1,SF,1,100,110.8494
1738264963.252562,1227831.000,867,1,SF,1,100,111.6494
1738264963.586575,1228165.000,914,1,SF,1,100,110.3578
1738264963.919588,1228498.000,963,1,SF,1,100,111.1634
1738264964.319604,1228898.000,1030,1,SF,1,100,109.8775
1738264964.586614,1229165.000,1076,1,SF,1,100,108.6064
1738264964.919627,1229498.000,1124,1,SF,1,100,107.3500
1738264965.252640,1229831.000,1172,1,SF,1,100,108.1905
1738264965.652656,1230231.000,1236,1,SF,1,100,106.9389
1738264965.919667,1230498.000,1285,1,SF,1,100,107.7841
1738264966.252680,1230831.000,1333,1,SF,1,100,108.6195
1738264966.652695,1231231.000,1397,1,SF,1,100,109.4452
1738264966.919706,1231498.000,1447,1,SF,1,100,110.2614
1738264967.252719,1231831.000,1495,1,SF,1,100,111.0681
1738264967.585732,1232164.000,1542,1,SF,1,100,109.7833
1738264967.985748,1232564.000,1606,1,SF,1,100,110.5956
1738264968.252758,1232831.000,1653,1,SF,1,100,109.3162
1738264968.585771,1233164.000,1704,1,SF,1,100,110.1339
1738264968.985787,1233564.000,1770,1,SF,1,100,110.9421
1738264969.318800,1233897.000,1823,1,SF,1,100,111.7409
1738264969.585811,1234164.000,1871,1,SF,1,100,110.4483
1738264969.918824,1234497.000,1921,1,SF,1,100,111.2529
1738264970.318840,1234897.000,1987,1,SF,1,100,112.0482
1738264970.585850,1235164.000,2036,1,SF,1,100,110.7520
1738264970.918863,1235497.000,2086,1,SF,1,100,113.6353
1738264971.318879,1235897.000,2151,1,SF,1,100,112.3208
1738264971.652892,1236231.000,2200,1,SF,1,100,113.1037
1738264971.918902,1236497.000,2250,1,SF,1,100,113.8775
1738264972.251915,1236830.000,2301,1,SF,1,100,116.7247
1738264972.651931,1237230.000,2365,1,SF,1,100,115.3744
1738264972.918942,1237497.000,2414,1,SF,1,100,114.0398
1738264973.251955,1237830.000,2463,1,SF,1,100,114.8028
1738264973.651971,1238230.000,2525,1,SF,1,100,113.4747
1738264973.985984,1238564.000,2573,1,SF,1,100,114.2443
1738264974.251994,1238830.000,2621,1,SF,1,100,112.9227
1738264974.586007,1239164.000,2674,1,SF,1,100,113.6987
1738264974.919020,1239497.000,2721,1,SF,1,100,112.3834
1738264975.319036,1239897.000,2789,1,SF,1,100,113.1656
1738264975.585047,1240163.000,2836,1,SF,1,100,111.8565
1738264975.919060,1240497.000,2885,1,SF,1,100,112.6448
1738264976.319075,1240897.000,2947,1,SF,1,100,111.3417
1738264976.652089,1241230.000,2997,1,SF,1,100,112.1359
1738264976.919099,1241497.000,3047,1,SF,1,100,110.8388
1738264977.252112,1241830.000,3097,1,SF,1,100,113.7211
1738264977.652128,1242230.000,3161,1,SF,1,100,112.4055
1738264977.919138,1242497.000,3208,1,SF,1,100,111.1052
1738264978.252151,1242830.000,3256,1,SF,1,100,111.9022
1738264978.652167,1243230.000,3319,1,SF,1,100,110.6077
1738264978.985180,1243563.000,3368,1,SF,1,100,111.4104
1738264979.252191,1243830.000,3418,1,SF,1,100,112.2039
1738264979.585204,1244163.000,3470,1,SF,1,100,110.9059
1738264979.985219,1244563.000,3536,1,SF,1,100,111.7052
1738264980.252230,1244830.000,3583,1,SF,1,100,110.4130
1738264980.585243,1245163.000,3634,1,SF,1,100,109.1357
1738264980.918256,1245496.000,3682,1,SF,1,100,109.9555
1738264981.318272,1245896.000,3746,1,SF,1,100,108.6835
1738264981.585283,1246163.000,3796,1,SF,1,100,109.5085
1738264981.918296,1246496.000,3844,1,SF,1,100,108.2417
1738264982.318311,1246896.000,3908,1,SF,1,100,109.0718
1738264982.585322,1247163.000,3959,1,SF,1,100,109.8923
1738264982.918335,1247496.000,4006,1,SF,1,100,108.6211
1738264983.251348,1247829.000,4057,1,SF,1,100,109.4468
1738264983.651364,1248229.000,4123,1,SF,1,100,110.2629
1738264983.918374,1248496.000,4171,1,SF,1,100,111.0697
1738264984.251387,1248829.000,4220,1,SF,1,100,109.7848
1738264984.651403,1249229.000,4290,1,SF,1,100,110.5971
1738264984.985416,1249563.000,4338,1,SF,1,100,109.3177
1738264985.251427,1249829.000,4387,1,SF,1,100,110.1353
1738264985.584440,1250162.000,4437,1,SF,1,100,110.9435
1738264985.984455,1250562.000,4503,1,SF,1,100,111.7424
1738264986.251466,1250829.000,4555,1,SF,1,100,112.5320
1738264986.584479,1251162.000,4601,1,SF,1,100,111.2302
1738264986.918492,1251496.000,4652,1,SF,1,100,112.0257
1738264987.318508,1251896.000,4716,1,SF,1,100,110.7298
1738264987.584518,1252162.000,4765,1,SF,1,100,111.5311
1738264987.918531,1252496.000,4814,1,SF,1,100,110.2409
1738264988.317547,1252895.000,4878,1,SF,1,100,111.0479
1738264988.651560,1253229.000,4926,1,SF,1,100,111.8456
1738264988.917571,1253495.000,4976,1,SF,1,100,112.6340
1738264989.251584,1253829.000,5022,1,SF,1,100,111.3310
1738264989.651600,1254229.000,5095,1,SF,1,100,114.2076
1738264989.984613,1254562.000,5142,1,SF,1,100,112.8865
1738264990.251623,1254829.000,5189,1,SF,1,100,111.5806
1738264990.584636,1255162.000,5240,1,SF,1,100,110.2898
1738264990.917650,1255495.000,5288,1,SF,1,100,111.0962
1738264991.317665,1255895.000,5352,1,SF,1,100,111.8933
1738264991.584676,1256162.000,5404,1,SF,1,100,112.6812
1738264991.917689,1256495.000,5452,1,SF,1,100,113.4599
1738264992.317704,1256895.000,5516,1,SF,1,100,112.1474
1738264992.650717,1257228.000,5565,1,SF,1,100,112.9323
1738264992.917728,1257495.000,5614,1,SF,1,100,113.7082
1738264993.250741,1257828.000,5661,1,SF,1,100,112.3928
1738264993.650757,1258228.000,5727,1,SF,1,100,113.1749
1738264993.917767,1258495.000,5775,1,SF,1,100,113.9479
1738264994.250781,1258828.000,5823,1,SF,1,100,112.6298
1738264994.650796,1259228.000,5891,1,SF,1,100,115.4914
1738264994.984809,1259562.000,5944,1,SF,1,100,114.1553
1738264995.250820,1259828.000,5993,1,SF,1,100,114.9170
1738264995.583833,1260161.000,6046,1,SF,1,100,115.6699
1738264995.917846,1260495.000,6097,1,SF,1,100,118.4963
1738264996.317862,1260895.000,6161,1,SF,1,100,117.1256
1738264996.583872,1261161.000,6209,1,SF,1,100,117.8529
1738264996.917885,1261495.000,6256,1,SF,1,100,116.4896
1738264997.317901,1261895.000,6322,1,SF,1,100,117.2243
1738264997.583911,1262161.000,6373,1,SF,1,100,117.9505
1738264997.917925,1262495.000,6422,1,SF,1,100,118.6683
1738264998.250938,1262828.000,6468,1,SF,1,100,117.2955
1738264998.650954,1263228.000,6534,1,SF,1,100,118.0209
1738264998.917964,1263495.000,6582,1,SF,1,100,116.6556
1738264999.250977,1263828.000,6628,1,SF,1,100,115.3061
1738264999.650993,1264228.000,6692,1,SF,1,100,116.0545
1738264999.984006,1264561.000,6728,1,SF,1,100,114.7120
1738265000.251016,1264828.000,6779,1,SF,1,100,115.4672
1738265000.584029,1265161.000,6830,1,SF,1,100,116.2138
1738265000.984045,1265561.000,6892,1,SF,1,100,114.8694
1738265001.317058,1265894.000,6940,1,SF,1,100,115.6228
1738265001.584069,1266161.000,6990,1,SF,1,100,114.2853
1738265001.917082,1266494.000,7038,1,SF,1,100,115.0455
1738265002.317098,1266894.000,7102,1,SF,1,100,113.7146
1738265002.584108,1267161.000,7153,1,SF,1,100,114.4814
1738265002.917121,1267494.000,7200,1,SF,1,100,113.1571
1738265003.250134,1267827.000,7249,1,SF,1,100,113.9303
1738265003.650150,1268227.000,7313,1,SF,1,100,114.6946
1738265003.917161,1268494.000,7361,1,SF,1,100,115.4501
1738265004.250174,1268827.000,7408,1,SF,1,100,114.1146
1738265004.650189,1269227.000,7472,1,SF,1,100,114.8767
1738265004.917200,1269494.000,7519,1,SF,1,100,113.5478
1738265005.250213,1269827.000,7575,1,SF,1,100,114.3165
1738265005.583226,1270160.000,7623,1,SF,1,100,112.9941
1738265005.983242,1270560.000,7687,1,SF,1,100,113.7693
1738265006.250252,1270827.000,7737,1,SF,1,100,114.5354
1738265006.583265,1271160.000,7785,1,SF,1,100,113.2105
1738265006.983281,1271560.000,7849,1,SF,1,100,113.9831
1738265007.250292,1271827.000,7896,1,SF,1,100,112.6645
1738265007.583305,1272160.000,7945,1,SF,1,100,113.4435
1738265007.917318,1272494.000,7994,1,SF,1,100,112.1311
1738265008.317333,1272894.000,8056,1,SF,1,100,110.8340
1738265008.583344,1273160.000,8104,1,SF,1,100,111.6341
1738265008.916357,1273493.000,8151,1,SF,1,100,110.3427
1738265009.316373,1273893.000,8220,1,SF,1,100,111.1485
1738265009.650386,1274227.000,8270,1,SF,1,100,111.9450
1738265009.917397,1274494.000,8317,1,SF,1,100,110.6500
1738265010.250410,1274827.000,8369,1,SF,1,100,109.3700
1738265010.583423,1275160.000,8418,1,SF,1,100,108.1048
1738265010.983438,1275560.000,8482,1,SF,1,100,108.9365
1738265011.249449,1275826.000,8528,1,SF,1,100,107.6763
1738265011.583462,1276160.000,8577,1,SF,1,100,106.4307
1738265011.983478,1276560.000,8643,1,SF,1,100,107.2818
1738265012.250488,1276827.000,8690,1,SF,1,100,106.0407
1738265012.583501,1277160.000,8739,1,SF,1,100,104.8140
1738265012.916514,1277493.000,8789,1,SF,1,100,107.7660
1738265013.316530,1277893.000,8855,1,SF,1,100,108.6017
1738265013.583541,1278160.000,8907,1,SF,1,100,111.5098
1738265013.916554,1278493.000,8957,1,SF,1,100,112.3021
1738265014.316569,1278893.000,9019,1,SF,1,100,111.0030
1738265014.583580,1279160.000,9070,1,SF,1,100,111.8012
1738265014.916593,1279493.000,9121,1,SF,1,100,112.5901
1738265015.249606,1279826.000,9175,1,SF,1,100,113.3699
1738265015.649622,1280226.000,9241,1,SF,1,100,112.0584
1738265015.983635,1280560.000,9287,1,SF,1,100,110.7621
1738265016.249645,1280826.000,9339,1,SF,1,100,113.6453
1738265016.582659,1281159.000,9385,1,SF,1,100,112.3307
1738265016.982674,1281559.000,9451,1,SF,1,100,113.1135
1738265017.249685,1281826.000,9502,1,SF,1,100,113.8872
1738265017.582698,1282159.000,9549,1,SF,1,100,112.5698
1738265017.916711,1282493.000,9600,1,SF,1,100,113.3498
1738265018.316727,1282893.000,9662,1,SF,1,100,112.0386
1738265018.582737,1283159.000,9710,1,SF,1,100,112.8248
1738265018.915750,1283492.000,9759,1,SF,1,100,113.6019
1738265019.315766,1283892.000,9823,1,SF,1,100,114.3699
1738265019.582777,1284159.000,9870,1,SF,1,100,113.0469
1738265019.915790,1284492.000,9921,1,SF,1,100,113.8214
1738265020.249803,1284826.000,9967,1,SF,1,100,112.5047
1738265020.649818,1285226.000,10040,1,SF,1,100,115.3678
1738265020.915829,1285492.000,10088,1,SF,1,100,114.0332
1738265021.249842,1285826.000,10136,1,SF,1,100,114.7963
1738265021.649858,1286226.000,10200,1,SF,1,100,115.5506
1738265021.915868,1286492.000,10249,1,SF,1,100,114.2139
1738265022.248881,1286825.000,10298,1,SF,1,100,114.9749
1738265022.582894,1287159.000,10347,1,SF,1,100,115.7271
1738265022.982910,1287559.000,10409,1,SF,1,100,114.3884
1738265023.248921,1287825.000,10457,1,SF,1,100,115.1474
1738265023.582934,1288159.000,10507,1,SF,1,100,115.8976
1738265023.915947,1288492.000,10553,1,SF,1,100,114.5569
1738265024.315963,1288892.000,10617,1,SF,1,100,115.3139
1738265024.581973,1289158.000,10664,1,SF,1,100,113.9800
1738265024.915986,1289492.000,10712,1,SF,1,100,114.7437
1738265025.316002,1289892.000,10779,1,SF,1,100,115.4986
1738265025.649015,1290225.000,10835,1,SF,1,100,116.2448
1738265025.916025,1290492.000,10883,1,SF,1,100,116.9823
1738265026.249038,1290825.000,10934,1,SF,1,100,117.7113
1738265026.649054,1291225.000,10997,1,SF,1,100,116.3496
1738265026.916065,1291492.000,11045,1,SF,1,100,117.0859
1738265027.249078,1291825.000,11092,1,SF,1,100,115.7314
1738265027.582091,1292158.000,11142,1,SF,1,100,116.4749
1738265027.982107,1292558.000,11204,1,SF,1,100,115.1275
1738265028.249117,1292825.000,11252,1,SF,1,100,113.7957
1738265028.582130,1293158.000,11300,1,SF,1,100,114.5616
1738265028.982146,1293558.000,11364,1,SF,1,100,115.3186
1738265029.316159,1293892.000,11411,1,SF,1,100,113.9845
1738265029.582170,1294158.000,11460,1,SF,1,100,114.7482
1738265029.915183,1294491.000,11509,1,SF,1,100,115.5031
1738265030.315198,1294891.000,11573,1,SF,1,100,114.1669
1738265030.582209,1295158.000,11628,1,SF,1,100,114.9285
1738265030.915222,1295491.000,11681,1,SF,1,100,117.7635
1738265031.315238,1295891.000,11744,1,SF,1,100,116.4012
1738265031.649251,1296225.000,11792,1,SF,1,100,117.1369
1738265031.915261,1296491.000,11841,1,SF,1,100,117.8641
1738265032.248274,1296824.000,11887,1,SF,1,100,116.5006
1738265032.648290,1297224.000,11951,1,SF,1,100,115.1529
1738265032.915301,1297491.000,12001,1,SF,1,100,115.9031
1738265033.248314,1297824.000,12051,1,SF,1,100,116.6446
1738265033.648329,1298224.000,12113,1,SF,1,100,115.2952
1738265033.982343,1298558.000,12164,1,SF,1,100,116.0437
1738265034.248353,1298824.000,12213,1,SF,1,100,116.7836
1738265034.582366,1299158.000,12262,1,SF,1,100,117.5149
1738265034.981382,1299557.000,12328,1,SF,1,100,118.2377
1738265035.248392,1299824.000,12374,1,SF,1,100,116.8699
1738265035.582406,1300158.000,12425,1,SF,1,100,117.6002
1738265035.981421,1300557.000,12497,1,SF,1,100,118.3221
1738265036.315434,1300891.000,12543,1,SF,1,100,116.9533
1738265036.581445,1301157.000,12592,1,SF,1,100,117.6826
1738265036.915458,1301491.000,12640,1,SF,1,100,118.4035
1738265037.315474,1301891.000,12702,1,SF,1,100,117.0338
1738265037.581484,1302157.000,12752,1,SF,1,100,115.6800
1738265037.914497,1302490.000,12800,1,SF,1,100,116.4240
1738265038.248510,1302824.000,12847,1,SF,1,100,115.0772
1738265038.648526,1303224.000,12911,1,SF,1,100,115.8283
1738265038.914536,1303490.000,12962,1,SF,1,100,116.5706
1738265039.248550,1303824.000,13011,1,SF,1,100,117.3044
1738265039.648565,1304224.000,13075,1,SF,1,100,115.9474
1738265039.914576,1304490.000,13121,1,SF,1,100,114.6061
1738265040.248589,1304824.000,13169,1,SF,1,100,113.2803
1738265040.581602,1305157.000,13217,1,SF,1,100,111.9699
1738265040.914615,1305490.000,13271,1,SF,1,100,112.7569
1738265041.248628,1305824.000,13323,1,SF,1,100,115.6170
1738265041.647644,1306223.000,13387,1,SF,1,100,114.2795
1738265041.914654,1306490.000,13435,1,SF,1,100,112.9575
1738265042.247668,1306823.000,13485,1,SF,1,100,113.7331
1738265042.581681,1307157.000,13531,1,SF,1,100,112.4174
1738265042.981696,1307557.000,13595,1,SF,1,100,113.1992
1738265043.247707,1307823.000,13644,1,SF,1,100,113.9720
1738265043.581720,1308157.000,13692,1,SF,1,100,114.7358
1738265043.981736,1308557.000,13754,1,SF,1,100,113.4085
1738265044.247746,1308823.000,13804,1,SF,1,100,112.0966
1738265044.581759,1309157.000,13852,1,SF,1,100,112.8821
1738265044.914773,1309490.000,13901,1,SF,1,100,113.6585
1738265045.314788,1309890.000,13965,1,SF,1,100,112.3437
1738265045.581799,1310157.000,14018,1,SF,1,100,115.2086
1738265045.914812,1310490.000,14067,1,SF,1,100,113.8759
1738265046.314827,1310890.000,14138,1,SF,1,100,114.6408
1738265046.580838,1311156.000,14188,1,SF,1,100,115.3969
1738265046.914851,1311490.000,14236,1,SF,1,100,114.0620
1738265047.247864,1311823.000,14286,1,SF,1,100,114.8248
1738265047.647880,1312223.000,14348,1,SF,1,100,113.4965
1738265047.914891,1312490.000,14399,1,SF,1,100,114.2658
1738265048.247904,1312823.000,14445,1,SF,1,100,112.9439
1738265048.647919,1313223.000,14512,1,SF,1,100,113.7197
1738265048.980932,1313556.000,14561,1,SF,1,100,112.4041
1738265049.247943,1313823.000,14607,1,SF,1,100,111.1038
1738265049.580956,1314156.000,14656,1,SF,1,100,111.9008
1738265049.980972,1314556.000,14720,1,SF,1,100,112.6886
1738265050.247982,1314823.000,14769,1,SF,1,100,113.4673
1738265050.580995,1315156.000,14822,1,SF,1,100,114.2369
1738265050.981011,1315556.000,14886,1,SF,1,100,114.9977
1738265051.248021,1315823.000,14939,1,SF,1,100,115.7496
1738265051.581035,1316156.000,14989,1,SF,1,100,116.4929
1738265051.914048,1316489.000,15035,1,SF,1,100,115.1453
1738265052.314063,1316889.000,15099,1,SF,1,100,115.8955
1738265052.581074,1317156.000,15146,1,SF,1,100,114.5548
1738265052.914087,1317489.000,15194,1,SF,1,100,113.2297
1738265053.314103,1317889.000,15259,1,SF,1,100,114.0021
1738265053.647116,1318222.000,15308,1,SF,1,100,114.7655
1738265053.914126,1318489.000,15356,1,SF,1,100,115.5202
1738265054.247139,1318822.000,15407,1,SF,1,100,116.2661
1738265054.647155,1319222.000,15469,1,SF,1,100,114.9211
1738265054.914165,1319489.000,15518,1,SF,1,100,115.6740
1738265055.247179,1319822.000,15569,1,SF,1,100,118.5003
1738265055.647194,1320222.000,15633,1,SF,1,100,117.1295
1738265055.980207,1320555.000,15683,1,SF,1,100,117.8568
1738265056.247218,1320822.000,15736,1,SF,1,100,116.4934
1738265056.580231,1321155.000,15784,1,SF,1,100,117.2281
1738265056.914244,1321489.000,15835,1,SF,1,100,117.9542
1738265057.314260,1321889.000,15897,1,SF,1,100,116.5897
1738265057.580271,1322155.000,15948,1,SF,1,100,117.3233
1738265057.913284,1322488.000,15995,1,SF,1,100,115.9661
1738265058.314299,1322889.000,16057,1,SF,1,100,114.6246
1738265058.580310,1323155.000,16105,1,SF,1,100,115.3808
1738265058.913323,1323488.000,16155,1,SF,1,100,116.1283
1738265059.247336,1323822.000,16205,1,SF,1,100,116.8672
1738265059.647352,1324222.000,16269,1,SF,1,100,115.5153
1738265059.913362,1324488.000,16318,1,SF,1,100,116.2613
1738265060.247375,1324822.000,16366,1,SF,1,100,116.9986
1738265060.647391,1325222.000,16434,1,SF,1,100,117.7274
1738265060.913402,1325488.000,16482,1,SF,1,100,116.3655
1738265061.247415,1325822.000,16532,1,SF,1,100,119.1839
1738265061.580428,1326155.000,16584,1,SF,1,100,117.8052
1738265061.913441,1326488.000,16630,1,SF,1,100,116.4424
1738265062.246454,1326821.000,16681,1,SF,1,100,117.1776
1738265062.646470,1327221.000,16745,1,SF,1,100,117.9044
1738265062.913480,1327488.000,16792,1,SF,1,100,116.5404
1738265063.246493,1327821.000,16841,1,SF,1,100,117.2745
1738265063.647509,1328222.000,16905,1,SF,1,100,115.9179
1738265063.913519,1328488.000,16953,1,SF,1,100,114.5770
1738265064.246532,1328821.000,17003,1,SF,1,100,115.3338
1738265064.580546,1329155.000,17053,1,SF,1,100,116.0818
1738265064.980561,1329555.000,17117,1,SF,1,100,114.7390
1738265065.246572,1329821.000,17166,1,SF,1,100,115.4939
1738265065.579585,1330154.000,17216,1,SF,1,100,116.2401
1738265065.979601,1330554.000,17278,1,SF,1,100,114.8955
1738265066.246611,1330821.000,17328,1,SF,1,100,115.6486
1738265066.579624,1331154.000,17382,1,SF,1,100,116.3930
1738265066.913637,1331488.000,17431,1,SF,1,100,117.1288
1738265067.313653,1331888.000,17495,1,SF,1,100,117.8561
1738265067.579664,1332154.000,17544,1,SF,1,100,118.5750
1738265067.913677,1332488.000,17591,1,SF,1,100,117.2033
1738265068.312692,1332887.000,17657,1,SF,1,100,117.9298
1738265068.646706,1333221.000,17709,1,SF,1,100,120.7301
1738265068.912716,1333487.000,17757,1,SF,1,100,119.3334
1738265069.246729,1333821.000,17803,1,SF,1,100,117.9530
1738265069.646745,1334221.000,17867,1,SF,1,100,118.6708
1738265069.912755,1334487.000,17914,1,SF,1,100,117.2980
1738265070.246768,1334821.000,17962,1,SF,1,100,118.0233
1738265070.646784,1335221.000,18029,1,SF,1,100,116.6580
1738265070.979797,1335554.000,18078,1,SF,1,100,117.3907
1738265071.245808,1335820.000,18124,1,SF,1,100,116.0328
1738265071.579821,1336154.000,18180,1,SF,1,100,116.7727
1738265071.979837,1336554.000,18244,1,SF,1,100,117.5041
1738265072.245847,1336820.000,18293,1,SF,1,100,116.1448
1738265072.579860,1337154.000,18342,1,SF,1,100,116.8835
1738265072.979876,1337554.000,18406,1,SF,1,100,117.6137
1738265073.312889,1337887.000,18452,1,SF,1,100,116.2531
1738265073.579900,1338154.000,18504,1,SF,1,100,116.9905
1738265073.912913,1338487.000,18552,1,SF,1,100,117.7194
1738265074.312928,1338887.000,18616,1,SF,1,100,116.3576
1738265074.579939,1339154.000,18663,1,SF,1,100,115.0116
1738265074.912952,1339487.000,18714,1,SF,1,100,115.7634
1738265075.245965,1339820.000,18761,1,SF,1,100,114.4242
1738265075.645981,1340220.000,18827,1,SF,1,100,113.1006
1738265075.912991,1340487.000,18875,1,SF,1,100,113.8745
1738265076.246004,1340820.000,18923,1,SF,1,100,112.5572
1738265076.713023,1341287.000,18992,1,SF,1,100,111.2551
1738265076.913031,1341487.000,19023,1,SF,1,100,109.9681
1738265077.313046,1341887.000,19087,1,SF,1,100,110.7782
1738265077.579057,1342153.000,19134,1,SF,1,100,109.4967
1738265077.913070,1342487.000,19183,1,SF,1,100,108.2301
1738265078.313086,1342887.000,19249,1,SF,1,100,109.0603
1738265078.579096,1343153.000,19295,1,SF,1,100,107.7987
1738265078.912109,1343486.000,19345,1,SF,1,100,108.6339
1738265079.246122,1343820.000,19395,1,SF,1,100,109.4595
1738265079.646138,1344220.000,19461,1,SF,1,100,110.2755
1738265079.912148,1344486.000,19512,1,SF,1,100,113.1643
1738265080.246162,1344820.000,19560,1,SF,1,100,113.9375
1738265080.646177,1345220.000,19627,1,SF,1,100,112.6194
1738265080.979190,1345553.000,19676,1,SF,1,100,113.3989
1738265081.246201,1345820.000,19724,1,SF,1,100,114.1694
1738265081.579214,1346153.000,19775,1,SF,1,100,114.9309
1738265081.979230,1346553.000,19844,1,SF,1,100,115.6836
1738265082.246240,1346820.000,19893,1,SF,1,100,114.3454
1738265082.579253,1347153.000,19942,1,SF,1,100,115.1049
1738265082.912266,1347486.000,19988,1,SF,1,100,113.7733
1738265083.312282,1347886.000,20052,1,SF,1,100,114.5395
1738265083.579293,1348153.000,20102,1,SF,1,100,115.2967
1738265083.912306,1348486.000,20150,1,SF,1,100,113.9629
1738265084.312321,1348886.000,20214,1,SF,1,100,112.6446
1738265084.579332,1349153.000,20265,1,SF,1,100,113.4238
1738265084.912345,1349486.000,20314,1,SF,1,100,114.1939
1738265085.245358,1349819.000,20363,1,SF,1,100,114.9552
1738265085.645374,1350219.000,20429,1,SF,1,100,115.7076
1738265085.912384,1350486.000,20479,1,SF,1,100,116.4514
1738265086.245398,1350819.000,20528,1,SF,1,100,117.1865
1738265086.645413,1351219.000,20594,1,SF,1,100,117.9131
1738265086.912424,1351486.000,20648,1,SF,1,100,116.5491
1738265087.245437,1351819.000,20697,1,SF,1,100,117.2831
1738265087.578450,1352152.000,20745,1,SF,1,100,118.0086
1738265087.978466,1352552.000,20809,1,SF,1,100,118.7257
1738265088.245476,1352819.000,20859,1,SF,1,100,119.4346
1738265088.578489,1353152.000,20905,1,SF,1,100,118.0529
1738265088.978505,1353552.000,20969,1,SF,1,100,118.7695
1738265089.311518,1353885.000,21020,1,SF,1,100,119.4779
1738265089.578529,1354152.000,21067,1,SF,1,100,118.0957
1738265089.911542,1354485.000,21116,1,SF,1,100,118.8118
1738265090.311557,1354885.000,21184,1,SF,1,100,119.5197
1738265090.578568,1355152.000,21232,1,SF,1,100,120.2193
1738265090.911581,1355485.000,21282,1,SF,1,100,120.9109
1738265091.311597,1355885.000,21346,1,SF,1,100,119.5122
1738265091.645610,1356219.000,21394,1,SF,1,100,120.2119
1738265091.911620,1356485.000,21443,1,SF,1,100,120.9035
1738265092.244633,1356818.000,21496,1,SF,1,100,121.5872
1738265092.644649,1357218.000,21560,1,SF,1,100,122.2629
1738265092.911659,1357485.000,21610,1,SF,1,100,122.9308
1738265093.244673,1357818.000,21658,1,SF,1,100,123.5910
1738265093.578686,1358152.000,21707,1,SF,1,100,122.1612
1738265093.978702,1358552.000,21773,1,SF,1,100,122.8303
1738265094.244712,1358818.000,21820,1,SF,1,100,121.4094
1738265094.578725,1359152.000,21871,1,SF,1,100,122.0872
1738265094.977741,1359551.000,21935,1,SF,1,100,122.7571
1738265095.244751,1359818.000,21983,1,SF,1,100,123.4193
1738265095.577765,1360151.000,22035,1,SF,1,100,124.0739
1738265095.911777,1360485.000,22081,1,SF,1,100,122.6386
1738265096.311793,1360885.000,22147,1,SF,1,100,123.3021
1738265096.577804,1361151.000,22198,1,SF,1,100,123.9580
1738265096.911817,1361485.000,22246,1,SF,1,100,124.6063
1738265097.244830,1361818.000,22299,1,SF,1,100,123.1648
1738265097.644846,1362218.000,22363,1,SF,1,100,121.7401
1738265097.911856,1362485.000,22411,1,SF,1,100,122.4140
1738265098.244869,1362818.000,22463,1,SF,1,100,123.0802
1738265098.577882,1363151.000,22511,1,SF,1,100,123.7386
1738265098.977898,1363551.000,22575,1,SF,1,100,124.3895
1738265099.244909,1363818.000,22624,1,SF,1,100,122.9505
1738265099.577922,1364151.000,22672,1,SF,1,100,123.6105
1738265099.977937,1364551.000,22740,1,SF,1,100,126.3450
1738265100.244948,1364818.000,22788,1,SF,1,100,124.8835
1738265100.577961,1365151.000,22838,1,SF,1,100,125.5211
1738265100.977977,1365551.000,22900,1,SF,1,100,124.0690
1738265101.310990,1365884.000,22949,1,SF,1,100,124.7160
1738265101.578000,1366151.000,22996,1,SF,1,100,123.2733
1738265101.911013,1366484.000,23047,1,SF,1,100,123.9295
1738265102.311029,1366884.000,23114,1,SF,1,100,122.4959
1738265102.578040,1367151.000,23162,1,SF,1,100,123.1611
1738265102.911053,1367484.000,23212,1,SF,1,100,123.8186
1738265103.244066,1367817.000,23260,1,SF,1,100,122.3863
1738265103.644082,1368217.000,23324,1,SF,1,100,123.0528
1738265103.911092,1368484.000,23371,1,SF,1,100,121.6293
1738265104.244105,1368817.000,23417,1,SF,1,100,120.2223
1738265104.644121,1369217.000,23479,1,SF,1,100,118.8315
1738265104.911131,1369484.000,23527,1,SF,1,100,117.4569
1738265105.244144,1369817.000,23573,1,SF,1,100,116.0981
1738265105.577157,1370150.000,23624,1,SF,1,100,116.8374
1738265105.977173,1370550.000,23686,1,SF,1,100,115.4858
1738265106.244184,1370817.000,23735,1,SF,1,100,116.2321
1738265106.577197,1371150.000,23782,1,SF,1,100,114.8875
1738265106.977213,1371550.000,23844,1,SF,1,100,113.5585
1738265107.244223,1371817.000,23892,1,SF,1,100,114.3271
1738265107.577236,1372150.000,23947,1,SF,1,100,115.0868
1738265107.911249,1372484.000,23995,1,SF,1,100,115.8377
1738265108.244262,1372817.000,24042,1,SF,1,100,114.4977
1738265108.644278,1373217.000,24108,1,SF,1,100,115.2554
1738265108.910289,1373483.000,24155,1,SF,1,100,113.9221
1738265109.244302,1373817.000,24204,1,SF,1,100,114.6865
1738265109.644317,1374217.000,24266,1,SF,1,100,113.3598
1738265109.910328,1374483.000,24312,1,SF,1,100,112.0485
1738265110.244341,1374817.000,24360,1,SF,1,100,110.7523
1738265110.577354,1375150.000,24408,1,SF,1,100,109.4711
1738265110.977370,1375550.000,24470,1,SF,1,100,108.2047
1738265111.244380,1375817.000,24517,1,SF,1,100,106.9530
1738265111.577394,1376150.000,24563,1,SF,1,100,105.7158
1738265111.977409,1376550.000,24627,1,SF,1,100,104.4929
1738265112.244420,1376817.000,24675,1,SF,1,100,103.2841
1738265112.577433,1377150.000,24726,1,SF,1,100,102.0893
1738265112.910446,1377483.000,24775,1,SF,1,100,100.9083
1738265113.310462,1377883.000,24839,1,SF,1,100,101.8232
1738265113.577472,1378150.000,24886,1,SF,1,100,100.6453
1738265113.910485,1378483.000,24935,1,SF,1,100,101.5633
1738265114.310501,1378883.000,24997,1,SF,1,100,100.3884
1738265114.643514,1379216.000,25043,1,SF,1,100,99.2271
1738265114.910525,1379483.000,25093,1,SF,1,100,100.1615
1738265115.243538,1379816.000,25139,1,SF,1,100,99.0028
1738265115.643553,1380216.000,25203,1,SF,1,100,97.8576
1738265115.910564,1380483.000,25250,1,SF,1,100,96.7255
1738265116.243577,1380816.000,25296,1,SF,1,100,95.6066
1738265116.643593,1381216.000,25359,1,SF,1,100,94.5006
1738265116.976606,1381549.000,25406,1,SF,1,100,93.4074
1738265117.243616,1381816.000,25452,1,SF,1,100,92.3269
1738265117.576629,1382149.000,25504,1,SF,1,100,91.2589
1738265117.909642,1382482.000,25554,1,SF,1,100,92.2854
1738265118.243656,1382816.000,25602,1,SF,1,100,93.3001
1738265118.643671,1383216.000,25666,1,SF,1,100,94.3031
1738265118.909682,1383482.000,25718,1,SF,1,100,95.2944
1738265119.243695,1383816.000,25764,1,SF,1,100,94.1920
1738265119.643711,1384216.000,25828,1,SF,1,100,93.1024
1738265119.909721,1384482.000,25877,1,SF,1,100,92.0254
1738265120.243734,1384816.000,25924,1,SF,1,100,90.9608
1738265120.576747,1385149.000,25977,1,SF,1,100,91.9909
1738265120.976763,1385549.000,26041,1,SF,1,100,93.0089
1738265121.243773,1385816.000,26087,1,SF,1,100,91.9330
1738265121.576787,1386149.000,26136,1,SF,1,100,92.9518
1738265121.976802,1386549.000,26198,1,SF,1,100,91.8765
1738265122.243813,1386816.000,26245,1,SF,1,100,90.8137
1738265122.576826,1387149.000,26294,1,SF,1,100,89.7631
1738265122.909839,1387482.000,26346,1,SF,1,100,88.7248
1738265123.242852,1387815.000,26393,1,SF,1,100,87.6984
1738265123.642868,1388215.000,26457,1,SF,1,100,88.7661
1738265123.909878,1388482.000,26505,1,SF,1,100,87.7393
1738265124.242892,1388815.000,26554,1,SF,1,100,88.8065
1738265124.642907,1389215.000,26618,1,SF,1,100,87.7792
1738265124.909918,1389482.000,26665,1,SF,1,100,86.7638
1738265125.242931,1389815.000,26714,1,SF,1,100,85.7601
1738265125.575944,1390148.000,26764,1,SF,1,100,86.8503
1738265125.975960,1390548.000,26828,1,SF,1,100,87.9278
1738265126.242970,1390815.000,26876,1,SF,1,100,86.9107
1738265126.575983,1391148.000,26922,1,SF,1,100,85.9053
1738265126.975999,1391548.000,26984,1,SF,1,100,84.9115
1738265127.310012,1391882.000,27033,1,SF,1,100,86.0115
1738265127.576023,1392148.000,27082,1,SF,1,100,87.0988
1738265127.910036,1392482.000,27134,1,SF,1,100,86.0912
1738265128.243049,1392815.000,27183,1,SF,1,100,87.1776
1738265128.643064,1393215.000,27248,1,SF,1,100,88.2513
1738265128.976078,1393548.000,27296,1,SF,1,100,89.3127
1738265129.243088,1393815.000,27345,1,SF,1,100,90.3618
1738265129.576101,1394148.000,27391,1,SF,1,100,89.3165
1738265129.976117,1394548.000,27455,1,SF,1,100,90.3655
1738265130.243127,1394815.000,27503,1,SF,1,100,89.3201
1738265130.576140,1395148.000,27553,1,SF,1,100,90.3691
1738265130.909153,1395481.000,27602,1,SF,1,100,89.3237
1738265131.309169,1395881.000,27668,1,SF,1,100,92.4549
1738265131.576180,1396148.000,27715,1,SF,1,100,91.3854
1738265131.909193,1396481.000,27764,1,SF,1,100,92.4105
1738265132.309209,1396881.000,27830,1,SF,1,100,93.4238
1738265132.642222,1397214.000,27878,1,SF,1,100,92.3430
1738265132.909232,1397481.000,27931,1,SF,1,100,91.2748
1738265133.242245,1397814.000,27979,1,SF,1,100,92.3012
1738265133.576258,1398148.000,28026,1,SF,1,100,91.2334
1738265133.976274,1398548.000,28090,1,SF,1,100,92.2603
1738265134.242285,1398814.000,28137,1,SF,1,100,91.1930
1738265134.576298,1399148.000,28184,1,SF,1,100,90.1381
1738265134.975313,1399547.000,28246,1,SF,1,100,89.0954
1738265135.242324,1399814.000,28292,1,SF,1,100,88.0647
1738265135.575337,1400147.000,28344,1,SF,1,100,87.0460
1738265135.909350,1400481.000,28390,1,SF,1,100,86.0390
1738265136.309366,1400881.000,28452,1,SF,1,100,85.0437
1738265136.575376,1401147.000,28499,1,SF,1,100,84.0599
1738265136.909389,1401481.000,28547,1,SF,1,100,83.0875
1738265137.309405,1401881.000,28612,1,SF,1,100,84.2086
1738265137.575416,1402147.000,28659,1,SF,1,100,83.2345
1738265137.908429,1402480.000,28705,1,SF,1,100,82.2716
1738265138.242442,1402814.000,28759,1,SF,1,100,83.4021
1738265138.642458,1403214.000,28821,1,SF,1,100,82.4373
1738265138.909468,1403481.000,28870,1,SF,1,100,83.5659
1738265139.242481,1403814.000,28921,1,SF,1,100,86.7637
1738265139.642497,1404214.000,28983,1,SF,1,100,85.7600
1738265139.975510,1404547.000,29031,1,SF,1,100,86.8502
1738265140.242521,1404814.000,29081,1,SF,1,100,87.9278
1738265140.575534,1405147.000,29133,1,SF,1,100,91.0751
1738265140.975549,1405547.000,29197,1,SF,1,100,90.0216
1738265141.242560,1405814.000,29244,1,SF,1,100,88.9802
1738265141.575573,1406147.000,29293,1,SF,1,100,90.0331
1738265141.908586,1406480.000,29340,1,SF,1,100,88.9916
1738265142.308602,1406880.000,29406,1,SF,1,100,92.1266
1738265142.575612,1407147.000,29454,1,SF,1,100,93.1432
1738265142.908625,1407480.000,29503,1,SF,1,100,92.0657
1738265143.241638,1407813.000,29559,1,SF,1,100,93.0829
1738265143.641654,1408213.000,29623,1,SF,1,100,94.0884
1738265143.908665,1408480.000,29672,1,SF,1,100,95.0822
1738265144.241678,1408813.000,29721,1,SF,1,100,96.0645
1738265144.575691,1409147.000,29770,1,SF,1,100,97.0355
1738265144.975707,1409547.000,29836,1,SF,1,100,97.9953
1738265145.241717,1409813.000,29884,1,SF,1,100,98.9439
1738265145.574730,1410146.000,29937,1,SF,1,100,99.8816
1738265145.974746,1410546.000,29999,1,SF,1,100,98.7261
1738265146.241756,1410813.000,30046,1,SF,1,100,97.5841
1738265146.574769,1411146.000,30093,1,SF,1,100,96.4552
1738265146.908783,1411480.000,30139,1,SF,1,100,95.3394
1738265147.308798,1411880.000,30203,1,SF,1,100,94.2365
1738265147.574809,1412146.000,30255,1,SF,1,100,97.3109
1738265147.908822,1412480.000,30303,1,SF,1,100,96.1852
1738265148.307838,1412879.000,30370,1,SF,1,100,95.0725
1738265148.574848,1413146.000,30417,1,SF,1,100,93.9727
1738265148.907861,1413479.000,30464,1,SF,1,100,92.8856
1738265149.241874,1413813.000,30515,1,SF,1,100,93.8933
1738265149.641890,1414213.000,30581,1,SF,1,100,94.8894
1738265149.907901,1414479.000,30627,1,SF,1,100,93.7917
1738265150.241914,1414813.000,30676,1,SF,1,100,94.7890
1738265150.641929,1415213.000,30742,1,SF,1,100,93.6925
1738265150.974942,1415546.000,30789,1,SF,1,100,92.6086
1738265151.240953,1415812.000,30836,1,SF,1,100,91.5373
1738265151.574966,1416146.000,30882,1,SF,1,100,90.4784
1738265151.974982,1416546.000,30946,1,SF,1,100,91.5140
1738265152.241992,1416813.000,30996,1,SF,1,100,92.5376
1738265152.575005,1417146.000,31042,1,SF,1,100,91.4672
1738265152.975021,1417546.000,31104,1,SF,1,100,90.4091
1738265153.308034,1417879.000,31151,1,SF,1,100,89.3632
1738265153.575045,1418146.000,31186,1,SF,1,100,88.3294
1738265153.975060,1418546.000,31248,1,SF,1,100,87.3076
1738265154.241071,1418812.000,31296,1,SF,1,100,86.2977
1738265154.575084,1419146.000,31344,1,SF,1,100,85.2994
1738265154.975100,1419546.000,31406,1,SF,1,100,84.3126
1738265155.241110,1419812.000,31453,1,SF,1,100,83.3373
1738265155.574123,1420145.000,31502,1,SF,1,100,82.3732
1738265155.908136,1420479.000,31549,1,SF,1,100,81.4203
1738265156.308152,1420879.000,31615,1,SF,1,100,82.5607
1738265156.574163,1421145.000,31663,1,SF,1,100,83.6879
1738265156.908176,1421479.000,31710,1,SF,1,100,82.7198
1738265157.241189,1421812.000,31759,1,SF,1,100,81.7629
1738265157.641205,1422212.000,31821,1,SF,1,100,80.8170
1738265157.907215,1422478.000,31870,1,SF,1,100,81.9644
1738265158.241228,1422812.000,31916,1,SF,1,100,81.0162
1738265158.641244,1423212.000,31989,1,SF,1,100,82.1613
1738265158.908254,1423479.000,32037,1,SF,1,100,81.2108
1738265159.241267,1423812.000,32085,1,SF,1,100,80.2714
1738265159.574281,1424145.000,32132,1,SF,1,100,79.3428
1738265159.974296,1424545.000,32198,1,SF,1,100,80.5072
1738265160.241307,1424812.000,32245,1,SF,1,100,79.5759
1738265160.574320,1425145.000,32294,1,SF,1,100,78.6553
1738265160.974336,1425545.000,32358,1,SF,1,100,77.7455
1738265161.241346,1425812.000,32404,1,SF,1,100,76.8461
1738265161.574359,1426145.000,32452,1,SF,1,100,75.9571
1738265161.907372,1426478.000,32498,1,SF,1,100,75.0784
1738265162.307388,1426878.000,32562,1,SF,1,100,74.2099
1738265162.574399,1427145.000,32611,1,SF,1,100,75.4337
1738265162.907412,1427478.000,32657,1,SF,1,100,74.5611
1738265163.307427,1427878.000,32721,1,SF,1,100,73.6986
1738265163.707443,1428278.000,32776,1,SF,1,100,74.9283
1738265163.907451,1428478.000,32812,1,SF,1,100,78.2260
1738265164.307467,1428878.000,32874,1,SF,1,100,77.3211
1738265164.574477,1429145.000,32923,1,SF,1,100,78.5089
1738265164.907490,1429478.000,32971,1,SF,1,100,79.6829
1738265165.307506,1429878.000,33037,1,SF,1,100,80.8434
1738265165.574517,1430145.000,33089,1,SF,1,100,81.9905
1738265165.907530,1430478.000,33137,1,SF,1,100,83.1242
1738265166.240543,1430811.000,33186,1,SF,1,100,82.1627
1738265166.640558,1431211.000,33250,1,SF,1,100,83.2944
1738265166.907569,1431478.000,33299,1,SF,1,100,82.3309
1738265167.240582,1431811.000,33346,1,SF,1,100,81.3785
1738265167.640598,1432211.000,33408,1,SF,1,100,80.4371
1738265167.973611,1432544.000,33454,1,SF,1,100,79.5066
1738265168.240621,1432811.000,33504,1,SF,1,100,80.6691
1738265168.573634,1433144.000,33552,1,SF,1,100,79.7359
1738265168.906647,1433477.000,33604,1,SF,1,100,78.8135
1738265169.240661,1433811.000,33651,1,SF,1,100,77.9018
1738265169.640676,1434211.000,33713,1,SF,1,100,77.0006
1738265169.906687,1434477.000,33759,1,SF,1,100,76.1099
1738265170.240700,1434811.000,33808,1,SF,1,100,77.3117
1738265170.640716,1435211.000,33874,1,SF,1,100,76.4173
1738265170.906726,1435477.000,33921,1,SF,1,100,75.5333
1738265171.239739,1435810.000,33968,1,SF,1,100,74.6596
1738265171.573752,1436144.000,34014,1,SF,1,100,73.7959
1738265171.973768,1436544.000,34076,1,SF,1,100,72.9422
1738265172.239779,1436810.000,34124,1,SF,1,100,72.0984
1738265172.573792,1437144.000,34170,1,SF,1,100,71.2644
1738265172.973807,1437544.000,34232,1,SF,1,100,70.4400
1738265173.306821,1437877.000,34279,1,SF,1,100,69.6251
1738265173.573831,1438144.000,34326,1,SF,1,100,68.8197
1738265173.906844,1438477.000,34376,1,SF,1,100,68.0236
1738265174.239857,1438810.000,34422,1,SF,1,100,67.2367
1738265174.639873,1439210.000,34487,1,SF,1,100,66.4589
1738265174.906883,1439477.000,34534,1,SF,1,100,65.6901
1738265175.239897,1439810.000,34580,1,SF,1,100,64.9302
1738265175.572910,1440143.000,34629,1,SF,1,100,64.1791
1738265175.973925,1440544.000,34691,1,SF,1,100,63.4366
1738265176.239936,1440810.000,34738,1,SF,1,100,62.7028
1738265176.572949,1441143.000,34787,1,SF,1,100,64.0597
1738265176.972965,1441543.000,34849,1,SF,1,100,63.3186
1738265177.306978,1441877.000,34895,1,SF,1,100,62.5862
1738265177.572988,1442143.000,34943,1,SF,1,100,61.8622
1738265177.906001,1442476.000,34989,1,SF,1,100,61.1465
1738265178.307017,1442877.000,35051,1,SF,1,100,60.4392
1738265178.573028,1443143.000,35098,1,SF,1,100,59.7400
1738265178.906041,1443476.000,35145,1,SF,1,100,59.0490
1738265179.240054,1443810.000,35199,1,SF,1,100,58.3659
1738265179.573067,1444143.000,35245,1,SF,1,100,57.6907
1738265179.973083,1444543.000,35308,1,SF,1,100,57.0233
1738265180.306096,1444876.000,35355,1,SF,1,100,56.3637
1738265180.573106,1445143.000,35403,1,SF,1,100,55.7117
1738265180.906119,1445476.000,35450,1,SF,1,100,55.0672
1738265181.306135,1445876.000,35514,1,SF,1,100,56.5124
1738265181.573146,1446143.000,35561,1,SF,1,100,55.8587
1738265181.906159,1446476.000,35608,1,SF,1,100,55.2125
1738265182.306174,1446876.000,35672,1,SF,1,100,54.5738
1738265182.639188,1447209.000,35718,1,SF,1,100,53.9425
1738265182.906198,1447476.000,35766,1,SF,1,100,53.3185
1738265183.239211,1447809.000,35812,1,SF,1,100,52.7017
1738265183.639227,1448209.000,35876,1,SF,1,100,52.0920
1738265183.906237,1448476.000,35923,1,SF,1,100,51.4894
1738265184.306253,1448876.000,35979,1,SF,1,100,52.9760
1738265184.572263,1449142.000,36026,1,SF,1,100,52.3632
1738265184.906277,1449476.000,36074,1,SF,1,100,53.8397
1738265185.306292,1449876.000,36138,1,SF,1,100,53.2169
1738265185.639305,1450209.000,36188,1,SF,1,100,52.6013
1738265185.906316,1450476.000,36234,1,SF,1,100,51.9928
1738265186.239329,1450809.000,36285,1,SF,1,100,53.4736
1738265186.639345,1451209.000,36349,1,SF,1,100,54.9372
1738265186.906355,1451476.000,36396,1,SF,1,100,54.3017
1738265187.239368,1451809.000,36443,1,SF,1,100,53.6736
1738265187.572381,1452142.000,36491,1,SF,1,100,55.1349
1738265187.972397,1452542.000,36557,1,SF,1,100,56.5794
1738265188.239408,1452809.000,36605,1,SF,1,100,55.9248
1738265188.572421,1453142.000,36653,1,SF,1,100,57.3602
1738265188.972436,1453542.000,36719,1,SF,1,100,58.7789
1738265189.305449,1453875.000,36773,1,SF,1,100,60.1812
1738265189.639463,1454209.000,36820,1,SF,1,100,59.4850
1738265189.905473,1454475.000,36871,1,SF,1,100,60.8791
1738265190.239486,1454809.000,36919,1,SF,1,100,62.2571
1738265190.639502,1455209.000,36986,1,SF,1,100,61.5369
1738265190.972515,1455542.000,37035,1,SF,1,100,62.9073
1738265191.238526,1455808.000,37085,1,SF,1,100,64.2618
1738265191.572539,1456142.000,37132,1,SF,1,100,63.5184
1738265191.972554,1456542.000,37194,1,SF,1,100,62.7837
1738265192.238565,1456808.000,37241,1,SF,1,100,62.0574
1738265192.572578,1457142.000,37288,1,SF,1,100,61.3395
1738265192.972594,1457542.000,37350,1,SF,1,100,60.6299
1738265193.305607,1457875.000,37396,1,SF,1,100,59.9285
1738265193.572617,1458142.000,37444,1,SF,1,100,59.2353
1738265193.905630,1458475.000,37492,1,SF,1,100,58.5500
1738265194.305646,1458875.000,37556,1,SF,1,100,59.9550
1738265194.572657,1459142.000,37593,1,SF,1,100,61.3437
1738265194.971672,1459541.000,37659,1,SF,1,100,62.7163
1738265195.238683,1459808.000,37708,1,SF,1,100,64.0730
1738265195.571696,1460141.000,37758,1,SF,1,100,63.3318
1738265195.971712,1460541.000,37820,1,SF,1,100,62.5992
1738265196.238722,1460808.000,37870,1,SF,1,100,63.9573
1738265196.571735,1461141.000,37916,1,SF,1,100,63.2174
1738265196.905748,1461475.000,37965,1,SF,1,100,64.5684
1738265197.305764,1461875.000,38029,1,SF,1,100,65.9037
1738265197.571774,1462141.000,38078,1,SF,1,100,67.2236
1738265197.904788,1462474.000,38125,1,SF,1,100,66.4459
1738265198.305804,1462875.000,38189,1,SF,1,100,65.6773
1738265198.571814,1463141.000,38237,1,SF,1,100,66.9998
1738265198.905827,1463475.000,38287,1,SF,1,100,68.3070
1738265199.238840,1463808.000,38335,1,SF,1,100,69.5991
1738265199.571853,1464141.000,38389,1,SF,1,100,68.7939
1738265199.904866,1464474.000,38438,1,SF,1,100,70.0804
1738265200.304882,1464874.000,38502,1,SF,1,100,69.2697
1738265200.571892,1465141.000,38551,1,SF,1,100,68.4684
1738265200.904906,1465474.000,38597,1,SF,1,100,67.6763
1738265201.304921,1465874.000,38659,1,SF,1,100,66.8934
1738265201.571932,1466141.000,38709,1,SF,1,100,66.1196
1738265201.904945,1466474.000,38757,1,SF,1,100,67.4370
1738265202.237958,1466807.000,38804,1,SF,1,100,66.6569
1738265202.637974,1467207.000,38870,1,SF,1,100,67.9680
1738265202.904984,1467474.000,38919,1,SF,1,100,69.2640
1738265203.237997,1467807.000,38966,1,SF,1,100,68.4628
1738265203.638013,1468207.000,39030,1,SF,1,100,67.6708
1738265203.905024,1468474.000,39078,1,SF,1,100,66.8880
1738265204.238037,1468807.000,39130,1,SF,1,100,68.1964
1738265204.572050,1469141.000,39176,1,SF,1,100,67.4075
1738265204.905063,1469474.000,39230,1,SF,1,100,68.7100
1738265205.305079,1469874.000,39296,1,SF,1,100,69.9974
1738265205.572089,1470141.000,39345,1,SF,1,100,71.2699
1738265205.905102,1470474.000,39396,1,SF,1,100,72.5277
1738265206.238115,1470807.000,39442,1,SF,1,100,71.6887
1738265206.638131,1471207.000,39504,1,SF,1,100,70.8594
1738265206.905142,1471474.000,39554,1,SF,1,100,72.1220
1738265207.238155,1471807.000,39604,1,SF,1,100,71.2877
1738265207.638170,1472207.000,39668,1,SF,1,100,72.5452
1738265207.971184,1472540.000,39715,1,SF,1,100,71.7060
1738265208.238194,1472807.000,39764,1,SF,1,100,72.9588
1738265208.571207,1473140.000,39813,1,SF,1,100,74.1971
1738265208.971223,1473540.000,39877,1,SF,1,100,75.4210
1738265209.238233,1473807.000,39923,1,SF,1,100,74.5485
1738265209.571246,1474140.000,39971,1,SF,1,100,73.6861
1738265209.904259,1474473.000,40024,1,SF,1,100,72.8337
1738265210.238273,1474807.000,40071,1,SF,1,100,71.9912
1738265210.638288,1475207.000,40137,1,SF,1,100,71.1584
1738265210.904299,1475473.000,40184,1,SF,1,100,70.3352
1738265211.237312,1475806.000,40231,1,SF,1,100,69.5216
1738265211.571325,1476140.000,40279,1,SF,1,100,70.7996
1738265211.971341,1476540.000,40343,1,SF,1,100,69.9806
1738265212.237351,1476806.000,40393,1,SF,1,100,71.2533
1738265212.571364,1477140.000,40441,1,SF,1,100,72.5113
1738265212.971380,1477540.000,40503,1,SF,1,100,71.6725
1738265213.237391,1477806.000,40554,1,SF,1,100,72.9256
1738265213.571404,1478140.000,40601,1,SF,1,100,72.0820
1738265213.904417,1478473.000,40650,1,SF,1,100,73.3304
1738265214.304432,1478873.000,40712,1,SF,1,100,72.4821
1738265214.571443,1479140.000,40758,1,SF,1,100,71.6436
1738265214.971459,1479540.000,40810,1,SF,1,100,72.8971
1738265215.237469,1479806.000,40856,1,SF,1,100,72.0538
1738265215.570482,1480139.000,40907,1,SF,1,100,71.2203
1738265215.970498,1480539.000,40971,1,SF,1,100,72.4787
1738265216.237509,1480806.000,41020,1,SF,1,100,73.7225
1738265216.570522,1481139.000,41069,1,SF,1,100,74.9519
1738265216.970537,1481539.000,41131,1,SF,1,100,74.0849
1738265217.304550,1481873.000,41179,1,SF,1,100,75.3101
1738265217.570561,1482139.000,41229,1,SF,1,100,76.5212
1738265217.904574,1482473.000,41277,1,SF,1,100,77.7182
1738265218.304590,1482873.000,41341,1,SF,1,100,78.9014
1738265218.570600,1483139.000,41388,1,SF,1,100,77.9887
1738265218.903613,1483472.000,41436,1,SF,1,100,79.1688
1738265219.303629,1483872.000,41503,1,SF,1,100,82.4174
1738265219.637642,1484206.000,41550,1,SF,1,100,81.4640
1738265219.903653,1484472.000,41598,1,SF,1,100,82.6039
1738265220.237666,1484806.000,41655,1,SF,1,100,83.7306
1738265220.570679,1485139.000,41705,1,SF,1,100,84.8442
1738265220.903692,1485472.000,41754,1,SF,1,100,85.9450
1738265221.303708,1485872.000,41816,1,SF,1,100,84.9508
1738265221.570718,1486139.000,41863,1,SF,1,100,83.9681
1738265221.903731,1486472.000,41910,1,SF,1,100,82.9967
1738265222.303747,1486872.000,41972,1,SF,1,100,82.0366
1738265222.570757,1487139.000,42018,1,SF,1,100,81.0876
1738265222.903771,1487472.000,42066,1,SF,1,100,80.1496
1738265223.236784,1487805.000,42112,1,SF,1,100,79.2224
1738265223.636799,1488205.000,42178,1,SF,1,100,80.3882
1738265223.903810,1488472.000,42225,1,SF,1,100,79.4583
1738265224.236823,1488805.000,42273,1,SF,1,100,80.6213
1738265224.636839,1489205.000,42338,1,SF,1,100,79.6887
1738265224.970852,1489539.000,42385,1,SF,1,100,78.7668
1738265225.303865,1489872.000,42442,1,SF,1,100,79.9379
1738265225.570875,1490139.000,42492,1,SF,1,100,81.0954
1738265225.903888,1490472.000,42540,1,SF,1,100,80.1573
1738265226.236902,1490805.000,42589,1,SF,1,100,81.3123
1738265226.636917,1491205.000,42651,1,SF,1,100,80.3717
1738265226.903928,1491472.000,42702,1,SF,1,100,81.5242
1738265227.236941,1491805.000,42751,1,SF,1,100,82.6634
1738265227.636957,1492205.000,42813,1,SF,1,100,81.7071
1738265227.903967,1492472.000,42861,1,SF,1,100,82.8442
1738265228.236980,1492805.000,42913,1,SF,1,100,83.9681
1738265228.569993,1493138.000,42959,1,SF,1,100,82.9967
1738265228.970009,1493538.000,43023,1,SF,1,100,84.1189
1738265229.237020,1493805.000,43072,1,SF,1,100,83.1458
1738265229.570033,1494138.000,43122,1,SF,1,100,86.3484
1738265229.970048,1494538.000,43187,1,SF,1,100,85.3496
1738265230.303061,1494871.000,43247,1,SF,1,100,88.5267
1738265230.637075,1495205.000,43294,1,SF,1,100,87.5026
1738265230.970088,1495538.000,43341,1,SF,1,100,86.4904
1738265231.236098,1495804.000,43391,1,SF,1,100,89.6544
1738265231.570111,1496138.000,43438,1,SF,1,100,88.6173
1738265231.970127,1496538.000,43502,1,SF,1,100,89.6744
1738265232.237138,1496805.000,43551,1,SF,1,100,90.7193
1738265232.570151,1497138.000,43598,1,SF,1,100,89.6698
1738265232.903164,1497471.000,43646,1,SF,1,100,90.7148
1738265233.303180,1497871.000,43710,1,SF,1,100,91.7476
1738265233.570190,1498138.000,43758,1,SF,1,100,90.6863
1738265233.903203,1498471.000,43810,1,SF,1,100,93.8017
1738265234.303219,1498871.000,43872,1,SF,1,100,92.7166
1738265234.570229,1499138.000,43919,1,SF,1,100,91.6441
1738265234.903242,1499471.000,43970,1,SF,1,100,94.7484
1738265235.236255,1499804.000,44019,1,SF,1,100,95.7346
1738265235.570269,1500138.000,44072,1,SF,1,100,94.6272
1738265235.969284,1500537.000,44136,1,SF,1,100,95.6148
1738265236.303298,1500871.000,44185,1,SF,1,100,96.5909
1738265236.569308,1501137.000,44235,1,SF,1,100,97.5558
1738265236.903321,1501471.000,44284,1,SF,1,100,98.5095
1738265237.303337,1501871.000,44348,1,SF,1,100,99.4522
1738265237.569347,1502137.000,44395,1,SF,1,100,98.3018
1738265237.903360,1502471.000,44444,1,SF,1,100,97.1646
1738265238.236373,1502804.000,44490,1,SF,1,100,96.0406
1738265238.636389,1503204.000,44552,1,SF,1,100,94.9296
1738265238.902400,1503470.000,44600,1,SF,1,100,93.8314
1738265239.236413,1503804.000,44646,1,SF,1,100,92.7460
1738265239.636428,1504204.000,44708,1,SF,1,100,91.6731
1738265239.902439,1504470.000,44755,1,SF,1,100,90.6126
1738265240.236452,1504804.000,44804,1,SF,1,100,91.6467
1738265240.636468,1505204.000,44862,1,SF,1,100,94.7510
1738265240.902478,1505470.000,44911,1,SF,1,100,93.6549
1738265241.236491,1505804.000,44960,1,SF,1,100,94.6538
1738265241.635507,1506203.000,45026,1,SF,1,100,95.6410
1738265241.902518,1506470.000,45074,1,SF,1,100,96.6169
1738265242.235531,1506803.000,45124,1,SF,1,100,97.5815
1738265242.569544,1507137.000,45172,1,SF,1,100,98.5349
1738265242.969559,1507537.000,45236,1,SF,1,100,99.4773
1738265243.235570,1507803.000,45283,1,SF,1,100,98.3266
1738265243.569583,1508137.000,45333,1,SF,1,100,101.3536
1738265243.969599,1508537.000,45397,1,SF,1,100,102.2634
1738265244.235609,1508803.000,45445,1,SF,1,100,101.0804
1738265244.568622,1509136.000,45493,1,SF,1,100,101.9934
1738265244.902636,1509470.000,45542,1,SF,1,100,102.8957
1738265245.302651,1509870.000,45608,1,SF,1,100,103.7877
1738265245.569662,1510137.000,45655,1,SF,1,100,102.5871
1738265245.902675,1510470.000,45708,1,SF,1,100,103.4826
1738265246.235688,1510803.000,45757,1,SF,1,100,104.3677
1738265246.568701,1511136.000,45806,1,SF,1,100,103.1604
1738265246.968717,1511536.000,45870,1,SF,1,100,104.0493
1738265247.235727,1511803.000,45916,1,SF,1,100,102.8456
1738265247.568740,1512136.000,45965,1,SF,1,100,103.7382
1738265247.968756,1512536.000,46031,1,SF,1,100,104.6204
1738265248.301769,1512869.000,46078,1,SF,1,100,103.4101
1738265248.568780,1513136.000,46127,1,SF,1,100,104.2961
1738265248.901793,1513469.000,46173,1,SF,1,100,103.0896
1738265249.301809,1513869.000,46237,1,SF,1,100,101.8970
1738265249.568819,1514136.000,46285,1,SF,1,100,100.7183
1738265249.901832,1514469.000,46331,1,SF,1,100,99.5532
1738265250.235845,1514803.000,46378,1,SF,1,100,98.4015
1738265250.635861,1515203.000,46442,1,SF,1,100,97.2632
1738265250.968874,1515536.000,46494,1,SF,1,100,96.1381
1738265251.235884,1515803.000,46541,1,SF,1,100,95.0260
1738265251.568898,1516136.000,46588,1,SF,1,100,93.9267
1738265251.901911,1516469.000,46635,1,SF,1,100,92.8401
1738265252.301926,1516869.000,46699,1,SF,1,100,93.8484
1738265252.568937,1517136.000,46747,1,SF,1,100,94.8450
1738265252.901950,1517469.000,46794,1,SF,1,100,93.7478
1738265253.301966,1517869.000,46858,1,SF,1,100,94.7456
1738265253.634979,1518202.000,46907,1,SF,1,100,95.7318
1738265253.901989,1518469.000,46954,1,SF,1,100,94.6244
1738265254.235003,1518802.000,47002,1,SF,1,100,95.6120
1738265254.635018,1519202.000,47068,1,SF,1,100,98.6705
1738265254.902029,1519469.000,47116,1,SF,1,100,97.5291
1738265255.235042,1519802.000,47164,1,SF,1,100,98.4831
1738265255.635057,1520202.000,47228,1,SF,1,100,97.3438
1738265255.968071,1520535.000,47282,1,SF,1,100,98.3000
1738265256.302084,1520869.000,47331,1,SF,1,100,99.2451
1738265256.568094,1521135.000,47380,1,SF,1,100,100.1793
1738265256.902107,1521469.000,47429,1,SF,1,100,101.1027
1738265257.235120,1521802.000,47476,1,SF,1,100,99.9331
1738265257.635136,1522202.000,47538,1,SF,1,100,98.7771
1738265257.902147,1522469.000,47586,1,SF,1,100,99.7167
1738265258.235160,1522802.000,47635,1,SF,1,100,100.6454
1738265258.635175,1523202.000,47699,1,SF,1,100,101.5634
1738265258.902186,1523469.000,47746,1,SF,1,100,100.3885
1738265259.235199,1523802.000,47795,1,SF,1,100,101.3094
1738265259.568212,1524135.000,47845,1,SF,1,100,102.2197
1738265259.968228,1524535.000,47909,1,SF,1,100,103.1195
1738265260.235238,1524802.000,47957,1,SF,1,100,101.9266
1738265260.568251,1525135.000,48005,1,SF,1,100,100.7475
1738265260.968267,1525535.000,48071,1,SF,1,100,103.7466
1738265261.235278,1525802.000,48110,1,SF,1,100,104.6287
1738265261.634293,1526201.000,48174,1,SF,1,100,105.5006
1738265261.901304,1526468.000,48221,1,SF,1,100,104.2801
1738265262.234317,1526801.000,48272,1,SF,1,100,105.1561
1738265262.634333,1527201.000,48336,1,SF,1,100,106.0219
1738265262.968346,1527535.000,48385,1,SF,1,100,104.7954
1738265263.234356,1527801.000,48431,1,SF,1,100,103.5831
1738265263.568369,1528135.000,48478,1,SF,1,100,102.3849
1738265263.968385,1528535.000,48542,1,SF,1,100,101.2005
1738265264.234396,1528801.000,48589,1,SF,1,100,100.0298
1738265264.568409,1529135.000,48638,1,SF,1,100,100.9549
1738265264.901422,1529468.000,48684,1,SF,1,100,99.7870
1738265265.301438,1529868.000,48752,1,SF,1,100,102.7972
1738265265.567448,1530134.000,48800,1,SF,1,100,101.6080
1738265265.901461,1530468.000,48848,1,SF,1,100,102.5149
1738265266.234474,1530801.000,48904,1,SF,1,100,103.4112
1738265266.567487,1531134.000,48951,1,SF,1,100,102.2150
1738265266.967503,1531534.000,49013,1,SF,1,100,101.0325
1738265267.234514,1531801.000,49060,1,SF,1,100,99.8638
1738265267.567527,1532134.000,49106,1,SF,1,100,98.7085
1738265267.967542,1532534.000,49168,1,SF,1,100,97.5667
1738265268.234553,1532801.000,49218,1,SF,1,100,98.5203
1738265268.567566,1533134.000,49264,1,SF,1,100,97.3806
1738265268.900579,1533467.000,49311,1,SF,1,100,96.2541
1738265269.300595,1533867.000,49373,1,SF,1,100,95.1406
1738265269.567605,1534134.000,49420,1,SF,1,100,94.0400
1738265269.900618,1534467.000,49467,1,SF,1,100,92.9522
1738265270.300634,1534867.000,49533,1,SF,1,100,91.8769
1738265270.634647,1535201.000,49579,1,SF,1,100,90.8140
1738265270.900658,1535467.000,49629,1,SF,1,100,89.7635
1738265271.233671,1535800.000,49675,1,SF,1,100,88.7251
1738265271.567684,1536134.000,49727,1,SF,1,100,87.6987
1738265271.967700,1536534.000,49793,1,SF,1,100,88.7665
1738265272.300713,1536867.000,49840,1,SF,1,100,87.7396
1738265272.567723,1537134.000,49889,1,SF,1,100,88.8069
1738265272.900736,1537467.000,49937,1,SF,1,100,89.8618
1738265273.300752,1537867.000,50001,1,SF,1,100,90.9046
1738265273.567763,1538134.000,50049,1,SF,1,100,89.8530
1738265273.900776,1538467.000,50095,1,SF,1,100,88.8135
1738265274.300792,1538867.000,50159,1,SF,1,100,89.8684
1738265274.633805,1539200.000,50208,1,SF,1,100,90.9110
1738265274.900815,1539467.000,50259,1,SF,1,100,91.9416
1738265275.233828,1539800.000,50306,1,SF,1,100,90.8780
1738265275.633844,1540200.000,50370,1,SF,1,100,89.8268
1738265275.900854,1540467.000,50418,1,SF,1,100,90.8699
1738265276.233867,1540800.000,50466,1,SF,1,100,89.8187
1738265276.567881,1541134.000,50517,1,SF,1,100,88.7797
1738265276.900894,1541467.000,50564,1,SF,1,100,87.7527
1738265277.300909,1541867.000,50626,1,SF,1,100,86.7375
1738265277.567920,1542134.000,50673,1,SF,1,100,85.7341
1738265277.899933,1542466.000,50720,1,SF,1,100,84.7424
1738265278.233946,1542800.000,50766,1,SF,1,100,83.7621
1738265278.633962,1543200.000,50832,1,SF,1,100,84.8754
1738265278.899972,1543466.000,50880,1,SF,1,100,83.8935
1738265279.233985,1543800.000,50926,1,SF,1,100,82.9230
1738265279.634001,1544200.000,50988,1,SF,1,100,81.9638
1738265279.900012,1544466.000,51037,1,SF,1,100,83.0978
1738265280.234025,1544800.000,51084,1,SF,1,100,82.1366
1738265280.567038,1545133.000,51135,1,SF,1,100,81.1864
1738265280.967053,1545533.000,51197,1,SF,1,100,80.2472
1738265281.234064,1545800.000,51243,1,SF,1,100,79.3189
1738265281.633080,1546199.000,51295,1,SF,1,100,78.4014
1738265281.900090,1546466.000,51341,1,SF,1,100,77.4944
1738265282.233103,1546799.000,51390,1,SF,1,100,76.5979
1738265282.633119,1547199.000,51452,1,SF,1,100,75.7119
1738265282.900130,1547466.000,51501,1,SF,1,100,74.8360
1738265283.233143,1547799.000,51550,1,SF,1,100,76.0526
1738265283.567156,1548133.000,51596,1,SF,1,100,75.1728
1738265283.967171,1548533.000,51660,1,SF,1,100,76.3854
1738265284.233182,1548799.000,51710,1,SF,1,100,75.5018
1738265284.567195,1549133.000,51756,1,SF,1,100,74.6284
1738265284.967211,1549533.000,51820,1,SF,1,100,75.8473
1738265285.233221,1549799.000,51867,1,SF,1,100,74.9699
1738265285.567234,1550133.000,51920,1,SF,1,100,78.2672
1738265285.900247,1550466.000,51967,1,SF,1,100,77.3618
1738265286.300263,1550866.000,52031,1,SF,1,100,78.5491
1738265286.566274,1551132.000,52079,1,SF,1,100,77.6404
1738265286.966289,1551532.000,52134,1,SF,1,100,78.8245
1738265287.233300,1551799.000,52184,1,SF,1,100,79.9949
1738265287.566313,1552132.000,52231,1,SF,1,100,79.0695
1738265287.966329,1552532.000,52295,1,SF,1,100,78.1549
1738265288.233339,1552799.000,52342,1,SF,1,100,77.2508
1738265288.566352,1553132.000,52389,1,SF,1,100,76.3571
1738265288.966368,1553532.000,52453,1,SF,1,100,75.4738
1738265289.299381,1553865.000,52499,1,SF,1,100,74.6007
1738265289.566392,1554132.000,52551,1,SF,1,100,75.8200
1738265289.899405,1554465.000,52599,1,SF,1,100,74.9429
1738265290.299420,1554865.000,52663,1,SF,1,100,74.0760
1738265290.566431,1555132.000,52710,1,SF,1,100,73.2191
1738265290.899444,1555465.000,52757,1,SF,1,100,72.3721
1738265291.299460,1555865.000,52819,1,SF,1,100,71.5349
1738265291.633473,1556199.000,52866,1,SF,1,100,70.7073
1738265291.966486,1556532.000,52917,1,SF,1,100,69.8894
1738265292.233496,1556799.000,52965,1,SF,1,100,69.0809
1738265292.566509,1557132.000,53011,1,SF,1,100,68.2818
1738265292.899523,1557465.000,53058,1,SF,1,100,67.4919
1738265293.299538,1557865.000,53122,1,SF,1,100,66.7111
1738265293.566549,1558132.000,53171,1,SF,1,100,68.0217
1738265293.899562,1558465.000,53220,1,SF,1,100,69.3170
1738265294.299578,1558865.000,53282,1,SF,1,100,68.5152
1738265294.566588,1559132.000,53330,1,SF,1,100,67.7226
1738265294.899601,1559465.000,53378,1,SF,1,100,66.9392
1738265295.299617,1559865.000,53446,1,SF,1,100,68.2471
1738265295.632630,1560198.000,53494,1,SF,1,100,69.5398
1738265295.899641,1560465.000,53543,1,SF,1,100,70.8176
1738265296.232654,1560798.000,53591,1,SF,1,100,69.9984
1738265296.632669,1561198.000,53653,1,SF,1,100,69.1887
1738265296.965683,1561531.000,53705,1,SF,1,100,68.3883
1738265297.299696,1561865.000,53751,1,SF,1,100,67.5972
1738265297.565706,1562131.000,53801,1,SF,1,100,68.8974
1738265297.899719,1562465.000,53851,1,SF,1,100,70.1827
1738265298.299735,1562865.000,53917,1,SF,1,100,71.4531
1738265298.565745,1563131.000,53966,1,SF,1,100,72.7087
1738265298.898758,1563464.000,54013,1,SF,1,100,71.8676
1738265299.232772,1563798.000,54060,1,SF,1,100,71.0363
1738265299.632787,1564198.000,54122,1,SF,1,100,70.2145
1738265299.898798,1564464.000,54172,1,SF,1,100,71.4845
1738265300.232811,1564798.000,54219,1,SF,1,100,70.6576
1738265300.632827,1565198.000,54285,1,SF,1,100,69.8402
1738265300.898837,1565464.000,54334,1,SF,1,100,71.1145
1738265301.232850,1565798.000,54385,1,SF,1,100,72.3741
1738265301.565863,1566131.000,54433,1,SF,1,100,73.6192
1738265301.965879,1566531.000,54497,1,SF,1,100,74.8498
1738265302.298892,1566864.000,54553,1,SF,1,100,76.0662
1738265302.632905,1567198.000,54603,1,SF,1,100,77.2685
1738265302.898916,1567464.000,54651,1,SF,1,100,76.3746
1738265303.231929,1567797.000,54703,1,SF,1,100,79.6556
1738265303.631945,1568197.000,54769,1,SF,1,100,80.8164
1738265303.898955,1568464.000,54816,1,SF,1,100,79.8815
1738265304.231968,1568797.000,54866,1,SF,1,100,81.0397
1738265304.631984,1569197.000,54929,1,SF,1,100,80.1023
1738265304.965997,1569531.000,54978,1,SF,1,100,81.2579
1738265305.232008,1569797.000,55024,1,SF,1,100,80.3179
1738265305.566021,1570131.000,55075,1,SF,1,100,79.3888
1738265305.965036,1570530.000,55138,1,SF,1,100,78.4704
1738265306.299049,1570864.000,55186,1,SF,1,100,79.6449
1738265306.565060,1571130.000,55233,1,SF,1,100,78.7235
1738265306.899073,1571464.000,55281,1,SF,1,100,79.8951
1738265307.232086,1571797.000,55338,1,SF,1,100,81.0531
1738265307.565099,1572130.000,55386,1,SF,1,100,82.1978
1738265307.965115,1572530.000,55450,1,SF,1,100,81.2469
1738265308.232126,1572797.000,55500,1,SF,1,100,80.3070
1738265308.565139,1573130.000,55548,1,SF,1,100,81.4603
1738265308.965154,1573530.000,55610,1,SF,1,100,80.5179
1738265309.298167,1573863.000,55657,1,SF,1,100,79.5865
1738265309.565178,1574130.000,55704,1,SF,1,100,78.6658
1738265309.898191,1574463.000,55751,1,SF,1,100,77.7558
1738265310.298207,1574863.000,55815,1,SF,1,100,76.8563
1738265310.565217,1575130.000,55861,1,SF,1,100,75.9673
1738265310.898230,1575463.000,55911,1,SF,1,100,77.1707
1738265311.298246,1575863.000,55975,1,SF,1,100,76.2780
1738265311.632259,1576197.000,56023,1,SF,1,100,77.4779
1738265311.898270,1576463.000,56070,1,SF,1,100,76.5816
1738265312.231283,1576796.000,56118,1,SF,1,100,77.7780
1738265312.565296,1577130.000,56171,1,SF,1,100,76.8782
1738265312.898309,1577463.000,56221,1,SF,1,100,78.0711
1738265313.298325,1577863.000,56287,1,SF,1,100,79.2503
1738265313.565335,1578130.000,56337,1,SF,1,100,80.4157
1738265313.898348,1578463.000,56385,1,SF,1,100,79.4855
1738265314.298364,1578863.000,56449,1,SF,1,100,78.5660
1738265314.631377,1579196.000,56496,1,SF,1,100,77.6571
1738265314.898388,1579463.000,56543,1,SF,1,100,76.7588
1738265315.231401,1579796.000,56590,1,SF,1,100,75.8708
1738265315.631416,1580196.000,56656,1,SF,1,100,77.0754
1738265315.898427,1580463.000,56702,1,SF,1,100,76.1838
1738265316.231440,1580796.000,56752,1,SF,1,100,77.3847
1738265316.564453,1581129.000,56798,1,SF,1,100,76.4895
1738265316.964469,1581529.000,56860,1,SF,1,100,75.6047
1738265317.231479,1581796.000,56907,1,SF,1,100,74.7301
1738265317.564492,1582129.000,56959,1,SF,1,100,73.8656
1738265317.897506,1582462.000,57006,1,SF,1,100,73.0111
1738265318.231519,1582796.000,57052,1,SF,1,100,72.1665
1738265318.631534,1583196.000,57114,1,SF,1,100,71.3317
1738265318.897545,1583462.000,57164,1,SF,1,100,70.5065
1738265319.231558,1583796.000,57212,1,SF,1,100,71.7732
1738265319.631574,1584196.000,57274,1,SF,1,100,70.9429
1738265319.897584,1584462.000,57323,1,SF,1,100,72.2045
1738265320.231597,1584796.000,57370,1,SF,1,100,71.3692
1738265320.564610,1585129.000,57419,1,SF,1,100,70.5436
1738265320.964626,1585529.000,57483,1,SF,1,100,69.7275
1738265321.231637,1585796.000,57531,1,SF,1,100,71.0032
1738265321.564650,1586129.000,57580,1,SF,1,100,72.2641
1738265321.964665,1586529.000,57644,1,SF,1,100,71.4281
1738265322.231676,1586796.000,57693,1,SF,1,100,72.6841
1738265322.630692,1587195.000,57745,1,SF,1,100,71.8433
1738265322.897702,1587462.000,57794,1,SF,1,100,73.0944
1738265323.230715,1587795.000,57843,1,SF,1,100,74.3311
1738265323.564728,1588129.000,57889,1,SF,1,100,73.4712
1738265323.964744,1588529.000,57951,1,SF,1,100,72.6213
1738265324.230755,1588795.000,57999,1,SF,1,100,71.7812
1738265324.563768,1589128.000,58049,1,SF,1,100,73.0331
1738265324.964783,1589529.000,58115,1,SF,1,100,74.2705
1738265325.230794,1589795.000,58162,1,SF,1,100,73.4114
1738265325.563807,1590128.000,58211,1,SF,1,100,72.5621
1738265325.897820,1590462.000,58262,1,SF,1,100,73.8050
1738265326.297836,1590862.000,58326,1,SF,1,100,72.9512
1738265326.563846,1591128.000,58374,1,SF,1,100,74.1895
1738265326.897859,1591462.000,58421,1,SF,1,100,73.3313
1738265327.297875,1591862.000,58490,1,SF,1,100,76.6475
1738265327.630888,1592195.000,58540,1,SF,1,100,77.8431
1738265327.963901,1592528.000,58592,1,SF,1,100,76.9426
1738265328.296914,1592861.000,58639,1,SF,1,100,76.0525
1738265328.563925,1593128.000,58690,1,SF,1,100,77.2550
1738265328.896938,1593461.000,58738,1,SF,1,100,78.4436
1738265329.296954,1593861.000,58802,1,SF,1,100,77.5361
1738265329.563964,1594128.000,58852,1,SF,1,100,78.7214
1738265329.896977,1594461.000,58898,1,SF,1,100,77.8108
1738265330.296993,1594861.000,58964,1,SF,1,100,78.9929
1738265330.631006,1595195.000,59015,1,SF,1,100,80.1614
1738265330.897017,1595461.000,59066,1,SF,1,100,83.3986
1738265331.230030,1595794.000,59115,1,SF,1,100,84.5160
1738265331.631046,1596195.000,59179,1,SF,1,100,83.5384
1738265331.897056,1596461.000,59227,1,SF,1,100,84.6542
1738265332.231069,1596795.000,59274,1,SF,1,100,83.6749
1738265332.630085,1597194.000,59337,1,SF,1,100,82.7070
1738265332.897095,1597461.000,59375,1,SF,1,100,83.8325
1738265333.297111,1597861.000,59441,1,SF,1,100,84.9450
1738265333.564121,1598128.000,59488,1,SF,1,100,83.9623
1738265333.897135,1598461.000,59537,1,SF,1,100,85.0733
1738265334.230148,1598794.000,59583,1,SF,1,100,84.0891
1738265334.630163,1599194.000,59647,1,SF,1,100,85.1987
1738265334.897174,1599461.000,59697,1,SF,1,100,84.2131
1738265335.230187,1599794.000,59743,1,SF,1,100,83.2389
1738265335.630203,1600194.000,59809,1,SF,1,100,84.3582
1738265335.963216,1600527.000,59856,1,SF,1,100,83.3824
1738265336.230226,1600794.000,59907,1,SF,1,100,84.5000
1738265336.563239,1601127.000,59954,1,SF,1,100,83.5225
1738265336.963255,1601527.000,60018,1,SF,1,100,84.6386
1738265337.230266,1601794.000,60066,1,SF,1,100,85.7418
1738265337.563279,1602127.000,60114,1,SF,1,100,84.7499
1738265338.030297,1602594.000,60185,1,SF,1,100,85.8517
1738265338.230305,1602794.000,60216,1,SF,1,100,84.8586
1738265338.630321,1603194.000,60280,1,SF,1,100,83.8770
1738265338.897331,1603461.000,60329,1,SF,1,100,84.9889
1738265339.230344,1603794.000,60376,1,SF,1,100,84.0058
1738265339.563357,1604127.000,60424,1,SF,1,100,85.1162
1738265339.963373,1604527.000,60486,1,SF,1,100,84.1316
1738265340.230384,1604794.000,60534,1,SF,1,100,83.1584
1738265340.563397,1605127.000,60584,1,SF,1,100,84.2786
1738265340.963413,1605527.000,60646,1,SF,1,100,83.3037
1738265341.230423,1605794.000,60695,1,SF,1,100,84.4223
1738265341.563436,1606127.000,60743,1,SF,1,100,85.5279
1738265341.963452,1606527.000,60810,1,SF,1,100,86.6208
1738265342.296465,1606860.000,60859,1,SF,1,100,87.7010
1738265342.563475,1607127.000,60905,1,SF,1,100,86.6865
1738265342.896488,1607460.000,60954,1,SF,1,100,87.7659
1738265343.229501,1607793.000,61010,1,SF,1,100,88.8329
1738265343.629517,1608193.000,61072,1,SF,1,100,87.8053
1738265343.963530,1608527.000,61121,1,SF,1,100,88.8718
1738265344.229541,1608793.000,61168,1,SF,1,100,87.8437
1738265344.562554,1609126.000,61217,1,SF,1,100,88.9098
1738265344.963570,1609527.000,61279,1,SF,1,100,87.8813
1738265345.229580,1609793.000,61325,1,SF,1,100,86.8647
1738265345.563593,1610127.000,61376,1,SF,1,100,87.9420
1738265345.962609,1610526.000,61439,1,SF,1,100,86.9247
1738265346.296622,1610860.000,61485,1,SF,1,100,85.9192
1738265346.562633,1611126.000,61536,1,SF,1,100,89.0898
1738265346.896646,1611460.000,61582,1,SF,1,100,88.0592
1738265347.296661,1611860.000,61646,1,SF,1,100,87.0405
1738265347.562672,1612126.000,61694,1,SF,1,100,86.0336
1738265347.896685,1612460.000,61744,1,SF,1,100,87.1206
1738265348.229698,1612793.000,61798,1,SF,1,100,88.1950
1738265348.562711,1613126.000,61845,1,SF,1,100,87.1748
1738265348.962727,1613526.000,61909,1,SF,1,100,88.2486
1738265349.229738,1613793.000,61958,1,SF,1,100,89.3100
1738265349.562751,1614126.000,62007,1,SF,1,100,88.2768
1738265349.895764,1614459.000,62056,1,SF,1,100,89.3379
1738265350.295779,1614859.000,62124,1,SF,1,100,90.3867
1738265350.562790,1615126.000,62172,1,SF,1,100,91.4233
1738265350.895803,1615459.000,62219,1,SF,1,100,90.3657
1738265351.295819,1615859.000,62281,1,SF,1,100,89.3204
1738265351.562829,1616126.000,62328,1,SF,1,100,88.2871
1738265351.895842,1616459.000,62377,1,SF,1,100,87.2658
1738265352.228855,1616792.000,62423,1,SF,1,100,86.2563
1738265352.628871,1617192.000,62487,1,SF,1,100,85.2585
1738265352.895882,1617459.000,62535,1,SF,1,100,84.2722
1738265353.228895,1617792.000,62581,1,SF,1,100,83.2974
1738265353.562908,1618126.000,62636,1,SF,1,100,82.3338
1738265353.895921,1618459.000,62682,1,SF,1,100,81.3813
1738265354.295937,1618859.000,62744,1,SF,1,100,80.4399
1738265354.562947,1619126.000,62795,1,SF,1,100,81.5916
1738265354.895960,1619459.000,62843,1,SF,1,100,82.7300
1738265355.295976,1619859.000,62907,1,SF,1,100,81.7730
1738265355.561986,1620125.000,62957,1,SF,1,100,80.8270
1738265355.895999,1620459.000,63003,1,SF,1,100,79.8920
1738265356.229013,1620792.000,63050,1,SF,1,100,78.9678
1738265356.629028,1621192.000,63116,1,SF,1,100,80.1366
1738265356.896039,1621459.000,63165,1,SF,1,100,81.2918
1738265357.229052,1621792.000,63214,1,SF,1,100,80.3514
1738265357.629068,1622192.000,63278,1,SF,1,100,81.5042
1738265357.896078,1622459.000,63326,1,SF,1,100,82.6436
1738265358.229091,1622792.000,63374,1,SF,1,100,81.6875
1738265358.562104,1623125.000,63427,1,SF,1,100,82.8248
1738265358.895118,1623458.000,63474,1,SF,1,100,81.8667
1738265359.295133,1623858.000,63538,1,SF,1,100,83.0019
1738265359.562144,1624125.000,63587,1,SF,1,100,84.1240
1738265359.895157,1624458.000,63634,1,SF,1,100,83.1508
1738265360.229170,1624792.000,63684,1,SF,1,100,86.3534
1738265360.629186,1625192.000,63750,1,SF,1,100,87.4368
1738265360.895196,1625458.000,63800,1,SF,1,100,86.4253
1738265361.229209,1625792.000,63848,1,SF,1,100,87.5078
1738265361.628225,1626191.000,63912,1,SF,1,100,86.4955
1738265361.962238,1626525.000,63959,1,SF,1,100,85.4949
1738265362.228249,1626791.000,64008,1,SF,1,100,86.5881
1738265362.562262,1627125.000,64057,1,SF,1,100,85.5865
1738265362.962277,1627525.000,64121,1,SF,1,100,86.6786
1738265363.228288,1627791.000,64171,1,SF,1,100,87.7582
1738265363.628304,1628191.000,64227,1,SF,1,100,90.9075
1738265363.895314,1628458.000,64277,1,SF,1,100,91.9381
1738265364.228327,1628791.000,64328,1,SF,1,100,95.0391
1738265364.628343,1629191.000,64390,1,SF,1,100,93.9397
1738265364.895353,1629458.000,64441,1,SF,1,100,94.9352
1738265365.228366,1629791.000,64490,1,SF,1,100,95.9193
1738265365.562380,1630125.000,64540,1,SF,1,100,94.8097
1738265365.961395,1630524.000,64602,1,SF,1,100,93.7129
1738265366.228406,1630791.000,64652,1,SF,1,100,94.7111
1738265366.561419,1631124.000,64698,1,SF,1,100,93.6154
1738265366.961435,1631524.000,64760,1,SF,1,100,92.5325
1738265367.228445,1631791.000,64809,1,SF,1,100,93.5443
