LocalTimestamp,EmotiBitTimestamp,PacketNumber,DataLength,TypeTag,ProtocolVersion,DataReliability,SF
1738260743.659120,649823.000,37288,1,SF,1,100,0.0000
1738260744.059136,650223.000,37354,1,SF,1,100,0.0000
1738260744.325147,650489.000,37405,1,SF,1,100,0.0000
1738260744.659161,650823.000,37454,1,SF,1,100,0.0000
1738260745.059178,651223.000,37520,1,SF,1,100,0.0000
1738260745.325188,651489.000,37570,1,SF,1,100,0.0000
1738260745.659202,651823.000,37622,1,SF,1,100,0.0000
1738260745.992216,652156.000,37674,1,SF,1,100,0.0000
1738260746.392233,652556.000,37740,1,SF,1,100,0.0000
1738260746.659244,652823.000,37789,1,SF,1,100,0.0000
1738260746.992257,653156.000,37841,1,SF,1,100,0.0000
1738260747.392274,653556.000,37909,1,SF,1,100,0.0000
1738260747.659285,653823.000,37959,1,SF,1,100,0.0000
1738260747.992299,654156.000,38011,1,SF,1,100,0.0000
1738260748.325312,654489.000,38060,1,SF,1,100,0.0000
1738260748.725329,654889.000,38130,1,SF,1,100,0.0000
1738260749.058343,655222.000,38180,1,SF,1,100,0.0000
1738260749.392356,655556.000,38232,1,SF,1,100,0.0000
1738260749.658367,655822.000,38282,1,SF,1,100,0.0000
1738260749.992381,656156.000,38332,1,SF,1,100,0.0000
1738260750.392398,656556.000,38400,1,SF,1,100,0.0000
1738260750.658409,656822.000,38449,1,SF,1,100,0.0000
1738260750.992423,657156.000,38499,1,SF,1,100,0.0000
1738260751.391439,657555.000,38568,1,SF,1,100,0.0000
1738260751.725453,657889.000,38617,1,SF,1,100,0.0000
1738260751.992464,658156.000,38667,1,SF,1,100,0.0000
1738260752.325478,658489.000,38716,1,SF,1,100,0.0000
1738260752.725494,658889.000,38782,1,SF,1,100,0.0000
1738260752.991505,659155.000,38833,1,SF,1,100,0.0000
1738260753.325519,659489.000,38882,1,SF,1,100,0.0000
1738260753.658533,659822.000,38932,1,SF,1,100,0.0000
1738260753.991546,660155.000,38987,1,SF,1,100,0.0000
1738260754.391563,660555.000,39055,1,SF,1,100,0.0000
1738260754.658574,660822.000,39105,1,SF,1,100,0.0000
1738260754.991588,661155.000,39155,1,SF,1,100,0.0000
1738260755.324601,661488.000,39205,1,SF,1,100,0.0000
1738260755.724618,661888.000,39273,1,SF,1,100,0.0000
1738260755.991629,662155.000,39324,1,SF,1,100,0.0000
1738260756.324643,662488.000,39375,1,SF,1,100,0.0000
1738260756.724659,662888.000,39441,1,SF,1,100,0.0000
1738260757.058673,663222.000,39490,1,SF,1,100,0.0000
1738260757.324684,663488.000,39540,1,SF,1,100,0.0000
1738260757.657698,663821.000,39589,1,SF,1,100,0.0000
1738260758.057714,664221.000,39655,1,SF,1,100,0.0000
1738260758.324725,664488.000,39708,1,SF,1,100,0.0000
1738260758.657739,664821.000,39757,1,SF,1,100,0.0000
1738260758.991753,665155.000,39814,1,SF,1,100,0.0000
1738260759.324767,665488.000,39864,1,SF,1,100,0.0000
1738260759.657780,665821.000,39914,1,SF,1,100,0.0000
1738260760.057797,666221.000,39980,1,SF,1,100,0.0000
1738260760.324808,666488.000,40030,1,SF,1,100,0.0000
1738260760.657822,666821.000,40082,1,SF,1,100,0.0000
1738260761.057838,667221.000,40150,1,SF,1,100,0.0000
1738260761.324849,667488.000,40199,1,SF,1,100,0.0000
1738260761.657863,667821.000,40250,1,SF,1,100,0.0000
1738260761.990877,668154.000,40299,1,SF,1,100,0.0000
1738260762.390893,668554.000,40367,1,SF,1,100,0.0000
1738260762.657904,668821.000,40417,1,SF,1,100,0.0000
1738260762.990918,669154.000,40466,1,SF,1,100,0.0000
1738260763.390935,669554.000,40532,1,SF,1,100,0.0000
1738260763.657946,669821.000,40583,1,SF,1,100,0.0000
1738260763.990959,670154.000,40632,1,SF,1,100,0.0000
1738260764.323973,670487.000,40688,1,SF,1,100,0.0000
1738260764.657987,670821.000,40739,1,SF,1,100,0.0000
1738260765.058004,671221.000,40805,1,SF,1,100,0.0000
1738260765.324014,671487.000,40855,1,SF,1,100,0.0000
1738260765.658028,671821.000,40907,1,SF,1,100,0.0000
1738260765.991042,672154.000,40957,1,SF,1,100,0.0000
1738260766.391059,672554.000,41023,1,SF,1,100,0.0000
1738260766.658070,672821.000,41072,1,SF,1,100,0.0000
1738260766.991083,673154.000,41122,1,SF,1,100,0.0000
1738260767.391100,673554.000,41191,1,SF,1,100,0.0000
1738260767.724114,673887.000,41240,1,SF,1,100,0.0000
1738260767.991125,674154.000,41290,1,SF,1,100,0.0000
1738260768.324138,674487.000,41341,1,SF,1,100,0.0000
1738260768.724155,674887.000,41407,1,SF,1,100,0.0000
1738260768.991166,675154.000,41460,1,SF,1,100,0.0000
1738260769.391182,675554.000,41516,1,SF,1,100,0.0000
1738260769.657193,675820.000,41569,1,SF,1,100,0.0000
1738260769.991207,676154.000,41618,1,SF,1,100,0.0000
1738260770.391224,676554.000,41686,1,SF,1,100,0.0000
1738260770.657235,676820.000,41736,1,SF,1,100,0.0000
1738260770.990249,677153.000,41786,1,SF,1,100,0.0000
1738260771.324262,677487.000,41836,1,SF,1,100,0.0000
1738260771.724279,677887.000,41902,1,SF,1,100,0.0000
1738260771.990290,678153.000,41951,1,SF,1,100,0.0000
1738260772.324304,678487.000,42001,1,SF,1,100,0.0000
1738260772.724320,678887.000,42068,1,SF,1,100,0.0000
1738260772.990331,679153.000,42119,1,SF,1,100,0.0000
1738260773.324345,679487.000,42169,1,SF,1,100,0.0000
1738260773.657359,679820.000,42218,1,SF,1,100,0.0000
1738260774.057375,680220.000,42284,1,SF,1,100,0.0000
1738260774.390389,680553.000,42338,1,SF,1,100,0.0000
1738260774.723403,680886.000,42387,1,SF,1,100,0.0000
1738260774.990414,681153.000,42440,1,SF,1,100,0.0000
1738260775.323427,681486.000,42489,1,SF,1,100,0.0000
1738260775.723444,681886.000,42557,1,SF,1,100,0.0000
1738260775.990455,682153.000,42607,1,SF,1,100,0.0000
1738260776.323469,682486.000,42659,1,SF,1,100,0.0000
1738260776.657483,682820.000,42709,1,SF,1,100,0.0000
1738260777.057499,683220.000,42775,1,SF,1,100,0.0000
1738260777.323510,683486.000,42824,1,SF,1,100,0.0000
1738260777.656524,683819.000,42874,1,SF,1,100,0.0000
1738260778.057540,684220.000,42942,1,SF,1,100,0.0000
1738260778.323551,684486.000,42992,1,SF,1,100,0.0000
1738260778.656565,684819.000,43046,1,SF,1,100,0.0000
1738260778.990579,685153.000,43095,1,SF,1,100,0.0000
1738260779.390595,685553.000,43161,1,SF,1,100,0.0000
1738260779.723609,685886.000,43217,1,SF,1,100,0.0000
1738260780.056623,686219.000,43268,1,SF,1,100,0.0000
1738260780.323634,686486.000,43319,1,SF,1,100,0.0000
1738260780.656648,686819.000,43370,1,SF,1,100,0.0000
1738260781.056664,687219.000,43438,1,SF,1,100,0.0000
1738260781.323675,687486.000,43488,1,SF,1,100,0.0000
1738260781.656689,687819.000,43538,1,SF,1,100,0.0000
1738260781.989703,688152.000,43588,1,SF,1,100,0.0000
1738260782.389719,688552.000,43656,1,SF,1,100,0.0000
1738260782.656730,688819.000,43705,1,SF,1,100,0.0000
1738260782.989744,689152.000,43755,1,SF,1,100,0.0000
1738260783.389761,689552.000,43823,1,SF,1,100,0.0000
1738260783.656772,689819.000,43873,1,SF,1,100,0.0000
1738260783.989785,690152.000,43925,1,SF,1,100,0.0000
1738260784.322799,690485.000,43976,1,SF,1,100,0.0000
1738260784.656813,690819.000,44032,1,SF,1,100,0.0000
1738260784.989827,691152.000,44081,1,SF,1,100,0.0000
1738260785.389843,691552.000,44151,1,SF,1,100,0.0000
1738260785.656854,691819.000,44202,1,SF,1,100,0.0000
1738260785.989868,692152.000,44251,1,SF,1,100,0.0000
1738260786.389885,692552.000,44317,1,SF,1,100,0.0000
1738260786.722898,692885.000,44369,1,SF,1,100,0.0000
1738260786.989909,693152.000,44419,1,SF,1,100,0.0000
1738260787.322923,693485.000,44469,1,SF,1,100,0.0000
1738260787.722940,693885.000,44535,1,SF,1,100,0.0000
1738260787.989951,694152.000,44586,1,SF,1,100,0.0000
1738260788.322964,694485.000,44637,1,SF,1,100,0.0000
1738260788.655978,694818.000,44686,1,SF,1,100,0.0000
1738260789.055995,695218.000,44752,1,SF,1,100,0.0000
1738260789.323006,695485.000,44804,1,SF,1,100,0.0000
1738260789.656019,695818.000,44855,1,SF,1,100,0.0000
1738260789.990033,696152.000,44913,1,SF,1,100,0.0000
1738260790.323047,696485.000,44962,1,SF,1,100,0.0000
1738260790.723064,696885.000,45032,1,SF,1,100,0.0000
1738260790.990075,697152.000,45083,1,SF,1,100,0.0000
1738260791.323088,697485.000,45132,1,SF,1,100,0.0000
1738260791.656102,697818.000,45184,1,SF,1,100,0.0000
1738260792.056119,698218.000,45250,1,SF,1,100,0.0000
1738260792.323130,698485.000,45300,1,SF,1,100,0.0000
1738260792.656143,698818.000,45350,1,SF,1,100,0.0000
1738260793.056160,699218.000,45418,1,SF,1,100,0.0000
1738260793.323171,699485.000,45467,1,SF,1,100,0.0000
1738260793.656185,699818.000,45518,1,SF,1,100,0.0000
1738260793.989198,700151.000,45567,1,SF,1,100,0.0000
1738260794.389215,700551.000,45633,1,SF,1,100,0.0000
1738260794.656226,700818.000,45683,1,SF,1,100,0.0000
1738260794.989240,701151.000,45736,1,SF,1,100,0.0000
1738260795.322254,701484.000,45788,1,SF,1,100,0.0000
1738260795.656267,701818.000,45839,1,SF,1,100,0.0000
1738260796.056284,702218.000,45905,1,SF,1,100,0.0000
1738260796.322295,702484.000,45958,1,SF,1,100,0.0000
1738260796.656309,702818.000,46007,1,SF,1,100,0.0000
1738260797.056325,703218.000,46073,1,SF,1,100,0.0000
1738260797.322336,703484.000,46125,1,SF,1,100,0.0000
1738260797.655350,703817.000,46175,1,SF,1,100,0.0000
1738260797.989364,704151.000,46225,1,SF,1,100,0.0000
1738260798.389380,704551.000,46291,1,SF,1,100,0.0000
1738260798.655391,704817.000,46342,1,SF,1,100,0.0000
1738260798.989405,705151.000,46392,1,SF,1,100,0.0000
1738260799.389421,705551.000,46459,1,SF,1,100,0.0000
1738260799.722435,705884.000,46510,1,SF,1,100,0.0000
1738260800.055449,706217.000,46565,1,SF,1,100,0.0000
1738260800.322460,706484.000,46615,1,SF,1,100,0.0000
1738260800.655474,706817.000,46667,1,SF,1,100,0.0000
1738260800.988488,707150.000,46718,1,SF,1,100,0.0000
1738260801.388504,707550.000,46784,1,SF,1,100,0.0000
1738260801.655515,707817.000,46835,1,SF,1,100,0.0000
1738260801.988529,708150.000,46884,1,SF,1,100,0.0000
1738260802.388546,708550.000,46952,1,SF,1,100,0.0000
1738260802.722559,708884.000,47002,1,SF,1,100,0.0000
1738260802.988570,709150.000,47052,1,SF,1,100,0.0000
1738260803.322584,709484.000,47102,1,SF,1,100,0.0000
1738260803.722600,709884.000,47168,1,SF,1,100,0.0000
1738260803.988611,710150.000,47217,1,SF,1,100,0.0000
1738260804.321625,710483.000,47267,1,SF,1,100,0.0000
1738260804.721642,710883.000,47334,1,SF,1,100,0.0000
1738260805.055656,711217.000,47385,1,SF,1,100,0.0000
1738260805.388669,711550.000,47442,1,SF,1,100,0.0000
1738260805.655680,711817.000,47492,1,SF,1,100,0.0000
1738260805.988694,712150.000,47544,1,SF,1,100,0.0000
1738260806.321708,712483.000,47593,1,SF,1,100,0.0000
1738260806.721725,712883.000,47659,1,SF,1,100,0.0000
1738260806.988735,713150.000,47710,1,SF,1,100,0.0000
1738260807.321749,713483.000,47759,1,SF,1,100,0.0000
1738260807.721766,713883.000,47825,1,SF,1,100,0.0000
1738260808.054780,714216.000,47875,1,SF,1,100,0.0000
1738260808.321790,714483.000,47927,1,SF,1,100,0.0000
1738260808.654804,714816.000,47979,1,SF,1,100,0.0000
1738260809.054821,715216.000,48045,1,SF,1,100,0.0000
1738260809.321832,715483.000,48094,1,SF,1,100,0.0000
1738260809.654845,715816.000,48147,1,SF,1,100,0.0000
1738260809.988859,716150.000,48196,1,SF,1,100,0.0000
1738260810.321873,716483.000,48253,1,SF,1,100,0.0000
1738260810.721890,716883.000,48321,1,SF,1,100,0.0000
1738260810.988901,717150.000,48371,1,SF,1,100,0.0000
1738260811.321914,717483.000,48421,1,SF,1,100,0.0000
1738260811.654928,717816.000,48470,1,SF,1,100,0.0000
1738260812.054945,718216.000,48536,1,SF,1,100,0.0000
1738260812.321956,718483.000,48587,1,SF,1,100,0.0000
1738260812.654969,718816.000,48638,1,SF,1,100,0.0000
1738260813.054986,719216.000,48704,1,SF,1,100,0.0000
1738260813.388000,719549.000,48754,1,SF,1,100,0.0000
1738260813.655011,719816.000,48804,1,SF,1,100,0.0000
1738260813.988024,720149.000,48856,1,SF,1,100,0.0000
1738260814.388041,720549.000,48922,1,SF,1,100,0.0000
1738260814.655052,720816.000,48971,1,SF,1,100,0.0000
1738260814.988066,721149.000,49023,1,SF,1,100,0.0000
1738260815.455085,721616.000,49095,1,SF,1,100,0.0000
1738260815.655093,721816.000,49128,1,SF,1,100,0.0000
1738260816.055110,722216.000,49194,1,SF,1,100,0.0000
1738260816.321121,722482.000,49248,1,SF,1,100,0.0000
1738260816.655135,722816.000,49300,1,SF,1,100,0.0000
1738260817.055151,723216.000,49366,1,SF,1,100,0.0000
1738260817.388165,723549.000,49415,1,SF,1,100,0.0000
1738260817.655176,723816.000,49468,1,SF,1,100,0.0000
1738260817.988190,724149.000,49517,1,SF,1,100,0.0000
1738260818.388206,724549.000,49583,1,SF,1,100,0.0000
1738260818.654217,724815.000,49633,1,SF,1,100,0.0000
1738260818.988231,725149.000,49683,1,SF,1,100,0.0000
1738260819.321245,725482.000,49733,1,SF,1,100,0.0000
1738260819.721261,725882.000,49799,1,SF,1,100,0.0000
1738260819.988272,726149.000,49850,1,SF,1,100,0.0000
1738260820.321286,726482.000,49900,1,SF,1,100,0.0000
1738260820.654300,726815.000,49959,1,SF,1,100,0.0000
1738260820.987314,727148.000,50011,1,SF,1,100,0.0000
1738260821.387330,727548.000,50077,1,SF,1,100,0.0000
1738260821.654341,727815.000,50127,1,SF,1,100,0.0000
1738260821.987355,728148.000,50177,1,SF,1,100,0.0000
1738260822.387372,728548.000,50243,1,SF,1,100,0.0000
1738260822.721385,728882.000,50292,1,SF,1,100,0.0000
1738260822.987396,729148.000,50343,1,SF,1,100,0.0000
1738260823.321410,729482.000,50394,1,SF,1,100,0.0000
1738260823.721426,729882.000,50460,1,SF,1,100,0.0000
1738260823.987437,730148.000,50510,1,SF,1,100,0.0000
1738260824.320451,730481.000,50561,1,SF,1,100,0.0000
1738260824.720468,730881.000,50628,1,SF,1,100,0.0000
1738260825.054482,731215.000,50678,1,SF,1,100,0.0000
1738260825.320493,731481.000,50727,1,SF,1,100,0.0000
1738260825.654506,731815.000,50786,1,SF,1,100,0.0000
1738260825.987520,732148.000,50836,1,SF,1,100,0.0000
1738260826.387537,732548.000,50902,1,SF,1,100,0.0000
1738260826.654548,732815.000,50954,1,SF,1,100,0.0000
1738260826.987561,733148.000,51004,1,SF,1,100,0.0000
1738260827.320575,733481.000,51054,1,SF,1,100,0.0000
1738260827.720592,733881.000,51120,1,SF,1,100,0.0000
1738260827.987603,734148.000,51171,1,SF,1,100,0.0000
1738260828.320616,734481.000,51223,1,SF,1,100,0.0000
1738260828.720633,734881.000,51289,1,SF,1,100,0.0000
1738260828.987644,735148.000,51339,1,SF,1,100,0.0000
1738260829.320658,735481.000,51391,1,SF,1,100,0.0000
1738260829.653672,735814.000,51440,1,SF,1,100,0.0000
1738260830.053688,736214.000,51506,1,SF,1,100,0.0000
1738260830.320699,736481.000,51557,1,SF,1,100,0.0000
1738260830.653713,736814.000,51608,1,SF,1,100,0.0000
1738260830.987727,737148.000,51666,1,SF,1,100,0.0000
1738260831.320740,737481.000,51715,1,SF,1,100,0.0000
1738260831.720757,737881.000,51781,1,SF,1,100,0.0000
1738260831.987768,738148.000,51833,1,SF,1,100,0.0000
1738260832.320782,738481.000,51882,1,SF,1,100,0.0000
1738260832.720798,738881.000,51949,1,SF,1,100,0.0000
1738260833.053812,739214.000,51999,1,SF,1,100,0.0000
1738260833.320823,739481.000,52050,1,SF,1,100,0.0000
1738260833.653837,739814.000,52100,1,SF,1,100,0.0000
1738260834.053853,740214.000,52166,1,SF,1,100,0.0000
1738260834.319864,740480.000,52218,1,SF,1,100,0.0000
1738260834.653878,740814.000,52268,1,SF,1,100,0.0000
1738260835.053895,741214.000,52334,1,SF,1,100,0.0000
1738260835.319906,741480.000,52383,1,SF,1,100,0.0000
1738260835.653919,741814.000,52438,1,SF,1,100,0.0000
1738260835.986933,742147.000,52492,1,SF,1,100,0.0000
1738260836.319947,742480.000,52542,1,SF,1,100,0.0000
1738260836.719964,742880.000,52612,1,SF,1,100,0.0000
1738260836.986974,743147.000,52662,1,SF,1,100,0.0000
1738260837.319988,743480.000,52712,1,SF,1,100,0.0000
1738260837.653002,743813.000,52763,1,SF,1,100,0.0000
1738260838.053019,744213.000,52829,1,SF,1,100,0.0000
1738260838.320029,744480.000,52880,1,SF,1,100,0.0000
1738260838.653043,744813.000,52931,1,SF,1,100,0.0000
1738260839.053060,745213.000,52997,1,SF,1,100,0.0000
1738260839.320071,745480.000,53049,1,SF,1,100,0.0000
1738260839.653085,745813.000,53099,1,SF,1,100,0.0000
1738260839.987098,746147.000,53149,1,SF,1,100,0.0000
1738260840.386115,746546.000,53217,1,SF,1,100,0.0000
1738260840.653126,746813.000,53266,1,SF,1,100,0.0000
1738260841.053143,747213.000,53319,1,SF,1,100,0.0000
1738260841.320153,747480.000,53368,1,SF,1,100,0.0000
1738260841.653167,747813.000,53420,1,SF,1,100,0.0000
1738260842.053184,748213.000,53486,1,SF,1,100,0.0000
1738260842.320195,748480.000,53536,1,SF,1,100,0.0000
1738260842.653208,748813.000,53586,1,SF,1,100,0.0000
1738260843.053225,749213.000,53654,1,SF,1,100,0.0000
1738260843.386239,749546.000,53703,1,SF,1,100,0.0000
1738260843.653250,749813.000,53754,1,SF,1,100,0.0000
1738260843.986264,750146.000,53803,1,SF,1,100,0.0000
1738260844.386280,750546.000,53871,1,SF,1,100,0.0000
1738260844.653291,750813.000,53921,1,SF,1,100,0.0000
1738260844.986305,751146.000,53971,1,SF,1,100,0.0000
1738260845.319319,751479.000,54021,1,SF,1,100,0.0000
1738260845.719335,751879.000,54091,1,SF,1,100,0.0000
1738260845.986346,752146.000,54140,1,SF,1,100,0.0000
1738260846.386363,752546.000,54198,1,SF,1,100,0.0000
1738260846.653374,752813.000,54247,1,SF,1,100,0.0000
1738260846.986387,753146.000,54298,1,SF,1,100,0.0000
1738260847.319401,753479.000,54349,1,SF,1,100,0.0000
1738260847.719418,753879.000,54415,1,SF,1,100,0.0000
1738260847.986429,754146.000,54465,1,SF,1,100,0.0000
1738260848.319443,754479.000,54518,1,SF,1,100,0.0000
1738260848.719459,754879.000,54584,1,SF,1,100,0.0000
1738260848.986470,755146.000,54635,1,SF,1,100,0.0000
1738260849.319484,755479.000,54684,1,SF,1,100,0.0000
1738260849.652498,755812.000,54734,1,SF,1,100,0.0000
1738260850.052514,756212.000,54800,1,SF,1,100,0.0000
1738260850.319525,756479.000,54850,1,SF,1,100,0.0000
1738260850.652539,756812.000,54904,1,SF,1,100,0.0000
1738260851.052556,757212.000,54970,1,SF,1,100,0.0000
1738260851.319566,757479.000,55009,1,SF,1,100,0.0000
1738260851.719583,757879.000,55077,1,SF,1,100,0.0000
1738260851.986594,758146.000,55126,1,SF,1,100,0.0000
1738260852.319608,758479.000,55177,1,SF,1,100,0.0000
1738260852.652622,758812.000,55226,1,SF,1,100,0.0000
1738260853.052638,759212.000,55292,1,SF,1,100,0.0000
1738260853.319649,759479.000,55342,1,SF,1,100,0.0000
1738260853.652663,759812.000,55391,1,SF,1,100,0.0000
1738260854.052679,760212.000,55457,1,SF,1,100,0.0000
1738260854.319690,760479.000,55508,1,SF,1,100,0.0000
1738260854.652704,760812.000,55557,1,SF,1,100,0.0000
1738260854.985718,761145.000,55607,1,SF,1,100,0.0000
1738260855.385735,761545.000,55675,1,SF,1,100,0.0000
1738260855.652745,761812.000,55725,1,SF,1,100,0.0000
1738260855.985759,762145.000,55775,1,SF,1,100,0.0000
1738260856.452779,762612.000,55848,1,SF,1,100,0.0000
1738260856.652787,762812.000,55882,1,SF,1,100,0.0000
1738260857.052803,763212.000,55948,1,SF,1,100,0.0000
1738260857.318814,763478.000,55997,1,SF,1,100,0.0000
1738260857.651828,763811.000,56047,1,SF,1,100,0.0000
1738260858.051845,764211.000,56113,1,SF,1,100,0.0000
1738260858.318856,764478.000,56163,1,SF,1,100,0.0000
1738260858.651869,764811.000,56213,1,SF,1,100,0.0000
1738260858.985883,765145.000,56266,1,SF,1,100,0.0000
1738260859.385900,765545.000,56332,1,SF,1,100,0.0000
1738260859.651911,765811.000,56383,1,SF,1,100,0.0000
1738260859.985924,766145.000,56434,1,SF,1,100,0.0000
1738260860.384941,766544.000,56502,1,SF,1,100,0.0000
1738260860.651952,766811.000,56552,1,SF,1,100,0.0000
1738260860.984966,767144.000,56602,1,SF,1,100,0.0000
1738260861.318980,767478.000,56652,1,SF,1,100,0.0000
1738260861.651993,767811.000,56708,1,SF,1,100,0.0000
1738260862.052010,768211.000,56774,1,SF,1,100,0.0000
1738260862.385024,768544.000,56826,1,SF,1,100,0.0000
1738260862.652035,768811.000,56875,1,SF,1,100,0.0000
1738260862.985048,769144.000,56925,1,SF,1,100,0.0000
1738260863.385065,769544.000,56993,1,SF,1,100,0.0000
1738260863.652076,769811.000,57043,1,SF,1,100,0.0000
1738260863.985090,770144.000,57093,1,SF,1,100,0.0000
1738260864.385106,770544.000,57161,1,SF,1,100,0.0000
1738260864.718120,770877.000,57210,1,SF,1,100,0.0000
1738260864.985131,771144.000,57261,1,SF,1,100,0.0000
1738260865.318145,771477.000,57312,1,SF,1,100,0.0000
1738260865.718161,771877.000,57380,1,SF,1,100,0.0000
1738260865.985172,772144.000,57430,1,SF,1,100,0.0000
1738260866.318186,772477.000,57482,1,SF,1,100,0.0000
1738260866.652200,772811.000,57539,1,SF,1,100,0.0000
1738260866.985214,773144.000,57588,1,SF,1,100,0.0000
1738260867.385230,773544.000,57655,1,SF,1,100,0.0000
1738260867.718244,773877.000,57707,1,SF,1,100,0.0000
1738260867.985255,774144.000,57756,1,SF,1,100,0.0000
1738260868.318269,774477.000,57806,1,SF,1,100,0.0000
1738260868.718285,774877.000,57872,1,SF,1,100,0.0000
1738260868.985296,775144.000,57924,1,SF,1,100,0.0000
1738260869.318310,775477.000,57974,1,SF,1,100,0.0000
1738260869.651324,775810.000,58023,1,SF,1,100,0.0000
1738260870.051340,776210.000,58089,1,SF,1,100,0.0000
1738260870.318351,776477.000,58142,1,SF,1,100,0.0000
1738260870.651365,776810.000,58193,1,SF,1,100,0.0000
1738260871.051382,777210.000,58259,1,SF,1,100,0.0000
1738260871.384395,777543.000,58309,1,SF,1,100,0.0000
1738260871.651406,777810.000,58361,1,SF,1,100,0.0000
1738260872.051423,778210.000,58415,1,SF,1,100,0.0000
1738260872.318434,778477.000,58465,1,SF,1,100,0.0000
1738260872.651448,778810.000,58515,1,SF,1,100,0.0000
1738260873.051464,779210.000,58583,1,SF,1,100,0.0000
1738260873.318475,779477.000,58632,1,SF,1,100,0.0000
1738260873.651489,779810.000,58682,1,SF,1,100,0.0000
1738260873.984503,780143.000,58732,1,SF,1,100,0.0000
1738260874.384519,780543.000,58800,1,SF,1,100,0.0000
1738260874.651530,780810.000,58850,1,SF,1,100,0.0000
1738260874.984544,781143.000,58899,1,SF,1,100,0.0000
1738260875.384561,781543.000,58969,1,SF,1,100,0.0000
1738260875.651572,781810.000,59022,1,SF,1,100,0.0000
1738260875.984585,782143.000,59071,1,SF,1,100,0.0000
1738260876.317599,782476.000,59121,1,SF,1,100,0.0000
1738260876.717616,782876.000,59189,1,SF,1,100,0.0000
1738260877.051629,783210.000,59244,1,SF,1,100,0.0000
1738260877.317640,783476.000,59294,1,SF,1,100,0.0000
1738260877.650654,783809.000,59346,1,SF,1,100,0.0000
1738260877.984668,784143.000,59396,1,SF,1,100,0.0000
1738260878.384684,784543.000,59462,1,SF,1,100,0.0000
1738260878.650695,784809.000,59511,1,SF,1,100,0.0000
1738260878.984709,785143.000,59561,1,SF,1,100,0.0000
1738260879.384726,785543.000,59627,1,SF,1,100,0.0000
1738260879.650737,785809.000,59679,1,SF,1,100,0.0000
1738260879.984751,786143.000,59729,1,SF,1,100,0.0000
1738260880.317764,786476.000,59778,1,SF,1,100,0.0000
1738260880.717781,786876.000,59848,1,SF,1,100,0.0000
1738260880.984792,787143.000,59899,1,SF,1,100,0.0000
1738260881.317806,787476.000,59948,1,SF,1,100,0.0000
1738260881.717822,787876.000,60016,1,SF,1,100,0.0000
1738260882.050836,788209.000,60071,1,SF,1,100,0.0000
1738260882.383850,788542.000,60121,1,SF,1,100,0.0000
1738260882.650861,788809.000,60171,1,SF,1,100,0.0000
1738260882.983874,789142.000,60220,1,SF,1,100,0.0000
1738260883.383891,789542.000,60287,1,SF,1,100,0.0000
1738260883.717905,789876.000,60339,1,SF,1,100,0.0000
1738260883.983916,790142.000,60388,1,SF,1,100,0.0000
1738260884.317930,790476.000,60438,1,SF,1,100,0.0000
1738260884.717946,790876.000,60508,1,SF,1,100,0.0000
1738260884.983957,791142.000,60558,1,SF,1,100,0.0000
1738260885.317971,791476.000,60608,1,SF,1,100,0.0000
1738260885.716987,791875.000,60676,1,SF,1,100,0.0000
1738260885.983998,792142.000,60727,1,SF,1,100,0.0000
1738260886.317012,792475.000,60778,1,SF,1,100,0.0000
1738260886.651026,792809.000,60827,1,SF,1,100,0.0000
1738260887.050042,793208.000,60893,1,SF,1,100,0.0000
1738260887.317053,793475.000,60932,1,SF,1,100,0.0000
1738260887.717070,793875.000,61000,1,SF,1,100,0.0000
1738260887.984081,794142.000,61050,1,SF,1,100,0.0000
1738260888.317095,794475.000,61099,1,SF,1,100,0.0000
1738260888.717111,794875.000,61165,1,SF,1,100,0.0000
1738260888.984122,795142.000,61216,1,SF,1,100,0.0000
1738260889.317136,795475.000,61265,1,SF,1,100,0.0000
1738260889.650150,795808.000,61317,1,SF,1,100,0.0000
1738260890.050166,796208.000,61385,1,SF,1,100,0.0000
1738260890.317177,796475.000,61435,1,SF,1,100,0.0000
1738260890.650191,796808.000,61487,1,SF,1,100,0.0000
1738260891.050208,797208.000,61553,1,SF,1,100,0.0000
1738260891.317219,797475.000,61602,1,SF,1,100,0.0000
1738260891.650232,797808.000,61655,1,SF,1,100,0.0000
1738260891.983246,798141.000,61704,1,SF,1,100,0.0000
1738260892.317260,798475.000,61761,1,SF,1,100,0.0000
1738260892.717276,798875.000,61827,1,SF,1,100,0.0000
1738260892.983287,799141.000,61879,1,SF,1,100,0.0000
1738260893.317301,799475.000,61929,1,SF,1,100,0.0000
1738260893.650315,799808.000,61980,1,SF,1,100,0.0000
1738260894.050331,800208.000,62048,1,SF,1,100,0.0000
1738260894.316342,800474.000,62099,1,SF,1,100,0.0000
1738260894.650356,800808.000,62148,1,SF,1,100,0.0000
1738260895.050373,801208.000,62214,1,SF,1,100,0.0000
1738260895.316384,801474.000,62266,1,SF,1,100,0.0000
1738260895.650398,801808.000,62318,1,SF,1,100,0.0000
1738260895.983411,802141.000,62368,1,SF,1,100,0.0000
1738260896.383428,802541.000,62434,1,SF,1,100,0.0000
1738260896.650439,802808.000,62483,1,SF,1,100,0.0000
1738260896.983453,803141.000,62533,1,SF,1,100,0.0000
1738260897.449472,803607.000,62602,1,SF,1,100,0.0000
1738260897.649480,803807.000,62637,1,SF,1,100,0.0000
1738260898.049497,804207.000,62703,1,SF,1,100,0.0000
1738260898.316508,804474.000,62753,1,SF,1,100,0.0000
1738260898.649521,804807.000,62805,1,SF,1,100,0.0000
1738260898.983535,805141.000,62854,1,SF,1,100,0.0000
1738260899.383552,805541.000,62920,1,SF,1,100,0.0000
1738260899.649563,805807.000,62973,1,SF,1,100,0.0000
1738260899.983577,806141.000,63022,1,SF,1,100,0.0000
1738260900.382593,806540.000,63090,1,SF,1,100,0.0000
1738260900.649604,806807.000,63142,1,SF,1,100,0.0000
1738260900.982618,807140.000,63192,1,SF,1,100,0.0000
1738260901.316632,807474.000,63242,1,SF,1,100,0.0000
1738260901.716648,807874.000,63308,1,SF,1,100,0.0000
1738260901.982659,808140.000,63359,1,SF,1,100,0.0000
1738260902.316673,808474.000,63409,1,SF,1,100,0.0000
1738260902.649687,808807.000,63466,1,SF,1,100,0.0000
1738260902.982700,809140.000,63516,1,SF,1,100,0.0000
1738260903.382717,809540.000,63582,1,SF,1,100,0.0000
1738260903.649728,809807.000,63632,1,SF,1,100,0.0000
1738260903.982742,810140.000,63684,1,SF,1,100,0.0000
1738260904.382758,810540.000,63750,1,SF,1,100,0.0000
1738260904.715772,810873.000,63799,1,SF,1,100,0.0000
1738260904.982783,811140.000,63852,1,SF,1,100,0.0000
1738260905.315797,811473.000,63901,1,SF,1,100,0.0000
1738260905.715813,811873.000,63969,1,SF,1,100,0.0000
1738260905.982824,812140.000,64021,1,SF,1,100,0.0000
1738260906.315838,812473.000,64071,1,SF,1,100,0.0000
1738260906.715855,812873.000,64139,1,SF,1,100,0.0000
1738260907.048868,813206.000,64189,1,SF,1,100,0.0000
1738260907.315879,813473.000,64238,1,SF,1,100,0.0000
1738260907.648893,813806.000,64293,1,SF,1,100,0.0000
1738260907.982907,814140.000,64344,1,SF,1,100,0.0000
1738260908.315921,814473.000,64394,1,SF,1,100,0.0000
1738260908.715937,814873.000,64460,1,SF,1,100,0.0000
1738260908.982948,815140.000,64510,1,SF,1,100,0.0000
1738260909.315962,815473.000,64560,1,SF,1,100,0.0000
1738260909.715978,815873.000,64628,1,SF,1,100,0.0000
1738260910.048992,816206.000,64677,1,SF,1,100,0.0000
1738260910.316003,816473.000,64728,1,SF,1,100,0.0000
1738260910.649017,816806.000,64781,1,SF,1,100,0.0000
1738260911.049034,817206.000,64849,1,SF,1,100,0.0000
1738260911.316045,817473.000,64899,1,SF,1,100,0.0000
1738260911.649058,817806.000,64949,1,SF,1,100,0.0000
1738260912.049075,818206.000,65017,1,SF,1,100,0.0000
1738260912.382089,818539.000,65067,1,SF,1,100,0.0000
1738260912.649100,818806.000,65116,1,SF,1,100,0.0000
1738260912.983114,819140.000,65174,1,SF,1,100,0.0000
1738260913.316127,819473.000,65223,1,SF,1,100,0.0000
1738260913.649141,819806.000,65273,1,SF,1,100,0.0000
1738260914.049157,820206.000,65339,1,SF,1,100,0.0000
1738260914.315168,820472.000,65391,1,SF,1,100,0.0000
1738260914.649182,820806.000,65441,1,SF,1,100,0.0000
1738260915.049199,821206.000,65509,1,SF,1,100,0.0000
1738260915.382213,821539.000,24,1,SF,1,100,0.0000
1738260915.649224,821806.000,75,1,SF,1,100,0.0000
1738260915.982237,822139.000,124,1,SF,1,100,0.0000
1738260916.382254,822539.000,192,1,SF,1,100,0.0000
1738260916.649265,822806.000,242,1,SF,1,100,0.0000
1738260916.982279,823139.000,291,1,SF,1,100,0.0000
1738260917.382295,823539.000,358,1,SF,1,100,0.0000
1738260917.715309,823872.000,410,1,SF,1,100,0.0000
1738260917.982320,824139.000,464,1,SF,1,100,0.0000
1738260918.315334,824472.000,514,1,SF,1,100,0.0000
1738260918.715350,824872.000,581,1,SF,1,100,0.0000
1738260919.048364,825205.000,630,1,SF,1,100,0.0000
1738260919.315375,825472.000,680,1,SF,1,100,0.0000
1738260919.648389,825805.000,729,1,SF,1,100,0.0000
1738260920.048405,826205.000,795,1,SF,1,100,0.0000
1738260920.315416,826472.000,846,1,SF,1,100,0.0000
1738260920.648430,826805.000,897,1,SF,1,100,0.0000
1738260920.981444,827138.000,947,1,SF,1,100,0.0000
1738260921.381460,827538.000,1015,1,SF,1,100,0.0000
1738260921.648471,827805.000,1065,1,SF,1,100,0.0000
1738260921.981485,828138.000,1115,1,SF,1,100,0.0000
1738260922.381502,828538.000,1183,1,SF,1,100,0.0000
1738260922.648513,828805.000,1232,1,SF,1,100,0.0000
1738260922.981526,829138.000,1288,1,SF,1,100,0.0000
1738260923.315540,829472.000,1337,1,SF,1,100,0.0000
1738260923.715557,829872.000,1403,1,SF,1,100,0.0000
1738260923.981568,830138.000,1453,1,SF,1,100,0.0000
1738260924.314581,830471.000,1503,1,SF,1,100,0.0000
1738260924.648595,830805.000,1553,1,SF,1,100,0.0000
1738260925.048612,831205.000,1621,1,SF,1,100,0.0000
1738260925.314623,831471.000,1670,1,SF,1,100,0.0000
1738260925.648637,831805.000,1722,1,SF,1,100,0.0000
1738260926.048653,832205.000,1788,1,SF,1,100,0.0000
1738260926.314664,832471.000,1838,1,SF,1,100,0.0000
1738260926.648678,832805.000,1888,1,SF,1,100,0.0000
1738260926.981692,833138.000,1937,1,SF,1,100,0.0000
1738260927.381708,833538.000,2003,1,SF,1,100,0.0000
1738260927.647719,833804.000,2054,1,SF,1,100,0.0000
1738260927.981733,834138.000,2103,1,SF,1,100,0.0000
1738260928.314747,834471.000,2158,1,SF,1,100,0.0000
1738260928.714763,834871.000,2226,1,SF,1,100,0.0000
1738260928.981774,835138.000,2276,1,SF,1,100,0.0000
1738260929.314788,835471.000,2326,1,SF,1,100,0.0000
1738260929.647802,835804.000,2375,1,SF,1,100,0.0000
1738260930.047818,836204.000,2441,1,SF,1,100,0.0000
1738260930.314829,836471.000,2492,1,SF,1,100,0.0000
1738260930.647843,836804.000,2543,1,SF,1,100,0.0000
1738260931.047860,837204.000,2613,1,SF,1,100,0.0000
1738260931.380873,837537.000,2663,1,SF,1,100,0.0000
1738260931.647884,837804.000,2713,1,SF,1,100,0.0000
1738260931.980898,838137.000,2765,1,SF,1,100,0.0000
1738260932.380915,838537.000,2831,1,SF,1,100,0.0000
1738260932.647926,838804.000,2880,1,SF,1,100,0.0000
1738260932.980939,839137.000,2933,1,SF,1,100,0.0000
1738260933.314953,839471.000,2987,1,SF,1,100,0.0000
1738260933.713970,839870.000,3053,1,SF,1,100,0.0000
1738260933.980981,840137.000,3103,1,SF,1,100,0.0000
1738260934.313994,840470.000,3152,1,SF,1,100,0.0000
1738260934.714011,840870.000,3218,1,SF,1,100,0.0000
1738260934.981022,841137.000,3269,1,SF,1,100,0.0000
1738260935.314036,841470.000,3318,1,SF,1,100,0.0000
1738260935.648050,841804.000,3370,1,SF,1,100,0.0000
1738260936.048066,842204.000,3436,1,SF,1,100,0.0000
1738260936.314077,842470.000,3486,1,SF,1,100,0.0000
1738260936.648091,842804.000,3536,1,SF,1,100,0.0000
1738260937.048107,843204.000,3602,1,SF,1,100,0.0000
1738260937.314118,843470.000,3651,1,SF,1,100,0.0000
1738260937.647132,843803.000,3702,1,SF,1,100,0.0000
1738260937.981146,844137.000,3751,1,SF,1,100,0.0000
1738260938.381162,844537.000,3804,1,SF,1,100,0.0000
1738260938.647173,844803.000,3854,1,SF,1,100,0.0000
1738260938.981187,845137.000,3905,1,SF,1,100,0.0000
1738260939.381204,845537.000,3973,1,SF,1,100,0.0000
1738260939.647215,845803.000,4024,1,SF,1,100,0.0000
1738260939.981229,846137.000,4075,1,SF,1,100,0.0000
1738260940.314242,846470.000,4125,1,SF,1,100,0.0000
1738260940.714259,846870.000,4193,1,SF,1,100,0.0000
1738260940.981270,847137.000,4243,1,SF,1,100,0.0000
1738260941.314284,847470.000,4293,1,SF,1,100,0.0000
1738260941.714300,847870.000,4359,1,SF,1,100,0.0000
1738260942.047314,848203.000,4408,1,SF,1,100,0.0000
1738260942.314325,848470.000,4461,1,SF,1,100,0.0000
1738260942.647339,848803.000,4510,1,SF,1,100,0.0000
1738260943.047355,849203.000,4576,1,SF,1,100,0.0000
1738260943.314366,849470.000,4626,1,SF,1,100,0.0000
1738260943.647380,849803.000,4685,1,SF,1,100,0.0000
1738260943.980394,850136.000,4735,1,SF,1,100,0.0000
1738260944.380410,850536.000,4801,1,SF,1,100,0.0000
1738260944.713424,850869.000,4850,1,SF,1,100,0.0000
1738260944.980435,851136.000,4903,1,SF,1,100,0.0000
1738260945.313449,851469.000,4952,1,SF,1,100,0.0000
1738260945.713465,851869.000,5020,1,SF,1,100,0.0000
1738260945.980476,852136.000,5070,1,SF,1,100,0.0000
1738260946.313490,852469.000,5122,1,SF,1,100,0.0000
1738260946.647504,852803.000,5172,1,SF,1,100,0.0000
1738260947.046520,853202.000,5238,1,SF,1,100,0.0000
1738260947.313531,853469.000,5287,1,SF,1,100,0.0000
1738260947.646545,853802.000,5337,1,SF,1,100,0.0000
1738260948.046562,854202.000,5403,1,SF,1,100,0.0000
1738260948.313573,854469.000,5453,1,SF,1,100,0.0000
1738260948.646586,854802.000,5508,1,SF,1,100,0.0000
1738260948.980600,855136.000,5557,1,SF,1,100,0.0000
1738260949.380617,855536.000,5625,1,SF,1,100,0.0000
1738260949.646628,855802.000,5676,1,SF,1,100,0.0000
1738260949.980642,856136.000,5725,1,SF,1,100,0.0000
1738260950.380658,856536.000,5793,1,SF,1,100,0.0000
1738260950.646669,856802.000,5843,1,SF,1,100,0.0000
1738260950.980683,857136.000,5893,1,SF,1,100,0.0000
1738260951.313697,857469.000,5943,1,SF,1,100,0.0000
1738260951.713713,857869.000,6009,1,SF,1,100,0.0000
1738260951.980724,858136.000,6058,1,SF,1,100,0.0000
1738260952.313738,858469.000,6108,1,SF,1,100,0.0000
1738260952.713754,858869.000,6175,1,SF,1,100,0.0000
1738260953.046768,859202.000,6224,1,SF,1,100,0.0000
1738260953.313779,859469.000,6274,1,SF,1,100,0.0000
1738260953.646793,859802.000,6328,1,SF,1,100,0.0000
1738260954.046809,860202.000,6396,1,SF,1,100,0.0000
1738260954.313821,860469.000,6447,1,SF,1,100,0.0000
1738260954.646834,860802.000,6496,1,SF,1,100,0.0000
1738260955.046851,861202.000,6564,1,SF,1,100,0.0000
1738260955.379865,861535.000,6616,1,SF,1,100,0.0000
1738260955.646876,861802.000,6666,1,SF,1,100,0.0000
1738260955.979889,862135.000,6716,1,SF,1,100,0.0000
1738260956.379906,862535.000,6784,1,SF,1,100,0.0000
1738260956.646917,862802.000,6833,1,SF,1,100,0.0000
1738260956.979931,863135.000,6883,1,SF,1,100,0.0000
1738260957.379947,863535.000,6949,1,SF,1,100,0.0000
1738260957.646958,863802.000,7001,1,SF,1,100,0.0000
1738260957.979972,864135.000,7051,1,SF,1,100,0.0000
1738260958.312986,864468.000,7100,1,SF,1,100,0.0000
1738260958.713002,864868.000,7166,1,SF,1,100,0.0000
1738260958.980013,865135.000,7224,1,SF,1,100,0.0000
1738260959.313027,865468.000,7273,1,SF,1,100,0.0000
1738260959.713043,865868.000,7339,1,SF,1,100,0.0000
1738260959.980055,866135.000,7389,1,SF,1,100,0.0000
1738260960.313068,866468.000,7439,1,SF,1,100,0.0000
1738260960.646082,866801.000,7491,1,SF,1,100,0.0000
1738260961.046099,867201.000,7557,1,SF,1,100,0.0000
1738260961.313110,867468.000,7608,1,SF,1,100,0.0000
1738260961.646123,867801.000,7658,1,SF,1,100,0.0000
1738260962.046140,868201.000,7724,1,SF,1,100,0.0000
1738260962.313151,868468.000,7776,1,SF,1,100,0.0000
1738260962.646165,868801.000,7826,1,SF,1,100,0.0000
1738260962.979178,869134.000,7875,1,SF,1,100,0.0000
1738260963.379195,869534.000,7943,1,SF,1,100,0.0000
1738260963.646206,869801.000,7994,1,SF,1,100,0.0000
1738260963.979220,870134.000,8048,1,SF,1,100,0.0000
1738260964.313234,870468.000,8098,1,SF,1,100,0.0000
1738260964.712250,870867.000,8165,1,SF,1,100,0.0000
1738260965.046264,871201.000,8214,1,SF,1,100,0.0000
1738260965.312275,871467.000,8266,1,SF,1,100,0.0000
1738260965.646289,871801.000,8317,1,SF,1,100,0.0000
1738260966.046305,872201.000,8383,1,SF,1,100,0.0000
1738260966.312316,872467.000,8434,1,SF,1,100,0.0000
1738260966.646330,872801.000,8483,1,SF,1,100,0.0000
1738260967.045346,873200.000,8549,1,SF,1,100,0.0000
1738260967.379360,873534.000,8599,1,SF,1,100,0.0000
1738260967.645371,873800.000,8651,1,SF,1,100,0.0000
1738260967.979385,874134.000,8701,1,SF,1,100,0.0000
1738260968.379401,874534.000,8767,1,SF,1,100,0.0000
1738260968.645412,874800.000,8816,1,SF,1,100,0.0000
1738260968.979426,875134.000,8874,1,SF,1,100,0.0000
1738260969.312440,875467.000,8923,1,SF,1,100,0.0000
1738260969.712457,875867.000,8989,1,SF,1,100,0.0000
1738260969.979468,876134.000,9039,1,SF,1,100,0.0000
1738260970.312481,876467.000,9090,1,SF,1,100,0.0000
1738260970.712498,876867.000,9158,1,SF,1,100,0.0000
1738260970.979509,877134.000,9209,1,SF,1,100,0.0000
1738260971.312523,877467.000,9258,1,SF,1,100,0.0000
1738260971.645536,877800.000,9310,1,SF,1,100,0.0000
1738260972.045553,878200.000,9376,1,SF,1,100,0.0000
1738260972.312564,878467.000,9426,1,SF,1,100,0.0000
1738260972.645578,878800.000,9476,1,SF,1,100,0.0000
1738260973.045594,879200.000,9542,1,SF,1,100,0.0000
1738260973.312605,879467.000,9591,1,SF,1,100,0.0000
1738260973.645619,879800.000,9642,1,SF,1,100,0.0000
1738260973.978633,880133.000,9693,1,SF,1,100,0.0000
1738260974.378649,880533.000,9764,1,SF,1,100,0.0000
1738260974.645660,880800.000,9814,1,SF,1,100,0.0000
1738260974.978674,881133.000,9863,1,SF,1,100,0.0000
1738260975.378691,881533.000,9934,1,SF,1,100,0.0000
1738260975.711704,881866.000,9984,1,SF,1,100,0.0000
1738260975.978715,882133.000,10033,1,SF,1,100,0.0000
1738260976.311729,882466.000,10085,1,SF,1,100,0.0000
1738260976.711746,882866.000,10151,1,SF,1,100,0.0000
1738260976.978757,883133.000,10201,1,SF,1,100,0.0000
1738260977.311770,883466.000,10253,1,SF,1,100,0.0000
1738260977.644784,883799.000,10302,1,SF,1,100,0.0000
1738260978.044801,884199.000,10368,1,SF,1,100,0.0000
1738260978.311812,884466.000,10419,1,SF,1,100,0.0000
1738260978.644825,884799.000,10468,1,SF,1,100,0.0000
1738260979.044842,885199.000,10534,1,SF,1,100,0.0000
1738260979.311853,885466.000,10591,1,SF,1,100,0.0000
1738260979.644867,885799.000,10641,1,SF,1,100,0.0000
1738260979.978881,886133.000,10691,1,SF,1,100,0.0000
1738260980.377897,886532.000,10761,1,SF,1,100,0.0000
1738260980.644908,886799.000,10812,1,SF,1,100,0.0000
1738260980.977922,887132.000,10862,1,SF,1,100,0.0000
1738260981.377939,887532.000,10929,1,SF,1,100,0.0000
1738260981.711952,887866.000,10980,1,SF,1,100,0.0000
1738260981.977963,888132.000,11030,1,SF,1,100,0.0000
1738260982.311977,888466.000,11079,1,SF,1,100,0.0000
1738260982.711993,888866.000,11145,1,SF,1,100,0.0000
1738260982.979005,889133.000,11198,1,SF,1,100,0.0000
1738260983.312018,889466.000,11247,1,SF,1,100,0.0000
1738260983.645032,889799.000,11297,1,SF,1,100,0.0000
1738260984.045048,890199.000,11363,1,SF,1,100,0.0000
1738260984.445065,890599.000,11420,1,SF,1,100,0.0000
1738260984.645073,890799.000,11454,1,SF,1,100,0.0000
1738260985.045090,891199.000,11520,1,SF,1,100,0.0000
1738260985.311101,891465.000,11569,1,SF,1,100,0.0000
1738260985.645115,891799.000,11623,1,SF,1,100,0.0000
1738260986.045131,892199.000,11690,1,SF,1,100,0.0000
1738260986.378145,892532.000,11739,1,SF,1,100,0.0000
1738260986.645156,892799.000,11789,1,SF,1,100,0.0000
1738260986.978170,893132.000,11838,1,SF,1,100,0.0000
1738260987.378186,893532.000,11904,1,SF,1,100,0.0000
1738260987.645197,893799.000,11955,1,SF,1,100,0.0000
1738260987.978211,894132.000,12004,1,SF,1,100,0.0000
1738260988.311225,894465.000,12056,1,SF,1,100,0.0000
1738260988.711241,894865.000,12122,1,SF,1,100,0.0000
1738260988.978252,895132.000,12172,1,SF,1,100,0.0000
1738260989.311266,895465.000,12224,1,SF,1,100,0.0000
1738260989.644280,895798.000,12279,1,SF,1,100,0.0000
1738260990.044296,896198.000,12345,1,SF,1,100,0.0000
1738260990.311307,896465.000,12396,1,SF,1,100,0.0000
1738260990.644321,896798.000,12447,1,SF,1,100,0.0000
1738260991.044338,897198.000,12513,1,SF,1,100,0.0000
1738260991.311349,897465.000,12565,1,SF,1,100,0.0000
1738260991.644362,897798.000,12615,1,SF,1,100,0.0000
1738260991.977376,898131.000,12665,1,SF,1,100,0.0000
1738260992.377393,898531.000,12733,1,SF,1,100,0.0000
1738260992.644404,898798.000,12782,1,SF,1,100,0.0000
1738260992.977417,899131.000,12832,1,SF,1,100,0.0000
1738260993.377434,899531.000,12898,1,SF,1,100,0.0000
1738260993.644445,899798.000,12950,1,SF,1,100,0.0000
1738260993.977459,900131.000,13000,1,SF,1,100,0.0000
1738260994.310472,900464.000,13049,1,SF,1,100,0.0000
1738260994.710489,900864.000,13124,1,SF,1,100,0.0000
1738260994.977500,901131.000,13175,1,SF,1,100,0.0000
1738260995.310514,901464.000,13224,1,SF,1,100,0.0000
1738260995.710531,901864.000,13292,1,SF,1,100,0.0000
1738260996.044544,902198.000,13344,1,SF,1,100,0.0000
1738260996.310555,902464.000,13394,1,SF,1,100,0.0000
1738260996.644569,902798.000,13444,1,SF,1,100,0.0000
1738260997.044585,903198.000,13510,1,SF,1,100,0.0000
1738260997.310596,903464.000,13561,1,SF,1,100,0.0000
1738260997.644610,903798.000,13612,1,SF,1,100,0.0000
1738260997.977624,904131.000,13661,1,SF,1,100,0.0000
1738260998.377640,904531.000,13727,1,SF,1,100,0.0000
1738260998.643651,904797.000,13779,1,SF,1,100,0.0000
1738260998.977665,905131.000,13828,1,SF,1,100,0.0000
1738260999.377682,905531.000,13895,1,SF,1,100,0.0000
1738260999.710696,905864.000,13950,1,SF,1,100,0.0000
1738260999.977707,906131.000,14001,1,SF,1,100,0.0000
1738261000.310720,906464.000,14051,1,SF,1,100,0.0000
1738261000.710737,906864.000,14119,1,SF,1,100,0.0000
1738261000.977748,907131.000,14171,1,SF,1,100,0.0000
1738261001.310762,907464.000,14223,1,SF,1,100,0.0000
1738261001.710778,907864.000,14289,1,SF,1,100,0.0000
1738261002.043792,908197.000,14338,1,SF,1,100,0.0000
1738261002.310803,908464.000,14389,1,SF,1,100,0.0000
1738261002.643817,908797.000,14440,1,SF,1,100,0.0000
1738261003.043833,909197.000,14506,1,SF,1,100,0.0000
1738261003.310844,909464.000,14558,1,SF,1,100,0.0000
1738261003.643858,909797.000,14607,1,SF,1,100,0.0000
1738261004.043875,910197.000,14674,1,SF,1,100,0.0000
1738261004.376888,910530.000,14724,1,SF,1,100,0.0000
1738261004.643899,910797.000,14773,1,SF,1,100,0.0000
1738261004.976913,911130.000,14829,1,SF,1,100,0.0000
1738261005.309927,911463.000,14878,1,SF,1,100,0.0000
1738261005.709944,911863.000,14946,1,SF,1,100,0.0000
1738261005.976954,912130.000,14996,1,SF,1,100,0.0000
1738261006.309968,912463.000,15045,1,SF,1,100,0.0000
1738261006.709985,912863.000,15111,1,SF,1,100,0.0000
1738261006.976996,913130.000,15162,1,SF,1,100,0.0000
1738261007.310009,913463.000,15211,1,SF,1,100,0.0000
1738261007.643023,913796.000,15261,1,SF,1,100,0.0000
1738261008.044040,914197.000,15327,1,SF,1,100,0.0000
1738261008.310051,914463.000,15377,1,SF,1,100,0.0000
1738261008.643064,914796.000,15427,1,SF,1,100,0.0000
1738261009.044081,915197.000,15495,1,SF,1,100,0.0000
1738261009.310092,915463.000,15544,1,SF,1,100,0.0000
1738261009.643106,915796.000,15595,1,SF,1,100,0.0000
1738261009.977120,916130.000,15649,1,SF,1,100,0.0000
1738261010.377136,916530.000,15719,1,SF,1,100,0.0000
1738261010.643147,916796.000,15769,1,SF,1,100,0.0000
1738261010.976161,917129.000,15818,1,SF,1,100,0.0000
1738261011.376178,917529.000,15886,1,SF,1,100,0.0000
1738261011.643188,917796.000,15937,1,SF,1,100,0.0000
1738261011.976202,918129.000,15986,1,SF,1,100,0.0000
1738261012.310216,918463.000,16036,1,SF,1,100,0.0000
1738261012.710232,918863.000,16104,1,SF,1,100,0.0000
1738261012.976243,919129.000,16154,1,SF,1,100,0.0000
1738261013.310257,919463.000,16204,1,SF,1,100,0.0000
1738261013.709274,919862.000,16270,1,SF,1,100,0.0000
1738261014.043288,920196.000,16321,1,SF,1,100,0.0000
1738261014.310299,920463.000,16372,1,SF,1,100,0.0000
1738261014.643312,920796.000,16421,1,SF,1,100,0.0000
1738261015.043329,921196.000,16492,1,SF,1,100,0.0000
1738261015.309340,921462.000,16544,1,SF,1,100,0.0000
1738261015.643354,921796.000,16596,1,SF,1,100,0.0000
1738261015.976367,922129.000,16646,1,SF,1,100,0.0000
1738261016.376384,922529.000,16712,1,SF,1,100,0.0000
1738261016.643395,922796.000,16761,1,SF,1,100,0.0000
1738261016.976409,923129.000,16811,1,SF,1,100,0.0000
1738261017.376425,923529.000,16877,1,SF,1,100,0.0000
1738261017.642436,923795.000,16927,1,SF,1,100,0.0000
1738261017.976450,924129.000,16977,1,SF,1,100,0.0000
1738261018.309464,924462.000,17026,1,SF,1,100,0.0000
1738261018.709480,924862.000,17094,1,SF,1,100,0.0000
1738261018.976491,925129.000,17145,1,SF,1,100,0.0000
1738261019.309505,925462.000,17194,1,SF,1,100,0.0000
1738261019.709522,925862.000,17260,1,SF,1,100,0.0000
1738261019.976533,926129.000,17312,1,SF,1,100,0.0000
1738261020.309546,926462.000,17367,1,SF,1,100,0.0000
1738261020.642560,926795.000,17419,1,SF,1,100,0.0000
1738261021.042577,927195.000,17487,1,SF,1,100,0.0000
1738261021.309588,927462.000,17536,1,SF,1,100,0.0000
1738261021.642601,927795.000,17586,1,SF,1,100,0.0000
1738261022.042618,928195.000,17652,1,SF,1,100,0.0000
1738261022.309629,928462.000,17702,1,SF,1,100,0.0000
1738261022.642643,928795.000,17754,1,SF,1,100,0.0000
1738261022.975657,929128.000,17803,1,SF,1,100,0.0000
1738261023.375673,929528.000,17869,1,SF,1,100,0.0000
1738261023.642684,929795.000,17922,1,SF,1,100,0.0000
1738261023.975698,930128.000,17971,1,SF,1,100,0.0000
1738261024.375714,930528.000,18037,1,SF,1,100,0.0000
1738261024.642725,930795.000,18087,1,SF,1,100,0.0000
1738261024.975739,931128.000,18139,1,SF,1,100,0.0000
1738261025.308753,931461.000,18194,1,SF,1,100,0.0000
1738261025.708770,931861.000,18262,1,SF,1,100,0.0000
1738261025.975780,932128.000,18311,1,SF,1,100,0.0000
1738261026.308794,932461.000,18361,1,SF,1,100,0.0000
1738261026.708811,932861.000,18432,1,SF,1,100,0.0000
1738261027.041825,933194.000,18481,1,SF,1,100,0.0000
1738261027.308836,933461.000,18531,1,SF,1,100,0.0000
1738261027.641849,933794.000,18580,1,SF,1,100,0.0000
1738261028.041866,934194.000,18650,1,SF,1,100,0.0000
1738261028.308877,934461.000,18701,1,SF,1,100,0.0000
1738261028.641891,934794.000,18750,1,SF,1,100,0.0000
1738261029.041907,935194.000,18816,1,SF,1,100,0.0000
1738261029.375921,935528.000,18868,1,SF,1,100,0.0000
1738261029.641932,935794.000,18918,1,SF,1,100,0.0000
1738261029.975946,936128.000,18968,1,SF,1,100,0.0000
1738261030.441965,936594.000,19041,1,SF,1,100,0.0000
1738261030.641973,936794.000,19075,1,SF,1,100,0.0000
1738261030.975987,937128.000,19126,1,SF,1,100,0.0000
1738261031.309001,937461.000,19175,1,SF,1,100,0.0000
1738261031.709017,937861.000,19241,1,SF,1,100,0.0000
1738261031.976028,938128.000,19291,1,SF,1,100,0.0000
1738261032.309042,938461.000,19340,1,SF,1,100,0.0000
1738261032.709059,938861.000,19408,1,SF,1,100,0.0000
1738261032.976070,939128.000,19459,1,SF,1,100,0.0000
1738261033.309083,939461.000,19508,1,SF,1,100,0.0000
1738261033.642097,939794.000,19558,1,SF,1,100,0.0000
1738261034.042114,940194.000,19626,1,SF,1,100,0.0000
1738261034.309125,940461.000,19676,1,SF,1,100,0.0000
1738261034.642138,940794.000,19726,1,SF,1,100,0.0000
1738261035.042155,941194.000,19792,1,SF,1,100,0.0000
1738261035.309166,941461.000,19841,1,SF,1,100,0.0000
1738261035.642180,941794.000,19901,1,SF,1,100,0.0000
1738261035.975194,942127.000,19952,1,SF,1,100,0.0000
1738261036.375210,942527.000,20018,1,SF,1,100,0.0000
1738261036.642221,942794.000,20068,1,SF,1,100,0.0000
1738261036.975235,943127.000,20119,1,SF,1,100,0.0000
1738261037.375251,943527.000,20186,1,SF,1,100,0.0000
1738261037.708265,943860.000,20238,1,SF,1,100,0.0000
1738261037.975276,944127.000,20287,1,SF,1,100,0.0000
1738261038.308290,944460.000,20337,1,SF,1,100,0.0000
1738261038.708306,944860.000,20403,1,SF,1,100,0.0000
1738261038.975317,945127.000,20453,1,SF,1,100,0.0000
1738261039.308331,945460.000,20503,1,SF,1,100,0.0000
1738261039.641345,945793.000,20552,1,SF,1,100,0.0000
1738261040.041361,946193.000,20618,1,SF,1,100,0.0000
1738261040.308372,946460.000,20671,1,SF,1,100,0.0000
1738261040.641386,946793.000,20727,1,SF,1,100,0.0000
1738261041.041403,947193.000,20793,1,SF,1,100,0.0000
1738261041.308414,947460.000,20843,1,SF,1,100,0.0000
1738261041.641428,947793.000,20895,1,SF,1,100,0.0000
1738261041.974441,948126.000,20945,1,SF,1,100,0.0000
1738261042.374458,948526.000,21011,1,SF,1,100,0.0000
1738261042.641469,948793.000,21062,1,SF,1,100,0.0000
1738261042.974483,949126.000,21112,1,SF,1,100,0.0000
1738261043.374499,949526.000,21178,1,SF,1,100,0.0000
1738261043.641510,949793.000,21228,1,SF,1,100,0.0000
1738261043.974524,950126.000,21280,1,SF,1,100,0.0000
1738261044.308538,950460.000,21329,1,SF,1,100,0.0000
1738261044.707554,950859.000,21395,1,SF,1,100,0.0000
1738261044.974565,951126.000,21448,1,SF,1,100,0.0000
1738261045.307579,951459.000,21497,1,SF,1,100,0.0000
1738261045.641593,951793.000,21549,1,SF,1,100,0.0000
1738261046.041609,952193.000,21625,1,SF,1,100,0.0000
1738261046.374623,952526.000,21674,1,SF,1,100,0.0000
1738261046.641634,952793.000,21724,1,SF,1,100,0.0000
1738261046.974648,953126.000,21773,1,SF,1,100,0.0000
1738261047.374664,953526.000,21841,1,SF,1,100,0.0000
1738261047.641675,953793.000,21892,1,SF,1,100,0.0000
1738261047.974689,954126.000,21943,1,SF,1,100,0.0000
1738261048.307703,954459.000,21993,1,SF,1,100,0.0000
1738261048.707719,954859.000,22059,1,SF,1,100,0.0000
1738261048.974730,955126.000,22109,1,SF,1,100,0.0000
1738261049.307744,955459.000,22161,1,SF,1,100,0.0000
1738261049.707761,955859.000,22227,1,SF,1,100,0.0000
1738261050.040774,956192.000,22276,1,SF,1,100,0.0000
1738261050.307786,956459.000,22329,1,SF,1,100,0.0000
1738261050.640799,956792.000,22380,1,SF,1,100,0.0000
1738261050.974813,957126.000,22435,1,SF,1,100,0.0000
1738261051.307827,957459.000,22485,1,SF,1,100,0.0000
1738261051.707843,957859.000,22553,1,SF,1,100,0.0000
1738261051.974854,958126.000,22602,1,SF,1,100,0.0000
1738261052.307868,958459.000,22655,1,SF,1,100,0.0000
1738261052.640882,958792.000,22704,1,SF,1,100,0.0000
1738261053.040898,959192.000,22770,1,SF,1,100,0.0000
1738261053.307909,959459.000,22822,1,SF,1,100,0.0000
1738261053.640923,959792.000,22871,1,SF,1,100,0.0000
1738261054.040940,960192.000,22937,1,SF,1,100,0.0000
1738261054.307951,960459.000,22988,1,SF,1,100,0.0000
1738261054.640965,960792.000,23037,1,SF,1,100,0.0000
1738261054.973978,961125.000,23087,1,SF,1,100,0.0000
1738261055.373995,961525.000,23155,1,SF,1,100,0.0000
1738261055.641006,961792.000,23205,1,SF,1,100,0.0000
1738261055.974020,962125.000,23262,1,SF,1,100,0.0000
1738261056.374036,962525.000,23328,1,SF,1,100,0.0000
1738261056.641047,962792.000,23377,1,SF,1,100,0.0000
1738261056.974061,963125.000,23428,1,SF,1,100,0.0000
1738261057.307075,963458.000,23477,1,SF,1,100,0.0000
1738261057.707091,963858.000,23543,1,SF,1,100,0.0000
1738261057.974102,964125.000,23593,1,SF,1,100,0.0000
1738261058.307116,964458.000,23642,1,SF,1,100,0.0000
1738261058.707132,964858.000,23708,1,SF,1,100,0.0000
1738261058.974144,965125.000,23759,1,SF,1,100,0.0000
1738261059.307157,965458.000,23808,1,SF,1,100,0.0000
1738261059.640171,965791.000,23858,1,SF,1,100,0.0000
1738261060.040187,966191.000,23924,1,SF,1,100,0.0000
1738261060.307199,966458.000,23974,1,SF,1,100,0.0000
1738261060.640212,966791.000,24026,1,SF,1,100,0.0000
1738261061.040229,967191.000,24097,1,SF,1,100,0.0000
1738261061.373243,967524.000,24146,1,SF,1,100,0.0000
1738261061.640254,967791.000,24197,1,SF,1,100,0.0000
1738261061.973267,968124.000,24246,1,SF,1,100,0.0000
1738261062.373284,968524.000,24312,1,SF,1,100,0.0000
1738261062.707298,968858.000,24362,1,SF,1,100,0.0000
1738261062.973309,969124.000,24412,1,SF,1,100,0.0000
1738261063.307323,969458.000,24462,1,SF,1,100,0.0000
1738261063.707339,969858.000,24528,1,SF,1,100,0.0000
1738261063.973350,970124.000,24577,1,SF,1,100,0.0000
1738261064.306364,970457.000,24628,1,SF,1,100,0.0000
1738261064.640378,970791.000,24677,1,SF,1,100,0.0000
1738261065.040394,971191.000,24743,1,SF,1,100,0.0000
1738261065.306405,971457.000,24793,1,SF,1,100,0.0000
1738261065.640419,971791.000,24844,1,SF,1,100,0.0000
1738261066.040435,972191.000,24910,1,SF,1,100,0.0000
1738261066.373449,972524.000,24966,1,SF,1,100,0.0000
1738261066.640460,972791.000,25015,1,SF,1,100,0.0000
1738261066.973474,973124.000,25065,1,SF,1,100,0.0000
1738261067.373490,973524.000,25131,1,SF,1,100,0.0000
1738261067.639501,973790.000,25181,1,SF,1,100,0.0000
1738261067.973515,974124.000,25231,1,SF,1,100,0.0000
1738261068.306529,974457.000,25280,1,SF,1,100,0.0000
1738261068.706545,974857.000,25346,1,SF,1,100,0.0000
1738261068.973557,975124.000,25397,1,SF,1,100,0.0000
1738261069.306570,975457.000,25446,1,SF,1,100,0.0000
1738261069.706587,975857.000,25512,1,SF,1,100,0.0000
1738261069.973598,976124.000,25562,1,SF,1,100,0.0000
1738261070.306612,976457.000,25614,1,SF,1,100,0.0000
1738261070.639625,976790.000,25666,1,SF,1,100,0.0000
1738261071.039642,977190.000,25732,1,SF,1,100,0.0000
1738261071.306653,977457.000,25786,1,SF,1,100,0.0000
1738261071.639667,977790.000,25836,1,SF,1,100,0.0000
1738261072.039683,978190.000,25904,1,SF,1,100,0.0000
1738261072.306694,978457.000,25954,1,SF,1,100,0.0000
1738261072.639708,978790.000,26004,1,SF,1,100,0.0000
1738261072.972722,979123.000,26053,1,SF,1,100,0.0000
1738261073.372738,979523.000,26121,1,SF,1,100,0.0000
1738261073.639749,979790.000,26172,1,SF,1,100,0.0000
1738261073.972763,980123.000,26221,1,SF,1,100,0.0000
1738261074.372779,980523.000,26289,1,SF,1,100,0.0000
1738261074.639791,980790.000,26339,1,SF,1,100,0.0000
1738261074.972804,981123.000,26389,1,SF,1,100,0.0000
1738261075.305818,981456.000,26439,1,SF,1,100,0.0000
1738261075.705835,981856.000,26507,1,SF,1,100,0.0000
1738261075.972846,982123.000,26556,1,SF,1,100,0.0000
1738261076.305859,982456.000,26606,1,SF,1,100,0.0000
1738261076.705876,982856.000,26659,1,SF,1,100,0.0000
1738261076.972887,983123.000,26709,1,SF,1,100,0.0000
1738261077.305901,983456.000,26759,1,SF,1,100,0.0000
1738261077.638914,983789.000,26808,1,SF,1,100,0.0000
1738261078.038931,984189.000,26874,1,SF,1,100,0.0000
1738261078.305942,984456.000,26925,1,SF,1,100,0.0000
1738261078.638956,984789.000,26974,1,SF,1,100,0.0000
1738261079.038972,985189.000,27040,1,SF,1,100,0.0000
1738261079.305983,985456.000,27090,1,SF,1,100,0.0000
1738261079.638997,985789.000,27140,1,SF,1,100,0.0000
1738261079.973011,986123.000,27192,1,SF,1,100,0.0000
1738261080.372027,986522.000,27260,1,SF,1,100,0.0000
1738261080.639038,986789.000,27309,1,SF,1,100,0.0000
1738261080.972052,987122.000,27359,1,SF,1,100,0.0000
1738261081.372069,987522.000,27428,1,SF,1,100,0.0000
1738261081.639080,987789.000,27468,1,SF,1,100,0.0000
1738261082.039096,988189.000,27534,1,SF,1,100,0.0000
1738261082.306107,988456.000,27584,1,SF,1,100,0.0000
1738261082.639121,988789.000,27634,1,SF,1,100,0.0000
1738261082.972135,989122.000,27683,1,SF,1,100,0.0000
1738261083.372151,989522.000,27749,1,SF,1,100,0.0000
1738261083.639162,989789.000,27800,1,SF,1,100,0.0000
1738261083.972176,990122.000,27849,1,SF,1,100,0.0000
1738261084.372192,990522.000,27915,1,SF,1,100,0.0000
1738261084.639204,990789.000,27965,1,SF,1,100,0.0000
1738261084.972217,991122.000,28014,1,SF,1,100,0.0000
1738261085.305231,991455.000,28065,1,SF,1,100,0.0000
1738261085.705248,991855.000,28135,1,SF,1,100,0.0000
1738261085.972259,992122.000,28184,1,SF,1,100,0.0000
1738261086.305272,992455.000,28234,1,SF,1,100,0.0000
1738261086.705289,992855.000,28310,1,SF,1,100,0.0000
1738261086.972300,993122.000,28359,1,SF,1,100,0.0000
1738261087.305314,993455.000,28409,1,SF,1,100,0.0000
1738261087.638327,993788.000,28458,1,SF,1,100,0.0000
1738261088.038344,994188.000,28526,1,SF,1,100,0.0000
1738261088.305355,994455.000,28577,1,SF,1,100,0.0000
1738261088.638369,994788.000,28626,1,SF,1,100,0.0000
1738261088.972383,995122.000,28676,1,SF,1,100,0.0000
1738261089.372399,995522.000,28744,1,SF,1,100,0.0000
1738261089.638410,995788.000,28794,1,SF,1,100,0.0000
1738261089.972424,996122.000,28844,1,SF,1,100,0.0000
1738261090.372440,996522.000,28912,1,SF,1,100,0.0000
1738261090.638451,996788.000,28963,1,SF,1,100,0.0000
1738261090.971465,997121.000,29016,1,SF,1,100,0.0000
1738261091.305479,997455.000,29065,1,SF,1,100,0.0000
1738261091.705495,997855.000,29131,1,SF,1,100,0.0000
1738261091.971506,998121.000,29188,1,SF,1,100,0.0000
1738261092.305520,998455.000,29237,1,SF,1,100,0.0000
1738261092.705537,998855.000,29303,1,SF,1,100,0.0000
1738261092.971548,999121.000,29354,1,SF,1,100,0.0000
1738261093.305562,999455.000,29403,1,SF,1,100,0.0000
1738261093.638575,999788.000,29453,1,SF,1,100,0.0000
1738261094.038592,1000188.000,29521,1,SF,1,100,0.0000
1738261094.305603,1000455.000,29571,1,SF,1,100,0.0000
1738261094.638617,1000788.000,29625,1,SF,1,100,0.0000
1738261095.038633,1001188.000,29691,1,SF,1,100,0.0000
1738261095.371647,1001521.000,29742,1,SF,1,100,0.0000
1738261095.638658,1001788.000,29793,1,SF,1,100,0.0000
1738261095.971672,1002121.000,29844,1,SF,1,100,0.0000
1738261096.371688,1002521.000,29910,1,SF,1,100,0.0000
1738261096.638699,1002788.000,29960,1,SF,1,100,0.0000
1738261097.038716,1003188.000,30016,1,SF,1,100,0.0000
1738261097.304727,1003454.000,30065,1,SF,1,100,0.0000
1738261097.638741,1003788.000,30116,1,SF,1,100,0.0000
1738261097.971754,1004121.000,30165,1,SF,1,100,0.0000
1738261098.371771,1004521.000,30231,1,SF,1,100,0.0000
1738261098.637782,1004787.000,30281,1,SF,1,100,0.0000
1738261098.971796,1005121.000,30331,1,SF,1,100,0.0000
1738261099.304809,1005454.000,30381,1,SF,1,100,0.0000
1738261099.704826,1005854.000,30447,1,SF,1,100,0.0000
1738261099.971837,1006121.000,30496,1,SF,1,100,0.0000
1738261100.304851,1006454.000,30546,1,SF,1,100,0.0000
1738261100.704867,1006854.000,30614,1,SF,1,100,0.0000
1738261100.971878,1007121.000,30664,1,SF,1,100,0.0000
1738261101.304892,1007454.000,30714,1,SF,1,100,0.0000
1738261101.637906,1007787.000,30763,1,SF,1,100,0.0000
1738261102.037922,1008187.000,30834,1,SF,1,100,0.0000
1738261102.304933,1008454.000,30885,1,SF,1,100,0.0000
1738261102.637947,1008787.000,30934,1,SF,1,100,0.0000
1738261103.037963,1009187.000,31000,1,SF,1,100,0.0000
1738261103.370977,1009520.000,31050,1,SF,1,100,0.0000
1738261103.637988,1009787.000,31100,1,SF,1,100,0.0000
1738261103.971002,1010120.000,31150,1,SF,1,100,0.0000
1738261104.371018,1010520.000,31216,1,SF,1,100,0.0000
1738261104.638030,1010787.000,31265,1,SF,1,100,0.0000
1738261104.971043,1011120.000,31315,1,SF,1,100,0.0000
1738261105.371060,1011520.000,31384,1,SF,1,100,0.0000
1738261105.704074,1011853.000,31433,1,SF,1,100,0.0000
1738261105.971085,1012120.000,31485,1,SF,1,100,0.0000
1738261106.304098,1012453.000,31534,1,SF,1,100,0.0000
1738261106.704115,1012853.000,31600,1,SF,1,100,0.0000
1738261106.971126,1013120.000,31651,1,SF,1,100,0.0000
1738261107.304140,1013453.000,31707,1,SF,1,100,0.0000
1738261107.637153,1013786.000,31757,1,SF,1,100,0.0000
1738261108.037170,1014186.000,31823,1,SF,1,100,0.0000
1738261108.304181,1014453.000,31873,1,SF,1,100,0.0000
1738261108.637195,1014786.000,31923,1,SF,1,100,0.0000
1738261109.037211,1015186.000,31991,1,SF,1,100,0.0000
1738261109.304222,1015453.000,32040,1,SF,1,100,0.0000
1738261109.637236,1015786.000,32091,1,SF,1,100,0.0000
1738261109.971250,1016120.000,32144,1,SF,1,100,0.0000
1738261110.371266,1016520.000,32212,1,SF,1,100,0.0000
1738261110.637277,1016786.000,32262,1,SF,1,100,0.0000
1738261110.970291,1017119.000,32311,1,SF,1,100,0.0000
1738261111.370308,1017519.000,32380,1,SF,1,100,0.0000
1738261111.704321,1017853.000,32430,1,SF,1,100,0.0000
1738261111.970332,1018119.000,32479,1,SF,1,100,0.0000
1738261112.304346,1018453.000,32535,1,SF,1,100,0.0000
1738261112.637360,1018786.000,32586,1,SF,1,100,0.0000
1738261113.037376,1019186.000,32652,1,SF,1,100,0.0000
1738261113.304388,1019453.000,32704,1,SF,1,100,0.0000
1738261113.637401,1019786.000,32753,1,SF,1,100,0.0000
1738261114.037418,1020186.000,32819,1,SF,1,100,0.0000
1738261114.304429,1020453.000,32870,1,SF,1,100,0.0000
1738261114.637443,1020786.000,32919,1,SF,1,100,0.0000
1738261114.970456,1021119.000,32969,1,SF,1,100,0.0000
1738261115.370473,1021519.000,33037,1,SF,1,100,0.0000
1738261115.637484,1021786.000,33087,1,SF,1,100,0.0000
1738261115.970498,1022119.000,33139,1,SF,1,100,0.0000
1738261116.370514,1022519.000,33205,1,SF,1,100,0.0000
1738261116.703528,1022852.000,33254,1,SF,1,100,0.0000
1738261116.970539,1023119.000,33307,1,SF,1,100,0.0000
1738261117.303553,1023452.000,33356,1,SF,1,100,0.0000
1738261117.636566,1023785.000,33409,1,SF,1,100,0.0000
1738261118.036583,1024185.000,33478,1,SF,1,100,0.0000
1738261118.370597,1024519.000,33527,1,SF,1,100,0.0000
1738261118.636608,1024785.000,33577,1,SF,1,100,0.0000
1738261118.970622,1025119.000,33626,1,SF,1,100,0.0000
1738261119.370638,1025519.000,33692,1,SF,1,100,0.0000
1738261119.636649,1025785.000,33745,1,SF,1,100,0.0000
1738261119.970663,1026119.000,33794,1,SF,1,100,0.0000
1738261120.370679,1026519.000,33864,1,SF,1,100,0.0000
1738261120.703693,1026852.000,33914,1,SF,1,100,0.0000
1738261120.970704,1027119.000,33964,1,SF,1,100,0.0000
1738261121.303718,1027452.000,34014,1,SF,1,100,0.0000
1738261121.703734,1027852.000,34082,1,SF,1,100,0.0000
1738261121.969745,1028118.000,34131,1,SF,1,100,0.0000
1738261122.303759,1028452.000,34181,1,SF,1,100,0.0000
1738261122.636773,1028785.000,34236,1,SF,1,100,0.0000
1738261122.969787,1029118.000,34288,1,SF,1,100,0.0000
1738261123.369803,1029518.000,34354,1,SF,1,100,0.0000
1738261123.636814,1029785.000,34404,1,SF,1,100,0.0000
1738261123.969828,1030118.000,34456,1,SF,1,100,0.0000
1738261124.302842,1030451.000,34505,1,SF,1,100,0.0000
1738261124.702858,1030851.000,34571,1,SF,1,100,0.0000
1738261124.969869,1031118.000,34622,1,SF,1,100,0.0000
1738261125.302883,1031451.000,34673,1,SF,1,100,0.0000
1738261125.702900,1031851.000,34741,1,SF,1,100,0.0000
1738261125.969911,1032118.000,34791,1,SF,1,100,0.0000
1738261126.302924,1032451.000,34843,1,SF,1,100,0.0000
1738261126.636938,1032785.000,34893,1,SF,1,100,0.0000
1738261127.035955,1033184.000,34959,1,SF,1,100,0.0000
1738261127.302966,1033451.000,35008,1,SF,1,100,0.0000
1738261127.702982,1033851.000,35065,1,SF,1,100,0.0000
1738261127.969993,1034118.000,35114,1,SF,1,100,0.0000
1738261128.303007,1034451.000,35164,1,SF,1,100,0.0000
1738261128.703023,1034851.000,35232,1,SF,1,100,0.0000
1738261128.970035,1035118.000,35282,1,SF,1,100,0.0000
1738261129.303048,1035451.000,35332,1,SF,1,100,0.0000
1738261129.636062,1035784.000,35381,1,SF,1,100,0.0000
1738261130.036079,1036184.000,35447,1,SF,1,100,0.0000
1738261130.303090,1036451.000,35500,1,SF,1,100,0.0000
1738261130.636103,1036784.000,35551,1,SF,1,100,0.0000
1738261131.036120,1037184.000,35619,1,SF,1,100,0.0000
1738261131.303131,1037451.000,35669,1,SF,1,100,0.0000
1738261131.636145,1037784.000,35718,1,SF,1,100,0.0000
1738261131.970159,1038118.000,35769,1,SF,1,100,0.0000
1738261132.369175,1038517.000,35837,1,SF,1,100,0.0000
1738261132.636186,1038784.000,35886,1,SF,1,100,0.0000
1738261132.969200,1039117.000,35942,1,SF,1,100,0.0000
1738261133.303214,1039451.000,35991,1,SF,1,100,0.0000
1738261133.636227,1039784.000,36041,1,SF,1,100,0.0000
1738261134.036244,1040184.000,36109,1,SF,1,100,0.0000
1738261134.303255,1040451.000,36159,1,SF,1,100,0.0000
1738261134.636269,1040784.000,36209,1,SF,1,100,0.0000
1738261134.969282,1041117.000,36260,1,SF,1,100,0.0000
1738261135.369299,1041517.000,36328,1,SF,1,100,0.0000
1738261135.636310,1041784.000,36379,1,SF,1,100,0.0000
1738261135.969324,1042117.000,36430,1,SF,1,100,0.0000
1738261136.369340,1042517.000,36496,1,SF,1,100,0.0000
1738261136.702354,1042850.000,36546,1,SF,1,100,0.0000
1738261136.969365,1043117.000,36596,1,SF,1,100,0.0000
1738261137.302379,1043450.000,36646,1,SF,1,100,0.0000
1738261137.702395,1043850.000,36714,1,SF,1,100,0.0000
1738261137.969406,1044117.000,36752,1,SF,1,100,0.0000
1738261138.369423,1044517.000,36818,1,SF,1,100,0.0000
1738261138.636434,1044784.000,36867,1,SF,1,100,0.0000
1738261138.969448,1045117.000,36917,1,SF,1,100,0.0000
1738261139.369464,1045517.000,36983,1,SF,1,100,0.0000
1738261139.635475,1045783.000,37035,1,SF,1,100,0.0000
1738261139.969489,1046117.000,37085,1,SF,1,100,0.0000
1738261140.302503,1046450.000,37134,1,SF,1,100,0.0000
1738261140.702519,1046850.000,37202,1,SF,1,100,0.0000
1738261140.968530,1047116.000,37255,1,SF,1,100,0.0000
1738261141.302544,1047450.000,37304,1,SF,1,100,0.0000
1738261141.702560,1047850.000,37370,1,SF,1,100,0.0000
1738261141.968571,1048116.000,37420,1,SF,1,100,0.0000
1738261142.302585,1048450.000,37470,1,SF,1,100,0.0000
1738261142.635599,1048783.000,37520,1,SF,1,100,0.0000
1738261143.101618,1049249.000,37591,1,SF,1,100,0.0000
1738261143.302627,1049450.000,37627,1,SF,1,100,0.0000
1738261143.702643,1049850.000,37693,1,SF,1,100,0.0000
1738261143.968654,1050116.000,37742,1,SF,1,100,0.0000
1738261144.302668,1050450.000,37793,1,SF,1,100,0.0000
1738261144.635682,1050783.000,37844,1,SF,1,100,0.0000
1738261145.035698,1051183.000,37910,1,SF,1,100,0.0000
1738261145.301709,1051449.000,37960,1,SF,1,100,0.0000
1738261145.635723,1051783.000,38013,1,SF,1,100,0.0000
1738261146.035739,1052183.000,38079,1,SF,1,100,0.0000
1738261146.301750,1052449.000,38130,1,SF,1,100,0.0000
1738261146.635764,1052783.000,38179,1,SF,1,100,0.0000
1738261146.968778,1053116.000,38231,1,SF,1,100,0.0000
1738261147.368794,1053516.000,38297,1,SF,1,100,0.0000
1738261147.634805,1053782.000,38347,1,SF,1,100,0.0000
1738261147.968819,1054116.000,38397,1,SF,1,100,0.0000
1738261148.301833,1054449.000,38456,1,SF,1,100,0.0000
1738261148.634847,1054782.000,38506,1,SF,1,100,0.0000
1738261149.034863,1055182.000,38572,1,SF,1,100,0.0000
1738261149.301874,1055449.000,38623,1,SF,1,100,0.0000
1738261149.634888,1055782.000,38676,1,SF,1,100,0.0000
1738261149.968902,1056116.000,38725,1,SF,1,100,0.0000
1738261150.368918,1056516.000,38795,1,SF,1,100,0.0000
1738261150.634929,1056782.000,38845,1,SF,1,100,0.0000
1738261150.967943,1057115.000,38894,1,SF,1,100,0.0000
1738261151.367960,1057515.000,38960,1,SF,1,100,0.0000
1738261151.634971,1057782.000,39011,1,SF,1,100,0.0000
1738261151.967984,1058115.000,39062,1,SF,1,100,0.0000
1738261152.301998,1058449.000,39112,1,SF,1,100,0.0000
1738261152.702015,1058849.000,39178,1,SF,1,100,0.0000
1738261152.968026,1059115.000,39230,1,SF,1,100,0.0000
1738261153.368042,1059515.000,39285,1,SF,1,100,0.0000
1738261153.635053,1059782.000,39335,1,SF,1,100,0.0000
1738261153.968067,1060115.000,39387,1,SF,1,100,0.0000
1738261154.368083,1060515.000,39453,1,SF,1,100,0.0000
1738261154.635095,1060782.000,39502,1,SF,1,100,0.0000
1738261154.968108,1061115.000,39553,1,SF,1,100,0.0000
1738261155.301122,1061448.000,39604,1,SF,1,100,0.0000
1738261155.701139,1061848.000,39672,1,SF,1,100,0.0000
1738261155.968150,1062115.000,39722,1,SF,1,100,0.0000
1738261156.301163,1062448.000,39773,1,SF,1,100,0.0000
1738261156.701180,1062848.000,39841,1,SF,1,100,0.0000
1738261156.968191,1063115.000,39892,1,SF,1,100,0.0000
1738261157.301205,1063448.000,39941,1,SF,1,100,0.0000
1738261157.634218,1063781.000,39993,1,SF,1,100,0.0000
1738261158.034235,1064181.000,40059,1,SF,1,100,0.0000
1738261158.301246,1064448.000,40109,1,SF,1,100,0.0000
1738261158.701262,1064848.000,40161,1,SF,1,100,0.0000
1738261158.968274,1065115.000,40211,1,SF,1,100,0.0000
1738261159.301287,1065448.000,40261,1,SF,1,100,0.0000
1738261159.701304,1065848.000,40329,1,SF,1,100,0.0000
1738261159.968315,1066115.000,40378,1,SF,1,100,0.0000
1738261160.301329,1066448.000,40428,1,SF,1,100,0.0000
1738261160.634342,1066781.000,40480,1,SF,1,100,0.0000
1738261161.034359,1067181.000,40548,1,SF,1,100,0.0000
1738261161.301370,1067448.000,40598,1,SF,1,100,0.0000
1738261161.634384,1067781.000,40647,1,SF,1,100,0.0000
1738261162.034400,1068181.000,40713,1,SF,1,100,0.0000
1738261162.301411,1068448.000,40764,1,SF,1,100,0.0000
1738261162.634425,1068781.000,40813,1,SF,1,100,0.0000
1738261162.967439,1069114.000,40863,1,SF,1,100,0.0000
1738261163.367455,1069514.000,40933,1,SF,1,100,0.0000
1738261163.701469,1069848.000,40988,1,SF,1,100,0.0000
1738261163.967480,1070114.000,41038,1,SF,1,100,0.0000
1738261164.300494,1070447.000,41090,1,SF,1,100,0.0000
1738261164.634508,1070781.000,41140,1,SF,1,100,0.0000
1738261165.034524,1071181.000,41206,1,SF,1,100,0.0000
1738261165.300535,1071447.000,41255,1,SF,1,100,0.0000
1738261165.634549,1071781.000,41307,1,SF,1,100,0.0000
1738261166.034565,1072181.000,41374,1,SF,1,100,0.0000
1738261166.367579,1072514.000,41423,1,SF,1,100,0.0000
1738261166.634590,1072781.000,41473,1,SF,1,100,0.0000
1738261166.967604,1073114.000,41522,1,SF,1,100,0.0000
1738261167.367620,1073514.000,41588,1,SF,1,100,0.0000
1738261167.634632,1073781.000,41639,1,SF,1,100,0.0000
1738261167.967645,1074114.000,41690,1,SF,1,100,0.0000
1738261168.367662,1074514.000,41756,1,SF,1,100,0.0000
1738261168.700675,1074847.000,41813,1,SF,1,100,0.0000
1738261169.033689,1075180.000,41865,1,SF,1,100,0.0000
1738261169.300700,1075447.000,41915,1,SF,1,100,0.0000
1738261169.633714,1075780.000,41965,1,SF,1,100,0.0000
1738261169.967728,1076114.000,42015,1,SF,1,100,0.0000
1738261170.367744,1076514.000,42085,1,SF,1,100,0.0000
1738261170.633755,1076780.000,42134,1,SF,1,100,0.0000
1738261170.967769,1077114.000,42184,1,SF,1,100,0.0000
1738261171.367786,1077514.000,42252,1,SF,1,100,0.0000
1738261171.633797,1077780.000,42302,1,SF,1,100,0.0000
1738261171.966810,1078113.000,42352,1,SF,1,100,0.0000
1738261172.300824,1078447.000,42401,1,SF,1,100,0.0000
1738261172.700841,1078847.000,42469,1,SF,1,100,0.0000
1738261172.966852,1079113.000,42522,1,SF,1,100,0.0000
1738261173.300866,1079447.000,42571,1,SF,1,100,0.0000
1738261173.700882,1079847.000,42637,1,SF,1,100,0.0000
1738261173.966893,1080113.000,42678,1,SF,1,100,0.0000
1738261174.366910,1080513.000,42744,1,SF,1,100,0.0000
1738261174.633921,1080780.000,42794,1,SF,1,100,0.0000
1738261174.966934,1081113.000,42845,1,SF,1,100,0.0000
1738261175.366951,1081513.000,42913,1,SF,1,100,0.0000
1738261175.633962,1081780.000,42964,1,SF,1,100,0.0000
1738261175.966976,1082113.000,43013,1,SF,1,100,0.0000
1738261176.366992,1082513.000,43079,1,SF,1,100,0.0000
1738261176.700006,1082846.000,43129,1,SF,1,100,0.0000
1738261176.967017,1083113.000,43179,1,SF,1,100,0.0000
1738261177.300031,1083446.000,43229,1,SF,1,100,0.0000
1738261177.700047,1083846.000,43295,1,SF,1,100,0.0000
1738261177.967058,1084113.000,43344,1,SF,1,100,0.0000
1738261178.300072,1084446.000,43396,1,SF,1,100,0.0000
1738261178.700089,1084846.000,43463,1,SF,1,100,0.0000
1738261178.967100,1085113.000,43501,1,SF,1,100,0.0000
1738261179.367116,1085513.000,43567,1,SF,1,100,0.0000
1738261179.633127,1085779.000,43617,1,SF,1,100,0.0000
1738261179.967141,1086113.000,43667,1,SF,1,100,0.0000
1738261180.300155,1086446.000,43716,1,SF,1,100,0.0000
1738261180.700171,1086846.000,43784,1,SF,1,100,0.0000
1738261180.967182,1087113.000,43835,1,SF,1,100,0.0000
1738261181.300196,1087446.000,43884,1,SF,1,100,0.0000
1738261181.700212,1087846.000,43952,1,SF,1,100,0.0000
1738261182.033226,1088179.000,44002,1,SF,1,100,0.0000
1738261182.300237,1088446.000,44052,1,SF,1,100,0.0000
1738261182.633251,1088779.000,44104,1,SF,1,100,0.0000
1738261183.033267,1089179.000,44170,1,SF,1,100,0.0000
1738261183.300279,1089446.000,44219,1,SF,1,100,0.0000
1738261183.633292,1089779.000,44269,1,SF,1,100,0.0000
1738261184.099312,1090245.000,44341,1,SF,1,100,0.0000
1738261184.299320,1090445.000,44374,1,SF,1,100,0.0000
1738261184.699336,1090845.000,44440,1,SF,1,100,0.0000
1738261184.966347,1091112.000,44492,1,SF,1,100,0.0000
1738261185.299361,1091445.000,44542,1,SF,1,100,0.0000
1738261185.699378,1091845.000,44610,1,SF,1,100,0.0000
1738261186.033391,1092179.000,44661,1,SF,1,100,0.0000
1738261186.299402,1092445.000,44712,1,SF,1,100,0.0000
1738261186.633416,1092779.000,44761,1,SF,1,100,0.0000
1738261187.032433,1093178.000,44827,1,SF,1,100,0.0000
1738261187.299444,1093445.000,44879,1,SF,1,100,0.0000
1738261187.632457,1093778.000,44929,1,SF,1,100,0.0000
1738261187.966471,1094112.000,44979,1,SF,1,100,0.0000
1738261188.366488,1094512.000,45049,1,SF,1,100,0.0000
1738261188.632499,1094778.000,45098,1,SF,1,100,0.0000
1738261188.966513,1095112.000,45148,1,SF,1,100,0.0000
1738261189.299526,1095445.000,45205,1,SF,1,100,0.0000
1738261189.632540,1095778.000,45255,1,SF,1,100,0.0000
1738261190.032557,1096178.000,45321,1,SF,1,100,0.0000
1738261190.299568,1096445.000,45371,1,SF,1,100,0.0000
1738261190.632581,1096778.000,45425,1,SF,1,100,0.0000
1738261191.032598,1097178.000,45491,1,SF,1,100,0.0000
1738261191.299609,1097445.000,45540,1,SF,1,100,0.0000
1738261191.632623,1097778.000,45593,1,SF,1,100,0.0000
1738261191.965636,1098111.000,45642,1,SF,1,100,0.0000
1738261192.365653,1098511.000,45708,1,SF,1,100,0.0000
1738261192.632664,1098778.000,45758,1,SF,1,100,0.0000
1738261192.965678,1099111.000,45809,1,SF,1,100,0.0000
1738261193.365694,1099511.000,45876,1,SF,1,100,0.0000
1738261193.698708,1099844.000,45926,1,SF,1,100,0.0000
1738261193.965719,1100111.000,45977,1,SF,1,100,0.0000
1738261194.298733,1100444.000,46032,1,SF,1,100,0.0000
1738261194.632747,1100778.000,46081,1,SF,1,100,0.0000
1738261194.965760,1101111.000,46131,1,SF,1,100,0.0000
1738261195.365777,1101511.000,46199,1,SF,1,100,0.0000
1738261195.632788,1101778.000,46251,1,SF,1,100,0.0000
1738261195.965802,1102111.000,46301,1,SF,1,100,0.0000
1738261196.298815,1102444.000,46350,1,SF,1,100,0.0000
1738261196.698832,1102844.000,46418,1,SF,1,100,0.0000
1738261196.965843,1103111.000,46469,1,SF,1,100,0.0000
1738261197.298857,1103444.000,46518,1,SF,1,100,0.0000
1738261197.698873,1103844.000,46586,1,SF,1,100,0.0000
1738261197.965884,1104111.000,46636,1,SF,1,100,0.0000
1738261198.298898,1104444.000,46686,1,SF,1,100,0.0000
1738261198.631912,1104777.000,46736,1,SF,1,100,0.0000
1738261199.031928,1105177.000,46802,1,SF,1,100,0.0000
1738261199.298939,1105444.000,46853,1,SF,1,100,0.0000
1738261199.631953,1105777.000,46907,1,SF,1,100,0.0000
1738261199.965967,1106111.000,46958,1,SF,1,100,0.0000
1738261200.298981,1106444.000,47008,1,SF,1,100,0.0000
1738261200.698997,1106844.000,47076,1,SF,1,100,0.0000
1738261200.965008,1107110.000,47126,1,SF,1,100,0.0000
1738261201.299022,1107444.000,47176,1,SF,1,100,0.0000
1738261201.699039,1107844.000,47242,1,SF,1,100,0.0000
1738261201.965050,1108110.000,47291,1,SF,1,100,0.0000
1738261202.299063,1108444.000,47344,1,SF,1,100,0.0000
1738261202.632077,1108777.000,47393,1,SF,1,100,0.0000
1738261203.032094,1109177.000,47459,1,SF,1,100,0.0000
1738261203.299105,1109444.000,47511,1,SF,1,100,0.0000
1738261203.632118,1109777.000,47561,1,SF,1,100,0.0000
1738261204.032135,1110177.000,47627,1,SF,1,100,0.0000
1738261204.365149,1110510.000,47679,1,SF,1,100,0.0000
1738261204.698162,1110843.000,47735,1,SF,1,100,0.0000
1738261205.032176,1111177.000,47786,1,SF,1,100,0.0000
1738261205.298187,1111443.000,47835,1,SF,1,100,0.0000
1738261205.632201,1111777.000,47889,1,SF,1,100,0.0000
1738261206.032218,1112177.000,47955,1,SF,1,100,0.0000
1738261206.298229,1112443.000,48005,1,SF,1,100,0.0000
1738261206.632242,1112777.000,48055,1,SF,1,100,0.0000
1738261206.965256,1113110.000,48104,1,SF,1,100,0.0000
1738261207.365273,1113510.000,48170,1,SF,1,100,0.0000
1738261207.631284,1113776.000,48221,1,SF,1,100,0.0000
1738261207.965297,1114110.000,48272,1,SF,1,100,0.0000
1738261208.365314,1114510.000,48338,1,SF,1,100,0.0000
1738261208.631325,1114776.000,48388,1,SF,1,100,0.0000
1738261208.965339,1115110.000,48438,1,SF,1,100,0.0000
1738261209.298352,1115443.000,48492,1,SF,1,100,0.0000
1738261209.698369,1115843.000,48565,1,SF,1,100,0.0000
1738261210.031383,1116176.000,48615,1,SF,1,100,0.0000
1738261210.365396,1116510.000,48671,1,SF,1,100,0.0000
1738261210.631407,1116776.000,48720,1,SF,1,100,0.0000
1738261210.965421,1117110.000,48770,1,SF,1,100,0.0000
1738261211.365438,1117510.000,48838,1,SF,1,100,0.0000
1738261211.631449,1117776.000,48888,1,SF,1,100,0.0000
1738261211.964463,1118109.000,48938,1,SF,1,100,0.0000
1738261212.298476,1118443.000,48987,1,SF,1,100,0.0000
1738261212.698493,1118843.000,49053,1,SF,1,100,0.0000
1738261212.964504,1119109.000,49106,1,SF,1,100,0.0000
1738261213.298518,1119443.000,49155,1,SF,1,100,0.0000
1738261213.698534,1119843.000,49223,1,SF,1,100,0.0000
1738261213.964545,1120109.000,49273,1,SF,1,100,0.0000
1738261214.298559,1120443.000,49323,1,SF,1,100,0.0000
1738261214.631573,1120776.000,49375,1,SF,1,100,0.0000
1738261214.964586,1121109.000,49429,1,SF,1,100,0.0000
1738261215.364603,1121509.000,49498,1,SF,1,100,0.0000
1738261215.631614,1121776.000,49548,1,SF,1,100,0.0000
1738261215.964628,1122109.000,49599,1,SF,1,100,0.0000
1738261216.297642,1122442.000,49649,1,SF,1,100,0.0000
1738261216.697658,1122842.000,49715,1,SF,1,100,0.0000
1738261216.964669,1123109.000,49765,1,SF,1,100,0.0000
1738261217.297683,1123442.000,49815,1,SF,1,100,0.0000
1738261217.630697,1123775.000,49864,1,SF,1,100,0.0000
1738261218.030713,1124175.000,49932,1,SF,1,100,0.0000
1738261218.297724,1124442.000,49983,1,SF,1,100,0.0000
1738261218.630738,1124775.000,50032,1,SF,1,100,0.0000
1738261219.030754,1125175.000,50098,1,SF,1,100,0.0000
1738261219.297765,1125442.000,50150,1,SF,1,100,0.0000
1738261219.630779,1125775.000,50200,1,SF,1,100,0.0000
1738261219.964793,1126109.000,50255,1,SF,1,100,0.0000
1738261220.297807,1126442.000,50304,1,SF,1,100,0.0000
1738261220.697823,1126842.000,50374,1,SF,1,100,0.0000
1738261220.964834,1127109.000,50425,1,SF,1,100,0.0000
1738261221.297848,1127442.000,50474,1,SF,1,100,0.0000
1738261221.630862,1127775.000,50524,1,SF,1,100,0.0000
1738261222.030878,1128175.000,50590,1,SF,1,100,0.0000
1738261222.297889,1128442.000,50640,1,SF,1,100,0.0000
1738261222.630903,1128775.000,50692,1,SF,1,100,0.0000
1738261223.030920,1129175.000,50758,1,SF,1,100,0.0000
1738261223.297931,1129442.000,50807,1,SF,1,100,0.0000
1738261223.630944,1129775.000,50858,1,SF,1,100,0.0000
1738261223.963958,1130108.000,50909,1,SF,1,100,0.0000
1738261224.363975,1130508.000,50975,1,SF,1,100,0.0000
1738261224.630986,1130775.000,51025,1,SF,1,100,0.0000
1738261224.964000,1131108.000,51076,1,SF,1,100,0.0000
1738261225.298013,1131442.000,51132,1,SF,1,100,0.0000
1738261225.631027,1131775.000,51183,1,SF,1,100,0.0000
1738261226.031044,1132175.000,51249,1,SF,1,100,0.0000
1738261226.297055,1132441.000,51300,1,SF,1,100,0.0000
1738261226.631068,1132775.000,51349,1,SF,1,100,0.0000
1738261226.964082,1133108.000,51399,1,SF,1,100,0.0000
1738261227.364099,1133508.000,51465,1,SF,1,100,0.0000
1738261227.631110,1133775.000,51515,1,SF,1,100,0.0000
1738261227.964123,1134108.000,51565,1,SF,1,100,0.0000
1738261228.364140,1134508.000,51631,1,SF,1,100,0.0000
1738261228.630151,1134774.000,51680,1,SF,1,100,0.0000
1738261228.964165,1135108.000,51731,1,SF,1,100,0.0000
1738261229.297179,1135441.000,51780,1,SF,1,100,0.0000
1738261229.697195,1135841.000,51848,1,SF,1,100,0.0000
1738261229.964206,1136108.000,51898,1,SF,1,100,0.0000
1738261230.297220,1136441.000,51953,1,SF,1,100,0.0000
1738261230.630234,1136774.000,52005,1,SF,1,100,0.0000
1738261230.963247,1137107.000,52054,1,SF,1,100,0.0000
1738261231.363264,1137507.000,52120,1,SF,1,100,0.0000
1738261231.630275,1137774.000,52171,1,SF,1,100,0.0000
1738261231.963289,1138107.000,52220,1,SF,1,100,0.0000
1738261232.363305,1138507.000,52286,1,SF,1,100,0.0000
1738261232.630316,1138774.000,52336,1,SF,1,100,0.0000
1738261232.963330,1139107.000,52386,1,SF,1,100,0.0000
1738261233.297344,1139441.000,52436,1,SF,1,100,0.0000
1738261233.696360,1139840.000,52502,1,SF,1,100,0.0000
1738261233.963371,1140107.000,52553,1,SF,1,100,0.0000
1738261234.296385,1140440.000,52603,1,SF,1,100,0.0000
1738261234.696401,1140840.000,52669,1,SF,1,100,0.0000
1738261235.030415,1141174.000,52719,1,SF,1,100,0.0000
1738261235.363429,1141507.000,52774,1,SF,1,100,0.0000
1738261235.630440,1141774.000,52826,1,SF,1,100,0.0000
1738261235.963454,1142107.000,52876,1,SF,1,100,0.0000
1738261236.363470,1142507.000,52942,1,SF,1,100,0.0000
1738261236.696484,1142840.000,52993,1,SF,1,100,0.0000
1738261236.963495,1143107.000,53044,1,SF,1,100,0.0000
1738261237.296509,1143440.000,53093,1,SF,1,100,0.0000
1738261237.696525,1143840.000,53161,1,SF,1,100,0.0000
1738261237.963537,1144107.000,53211,1,SF,1,100,0.0000
1738261238.296550,1144440.000,53260,1,SF,1,100,0.0000
1738261238.696567,1144840.000,53327,1,SF,1,100,0.0000
1738261239.029580,1145173.000,53377,1,SF,1,100,0.0000
1738261239.296592,1145440.000,53428,1,SF,1,100,0.0000
1738261239.629605,1145773.000,53478,1,SF,1,100,0.0000
1738261240.029622,1146173.000,53544,1,SF,1,100,0.0000
1738261240.296633,1146440.000,53596,1,SF,1,100,0.0000
1738261240.696649,1146840.000,53650,1,SF,1,100,0.0000
1738261240.962660,1147106.000,53700,1,SF,1,100,0.0000
1738261241.296674,1147440.000,53752,1,SF,1,100,0.0000
1738261241.696691,1147840.000,53818,1,SF,1,100,0.0000
1738261241.962702,1148106.000,53867,1,SF,1,100,0.0000
1738261242.296715,1148440.000,53918,1,SF,1,100,0.0000
1738261242.629729,1148773.000,53969,1,SF,1,100,0.0000
1738261243.029746,1149173.000,54035,1,SF,1,100,0.0000
1738261243.296757,1149440.000,54087,1,SF,1,100,0.0000
1738261243.629771,1149773.000,54137,1,SF,1,100,0.0000
1738261243.962784,1150106.000,54187,1,SF,1,100,0.0000
1738261244.362801,1150506.000,54253,1,SF,1,100,0.0000
1738261244.629812,1150773.000,54304,1,SF,1,100,0.0000
1738261244.962826,1151106.000,54354,1,SF,1,100,0.0000
1738261245.362842,1151506.000,54423,1,SF,1,100,0.0000
1738261245.629853,1151773.000,54463,1,SF,1,100,0.0000
1738261245.962867,1152106.000,54515,1,SF,1,100,0.0000
1738261246.362883,1152506.000,54581,1,SF,1,100,0.0000
1738261246.629894,1152773.000,54631,1,SF,1,100,0.0000
1738261246.962908,1153106.000,54684,1,SF,1,100,0.0000
1738261247.362925,1153506.000,54751,1,SF,1,100,0.0000
1738261247.695938,1153839.000,54801,1,SF,1,100,0.0000
1738261247.962950,1154106.000,54850,1,SF,1,100,0.0000
1738261248.295963,1154439.000,54900,1,SF,1,100,0.0000
1738261248.695980,1154839.000,54966,1,SF,1,100,0.0000
1738261248.962991,1155106.000,55016,1,SF,1,100,0.0000
1738261249.296005,1155439.000,55066,1,SF,1,100,0.0000
1738261249.696021,1155839.000,55132,1,SF,1,100,0.0000
1738261250.029035,1156172.000,55181,1,SF,1,100,0.0000
1738261250.296046,1156439.000,55232,1,SF,1,100,0.0000
1738261250.629060,1156772.000,55285,1,SF,1,100,0.0000
1738261250.962073,1157105.000,55341,1,SF,1,100,0.0000
1738261251.296087,1157439.000,55390,1,SF,1,100,0.0000
1738261251.696104,1157839.000,55458,1,SF,1,100,0.0000
1738261251.962115,1158105.000,55508,1,SF,1,100,0.0000
1738261252.296129,1158439.000,55557,1,SF,1,100,0.0000
1738261252.696145,1158839.000,55624,1,SF,1,100,0.0000
1738261253.029159,1159172.000,55674,1,SF,1,100,0.0000
1738261253.296170,1159439.000,55725,1,SF,1,100,0.0000
1738261253.629184,1159772.000,55775,1,SF,1,100,0.0000
1738261254.029200,1160172.000,55841,1,SF,1,100,0.0000
1738261254.296211,1160439.000,55893,1,SF,1,100,0.0000
1738261254.629225,1160772.000,55945,1,SF,1,100,0.0000
1738261255.029241,1161172.000,56011,1,SF,1,100,0.0000
1738261255.295252,1161438.000,56060,1,SF,1,100,0.0000
1738261255.629266,1161772.000,56113,1,SF,1,100,0.0000
1738261255.962280,1162105.000,56169,1,SF,1,100,0.0000
1738261256.295294,1162438.000,56219,1,SF,1,100,0.0000
1738261256.695310,1162838.000,56286,1,SF,1,100,0.0000
1738261257.029324,1163172.000,56337,1,SF,1,100,0.0000
1738261257.295335,1163438.000,56387,1,SF,1,100,0.0000
1738261257.628349,1163771.000,56436,1,SF,1,100,0.0000
1738261258.028365,1164171.000,56502,1,SF,1,100,0.0000
1738261258.295376,1164438.000,56553,1,SF,1,100,0.0000
1738261258.628390,1164771.000,56604,1,SF,1,100,0.0000
1738261259.028406,1165171.000,56670,1,SF,1,100,0.0000
1738261259.362420,1165505.000,56720,1,SF,1,100,0.0000
1738261259.628431,1165771.000,56770,1,SF,1,100,0.0000
1738261259.962445,1166105.000,56820,1,SF,1,100,0.0000
1738261260.361462,1166504.000,56888,1,SF,1,100,0.0000
1738261260.628473,1166771.000,56939,1,SF,1,100,0.0000
1738261261.028489,1167171.000,56994,1,SF,1,100,0.0000
1738261261.295500,1167438.000,57043,1,SF,1,100,0.0000
1738261261.628514,1167771.000,57093,1,SF,1,100,0.0000
1738261262.028530,1168171.000,57159,1,SF,1,100,0.0000
1738261262.295542,1168438.000,57211,1,SF,1,100,0.0000
1738261262.628555,1168771.000,57261,1,SF,1,100,0.0000
1738261262.961569,1169104.000,57310,1,SF,1,100,0.0000
1738261263.361585,1169504.000,57376,1,SF,1,100,0.0000
1738261263.628597,1169771.000,57427,1,SF,1,100,0.0000
1738261263.961610,1170104.000,57476,1,SF,1,100,0.0000
1738261264.361627,1170504.000,57544,1,SF,1,100,0.0000
1738261264.628638,1170771.000,57594,1,SF,1,100,0.0000
1738261264.961652,1171104.000,57644,1,SF,1,100,0.0000
1738261265.294665,1171437.000,57694,1,SF,1,100,0.0000
1738261265.694682,1171837.000,57764,1,SF,1,100,0.0000
1738261265.961693,1172104.000,57813,1,SF,1,100,0.0000
1738261266.295707,1172438.000,57871,1,SF,1,100,0.0000
1738261266.628720,1172771.000,57920,1,SF,1,100,0.0000
1738261266.961734,1173104.000,57970,1,SF,1,100,0.0000
1738261267.361751,1173504.000,58036,1,SF,1,100,0.0000
1738261267.627762,1173770.000,58088,1,SF,1,100,0.0000
1738261267.961776,1174104.000,58138,1,SF,1,100,0.0000
1738261268.361792,1174504.000,58204,1,SF,1,100,0.0000
1738261268.627803,1174770.000,58253,1,SF,1,100,0.0000
1738261268.961817,1175104.000,58304,1,SF,1,100,0.0000
1738261269.294831,1175437.000,58355,1,SF,1,100,0.0000
1738261269.694847,1175837.000,58421,1,SF,1,100,0.0000
1738261269.961858,1176104.000,58471,1,SF,1,100,0.0000
1738261270.294872,1176437.000,58522,1,SF,1,100,0.0000
1738261270.694888,1176837.000,58590,1,SF,1,100,0.0000
1738261271.027902,1177170.000,58641,1,SF,1,100,0.0000
1738261271.360916,1177503.000,58697,1,SF,1,100,0.0000
1738261271.627927,1177770.000,58748,1,SF,1,100,0.0000
1738261271.960941,1178103.000,58797,1,SF,1,100,0.0000
1738261272.294955,1178437.000,58847,1,SF,1,100,0.0000
1738261272.694971,1178837.000,58915,1,SF,1,100,0.0000
1738261272.960982,1179103.000,58965,1,SF,1,100,0.0000
1738261273.294996,1179437.000,59015,1,SF,1,100,0.0000
1738261273.695012,1179837.000,59083,1,SF,1,100,0.0000
1738261273.961023,1180103.000,59132,1,SF,1,100,0.0000
1738261274.295037,1180437.000,59183,1,SF,1,100,0.0000
1738261274.628051,1180770.000,59232,1,SF,1,100,0.0000
1738261275.028067,1181170.000,59300,1,SF,1,100,0.0000
1738261275.294078,1181436.000,59350,1,SF,1,100,0.0000
1738261275.628092,1181770.000,59401,1,SF,1,100,0.0000
1738261276.028109,1182170.000,59467,1,SF,1,100,0.0000
1738261276.361122,1182503.000,59527,1,SF,1,100,0.0000
1738261276.694136,1182836.000,59576,1,SF,1,100,0.0000
1738261276.961147,1183103.000,59627,1,SF,1,100,0.0000
1738261277.294161,1183436.000,59676,1,SF,1,100,0.0000
1738261277.694177,1183836.000,59742,1,SF,1,100,0.0000
1738261278.027191,1184169.000,59792,1,SF,1,100,0.0000
1738261278.294202,1184436.000,59842,1,SF,1,100,0.0000
1738261278.627216,1184769.000,59894,1,SF,1,100,0.0000
1738261279.028233,1185170.000,59960,1,SF,1,100,0.0000
1738261279.294244,1185436.000,60009,1,SF,1,100,0.0000
1738261279.627257,1185769.000,60062,1,SF,1,100,0.0000
1738261280.027274,1186169.000,60128,1,SF,1,100,0.0000
1738261280.360288,1186502.000,60179,1,SF,1,100,0.0000
1738261280.627299,1186769.000,60229,1,SF,1,100,0.0000
1738261280.960312,1187102.000,60280,1,SF,1,100,0.0000
1738261281.360329,1187502.000,60346,1,SF,1,100,0.0000
1738261281.627340,1187769.000,60383,1,SF,1,100,0.0000
1738261282.027356,1188169.000,60451,1,SF,1,100,0.0000
1738261282.294368,1188436.000,60502,1,SF,1,100,0.0000
1738261282.627381,1188769.000,60551,1,SF,1,100,0.0000
1738261282.960395,1189102.000,60601,1,SF,1,100,0.0000
1738261283.360411,1189502.000,60667,1,SF,1,100,0.0000
1738261283.627423,1189769.000,60719,1,SF,1,100,0.0000
1738261283.960436,1190102.000,60769,1,SF,1,100,0.0000
1738261284.360453,1190502.000,60835,1,SF,1,100,0.0000
1738261284.627464,1190769.000,60886,1,SF,1,100,0.0000
1738261284.960478,1191102.000,60937,1,SF,1,100,0.0000
1738261285.293491,1191435.000,60986,1,SF,1,100,0.0000
1738261285.693508,1191835.000,61056,1,SF,1,100,0.0000
1738261285.960519,1192102.000,61106,1,SF,1,100,0.0000
1738261286.293533,1192435.000,61155,1,SF,1,100,0.0000
1738261286.627546,1192769.000,61213,1,SF,1,100,0.0000
1738261286.960560,1193102.000,61262,1,SF,1,100,0.0000
1738261287.360577,1193502.000,61331,1,SF,1,100,0.0000
1738261287.626588,1193768.000,61381,1,SF,1,100,0.0000
1738261287.960602,1194102.000,61430,1,SF,1,100,0.0000
1738261288.293615,1194435.000,61480,1,SF,1,100,0.0000
1738261288.693632,1194835.000,61548,1,SF,1,100,0.0000
1738261288.960643,1195102.000,61598,1,SF,1,100,0.0000
1738261289.293657,1195435.000,61648,1,SF,1,100,0.0000
1738261289.626670,1195768.000,61699,1,SF,1,100,0.0000
1738261290.026687,1196168.000,61765,1,SF,1,100,0.0000
1738261290.293698,1196435.000,61816,1,SF,1,100,0.0000
1738261290.626712,1196768.000,61867,1,SF,1,100,0.0000
1738261291.026728,1197168.000,61935,1,SF,1,100,0.0000
1738261291.293739,1197435.000,61985,1,SF,1,100,0.0000
1738261291.626753,1197768.000,62035,1,SF,1,100,0.0000
1738261291.959767,1198101.000,62090,1,SF,1,100,0.0000
1738261292.293781,1198435.000,62141,1,SF,1,100,0.0000
1738261292.693797,1198835.000,62208,1,SF,1,100,0.0000
1738261293.026811,1199168.000,62258,1,SF,1,100,0.0000
1738261293.293822,1199435.000,62311,1,SF,1,100,0.0000
1738261293.626836,1199768.000,62361,1,SF,1,100,0.0000
1738261294.026852,1200168.000,62427,1,SF,1,100,0.0000
1738261294.292863,1200434.000,62477,1,SF,1,100,0.0000
1738261294.626877,1200768.000,62529,1,SF,1,100,0.0000
1738261295.026893,1201168.000,62595,1,SF,1,100,0.0000
1738261295.359907,1201501.000,62644,1,SF,1,100,0.0000
1738261295.626918,1201768.000,62697,1,SF,1,100,0.0000
1738261295.959932,1202101.000,62746,1,SF,1,100,0.0000
1738261296.359948,1202501.000,62812,1,SF,1,100,0.0000
1738261296.626959,1202768.000,62862,1,SF,1,100,0.0000
1738261296.959973,1203101.000,62919,1,SF,1,100,0.0000
1738261297.292987,1203434.000,62969,1,SF,1,100,0.0000
1738261297.626001,1203767.000,63018,1,SF,1,100,0.0000
1738261298.026017,1204167.000,63084,1,SF,1,100,0.0000
1738261298.293028,1204434.000,63137,1,SF,1,100,0.0000
1738261298.626042,1204767.000,63186,1,SF,1,100,0.0000
1738261298.960056,1205101.000,63236,1,SF,1,100,0.0000
1738261299.360072,1205501.000,63302,1,SF,1,100,0.0000
1738261299.626083,1205767.000,63352,1,SF,1,100,0.0000
1738261299.960097,1206101.000,63402,1,SF,1,100,0.0000
1738261300.360114,1206501.000,63472,1,SF,1,100,0.0000
1738261300.626125,1206767.000,63521,1,SF,1,100,0.0000
1738261300.959138,1207100.000,63572,1,SF,1,100,0.0000
1738261301.293152,1207434.000,63621,1,SF,1,100,0.0000
1738261301.693169,1207834.000,63687,1,SF,1,100,0.0000
1738261302.026182,1208167.000,63742,1,SF,1,100,0.0000
1738261302.293194,1208434.000,63792,1,SF,1,100,0.0000
1738261302.626207,1208767.000,63844,1,SF,1,100,0.0000
1738261302.959221,1209100.000,63893,1,SF,1,100,0.0000
1738261303.359237,1209500.000,63959,1,SF,1,100,0.0000
1738261303.626249,1209767.000,64010,1,SF,1,100,0.0000
1738261303.959262,1210100.000,64061,1,SF,1,100,0.0000
1738261304.293276,1210434.000,64111,1,SF,1,100,0.0000
1738261304.692292,1210833.000,64177,1,SF,1,100,0.0000
1738261304.959304,1211100.000,64227,1,SF,1,100,0.0000
1738261305.292317,1211433.000,64279,1,SF,1,100,0.0000
1738261305.692334,1211833.000,64347,1,SF,1,100,0.0000
1738261305.959345,1212100.000,64396,1,SF,1,100,0.0000
1738261306.292359,1212433.000,64447,1,SF,1,100,0.0000
1738261306.626372,1212767.000,64496,1,SF,1,100,0.0000
1738261307.026389,1213167.000,64562,1,SF,1,100,0.0000
1738261307.359403,1213500.000,64619,1,SF,1,100,0.0000
1738261307.625414,1213766.000,64669,1,SF,1,100,0.0000
1738261307.959428,1214100.000,64719,1,SF,1,100,0.0000
1738261308.292441,1214433.000,64768,1,SF,1,100,0.0000
1738261308.692458,1214833.000,64834,1,SF,1,100,0.0000
1738261308.959469,1215100.000,64887,1,SF,1,100,0.0000
1738261309.292483,1215433.000,64936,1,SF,1,100,0.0000
1738261309.692499,1215833.000,65004,1,SF,1,100,0.0000
1738261309.959510,1216100.000,65054,1,SF,1,100,0.0000
1738261310.292524,1216433.000,65104,1,SF,1,100,0.0000
1738261310.625538,1216766.000,65156,1,SF,1,100,0.0000
1738261311.025554,1217166.000,65224,1,SF,1,100,0.0000
1738261311.292565,1217433.000,65273,1,SF,1,100,0.0000
1738261311.625579,1217766.000,65323,1,SF,1,100,0.0000
1738261312.025595,1218166.000,65389,1,SF,1,100,0.0000
1738261312.292607,1218433.000,65428,1,SF,1,100,0.0000
1738261312.692623,1218833.000,65496,1,SF,1,100,0.0000
1738261312.958634,1219099.000,10,1,SF,1,100,0.0000
1738261313.292648,1219433.000,62,1,SF,1,100,0.0000
1738261313.691664,1219832.000,128,1,SF,1,100,0.0000
1738261313.958675,1220099.000,177,1,SF,1,100,0.0000
1738261314.291689,1220432.000,230,1,SF,1,100,0.0000
1738261314.625703,1220766.000,279,1,SF,1,100,0.0000
1738261315.025719,1221166.000,345,1,SF,1,100,0.0000
1738261315.292730,1221433.000,395,1,SF,1,100,0.0000
1738261315.625744,1221766.000,446,1,SF,1,100,0.0000
1738261316.025761,1222166.000,514,1,SF,1,100,0.0000
1738261316.291772,1222432.000,565,1,SF,1,100,0.0000
1738261316.625785,1222766.000,614,1,SF,1,100,0.0000
1738261316.958799,1223099.000,664,1,SF,1,100,0.0000
1738261317.358816,1223499.000,737,1,SF,1,100,0.0000
1738261317.625827,1223766.000,787,1,SF,1,100,0.0000
1738261317.958841,1224099.000,841,1,SF,1,100,0.0000
1738261318.358857,1224499.000,907,1,SF,1,100,0.0000
1738261318.691871,1224832.000,956,1,SF,1,100,0.0000
1738261318.958882,1225099.000,1009,1,SF,1,100,0.0000
1738261319.291896,1225432.000,1058,1,SF,1,100,0.0000
1738261319.691912,1225832.000,1124,1,SF,1,100,0.0000
1738261319.958923,1226099.000,1174,1,SF,1,100,0.0000
1738261320.291937,1226432.000,1225,1,SF,1,100,0.0000
1738261320.691953,1226832.000,1294,1,SF,1,100,0.0000
1738261321.024967,1227165.000,1344,1,SF,1,100,0.0000
1738261321.291978,1227432.000,1393,1,SF,1,100,0.0000
1738261321.624992,1227765.000,1443,1,SF,1,100,0.0000
1738261322.025008,1228165.000,1509,1,SF,1,100,0.0000
1738261322.292020,1228432.000,1559,1,SF,1,100,0.0000
1738261322.692036,1228832.000,1615,1,SF,1,100,0.0000
1738261323.025050,1229165.000,1665,1,SF,1,100,0.0000
1738261323.292061,1229432.000,1714,1,SF,1,100,0.0000
1738261323.625075,1229765.000,1764,1,SF,1,100,0.0000
1738261324.025091,1230165.000,1830,1,SF,1,100,0.0000
1738261324.292102,1230432.000,1880,1,SF,1,100,0.0000
1738261324.625116,1230765.000,1930,1,SF,1,100,0.0000
1738261324.958130,1231098.000,1979,1,SF,1,100,0.0000
1738261325.358146,1231498.000,2049,1,SF,1,100,0.0000
1738261325.625157,1231765.000,2100,1,SF,1,100,0.0000
1738261325.958171,1232098.000,2149,1,SF,1,100,0.0000
1738261326.358187,1232498.000,2217,1,SF,1,100,0.0000
1738261326.625198,1232765.000,2267,1,SF,1,100,0.0000
1738261326.958212,1233098.000,2317,1,SF,1,100,0.0000
1738261327.291226,1233431.000,2367,1,SF,1,100,0.0000
1738261327.691242,1233831.000,2440,1,SF,1,100,0.0000
1738261327.958254,1234098.000,2489,1,SF,1,100,0.0000
1738261328.291267,1234431.000,2540,1,SF,1,100,0.0000
1738261328.624281,1234764.000,2589,1,SF,1,100,0.0000
1738261329.024297,1235164.000,2657,1,SF,1,100,0.0000
1738261329.291309,1235431.000,2707,1,SF,1,100,0.0000
1738261329.624322,1235764.000,2756,1,SF,1,100,0.0000
1738261330.024339,1236164.000,2824,1,SF,1,100,0.0000
1738261330.291350,1236431.000,2875,1,SF,1,100,0.0000
1738261330.624364,1236764.000,2926,1,SF,1,100,0.0000
1738261330.957377,1237097.000,2976,1,SF,1,100,0.0000
1738261331.358394,1237498.000,3044,1,SF,1,100,0.0000
1738261331.624405,1237764.000,3096,1,SF,1,100,0.0000
1738261331.957419,1238097.000,3146,1,SF,1,100,0.0000
1738261332.357435,1238497.000,3212,1,SF,1,100,0.0000
1738261332.624446,1238764.000,3266,1,SF,1,100,0.0000
1738261332.957460,1239097.000,3319,1,SF,1,100,0.0000
1738261333.291474,1239431.000,3368,1,SF,1,100,0.0000
1738261333.690490,1239830.000,3434,1,SF,1,100,0.0000
1738261333.957501,1240097.000,3486,1,SF,1,100,0.0000
1738261334.290515,1240430.000,3535,1,SF,1,100,0.0000
1738261334.690531,1240830.000,3602,1,SF,1,100,0.0000
1738261335.024545,1241164.000,3654,1,SF,1,100,0.0000
1738261335.290556,1241430.000,3703,1,SF,1,100,0.0000
1738261335.624570,1241764.000,3755,1,SF,1,100,0.0000
1738261336.024587,1242164.000,3821,1,SF,1,100,0.0000
1738261336.290598,1242430.000,3871,1,SF,1,100,0.0000
1738261336.624611,1242764.000,3923,1,SF,1,100,0.0000
1738261336.957625,1243097.000,3972,1,SF,1,100,0.0000
1738261337.357642,1243497.000,4038,1,SF,1,100,0.0000
1738261337.624653,1243764.000,4091,1,SF,1,100,0.0000
1738261337.957667,1244097.000,4145,1,SF,1,100,0.0000
1738261338.290680,1244430.000,4195,1,SF,1,100,0.0000
1738261338.690697,1244830.000,4263,1,SF,1,100,0.0000
1738261338.957708,1245097.000,4313,1,SF,1,100,0.0000
1738261339.290722,1245430.000,4363,1,SF,1,100,0.0000
1738261339.690738,1245830.000,4429,1,SF,1,100,0.0000
1738261339.957749,1246097.000,4480,1,SF,1,100,0.0000
1738261340.290763,1246430.000,4531,1,SF,1,100,0.0000
1738261340.623777,1246763.000,4582,1,SF,1,100,0.0000
1738261341.023793,1247163.000,4650,1,SF,1,100,0.0000
1738261341.290804,1247430.000,4700,1,SF,1,100,0.0000
1738261341.623818,1247763.000,4749,1,SF,1,100,0.0000
1738261342.023834,1248163.000,4815,1,SF,1,100,0.0000
1738261342.290846,1248430.000,4868,1,SF,1,100,0.0000
1738261342.623859,1248763.000,4917,1,SF,1,100,0.0000
1738261342.956873,1249096.000,4972,1,SF,1,100,0.0000
1738261343.356889,1249496.000,5040,1,SF,1,100,0.0000
1738261343.623901,1249763.000,5090,1,SF,1,100,0.0000
1738261343.956914,1250096.000,5140,1,SF,1,100,0.0000
1738261344.356931,1250496.000,5206,1,SF,1,100,0.0000
1738261344.689945,1250829.000,5255,1,SF,1,100,0.0000
1738261344.956956,1251096.000,5308,1,SF,1,100,0.0000
1738261345.289969,1251429.000,5357,1,SF,1,100,0.0000
1738261345.689986,1251829.000,5427,1,SF,1,100,0.0000
1738261345.956997,1252096.000,5477,1,SF,1,100,0.0000
1738261346.290011,1252429.000,5526,1,SF,1,100,0.0000
1738261346.690027,1252829.000,5593,1,SF,1,100,0.0000
1738261347.024041,1253163.000,5643,1,SF,1,100,0.0000
1738261347.290052,1253429.000,5692,1,SF,1,100,0.0000
1738261347.623066,1253762.000,5742,1,SF,1,100,0.0000
1738261348.023082,1254162.000,5814,1,SF,1,100,0.0000
1738261348.290093,1254429.000,5863,1,SF,1,100,0.0000
1738261348.624107,1254763.000,5915,1,SF,1,100,0.0000
1738261348.957121,1255096.000,5964,1,SF,1,100,0.0000
1738261349.357137,1255496.000,6030,1,SF,1,100,0.0000
1738261349.623148,1255762.000,6081,1,SF,1,100,0.0000
1738261349.957162,1256096.000,6132,1,SF,1,100,0.0000
1738261350.356179,1256495.000,6200,1,SF,1,100,0.0000
1738261350.623190,1256762.000,6250,1,SF,1,100,0.0000
1738261350.956203,1257095.000,6300,1,SF,1,100,0.0000
1738261351.290217,1257429.000,6350,1,SF,1,100,0.0000
1738261351.690234,1257829.000,6416,1,SF,1,100,0.0000
1738261351.956245,1258095.000,6465,1,SF,1,100,0.0000
1738261352.290259,1258429.000,6516,1,SF,1,100,0.0000
1738261352.623272,1258762.000,6567,1,SF,1,100,0.0000
1738261353.023289,1259162.000,6633,1,SF,1,100,0.0000
1738261353.290300,1259429.000,6688,1,SF,1,100,0.0000
1738261353.623314,1259762.000,6737,1,SF,1,100,0.0000
1738261354.023330,1260162.000,6804,1,SF,1,100,0.0000
1738261354.356344,1260495.000,6854,1,SF,1,100,0.0000
1738261354.623355,1260762.000,6903,1,SF,1,100,0.0000
1738261354.956369,1261095.000,6955,1,SF,1,100,0.0000
1738261355.356385,1261495.000,7023,1,SF,1,100,0.0000
1738261355.623396,1261762.000,7073,1,SF,1,100,0.0000
1738261355.956410,1262095.000,7123,1,SF,1,100,0.0000
1738261356.356426,1262495.000,7189,1,SF,1,100,0.0000
1738261356.689440,1262828.000,7238,1,SF,1,100,0.0000
1738261356.956451,1263095.000,7291,1,SF,1,100,0.0000
1738261357.289465,1263428.000,7340,1,SF,1,100,0.0000
1738261357.689481,1263828.000,7406,1,SF,1,100,0.0000
1738261357.956493,1264095.000,7456,1,SF,1,100,0.0000
1738261358.356509,1264495.000,7510,1,SF,1,100,0.0000
1738261358.622520,1264761.000,7559,1,SF,1,100,0.0000
1738261358.956534,1265095.000,7609,1,SF,1,100,0.0000
1738261359.356550,1265495.000,7679,1,SF,1,100,0.0000
1738261359.622561,1265761.000,7729,1,SF,1,100,0.0000
1738261359.956575,1266095.000,7779,1,SF,1,100,0.0000
1738261360.289589,1266428.000,7828,1,SF,1,100,0.0000
1738261360.689605,1266828.000,7896,1,SF,1,100,0.0000
1738261360.956616,1267095.000,7947,1,SF,1,100,0.0000
1738261361.289630,1267428.000,7996,1,SF,1,100,0.0000
1738261361.622644,1267761.000,8048,1,SF,1,100,0.0000
1738261362.022660,1268161.000,8114,1,SF,1,100,0.0000
1738261362.289672,1268428.000,8164,1,SF,1,100,0.0000
1738261362.622685,1268761.000,8214,1,SF,1,100,0.0000
1738261363.022702,1269161.000,8282,1,SF,1,100,0.0000
1738261363.289713,1269428.000,8331,1,SF,1,100,0.0000
1738261363.689729,1269828.000,8387,1,SF,1,100,0.0000
1738261363.955740,1270094.000,8436,1,SF,1,100,0.0000
1738261364.288754,1270427.000,8488,1,SF,1,100,0.0000
1738261364.688771,1270827.000,8554,1,SF,1,100,0.0000
1738261364.955782,1271094.000,8604,1,SF,1,100,0.0000
1738261365.288795,1271427.000,8656,1,SF,1,100,0.0000
1738261365.622809,1271761.000,8707,1,SF,1,100,0.0000
1738261366.022826,1272161.000,8773,1,SF,1,100,0.0000
1738261366.288837,1272427.000,8824,1,SF,1,100,0.0000
1738261366.622851,1272761.000,8875,1,SF,1,100,0.0000
1738261367.021867,1273160.000,8941,1,SF,1,100,0.0000
1738261367.355881,1273494.000,8991,1,SF,1,100,0.0000
1738261367.621892,1273760.000,9041,1,SF,1,100,0.0000
1738261367.955906,1274094.000,9093,1,SF,1,100,0.0000
1738261368.355922,1274494.000,9159,1,SF,1,100,0.0000
1738261368.621933,1274760.000,9215,1,SF,1,100,0.0000
1738261368.955947,1275094.000,9265,1,SF,1,100,0.0000
1738261369.355963,1275494.000,9332,1,SF,1,100,0.0000
1738261369.621974,1275760.000,9381,1,SF,1,100,0.0000
1738261369.955988,1276094.000,9431,1,SF,1,100,0.0000
1738261370.289002,1276427.000,9480,1,SF,1,100,0.0000
1738261370.689018,1276827.000,9548,1,SF,1,100,0.0000
1738261370.955029,1277093.000,9599,1,SF,1,100,0.0000
1738261371.289043,1277427.000,9648,1,SF,1,100,0.0000
1738261371.689060,1277827.000,9714,1,SF,1,100,0.0000
1738261372.022074,1278160.000,9766,1,SF,1,100,0.0000
1738261372.289085,1278427.000,9816,1,SF,1,100,0.0000
1738261372.622098,1278760.000,9866,1,SF,1,100,0.0000
1738261373.022115,1279160.000,9932,1,SF,1,100,0.0000
1738261373.289126,1279427.000,9981,1,SF,1,100,0.0000
1738261373.622140,1279760.000,10036,1,SF,1,100,0.0000
1738261374.022156,1280160.000,10103,1,SF,1,100,0.0000
1738261374.355170,1280493.000,10152,1,SF,1,100,0.0000
1738261374.622181,1280760.000,10202,1,SF,1,100,0.0000
1738261374.955195,1281093.000,10251,1,SF,1,100,0.0000
1738261375.355211,1281493.000,10319,1,SF,1,100,0.0000
1738261375.622222,1281760.000,10370,1,SF,1,100,0.0000
1738261375.955236,1282093.000,10421,1,SF,1,100,0.0000
1738261376.355253,1282493.000,10487,1,SF,1,100,0.0000
1738261376.688266,1282826.000,10537,1,SF,1,100,0.0000
1738261376.955277,1283093.000,10587,1,SF,1,100,0.0000
1738261377.288291,1283426.000,10637,1,SF,1,100,0.0000
1738261377.688308,1283826.000,10703,1,SF,1,100,0.0000
1738261377.955319,1284093.000,10752,1,SF,1,100,0.0000
1738261378.288332,1284426.000,10804,1,SF,1,100,0.0000
1738261378.688349,1284826.000,10871,1,SF,1,100,0.0000
1738261379.021363,1285159.000,10925,1,SF,1,100,0.0000
1738261379.288374,1285426.000,10977,1,SF,1,100,0.0000
1738261379.621387,1285759.000,11026,1,SF,1,100,0.0000
1738261380.021404,1286159.000,11092,1,SF,1,100,0.0000
1738261380.288415,1286426.000,11143,1,SF,1,100,0.0000
1738261380.621429,1286759.000,11194,1,SF,1,100,0.0000
1738261381.021445,1287159.000,11262,1,SF,1,100,0.0000
1738261381.354459,1287492.000,11312,1,SF,1,100,0.0000
1738261381.621470,1287759.000,11362,1,SF,1,100,0.0000
1738261381.954484,1288092.000,11414,1,SF,1,100,0.0000
1738261382.354500,1288492.000,11480,1,SF,1,100,0.0000
1738261382.621511,1288759.000,11529,1,SF,1,100,0.0000
1738261382.954525,1289092.000,11581,1,SF,1,100,0.0000
1738261383.354542,1289492.000,11647,1,SF,1,100,0.0000
1738261383.621553,1289759.000,11697,1,SF,1,100,0.0000
1738261384.021569,1290159.000,11754,1,SF,1,100,0.0000
1738261384.288580,1290426.000,11805,1,SF,1,100,0.0000
1738261384.621594,1290759.000,11854,1,SF,1,100,0.0000
1738261385.021610,1291159.000,11920,1,SF,1,100,0.0000
1738261385.354624,1291492.000,11970,1,SF,1,100,0.0000
1738261385.621635,1291759.000,12024,1,SF,1,100,0.0000
1738261385.954649,1292092.000,12074,1,SF,1,100,0.0000
1738261386.354666,1292492.000,12140,1,SF,1,100,0.0000
1738261386.621677,1292759.000,12191,1,SF,1,100,0.0000
1738261386.954690,1293092.000,12241,1,SF,1,100,0.0000
1738261387.354707,1293492.000,12308,1,SF,1,100,0.0000
1738261387.687721,1293825.000,12357,1,SF,1,100,0.0000
1738261387.954732,1294092.000,12409,1,SF,1,100,0.0000
1738261388.287745,1294425.000,12458,1,SF,1,100,0.0000
1738261388.687762,1294825.000,12524,1,SF,1,100,0.0000
1738261389.020776,1295158.000,12582,1,SF,1,100,0.0000
1738261389.287787,1295425.000,12631,1,SF,1,100,0.0000
1738261389.620800,1295758.000,12682,1,SF,1,100,0.0000
1738261389.954814,1296092.000,12731,1,SF,1,100,0.0000
1738261390.354831,1296492.000,12801,1,SF,1,100,0.0000
1738261390.620842,1296758.000,12851,1,SF,1,100,0.0000
1738261390.954855,1297092.000,12900,1,SF,1,100,0.0000
1738261391.353872,1297491.000,12966,1,SF,1,100,0.0000
1738261391.620883,1297758.000,13017,1,SF,1,100,0.0000
1738261391.953897,1298091.000,13066,1,SF,1,100,0.0000
1738261392.287911,1298425.000,13116,1,SF,1,100,0.0000
1738261392.687927,1298825.000,13182,1,SF,1,100,0.0000
1738261392.953938,1299091.000,13234,1,SF,1,100,0.0000
1738261393.287952,1299425.000,13284,1,SF,1,100,0.0000
1738261393.686968,1299824.000,13350,1,SF,1,100,0.0000
1738261393.953979,1300091.000,13399,1,SF,1,100,0.0000
1738261394.286993,1300424.000,13457,1,SF,1,100,0.0000
1738261394.621007,1300758.000,13506,1,SF,1,100,0.0000
1738261395.021024,1301158.000,13572,1,SF,1,100,0.0000
1738261395.287035,1301424.000,13622,1,SF,1,100,0.0000
1738261395.621048,1301758.000,13675,1,SF,1,100,0.0000
1738261396.021065,1302158.000,13741,1,SF,1,100,0.0000
1738261396.288076,1302425.000,13796,1,SF,1,100,0.0000
1738261396.621090,1302758.000,13845,1,SF,1,100,0.0000
1738261396.954103,1303091.000,13895,1,SF,1,100,0.0000
1738261397.354120,1303491.000,13963,1,SF,1,100,0.0000
1738261397.620131,1303757.000,14013,1,SF,1,100,0.0000
1738261397.954145,1304091.000,14063,1,SF,1,100,0.0000
1738261398.354161,1304491.000,14129,1,SF,1,100,0.0000
1738261398.687175,1304824.000,14178,1,SF,1,100,0.0000
1738261398.954186,1305091.000,14229,1,SF,1,100,0.0000
1738261399.287200,1305424.000,14286,1,SF,1,100,0.0000
1738261399.620214,1305757.000,14336,1,SF,1,100,0.0000
1738261400.020230,1306157.000,14402,1,SF,1,100,0.0000
1738261400.353244,1306490.000,14456,1,SF,1,100,0.0000
1738261400.620255,1306757.000,14507,1,SF,1,100,0.0000
1738261400.954268,1307091.000,14557,1,SF,1,100,0.0000
1738261401.354285,1307491.000,14623,1,SF,1,100,0.0000
1738261401.620296,1307757.000,14675,1,SF,1,100,0.0000
1738261401.953310,1308090.000,14725,1,SF,1,100,0.0000
1738261402.353326,1308490.000,14791,1,SF,1,100,0.0000
1738261402.687340,1308824.000,14840,1,SF,1,100,0.0000
1738261402.953351,1309090.000,14891,1,SF,1,100,0.0000
1738261403.287365,1309424.000,14942,1,SF,1,100,0.0000
1738261403.687382,1309824.000,15008,1,SF,1,100,0.0000
1738261403.953393,1310090.000,15058,1,SF,1,100,0.0000
1738261404.353409,1310490.000,15113,1,SF,1,100,0.0000
1738261404.686423,1310823.000,15165,1,SF,1,100,0.0000
1738261405.020437,1311157.000,15215,1,SF,1,100,0.0000
1738261405.286448,1311423.000,15264,1,SF,1,100,0.0000
1738261405.620461,1311757.000,15316,1,SF,1,100,0.0000
1738261406.020478,1312157.000,15384,1,SF,1,100,0.0000
1738261406.286489,1312423.000,15434,1,SF,1,100,0.0000
1738261406.620503,1312757.000,15484,1,SF,1,100,0.0000
1738261406.953516,1313090.000,15535,1,SF,1,100,0.0000
1738261407.353533,1313490.000,15601,1,SF,1,100,0.0000
1738261407.619544,1313756.000,15652,1,SF,1,100,0.0000
1738261407.953558,1314090.000,15701,1,SF,1,100,0.0000
1738261408.353574,1314490.000,15769,1,SF,1,100,0.0000
1738261408.686588,1314823.000,15819,1,SF,1,100,0.0000
1738261408.953599,1315090.000,15869,1,SF,1,100,0.0000
1738261409.286613,1315423.000,15919,1,SF,1,100,0.0000
1738261409.619627,1315756.000,15974,1,SF,1,100,0.0000
1738261410.019643,1316156.000,16044,1,SF,1,100,0.0000
1738261410.286654,1316423.000,16095,1,SF,1,100,0.0000
1738261410.619668,1316756.000,16146,1,SF,1,100,0.0000
1738261411.019684,1317156.000,16212,1,SF,1,100,0.0000
1738261411.352698,1317489.000,16262,1,SF,1,100,0.0000
1738261411.619709,1317756.000,16312,1,SF,1,100,0.0000
1738261411.952723,1318089.000,16362,1,SF,1,100,0.0000
1738261412.352739,1318489.000,16430,1,SF,1,100,0.0000
1738261412.619750,1318756.000,16481,1,SF,1,100,0.0000
1738261412.952764,1319089.000,16532,1,SF,1,100,0.0000
1738261413.286778,1319423.000,16581,1,SF,1,100,0.0000
1738261413.685794,1319822.000,16649,1,SF,1,100,0.0000
1738261413.952806,1320089.000,16699,1,SF,1,100,0.0000
1738261414.285819,1320422.000,16750,1,SF,1,100,0.0000
1738261414.685836,1320822.000,16821,1,SF,1,100,0.0000
1738261414.952847,1321089.000,16872,1,SF,1,100,0.0000
1738261415.285861,1321422.000,16921,1,SF,1,100,0.0000
1738261415.619874,1321756.000,16973,1,SF,1,100,0.0000
1738261416.019891,1322156.000,17041,1,SF,1,100,0.0000
1738261416.285902,1322422.000,17091,1,SF,1,100,0.0000
1738261416.619916,1322756.000,17141,1,SF,1,100,0.0000
1738261417.019932,1323156.000,17207,1,SF,1,100,0.0000
1738261417.352946,1323489.000,17256,1,SF,1,100,0.0000
1738261417.618957,1323755.000,17307,1,SF,1,100,0.0000
1738261417.952971,1324089.000,17356,1,SF,1,100,0.0000
1738261418.352987,1324489.000,17422,1,SF,1,100,0.0000
1738261418.619998,1324756.000,17472,1,SF,1,100,0.0000
1738261418.953012,1325089.000,17521,1,SF,1,100,0.0000
1738261419.353029,1325489.000,17588,1,SF,1,100,0.0000
1738261419.686042,1325822.000,17645,1,SF,1,100,0.0000
1738261419.953053,1326089.000,17694,1,SF,1,100,0.0000
1738261420.286067,1326422.000,17744,1,SF,1,100,0.0000
1738261420.686084,1326822.000,17814,1,SF,1,100,0.0000
1738261420.953094,1327089.000,17864,1,SF,1,100,0.0000
1738261421.286108,1327422.000,17914,1,SF,1,100,0.0000
1738261421.619122,1327755.000,17963,1,SF,1,100,0.0000
1738261422.019139,1328155.000,18029,1,SF,1,100,0.0000
1738261422.286150,1328422.000,18080,1,SF,1,100,0.0000
1738261422.619164,1328755.000,18129,1,SF,1,100,0.0000
1738261423.019180,1329155.000,18195,1,SF,1,100,0.0000
1738261423.286191,1329422.000,18247,1,SF,1,100,0.0000
1738261423.619205,1329755.000,18297,1,SF,1,100,0.0000
1738261423.952219,1330088.000,18347,1,SF,1,100,0.0000
1738261424.352235,1330488.000,18415,1,SF,1,100,0.0000
1738261424.619246,1330755.000,18464,1,SF,1,100,0.0000
1738261424.952260,1331088.000,18520,1,SF,1,100,0.0000
1738261425.285274,1331421.000,18569,1,SF,1,100,0.0000
1738261425.685290,1331821.000,18639,1,SF,1,100,0.0000
1738261425.952301,1332088.000,18689,1,SF,1,100,0.0000
1738261426.285315,1332421.000,18738,1,SF,1,100,0.0000
1738261426.685331,1332821.000,18807,1,SF,1,100,0.0000
1738261427.018345,1333154.000,18857,1,SF,1,100,0.0000
1738261427.285356,1333421.000,18906,1,SF,1,100,0.0000
1738261427.618370,1333754.000,18956,1,SF,1,100,0.0000
1738261428.019387,1334155.000,19022,1,SF,1,100,0.0000
1738261428.285398,1334421.000,19072,1,SF,1,100,0.0000
1738261428.618411,1334754.000,19124,1,SF,1,100,0.0000
1738261429.018428,1335154.000,19190,1,SF,1,100,0.0000
1738261429.352442,1335488.000,19239,1,SF,1,100,0.0000
1738261429.618453,1335754.000,19292,1,SF,1,100,0.0000
1738261429.952466,1336088.000,19346,1,SF,1,100,0.0000
1738261430.285480,1336421.000,19396,1,SF,1,100,0.0000
1738261430.685497,1336821.000,19468,1,SF,1,100,0.0000
1738261430.952507,1337088.000,19518,1,SF,1,100,0.0000
1738261431.285521,1337421.000,19568,1,SF,1,100,0.0000
1738261431.685538,1337821.000,19634,1,SF,1,100,0.0000
1738261431.951549,1338087.000,19685,1,SF,1,100,0.0000
1738261432.285563,1338421.000,19736,1,SF,1,100,0.0000
1738261432.618577,1338754.000,19785,1,SF,1,100,0.0000
1738261433.018593,1339154.000,19853,1,SF,1,100,0.0000
1738261433.285604,1339421.000,19903,1,SF,1,100,0.0000
1738261433.618618,1339754.000,19952,1,SF,1,100,0.0000
1738261434.018634,1340154.000,20018,1,SF,1,100,0.0000
1738261434.285645,1340421.000,20071,1,SF,1,100,0.0000
1738261434.618659,1340754.000,20120,1,SF,1,100,0.0000
1738261434.951673,1341087.000,20170,1,SF,1,100,0.0000
1738261435.351689,1341487.000,20243,1,SF,1,100,0.0000
1738261435.618700,1341754.000,20295,1,SF,1,100,0.0000
1738261435.951714,1342087.000,20345,1,SF,1,100,0.0000
1738261436.351731,1342487.000,20411,1,SF,1,100,0.0000
1738261436.618742,1342754.000,20460,1,SF,1,100,0.0000
1738261436.951755,1343087.000,20511,1,SF,1,100,0.0000
1738261437.284769,1343420.000,20560,1,SF,1,100,0.0000
1738261437.684786,1343820.000,20626,1,SF,1,100,0.0000
1738261437.951797,1344087.000,20676,1,SF,1,100,0.0000
1738261438.284811,1344420.000,20728,1,SF,1,100,0.0000
1738261438.684827,1344820.000,20794,1,SF,1,100,0.0000
1738261439.017841,1345153.000,20844,1,SF,1,100,0.0000
1738261439.284852,1345420.000,20893,1,SF,1,100,0.0000
1738261439.617866,1345753.000,20945,1,SF,1,100,0.0000
1738261440.017882,1346153.000,21011,1,SF,1,100,0.0000
1738261440.284893,1346420.000,21066,1,SF,1,100,0.0000
1738261440.617907,1346753.000,21118,1,SF,1,100,0.0000
1738261440.951921,1347087.000,21167,1,SF,1,100,0.0000
1738261441.350937,1347486.000,21235,1,SF,1,100,0.0000
1738261441.617948,1347753.000,21286,1,SF,1,100,0.0000
1738261441.950962,1348086.000,21335,1,SF,1,100,0.0000
1738261442.350978,1348486.000,21401,1,SF,1,100,0.0000
1738261442.684992,1348820.000,21451,1,SF,1,100,0.0000
1738261442.951003,1349086.000,21501,1,SF,1,100,0.0000
1738261443.285017,1349420.000,21551,1,SF,1,100,0.0000
1738261443.685034,1349820.000,21617,1,SF,1,100,0.0000
1738261443.951045,1350086.000,21666,1,SF,1,100,0.0000
1738261444.284058,1350419.000,21716,1,SF,1,100,0.0000
1738261444.684075,1350819.000,21783,1,SF,1,100,0.0000
1738261444.951086,1351086.000,21832,1,SF,1,100,0.0000
1738261445.284100,1351419.000,21887,1,SF,1,100,0.0000
1738261445.618113,1351753.000,21938,1,SF,1,100,0.0000
1738261446.018130,1352153.000,22006,1,SF,1,100,0.0000
1738261446.284141,1352419.000,22057,1,SF,1,100,0.0000
1738261446.618155,1352753.000,22106,1,SF,1,100,0.0000
1738261447.017171,1353152.000,22172,1,SF,1,100,0.0000
1738261447.284182,1353419.000,22222,1,SF,1,100,0.0000
1738261447.617196,1353752.000,22272,1,SF,1,100,0.0000
1738261447.951210,1354086.000,22322,1,SF,1,100,0.0000
1738261448.351226,1354486.000,22388,1,SF,1,100,0.0000
1738261448.617237,1354752.000,22439,1,SF,1,100,0.0000
1738261448.951251,1355086.000,22489,1,SF,1,100,0.0000
1738261449.351268,1355486.000,22555,1,SF,1,100,0.0000
1738261449.617279,1355752.000,22605,1,SF,1,100,0.0000
1738261449.951292,1356086.000,22657,1,SF,1,100,0.0000
1738261450.284306,1356419.000,22706,1,SF,1,100,0.0000
1738261450.617320,1356752.000,22762,1,SF,1,100,0.0000
1738261450.950334,1357085.000,22813,1,SF,1,100,0.0000
1738261451.284347,1357419.000,22864,1,SF,1,100,0.0000
1738261451.684364,1357819.000,22930,1,SF,1,100,0.0000
1738261451.950375,1358085.000,22980,1,SF,1,100,0.0000
1738261452.284389,1358419.000,23031,1,SF,1,100,0.0000
1738261452.684405,1358819.000,23097,1,SF,1,100,0.0000
1738261452.950416,1359085.000,23148,1,SF,1,100,0.0000
1738261453.284430,1359419.000,23199,1,SF,1,100,0.0000
1738261453.617444,1359752.000,23251,1,SF,1,100,0.0000
1738261454.017460,1360152.000,23317,1,SF,1,100,0.0000
1738261454.283471,1360418.000,23367,1,SF,1,100,0.0000
1738261454.617485,1360752.000,23419,1,SF,1,100,0.0000
1738261455.017502,1361152.000,23485,1,SF,1,100,0.0000
1738261455.283513,1361418.000,23534,1,SF,1,100,0.0000
1738261455.683529,1361818.000,23594,1,SF,1,100,0.0000
1738261455.950540,1362085.000,23644,1,SF,1,100,0.0000
1738261456.283554,1362418.000,23694,1,SF,1,100,0.0000
1738261456.617568,1362752.000,23746,1,SF,1,100,0.0000
1738261457.017584,1363152.000,23812,1,SF,1,100,0.0000
1738261457.283595,1363418.000,23861,1,SF,1,100,0.0000
1738261457.617609,1363752.000,23913,1,SF,1,100,0.0000
1738261458.017626,1364152.000,23979,1,SF,1,100,0.0000
1738261458.283637,1364418.000,24031,1,SF,1,100,0.0000
1738261458.616650,1364751.000,24083,1,SF,1,100,0.0000
1738261458.950664,1365085.000,24132,1,SF,1,100,0.0000
1738261459.350681,1365485.000,24198,1,SF,1,100,0.0000
1738261459.616692,1365751.000,24251,1,SF,1,100,0.0000
1738261459.950705,1366085.000,24300,1,SF,1,100,0.0000
1738261460.349722,1366484.000,24368,1,SF,1,100,0.0000
1738261460.683736,1366818.000,24425,1,SF,1,100,0.0000
1738261460.949747,1367084.000,24477,1,SF,1,100,0.0000
1738261461.283760,1367418.000,24527,1,SF,1,100,0.0000
1738261461.683777,1367818.000,24593,1,SF,1,100,0.0000
1738261461.949788,1368084.000,24642,1,SF,1,100,0.0000
1738261462.283802,1368418.000,24695,1,SF,1,100,0.0000
1738261462.616816,1368751.000,24744,1,SF,1,100,0.0000
1738261463.016832,1369151.000,24810,1,SF,1,100,0.0000
1738261463.283843,1369418.000,24860,1,SF,1,100,0.0000
1738261463.616857,1369751.000,24911,1,SF,1,100,0.0000
1738261464.016873,1370151.000,24978,1,SF,1,100,0.0000
1738261464.349887,1370484.000,25028,1,SF,1,100,0.0000
1738261464.616898,1370751.000,25079,1,SF,1,100,0.0000
1738261464.949912,1371084.000,25129,1,SF,1,100,0.0000
1738261465.349928,1371484.000,25197,1,SF,1,100,0.0000
1738261465.616939,1371751.000,25247,1,SF,1,100,0.0000
1738261465.949953,1372084.000,25304,1,SF,1,100,0.0000
1738261466.282967,1372417.000,25353,1,SF,1,100,0.0000
1738261466.682983,1372817.000,25419,1,SF,1,100,0.0000
1738261466.949994,1373084.000,25470,1,SF,1,100,0.0000
1738261467.283008,1373417.000,25521,1,SF,1,100,0.0000
1738261467.683025,1373817.000,25587,1,SF,1,100,0.0000
1738261467.950036,1374084.000,25637,1,SF,1,100,0.0000
1738261468.283050,1374417.000,25687,1,SF,1,100,0.0000
1738261468.616063,1374750.000,25737,1,SF,1,100,0.0000
1738261469.016080,1375150.000,25803,1,SF,1,100,0.0000
1738261469.283091,1375417.000,25852,1,SF,1,100,0.0000
1738261469.616105,1375750.000,25903,1,SF,1,100,0.0000
1738261469.950118,1376084.000,25952,1,SF,1,100,0.0000
1738261470.350135,1376484.000,26024,1,SF,1,100,0.0000
1738261470.616146,1376750.000,26074,1,SF,1,100,0.0000
1738261470.949160,1377083.000,26113,1,SF,1,100,0.0000
1738261471.349176,1377483.000,26181,1,SF,1,100,0.0000
1738261471.616187,1377750.000,26232,1,SF,1,100,0.0000
1738261471.949201,1378083.000,26281,1,SF,1,100,0.0000
1738261472.349217,1378483.000,26349,1,SF,1,100,0.0000
1738261472.616229,1378750.000,26399,1,SF,1,100,0.0000
1738261472.949242,1379083.000,26449,1,SF,1,100,0.0000
1738261473.283256,1379417.000,26501,1,SF,1,100,0.0000
1738261473.683273,1379817.000,26567,1,SF,1,100,0.0000
1738261473.949284,1380083.000,26616,1,SF,1,100,0.0000
1738261474.282297,1380416.000,26666,1,SF,1,100,0.0000
1738261474.682314,1380816.000,26735,1,SF,1,100,0.0000
1738261475.016328,1381150.000,26784,1,SF,1,100,0.0000
1738261475.283339,1381417.000,26834,1,SF,1,100,0.0000
1738261475.616352,1381750.000,26885,1,SF,1,100,0.0000
1738261476.016369,1382150.000,26960,1,SF,1,100,0.0000
1738261476.283380,1382417.000,27011,1,SF,1,100,0.0000
1738261476.616394,1382750.000,27060,1,SF,1,100,0.0000
1738261476.949408,1383083.000,27112,1,SF,1,100,0.0000
1738261477.349424,1383483.000,27178,1,SF,1,100,0.0000
1738261477.615435,1383749.000,27228,1,SF,1,100,0.0000
1738261477.949449,1384083.000,27278,1,SF,1,100,0.0000
1738261478.349465,1384483.000,27346,1,SF,1,100,0.0000
1738261478.615476,1384749.000,27395,1,SF,1,100,0.0000
1738261478.949490,1385083.000,27446,1,SF,1,100,0.0000
1738261479.282504,1385416.000,27497,1,SF,1,100,0.0000
1738261479.682520,1385816.000,27563,1,SF,1,100,0.0000
1738261479.949531,1386083.000,27613,1,SF,1,100,0.0000
1738261480.282545,1386416.000,27662,1,SF,1,100,0.0000
1738261480.682562,1386816.000,27731,1,SF,1,100,0.0000
1738261481.015575,1387149.000,27781,1,SF,1,100,0.0000
1738261481.282586,1387416.000,27835,1,SF,1,100,0.0000
1738261481.615600,1387749.000,27885,1,SF,1,100,0.0000
1738261482.015617,1388149.000,27951,1,SF,1,100,0.0000
1738261482.282628,1388416.000,28001,1,SF,1,100,0.0000
1738261482.615642,1388749.000,28053,1,SF,1,100,0.0000
1738261483.015658,1389149.000,28119,1,SF,1,100,0.0000
1738261483.348672,1389482.000,28168,1,SF,1,100,0.0000
1738261483.615683,1389749.000,28219,1,SF,1,100,0.0000
1738261483.948697,1390082.000,28268,1,SF,1,100,0.0000
1738261484.348713,1390482.000,28336,1,SF,1,100,0.0000
1738261484.615724,1390749.000,28386,1,SF,1,100,0.0000
1738261484.948738,1391082.000,28436,1,SF,1,100,0.0000
1738261485.281752,1391415.000,28486,1,SF,1,100,0.0000
1738261485.681768,1391815.000,28556,1,SF,1,100,0.0000
1738261485.948779,1392082.000,28605,1,SF,1,100,0.0000
1738261486.281793,1392415.000,28661,1,SF,1,100,0.0000
1738261486.615807,1392749.000,28710,1,SF,1,100,0.0000
1738261487.014823,1393148.000,28778,1,SF,1,100,0.0000
1738261487.281834,1393415.000,28828,1,SF,1,100,0.0000
1738261487.614848,1393748.000,28878,1,SF,1,100,0.0000
1738261487.948862,1394082.000,28930,1,SF,1,100,0.0000
1738261488.348878,1394482.000,28996,1,SF,1,100,0.0000
1738261488.614889,1394748.000,29045,1,SF,1,100,0.0000
1738261488.948903,1395082.000,29095,1,SF,1,100,0.0000
1738261489.348920,1395482.000,29163,1,SF,1,100,0.0000
1738261489.614931,1395748.000,29213,1,SF,1,100,0.0000
1738261489.948944,1396082.000,29263,1,SF,1,100,0.0000
1738261490.281958,1396415.000,29312,1,SF,1,100,0.0000
1738261490.681975,1396815.000,29382,1,SF,1,100,0.0000
1738261490.947986,1397081.000,29433,1,SF,1,100,0.0000
1738261491.281999,1397415.000,29487,1,SF,1,100,0.0000
1738261491.615013,1397748.000,29537,1,SF,1,100,0.0000
1738261492.015030,1398148.000,29605,1,SF,1,100,0.0000
1738261492.282041,1398415.000,29655,1,SF,1,100,0.0000
1738261492.615055,1398748.000,29705,1,SF,1,100,0.0000
1738261493.015071,1399148.000,29773,1,SF,1,100,0.0000
1738261493.348085,1399481.000,29822,1,SF,1,100,0.0000
1738261493.615096,1399748.000,29873,1,SF,1,100,0.0000
1738261493.948110,1400081.000,29924,1,SF,1,100,0.0000
1738261494.348126,1400481.000,29990,1,SF,1,100,0.0000
1738261494.615137,1400748.000,30040,1,SF,1,100,0.0000
1738261494.948151,1401081.000,30090,1,SF,1,100,0.0000
1738261495.348167,1401481.000,30158,1,SF,1,100,0.0000
1738261495.681181,1401814.000,30208,1,SF,1,100,0.0000
1738261495.948192,1402081.000,30259,1,SF,1,100,0.0000
1738261496.281206,1402414.000,30309,1,SF,1,100,0.0000
1738261496.681222,1402814.000,30380,1,SF,1,100,0.0000
1738261496.948234,1403081.000,30430,1,SF,1,100,0.0000
1738261497.281247,1403414.000,30480,1,SF,1,100,0.0000
1738261497.614261,1403747.000,30529,1,SF,1,100,0.0000
1738261498.014277,1404147.000,30597,1,SF,1,100,0.0000
1738261498.281289,1404414.000,30648,1,SF,1,100,0.0000
1738261498.614302,1404747.000,30697,1,SF,1,100,0.0000
1738261499.014319,1405147.000,30765,1,SF,1,100,0.0000
1738261499.348333,1405481.000,30815,1,SF,1,100,0.0000
1738261499.614344,1405747.000,30865,1,SF,1,100,0.0000
1738261499.948357,1406081.000,30917,1,SF,1,100,0.0000
1738261500.348374,1406481.000,30985,1,SF,1,100,0.0000
1738261500.614385,1406747.000,31034,1,SF,1,100,0.0000
1738261500.947399,1407080.000,31085,1,SF,1,100,0.0000
1738261501.281412,1407414.000,31136,1,SF,1,100,0.0000
1738261501.681429,1407814.000,31207,1,SF,1,100,0.0000
1738261501.947440,1408080.000,31257,1,SF,1,100,0.0000
1738261502.281454,1408414.000,31306,1,SF,1,100,0.0000
1738261502.681470,1408814.000,31374,1,SF,1,100,0.0000
1738261502.947481,1409080.000,31425,1,SF,1,100,0.0000
1738261503.281495,1409414.000,31474,1,SF,1,100,0.0000
1738261503.614509,1409747.000,31524,1,SF,1,100,0.0000
1738261504.014525,1410147.000,31592,1,SF,1,100,0.0000
1738261504.280536,1410413.000,31642,1,SF,1,100,0.0000
1738261504.614550,1410747.000,31692,1,SF,1,100,0.0000
1738261505.014567,1411147.000,31760,1,SF,1,100,0.0000
1738261505.280578,1411413.000,31809,1,SF,1,100,0.0000
1738261505.614591,1411747.000,31862,1,SF,1,100,0.0000
1738261505.947605,1412080.000,31911,1,SF,1,100,0.0000
1738261506.347622,1412480.000,31979,1,SF,1,100,0.0000
1738261506.680635,1412813.000,32034,1,SF,1,100,0.0000
1738261506.947647,1413080.000,32084,1,SF,1,100,0.0000
1738261507.280660,1413413.000,32134,1,SF,1,100,0.0000
1738261507.680677,1413813.000,32202,1,SF,1,100,0.0000
1738261508.013690,1414146.000,32251,1,SF,1,100,0.0000
1738261508.280702,1414413.000,32302,1,SF,1,100,0.0000
1738261508.614715,1414747.000,32351,1,SF,1,100,0.0000
1738261509.013732,1415146.000,32419,1,SF,1,100,0.0000
1738261509.280743,1415413.000,32469,1,SF,1,100,0.0000
1738261509.613757,1415746.000,32519,1,SF,1,100,0.0000
1738261509.947770,1416080.000,32573,1,SF,1,100,0.0000
1738261510.347787,1416480.000,32641,1,SF,1,100,0.0000
1738261510.613798,1416746.000,32690,1,SF,1,100,0.0000
1738261510.946812,1417079.000,32740,1,SF,1,100,0.0000
1738261511.346828,1417479.000,32807,1,SF,1,100,0.0000
1738261511.680842,1417813.000,32856,1,SF,1,100,0.0000
1738261511.946853,1418079.000,32898,1,SF,1,100,0.0000
1738261512.346869,1418479.000,32964,1,SF,1,100,0.0000
1738261512.680883,1418813.000,33013,1,SF,1,100,0.0000
1738261512.946894,1419079.000,33066,1,SF,1,100,0.0000
1738261513.280908,1419413.000,33115,1,SF,1,100,0.0000
1738261513.680925,1419813.000,33181,1,SF,1,100,0.0000
1738261513.946936,1420079.000,33233,1,SF,1,100,0.0000
1738261514.279949,1420412.000,33282,1,SF,1,100,0.0000
1738261514.679966,1420812.000,33349,1,SF,1,100,0.0000
1738261515.013980,1421146.000,33399,1,SF,1,100,0.0000
1738261515.279991,1421412.000,33450,1,SF,1,100,0.0000
1738261515.614004,1421746.000,33502,1,SF,1,100,0.0000
1738261516.014021,1422146.000,33568,1,SF,1,100,0.0000
1738261516.280032,1422412.000,33620,1,SF,1,100,0.0000
1738261516.614046,1422746.000,33670,1,SF,1,100,0.0000
1738261516.947060,1423079.000,33723,1,SF,1,100,0.0000
1738261517.280073,1423412.000,33773,1,SF,1,100,0.0000
1738261517.680090,1423812.000,33841,1,SF,1,100,0.0000
1738261517.947101,1424079.000,33891,1,SF,1,100,0.0000
1738261518.280115,1424412.000,33941,1,SF,1,100,0.0000
1738261518.613128,1424745.000,33991,1,SF,1,100,0.0000
1738261519.013145,1425145.000,34059,1,SF,1,100,0.0000
1738261519.280156,1425412.000,34108,1,SF,1,100,0.0000
1738261519.613170,1425745.000,34158,1,SF,1,100,0.0000
1738261520.013186,1426145.000,34225,1,SF,1,100,0.0000
1738261520.346200,1426478.000,34278,1,SF,1,100,0.0000
1738261520.613211,1426745.000,34328,1,SF,1,100,0.0000
1738261520.946225,1427078.000,34377,1,SF,1,100,0.0000
1738261521.346241,1427478.000,34445,1,SF,1,100,0.0000
1738261521.613252,1427745.000,34496,1,SF,1,100,0.0000
1738261521.946266,1428078.000,34545,1,SF,1,100,0.0000
1738261522.280280,1428412.000,34603,1,SF,1,100,0.0000
1738261522.613294,1428745.000,34654,1,SF,1,100,0.0000
1738261523.013310,1429145.000,34720,1,SF,1,100,0.0000
1738261523.280321,1429412.000,34770,1,SF,1,100,0.0000
1738261523.613335,1429745.000,34822,1,SF,1,100,0.0000
1738261523.946349,1430078.000,34872,1,SF,1,100,0.0000
1738261524.346365,1430478.000,34938,1,SF,1,100,0.0000
1738261524.613376,1430745.000,34987,1,SF,1,100,0.0000
1738261524.946390,1431078.000,35039,1,SF,1,100,0.0000
1738261525.346406,1431478.000,35107,1,SF,1,100,0.0000
1738261525.613417,1431745.000,35159,1,SF,1,100,0.0000
1738261525.946431,1432078.000,35209,1,SF,1,100,0.0000
1738261526.279445,1432411.000,35258,1,SF,1,100,0.0000
1738261526.679461,1432811.000,35324,1,SF,1,100,0.0000
1738261526.946473,1433078.000,35375,1,SF,1,100,0.0000
1738261527.346489,1433478.000,35429,1,SF,1,100,0.0000
1738261527.612500,1433744.000,35480,1,SF,1,100,0.0000
1738261527.946514,1434078.000,35531,1,SF,1,100,0.0000
1738261528.346530,1434478.000,35597,1,SF,1,100,0.0000
1738261528.612541,1434744.000,35647,1,SF,1,100,0.0000
1738261528.946555,1435078.000,35699,1,SF,1,100,0.0000
1738261529.279569,1435411.000,35749,1,SF,1,100,0.0000
1738261529.679585,1435811.000,35815,1,SF,1,100,0.0000
1738261529.946596,1436078.000,35864,1,SF,1,100,0.0000
1738261530.279610,1436411.000,35916,1,SF,1,100,0.0000
1738261530.679627,1436811.000,35984,1,SF,1,100,0.0000
1738261530.946638,1437078.000,36034,1,SF,1,100,0.0000
1738261531.279651,1437411.000,36084,1,SF,1,100,0.0000
1738261531.612665,1437744.000,36133,1,SF,1,100,0.0000
1738261532.012682,1438144.000,36199,1,SF,1,100,0.0000
1738261532.345695,1438477.000,36255,1,SF,1,100,0.0000
1738261532.612707,1438744.000,36306,1,SF,1,100,0.0000
1738261532.945720,1439077.000,36357,1,SF,1,100,0.0000
1738261533.279734,1439411.000,36406,1,SF,1,100,0.0000
1738261533.678751,1439810.000,36472,1,SF,1,100,0.0000
1738261533.945762,1440077.000,36524,1,SF,1,100,0.0000
1738261534.278775,1440410.000,36573,1,SF,1,100,0.0000
1738261534.678792,1440810.000,36639,1,SF,1,100,0.0000
1738261534.945803,1441077.000,36690,1,SF,1,100,0.0000
1738261535.278817,1441410.000,36741,1,SF,1,100,0.0000
1738261535.612830,1441744.000,36793,1,SF,1,100,0.0000
1738261536.012847,1442144.000,36859,1,SF,1,100,0.0000
1738261536.278858,1442410.000,36911,1,SF,1,100,0.0000
1738261536.612872,1442744.000,36961,1,SF,1,100,0.0000
1738261537.012888,1443144.000,37027,1,SF,1,100,0.0000
1738261537.345902,1443477.000,37076,1,SF,1,100,0.0000
1738261537.678916,1443810.000,37134,1,SF,1,100,0.0000
1738261537.945927,1444077.000,37183,1,SF,1,100,0.0000
1738261538.278941,1444410.000,37233,1,SF,1,100,0.0000
1738261538.678957,1444810.000,37302,1,SF,1,100,0.0000
1738261539.011971,1445143.000,37351,1,SF,1,100,0.0000
1738261539.278982,1445410.000,37401,1,SF,1,100,0.0000
1738261539.611996,1445743.000,37450,1,SF,1,100,0.0000
1738261540.012012,1446143.000,37516,1,SF,1,100,0.0000
1738261540.279023,1446410.000,37569,1,SF,1,100,0.0000
1738261540.612037,1446743.000,37620,1,SF,1,100,0.0000
1738261541.012053,1447143.000,37686,1,SF,1,100,0.0000
1738261541.345067,1447476.000,37738,1,SF,1,100,0.0000
1738261541.612078,1447743.000,37788,1,SF,1,100,0.0000
1738261541.945092,1448076.000,37838,1,SF,1,100,0.0000
1738261542.345109,1448476.000,37906,1,SF,1,100,0.0000
1738261542.612120,1448743.000,37944,1,SF,1,100,0.0000
1738261543.012136,1449143.000,38010,1,SF,1,100,0.0000
1738261543.279147,1449410.000,38059,1,SF,1,100,0.0000
1738261543.612161,1449743.000,38111,1,SF,1,100,0.0000
1738261544.012177,1450143.000,38177,1,SF,1,100,0.0000
1738261544.279188,1450410.000,38227,1,SF,1,100,0.0000
1738261544.612202,1450743.000,38277,1,SF,1,100,0.0000
1738261544.945216,1451076.000,38328,1,SF,1,100,0.0000
1738261545.345232,1451476.000,38396,1,SF,1,100,0.0000
1738261545.612243,1451743.000,38447,1,SF,1,100,0.0000
1738261545.945257,1452076.000,38496,1,SF,1,100,0.0000
1738261546.345274,1452476.000,38564,1,SF,1,100,0.0000
1738261546.678288,1452809.000,38614,1,SF,1,100,0.0000
1738261546.945299,1453076.000,38664,1,SF,1,100,0.0000
1738261547.278312,1453409.000,38716,1,SF,1,100,0.0000
1738261547.678329,1453809.000,38787,1,SF,1,100,0.0000
1738261548.011343,1454142.000,38837,1,SF,1,100,0.0000
1738261548.345356,1454476.000,38887,1,SF,1,100,0.0000
1738261548.611367,1454742.000,38938,1,SF,1,100,0.0000
1738261548.945381,1455076.000,38988,1,SF,1,100,0.0000
1738261549.345398,1455476.000,39054,1,SF,1,100,0.0000
1738261549.611409,1455742.000,39106,1,SF,1,100,0.0000
1738261549.945422,1456076.000,39156,1,SF,1,100,0.0000
1738261550.278436,1456409.000,39205,1,SF,1,100,0.0000
1738261550.678453,1456809.000,39273,1,SF,1,100,0.0000
1738261550.944464,1457075.000,39324,1,SF,1,100,0.0000
1738261551.278477,1457409.000,39373,1,SF,1,100,0.0000
1738261551.678494,1457809.000,39439,1,SF,1,100,0.0000
1738261551.944505,1458075.000,39489,1,SF,1,100,0.0000
1738261552.278519,1458409.000,39541,1,SF,1,100,0.0000
1738261552.611533,1458742.000,39591,1,SF,1,100,0.0000
1738261552.944546,1459075.000,39645,1,SF,1,100,0.0000
1738261553.344563,1459475.000,39713,1,SF,1,100,0.0000
1738261553.611574,1459742.000,39764,1,SF,1,100,0.0000
1738261553.944588,1460075.000,39813,1,SF,1,100,0.0000
1738261554.278601,1460409.000,39865,1,SF,1,100,0.0000
1738261554.677618,1460808.000,39931,1,SF,1,100,0.0000
1738261554.944629,1461075.000,39981,1,SF,1,100,0.0000
1738261555.277643,1461408.000,40031,1,SF,1,100,0.0000
1738261555.677659,1461808.000,40099,1,SF,1,100,0.0000
1738261555.944670,1462075.000,40148,1,SF,1,100,0.0000
1738261556.277684,1462408.000,40199,1,SF,1,100,0.0000
1738261556.611698,1462742.000,40248,1,SF,1,100,0.0000
1738261557.011714,1463142.000,40316,1,SF,1,100,0.0000
1738261557.277725,1463408.000,40366,1,SF,1,100,0.0000
1738261557.610739,1463741.000,40415,1,SF,1,100,0.0000
1738261557.944753,1464075.000,40471,1,SF,1,100,0.0000
1738261558.277767,1464408.000,40520,1,SF,1,100,0.0000
1738261558.677783,1464808.000,40586,1,SF,1,100,0.0000
1738261558.944794,1465075.000,40639,1,SF,1,100,0.0000
1738261559.277808,1465408.000,40688,1,SF,1,100,0.0000
1738261559.677824,1465808.000,40756,1,SF,1,100,0.0000
1738261559.944835,1466075.000,40806,1,SF,1,100,0.0000
1738261560.277849,1466408.000,40856,1,SF,1,100,0.0000
1738261560.610863,1466741.000,40910,1,SF,1,100,0.0000
1738261561.010880,1467141.000,40976,1,SF,1,100,0.0000
1738261561.277890,1467408.000,41025,1,SF,1,100,0.0000
1738261561.610904,1467741.000,41075,1,SF,1,100,0.0000
1738261562.010921,1468141.000,41141,1,SF,1,100,0.0000
1738261562.277932,1468408.000,41191,1,SF,1,100,0.0000
1738261562.610946,1468741.000,41241,1,SF,1,100,0.0000
1738261562.943959,1469074.000,41290,1,SF,1,100,0.0000
1738261563.277973,1469408.000,41346,1,SF,1,100,0.0000
1738261563.610987,1469741.000,41395,1,SF,1,100,0.0000
1738261564.011003,1470141.000,41461,1,SF,1,100,0.0000
1738261564.277014,1470407.000,41512,1,SF,1,100,0.0000
1738261564.611028,1470741.000,41561,1,SF,1,100,0.0000
1738261565.011045,1471141.000,41627,1,SF,1,100,0.0000
1738261565.344059,1471474.000,41677,1,SF,1,100,0.0000
1738261565.611069,1471741.000,41729,1,SF,1,100,0.0000
1738261565.944083,1472074.000,41779,1,SF,1,100,0.0000
1738261566.344100,1472474.000,41845,1,SF,1,100,0.0000
1738261566.611111,1472741.000,41896,1,SF,1,100,0.0000
1738261566.944125,1473074.000,41947,1,SF,1,100,0.0000
1738261567.277138,1473407.000,41996,1,SF,1,100,0.0000
1738261567.677155,1473807.000,42064,1,SF,1,100,0.0000
1738261567.944166,1474074.000,42116,1,SF,1,100,0.0000
1738261568.344182,1474474.000,42171,1,SF,1,100,0.0000
1738261568.610193,1474740.000,42221,1,SF,1,100,0.0000
1738261568.944207,1475074.000,42270,1,SF,1,100,0.0000
1738261569.344224,1475474.000,42336,1,SF,1,100,0.0000
1738261569.610235,1475740.000,42387,1,SF,1,100,0.0000
1738261569.944248,1476074.000,42438,1,SF,1,100,0.0000
1738261570.344265,1476474.000,42508,1,SF,1,100,0.0000
1738261570.677279,1476807.000,42558,1,SF,1,100,0.0000
1738261570.943290,1477073.000,42608,1,SF,1,100,0.0000
1738261571.277303,1477407.000,42658,1,SF,1,100,0.0000
1738261571.677320,1477807.000,42724,1,SF,1,100,0.0000
1738261571.943331,1478073.000,42773,1,SF,1,100,0.0000
1738261572.277345,1478407.000,42824,1,SF,1,100,0.0000
1738261572.610359,1478740.000,42873,1,SF,1,100,0.0000
1738261573.010375,1479140.000,42939,1,SF,1,100,0.0000
1738261573.343389,1479473.000,42994,1,SF,1,100,0.0000
1738261573.676403,1479806.000,43044,1,SF,1,100,0.0000
1738261573.943414,1480073.000,43094,1,SF,1,100,0.0000
1738261574.276428,1480406.000,43143,1,SF,1,100,0.0000
1738261574.676444,1480806.000,43209,1,SF,1,100,0.0000
1738261574.943455,1481073.000,43260,1,SF,1,100,0.0000
1738261575.276469,1481406.000,43309,1,SF,1,100,0.0000
1738261575.610482,1481740.000,43361,1,SF,1,100,0.0000
1738261576.010499,1482140.000,43427,1,SF,1,100,0.0000
1738261576.276510,1482406.000,43479,1,SF,1,100,0.0000
1738261576.610524,1482740.000,43529,1,SF,1,100,0.0000
1738261577.010540,1483140.000,43595,1,SF,1,100,0.0000
1738261577.276551,1483406.000,43646,1,SF,1,100,0.0000
1738261577.609565,1483739.000,43697,1,SF,1,100,0.0000
1738261577.943579,1484073.000,43746,1,SF,1,100,0.0000
1738261578.343596,1484473.000,43812,1,SF,1,100,0.0000
1738261578.676609,1484806.000,43865,1,SF,1,100,0.0000
1738261578.943620,1485073.000,43915,1,SF,1,100,0.0000
1738261579.276634,1485406.000,43965,1,SF,1,100,0.0000
1738261579.609648,1485739.000,44016,1,SF,1,100,0.0000
1738261580.009664,1486139.000,44082,1,SF,1,100,0.0000
1738261580.276675,1486406.000,44133,1,SF,1,100,0.0000
1738261580.609689,1486739.000,44186,1,SF,1,100,0.0000
1738261581.009706,1487139.000,44252,1,SF,1,100,0.0000
1738261581.276716,1487406.000,44302,1,SF,1,100,0.0000
1738261581.609730,1487739.000,44354,1,SF,1,100,0.0000
1738261581.942744,1488072.000,44404,1,SF,1,100,0.0000
1738261582.342761,1488472.000,44470,1,SF,1,100,0.0000
1738261582.609772,1488739.000,44519,1,SF,1,100,0.0000
1738261582.942786,1489072.000,44569,1,SF,1,100,0.0000
1738261583.276799,1489406.000,44619,1,SF,1,100,0.0000
1738261583.609813,1489739.000,44678,1,SF,1,100,0.0000
1738261583.942827,1490072.000,44728,1,SF,1,100,0.0000
1738261584.342843,1490472.000,44796,1,SF,1,100,0.0000
1738261584.609854,1490739.000,44846,1,SF,1,100,0.0000
1738261584.942868,1491072.000,44895,1,SF,1,100,0.0000
1738261585.342885,1491472.000,44964,1,SF,1,100,0.0000
1738261585.675898,1491805.000,45016,1,SF,1,100,0.0000
1738261585.942909,1492072.000,45065,1,SF,1,100,0.0000
1738261586.275923,1492405.000,45115,1,SF,1,100,0.0000
1738261586.675940,1492805.000,45181,1,SF,1,100,0.0000
1738261586.942951,1493072.000,45231,1,SF,1,100,0.0000
1738261587.275964,1493405.000,45281,1,SF,1,100,0.0000
1738261587.675981,1493805.000,45347,1,SF,1,100,0.0000
1738261588.008995,1494138.000,45396,1,SF,1,100,0.0000
1738261588.276006,1494405.000,45447,1,SF,1,100,0.0000
1738261588.609020,1494738.000,45496,1,SF,1,100,0.0000
1738261588.943033,1495072.000,45551,1,SF,1,100,0.0000
1738261589.276047,1495405.000,45603,1,SF,1,100,0.0000
1738261589.676064,1495805.000,45669,1,SF,1,100,0.0000
1738261589.943074,1496072.000,45719,1,SF,1,100,0.0000
1738261590.276088,1496405.000,45769,1,SF,1,100,0.0000
1738261590.676105,1496805.000,45839,1,SF,1,100,0.0000
1738261591.009119,1497138.000,45889,1,SF,1,100,0.0000
1738261591.276129,1497405.000,45938,1,SF,1,100,0.0000
1738261591.609143,1497738.000,45988,1,SF,1,100,0.0000
1738261592.009160,1498138.000,46054,1,SF,1,100,0.0000
1738261592.276171,1498405.000,46104,1,SF,1,100,0.0000
1738261592.609185,1498738.000,46154,1,SF,1,100,0.0000
1738261592.942199,1499071.000,46203,1,SF,1,100,0.0000
1738261593.342215,1499471.000,46269,1,SF,1,100,0.0000
1738261593.609226,1499738.000,46320,1,SF,1,100,0.0000
1738261593.942240,1500071.000,46372,1,SF,1,100,0.0000
1738261594.275254,1500404.000,46422,1,SF,1,100,0.0000
1738261594.675270,1500804.000,46489,1,SF,1,100,0.0000
1738261595.009284,1501138.000,46540,1,SF,1,100,0.0000
1738261595.275295,1501404.000,46590,1,SF,1,100,0.0000
1738261595.609308,1501738.000,46641,1,SF,1,100,0.0000
1738261596.009325,1502138.000,46707,1,SF,1,100,0.0000
1738261596.275336,1502404.000,46758,1,SF,1,100,0.0000
1738261596.609350,1502738.000,46807,1,SF,1,100,0.0000
1738261597.009367,1503138.000,46873,1,SF,1,100,0.0000
1738261597.342380,1503471.000,46923,1,SF,1,100,0.0000
1738261597.608391,1503737.000,46975,1,SF,1,100,0.0000
1738261597.942405,1504071.000,47025,1,SF,1,100,0.0000
1738261598.342422,1504471.000,47091,1,SF,1,100,0.0000
1738261598.608433,1504737.000,47142,1,SF,1,100,0.0000
1738261599.008449,1505137.000,47200,1,SF,1,100,0.0000
1738261599.275460,1505404.000,47249,1,SF,1,100,0.0000
1738261599.608474,1505737.000,47299,1,SF,1,100,0.0000
1738261600.008490,1506137.000,47368,1,SF,1,100,0.0000
1738261600.341504,1506470.000,47419,1,SF,1,100,0.0000
1738261600.608515,1506737.000,47469,1,SF,1,100,0.0000
1738261600.941529,1507070.000,47518,1,SF,1,100,0.0000
1738261601.341545,1507470.000,47586,1,SF,1,100,0.0000
1738261601.608556,1507737.000,47637,1,SF,1,100,0.0000
1738261601.941570,1508070.000,47686,1,SF,1,100,0.0000
1738261602.275584,1508404.000,47738,1,SF,1,100,0.0000
1738261602.675601,1508804.000,47804,1,SF,1,100,0.0000
1738261602.941612,1509070.000,47854,1,SF,1,100,0.0000
1738261603.275625,1509404.000,47904,1,SF,1,100,0.0000
1738261603.675642,1509804.000,47970,1,SF,1,100,0.0000
1738261604.008656,1510137.000,48019,1,SF,1,100,0.0000
1738261604.341669,1510470.000,48075,1,SF,1,100,0.0000
1738261604.608680,1510737.000,48124,1,SF,1,100,0.0000
1738261604.941694,1511070.000,48177,1,SF,1,100,0.0000
1738261605.274708,1511403.000,48226,1,SF,1,100,0.0000
1738261605.674724,1511803.000,48294,1,SF,1,100,0.0000
1738261605.941735,1512070.000,48346,1,SF,1,100,0.0000
1738261606.274749,1512403.000,48395,1,SF,1,100,0.0000
1738261606.674766,1512803.000,48461,1,SF,1,100,0.0000
1738261606.941777,1513070.000,48514,1,SF,1,100,0.0000
1738261607.274791,1513403.000,48563,1,SF,1,100,0.0000
1738261607.607804,1513736.000,48613,1,SF,1,100,0.0000
1738261608.008821,1514137.000,48679,1,SF,1,100,0.0000
1738261608.274832,1514403.000,48729,1,SF,1,100,0.0000
1738261608.607846,1514736.000,48779,1,SF,1,100,0.0000
1738261609.007862,1515136.000,48845,1,SF,1,100,0.0000
1738261609.274873,1515403.000,48883,1,SF,1,100,0.0000
1738261609.674890,1515803.000,48949,1,SF,1,100,0.0000
1738261609.941900,1516070.000,48998,1,SF,1,100,0.0000
1738261610.274914,1516403.000,49048,1,SF,1,100,0.0000
1738261610.674931,1516803.000,49116,1,SF,1,100,0.0000
1738261610.941942,1517070.000,49166,1,SF,1,100,0.0000
1738261611.274956,1517403.000,49216,1,SF,1,100,0.0000
1738261611.607969,1517736.000,49267,1,SF,1,100,0.0000
1738261612.007986,1518136.000,49335,1,SF,1,100,0.0000
1738261612.274997,1518403.000,49386,1,SF,1,100,0.0000
1738261612.608011,1518736.000,49435,1,SF,1,100,0.0000
1738261613.008027,1519136.000,49501,1,SF,1,100,0.0000
1738261613.341041,1519469.000,49551,1,SF,1,100,0.0000
1738261613.608052,1519736.000,49601,1,SF,1,100,0.0000
1738261613.941066,1520069.000,49651,1,SF,1,100,0.0000
1738261614.341082,1520469.000,49722,1,SF,1,100,0.0000
1738261614.608093,1520736.000,49756,1,SF,1,100,0.0000
1738261615.008110,1521136.000,49822,1,SF,1,100,0.0000
1738261615.274121,1521402.000,49873,1,SF,1,100,0.0000
1738261615.608135,1521736.000,49925,1,SF,1,100,0.0000
1738261616.008151,1522136.000,49993,1,SF,1,100,0.0000
1738261616.274162,1522402.000,50043,1,SF,1,100,0.0000
1738261616.608176,1522736.000,50093,1,SF,1,100,0.0000
1738261616.941190,1523069.000,50142,1,SF,1,100,0.0000
1738261617.341206,1523469.000,50210,1,SF,1,100,0.0000
1738261617.607217,1523735.000,50261,1,SF,1,100,0.0000
1738261617.941231,1524069.000,50310,1,SF,1,100,0.0000
1738261618.341248,1524469.000,50376,1,SF,1,100,0.0000
1738261618.607259,1524735.000,50426,1,SF,1,100,0.0000
1738261618.941272,1525069.000,50478,1,SF,1,100,0.0000
1738261619.274286,1525402.000,50528,1,SF,1,100,0.0000
1738261619.607300,1525735.000,50580,1,SF,1,100,0.0000
1738261620.007316,1526135.000,50648,1,SF,1,100,0.0000
1738261620.274327,1526402.000,50699,1,SF,1,100,0.0000
1738261620.607341,1526735.000,50750,1,SF,1,100,0.0000
1738261620.940355,1527068.000,50800,1,SF,1,100,0.0000
1738261621.340371,1527468.000,50866,1,SF,1,100,0.0000
1738261621.607382,1527735.000,50916,1,SF,1,100,0.0000
1738261621.940396,1528068.000,50968,1,SF,1,100,0.0000
1738261622.341413,1528469.000,51034,1,SF,1,100,0.0000
1738261622.607424,1528735.000,51083,1,SF,1,100,0.0000
1738261622.940438,1529068.000,51134,1,SF,1,100,0.0000
1738261623.274451,1529402.000,51185,1,SF,1,100,0.0000
1738261623.674468,1529802.000,51251,1,SF,1,100,0.0000
1738261623.940479,1530068.000,51301,1,SF,1,100,0.0000
1738261624.274493,1530402.000,51350,1,SF,1,100,0.0000
1738261624.607506,1530735.000,51408,1,SF,1,100,0.0000
1738261624.940520,1531068.000,51457,1,SF,1,100,0.0000
1738261625.340537,1531468.000,51527,1,SF,1,100,0.0000
1738261625.607548,1531735.000,51578,1,SF,1,100,0.0000
1738261625.940561,1532068.000,51627,1,SF,1,100,0.0000
1738261626.340578,1532468.000,51693,1,SF,1,100,0.0000
1738261626.673592,1532801.000,51743,1,SF,1,100,0.0000
1738261626.940603,1533068.000,51793,1,SF,1,100,0.0000
1738261627.273617,1533401.000,51843,1,SF,1,100,0.0000
1738261627.673633,1533801.000,51911,1,SF,1,100,0.0000
1738261627.940644,1534068.000,51960,1,SF,1,100,0.0000
1738261628.273658,1534401.000,52011,1,SF,1,100,0.0000
1738261628.606672,1534734.000,52062,1,SF,1,100,0.0000
1738261629.006688,1535134.000,52128,1,SF,1,100,0.0000
1738261629.273699,1535401.000,52178,1,SF,1,100,0.0000
1738261629.606713,1535734.000,52227,1,SF,1,100,0.0000
1738261629.940727,1536068.000,52285,1,SF,1,100,0.0000
1738261630.273740,1536401.000,52334,1,SF,1,100,0.0000
1738261630.673757,1536801.000,52402,1,SF,1,100,0.0000
1738261630.940768,1537068.000,52453,1,SF,1,100,0.0000
1738261631.273782,1537401.000,52502,1,SF,1,100,0.0000
1738261631.606795,1537734.000,52552,1,SF,1,100,0.0000
1738261632.006812,1538134.000,52618,1,SF,1,100,0.0000
1738261632.273823,1538401.000,52670,1,SF,1,100,0.0000
1738261632.606837,1538734.000,52720,1,SF,1,100,0.0000
1738261633.006853,1539134.000,52786,1,SF,1,100,0.0000
1738261633.273864,1539401.000,52837,1,SF,1,100,0.0000
1738261633.606878,1539734.000,52888,1,SF,1,100,0.0000
1738261633.939892,1540067.000,52937,1,SF,1,100,0.0000
1738261634.339908,1540467.000,53005,1,SF,1,100,0.0000
1738261634.606919,1540734.000,53055,1,SF,1,100,0.0000
1738261634.939933,1541067.000,53108,1,SF,1,100,0.0000
1738261635.272947,1541400.000,53158,1,SF,1,100,0.0000
1738261635.606961,1541734.000,53209,1,SF,1,100,0.0000
1738261636.006977,1542134.000,53275,1,SF,1,100,0.0000
1738261636.272988,1542400.000,53326,1,SF,1,100,0.0000
1738261636.607002,1542734.000,53377,1,SF,1,100,0.0000
1738261637.007019,1543134.000,53443,1,SF,1,100,0.0000
1738261637.273030,1543400.000,53493,1,SF,1,100,0.0000
1738261637.607043,1543734.000,53543,1,SF,1,100,0.0000
1738261637.940057,1544067.000,53593,1,SF,1,100,0.0000
1738261638.340074,1544467.000,53659,1,SF,1,100,0.0000
1738261638.606085,1544733.000,53710,1,SF,1,100,0.0000
1738261638.940098,1545067.000,53760,1,SF,1,100,0.0000
1738261639.340115,1545467.000,53827,1,SF,1,100,0.0000
1738261639.673129,1545800.000,53878,1,SF,1,100,0.0000
1738261640.006142,1546133.000,53935,1,SF,1,100,0.0000
1738261640.340156,1546467.000,53987,1,SF,1,100,0.0000
1738261640.606167,1546733.000,54037,1,SF,1,100,0.0000
1738261640.939181,1547066.000,54086,1,SF,1,100,0.0000
1738261641.339197,1547466.000,54153,1,SF,1,100,0.0000
1738261641.673211,1547800.000,54203,1,SF,1,100,0.0000
1738261641.939222,1548066.000,54252,1,SF,1,100,0.0000
1738261642.273236,1548400.000,54304,1,SF,1,100,0.0000
1738261642.673253,1548800.000,54370,1,SF,1,100,0.0000
1738261642.939264,1549066.000,54420,1,SF,1,100,0.0000
1738261643.273277,1549400.000,54470,1,SF,1,100,0.0000
1738261643.673294,1549800.000,54536,1,SF,1,100,0.0000
1738261644.006308,1550133.000,54585,1,SF,1,100,0.0000
1738261644.273319,1550400.000,54636,1,SF,1,100,0.0000
1738261644.606332,1550733.000,54685,1,SF,1,100,0.0000
1738261645.006349,1551133.000,54751,1,SF,1,100,0.0000
1738261645.272360,1551399.000,54792,1,SF,1,100,0.0000
1738261645.672376,1551799.000,54860,1,SF,1,100,0.0000
1738261645.939387,1552066.000,54910,1,SF,1,100,0.0000
1738261646.272401,1552399.000,54959,1,SF,1,100,0.0000
1738261646.672418,1552799.000,55025,1,SF,1,100,0.0000
1738261646.939429,1553066.000,55076,1,SF,1,100,0.0000
1738261647.272443,1553399.000,55125,1,SF,1,100,0.0000
1738261647.605456,1553732.000,55175,1,SF,1,100,0.0000
1738261648.005473,1554132.000,55241,1,SF,1,100,0.0000
1738261648.272484,1554399.000,55291,1,SF,1,100,0.0000
1738261648.605498,1554732.000,55341,1,SF,1,100,0.0000
1738261649.005514,1555132.000,55407,1,SF,1,100,0.0000
1738261649.272525,1555399.000,55456,1,SF,1,100,0.0000
1738261649.605539,1555732.000,55507,1,SF,1,100,0.0000
1738261649.939553,1556066.000,55556,1,SF,1,100,0.0000
1738261650.272566,1556399.000,55611,1,SF,1,100,0.0000
1738261650.672583,1556799.000,55679,1,SF,1,100,0.0000
1738261650.939594,1557066.000,55729,1,SF,1,100,0.0000
1738261651.272608,1557399.000,55781,1,SF,1,100,0.0000
1738261651.605621,1557732.000,55830,1,SF,1,100,0.0000
1738261652.005638,1558132.000,55896,1,SF,1,100,0.0000
1738261652.272649,1558399.000,55947,1,SF,1,100,0.0000
1738261652.605663,1558732.000,55996,1,SF,1,100,0.0000
1738261653.005679,1559132.000,56062,1,SF,1,100,0.0000
1738261653.338693,1559465.000,56112,1,SF,1,100,0.0000
1738261653.605704,1559732.000,56162,1,SF,1,100,0.0000
1738261653.938718,1560065.000,56212,1,SF,1,100,0.0000
1738261654.338734,1560465.000,56278,1,SF,1,100,0.0000
1738261654.605745,1560732.000,56327,1,SF,1,100,0.0000
1738261654.938759,1561065.000,56378,1,SF,1,100,0.0000
1738261655.271773,1561398.000,56427,1,SF,1,100,0.0000
1738261655.605787,1561732.000,56484,1,SF,1,100,0.0000
1738261656.005803,1562132.000,56551,1,SF,1,100,0.0000
1738261656.338817,1562465.000,56600,1,SF,1,100,0.0000
1738261656.605828,1562732.000,56650,1,SF,1,100,0.0000
1738261656.938842,1563065.000,56701,1,SF,1,100,0.0000
1738261657.338858,1563465.000,56767,1,SF,1,100,0.0000
1738261657.604869,1563731.000,56818,1,SF,1,100,0.0000
1738261657.938883,1564065.000,56869,1,SF,1,100,0.0000
1738261658.271897,1564398.000,56919,1,SF,1,100,0.0000
1738261658.671913,1564798.000,56985,1,SF,1,100,0.0000
1738261658.938924,1565065.000,57037,1,SF,1,100,0.0000
1738261659.271938,1565398.000,57087,1,SF,1,100,0.0000
1738261659.671955,1565798.000,57153,1,SF,1,100,0.0000
1738261659.938966,1566065.000,57202,1,SF,1,100,0.0000
1738261660.271979,1566398.000,57255,1,SF,1,100,0.0000
1738261660.604993,1566731.000,57309,1,SF,1,100,0.0000
1738261660.938007,1567064.000,57359,1,SF,1,100,0.0000
1738261661.338023,1567464.000,57427,1,SF,1,100,0.0000
1738261661.605034,1567731.000,57477,1,SF,1,100,0.0000
1738261661.938048,1568064.000,57527,1,SF,1,100,0.0000
1738261662.272062,1568398.000,57576,1,SF,1,100,0.0000
1738261662.672079,1568798.000,57642,1,SF,1,100,0.0000
1738261662.938090,1569064.000,57695,1,SF,1,100,0.0000
1738261663.272103,1569398.000,57744,1,SF,1,100,0.0000
1738261663.605117,1569731.000,57794,1,SF,1,100,0.0000
1738261664.005134,1570131.000,57860,1,SF,1,100,0.0000
1738261664.272145,1570398.000,57912,1,SF,1,100,0.0000
1738261664.605158,1570731.000,57962,1,SF,1,100,0.0000
1738261665.005175,1571131.000,58028,1,SF,1,100,0.0000
1738261665.271186,1571397.000,58077,1,SF,1,100,0.0000
1738261665.671202,1571797.000,58137,1,SF,1,100,0.0000
1738261665.938213,1572064.000,58186,1,SF,1,100,0.0000
1738261666.271227,1572397.000,58237,1,SF,1,100,0.0000
1738261666.671244,1572797.000,58303,1,SF,1,100,0.0000
1738261667.004257,1573130.000,58352,1,SF,1,100,0.0000
1738261667.271269,1573397.000,58402,1,SF,1,100,0.0000
1738261667.604282,1573730.000,58451,1,SF,1,100,0.0000
1738261668.004299,1574130.000,58517,1,SF,1,100,0.0000
1738261668.271310,1574397.000,58570,1,SF,1,100,0.0000
1738261668.604324,1574730.000,58619,1,SF,1,100,0.0000
1738261669.004340,1575130.000,58687,1,SF,1,100,0.0000
1738261669.338354,1575464.000,58737,1,SF,1,100,0.0000
1738261669.604365,1575730.000,58787,1,SF,1,100,0.0000
1738261669.938379,1576064.000,58837,1,SF,1,100,0.0000
1738261670.338395,1576464.000,58907,1,SF,1,100,0.0000
1738261670.604406,1576730.000,58956,1,SF,1,100,0.0000
1738261671.004423,1577130.000,59012,1,SF,1,100,0.0000
1738261671.271434,1577397.000,59061,1,SF,1,100,0.0000
1738261671.604447,1577730.000,59113,1,SF,1,100,0.0000
1738261672.004464,1578130.000,59179,1,SF,1,100,0.0000
1738261672.271475,1578397.000,59231,1,SF,1,100,0.0000
1738261672.604489,1578730.000,59281,1,SF,1,100,0.0000
1738261672.937503,1579063.000,59330,1,SF,1,100,0.0000
1738261673.337519,1579463.000,59398,1,SF,1,100,0.0000
1738261673.604530,1579730.000,59449,1,SF,1,100,0.0000
1738261673.937544,1580063.000,59498,1,SF,1,100,0.0000
1738261674.337560,1580463.000,59566,1,SF,1,100,0.0000
1738261674.604571,1580730.000,59616,1,SF,1,100,0.0000
1738261674.937585,1581063.000,59666,1,SF,1,100,0.0000
1738261675.270599,1581396.000,59718,1,SF,1,100,0.0000
1738261675.670615,1581796.000,59786,1,SF,1,100,0.0000
1738261676.004629,1582130.000,59840,1,SF,1,100,0.0000
1738261676.270640,1582396.000,59892,1,SF,1,100,0.0000
1738261676.604654,1582730.000,59941,1,SF,1,100,0.0000
1738261676.937668,1583063.000,59991,1,SF,1,100,0.0000
1738261677.337684,1583463.000,60057,1,SF,1,100,0.0000
1738261677.604695,1583730.000,60109,1,SF,1,100,0.0000
1738261677.937709,1584063.000,60159,1,SF,1,100,0.0000
1738261678.337726,1584463.000,60225,1,SF,1,100,0.0000
1738261678.670739,1584796.000,60274,1,SF,1,100,0.0000
1738261678.937750,1585063.000,60325,1,SF,1,100,0.0000
1738261679.270764,1585396.000,60374,1,SF,1,100,0.0000
1738261679.670781,1585796.000,60440,1,SF,1,100,0.0000
1738261679.937792,1586063.000,60490,1,SF,1,100,0.0000
1738261680.270805,1586396.000,60539,1,SF,1,100,0.0000
1738261680.670822,1586796.000,60608,1,SF,1,100,0.0000
1738261681.003836,1587129.000,60663,1,SF,1,100,0.0000
1738261681.336849,1587462.000,60713,1,SF,1,100,0.0000
1738261681.670863,1587796.000,60763,1,SF,1,100,0.0000
1738261681.936874,1588062.000,60814,1,SF,1,100,0.0000
1738261682.270888,1588396.000,60864,1,SF,1,100,0.0000
1738261682.670905,1588796.000,60930,1,SF,1,100,0.0000
1738261682.936916,1589062.000,60980,1,SF,1,100,0.0000
1738261683.270929,1589396.000,61032,1,SF,1,100,0.0000
1738261683.670946,1589796.000,61098,1,SF,1,100,0.0000
1738261684.003960,1590129.000,61149,1,SF,1,100,0.0000
1738261684.269971,1590395.000,61200,1,SF,1,100,0.0000
1738261684.603984,1590729.000,61249,1,SF,1,100,0.0000
1738261685.004001,1591129.000,61317,1,SF,1,100,0.0000
1738261685.271012,1591396.000,61367,1,SF,1,100,0.0000
1738261685.604026,1591729.000,61419,1,SF,1,100,0.0000
1738261686.004042,1592129.000,61487,1,SF,1,100,0.0000
1738261686.270053,1592395.000,61527,1,SF,1,100,0.0000
1738261686.670070,1592795.000,61593,1,SF,1,100,0.0000
1738261687.004084,1593129.000,61644,1,SF,1,100,0.0000
1738261687.270095,1593395.000,61695,1,SF,1,100,0.0000
1738261687.604108,1593729.000,61745,1,SF,1,100,0.0000
1738261688.004125,1594129.000,61811,1,SF,1,100,0.0000
1738261688.270136,1594395.000,61861,1,SF,1,100,0.0000
1738261688.603150,1594728.000,61911,1,SF,1,100,0.0000
1738261688.937163,1595062.000,61962,1,SF,1,100,0.0000
1738261689.337180,1595462.000,62028,1,SF,1,100,0.0000
1738261689.603191,1595728.000,62079,1,SF,1,100,0.0000
1738261689.937205,1596062.000,62128,1,SF,1,100,0.0000
1738261690.337221,1596462.000,62196,1,SF,1,100,0.0000
1738261690.603232,1596728.000,62246,1,SF,1,100,0.0000
1738261690.936246,1597061.000,62296,1,SF,1,100,0.0000
1738261691.270260,1597395.000,62351,1,SF,1,100,0.0000
1738261691.603273,1597728.000,62400,1,SF,1,100,0.0000
1738261692.003290,1598128.000,62466,1,SF,1,100,0.0000
1738261692.270301,1598395.000,62517,1,SF,1,100,0.0000
1738261692.603315,1598728.000,62568,1,SF,1,100,0.0000
1738261692.936329,1599061.000,62618,1,SF,1,100,0.0000
1738261693.336345,1599461.000,62684,1,SF,1,100,0.0000
1738261693.603356,1599728.000,62734,1,SF,1,100,0.0000
1738261693.936370,1600061.000,62784,1,SF,1,100,0.0000
1738261694.336386,1600461.000,62852,1,SF,1,100,0.0000
1738261694.603397,1600728.000,62901,1,SF,1,100,0.0000
1738261694.936411,1601061.000,62952,1,SF,1,100,0.0000
1738261695.269425,1601394.000,63001,1,SF,1,100,0.0000
1738261695.669441,1601794.000,63071,1,SF,1,100,0.0000
1738261695.936452,1602061.000,63121,1,SF,1,100,0.0000
1738261696.269466,1602394.000,63170,1,SF,1,100,0.0000
1738261696.603480,1602728.000,63226,1,SF,1,100,0.0000
1738261696.936494,1603061.000,63275,1,SF,1,100,0.0000
1738261697.336510,1603461.000,63341,1,SF,1,100,0.0000
1738261697.603521,1603728.000,63394,1,SF,1,100,0.0000
1738261697.936535,1604061.000,63443,1,SF,1,100,0.0000
1738261698.336552,1604461.000,63509,1,SF,1,100,0.0000
1738261698.669565,1604794.000,63559,1,SF,1,100,0.0000
1738261698.936576,1605061.000,63609,1,SF,1,100,0.0000
1738261699.269590,1605394.000,63661,1,SF,1,100,0.0000
1738261699.669607,1605794.000,63727,1,SF,1,100,0.0000
1738261699.936618,1606061.000,63778,1,SF,1,100,0.0000
1738261700.269631,1606394.000,63829,1,SF,1,100,0.0000
1738261700.602645,1606727.000,63882,1,SF,1,100,0.0000
1738261701.002662,1607127.000,63950,1,SF,1,100,0.0000
1738261701.269673,1607394.000,64000,1,SF,1,100,0.0000
1738261701.669689,1607794.000,64057,1,SF,1,100,0.0000
1738261701.935700,1608060.000,64107,1,SF,1,100,0.0000
1738261702.269714,1608394.000,64159,1,SF,1,100,0.0000
1738261702.602728,1608727.000,64209,1,SF,1,100,0.0000
1738261703.002744,1609127.000,64275,1,SF,1,100,0.0000
1738261703.269755,1609394.000,64324,1,SF,1,100,0.0000
1738261703.602769,1609727.000,64374,1,SF,1,100,0.0000
1738261704.002786,1610127.000,64442,1,SF,1,100,0.0000
1738261704.269797,1610394.000,64494,1,SF,1,100,0.0000
1738261704.602810,1610727.000,64544,1,SF,1,100,0.0000
1738261704.935824,1611060.000,64593,1,SF,1,100,0.0000
1738261705.335841,1611460.000,64661,1,SF,1,100,0.0000
1738261705.602852,1611727.000,64712,1,SF,1,100,0.0000
1738261705.935865,1612060.000,64761,1,SF,1,100,0.0000
1738261706.335882,1612460.000,64827,1,SF,1,100,0.0000
1738261706.668896,1612793.000,64882,1,SF,1,100,0.0000
1738261707.002910,1613127.000,64932,1,SF,1,100,0.0000
1738261707.268921,1613393.000,64982,1,SF,1,100,0.0000
1738261707.601934,1613726.000,65031,1,SF,1,100,0.0000
1738261708.001951,1614126.000,65098,1,SF,1,100,0.0000
1738261708.335965,1614460.000,65148,1,SF,1,100,0.0000
1738261708.601976,1614726.000,65197,1,SF,1,100,0.0000
1738261708.935989,1615060.000,65247,1,SF,1,100,0.0000
1738261709.336006,1615460.000,65313,1,SF,1,100,0.0000
1738261709.602017,1615726.000,65363,1,SF,1,100,0.0000
1738261709.936031,1616060.000,65413,1,SF,1,100,0.0000
1738261710.269044,1616393.000,65462,1,SF,1,100,0.0000
1738261710.669061,1616793.000,65530,1,SF,1,100,0.0000
1738261710.935072,1617059.000,45,1,SF,1,100,0.0000
1738261711.269086,1617393.000,94,1,SF,1,100,0.0000
1738261711.669102,1617793.000,160,1,SF,1,100,0.0000
1738261711.935113,1618059.000,215,1,SF,1,100,0.0000
1738261712.269127,1618393.000,265,1,SF,1,100,0.0000
1738261712.602141,1618726.000,315,1,SF,1,100,0.0000
1738261713.002157,1619126.000,381,1,SF,1,100,0.0000
1738261713.269168,1619393.000,430,1,SF,1,100,0.0000
1738261713.602182,1619726.000,480,1,SF,1,100,0.0000
1738261714.002199,1620126.000,547,1,SF,1,100,0.0000
1738261714.335212,1620459.000,596,1,SF,1,100,0.0000
1738261714.602223,1620726.000,646,1,SF,1,100,0.0000
1738261714.935237,1621059.000,695,1,SF,1,100,0.0000
1738261715.335254,1621459.000,765,1,SF,1,100,0.0000
1738261715.602265,1621726.000,816,1,SF,1,100,0.0000
1738261715.935278,1622059.000,865,1,SF,1,100,0.0000
1738261716.268292,1622392.000,917,1,SF,1,100,0.0000
1738261716.668309,1622792.000,983,1,SF,1,100,0.0000
1738261716.935320,1623059.000,1020,1,SF,1,100,0.0000
1738261717.335336,1623459.000,1088,1,SF,1,100,0.0000
1738261717.602347,1623726.000,1139,1,SF,1,100,0.0000
1738261717.935361,1624059.000,1188,1,SF,1,100,0.0000
1738261718.268375,1624392.000,1238,1,SF,1,100,0.0000
1738261718.668391,1624792.000,1306,1,SF,1,100,0.0000
1738261718.935402,1625059.000,1356,1,SF,1,100,0.0000
1738261719.268416,1625392.000,1406,1,SF,1,100,0.0000
1738261719.668433,1625792.000,1474,1,SF,1,100,0.0000
1738261719.935444,1626059.000,1523,1,SF,1,100,0.0000
1738261720.268457,1626392.000,1574,1,SF,1,100,0.0000
1738261720.601471,1626725.000,1625,1,SF,1,100,0.0000
1738261721.001488,1627125.000,1693,1,SF,1,100,0.0000
1738261721.268499,1627392.000,1743,1,SF,1,100,0.0000
1738261721.601512,1627725.000,1792,1,SF,1,100,0.0000
1738261722.001529,1628125.000,1865,1,SF,1,100,0.0000
1738261722.334543,1628458.000,1917,1,SF,1,100,0.0000
1738261722.668557,1628792.000,1966,1,SF,1,100,0.0000
1738261722.934568,1629058.000,2017,1,SF,1,100,0.0000
1738261723.268581,1629392.000,2068,1,SF,1,100,0.0000
1738261723.668598,1629792.000,2134,1,SF,1,100,0.0000
1738261723.934609,1630058.000,2184,1,SF,1,100,0.0000
1738261724.267623,1630391.000,2233,1,SF,1,100,0.0000
1738261724.667639,1630791.000,2300,1,SF,1,100,0.0000
1738261725.001653,1631125.000,2352,1,SF,1,100,0.0000
1738261725.267664,1631391.000,2401,1,SF,1,100,0.0000
1738261725.601678,1631725.000,2455,1,SF,1,100,0.0000
1738261726.001694,1632125.000,2521,1,SF,1,100,0.0000
1738261726.268705,1632392.000,2571,1,SF,1,100,0.0000
1738261726.601719,1632725.000,2623,1,SF,1,100,0.0000
1738261726.934733,1633058.000,2672,1,SF,1,100,0.0000
1738261727.267747,1633391.000,2726,1,SF,1,100,0.0000
1738261727.667763,1633791.000,2794,1,SF,1,100,0.0000
1738261728.000777,1634124.000,2844,1,SF,1,100,0.0000
1738261728.267788,1634391.000,2894,1,SF,1,100,0.0000
1738261728.600802,1634724.000,2944,1,SF,1,100,0.0000
1738261729.000818,1635124.000,3010,1,SF,1,100,0.0000
1738261729.267829,1635391.000,3059,1,SF,1,100,0.0000
1738261729.600843,1635724.000,3109,1,SF,1,100,0.0000
1738261730.000859,1636124.000,3178,1,SF,1,100,0.0000
1738261730.334873,1636458.000,3229,1,SF,1,100,0.0000
1738261730.600884,1636724.000,3279,1,SF,1,100,0.0000
1738261730.933898,1637057.000,3328,1,SF,1,100,0.0000
1738261731.333915,1637457.000,3396,1,SF,1,100,0.0000
1738261731.600926,1637724.000,3447,1,SF,1,100,0.0000
1738261731.933939,1638057.000,3496,1,SF,1,100,0.0000
1738261732.267953,1638391.000,3553,1,SF,1,100,0.0000
1738261732.667970,1638791.000,3621,1,SF,1,100,0.0000
1738261732.933981,1639057.000,3671,1,SF,1,100,0.0000
1738261733.267994,1639391.000,3721,1,SF,1,100,0.0000
1738261733.667011,1639790.000,3789,1,SF,1,100,0.0000
1738261734.001025,1640124.000,3838,1,SF,1,100,0.0000
1738261734.267036,1640390.000,3889,1,SF,1,100,0.0000
1738261734.601049,1640724.000,3940,1,SF,1,100,0.0000
1738261735.001066,1641124.000,4006,1,SF,1,100,0.0000
1738261735.268077,1641391.000,4056,1,SF,1,100,0.0000
1738261735.601091,1641724.000,4107,1,SF,1,100,0.0000
1738261736.001107,1642124.000,4174,1,SF,1,100,0.0000
1738261736.334121,1642457.000,4224,1,SF,1,100,0.0000
1738261736.601132,1642724.000,4273,1,SF,1,100,0.0000
1738261736.934146,1643057.000,4323,1,SF,1,100,0.0000
1738261737.400165,1643523.000,4396,1,SF,1,100,0.0000
1738261737.600173,1643723.000,4432,1,SF,1,100,0.0000
1738261737.934187,1644057.000,4484,1,SF,1,100,0.0000
1738261738.334204,1644457.000,4550,1,SF,1,100,0.0000
1738261738.600215,1644723.000,4601,1,SF,1,100,0.0000
1738261738.934228,1645057.000,4651,1,SF,1,100,0.0000
1738261739.334245,1645457.000,4718,1,SF,1,100,0.0000
1738261739.667259,1645790.000,4767,1,SF,1,100,0.0000
1738261739.934270,1646057.000,4817,1,SF,1,100,0.0000
1738261740.267283,1646390.000,4866,1,SF,1,100,0.0000
1738261740.667300,1646790.000,4934,1,SF,1,100,0.0000
1738261740.934311,1647057.000,4985,1,SF,1,100,0.0000
1738261741.267325,1647390.000,5034,1,SF,1,100,0.0000
1738261741.667341,1647790.000,5100,1,SF,1,100,0.0000
1738261742.000355,1648123.000,5150,1,SF,1,100,0.0000
1738261742.267366,1648390.000,5200,1,SF,1,100,0.0000
1738261742.600380,1648723.000,5255,1,SF,1,100,0.0000
1738261743.000396,1649123.000,5321,1,SF,1,100,0.0000
1738261743.267407,1649390.000,5370,1,SF,1,100,0.0000
1738261743.600421,1649723.000,5421,1,SF,1,100,0.0000
1738261743.933435,1650056.000,5470,1,SF,1,100,0.0000
1738261744.333452,1650456.000,5536,1,SF,1,100,0.0000
1738261744.600462,1650723.000,5586,1,SF,1,100,0.0000
1738261744.933476,1651056.000,5635,1,SF,1,100,0.0000
1738261745.333493,1651456.000,5706,1,SF,1,100,0.0000
1738261745.600504,1651723.000,5756,1,SF,1,100,0.0000
1738261745.933517,1652056.000,5805,1,SF,1,100,0.0000
1738261746.266531,1652389.000,5857,1,SF,1,100,0.0000
1738261746.666548,1652789.000,5923,1,SF,1,100,0.0000
1738261746.933559,1653056.000,5973,1,SF,1,100,0.0000
1738261747.266573,1653389.000,6025,1,SF,1,100,0.0000
1738261747.666589,1653789.000,6096,1,SF,1,100,0.0000
1738261747.999603,1654122.000,6145,1,SF,1,100,0.0000
1738261748.266614,1654389.000,6196,1,SF,1,100,0.0000
1738261748.599628,1654722.000,6245,1,SF,1,100,0.0000
1738261748.999644,1655122.000,6311,1,SF,1,100,0.0000
1738261749.266655,1655389.000,6361,1,SF,1,100,0.0000
1738261749.599669,1655722.000,6411,1,SF,1,100,0.0000
1738261749.933683,1656056.000,6463,1,SF,1,100,0.0000
1738261750.333699,1656456.000,6531,1,SF,1,100,0.0000
1738261750.599710,1656722.000,6580,1,SF,1,100,0.0000
1738261750.932724,1657055.000,6632,1,SF,1,100,0.0000
1738261751.332741,1657455.000,6698,1,SF,1,100,0.0000
1738261751.599752,1657722.000,6748,1,SF,1,100,0.0000
1738261751.932765,1658055.000,6800,1,SF,1,100,0.0000
1738261752.266779,1658389.000,6849,1,SF,1,100,0.0000
1738261752.666796,1658789.000,6920,1,SF,1,100,0.0000
1738261752.999810,1659122.000,6973,1,SF,1,100,0.0000
1738261753.266820,1659389.000,7022,1,SF,1,100,0.0000
1738261753.599834,1659722.000,7072,1,SF,1,100,0.0000
1738261753.999851,1660122.000,7140,1,SF,1,100,0.0000
1738261754.266862,1660389.000,7192,1,SF,1,100,0.0000
1738261754.599875,1660722.000,7242,1,SF,1,100,0.0000
1738261754.932889,1661055.000,7291,1,SF,1,100,0.0000
1738261755.332906,1661455.000,7361,1,SF,1,100,0.0000
1738261755.599917,1661722.000,7412,1,SF,1,100,0.0000
1738261755.932930,1662055.000,7461,1,SF,1,100,0.0000
1738261756.332947,1662455.000,7529,1,SF,1,100,0.0000
1738261756.599958,1662722.000,7579,1,SF,1,100,0.0000
1738261756.932972,1663055.000,7629,1,SF,1,100,0.0000
1738261757.332989,1663455.000,7697,1,SF,1,100,0.0000
1738261757.666002,1663788.000,7747,1,SF,1,100,0.0000
1738261757.999016,1664121.000,7801,1,SF,1,100,0.0000
1738261758.266027,1664388.000,7852,1,SF,1,100,0.0000
1738261758.599041,1664721.000,7903,1,SF,1,100,0.0000
1738261758.999057,1665121.000,7969,1,SF,1,100,0.0000
1738261759.266068,1665388.000,8019,1,SF,1,100,0.0000
1738261759.599082,1665721.000,8071,1,SF,1,100,0.0000
1738261759.933096,1666055.000,8121,1,SF,1,100,0.0000
1738261760.332112,1666454.000,8189,1,SF,1,100,0.0000
1738261760.599123,1666721.000,8240,1,SF,1,100,0.0000
1738261760.932137,1667054.000,8290,1,SF,1,100,0.0000
1738261761.332154,1667454.000,8357,1,SF,1,100,0.0000
1738261761.666167,1667788.000,8406,1,SF,1,100,0.0000
1738261761.932178,1668054.000,8458,1,SF,1,100,0.0000
1738261762.266192,1668388.000,8507,1,SF,1,100,0.0000
1738261762.666209,1668788.000,8573,1,SF,1,100,0.0000
1738261762.932220,1669054.000,8613,1,SF,1,100,0.0000
1738261763.266233,1669388.000,8662,1,SF,1,100,0.0000
1738261763.599247,1669721.000,8712,1,SF,1,100,0.0000
1738261763.999264,1670121.000,8780,1,SF,1,100,0.0000
1738261764.266275,1670388.000,8830,1,SF,1,100,0.0000
1738261764.599288,1670721.000,8880,1,SF,1,100,0.0000
1738261764.999305,1671121.000,8946,1,SF,1,100,0.0000
1738261765.265316,1671387.000,8997,1,SF,1,100,0.0000
1738261765.599330,1671721.000,9050,1,SF,1,100,0.0000
1738261765.932343,1672054.000,9099,1,SF,1,100,0.0000
1738261766.332360,1672454.000,9167,1,SF,1,100,0.0000
1738261766.599371,1672721.000,9217,1,SF,1,100,0.0000
1738261766.932385,1673054.000,9266,1,SF,1,100,0.0000
1738261767.332402,1673454.000,9332,1,SF,1,100,0.0000
1738261767.599412,1673721.000,9383,1,SF,1,100,0.0000
1738261767.932426,1674054.000,9434,1,SF,1,100,0.0000
1738261768.265440,1674387.000,9491,1,SF,1,100,0.0000
1738261768.665457,1674787.000,9559,1,SF,1,100,0.0000
1738261768.932467,1675054.000,9609,1,SF,1,100,0.0000
1738261769.265481,1675387.000,9659,1,SF,1,100,0.0000
1738261769.665498,1675787.000,9725,1,SF,1,100,0.0000
1738261769.932509,1676054.000,9776,1,SF,1,100,0.0000
1738261770.265522,1676387.000,9827,1,SF,1,100,0.0000
1738261770.598536,1676720.000,9878,1,SF,1,100,0.0000
1738261770.998553,1677120.000,9944,1,SF,1,100,0.0000
1738261771.265564,1677387.000,9994,1,SF,1,100,0.0000
1738261771.598578,1677720.000,10045,1,SF,1,100,0.0000
1738261771.998594,1678120.000,10112,1,SF,1,100,0.0000
1738261772.331608,1678453.000,10164,1,SF,1,100,0.0000
1738261772.598619,1678720.000,10213,1,SF,1,100,0.0000
1738261772.931633,1679053.000,10263,1,SF,1,100,0.0000
1738261773.265646,1679387.000,10319,1,SF,1,100,0.0000
1738261773.598660,1679720.000,10372,1,SF,1,100,0.0000
1738261773.998677,1680120.000,10438,1,SF,1,100,0.0000
1738261774.265688,1680387.000,10489,1,SF,1,100,0.0000
1738261774.598701,1680720.000,10538,1,SF,1,100,0.0000
1738261774.998718,1681120.000,10604,1,SF,1,100,0.0000
1738261775.265729,1681387.000,10654,1,SF,1,100,0.0000
1738261775.598743,1681720.000,10706,1,SF,1,100,0.0000
1738261775.931756,1682053.000,10756,1,SF,1,100,0.0000
1738261776.331773,1682453.000,10822,1,SF,1,100,0.0000
1738261776.598784,1682720.000,10871,1,SF,1,100,0.0000
1738261776.931798,1683053.000,10921,1,SF,1,100,0.0000
1738261777.331815,1683453.000,10987,1,SF,1,100,0.0000
1738261777.598825,1683720.000,11037,1,SF,1,100,0.0000
1738261777.931839,1684053.000,11087,1,SF,1,100,0.0000
1738261778.264853,1684386.000,11143,1,SF,1,100,0.0000
1738261778.664870,1684786.000,11209,1,SF,1,100,0.0000
1738261778.931880,1685053.000,11260,1,SF,1,100,0.0000
1738261779.264894,1685386.000,11309,1,SF,1,100,0.0000
1738261779.664911,1685786.000,11375,1,SF,1,100,0.0000
1738261779.997925,1686119.000,11425,1,SF,1,100,0.0000
1738261780.264935,1686386.000,11475,1,SF,1,100,0.0000
1738261780.597949,1686719.000,11529,1,SF,1,100,0.0000
1738261780.997966,1687119.000,11597,1,SF,1,100,0.0000
1738261781.264977,1687386.000,11646,1,SF,1,100,0.0000
1738261781.597991,1687719.000,11696,1,SF,1,100,0.0000
1738261781.998007,1688119.000,11763,1,SF,1,100,0.0000
1738261782.331021,1688452.000,11812,1,SF,1,100,0.0000
1738261782.598032,1688719.000,11862,1,SF,1,100,0.0000
1738261782.931046,1689052.000,11911,1,SF,1,100,0.0000
1738261783.398065,1689519.000,11981,1,SF,1,100,0.0000
1738261783.598073,1689719.000,12015,1,SF,1,100,0.0000
1738261783.931087,1690052.000,12064,1,SF,1,100,0.0000
1738261784.331104,1690452.000,12130,1,SF,1,100,0.0000
1738261784.598114,1690719.000,12180,1,SF,1,100,0.0000
1738261784.931128,1691052.000,12230,1,SF,1,100,0.0000
1738261785.264142,1691385.000,12280,1,SF,1,100,0.0000
1738261785.664159,1691785.000,12350,1,SF,1,100,0.0000
1738261785.931170,1692052.000,12399,1,SF,1,100,0.0000
1738261786.264183,1692385.000,12449,1,SF,1,100,0.0000
1738261786.664200,1692785.000,12516,1,SF,1,100,0.0000
1738261786.997214,1693118.000,12567,1,SF,1,100,0.0000
1738261787.264225,1693385.000,12617,1,SF,1,100,0.0000
1738261787.597239,1693718.000,12666,1,SF,1,100,0.0000
1738261787.997255,1694118.000,12734,1,SF,1,100,0.0000
1738261788.264266,1694385.000,12785,1,SF,1,100,0.0000
1738261788.664283,1694785.000,12839,1,SF,1,100,0.0000
1738261788.931293,1695052.000,12894,1,SF,1,100,0.0000
1738261789.264307,1695385.000,12943,1,SF,1,100,0.0000
1738261789.664324,1695785.000,13009,1,SF,1,100,0.0000
1738261789.997338,1696118.000,13059,1,SF,1,100,0.0000
1738261790.264349,1696385.000,13111,1,SF,1,100,0.0000
1738261790.597362,1696718.000,13163,1,SF,1,100,0.0000
1738261790.997379,1697118.000,13229,1,SF,1,100,0.0000
1738261791.264390,1697385.000,13280,1,SF,1,100,0.0000
1738261791.597404,1697718.000,13331,1,SF,1,100,0.0000
1738261791.997420,1698118.000,13397,1,SF,1,100,0.0000
1738261792.330434,1698451.000,13446,1,SF,1,100,0.0000
1738261792.597445,1698718.000,13496,1,SF,1,100,0.0000
1738261792.930459,1699051.000,13545,1,SF,1,100,0.0000
1738261793.330475,1699451.000,13611,1,SF,1,100,0.0000
1738261793.597486,1699718.000,13669,1,SF,1,100,0.0000
1738261793.930500,1700051.000,13718,1,SF,1,100,0.0000
1738261794.263514,1700384.000,13768,1,SF,1,100,0.0000
1738261794.663530,1700784.000,13834,1,SF,1,100,0.0000
1738261794.930541,1701051.000,13884,1,SF,1,100,0.0000
1738261795.263555,1701384.000,13940,1,SF,1,100,0.0000
1738261795.663572,1701784.000,14008,1,SF,1,100,0.0000
1738261795.930583,1702051.000,14057,1,SF,1,100,0.0000
1738261796.263596,1702384.000,14108,1,SF,1,100,0.0000
1738261796.597610,1702718.000,14157,1,SF,1,100,0.0000
1738261796.997627,1703118.000,14223,1,SF,1,100,0.0000
1738261797.263638,1703384.000,14273,1,SF,1,100,0.0000
1738261797.596652,1703717.000,14322,1,SF,1,100,0.0000
1738261797.996668,1704117.000,14388,1,SF,1,100,0.0000
1738261798.263679,1704384.000,14439,1,SF,1,100,0.0000
1738261798.596693,1704717.000,14490,1,SF,1,100,0.0000
1738261798.930707,1705051.000,14545,1,SF,1,100,0.0000
1738261799.330723,1705451.000,14612,1,SF,1,100,0.0000
1738261799.663737,1705784.000,14661,1,SF,1,100,0.0000
1738261799.930748,1706051.000,14711,1,SF,1,100,0.0000
1738261800.263762,1706384.000,14760,1,SF,1,100,0.0000
1738261800.663778,1706784.000,14830,1,SF,1,100,2.0823
1738261800.930789,1707051.000,14881,1,SF,1,100,2.0582
1738261801.263803,1707384.000,14930,1,SF,1,100,2.0344
1738261801.596817,1707717.000,14980,1,SF,1,100,2.0108
1738261801.996833,1708117.000,15046,1,SF,1,100,1.9876
1738261802.263844,1708384.000,15096,1,SF,1,100,1.9646
1738261802.596858,1708717.000,15148,1,SF,1,100,1.9418
1738261802.996875,1709117.000,15214,1,SF,1,100,1.9194
1738261803.263885,1709384.000,15263,1,SF,1,100,1.8972
1738261803.596899,1709717.000,15314,1,SF,1,100,1.8752
1738261803.929913,1710050.000,15369,1,SF,1,100,1.8535
1738261804.263927,1710384.000,15418,1,SF,1,100,1.8321
1738261804.662943,1710783.000,15484,1,SF,1,100,1.8109
1738261804.929954,1711050.000,15535,1,SF,1,100,1.7900
1738261805.262968,1711383.000,15584,1,SF,1,100,1.7692
1738261805.662985,1711783.000,15652,1,SF,1,100,1.7488
1738261805.996998,1712117.000,15702,1,SF,1,100,1.7285
1738261806.263009,1712383.000,15752,1,SF,1,100,1.7086
1738261806.597023,1712717.000,15802,1,SF,1,100,1.6888
1738261806.997040,1713117.000,15868,1,SF,1,100,1.6693
1738261807.263051,1713383.000,15917,1,SF,1,100,1.6499
1738261807.596065,1713716.000,15968,1,SF,1,100,1.6309
1738261807.930078,1714050.000,16017,1,SF,1,100,1.6120
1738261808.330095,1714450.000,16085,1,SF,1,100,1.5933
1738261808.596106,1714716.000,16135,1,SF,1,100,1.5749
1738261808.996122,1715116.000,16190,1,SF,1,100,1.5567
1738261809.263133,1715383.000,16241,1,SF,1,100,3.6209
1738261809.596147,1715716.000,16292,1,SF,1,100,3.5790
1738261809.930161,1716050.000,16343,1,SF,1,100,3.5376
1738261810.330177,1716450.000,16411,1,SF,1,100,3.4967
1738261810.596188,1716716.000,16461,1,SF,1,100,3.4563
1738261810.930202,1717050.000,16510,1,SF,1,100,3.4163
1738261811.329219,1717449.000,16576,1,SF,1,100,3.3768
1738261811.596230,1717716.000,16627,1,SF,1,100,3.3377
1738261811.929243,1718049.000,16678,1,SF,1,100,3.2991
1738261812.263257,1718383.000,16728,1,SF,1,100,3.2609
1738261812.663274,1718783.000,16794,1,SF,1,100,3.2232
1738261812.929285,1719049.000,16844,1,SF,1,100,3.1859
1738261813.263299,1719383.000,16894,1,SF,1,100,3.1491
1738261813.663315,1719783.000,16960,1,SF,1,100,3.1126
1738261813.929326,1720049.000,17009,1,SF,1,100,3.0766
1738261814.329343,1720449.000,17064,1,SF,1,100,3.0410
1738261814.596354,1720716.000,17113,1,SF,1,100,3.0059
1738261814.929367,1721049.000,17163,1,SF,1,100,2.9711
1738261815.329384,1721449.000,17231,1,SF,1,100,2.9367
1738261815.596395,1721716.000,17281,1,SF,1,100,2.9027
1738261815.929409,1722049.000,17331,1,SF,1,100,2.8692
1738261816.262422,1722382.000,17380,1,SF,1,100,2.8360
1738261816.662439,1722782.000,17446,1,SF,1,100,2.8032
1738261816.929450,1723049.000,17497,1,SF,1,100,2.7707
1738261817.262464,1723382.000,17546,1,SF,1,100,2.7387
1738261817.595478,1723715.000,17596,1,SF,1,100,2.7070
1738261817.995494,1724115.000,17662,1,SF,1,100,2.6757
1738261818.262505,1724382.000,17712,1,SF,1,100,2.6447
1738261818.595519,1724715.000,17762,1,SF,1,100,2.6141
1738261818.995535,1725115.000,17828,1,SF,1,100,2.5839
1738261819.262546,1725382.000,17883,1,SF,1,100,2.5540
1738261819.595560,1725715.000,17934,1,SF,1,100,2.5245
1738261819.929574,1726049.000,17983,1,SF,1,100,2.4953
1738261820.329590,1726449.000,18051,1,SF,1,100,2.4664
1738261820.595601,1726715.000,18101,1,SF,1,100,2.4379
1738261820.928615,1727048.000,18150,1,SF,1,100,2.4097
1738261821.328632,1727448.000,18219,1,SF,1,100,2.3818
1738261821.662646,1727782.000,18269,1,SF,1,100,2.3542
1738261821.928656,1728048.000,18318,1,SF,1,100,2.3270
1738261822.262670,1728382.000,18370,1,SF,1,100,2.3001
1738261822.662687,1728782.000,18436,1,SF,1,100,2.2735
1738261822.928698,1729048.000,18486,1,SF,1,100,2.2472
1738261823.262712,1729382.000,18538,1,SF,1,100,2.2212
1738261823.662728,1729782.000,18604,1,SF,1,100,2.1955
1738261823.995742,1730115.000,18653,1,SF,1,100,2.1701
1738261824.261753,1730381.000,18711,1,SF,1,100,2.1450
1738261824.595767,1730715.000,18760,1,SF,1,100,2.1202
1738261824.995783,1731115.000,18826,1,SF,1,100,2.0957
1738261825.262794,1731382.000,18876,1,SF,1,100,2.0714
1738261825.595808,1731715.000,18928,1,SF,1,100,2.0474
1738261825.928822,1732048.000,18978,1,SF,1,100,2.0238
1738261826.328838,1732448.000,19046,1,SF,1,100,2.0004
1738261826.595849,1732715.000,19095,1,SF,1,100,1.9772
1738261826.928863,1733048.000,19145,1,SF,1,100,1.9543
1738261827.328880,1733448.000,19211,1,SF,1,100,1.9317
1738261827.595891,1733715.000,19261,1,SF,1,100,1.9094
1738261827.928904,1734048.000,19311,1,SF,1,100,1.8873
1738261828.261918,1734381.000,19360,1,SF,1,100,1.8655
1738261828.661935,1734781.000,19426,1,SF,1,100,1.8439
1738261828.928946,1735048.000,19479,1,SF,1,100,1.8226
1738261829.261959,1735381.000,19528,1,SF,1,100,1.8015
1738261829.661976,1735781.000,19601,1,SF,1,100,1.7806
1738261829.928987,1736048.000,19651,1,SF,1,100,1.7600
1738261830.262001,1736381.000,19701,1,SF,1,100,1.7397
1738261830.595014,1736714.000,19753,1,SF,1,100,1.7195
1738261830.995031,1737114.000,19819,1,SF,1,100,1.6997
1738261831.262042,1737381.000,19868,1,SF,1,100,1.6800
1738261831.595056,1737714.000,19918,1,SF,1,100,1.6606
1738261831.995072,1738114.000,19984,1,SF,1,100,1.6413
1738261832.262083,1738381.000,20036,1,SF,1,100,1.6224
1738261832.595097,1738714.000,20086,1,SF,1,100,1.6036
1738261832.928111,1739047.000,20135,1,SF,1,100,1.5850
1738261833.328127,1739447.000,20203,1,SF,1,100,1.5667
1738261833.595138,1739714.000,20254,1,SF,1,100,1.5486
1738261833.928152,1740047.000,20303,1,SF,1,100,1.5307
1738261834.328169,1740447.000,20371,1,SF,1,100,1.5130
1738261834.661182,1740780.000,20426,1,SF,1,100,1.4955
1738261834.928193,1741047.000,20476,1,SF,1,100,1.4782
1738261835.261207,1741380.000,20526,1,SF,1,100,1.4611
1738261835.595221,1741714.000,20577,1,SF,1,100,1.4442
1738261835.995237,1742114.000,20645,1,SF,1,100,1.4275
1738261836.261248,1742380.000,20696,1,SF,1,100,1.4109
1738261836.595262,1742714.000,20747,1,SF,1,100,1.3946
1738261836.995279,1743114.000,20813,1,SF,1,100,1.3785
1738261837.261290,1743380.000,20863,1,SF,1,100,1.3625
1738261837.595304,1743714.000,20913,1,SF,1,100,1.3468
1738261837.928317,1744047.000,20965,1,SF,1,100,1.3312
1738261838.328334,1744447.000,21031,1,SF,1,100,1.3158
1738261838.594345,1744713.000,21080,1,SF,1,100,1.3006
1738261838.928359,1745047.000,21130,1,SF,1,100,1.2855
1738261839.328375,1745447.000,21198,1,SF,1,100,1.2707
1738261839.728392,1745847.000,21252,1,SF,1,100,1.2560
1738261839.928400,1746047.000,21286,1,SF,1,100,1.2414
1738261840.327416,1746446.000,21354,1,SF,1,100,1.2271
1738261840.594427,1746713.000,21403,1,SF,1,100,1.2129
1738261840.927441,1747046.000,21454,1,SF,1,100,1.1988
1738261841.261455,1747380.000,21503,1,SF,1,100,1.1850
1738261841.661472,1747780.000,21569,1,SF,1,100,1.1713
1738261841.927482,1748046.000,21621,1,SF,1,100,1.1577
1738261842.261496,1748380.000,21670,1,SF,1,100,1.1443
1738261842.661513,1748780.000,21739,1,SF,1,100,1.1311
1738261842.927524,1749046.000,21789,1,SF,1,100,1.1180
1738261843.261538,1749380.000,21838,1,SF,1,100,1.1051
1738261843.594551,1749713.000,21890,1,SF,1,100,1.0923
1738261843.994568,1750113.000,21956,1,SF,1,100,1.0797
1738261844.260579,1750379.000,22006,1,SF,1,100,1.0672
1738261844.594593,1750713.000,22056,1,SF,1,100,1.0548
1738261844.927606,1751046.000,22112,1,SF,1,100,1.0426
1738261845.261620,1751380.000,22162,1,SF,1,100,1.0306
1738261845.660637,1751779.000,22230,1,SF,1,100,1.0186
1738261845.927648,1752046.000,22281,1,SF,1,100,1.0069
1738261846.260661,1752379.000,22331,1,SF,1,100,0.9952
1738261846.660678,1752779.000,22398,1,SF,1,100,0.9837
1738261846.993692,1753112.000,22449,1,SF,1,100,0.9723
1738261847.260703,1753379.000,22499,1,SF,1,100,0.9611
1738261847.593717,1753712.000,22548,1,SF,1,100,0.9499
1738261847.993733,1754112.000,22614,1,SF,1,100,0.9390
1738261848.260744,1754379.000,22667,1,SF,1,100,0.9281
1738261848.593758,1754712.000,22716,1,SF,1,100,0.9174
1738261848.927772,1755046.000,22768,1,SF,1,100,0.9067
1738261849.327788,1755446.000,22836,1,SF,1,100,0.8963
1738261849.593799,1755712.000,22886,1,SF,1,100,0.8859
1738261849.993816,1756112.000,22941,1,SF,1,100,0.8756
1738261850.260827,1756379.000,22993,1,SF,1,100,0.8655
1738261850.593840,1756712.000,23045,1,SF,1,100,0.8555
1738261850.993857,1757112.000,23111,1,SF,1,100,0.8456
1738261851.260868,1757379.000,23160,1,SF,1,100,0.8358
1738261851.593882,1757712.000,23213,1,SF,1,100,0.8262
1738261851.926896,1758045.000,23262,1,SF,1,100,0.8166
1738261852.326912,1758445.000,23328,1,SF,1,100,0.8071
1738261852.593923,1758712.000,23380,1,SF,1,100,0.7978
1738261852.926937,1759045.000,23429,1,SF,1,100,0.7886
1738261853.326953,1759445.000,23495,1,SF,1,100,0.7795
1738261853.593964,1759712.000,23548,1,SF,1,100,0.7704
1738261853.926978,1760045.000,23597,1,SF,1,100,0.7615
1738261854.259992,1760378.000,23647,1,SF,1,100,0.7527
1738261854.660008,1760778.000,23715,1,SF,1,100,0.7440
1738261854.927019,1761045.000,23765,1,SF,1,100,0.7354
1738261855.260033,1761378.000,23822,1,SF,1,100,0.7269
1738261855.594047,1761712.000,23873,1,SF,1,100,0.7185
1738261855.994063,1762112.000,23941,1,SF,1,100,0.7102
1738261856.261075,1762379.000,23992,1,SF,1,100,0.7020
1738261856.594088,1762712.000,24041,1,SF,1,100,0.6938
1738261856.994105,1763112.000,24107,1,SF,1,100,0.6858
1738261857.327119,1763445.000,24157,1,SF,1,100,0.6779
1738261857.594130,1763712.000,24207,1,SF,1,100,0.6700
1738261857.927143,1764045.000,24257,1,SF,1,100,0.6623
1738261858.327160,1764445.000,24323,1,SF,1,100,0.6546
1738261858.593171,1764711.000,24372,1,SF,1,100,0.6471
1738261858.927185,1765045.000,24423,1,SF,1,100,0.6396
1738261859.327201,1765445.000,24489,1,SF,1,100,0.6322
1738261859.660215,1765778.000,24538,1,SF,1,100,0.6249
1738261859.927226,1766045.000,24588,1,SF,1,100,0.6176
1738261860.260240,1766378.000,24642,1,SF,1,100,0.6105
1738261860.660256,1766778.000,24710,1,SF,1,100,0.6034
1738261860.927267,1767045.000,24761,1,SF,1,100,0.5964
1738261861.260281,1767378.000,24810,1,SF,1,100,0.5895
1738261861.660298,1767778.000,24878,1,SF,1,100,0.5827
1738261861.993311,1768111.000,24928,1,SF,1,100,0.5760
1738261862.260322,1768378.000,24978,1,SF,1,100,0.5693
1738261862.593336,1768711.000,25028,1,SF,1,100,0.5627
1738261862.993353,1769111.000,25096,1,SF,1,100,0.5562
1738261863.260364,1769378.000,25145,1,SF,1,100,0.5498
1738261863.593377,1769711.000,25196,1,SF,1,100,0.5434
1738261863.926391,1770044.000,25245,1,SF,1,100,0.5371
1738261864.326408,1770444.000,25311,1,SF,1,100,0.5309
1738261864.593419,1770711.000,25361,1,SF,1,100,0.5248
1738261864.926432,1771044.000,25412,1,SF,1,100,0.5187
1738261865.259446,1771377.000,25468,1,SF,1,100,0.5127
1738261865.659463,1771777.000,25536,1,SF,1,100,0.5068
1738261865.926474,1772044.000,25587,1,SF,1,100,0.5009
1738261866.259487,1772377.000,25637,1,SF,1,100,0.4951
1738261866.659504,1772777.000,25704,1,SF,1,100,0.4894
1738261866.993518,1773111.000,25755,1,SF,1,100,0.4837
1738261867.259529,1773377.000,25805,1,SF,1,100,0.4781
1738261867.592543,1773710.000,25854,1,SF,1,100,0.4726
1738261867.992559,1774110.000,25920,1,SF,1,100,0.4671
1738261868.259570,1774377.000,25973,1,SF,1,100,0.4617
1738261868.592584,1774710.000,26022,1,SF,1,100,0.4564
1738261868.992600,1775110.000,26088,1,SF,1,100,0.4511
1738261869.326614,1775444.000,26138,1,SF,1,100,0.4459
1738261869.592625,1775710.000,26190,1,SF,1,100,0.4407
1738261869.926639,1776044.000,26240,1,SF,1,100,0.4356
1738261870.392658,1776510.000,26311,1,SF,1,100,0.4306
1738261870.592666,1776710.000,26345,1,SF,1,100,0.4256
1738261870.926680,1777044.000,26396,1,SF,1,100,0.4207
1738261871.259694,1777377.000,26445,1,SF,1,100,0.4158
1738261871.659711,1777777.000,26513,1,SF,1,100,0.4110
1738261871.925722,1778043.000,26563,1,SF,1,100,0.4063
1738261872.259735,1778377.000,26612,1,SF,1,100,0.4016
1738261872.659752,1778777.000,26679,1,SF,1,100,0.3969
1738261872.992766,1779110.000,26731,1,SF,1,100,0.3923
1738261873.259777,1779377.000,26780,1,SF,1,100,0.3878
1738261873.592790,1779710.000,26830,1,SF,1,100,0.3833
1738261873.992807,1780110.000,26898,1,SF,1,100,0.3789
1738261874.259818,1780377.000,26948,1,SF,1,100,0.3745
1738261874.592832,1780710.000,26998,1,SF,1,100,0.3702
1738261874.925845,1781043.000,27047,1,SF,1,100,0.3659
1738261875.325862,1781443.000,27117,1,SF,1,100,0.3616
1738261875.592873,1781710.000,27157,1,SF,1,100,0.3575
1738261875.992889,1782110.000,27223,1,SF,1,100,0.3533
1738261876.258900,1782376.000,27273,1,SF,1,100,0.3492
1738261876.592914,1782710.000,27327,1,SF,1,100,0.3452
1738261876.992931,1783110.000,27393,1,SF,1,100,0.3412
1738261877.258942,1783376.000,27444,1,SF,1,100,0.3373
1738261877.591956,1783709.000,27495,1,SF,1,100,0.3334
1738261877.925969,1784043.000,27544,1,SF,1,100,0.3295
1738261878.325986,1784443.000,27610,1,SF,1,100,0.3257
1738261878.591997,1784709.000,27662,1,SF,1,100,0.3219
1738261878.926011,1785043.000,27711,1,SF,1,100,0.3182
1738261879.326027,1785443.000,27777,1,SF,1,100,0.3145
1738261879.659041,1785776.000,27828,1,SF,1,100,0.3109
1738261879.926052,1786043.000,27877,1,SF,1,100,0.3073
1738261880.259066,1786376.000,27927,1,SF,1,100,0.3037
1738261880.659082,1786776.000,28004,1,SF,1,100,0.3002
1738261880.926093,1787043.000,28054,1,SF,1,100,0.2967
1738261881.259107,1787376.000,28104,1,SF,1,100,0.2933
1738261881.592121,1787709.000,28153,1,SF,1,100,0.2899
1738261881.992137,1788109.000,28221,1,SF,1,100,0.2866
1738261882.259148,1788376.000,28272,1,SF,1,100,0.2832
1738261882.592162,1788709.000,28321,1,SF,1,100,0.2800
1738261882.992179,1789109.000,28387,1,SF,1,100,0.2767
1738261883.259190,1789376.000,28439,1,SF,1,100,0.2735
1738261883.592203,1789709.000,28489,1,SF,1,100,0.2704
1738261883.925217,1790042.000,28539,1,SF,1,100,0.2672
1738261884.325234,1790442.000,28607,1,SF,1,100,0.2641
1738261884.592245,1790709.000,28656,1,SF,1,100,0.2611
1738261884.925258,1791042.000,28706,1,SF,1,100,0.2581
1738261885.325275,1791442.000,28775,1,SF,1,100,0.2551
1738261885.658289,1791775.000,28824,1,SF,1,100,0.2521
1738261885.925300,1792042.000,28879,1,SF,1,100,0.2492
1738261886.258313,1792375.000,28928,1,SF,1,100,0.2463
1738261886.658330,1792775.000,28994,1,SF,1,100,0.2435
1738261886.925341,1793042.000,29045,1,SF,1,100,0.2407
1738261887.258355,1793375.000,29094,1,SF,1,100,0.2379
1738261887.591369,1793708.000,29146,1,SF,1,100,0.2351
1738261887.991385,1794108.000,29212,1,SF,1,100,0.2324
1738261888.258396,1794375.000,29262,1,SF,1,100,0.2297
1738261888.591410,1794708.000,29312,1,SF,1,100,0.2271
1738261888.991426,1795108.000,29380,1,SF,1,100,0.2244
1738261889.258437,1795375.000,29429,1,SF,1,100,0.2218
1738261889.591451,1795708.000,29480,1,SF,1,100,0.2193
1738261889.991468,1796108.000,29546,1,SF,1,100,0.2167
1738261890.325481,1796442.000,29599,1,SF,1,100,0.2142
1738261890.591492,1796708.000,29649,1,SF,1,100,0.2118
1738261890.924506,1797041.000,29686,1,SF,1,100,0.2093
1738261891.324523,1797441.000,29754,1,SF,1,100,0.2069
1738261891.591534,1797708.000,29805,1,SF,1,100,0.2045
1738261891.924548,1798041.000,29854,1,SF,1,100,0.2021
1738261892.324564,1798441.000,29920,1,SF,1,100,0.1998
1738261892.591575,1798708.000,29970,1,SF,1,100,0.1975
1738261892.924589,1799041.000,30020,1,SF,1,100,0.1952
1738261893.258603,1799375.000,30072,1,SF,1,100,0.1929
1738261893.657619,1799774.000,30138,1,SF,1,100,0.1907
1738261893.924630,1800041.000,30189,1,SF,1,100,0.1885
1738261894.257644,1800374.000,30241,1,SF,1,100,0.1863
1738261894.657660,1800774.000,30308,1,SF,1,100,0.1842
1738261894.924671,1801041.000,30359,1,SF,1,100,0.1820
1738261895.257685,1801374.000,30409,1,SF,1,100,0.1799
1738261895.591699,1801708.000,30460,1,SF,1,100,0.1778
1738261895.991715,1802108.000,30536,1,SF,1,100,0.1758
1738261896.324729,1802441.000,30586,1,SF,1,100,0.1738
1738261896.591740,1802708.000,30636,1,SF,1,100,0.1717
1738261896.924754,1803041.000,30686,1,SF,1,100,0.1698
1738261897.257768,1803374.000,30738,1,SF,1,100,0.1678
1738261897.657784,1803774.000,30804,1,SF,1,100,0.1658
1738261897.924795,1804041.000,30853,1,SF,1,100,0.1639
1738261898.257809,1804374.000,30905,1,SF,1,100,0.1620
1738261898.657826,1804774.000,30972,1,SF,1,100,0.1602
1738261898.990839,1805107.000,31021,1,SF,1,100,0.1583
1738261899.257850,1805374.000,31071,1,SF,1,100,0.1565
1738261899.590864,1805707.000,31120,1,SF,1,100,0.1547
1738261899.990881,1806107.000,31188,1,SF,1,100,0.1529
1738261900.257892,1806374.000,31239,1,SF,1,100,0.1511
1738261900.590905,1806707.000,31292,1,SF,1,100,0.1494
1738261900.990922,1807107.000,31358,1,SF,1,100,0.1476
1738261901.323936,1807440.000,31413,1,SF,1,100,0.1459
1738261901.590947,1807707.000,31463,1,SF,1,100,0.1442
1738261901.923961,1808040.000,31515,1,SF,1,100,0.1426
1738261902.323977,1808440.000,31581,1,SF,1,100,0.1409
1738261902.657991,1808774.000,31630,1,SF,1,100,0.1393
1738261902.924002,1809040.000,31681,1,SF,1,100,0.1377
1738261903.258016,1809374.000,31730,1,SF,1,100,0.1361
1738261903.657032,1809773.000,31796,1,SF,1,100,0.1345
1738261903.924043,1810040.000,31850,1,SF,1,100,4.2975
1738261904.257057,1810373.000,31899,1,SF,1,100,4.2477
1738261904.657073,1810773.000,31966,1,SF,1,100,4.1986
1738261904.991087,1811107.000,32016,1,SF,1,100,4.1500
1738261905.257098,1811373.000,32065,1,SF,1,100,4.1020
1738261905.591112,1811707.000,32119,1,SF,1,100,6.1368
1738261905.991129,1812107.000,32187,1,SF,1,100,8.1481
1738261906.257139,1812373.000,32242,1,SF,1,100,8.0538
1738261906.591153,1812707.000,32292,1,SF,1,100,7.9607
1738261906.924167,1813040.000,32341,1,SF,1,100,7.8686
1738261907.324184,1813440.000,32409,1,SF,1,100,7.7776
1738261907.591195,1813707.000,32460,1,SF,1,100,7.6876
1738261907.924208,1814040.000,32509,1,SF,1,100,7.5987
1738261908.324225,1814440.000,32575,1,SF,1,100,7.5107
1738261908.590236,1814706.000,32625,1,SF,1,100,7.4239
1738261908.924250,1815040.000,32675,1,SF,1,100,7.3380
1738261909.257263,1815373.000,32725,1,SF,1,100,7.2531
1738261909.657280,1815773.000,32791,1,SF,1,100,7.1692
1738261909.924291,1816040.000,32840,1,SF,1,100,7.0863
1738261910.257305,1816373.000,32890,1,SF,1,100,7.0043
1738261910.657321,1816773.000,32961,1,SF,1,100,6.9233
1738261910.990335,1817106.000,33010,1,SF,1,100,6.8432
1738261911.323349,1817439.000,33063,1,SF,1,100,6.7640
1738261911.590360,1817706.000,33096,1,SF,1,100,6.6858
1738261911.990376,1818106.000,33162,1,SF,1,100,6.6084
1738261912.257387,1818373.000,33213,1,SF,1,100,6.5320
1738261912.590401,1818706.000,33262,1,SF,1,100,6.4564
1738261912.990418,1819106.000,33330,1,SF,1,100,6.3817
1738261913.257429,1819373.000,33380,1,SF,1,100,6.3079
1738261913.590442,1819706.000,33432,1,SF,1,100,6.2349
1738261913.923456,1820039.000,33482,1,SF,1,100,6.1628
1738261914.323473,1820439.000,33550,1,SF,1,100,6.0915
1738261914.590484,1820706.000,33599,1,SF,1,100,6.0210
1738261914.923497,1821039.000,33651,1,SF,1,100,5.9514
1738261915.323514,1821439.000,33720,1,SF,1,100,5.8825
1738261915.656528,1821772.000,33769,1,SF,1,100,5.8145
1738261915.923539,1822039.000,33819,1,SF,1,100,5.7472
1738261916.256552,1822372.000,33868,1,SF,1,100,5.6807
1738261916.590566,1822706.000,33924,1,SF,1,100,5.6150
1738261916.990583,1823106.000,33990,1,SF,1,100,5.5501
1738261917.256594,1823372.000,34039,1,SF,1,100,5.4859
1738261917.590608,1823706.000,34090,1,SF,1,100,5.4224
1738261917.923621,1824039.000,34139,1,SF,1,100,5.3597
1738261918.323638,1824439.000,34205,1,SF,1,100,5.2977
1738261918.589649,1824705.000,34255,1,SF,1,100,5.2364
1738261918.923663,1825039.000,34307,1,SF,1,100,5.1758
1738261919.256676,1825372.000,34357,1,SF,1,100,5.1160
1738261919.656693,1825772.000,34425,1,SF,1,100,7.1390
1738261919.923704,1826039.000,34474,1,SF,1,100,7.0564
1738261920.256718,1826372.000,34524,1,SF,1,100,6.9748
1738261920.656734,1826772.000,34592,1,SF,1,100,6.8941
1738261920.923745,1827039.000,34642,1,SF,1,100,6.8144
1738261921.256759,1827372.000,34692,1,SF,1,100,6.7355
1738261921.589773,1827705.000,34749,1,SF,1,100,6.6576
1738261921.922787,1828038.000,34798,1,SF,1,100,6.5806
1738261922.256800,1828372.000,34848,1,SF,1,100,6.5045
1738261922.656817,1828772.000,34914,1,SF,1,100,6.4292
1738261922.922828,1829038.000,34964,1,SF,1,100,6.3549
1738261923.256842,1829372.000,35014,1,SF,1,100,6.2814
1738261923.656858,1829772.000,35080,1,SF,1,100,6.2087
1738261923.922869,1830038.000,35129,1,SF,1,100,6.1369
1738261924.255883,1830371.000,35180,1,SF,1,100,6.0659
1738261924.589897,1830705.000,35229,1,SF,1,100,5.9957
1738261924.989913,1831105.000,35295,1,SF,1,100,5.9263
1738261925.255924,1831371.000,35345,1,SF,1,100,5.8578
1738261925.589938,1831705.000,35396,1,SF,1,100,5.7900
1738261925.989955,1832105.000,35463,1,SF,1,100,5.7230
1738261926.322968,1832438.000,35513,1,SF,1,100,5.6568
1738261926.589979,1832705.000,35562,1,SF,1,100,5.5914
1738261926.922993,1833038.000,35618,1,SF,1,100,5.5267
1738261927.256007,1833371.000,35667,1,SF,1,100,5.4628
1738261927.589021,1833704.000,35717,1,SF,1,100,5.3996
1738261927.989037,1834104.000,35783,1,SF,1,100,5.3371
1738261928.256048,1834371.000,35833,1,SF,1,100,5.2754
1738261928.589062,1834704.000,35883,1,SF,1,100,5.2144
1738261928.989079,1835104.000,35949,1,SF,1,100,5.1540
1738261929.256089,1835371.000,35998,1,SF,1,100,5.0944
1738261929.589103,1835704.000,36049,1,SF,1,100,5.0355
1738261929.923117,1836038.000,36098,1,SF,1,100,4.9772
1738261930.323133,1836438.000,36166,1,SF,1,100,4.9197
1738261930.589144,1836704.000,36216,1,SF,1,100,4.8628
1738261930.923158,1837038.000,36265,1,SF,1,100,4.8065
1738261931.322175,1837437.000,36331,1,SF,1,100,4.7509
1738261931.589186,1837704.000,36382,1,SF,1,100,4.6959
1738261931.989202,1838104.000,36436,1,SF,1,100,4.6416
1738261932.256213,1838371.000,36487,1,SF,1,100,4.5879
1738261932.589227,1838704.000,36536,1,SF,1,100,4.5348
1738261932.989244,1839104.000,36602,1,SF,1,100,4.4824
1738261933.322258,1839437.000,36652,1,SF,1,100,4.4305
1738261933.589268,1839704.000,36702,1,SF,1,100,4.3793
1738261933.922282,1840037.000,36752,1,SF,1,100,4.3286
1738261934.322299,1840437.000,36818,1,SF,1,100,4.2785
1738261934.589310,1840704.000,36867,1,SF,1,100,4.2291
1738261934.922323,1841037.000,36917,1,SF,1,100,4.1801
1738261935.322340,1841437.000,36988,1,SF,1,100,4.1318
1738261935.655354,1841770.000,37037,1,SF,1,100,4.0840
1738261935.922365,1842037.000,37087,1,SF,1,100,4.0367
1738261936.255378,1842370.000,37136,1,SF,1,100,3.9900
1738261936.655395,1842770.000,37202,1,SF,1,100,3.9439
1738261936.989409,1843104.000,37256,1,SF,1,100,3.8983
1738261937.322423,1843437.000,37305,1,SF,1,100,3.8532
1738261937.589434,1843704.000,37356,1,SF,1,100,3.8086
1738261937.922447,1844037.000,37405,1,SF,1,100,3.7645
1738261938.322464,1844437.000,37471,1,SF,1,100,3.7210
1738261938.588475,1844703.000,37521,1,SF,1,100,3.6779
1738261938.922489,1845037.000,37571,1,SF,1,100,3.6354
1738261939.255502,1845370.000,37621,1,SF,1,100,3.5933
1738261939.655519,1845770.000,37687,1,SF,1,100,3.5518
1738261939.922530,1846037.000,37736,1,SF,1,100,3.5107
1738261940.255544,1846370.000,37786,1,SF,1,100,3.4701
1738261940.655560,1846770.000,37855,1,SF,1,100,3.4299
1738261940.988574,1847103.000,37904,1,SF,1,100,3.3903
1738261941.255585,1847370.000,37956,1,SF,1,100,3.3510
1738261941.588599,1847703.000,38005,1,SF,1,100,3.3123
1738261941.988616,1848103.000,38071,1,SF,1,100,3.2740
1738261942.255626,1848370.000,38112,1,SF,1,100,3.2361
1738261942.655643,1848770.000,38180,1,SF,1,100,3.1986
1738261942.921654,1849036.000,38231,1,SF,1,100,3.1616
1738261943.255668,1849370.000,38280,1,SF,1,100,3.1251
1738261943.655684,1849770.000,38346,1,SF,1,100,3.0889
1738261943.988698,1850103.000,38398,1,SF,1,100,3.0532
1738261944.254709,1850369.000,38448,1,SF,1,100,3.0179
1738261944.588723,1850703.000,38498,1,SF,1,100,2.9830
1738261944.988739,1851103.000,38568,1,SF,1,100,2.9484
1738261945.254750,1851369.000,38617,1,SF,1,100,2.9143
1738261945.588764,1851703.000,38670,1,SF,1,100,2.8806
1738261945.921778,1852036.000,38719,1,SF,1,100,2.8473
1738261946.321794,1852436.000,38787,1,SF,1,100,2.8144
1738261946.588805,1852703.000,38837,1,SF,1,100,2.7818
1738261946.921819,1853036.000,38886,1,SF,1,100,2.7496
1738261947.254833,1853369.000,38944,1,SF,1,100,2.7178
1738261947.587847,1853702.000,38993,1,SF,1,100,2.6864
1738261947.987863,1854102.000,39059,1,SF,1,100,2.6553
1738261948.254874,1854369.000,39112,1,SF,1,100,2.6246
1738261948.587888,1854702.000,39161,1,SF,1,100,2.5942
1738261948.987905,1855102.000,39227,1,SF,1,100,2.5642
1738261949.254915,1855369.000,39277,1,SF,1,100,2.5346
1738261949.587929,1855702.000,39327,1,SF,1,100,2.5052
1738261949.921943,1856036.000,39379,1,SF,1,100,2.4762
1738261950.321959,1856436.000,39447,1,SF,1,100,2.4476
1738261950.587970,1856702.000,39496,1,SF,1,100,2.4193
1738261950.920984,1857035.000,39546,1,SF,1,100,2.3913
1738261951.321001,1857435.000,39612,1,SF,1,100,2.3636
1738261951.588012,1857702.000,39662,1,SF,1,100,2.3363
1738261951.921026,1858035.000,39712,1,SF,1,100,2.3093
1738261952.255039,1858369.000,39761,1,SF,1,100,2.2826
1738261952.588053,1858702.000,39817,1,SF,1,100,2.2562
1738261952.921067,1859035.000,39866,1,SF,1,100,2.2301
1738261953.321084,1859435.000,39934,1,SF,1,100,2.2043
1738261953.588094,1859702.000,39985,1,SF,1,100,2.1788
1738261953.921108,1860035.000,40034,1,SF,1,100,2.1536
1738261954.321125,1860435.000,40100,1,SF,1,100,2.1286
1738261954.654139,1860768.000,40152,1,SF,1,100,2.1040
1738261954.921149,1861035.000,40202,1,SF,1,100,2.0797
1738261955.254163,1861368.000,40252,1,SF,1,100,2.0556
1738261955.654180,1861768.000,40320,1,SF,1,100,2.0318
1738261955.921191,1862035.000,40371,1,SF,1,100,2.0083
1738261956.254205,1862368.000,40421,1,SF,1,100,1.9851
1738261956.588218,1862702.000,40471,1,SF,1,100,1.9621
1738261956.988235,1863102.000,40537,1,SF,1,100,1.9394
1738261957.254246,1863368.000,40589,1,SF,1,100,1.9170
1738261957.588260,1863702.000,40644,1,SF,1,100,1.8948
1738261957.921273,1864035.000,40694,1,SF,1,100,1.8729
1738261958.254287,1864368.000,40743,1,SF,1,100,1.8512
1738261958.654304,1864768.000,40811,1,SF,1,100,1.8298
1738261958.921315,1865035.000,40862,1,SF,1,100,1.8087
1738261959.254328,1865368.000,40911,1,SF,1,100,1.7877
1738261959.654345,1865768.000,40979,1,SF,1,100,1.7671
1738261959.921356,1866035.000,41029,1,SF,1,100,1.7466
1738261960.254370,1866368.000,41079,1,SF,1,100,1.7264
1738261960.587384,1866701.000,41131,1,SF,1,100,1.7064
1738261960.987400,1867101.000,41199,1,SF,1,100,1.6867
1738261961.254411,1867368.000,41248,1,SF,1,100,1.6672
1738261961.587425,1867701.000,41298,1,SF,1,100,1.6479
1738261961.987442,1868101.000,41364,1,SF,1,100,1.6288
1738261962.254452,1868368.000,41414,1,SF,1,100,1.6100
1738261962.587466,1868701.000,41469,1,SF,1,100,1.5914
1738261962.920480,1869034.000,41521,1,SF,1,100,1.5730
1738261963.254494,1869368.000,41571,1,SF,1,100,1.5548
1738261963.654510,1869768.000,41639,1,SF,1,100,1.5368
1738261963.920521,1870034.000,41688,1,SF,1,100,1.5190
1738261964.253535,1870367.000,41739,1,SF,1,100,1.5014
1738261964.587549,1870701.000,41788,1,SF,1,100,1.4841
1738261964.987565,1871101.000,41856,1,SF,1,100,1.4669
1738261965.253576,1871367.000,41906,1,SF,1,100,1.4499
1738261965.587590,1871701.000,41957,1,SF,1,100,1.4332
1738261965.987607,1872101.000,42023,1,SF,1,100,1.4166
1738261966.320620,1872434.000,42076,1,SF,1,100,1.4002
1738261966.587631,1872701.000,42125,1,SF,1,100,1.3840
1738261966.920645,1873034.000,42175,1,SF,1,100,1.3680
1738261967.320662,1873434.000,42243,1,SF,1,100,1.3522
1738261967.587673,1873701.000,42293,1,SF,1,100,1.3365
1738261967.987689,1874101.000,42347,1,SF,1,100,1.3211
1738261968.253700,1874367.000,42397,1,SF,1,100,1.3058
1738261968.587714,1874701.000,42449,1,SF,1,100,1.2907
1738261968.986731,1875100.000,42515,1,SF,1,100,1.2757
1738261969.253742,1875367.000,42564,1,SF,1,100,1.2610
1738261969.586755,1875700.000,42616,1,SF,1,100,1.2464
1738261969.986772,1876100.000,42683,1,SF,1,100,1.2320
1738261970.320786,1876434.000,42734,1,SF,1,100,1.2177
1738261970.586797,1876700.000,42784,1,SF,1,100,1.2036
1738261970.919810,1877033.000,42835,1,SF,1,100,1.1897
1738261971.319827,1877433.000,42901,1,SF,1,100,1.1759
1738261971.586838,1877700.000,42952,1,SF,1,100,1.1623
1738261971.919852,1878033.000,43003,1,SF,1,100,1.1489
1738261972.253865,1878367.000,43053,1,SF,1,100,1.1356
1738261972.653882,1878767.000,43121,1,SF,1,100,3.2047
1738261972.986896,1879100.000,43176,1,SF,1,100,3.1676
1738261973.319910,1879433.000,43226,1,SF,1,100,3.1310
1738261973.586920,1879700.000,43276,1,SF,1,100,3.0948
1738261973.919934,1880033.000,43326,1,SF,1,100,3.0590
1738261974.319951,1880433.000,43392,1,SF,1,100,3.0236
1738261974.586962,1880700.000,43441,1,SF,1,100,2.9886
1738261974.919976,1881033.000,43492,1,SF,1,100,2.9540
1738261975.319992,1881433.000,43560,1,SF,1,100,2.9199
1738261975.653006,1881766.000,43609,1,SF,1,100,2.8861
1738261975.920017,1882033.000,43659,1,SF,1,100,2.8527
1738261976.253031,1882366.000,43708,1,SF,1,100,2.8197
1738261976.653047,1882766.000,43774,1,SF,1,100,2.7871
1738261976.920058,1883033.000,43825,1,SF,1,100,2.7549
1738261977.253072,1883366.000,43874,1,SF,1,100,2.7230
1738261977.586086,1883699.000,43924,1,SF,1,100,2.6915
1738261977.986102,1884099.000,43995,1,SF,1,100,2.6603
1738261978.320116,1884433.000,44045,1,SF,1,100,2.6296
1738261978.653130,1884766.000,44095,1,SF,1,100,2.5992
1738261978.920141,1885033.000,44145,1,SF,1,100,2.5691
1738261979.253155,1885366.000,44195,1,SF,1,100,2.5394
1738261979.653171,1885766.000,44261,1,SF,1,100,2.5100
1738261979.920182,1886033.000,44310,1,SF,1,100,2.4810
1738261980.253196,1886366.000,44361,1,SF,1,100,2.4523
1738261980.586210,1886699.000,44412,1,SF,1,100,2.4239
1738261980.986226,1887099.000,44478,1,SF,1,100,2.3958
1738261981.253237,1887366.000,44528,1,SF,1,100,2.3681
1738261981.586251,1887699.000,44577,1,SF,1,100,2.3407
1738261981.986268,1888099.000,44643,1,SF,1,100,2.3137
1738261982.253278,1888366.000,44694,1,SF,1,100,2.2869
1738261982.586292,1888699.000,44743,1,SF,1,100,2.2604
1738261982.919306,1889032.000,44793,1,SF,1,100,2.2343
1738261983.253320,1889366.000,44848,1,SF,1,100,2.2084
1738261983.653336,1889766.000,44914,1,SF,1,100,2.1829
1738261983.919347,1890032.000,44964,1,SF,1,100,2.1576
1738261984.252361,1890365.000,45014,1,SF,1,100,2.1327
1738261984.586375,1890699.000,45064,1,SF,1,100,2.1080
1738261984.986391,1891099.000,45130,1,SF,1,100,2.0836
1738261985.252402,1891365.000,45181,1,SF,1,100,2.0595
1738261985.586416,1891699.000,45233,1,SF,1,100,2.0357
1738261985.986433,1892099.000,45300,1,SF,1,100,2.0122
1738261986.319446,1892432.000,45349,1,SF,1,100,1.9889
1738261986.586457,1892699.000,45399,1,SF,1,100,1.9659
1738261986.919471,1893032.000,45448,1,SF,1,100,1.9431
1738261987.319488,1893432.000,45516,1,SF,1,100,1.9206
1738261987.586499,1893699.000,45567,1,SF,1,100,1.8984
1738261987.919513,1894032.000,45616,1,SF,1,100,1.8765
1738261988.252526,1894365.000,45671,1,SF,1,100,1.8548
1738261988.585540,1894698.000,45723,1,SF,1,100,1.8333
1738261988.985557,1895098.000,45789,1,SF,1,100,1.8121
1738261989.252568,1895365.000,45839,1,SF,1,100,1.7911
1738261989.585581,1895698.000,45891,1,SF,1,100,1.7704
1738261989.919595,1896032.000,45941,1,SF,1,100,1.7499
1738261990.319612,1896432.000,46009,1,SF,1,100,1.7297
1738261990.585623,1896698.000,46058,1,SF,1,100,1.7097
1738261990.919636,1897032.000,46110,1,SF,1,100,1.6899
1738261991.319653,1897432.000,46176,1,SF,1,100,1.6704
1738261991.652667,1897765.000,46226,1,SF,1,100,1.6510
1738261991.919678,1898032.000,46276,1,SF,1,100,1.6319
1738261992.252692,1898365.000,46327,1,SF,1,100,1.6131
1738261992.652708,1898765.000,46393,1,SF,1,100,1.5944
1738261992.918719,1899031.000,46444,1,SF,1,100,1.5760
1738261993.252733,1899365.000,46493,1,SF,1,100,1.5577
1738261993.585747,1899698.000,46549,1,SF,1,100,1.5397
1738261993.918760,1900031.000,46598,1,SF,1,100,1.5219
1738261994.318777,1900431.000,46664,1,SF,1,100,1.5043
1738261994.651791,1900764.000,46714,1,SF,1,100,1.4869
1738261994.918802,1901031.000,46764,1,SF,1,100,1.4697
1738261995.251815,1901364.000,46814,1,SF,1,100,1.4527
1738261995.651832,1901764.000,46882,1,SF,1,100,1.4359
1738261995.918843,1902031.000,46931,1,SF,1,100,1.4193
1738261996.251857,1902364.000,46981,1,SF,1,100,1.4028
1738261996.651873,1902764.000,47048,1,SF,1,100,1.3866
1738261996.985887,1903098.000,47097,1,SF,1,100,1.3706
1738261997.251898,1903364.000,47147,1,SF,1,100,1.3547
1738261997.584912,1903697.000,47196,1,SF,1,100,1.3391
1738261997.984928,1904097.000,47262,1,SF,1,100,1.3236
1738261998.251939,1904364.000,47315,1,SF,1,100,1.3083
1738261998.651956,1904764.000,47369,1,SF,1,100,1.2931
1738261998.918967,1905031.000,47419,1,SF,1,100,1.2782
1738261999.251981,1905364.000,47468,1,SF,1,100,1.2634
1738261999.584994,1905697.000,47520,1,SF,1,100,1.2488
1738261999.985011,1906097.000,47586,1,SF,1,100,1.2343
1738262000.252022,1906364.000,47636,1,SF,1,100,1.2200
1738262000.585036,1906697.000,47688,1,SF,1,100,1.2059
1738262000.985052,1907097.000,47756,1,SF,1,100,1.1920
1738262001.318066,1907430.000,47805,1,SF,1,100,1.1782
1738262001.585077,1907697.000,47856,1,SF,1,100,1.1646
1738262001.918091,1908030.000,47905,1,SF,1,100,1.1511
1738262002.319107,1908431.000,47973,1,SF,1,100,1.1378
1738262002.585118,1908697.000,48023,1,SF,1,100,1.1246
1738262002.918132,1909030.000,48072,1,SF,1,100,1.1116
1738262003.318149,1909430.000,48141,1,SF,1,100,1.0987
1738262003.651162,1909763.000,48196,1,SF,1,100,1.0860
1738262003.985176,1910097.000,48245,1,SF,1,100,1.0735
1738262004.252187,1910364.000,48298,1,SF,1,100,1.0610
1738262004.585201,1910697.000,48347,1,SF,1,100,1.0488
1738262004.918215,1911030.000,48397,1,SF,1,100,1.0366
1738262005.318231,1911430.000,48465,1,SF,1,100,1.0246
1738262005.585242,1911697.000,48517,1,SF,1,100,1.0128
1738262005.918256,1912030.000,48567,1,SF,1,100,1.0011
1738262006.318272,1912430.000,48633,1,SF,1,100,0.9895
1738262006.585284,1912697.000,48682,1,SF,1,100,0.9780
1738262006.918297,1913030.000,48733,1,SF,1,100,0.9667
1738262007.251311,1913363.000,48782,1,SF,1,100,0.9556
1738262007.651328,1913763.000,48848,1,SF,1,100,0.9445
1738262007.918339,1914030.000,48898,1,SF,1,100,0.9336
1738262008.251352,1914363.000,48947,1,SF,1,100,0.9228
1738262008.651369,1914763.000,49013,1,SF,1,100,0.9121
1738262008.918380,1915030.000,49052,1,SF,1,100,0.9015
1738262009.318396,1915430.000,49118,1,SF,1,100,0.8911
1738262009.584407,1915696.000,49169,1,SF,1,100,0.8808
1738262009.918421,1916030.000,49218,1,SF,1,100,0.8706
1738262010.318438,1916430.000,49286,1,SF,1,100,0.8605
1738262010.584449,1916696.000,49336,1,SF,1,100,0.8506
1738262010.917462,1917029.000,49386,1,SF,1,100,0.8408
1738262011.251476,1917363.000,49436,1,SF,1,100,0.8310
1738262011.651493,1917763.000,49504,1,SF,1,100,0.8214
1738262011.918504,1918030.000,49553,1,SF,1,100,0.8119
1738262012.251518,1918363.000,49603,1,SF,1,100,0.8025
1738262012.651534,1918763.000,49669,1,SF,1,100,0.7932
1738262012.917545,1919029.000,49721,1,SF,1,100,0.7841
1738262013.251559,1919363.000,49771,1,SF,1,100,0.7750
1738262013.584573,1919696.000,49820,1,SF,1,100,0.7660
1738262013.917586,1920029.000,49874,1,SF,1,100,0.7572
1738262014.317603,1920429.000,49942,1,SF,1,100,0.7484
1738262014.650617,1920762.000,49991,1,SF,1,100,0.7397
1738262014.917628,1921029.000,50042,1,SF,1,100,0.7312
1738262015.250641,1921362.000,50091,1,SF,1,100,0.7227
1738262015.650658,1921762.000,50161,1,SF,1,100,0.7144
1738262015.917669,1922029.000,50211,1,SF,1,100,0.7061
1738262016.250683,1922362.000,50260,1,SF,1,100,0.6979
1738262016.650699,1922762.000,50327,1,SF,1,100,0.6899
1738262016.984713,1923096.000,50377,1,SF,1,100,0.6819
1738262017.250724,1923362.000,50426,1,SF,1,100,0.6740
1738262017.584738,1923696.000,50478,1,SF,1,100,0.6662
1738262017.983754,1924095.000,50544,1,SF,1,100,0.6585
1738262018.250765,1924362.000,50594,1,SF,1,100,0.6509
1738262018.583779,1924695.000,50644,1,SF,1,100,0.6433
1738262019.050798,1925162.000,50717,1,SF,1,100,0.6359
1738262019.250807,1925362.000,50751,1,SF,1,100,0.6285
1738262019.650823,1925762.000,50819,1,SF,1,100,0.6213
1738262019.983837,1926095.000,50868,1,SF,1,100,0.6141
1738262020.250848,1926362.000,50921,1,SF,1,100,0.6070
1738262020.583862,1926695.000,50972,1,SF,1,100,0.6000
1738262020.983878,1927095.000,51038,1,SF,1,100,0.5930
1738262021.250889,1927362.000,51088,1,SF,1,100,0.5862
1738262021.583903,1927695.000,51137,1,SF,1,100,0.5794
1738262021.983920,1928095.000,51204,1,SF,1,100,0.5727
1738262022.316933,1928428.000,51254,1,SF,1,100,0.5661
1738262022.583944,1928695.000,51305,1,SF,1,100,0.5595
1738262022.916958,1929028.000,51355,1,SF,1,100,0.5530
1738262023.316975,1929428.000,51421,1,SF,1,100,0.5466
1738262023.583986,1929695.000,51471,1,SF,1,100,0.5403
1738262023.916999,1930028.000,51523,1,SF,1,100,0.5341
1738262024.251013,1930362.000,51578,1,SF,1,100,0.5279
1738262024.584027,1930695.000,51628,1,SF,1,100,0.5218
1738262024.917041,1931028.000,51677,1,SF,1,100,0.5157
1738262025.317057,1931428.000,51747,1,SF,1,100,0.5098
1738262025.584068,1931695.000,51798,1,SF,1,100,0.5039
1738262025.917082,1932028.000,51847,1,SF,1,100,0.4980
1738262026.317099,1932428.000,51913,1,SF,1,100,0.4923
1738262026.650112,1932761.000,51965,1,SF,1,100,0.4866
1738262026.917123,1933028.000,52015,1,SF,1,100,0.4810
1738262027.250137,1933361.000,52065,1,SF,1,100,0.4754
1738262027.650154,1933761.000,52131,1,SF,1,100,0.4699
1738262027.917165,1934028.000,52180,1,SF,1,100,0.4645
1738262028.250178,1934361.000,52231,1,SF,1,100,0.4591
1738262028.583192,1934694.000,52280,1,SF,1,100,0.4538
1738262028.983209,1935094.000,52348,1,SF,1,100,0.4485
1738262029.250220,1935361.000,52387,1,SF,1,100,0.4433
1738262029.583233,1935694.000,52437,1,SF,1,100,0.4382
1738262029.917247,1936028.000,52487,1,SF,1,100,0.4331
1738262030.317264,1936428.000,52555,1,SF,1,100,0.4281
1738262030.583275,1936694.000,52604,1,SF,1,100,0.4232
1738262030.917289,1937028.000,52654,1,SF,1,100,0.4183
1738262031.316305,1937427.000,52722,1,SF,1,100,0.4134
1738262031.583316,1937694.000,52772,1,SF,1,100,0.4087
1738262031.916330,1938027.000,52822,1,SF,1,100,0.4039
1738262032.250344,1938361.000,52871,1,SF,1,100,0.3993
1738262032.650360,1938761.000,52937,1,SF,1,100,0.3946
1738262032.916371,1939027.000,52988,1,SF,1,100,0.3901
1738262033.250385,1939361.000,53041,1,SF,1,100,0.3856
1738262033.650401,1939761.000,53107,1,SF,1,100,0.3811
1738262033.916412,1940027.000,53159,1,SF,1,100,0.3767
1738262034.249426,1940360.000,53209,1,SF,1,100,0.3723
1738262034.583440,1940694.000,53262,1,SF,1,100,0.3680
1738262034.916454,1941027.000,53314,1,SF,1,100,0.3638
1738262035.249467,1941360.000,53364,1,SF,1,100,0.3596
1738262035.649484,1941760.000,53432,1,SF,1,100,0.3554
1738262035.916495,1942027.000,53483,1,SF,1,100,0.3513
1738262036.249509,1942360.000,53533,1,SF,1,100,0.3472
1738262036.649525,1942760.000,53599,1,SF,1,100,0.3432
1738262036.916536,1943027.000,53651,1,SF,1,100,0.3392
1738262037.249550,1943360.000,53701,1,SF,1,100,0.3353
1738262037.582564,1943693.000,53750,1,SF,1,100,0.3314
1738262037.982580,1944093.000,53818,1,SF,1,100,0.3276
1738262038.249591,1944360.000,53869,1,SF,1,100,0.3238
1738262038.582605,1944693.000,53918,1,SF,1,100,0.3201
1738262038.982622,1945093.000,53984,1,SF,1,100,0.3164
1738262039.249633,1945360.000,54036,1,SF,1,100,0.3127
1738262039.649649,1945760.000,54093,1,SF,1,100,0.3091
1738262039.916660,1946027.000,54143,1,SF,1,100,0.3055
1738262040.249674,1946360.000,54193,1,SF,1,100,0.3020
1738262040.582688,1946693.000,54247,1,SF,1,100,0.2985
1738262040.982704,1947093.000,54313,1,SF,1,100,0.2950
1738262041.249715,1947360.000,54362,1,SF,1,100,0.2916
1738262041.582729,1947693.000,54415,1,SF,1,100,0.2883
1738262041.982746,1948093.000,54481,1,SF,1,100,0.2849
1738262042.315759,1948426.000,54530,1,SF,1,100,0.2816
1738262042.582770,1948693.000,54580,1,SF,1,100,0.2784
1738262042.915784,1949026.000,54631,1,SF,1,100,0.2751
1738262043.315801,1949426.000,54697,1,SF,1,100,0.2720
1738262043.582812,1949693.000,54748,1,SF,1,100,0.2688
1738262043.915825,1950026.000,54799,1,SF,1,100,0.2657
1738262044.248839,1950359.000,54849,1,SF,1,100,0.2626
1738262044.648856,1950759.000,54920,1,SF,1,100,0.2596
1738262044.915867,1951026.000,54953,1,SF,1,100,0.2566
1738262045.315883,1951426.000,55021,1,SF,1,100,0.2536
1738262045.582894,1951693.000,55071,1,SF,1,100,0.2507
1738262045.915908,1952026.000,55121,1,SF,1,100,0.2478
1738262046.315925,1952426.000,55187,1,SF,1,100,0.2449
1738262046.582936,1952693.000,55236,1,SF,1,100,0.2421
1738262046.915949,1953026.000,55287,1,SF,1,100,0.2393
1738262047.248963,1953359.000,55336,1,SF,1,100,0.2365
1738262047.648980,1953759.000,55402,1,SF,1,100,0.2338
1738262047.915991,1954026.000,55452,1,SF,1,100,0.2311
1738262048.249004,1954359.000,55501,1,SF,1,100,0.2284
1738262048.649021,1954759.000,55569,1,SF,1,100,0.2258
1738262048.916032,1955026.000,55620,1,SF,1,100,0.2232
1738262049.249046,1955359.000,55669,1,SF,1,100,0.2206
1738262049.582059,1955692.000,55719,1,SF,1,100,0.2180
1738262049.916073,1956026.000,55774,1,SF,1,100,0.2155
1738262050.316090,1956426.000,55842,1,SF,1,100,0.2130
1738262050.649103,1956759.000,55892,1,SF,1,100,0.2105
1738262050.915114,1957025.000,55942,1,SF,1,100,0.2081
1738262051.249128,1957359.000,55994,1,SF,1,100,0.2057
1738262051.649145,1957759.000,56060,1,SF,1,100,0.2033
1738262051.915156,1958025.000,56109,1,SF,1,100,0.2010
1738262052.249170,1958359.000,56162,1,SF,1,100,0.1986
1738262052.582183,1958692.000,56211,1,SF,1,100,0.1963
1738262052.982200,1959092.000,56277,1,SF,1,100,0.1941
1738262053.249211,1959359.000,56327,1,SF,1,100,0.1918
1738262053.582225,1959692.000,56378,1,SF,1,100,0.1896
1738262053.982241,1960092.000,56444,1,SF,1,100,0.1874
1738262054.248252,1960358.000,56495,1,SF,1,100,0.1852
1738262054.582266,1960692.000,56544,1,SF,1,100,0.1831
1738262054.915280,1961025.000,56599,1,SF,1,100,0.1810
1738262055.248293,1961358.000,56648,1,SF,1,100,0.1789
1738262055.582307,1961692.000,56700,1,SF,1,100,0.1768
1738262055.982324,1962092.000,56768,1,SF,1,100,0.1748
1738262056.248335,1962358.000,56818,1,SF,1,100,0.1728
1738262056.582349,1962692.000,56868,1,SF,1,100,0.1708
1738262056.982365,1963092.000,56934,1,SF,1,100,0.1688
1738262057.248376,1963358.000,56983,1,SF,1,100,0.1668
1738262057.581390,1963691.000,57034,1,SF,1,100,0.1649
1738262057.915404,1964025.000,57083,1,SF,1,100,0.1630
1738262058.315420,1964425.000,57149,1,SF,1,100,0.1611
1738262058.581431,1964691.000,57199,1,SF,1,100,0.1592
1738262058.915445,1965025.000,57248,1,SF,1,100,0.1574
1738262059.315461,1965425.000,57314,1,SF,1,100,0.1556
1738262059.582473,1965692.000,57365,1,SF,1,100,0.1538
1738262059.915486,1966025.000,57416,1,SF,1,100,0.1520
1738262060.248500,1966358.000,57474,1,SF,1,100,0.1502
1738262060.581514,1966691.000,57525,1,SF,1,100,0.1485
1738262060.914527,1967024.000,57577,1,SF,1,100,0.1468
1738262061.314544,1967424.000,57643,1,SF,1,100,0.1451
1738262061.581555,1967691.000,57695,1,SF,1,100,0.1434
1738262061.914569,1968024.000,57745,1,SF,1,100,0.1418
1738262062.314585,1968424.000,57811,1,SF,1,100,0.1401
1738262062.581596,1968691.000,57862,1,SF,1,100,0.1385
1738262062.914610,1969024.000,57913,1,SF,1,100,0.1369
1738262063.248624,1969358.000,57962,1,SF,1,100,0.1353
1738262063.648640,1969758.000,58030,1,SF,1,100,0.1337
1738262063.914651,1970024.000,58080,1,SF,1,100,0.1322
1738262064.247665,1970357.000,58129,1,SF,1,100,0.1307
1738262064.647682,1970757.000,58196,1,SF,1,100,0.1292
1738262064.981695,1971091.000,58246,1,SF,1,100,0.1277
1738262065.314709,1971424.000,58304,1,SF,1,100,0.1262
1738262065.581720,1971691.000,58355,1,SF,1,100,0.1247
1738262065.914734,1972024.000,58404,1,SF,1,100,0.1233
1738262066.314751,1972424.000,58472,1,SF,1,100,0.1219
1738262066.647764,1972757.000,58522,1,SF,1,100,0.1204
1738262066.914775,1973024.000,58572,1,SF,1,100,0.1190
1738262067.247789,1973357.000,58622,1,SF,1,100,0.1177
1738262067.647806,1973757.000,58690,1,SF,1,100,0.1163
1738262067.914817,1974024.000,58739,1,SF,1,100,0.1150
1738262068.247830,1974357.000,58790,1,SF,1,100,0.1136
1738262068.580844,1974690.000,58839,1,SF,1,100,0.1123
1738262068.980861,1975090.000,58907,1,SF,1,100,0.1110
1738262069.247872,1975357.000,58957,1,SF,1,100,0.1097
1738262069.580885,1975690.000,59006,1,SF,1,100,0.1085
1738262069.980902,1976090.000,59074,1,SF,1,100,0.1072
1738262070.314916,1976424.000,59130,1,SF,1,100,0.1060
1738262070.647929,1976757.000,59181,1,SF,1,100,0.1047
1738262070.914941,1977024.000,59232,1,SF,1,100,0.1035
1738262071.247954,1977357.000,59283,1,SF,1,100,0.1023
1738262071.580968,1977690.000,59333,1,SF,1,100,0.1012
1738262071.980985,1978090.000,59399,1,SF,1,100,0.1000
1738262072.247996,1978357.000,59449,1,SF,1,100,0.0988
1738262072.581009,1978690.000,59499,1,SF,1,100,0.0977
1738262072.981026,1979090.000,59565,1,SF,1,100,0.0966
1738262073.248037,1979357.000,59614,1,SF,1,100,0.0954
1738262073.581051,1979690.000,59665,1,SF,1,100,0.0943
1738262073.981067,1980090.000,59731,1,SF,1,100,0.0932
1738262074.314081,1980423.000,59780,1,SF,1,100,0.0922
1738262074.581092,1980690.000,59830,1,SF,1,100,0.0911
1738262074.914106,1981023.000,59879,1,SF,1,100,0.0900
1738262075.314122,1981423.000,59947,1,SF,1,100,0.0890
1738262075.581133,1981690.000,59986,1,SF,1,100,0.0880
1738262075.981150,1982090.000,60052,1,SF,1,100,0.0870
1738262076.247161,1982356.000,60103,1,SF,1,100,0.0859
1738262076.581175,1982690.000,60152,1,SF,1,100,0.0850
1738262076.981191,1983090.000,60218,1,SF,1,100,0.0840
1738262077.247202,1983356.000,60268,1,SF,1,100,0.0830
1738262077.580216,1983689.000,60318,1,SF,1,100,0.0820
1738262077.914230,1984023.000,60368,1,SF,1,100,0.0811
1738262078.314246,1984423.000,60434,1,SF,1,100,0.0802
1738262078.580257,1984689.000,60483,1,SF,1,100,0.0792
1738262078.914271,1985023.000,60535,1,SF,1,100,0.0783
1738262079.314287,1985423.000,60601,1,SF,1,100,0.0774
1738262079.580298,1985689.000,60653,1,SF,1,100,0.0765
1738262079.914312,1986023.000,60703,1,SF,1,100,0.0756
1738262080.247326,1986356.000,60752,1,SF,1,100,0.0747
1738262080.580340,1986689.000,60810,1,SF,1,100,0.0739
1738262080.980356,1987089.000,60878,1,SF,1,100,0.0730
1738262081.313370,1987422.000,60927,1,SF,1,100,0.0722
1738262081.580381,1987689.000,60978,1,SF,1,100,0.0713
1738262081.913395,1988022.000,61027,1,SF,1,100,0.0705
1738262082.313411,1988422.000,61095,1,SF,1,100,0.0697
1738262082.580422,1988689.000,61145,1,SF,1,100,0.0689
1738262082.913436,1989022.000,61195,1,SF,1,100,0.0681
1738262083.247450,1989356.000,61247,1,SF,1,100,0.0673
1738262083.647466,1989756.000,61313,1,SF,1,100,0.0665
1738262083.913477,1990022.000,61362,1,SF,1,100,0.0658
1738262084.246491,1990355.000,61412,1,SF,1,100,0.0650
1738262084.646508,1990755.000,61480,1,SF,1,100,0.0643
1738262084.913519,1991022.000,61530,1,SF,1,100,0.0635
1738262085.246532,1991355.000,61580,1,SF,1,100,0.0628
1738262085.580546,1991689.000,61631,1,SF,1,100,0.0621
1738262085.913560,1992022.000,61691,1,SF,1,100,0.0613
1738262086.313577,1992422.000,61757,1,SF,1,100,0.0606
1738262086.646590,1992755.000,61806,1,SF,1,100,0.0599
1738262086.913601,1993022.000,61857,1,SF,1,100,0.0592
1738262087.246615,1993355.000,61906,1,SF,1,100,0.0585
1738262087.646632,1993755.000,61972,1,SF,1,100,0.0579
1738262087.913643,1994022.000,62024,1,SF,1,100,0.0572
1738262088.246656,1994355.000,62074,1,SF,1,100,0.0565
1738262088.579670,1994688.000,62126,1,SF,1,100,0.0559
1738262088.979687,1995088.000,62192,1,SF,1,100,0.0552
1738262089.246698,1995355.000,62241,1,SF,1,100,0.0546
1738262089.579711,1995688.000,62291,1,SF,1,100,0.0540
1738262089.913725,1996022.000,62341,1,SF,1,100,0.0533
1738262090.313742,1996422.000,62409,1,SF,1,100,0.0527
1738262090.579753,1996688.000,62461,1,SF,1,100,0.0521
1738262090.913767,1997022.000,62500,1,SF,1,100,0.0515
1738262091.246780,1997355.000,62550,1,SF,1,100,0.0509
1738262091.646797,1997755.000,62618,1,SF,1,100,0.0503
1738262091.912808,1998021.000,62667,1,SF,1,100,0.0497
1738262092.246822,1998355.000,62717,1,SF,1,100,0.0492
1738262092.646838,1998755.000,62783,1,SF,1,100,0.0486
1738262092.912849,1999021.000,62835,1,SF,1,100,0.0480
1738262093.246863,1999355.000,62885,1,SF,1,100,0.0475
1738262093.579877,1999688.000,62934,1,SF,1,100,0.0469
1738262093.979893,2000088.000,63002,1,SF,1,100,0.0464
1738262094.245904,2000354.000,63053,1,SF,1,100,0.0459
1738262094.579918,2000688.000,63102,1,SF,1,100,0.0453
1738262094.979934,2001088.000,63168,1,SF,1,100,0.0448
1738262095.245945,2001354.000,63218,1,SF,1,100,0.0443
1738262095.579959,2001688.000,63272,1,SF,1,100,0.0438
1738262095.912973,2002021.000,63327,1,SF,1,100,0.0433
1738262096.245987,2002354.000,63376,1,SF,1,100,0.0428
1738262096.646003,2002754.000,63444,1,SF,1,100,0.0423
1738262096.913014,2003021.000,63495,1,SF,1,100,0.0418
1738262097.246028,2003354.000,63544,1,SF,1,100,0.0413
1738262097.580042,2003688.000,63594,1,SF,1,100,0.0408
1738262097.980058,2004088.000,63660,1,SF,1,100,0.0403
1738262098.246069,2004354.000,63710,1,SF,1,100,0.0399
1738262098.579083,2004687.000,63760,1,SF,1,100,0.0394
1738262098.979100,2005087.000,63828,1,SF,1,100,0.0390
1738262099.246111,2005354.000,63877,1,SF,1,100,0.0385
1738262099.579124,2005687.000,63928,1,SF,1,100,0.0381
1738262099.913138,2006021.000,63977,1,SF,1,100,0.0376
1738262100.312155,2006420.000,64045,1,SF,1,100,0.0372
1738262100.579166,2006687.000,64095,1,SF,1,100,0.0368
1738262100.912179,2007020.000,64146,1,SF,1,100,0.0363
1738262101.246193,2007354.000,64202,1,SF,1,100,0.0359
1738262101.579207,2007687.000,64253,1,SF,1,100,0.0355
1738262101.979224,2008087.000,64319,1,SF,1,100,0.0351
1738262102.246235,2008354.000,64370,1,SF,1,100,0.0347
1738262102.579248,2008687.000,64419,1,SF,1,100,0.0343
1738262102.912262,2009020.000,64471,1,SF,1,100,0.0339
1738262103.312279,2009420.000,64537,1,SF,1,100,0.0335
1738262103.579290,2009687.000,64587,1,SF,1,100,0.0331
1738262103.912303,2010020.000,64637,1,SF,1,100,0.0327
1738262104.312320,2010420.000,64703,1,SF,1,100,0.0323
1738262104.579331,2010687.000,64752,1,SF,1,100,0.0320
1738262104.912345,2011020.000,64803,1,SF,1,100,0.0316
1738262105.245358,2011353.000,64852,1,SF,1,100,0.0312
1738262105.645375,2011753.000,64920,1,SF,1,100,0.0309
1738262105.912386,2012020.000,64970,1,SF,1,100,0.0305
1738262106.245400,2012353.000,65025,1,SF,1,100,0.0302
1738262106.579414,2012687.000,65077,1,SF,1,100,0.0298
1738262106.912427,2013020.000,65126,1,SF,1,100,0.0295
1738262107.312444,2013420.000,65192,1,SF,1,100,0.0291
1738262107.578455,2013686.000,65245,1,SF,1,100,0.0288
1738262107.912469,2014020.000,65294,1,SF,1,100,0.0285
1738262108.312485,2014420.000,65360,1,SF,1,100,0.0281
1738262108.578496,2014686.000,65410,1,SF,1,100,0.0278
1738262108.912510,2015020.000,65460,1,SF,1,100,0.0275
1738262109.245524,2015353.000,65510,1,SF,1,100,0.0272
1738262109.645540,2015753.000,40,1,SF,1,100,0.0268
1738262109.912551,2016020.000,91,1,SF,1,100,0.0265
1738262110.245565,2016353.000,141,1,SF,1,100,0.0262
1738262110.645581,2016753.000,210,1,SF,1,100,0.0259
1738262110.978595,2017086.000,259,1,SF,1,100,0.0256
1738262111.245606,2017353.000,316,1,SF,1,100,0.0253
1738262111.578620,2017686.000,365,1,SF,1,100,0.0250
1738262111.978637,2018086.000,431,1,SF,1,100,0.0247
1738262112.245648,2018353.000,482,1,SF,1,100,0.0245
1738262112.578661,2018686.000,533,1,SF,1,100,0.0242
1738262112.911675,2019019.000,583,1,SF,1,100,0.0239
1738262113.311692,2019419.000,649,1,SF,1,100,0.0236
1738262113.578703,2019686.000,701,1,SF,1,100,0.0233
1738262113.911716,2020019.000,751,1,SF,1,100,0.0231
1738262114.311733,2020419.000,817,1,SF,1,100,0.0228
1738262114.578744,2020686.000,866,1,SF,1,100,0.0225
1738262114.911758,2021019.000,917,1,SF,1,100,0.0223
1738262115.311774,2021419.000,987,1,SF,1,100,0.0220
1738262115.644788,2021752.000,1036,1,SF,1,100,0.0218
1738262115.911799,2022019.000,1086,1,SF,1,100,0.0215
1738262116.244813,2022352.000,1137,1,SF,1,100,0.0213
1738262116.578827,2022686.000,1191,1,SF,1,100,0.0210
1738262116.911840,2023019.000,1241,1,SF,1,100,0.0208
1738262117.311857,2023419.000,1308,1,SF,1,100,0.0205
1738262117.644871,2023752.000,1357,1,SF,1,100,0.0203
1738262117.911882,2024019.000,1407,1,SF,1,100,0.0201
1738262118.244895,2024352.000,1456,1,SF,1,100,0.0198
1738262118.644912,2024752.000,1522,1,SF,1,100,0.0196
1738262118.911923,2025019.000,1573,1,SF,1,100,0.0194
1738262119.244937,2025352.000,1622,1,SF,1,100,0.0192
1738262119.644953,2025752.000,1688,1,SF,1,100,0.0189
1738262119.977967,2026085.000,1738,1,SF,1,100,0.0187
1738262120.244978,2026352.000,1788,1,SF,1,100,0.0185
1738262120.577992,2026685.000,1840,1,SF,1,100,0.0183
1738262120.978008,2027085.000,1906,1,SF,1,100,0.0181
1738262121.245019,2027352.000,1955,1,SF,1,100,0.0179
1738262121.578033,2027685.000,2015,1,SF,1,100,0.0177
1738262121.911047,2028018.000,2064,1,SF,1,100,0.0175
1738262122.311064,2028418.000,2130,1,SF,1,100,0.0173
1738262122.578074,2028685.000,2180,1,SF,1,100,0.0171
1738262122.911088,2029018.000,2231,1,SF,1,100,0.0169
1738262123.311105,2029418.000,2297,1,SF,1,100,0.0167
1738262123.578116,2029685.000,2348,1,SF,1,100,0.0165
1738262123.911129,2030018.000,2397,1,SF,1,100,0.0163
1738262124.244143,2030351.000,2447,1,SF,1,100,0.0161
1738262124.644160,2030751.000,2515,1,SF,1,100,0.0159
1738262124.911171,2031018.000,2565,1,SF,1,100,0.0157
1738262125.244184,2031351.000,2615,1,SF,1,100,0.0155
1738262125.644201,2031751.000,2685,1,SF,1,100,0.0154
1738262125.911212,2032018.000,2734,1,SF,1,100,0.0152
1738262126.244226,2032351.000,2785,1,SF,1,100,0.0150
1738262126.578240,2032685.000,2839,1,SF,1,100,0.0148
1738262126.977256,2033084.000,2907,1,SF,1,100,0.0147
1738262127.244267,2033351.000,2957,1,SF,1,100,0.0145
1738262127.577281,2033684.000,3007,1,SF,1,100,0.0143
1738262127.911295,2034018.000,3057,1,SF,1,100,0.0142
1738262128.311311,2034418.000,3123,1,SF,1,100,0.0140
1738262128.577322,2034684.000,3172,1,SF,1,100,0.0138
1738262128.911336,2035018.000,3224,1,SF,1,100,0.0137
1738262129.311352,2035418.000,3292,1,SF,1,100,0.0135
1738262129.577363,2035684.000,3342,1,SF,1,100,0.0134
1738262129.911377,2036018.000,3394,1,SF,1,100,0.0132
1738262130.244391,2036351.000,3443,1,SF,1,100,0.0131
1738262130.644408,2036751.000,3511,1,SF,1,100,0.0129
1738262130.910419,2037017.000,3566,1,SF,1,100,0.0127
1738262131.244432,2037351.000,3615,1,SF,1,100,0.0126
1738262131.644449,2037751.000,3681,1,SF,1,100,0.0125
1738262131.910460,2038017.000,3738,1,SF,1,100,0.0123
1738262132.244474,2038351.000,3788,1,SF,1,100,0.0122
1738262132.577487,2038684.000,3838,1,SF,1,100,0.0120
1738262132.977504,2039084.000,3904,1,SF,1,100,0.0119
1738262133.244515,2039351.000,3957,1,SF,1,100,0.0118
1738262133.577529,2039684.000,4007,1,SF,1,100,0.0116
1738262133.977545,2040084.000,4073,1,SF,1,100,0.0115
1738262134.244556,2040351.000,4125,1,SF,1,100,0.0113
1738262134.577570,2040684.000,4175,1,SF,1,100,0.0112
1738262134.910584,2041017.000,4224,1,SF,1,100,0.0111
1738262135.310600,2041417.000,4292,1,SF,1,100,0.0110
1738262135.577611,2041684.000,4345,1,SF,1,100,0.0108
1738262135.910625,2042017.000,4394,1,SF,1,100,0.0107
1738262136.243639,2042350.000,4444,1,SF,1,100,0.0106
1738262136.643655,2042750.000,4510,1,SF,1,100,0.0105
1738262136.910666,2043017.000,4549,1,SF,1,100,0.0103
1738262137.310683,2043417.000,4615,1,SF,1,100,0.0102
1738262137.577694,2043684.000,4666,1,SF,1,100,0.0101
1738262137.910708,2044017.000,4715,1,SF,1,100,0.0100
1738262138.310724,2044417.000,4783,1,SF,1,100,0.0099
1738262138.643738,2044750.000,4833,1,SF,1,100,0.0098
1738262138.910749,2045017.000,4883,1,SF,1,100,0.0096
1738262139.243763,2045350.000,4935,1,SF,1,100,0.0095
1738262139.643779,2045750.000,5001,1,SF,1,100,0.0094
1738262139.910790,2046017.000,5050,1,SF,1,100,0.0093
1738262140.243804,2046350.000,5101,1,SF,1,100,0.0092
1738262140.643821,2046750.000,5169,1,SF,1,100,0.0091
1738262140.976834,2047083.000,5218,1,SF,1,100,0.0090
1738262141.243845,2047350.000,5268,1,SF,1,100,0.0089
1738262141.576859,2047683.000,5317,1,SF,1,100,0.0088
1738262141.976876,2048083.000,5392,1,SF,1,100,0.0087
1738262142.243887,2048350.000,5443,1,SF,1,100,0.0086
1738262142.576900,2048683.000,5492,1,SF,1,100,0.0085
1738262142.909914,2049016.000,5542,1,SF,1,100,0.0084
1738262143.309931,2049416.000,5610,1,SF,1,100,0.0083
1738262143.576942,2049683.000,5660,1,SF,1,100,0.0082
1738262143.909956,2050016.000,5710,1,SF,1,100,0.0081
1738262144.309972,2050416.000,5776,1,SF,1,100,0.0080
1738262144.576983,2050683.000,5825,1,SF,1,100,0.0079
1738262144.909997,2051016.000,5876,1,SF,1,100,0.0078
1738262145.243011,2051349.000,5929,1,SF,1,100,0.0077
1738262145.643027,2051749.000,5997,1,SF,1,100,0.0076
1738262145.910038,2052016.000,6049,1,SF,1,100,0.0076
1738262146.243052,2052349.000,6099,1,SF,1,100,0.0075
1738262146.577066,2052683.000,6149,1,SF,1,100,0.0074
1738262146.976082,2053082.000,6217,1,SF,1,100,0.0073
1738262147.243093,2053349.000,6271,1,SF,1,100,0.0072
1738262147.576107,2053682.000,6321,1,SF,1,100,0.0071
1738262147.976124,2054082.000,6387,1,SF,1,100,0.0070
1738262148.243134,2054349.000,6439,1,SF,1,100,0.0070
1738262148.576148,2054682.000,6489,1,SF,1,100,0.0069
1738262148.910162,2055016.000,6538,1,SF,1,100,0.0068
1738262149.310179,2055416.000,6604,1,SF,1,100,0.0067
1738262149.576190,2055682.000,6657,1,SF,1,100,0.0066
1738262149.910203,2056016.000,6706,1,SF,1,100,0.0066
1738262150.310220,2056416.000,6774,1,SF,1,100,0.0065
1738262150.643234,2056749.000,6824,1,SF,1,100,0.0064
1738262150.909245,2057015.000,6876,1,SF,1,100,0.0063
1738262151.243258,2057349.000,6926,1,SF,1,100,0.0063
1738262151.643275,2057749.000,6992,1,SF,1,100,0.0062
1738262151.909286,2058015.000,7043,1,SF,1,100,0.0061
1738262152.243300,2058349.000,7099,1,SF,1,100,0.0061
1738262152.576313,2058682.000,7148,1,SF,1,100,0.0060
1738262152.976330,2059082.000,7214,1,SF,1,100,0.0059
1738262153.243341,2059349.000,7264,1,SF,1,100,0.0058
1738262153.576355,2059682.000,7315,1,SF,1,100,0.0058
1738262153.976371,2060082.000,7382,1,SF,1,100,0.0057
1738262154.243382,2060349.000,7432,1,SF,1,100,0.0056
1738262154.576396,2060682.000,7483,1,SF,1,100,0.0056
1738262154.909410,2061015.000,7533,1,SF,1,100,0.0055
1738262155.309426,2061415.000,7601,1,SF,1,100,0.0055
1738262155.576437,2061682.000,7651,1,SF,1,100,0.0054
1738262155.909451,2062015.000,7701,1,SF,1,100,0.0053
1738262156.309468,2062415.000,7767,1,SF,1,100,0.0053
1738262156.576479,2062682.000,7816,1,SF,1,100,0.0052
1738262156.909492,2063015.000,7867,1,SF,1,100,0.0051
1738262157.242506,2063348.000,7916,1,SF,1,100,0.0051
1738262157.642523,2063748.000,7987,1,SF,1,100,0.0050
1738262157.909534,2064015.000,8039,1,SF,1,100,0.0050
1738262158.242548,2064348.000,8088,1,SF,1,100,0.0049
1738262158.642564,2064748.000,8154,1,SF,1,100,0.0049
1738262158.909575,2065015.000,8207,1,SF,1,100,0.0048
1738262159.242589,2065348.000,8256,1,SF,1,100,0.0047
1738262159.575603,2065681.000,8306,1,SF,1,100,0.0047
1738262159.975619,2066081.000,8374,1,SF,1,100,0.0046
1738262160.242630,2066348.000,8424,1,SF,1,100,0.0046
1738262160.575644,2066681.000,8476,1,SF,1,100,0.0045
1738262160.975660,2067081.000,8542,1,SF,1,100,0.0045
1738262161.242671,2067348.000,8591,1,SF,1,100,0.0044
1738262161.575685,2067681.000,8642,1,SF,1,100,0.0044
1738262161.908699,2068014.000,8691,1,SF,1,100,0.0043
1738262162.308716,2068414.000,8757,1,SF,1,100,0.0043
1738262162.575727,2068681.000,8812,1,SF,1,100,0.0042
1738262162.908740,2069014.000,8863,1,SF,1,100,0.0042
1738262163.308757,2069414.000,8930,1,SF,1,100,0.0041
1738262163.575768,2069681.000,8980,1,SF,1,100,0.0041
1738262163.908782,2070014.000,9031,1,SF,1,100,0.0040
1738262164.241795,2070347.000,9081,1,SF,1,100,0.0040
1738262164.641812,2070747.000,9149,1,SF,1,100,0.0039
1738262164.908823,2071014.000,9201,1,SF,1,100,0.0039
1738262165.241837,2071347.000,9251,1,SF,1,100,0.0038
1738262165.641853,2071747.000,9321,1,SF,1,100,0.0038
1738262165.908864,2072014.000,9370,1,SF,1,100,0.0038
1738262166.241878,2072347.000,9421,1,SF,1,100,0.0037
1738262166.575892,2072681.000,9470,1,SF,1,100,0.0037
1738262166.974908,2073080.000,9536,1,SF,1,100,0.0036
1738262167.241919,2073347.000,9588,1,SF,1,100,0.0036
1738262167.575933,2073681.000,9643,1,SF,1,100,0.0035
1738262167.908947,2074014.000,9693,1,SF,1,100,0.0035
1738262168.308963,2074414.000,9759,1,SF,1,100,0.0035
1738262168.575974,2074681.000,9808,1,SF,1,100,0.0034
1738262168.908988,2075014.000,9861,1,SF,1,100,0.0034
1738262169.242002,2075347.000,9910,1,SF,1,100,0.0033
