LocalTimestamp,EmotiBitTimestamp,PacketNumber,DataLength,TypeTag,ProtocolVersion,DataReliability,T1
1738260743.585117,649749.000,37295,1,T1,1,100,33.164
1738260743.719122,649883.000,37312,1,T1,1,100,33.178
1738260743.852128,650016.000,37328,1,T1,1,100,33.077
1738260743.985133,650149.000,37361,1,T1,1,100,33.211
1738260744.119139,650283.000,37378,1,T1,1,100,33.197
1738260744.252144,650416.000,37394,1,T1,1,100,33.192
1738260744.385150,650549.000,37427,1,T1,1,100,33.225
1738260744.519155,650683.000,37444,1,T1,1,100,33.097
1738260744.652161,650816.000,37461,1,T1,1,100,33.113
1738260744.785166,650949.000,37493,1,T1,1,100,33.191
1738260744.919172,651083.000,37510,1,T1,1,100,33.260
1738260745.052177,651216.000,37527,1,T1,1,100,33.183
1738260745.185183,651349.000,37559,1,T1,1,100,33.257
1738260745.319188,651483.000,37577,1,T1,1,100,33.217
1738260745.452194,651616.000,37595,1,T1,1,100,33.271
1738260745.585199,651749.000,37612,1,T1,1,100,33.224
1738260745.718205,651882.000,37647,1,T1,1,100,33.310
1738260745.852210,652016.000,37663,1,T1,1,100,33.205
1738260745.985216,652149.000,37681,1,T1,1,100,33.230
1738260746.118221,652282.000,37713,1,T1,1,100,33.206
1738260746.252227,652416.000,37729,1,T1,1,100,33.231
1738260746.385232,652549.000,37747,1,T1,1,100,33.313
1738260746.518238,652682.000,37779,1,T1,1,100,33.135
1738260746.652243,652816.000,37796,1,T1,1,100,33.271
1738260746.785249,652949.000,37815,1,T1,1,100,33.117
1738260746.918254,653082.000,37848,1,T1,1,100,33.264
1738260747.052260,653216.000,37864,1,T1,1,100,33.256
1738260747.185265,653349.000,37881,1,T1,1,100,33.288
1738260747.318271,653482.000,37916,1,T1,1,100,33.231
1738260747.452276,653616.000,37932,1,T1,1,100,33.313
1738260747.585282,653749.000,37949,1,T1,1,100,33.313
1738260747.718287,653882.000,37966,1,T1,1,100,33.277
1738260747.852293,654016.000,37998,1,T1,1,100,33.262
1738260747.985298,654149.000,38018,1,T1,1,100,33.255
1738260748.118304,654282.000,38034,1,T1,1,100,33.394
1738260748.252309,654416.000,38067,1,T1,1,100,33.383
1738260748.385315,654549.000,38084,1,T1,1,100,33.201
1738260748.518320,654682.000,38100,1,T1,1,100,33.229
1738260748.651326,654815.000,38137,1,T1,1,100,33.312
1738260748.785331,654949.000,38153,1,T1,1,100,33.277
1738260748.918337,655082.000,38170,1,T1,1,100,33.262
1738260749.051342,655215.000,38187,1,T1,1,100,33.149
1738260749.185348,655349.000,38204,1,T1,1,100,33.171
1738260749.318353,655482.000,38239,1,T1,1,100,33.322
1738260749.451359,655615.000,38255,1,T1,1,100,33.352
1738260749.585365,655749.000,38272,1,T1,1,100,33.294
1738260749.718370,655882.000,38305,1,T1,1,100,33.340
1738260749.851375,656015.000,38321,1,T1,1,100,33.289
1738260749.985381,656149.000,38339,1,T1,1,100,33.231
1738260750.118387,656282.000,38371,1,T1,1,100,33.206
1738260750.251392,656415.000,38387,1,T1,1,100,33.231
1738260750.385397,656549.000,38407,1,T1,1,100,33.242
1738260750.518403,656682.000,38439,1,T1,1,100,33.246
1738260750.651408,656815.000,38456,1,T1,1,100,33.319
1738260750.785414,656949.000,38473,1,T1,1,100,33.280
1738260750.918420,657082.000,38506,1,T1,1,100,33.086
1738260751.051425,657215.000,38524,1,T1,1,100,33.250
1738260751.185431,657349.000,38541,1,T1,1,100,33.250
1738260751.318436,657482.000,38557,1,T1,1,100,33.250
1738260751.451442,657615.000,38590,1,T1,1,100,33.285
1738260751.585447,657749.000,38607,1,T1,1,100,33.265
1738260751.718453,657882.000,38624,1,T1,1,100,33.328
1738260751.851458,658015.000,38656,1,T1,1,100,33.319
1738260751.985464,658149.000,38674,1,T1,1,100,33.280
1738260752.118469,658282.000,38690,1,T1,1,100,33.298
1738260752.251475,658415.000,38723,1,T1,1,100,33.342
1738260752.384480,658548.000,38740,1,T1,1,100,33.290
1738260752.518486,658682.000,38756,1,T1,1,100,33.303
1738260752.651491,658815.000,38789,1,T1,1,100,33.308
1738260752.784497,658948.000,38806,1,T1,1,100,33.240
1738260752.918502,659082.000,38822,1,T1,1,100,33.316
1738260753.051508,659215.000,38840,1,T1,1,100,33.350
1738260753.184513,659348.000,38872,1,T1,1,100,33.293
1738260753.318519,659482.000,38889,1,T1,1,100,33.269
1738260753.451524,659615.000,38906,1,T1,1,100,33.152
1738260753.584530,659748.000,38939,1,T1,1,100,33.314
1738260753.718535,659882.000,38955,1,T1,1,100,33.349
1738260753.851541,660015.000,38977,1,T1,1,100,33.399
1738260753.984546,660148.000,38994,1,T1,1,100,33.279
1738260754.118552,660282.000,39026,1,T1,1,100,33.369
1738260754.251557,660415.000,39045,1,T1,1,100,33.301
1738260754.384563,660548.000,39062,1,T1,1,100,33.343
1738260754.518568,660682.000,39079,1,T1,1,100,33.290
1738260754.651574,660815.000,39112,1,T1,1,100,33.374
1738260754.784579,660948.000,39128,1,T1,1,100,33.374
1738260754.918585,661082.000,39145,1,T1,1,100,33.339
1738260755.051590,661215.000,39178,1,T1,1,100,33.360
1738260755.184596,661348.000,39194,1,T1,1,100,33.262
1738260755.318601,661482.000,39212,1,T1,1,100,33.397
1738260755.451607,661615.000,39246,1,T1,1,100,33.385
1738260755.584612,661748.000,39262,1,T1,1,100,33.308
1738260755.717618,661881.000,39280,1,T1,1,100,33.382
1738260755.851623,662015.000,39314,1,T1,1,100,33.413
1738260755.984629,662148.000,39331,1,T1,1,100,33.356
1738260756.117634,662281.000,39348,1,T1,1,100,33.296
1738260756.251640,662415.000,39364,1,T1,1,100,33.305
1738260756.384645,662548.000,39397,1,T1,1,100,33.380
1738260756.517651,662681.000,39414,1,T1,1,100,33.342
1738260756.651656,662815.000,39430,1,T1,1,100,33.290
1738260756.784662,662948.000,39463,1,T1,1,100,33.267
1738260756.917667,663081.000,39480,1,T1,1,100,33.293
1738260757.051673,663215.000,39497,1,T1,1,100,33.375
1738260757.184678,663348.000,39529,1,T1,1,100,33.375
1738260757.317684,663481.000,39547,1,T1,1,100,33.340
1738260757.451689,663615.000,39563,1,T1,1,100,33.360
1738260757.584695,663748.000,39596,1,T1,1,100,33.297
1738260757.717700,663881.000,39613,1,T1,1,100,33.412
1738260757.851706,664015.000,39629,1,T1,1,100,33.498
1738260757.984711,664148.000,39662,1,T1,1,100,33.428
1738260758.117717,664281.000,39679,1,T1,1,100,33.362
1738260758.251722,664415.000,39697,1,T1,1,100,33.370
1738260758.384728,664548.000,39715,1,T1,1,100,33.479
1738260758.517733,664681.000,39747,1,T1,1,100,33.385
1738260758.651739,664815.000,39764,1,T1,1,100,33.450
1738260758.784745,664948.000,39781,1,T1,1,100,33.372
1738260758.917750,665081.000,39821,1,T1,1,100,33.480
1738260759.051755,665215.000,39837,1,T1,1,100,33.350
1738260759.184761,665348.000,39854,1,T1,1,100,33.470
1738260759.317766,665481.000,39871,1,T1,1,100,33.452
1738260759.450772,665614.000,39888,1,T1,1,100,33.444
1738260759.584778,665748.000,39921,1,T1,1,100,33.440
1738260759.717783,665881.000,39937,1,T1,1,100,33.368
1738260759.850789,666014.000,39954,1,T1,1,100,33.301
1738260759.984794,666148.000,39987,1,T1,1,100,33.378
1738260760.117800,666281.000,40003,1,T1,1,100,33.412
1738260760.250805,666414.000,40020,1,T1,1,100,33.320
1738260760.384810,666548.000,40055,1,T1,1,100,33.351
1738260760.517816,666681.000,40071,1,T1,1,100,33.400
1738260760.650821,666814.000,40089,1,T1,1,100,33.457
1738260760.784827,666948.000,40123,1,T1,1,100,33.304
1738260760.917833,667081.000,40139,1,T1,1,100,33.380
1738260761.050838,667214.000,40157,1,T1,1,100,33.377
1738260761.184844,667348.000,40189,1,T1,1,100,33.447
1738260761.317849,667481.000,40206,1,T1,1,100,33.512
1738260761.450855,667614.000,40223,1,T1,1,100,33.505
1738260761.584860,667748.000,40239,1,T1,1,100,33.502
1738260761.717866,667881.000,40272,1,T1,1,100,33.466
1738260761.850871,668014.000,40289,1,T1,1,100,33.485
1738260761.983876,668147.000,40306,1,T1,1,100,33.494
1738260762.117882,668281.000,40338,1,T1,1,100,33.497
1738260762.250888,668414.000,40357,1,T1,1,100,33.392
1738260762.384893,668548.000,40374,1,T1,1,100,33.418
1738260762.517899,668681.000,40406,1,T1,1,100,33.500
1738260762.650904,668814.000,40424,1,T1,1,100,33.500
1738260762.783910,668947.000,40440,1,T1,1,100,33.429
1738260762.917915,669081.000,40473,1,T1,1,100,33.327
1738260763.050921,669214.000,40490,1,T1,1,100,33.354
1738260763.183926,669347.000,40506,1,T1,1,100,33.402
1738260763.317932,669481.000,40539,1,T1,1,100,33.351
1738260763.450937,669614.000,40556,1,T1,1,100,33.436
1738260763.583943,669747.000,40572,1,T1,1,100,33.366
1738260763.717948,669881.000,40590,1,T1,1,100,33.442
1738260763.850954,670014.000,40622,1,T1,1,100,33.404
1738260763.983959,670147.000,40639,1,T1,1,100,33.352
1738260764.117965,670281.000,40661,1,T1,1,100,33.365
1738260764.250970,670414.000,40677,1,T1,1,100,33.406
1738260764.383976,670547.000,40710,1,T1,1,100,33.459
1738260764.517981,670681.000,40729,1,T1,1,100,33.447
1738260764.650987,670814.000,40746,1,T1,1,100,33.548
1738260764.783992,670947.000,40778,1,T1,1,100,33.485
1738260764.917998,671081.000,40795,1,T1,1,100,33.387
1738260765.051003,671214.000,40812,1,T1,1,100,33.451
1738260765.184009,671347.000,40829,1,T1,1,100,33.479
1738260765.318014,671481.000,40862,1,T1,1,100,33.455
1738260765.451020,671614.000,40880,1,T1,1,100,33.516
1738260765.584025,671747.000,40897,1,T1,1,100,33.578
1738260765.718031,671881.000,40930,1,T1,1,100,33.569
1738260765.851036,672014.000,40946,1,T1,1,100,33.565
1738260765.984042,672147.000,40964,1,T1,1,100,33.457
1738260766.117047,672280.000,40996,1,T1,1,100,33.552
1738260766.251053,672414.000,41012,1,T1,1,100,33.558
1738260766.384058,672547.000,41030,1,T1,1,100,33.561
1738260766.517064,672680.000,41062,1,T1,1,100,33.420
1738260766.651069,672814.000,41079,1,T1,1,100,33.430
1738260766.784075,672947.000,41096,1,T1,1,100,33.505
1738260766.917080,673080.000,41129,1,T1,1,100,33.467
1738260767.051086,673214.000,41145,1,T1,1,100,33.486
1738260767.184091,673347.000,41162,1,T1,1,100,33.458
1738260767.317097,673480.000,41180,1,T1,1,100,33.517
1738260767.451102,673614.000,41213,1,T1,1,100,33.543
1738260767.584108,673747.000,41230,1,T1,1,100,33.412
1738260767.717113,673880.000,41247,1,T1,1,100,33.497
1738260767.851119,674014.000,41279,1,T1,1,100,33.499
1738260767.984124,674147.000,41297,1,T1,1,100,33.570
1738260768.117130,674280.000,41315,1,T1,1,100,33.601
1738260768.251135,674414.000,41348,1,T1,1,100,33.721
1738260768.384141,674547.000,41365,1,T1,1,100,33.560
1738260768.517146,674680.000,41381,1,T1,1,100,33.526
1738260768.650152,674813.000,41414,1,T1,1,100,33.582
1738260768.784158,674947.000,41433,1,T1,1,100,33.465
1738260768.917163,675080.000,41449,1,T1,1,100,33.449
1738260769.050169,675213.000,41482,1,T1,1,100,33.513
1738260769.184174,675347.000,41506,1,T1,1,100,33.577
1738260769.317179,675480.000,41523,1,T1,1,100,33.569
1738260769.450185,675613.000,41540,1,T1,1,100,33.459
1738260769.584191,675747.000,41558,1,T1,1,100,33.482
1738260769.717196,675880.000,41591,1,T1,1,100,33.599
1738260769.850202,676013.000,41608,1,T1,1,100,33.614
1738260769.984207,676147.000,41625,1,T1,1,100,33.514
1738260770.117213,676280.000,41657,1,T1,1,100,33.435
1738260770.250218,676413.000,41674,1,T1,1,100,33.401
1738260770.384223,676547.000,41693,1,T1,1,100,33.493
1738260770.517229,676680.000,41725,1,T1,1,100,33.426
1738260770.650234,676813.000,41743,1,T1,1,100,33.432
1738260770.784240,676947.000,41759,1,T1,1,100,33.435
1738260770.917246,677080.000,41776,1,T1,1,100,33.543
1738260771.050251,677213.000,41809,1,T1,1,100,33.589
1738260771.184257,677347.000,41825,1,T1,1,100,33.503
1738260771.317262,677480.000,41843,1,T1,1,100,33.466
1738260771.450268,677613.000,41875,1,T1,1,100,33.556
1738260771.584273,677747.000,41891,1,T1,1,100,33.560
1738260771.717279,677880.000,41909,1,T1,1,100,33.526
1738260771.850284,678013.000,41941,1,T1,1,100,33.582
1738260771.984290,678147.000,41958,1,T1,1,100,33.500
1738260772.117295,678280.000,41975,1,T1,1,100,33.606
1738260772.250301,678413.000,42008,1,T1,1,100,33.581
1738260772.383306,678546.000,42024,1,T1,1,100,33.535
1738260772.517312,678680.000,42041,1,T1,1,100,33.515
1738260772.650317,678813.000,42057,1,T1,1,100,33.578
1738260772.783323,678946.000,42090,1,T1,1,100,33.640
1738260772.917328,679080.000,42109,1,T1,1,100,33.667
1738260773.050334,679213.000,42126,1,T1,1,100,33.608
1738260773.183339,679346.000,42158,1,T1,1,100,33.511
1738260773.317345,679480.000,42176,1,T1,1,100,33.540
1738260773.450350,679613.000,42192,1,T1,1,100,33.517
1738260773.583356,679746.000,42225,1,T1,1,100,33.437
1738260773.717361,679880.000,42242,1,T1,1,100,33.437
1738260773.850367,680013.000,42258,1,T1,1,100,33.473
1738260773.983372,680146.000,42291,1,T1,1,100,33.559
1738260774.117378,680280.000,42308,1,T1,1,100,33.490
1738260774.250383,680413.000,42324,1,T1,1,100,33.460
1738260774.383389,680546.000,42345,1,T1,1,100,33.554
1738260774.517394,680680.000,42361,1,T1,1,100,33.559
1738260774.650400,680813.000,42394,1,T1,1,100,33.632
1738260774.783405,680946.000,42411,1,T1,1,100,33.592
1738260774.917411,681080.000,42427,1,T1,1,100,33.717
1738260775.050416,681213.000,42462,1,T1,1,100,33.665
1738260775.183422,681346.000,42479,1,T1,1,100,33.678
1738260775.317427,681480.000,42496,1,T1,1,100,33.577
1738260775.450433,681613.000,42530,1,T1,1,100,33.640
1738260775.583438,681746.000,42547,1,T1,1,100,33.560
1738260775.716444,681879.000,42564,1,T1,1,100,33.597
1738260775.850449,682013.000,42596,1,T1,1,100,33.613
1738260775.983455,682146.000,42614,1,T1,1,100,33.620
1738260776.117460,682280.000,42630,1,T1,1,100,33.587
1738260776.250466,682413.000,42647,1,T1,1,100,33.751
1738260776.383471,682546.000,42682,1,T1,1,100,33.715
1738260776.516477,682679.000,42698,1,T1,1,100,33.699
1738260776.650482,682813.000,42716,1,T1,1,100,33.728
1738260776.783488,682946.000,42748,1,T1,1,100,33.563
1738260776.916493,683079.000,42764,1,T1,1,100,33.598
1738260777.050499,683213.000,42782,1,T1,1,100,33.578
1738260777.183504,683346.000,42814,1,T1,1,100,33.605
1738260777.316510,683479.000,42831,1,T1,1,100,33.652
1738260777.450516,683613.000,42848,1,T1,1,100,33.601
1738260777.583521,683746.000,42881,1,T1,1,100,33.650
1738260777.716527,683879.000,42899,1,T1,1,100,33.600
1738260777.850532,684013.000,42916,1,T1,1,100,33.614
1738260777.983537,684146.000,42949,1,T1,1,100,33.549
1738260778.116543,684279.000,42965,1,T1,1,100,33.592
1738260778.250548,684413.000,42982,1,T1,1,100,33.646
1738260778.383554,684546.000,42999,1,T1,1,100,33.599
1738260778.516559,684679.000,43033,1,T1,1,100,33.578
1738260778.650565,684813.000,43053,1,T1,1,100,33.569
1738260778.783571,684946.000,43069,1,T1,1,100,33.601
1738260778.916576,685079.000,43102,1,T1,1,100,33.579
1738260779.050581,685213.000,43119,1,T1,1,100,33.534
1738260779.183587,685346.000,43135,1,T1,1,100,33.657
1738260779.316592,685479.000,43168,1,T1,1,100,33.639
1738260779.449598,685612.000,43190,1,T1,1,100,33.595
1738260779.583604,685746.000,43206,1,T1,1,100,33.648
1738260779.716609,685879.000,43224,1,T1,1,100,33.599
1738260779.849615,686012.000,43240,1,T1,1,100,33.578
1738260779.983620,686146.000,43275,1,T1,1,100,33.569
1738260780.116626,686279.000,43292,1,T1,1,100,33.565
1738260780.249631,686412.000,43308,1,T1,1,100,33.670
1738260780.383636,686546.000,43343,1,T1,1,100,33.645
1738260780.516642,686679.000,43360,1,T1,1,100,33.633
1738260780.649647,686812.000,43377,1,T1,1,100,33.700
1738260780.783653,686946.000,43409,1,T1,1,100,33.657
1738260780.916659,687079.000,43428,1,T1,1,100,33.674
1738260781.049664,687212.000,43445,1,T1,1,100,33.682
1738260781.183670,687346.000,43477,1,T1,1,100,33.614
1738260781.316675,687479.000,43495,1,T1,1,100,33.727
1738260781.449681,687612.000,43511,1,T1,1,100,33.669
1738260781.583686,687746.000,43528,1,T1,1,100,33.679
1738260781.716692,687879.000,43561,1,T1,1,100,33.613
1738260781.849697,688012.000,43577,1,T1,1,100,33.726
1738260781.983703,688146.000,43595,1,T1,1,100,33.740
1738260782.116708,688279.000,43629,1,T1,1,100,33.710
1738260782.249714,688412.000,43645,1,T1,1,100,33.697
1738260782.383719,688546.000,43663,1,T1,1,100,33.727
1738260782.516725,688679.000,43695,1,T1,1,100,33.811
1738260782.649730,688812.000,43712,1,T1,1,100,33.705
1738260782.782736,688945.000,43729,1,T1,1,100,33.660
1738260782.916741,689079.000,43762,1,T1,1,100,33.676
1738260783.049747,689212.000,43778,1,T1,1,100,33.682
1738260783.182752,689345.000,43797,1,T1,1,100,33.721
1738260783.316758,689479.000,43830,1,T1,1,100,33.666
1738260783.449763,689612.000,43846,1,T1,1,100,33.643
1738260783.582769,689745.000,43863,1,T1,1,100,33.668
1738260783.716774,689879.000,43880,1,T1,1,100,33.750
1738260783.849780,690012.000,43912,1,T1,1,100,33.644
1738260783.982785,690145.000,43932,1,T1,1,100,33.598
1738260784.116791,690279.000,43950,1,T1,1,100,33.649
1738260784.249796,690412.000,43983,1,T1,1,100,33.742
1738260784.382802,690545.000,44000,1,T1,1,100,33.782
1738260784.516807,690679.000,44016,1,T1,1,100,33.728
1738260784.649813,690812.000,44039,1,T1,1,100,33.670
1738260784.782818,690945.000,44055,1,T1,1,100,33.822
1738260784.916824,691079.000,44088,1,T1,1,100,33.816
1738260785.049829,691212.000,44105,1,T1,1,100,33.672
1738260785.182835,691345.000,44121,1,T1,1,100,33.716
1738260785.315840,691478.000,44158,1,T1,1,100,33.771
1738260785.449846,691612.000,44175,1,T1,1,100,33.795
1738260785.582851,691745.000,44191,1,T1,1,100,33.769
1738260785.715857,691878.000,44224,1,T1,1,100,33.829
1738260785.849862,692012.000,44241,1,T1,1,100,33.749
1738260785.982868,692145.000,44258,1,T1,1,100,33.749
1738260786.115873,692278.000,44275,1,T1,1,100,33.785
1738260786.249879,692412.000,44307,1,T1,1,100,33.730
1738260786.382884,692545.000,44324,1,T1,1,100,33.599
1738260786.515890,692678.000,44341,1,T1,1,100,33.614
1738260786.649895,692812.000,44376,1,T1,1,100,33.762
1738260786.782901,692945.000,44392,1,T1,1,100,33.649
1738260786.915906,693078.000,44409,1,T1,1,100,33.742
1738260787.049912,693212.000,44442,1,T1,1,100,33.675
1738260787.182917,693345.000,44458,1,T1,1,100,33.682
1738260787.315923,693478.000,44476,1,T1,1,100,33.756
1738260787.449929,693612.000,44508,1,T1,1,100,33.753
1738260787.582934,693745.000,44524,1,T1,1,100,33.645
1738260787.715940,693878.000,44542,1,T1,1,100,33.775
1738260787.849945,694012.000,44574,1,T1,1,100,33.761
1738260787.982950,694145.000,44593,1,T1,1,100,33.790
1738260788.115956,694278.000,44610,1,T1,1,100,33.661
1738260788.249961,694412.000,44626,1,T1,1,100,33.676
1738260788.382967,694545.000,44659,1,T1,1,100,33.718
1738260788.515972,694678.000,44676,1,T1,1,100,33.736
1738260788.649978,694812.000,44693,1,T1,1,100,33.709
1738260788.782984,694945.000,44725,1,T1,1,100,33.768
1738260788.915989,695078.000,44742,1,T1,1,100,33.722
1738260789.048995,695211.000,44759,1,T1,1,100,33.809
1738260789.183000,695345.000,44793,1,T1,1,100,33.811
1738260789.316005,695478.000,44811,1,T1,1,100,33.741
1738260789.449011,695611.000,44829,1,T1,1,100,33.675
1738260789.583017,695745.000,44862,1,T1,1,100,33.753
1738260789.716022,695878.000,44886,1,T1,1,100,33.787
1738260789.849028,696011.000,44902,1,T1,1,100,33.766
1738260789.983033,696145.000,44920,1,T1,1,100,33.757
1738260790.116039,696278.000,44936,1,T1,1,100,33.753
1738260790.249044,696411.000,44969,1,T1,1,100,33.858
1738260790.383049,696545.000,44988,1,T1,1,100,33.761
1738260790.516055,696678.000,45004,1,T1,1,100,33.684
1738260790.649060,696811.000,45039,1,T1,1,100,33.686
1738260790.783066,696945.000,45056,1,T1,1,100,33.758
1738260790.916072,697078.000,45072,1,T1,1,100,33.860
1738260791.049077,697211.000,45090,1,T1,1,100,33.797
1738260791.183083,697345.000,45122,1,T1,1,100,33.735
1738260791.316088,697478.000,45139,1,T1,1,100,33.673
1738260791.449094,697611.000,45156,1,T1,1,100,33.787
1738260791.583099,697745.000,45191,1,T1,1,100,33.802
1738260791.716105,697878.000,45207,1,T1,1,100,33.772
1738260791.849110,698011.000,45224,1,T1,1,100,33.760
1738260791.983116,698145.000,45257,1,T1,1,100,33.825
1738260792.116121,698278.000,45273,1,T1,1,100,33.818
1738260792.249127,698411.000,45290,1,T1,1,100,33.779
1738260792.382132,698544.000,45323,1,T1,1,100,33.727
1738260792.516138,698678.000,45339,1,T1,1,100,33.740
1738260792.649143,698811.000,45357,1,T1,1,100,33.852
1738260792.782149,698944.000,45391,1,T1,1,100,33.865
1738260792.916154,699078.000,45407,1,T1,1,100,33.800
1738260793.049160,699211.000,45425,1,T1,1,100,33.807
1738260793.182165,699344.000,45457,1,T1,1,100,33.916
1738260793.316171,699478.000,45474,1,T1,1,100,33.857
1738260793.449176,699611.000,45491,1,T1,1,100,33.761
1738260793.582182,699744.000,45507,1,T1,1,100,33.790
1738260793.716187,699878.000,45540,1,T1,1,100,33.767
1738260793.849193,700011.000,45557,1,T1,1,100,33.758
1738260793.982198,700144.000,45574,1,T1,1,100,33.753
1738260794.116204,700278.000,45606,1,T1,1,100,33.787
1738260794.249209,700411.000,45623,1,T1,1,100,33.695
1738260794.382215,700544.000,45640,1,T1,1,100,33.797
1738260794.516220,700678.000,45672,1,T1,1,100,33.735
1738260794.649226,700811.000,45690,1,T1,1,100,33.850
1738260794.782231,700944.000,45706,1,T1,1,100,33.829
1738260794.916237,701078.000,45726,1,T1,1,100,33.819
1738260795.049242,701211.000,45743,1,T1,1,100,33.851
1738260795.182248,701344.000,45775,1,T1,1,100,33.758
1738260795.315253,701477.000,45795,1,T1,1,100,33.754
1738260795.449259,701611.000,45813,1,T1,1,100,33.716
1738260795.582264,701744.000,45846,1,T1,1,100,33.806
1738260795.716270,701878.000,45863,1,T1,1,100,33.845
1738260795.849275,702011.000,45879,1,T1,1,100,33.756
1738260795.982281,702144.000,45912,1,T1,1,100,33.788
1738260796.115286,702277.000,45931,1,T1,1,100,33.766
1738260796.249292,702411.000,45947,1,T1,1,100,33.722
1738260796.382297,702544.000,45980,1,T1,1,100,33.809
1738260796.515303,702677.000,45997,1,T1,1,100,33.775
1738260796.649308,702811.000,46014,1,T1,1,100,33.761
1738260796.782314,702944.000,46046,1,T1,1,100,33.755
1738260796.915319,703077.000,46063,1,T1,1,100,33.646
1738260797.049325,703211.000,46080,1,T1,1,100,33.740
1738260797.182330,703344.000,46097,1,T1,1,100,33.852
1738260797.315336,703477.000,46132,1,T1,1,100,33.865
1738260797.449342,703611.000,46148,1,T1,1,100,33.835
1738260797.582347,703744.000,46165,1,T1,1,100,33.858
1738260797.715353,703877.000,46198,1,T1,1,100,33.868
1738260797.849358,704011.000,46214,1,T1,1,100,33.730
1738260797.982363,704144.000,46232,1,T1,1,100,33.741
1738260798.115369,704277.000,46264,1,T1,1,100,33.817
1738260798.249374,704411.000,46280,1,T1,1,100,33.779
1738260798.382380,704544.000,46298,1,T1,1,100,33.869
1738260798.515385,704677.000,46332,1,T1,1,100,33.872
1738260798.649391,704811.000,46349,1,T1,1,100,33.909
1738260798.782397,704944.000,46366,1,T1,1,100,33.890
1738260798.915402,705077.000,46399,1,T1,1,100,33.846
1738260799.048408,705210.000,46415,1,T1,1,100,33.827
1738260799.182413,705344.000,46432,1,T1,1,100,33.783
1738260799.315418,705477.000,46448,1,T1,1,100,33.800
1738260799.448424,705610.000,46483,1,T1,1,100,33.807
1738260799.582430,705744.000,46500,1,T1,1,100,33.775
1738260799.715435,705877.000,46517,1,T1,1,100,33.832
1738260799.848441,706010.000,46549,1,T1,1,100,33.785
1738260799.982446,706144.000,46572,1,T1,1,100,33.801
1738260800.115452,706277.000,46588,1,T1,1,100,33.701
1738260800.248457,706410.000,46605,1,T1,1,100,33.835
1738260800.382463,706544.000,46622,1,T1,1,100,33.822
1738260800.515468,706677.000,46656,1,T1,1,100,33.888
1738260800.648474,706810.000,46674,1,T1,1,100,33.845
1738260800.782479,706944.000,46692,1,T1,1,100,33.791
1738260800.915485,707077.000,46725,1,T1,1,100,33.697
1738260801.048490,707210.000,46742,1,T1,1,100,33.833
1738260801.182496,707344.000,46758,1,T1,1,100,33.892
1738260801.315501,707477.000,46791,1,T1,1,100,33.812
1738260801.448507,707610.000,46808,1,T1,1,100,33.777
1738260801.582512,707744.000,46824,1,T1,1,100,33.868
1738260801.715518,707877.000,46857,1,T1,1,100,33.907
1738260801.848523,708010.000,46874,1,T1,1,100,33.854
1738260801.981529,708143.000,46891,1,T1,1,100,33.901
1738260802.115534,708277.000,46908,1,T1,1,100,33.886
1738260802.248540,708410.000,46942,1,T1,1,100,33.844
1738260802.382545,708544.000,46959,1,T1,1,100,33.862
1738260802.515551,708677.000,46976,1,T1,1,100,33.905
1738260802.648556,708810.000,47009,1,T1,1,100,33.817
1738260802.781562,708943.000,47025,1,T1,1,100,33.850
1738260802.915567,709077.000,47042,1,T1,1,100,33.793
1738260803.048573,709210.000,47075,1,T1,1,100,33.733
1738260803.181578,709343.000,47091,1,T1,1,100,33.672
1738260803.315584,709477.000,47109,1,T1,1,100,33.681
1738260803.448589,709610.000,47141,1,T1,1,100,33.755
1738260803.581595,709743.000,47157,1,T1,1,100,33.788
1738260803.715600,709877.000,47175,1,T1,1,100,33.837
1738260803.848606,710010.000,47207,1,T1,1,100,33.823
1738260803.982611,710144.000,47224,1,T1,1,100,33.888
1738260804.115617,710277.000,47241,1,T1,1,100,33.952
1738260804.248622,710410.000,47274,1,T1,1,100,33.837
1738260804.381628,710543.000,47290,1,T1,1,100,33.859
1738260804.515633,710677.000,47307,1,T1,1,100,33.832
1738260804.648639,710810.000,47323,1,T1,1,100,33.928
1738260804.781644,710943.000,47356,1,T1,1,100,33.827
1738260804.915650,711077.000,47375,1,T1,1,100,33.854
1738260805.048655,711210.000,47392,1,T1,1,100,33.972
1738260805.181661,711343.000,47414,1,T1,1,100,33.988
1738260805.315666,711477.000,47449,1,T1,1,100,33.959
1738260805.448672,711610.000,47465,1,T1,1,100,33.912
1738260805.581677,711743.000,47482,1,T1,1,100,33.962
1738260805.714683,711876.000,47499,1,T1,1,100,33.948
1738260805.848688,712010.000,47533,1,T1,1,100,33.977
1738260805.981694,712143.000,47551,1,T1,1,100,33.955
1738260806.114699,712276.000,47567,1,T1,1,100,33.874
1738260806.248705,712410.000,47600,1,T1,1,100,33.804
1738260806.381710,712543.000,47617,1,T1,1,100,33.738
1738260806.514716,712676.000,47633,1,T1,1,100,33.851
1738260806.648721,712810.000,47666,1,T1,1,100,33.900
1738260806.781727,712943.000,47683,1,T1,1,100,33.886
1738260806.914732,713076.000,47699,1,T1,1,100,33.880
1738260807.048738,713210.000,47732,1,T1,1,100,33.806
1738260807.181743,713343.000,47749,1,T1,1,100,33.916
1738260807.314749,713476.000,47766,1,T1,1,100,33.857
1738260807.448755,713610.000,47798,1,T1,1,100,33.903
1738260807.581760,713743.000,47815,1,T1,1,100,33.852
1738260807.714766,713876.000,47832,1,T1,1,100,33.829
1738260807.848771,714010.000,47849,1,T1,1,100,33.891
1738260807.981776,714143.000,47882,1,T1,1,100,33.882
1738260808.114782,714276.000,47898,1,T1,1,100,33.842
1738260808.248787,714410.000,47917,1,T1,1,100,33.896
1738260808.381793,714543.000,47952,1,T1,1,100,33.920
1738260808.514798,714676.000,47968,1,T1,1,100,33.894
1738260808.647804,714809.000,47986,1,T1,1,100,33.883
1738260808.781810,714943.000,48018,1,T1,1,100,33.950
1738260808.914815,715076.000,48034,1,T1,1,100,33.801
1738260809.047821,715209.000,48052,1,T1,1,100,33.985
1738260809.181826,715343.000,48084,1,T1,1,100,33.993
1738260809.314831,715476.000,48101,1,T1,1,100,33.926
1738260809.447837,715609.000,48120,1,T1,1,100,33.968
1738260809.581843,715743.000,48136,1,T1,1,100,33.915
1738260809.714848,715876.000,48169,1,T1,1,100,33.857
1738260809.847854,716009.000,48186,1,T1,1,100,33.832
1738260809.981859,716143.000,48203,1,T1,1,100,33.856
1738260810.114865,716276.000,48235,1,T1,1,100,33.938
1738260810.247870,716409.000,48260,1,T1,1,100,33.902
1738260810.381876,716543.000,48278,1,T1,1,100,33.922
1738260810.514881,716676.000,48295,1,T1,1,100,33.825
1738260810.647887,716809.000,48328,1,T1,1,100,33.782
1738260810.781892,716943.000,48344,1,T1,1,100,33.835
1738260810.914898,717076.000,48361,1,T1,1,100,33.893
1738260811.047903,717209.000,48378,1,T1,1,100,33.883
1738260811.181909,717343.000,48410,1,T1,1,100,33.878
1738260811.314914,717476.000,48428,1,T1,1,100,33.876
1738260811.447920,717609.000,48444,1,T1,1,100,33.947
1738260811.581925,717743.000,48477,1,T1,1,100,33.906
1738260811.714931,717876.000,48494,1,T1,1,100,33.853
1738260811.847936,718009.000,48510,1,T1,1,100,33.865
1738260811.981942,718143.000,48543,1,T1,1,100,33.942
1738260812.114947,718276.000,48560,1,T1,1,100,34.010
1738260812.247953,718409.000,48576,1,T1,1,100,33.934
1738260812.381958,718543.000,48609,1,T1,1,100,34.007
1738260812.514964,718676.000,48628,1,T1,1,100,34.038
1738260812.647969,718809.000,48645,1,T1,1,100,34.052
1738260812.780975,718942.000,48677,1,T1,1,100,33.952
1738260812.914980,719076.000,48694,1,T1,1,100,33.908
1738260813.047986,719209.000,48711,1,T1,1,100,33.854
1738260813.180991,719342.000,48728,1,T1,1,100,33.901
1738260813.314997,719476.000,48761,1,T1,1,100,33.851
1738260813.448002,719609.000,48777,1,T1,1,100,33.900
1738260813.581008,719742.000,48794,1,T1,1,100,33.992
1738260813.715013,719876.000,48829,1,T1,1,100,34.032
1738260813.848019,720009.000,48845,1,T1,1,100,33.943
1738260813.981024,720142.000,48863,1,T1,1,100,33.904
1738260814.115030,720276.000,48895,1,T1,1,100,33.852
1738260814.248035,720409.000,48911,1,T1,1,100,33.830
1738260814.381041,720542.000,48929,1,T1,1,100,33.855
1738260814.515046,720676.000,48961,1,T1,1,100,33.831
1738260814.648052,720809.000,48978,1,T1,1,100,33.891
1738260814.781057,720942.000,48995,1,T1,1,100,33.988
1738260814.915063,721076.000,49030,1,T1,1,100,34.101
1738260815.048068,721209.000,49046,1,T1,1,100,34.150
1738260815.181074,721342.000,49063,1,T1,1,100,33.994
1738260815.315079,721476.000,49079,1,T1,1,100,33.997
1738260815.448085,721609.000,49102,1,T1,1,100,33.963
1738260815.581090,721742.000,49135,1,T1,1,100,33.984
1738260815.714096,721875.000,49151,1,T1,1,100,33.816
1738260815.848101,722009.000,49168,1,T1,1,100,33.849
1738260815.981107,722142.000,49201,1,T1,1,100,33.758
1738260816.114112,722275.000,49217,1,T1,1,100,33.824
1738260816.248118,722409.000,49236,1,T1,1,100,33.853
1738260816.381123,722542.000,49271,1,T1,1,100,33.936
1738260816.514129,722675.000,49289,1,T1,1,100,34.043
1738260816.648134,722809.000,49307,1,T1,1,100,33.948
1738260816.781140,722942.000,49323,1,T1,1,100,33.977
1738260816.914145,723075.000,49355,1,T1,1,100,33.955
1738260817.048151,723209.000,49373,1,T1,1,100,33.874
1738260817.181156,723342.000,49389,1,T1,1,100,33.910
1738260817.314162,723475.000,49422,1,T1,1,100,33.890
1738260817.448168,723609.000,49439,1,T1,1,100,33.952
1738260817.581173,723742.000,49455,1,T1,1,100,33.873
1738260817.714179,723875.000,49490,1,T1,1,100,33.910
1738260817.848184,724009.000,49507,1,T1,1,100,33.925
1738260817.981189,724142.000,49524,1,T1,1,100,33.968
1738260818.114195,724275.000,49556,1,T1,1,100,34.057
1738260818.248200,724409.000,49573,1,T1,1,100,33.989
1738260818.381206,724542.000,49590,1,T1,1,100,33.960
1738260818.514211,724675.000,49622,1,T1,1,100,33.912
1738260818.648217,724809.000,49640,1,T1,1,100,34.033
1738260818.781223,724942.000,49656,1,T1,1,100,34.014
1738260818.914228,725075.000,49673,1,T1,1,100,33.935
1738260819.047234,725208.000,49706,1,T1,1,100,33.972
1738260819.181239,725342.000,49722,1,T1,1,100,34.023
1738260819.314245,725475.000,49740,1,T1,1,100,33.939
1738260819.448250,725609.000,49772,1,T1,1,100,33.867
1738260819.581256,725742.000,49788,1,T1,1,100,33.907
1738260819.714261,725875.000,49806,1,T1,1,100,33.960
1738260819.847267,726008.000,49838,1,T1,1,100,33.876
1738260819.981272,726142.000,49857,1,T1,1,100,33.911
1738260820.114278,726275.000,49874,1,T1,1,100,33.855
1738260820.247283,726408.000,49907,1,T1,1,100,33.973
1738260820.381289,726542.000,49925,1,T1,1,100,34.059
1738260820.514294,726675.000,49949,1,T1,1,100,33.919
1738260820.647300,726808.000,49966,1,T1,1,100,33.965
1738260820.781305,726942.000,49983,1,T1,1,100,33.879
1738260820.914311,727075.000,50018,1,T1,1,100,33.877
1738260821.047316,727208.000,50034,1,T1,1,100,33.805
1738260821.181322,727342.000,50051,1,T1,1,100,33.880
1738260821.314327,727475.000,50084,1,T1,1,100,33.913
1738260821.447333,727608.000,50100,1,T1,1,100,33.891
1738260821.581338,727742.000,50117,1,T1,1,100,33.988
1738260821.714344,727875.000,50150,1,T1,1,100,34.101
1738260821.847349,728008.000,50166,1,T1,1,100,34.044
1738260821.981355,728142.000,50184,1,T1,1,100,34.019
1738260822.114360,728275.000,50200,1,T1,1,100,34.044
1738260822.247366,728408.000,50232,1,T1,1,100,34.054
1738260822.381371,728542.000,50250,1,T1,1,100,33.988
1738260822.514377,728675.000,50266,1,T1,1,100,33.995
1738260822.647382,728808.000,50299,1,T1,1,100,33.927
1738260822.780388,728941.000,50316,1,T1,1,100,33.933
1738260822.914393,729075.000,50332,1,T1,1,100,33.936
1738260823.047399,729208.000,50365,1,T1,1,100,33.937
1738260823.180404,729341.000,50384,1,T1,1,100,33.866
1738260823.314410,729475.000,50401,1,T1,1,100,33.907
1738260823.447415,729608.000,50433,1,T1,1,100,33.960
1738260823.580421,729741.000,50450,1,T1,1,100,34.018
1738260823.714426,729875.000,50467,1,T1,1,100,34.008
1738260823.847432,730008.000,50499,1,T1,1,100,34.039
1738260823.980437,730141.000,50517,1,T1,1,100,33.981
1738260824.114443,730275.000,50533,1,T1,1,100,34.098
1738260824.247448,730408.000,50568,1,T1,1,100,34.007
1738260824.380454,730541.000,50585,1,T1,1,100,34.003
1738260824.514459,730675.000,50601,1,T1,1,100,34.001
1738260824.647465,730808.000,50618,1,T1,1,100,34.036
1738260824.780470,730941.000,50651,1,T1,1,100,34.087
1738260824.914476,731075.000,50667,1,T1,1,100,34.002
1738260825.047481,731208.000,50685,1,T1,1,100,33.965
1738260825.180487,731341.000,50717,1,T1,1,100,34.020
1738260825.314492,731475.000,50734,1,T1,1,100,34.044
1738260825.447498,731608.000,50753,1,T1,1,100,34.019
1738260825.580503,731741.000,50793,1,T1,1,100,34.044
1738260825.713509,731874.000,50809,1,T1,1,100,34.090
1738260825.847514,732008.000,50826,1,T1,1,100,34.003
1738260825.980520,732141.000,50843,1,T1,1,100,34.001
1738260826.113525,732274.000,50875,1,T1,1,100,33.930
1738260826.247531,732408.000,50892,1,T1,1,100,33.970
1738260826.380536,732541.000,50909,1,T1,1,100,33.987
1738260826.513542,732674.000,50926,1,T1,1,100,33.959
1738260826.647547,732808.000,50961,1,T1,1,100,33.911
1738260826.780553,732941.000,50977,1,T1,1,100,33.820
1738260826.913558,733074.000,50994,1,T1,1,100,33.993
1738260827.047564,733208.000,51027,1,T1,1,100,34.032
1738260827.180569,733341.000,51043,1,T1,1,100,34.049
1738260827.313575,733474.000,51061,1,T1,1,100,33.986
1738260827.447581,733608.000,51093,1,T1,1,100,34.029
1738260827.580586,733741.000,51109,1,T1,1,100,33.906
1738260827.713592,733874.000,51127,1,T1,1,100,33.959
1738260827.847597,734008.000,51161,1,T1,1,100,33.982
1738260827.980603,734141.000,51178,1,T1,1,100,33.921
1738260828.113608,734274.000,51197,1,T1,1,100,34.072
1738260828.247613,734408.000,51230,1,T1,1,100,34.031
1738260828.380619,734541.000,51246,1,T1,1,100,34.049
1738260828.513624,734674.000,51263,1,T1,1,100,33.950
1738260828.647630,734808.000,51296,1,T1,1,100,33.908
1738260828.780636,734941.000,51312,1,T1,1,100,34.031
1738260828.913641,735074.000,51329,1,T1,1,100,33.978
1738260829.046647,735207.000,51346,1,T1,1,100,33.920
1738260829.180652,735341.000,51380,1,T1,1,100,33.859
1738260829.313658,735474.000,51398,1,T1,1,100,33.868
1738260829.446663,735607.000,51414,1,T1,1,100,33.943
1738260829.580669,735741.000,51447,1,T1,1,100,33.975
1738260829.713674,735874.000,51464,1,T1,1,100,33.989
1738260829.846680,736007.000,51480,1,T1,1,100,34.031
1738260829.980685,736141.000,51513,1,T1,1,100,34.049
1738260830.113691,736274.000,51530,1,T1,1,100,34.021
1738260830.246696,736407.000,51546,1,T1,1,100,34.151
1738260830.380702,736541.000,51581,1,T1,1,100,34.065
1738260830.513707,736674.000,51598,1,T1,1,100,33.993
1738260830.646713,736807.000,51615,1,T1,1,100,34.032
1738260830.780718,736941.000,51639,1,T1,1,100,34.014
1738260830.913724,737074.000,51655,1,T1,1,100,33.971
1738260831.046729,737207.000,51688,1,T1,1,100,34.023
1738260831.180735,737341.000,51705,1,T1,1,100,34.045
1738260831.313740,737474.000,51722,1,T1,1,100,34.020
1738260831.446746,737607.000,51754,1,T1,1,100,34.044
1738260831.580751,737741.000,51771,1,T1,1,100,33.984
1738260831.713757,737874.000,51788,1,T1,1,100,34.028
1738260831.846762,738007.000,51820,1,T1,1,100,34.048
1738260831.980768,738141.000,51840,1,T1,1,100,34.127
1738260832.113773,738274.000,51856,1,T1,1,100,34.020
1738260832.246779,738407.000,51889,1,T1,1,100,33.973
1738260832.379784,738540.000,51906,1,T1,1,100,34.059
1738260832.513790,738674.000,51922,1,T1,1,100,34.097
1738260832.646795,738807.000,51939,1,T1,1,100,34.077
1738260832.779801,738940.000,51972,1,T1,1,100,34.069
1738260832.913806,739074.000,51988,1,T1,1,100,34.030
1738260833.046812,739207.000,52006,1,T1,1,100,34.013
1738260833.179817,739340.000,52040,1,T1,1,100,33.935
1738260833.313823,739474.000,52057,1,T1,1,100,34.007
1738260833.446828,739607.000,52074,1,T1,1,100,34.003
1738260833.579834,739740.000,52107,1,T1,1,100,34.001
1738260833.713839,739874.000,52123,1,T1,1,100,34.036
1738260833.846845,740007.000,52140,1,T1,1,100,34.157
1738260833.979850,740140.000,52173,1,T1,1,100,34.033
1738260834.113856,740274.000,52191,1,T1,1,100,33.943
1738260834.246861,740407.000,52208,1,T1,1,100,33.940
1738260834.379867,740540.000,52241,1,T1,1,100,33.974
1738260834.513872,740674.000,52257,1,T1,1,100,33.989
1738260834.646878,740807.000,52275,1,T1,1,100,34.102
1738260834.779883,740940.000,52307,1,T1,1,100,34.008
1738260834.913889,741074.000,52323,1,T1,1,100,34.075
1738260835.046894,741207.000,52341,1,T1,1,100,34.139
1738260835.179900,741340.000,52357,1,T1,1,100,33.954
1738260835.313905,741474.000,52390,1,T1,1,100,33.980
1738260835.446911,741607.000,52411,1,T1,1,100,34.133
1738260835.579916,741740.000,52427,1,T1,1,100,34.022
1738260835.712922,741873.000,52460,1,T1,1,100,33.974
1738260835.846927,742007.000,52482,1,T1,1,100,33.918
1738260835.979933,742140.000,52499,1,T1,1,100,33.964
1738260836.112938,742273.000,52516,1,T1,1,100,33.985
1738260836.246944,742407.000,52549,1,T1,1,100,33.993
1738260836.379949,742540.000,52567,1,T1,1,100,33.997
1738260836.512955,742673.000,52584,1,T1,1,100,33.963
1738260836.646960,742807.000,52619,1,T1,1,100,34.020
1738260836.779966,742940.000,52635,1,T1,1,100,34.115
1738260836.912971,743073.000,52652,1,T1,1,100,34.121
1738260837.046977,743207.000,52685,1,T1,1,100,34.088
1738260837.179982,743340.000,52701,1,T1,1,100,34.073
1738260837.312988,743473.000,52719,1,T1,1,100,34.138
1738260837.446994,743607.000,52735,1,T1,1,100,34.060
1738260837.579999,743740.000,52770,1,T1,1,100,34.061
1738260837.713005,743873.000,52787,1,T1,1,100,34.027
1738260837.847010,744007.000,52803,1,T1,1,100,34.082
1738260837.980016,744140.000,52836,1,T1,1,100,34.107
1738260838.113021,744273.000,52853,1,T1,1,100,34.223
1738260838.247026,744407.000,52869,1,T1,1,100,34.026
1738260838.380032,744540.000,52902,1,T1,1,100,34.011
1738260838.513037,744673.000,52921,1,T1,1,100,33.934
1738260838.646043,744806.000,52938,1,T1,1,100,34.078
1738260838.780049,744940.000,52970,1,T1,1,100,34.140
1738260838.913054,745073.000,52987,1,T1,1,100,34.096
1738260839.046060,745206.000,53004,1,T1,1,100,34.006
1738260839.180065,745340.000,53021,1,T1,1,100,34.144
1738260839.313071,745473.000,53056,1,T1,1,100,34.204
1738260839.446076,745606.000,53072,1,T1,1,100,34.124
1738260839.580082,745740.000,53089,1,T1,1,100,34.018
1738260839.713087,745873.000,53122,1,T1,1,100,34.150
1738260839.846093,746006.000,53138,1,T1,1,100,34.100
1738260839.980098,746140.000,53156,1,T1,1,100,34.043
1738260840.113104,746273.000,53188,1,T1,1,100,34.090
1738260840.246109,746406.000,53204,1,T1,1,100,33.968
1738260840.380115,746540.000,53224,1,T1,1,100,34.022
1738260840.513120,746673.000,53256,1,T1,1,100,34.116
1738260840.646126,746806.000,53273,1,T1,1,100,34.050
1738260840.780131,746940.000,53290,1,T1,1,100,34.093
1738260840.913137,747073.000,53326,2,T1,1,100,34.040
1738260841.046142,747206.000,53326,2,T1,1,100,34.017
1738260841.180148,747340.000,53358,1,T1,1,100,33.901
1738260841.313153,747473.000,53375,1,T1,1,100,34.099
1738260841.446159,747606.000,53392,1,T1,1,100,34.078
1738260841.580164,747740.000,53427,1,T1,1,100,34.105
1738260841.713170,747873.000,53443,1,T1,1,100,34.081
1738260841.846175,748006.000,53460,1,T1,1,100,34.106
1738260841.979181,748139.000,53493,1,T1,1,100,34.081
1738260842.113186,748273.000,53509,1,T1,1,100,34.035
1738260842.246192,748406.000,53526,1,T1,1,100,34.015
1738260842.379197,748539.000,53559,1,T1,1,100,34.077
1738260842.513203,748673.000,53575,1,T1,1,100,33.998
1738260842.646208,748806.000,53593,1,T1,1,100,34.035
1738260842.779214,748939.000,53625,1,T1,1,100,34.121
1738260842.913219,749073.000,53643,1,T1,1,100,34.159
1738260843.046225,749206.000,53661,1,T1,1,100,34.175
1738260843.179230,749339.000,53677,1,T1,1,100,34.076
1738260843.313236,749473.000,53710,1,T1,1,100,34.068
1738260843.446241,749606.000,53727,1,T1,1,100,34.171
1738260843.579247,749739.000,53743,1,T1,1,100,34.110
1738260843.713252,749873.000,53776,1,T1,1,100,34.189
1738260843.846258,750006.000,53793,1,T1,1,100,34.082
1738260843.979263,750139.000,53810,1,T1,1,100,34.106
1738260844.113269,750273.000,53842,1,T1,1,100,34.117
1738260844.246274,750406.000,53859,1,T1,1,100,34.122
1738260844.379280,750539.000,53878,1,T1,1,100,34.088
1738260844.513285,750673.000,53895,1,T1,1,100,34.144
1738260844.646291,750806.000,53928,1,T1,1,100,34.133
1738260844.779296,750939.000,53944,1,T1,1,100,34.164
1738260844.913302,751073.000,53961,1,T1,1,100,34.142
1738260845.046307,751206.000,53994,1,T1,1,100,34.168
1738260845.179313,751339.000,54010,1,T1,1,100,34.073
1738260845.312318,751472.000,54028,1,T1,1,100,34.173
1738260845.446324,751606.000,54062,1,T1,1,100,34.181
1738260845.579329,751739.000,54080,1,T1,1,100,34.185
1738260845.712335,751872.000,54098,1,T1,1,100,34.045
1738260845.846340,752006.000,54130,1,T1,1,100,34.090
1738260845.979346,752139.000,54147,1,T1,1,100,34.145
1738260846.112351,752272.000,54171,1,T1,1,100,34.134
1738260846.246357,752406.000,54187,1,T1,1,100,34.058
1738260846.379362,752539.000,54205,1,T1,1,100,34.061
1738260846.512368,752672.000,54237,1,T1,1,100,34.062
1738260846.646374,752806.000,54254,1,T1,1,100,34.098
1738260846.779379,752939.000,54271,1,T1,1,100,34.007
1738260846.912385,753072.000,54287,1,T1,1,100,34.074
1738260847.046390,753206.000,54320,1,T1,1,100,34.067
1738260847.179395,753339.000,54339,1,T1,1,100,34.136
1738260847.312401,753472.000,54356,1,T1,1,100,34.094
1738260847.446407,753606.000,54388,1,T1,1,100,34.041
1738260847.579412,753739.000,54405,1,T1,1,100,33.982
1738260847.712418,753872.000,54422,1,T1,1,100,34.063
1738260847.846423,754006.000,54454,1,T1,1,100,34.063
1738260847.979429,754139.000,54472,1,T1,1,100,34.134
1738260848.112434,754272.000,54490,1,T1,1,100,34.164
1738260848.246439,754406.000,54525,1,T1,1,100,34.248
1738260848.379445,754539.000,54542,1,T1,1,100,34.249
1738260848.512450,754672.000,54558,1,T1,1,100,34.214
1738260848.646456,754806.000,54591,1,T1,1,100,34.164
1738260848.779462,754939.000,54608,1,T1,1,100,34.177
1738260848.912467,755072.000,54624,1,T1,1,100,34.218
1738260849.045473,755205.000,54642,1,T1,1,100,34.130
1738260849.179478,755339.000,54674,1,T1,1,100,34.127
1738260849.312484,755472.000,54691,1,T1,1,100,34.090
1738260849.445489,755605.000,54708,1,T1,1,100,34.110
1738260849.579495,755739.000,54741,1,T1,1,100,34.048
1738260849.712500,755872.000,54757,1,T1,1,100,34.092
1738260849.845506,756005.000,54774,1,T1,1,100,34.075
1738260849.979511,756139.000,54807,1,T1,1,100,34.174
1738260850.112517,756272.000,54823,1,T1,1,100,34.111
1738260850.245522,756405.000,54840,1,T1,1,100,34.154
1738260850.379528,756539.000,54875,1,T1,1,100,34.173
1738260850.512533,756672.000,54893,1,T1,1,100,34.075
1738260850.645539,756805.000,54911,1,T1,1,100,34.032
1738260850.779544,756939.000,54943,1,T1,1,100,34.049
1738260850.912550,757072.000,54959,1,T1,1,100,34.128
1738260851.045555,757205.000,54977,1,T1,1,100,34.126
1738260851.179561,757339.000,54993,1,T1,1,100,34.126
1738260851.312566,757472.000,55016,1,T1,1,100,34.090
1738260851.445572,757605.000,55048,1,T1,1,100,34.145
1738260851.579577,757739.000,55066,1,T1,1,100,34.134
1738260851.712583,757872.000,55084,1,T1,1,100,34.164
1738260851.845588,758005.000,55116,1,T1,1,100,34.142
1738260851.979594,758139.000,55133,1,T1,1,100,34.097
1738260852.112599,758272.000,55150,1,T1,1,100,34.077
1738260852.245605,758405.000,55166,1,T1,1,100,34.033
1738260852.379610,758539.000,55199,1,T1,1,100,34.085
1738260852.512616,758672.000,55216,1,T1,1,100,34.179
1738260852.645621,758805.000,55233,1,T1,1,100,34.077
1738260852.778627,758938.000,55265,1,T1,1,100,34.140
1738260852.912632,759072.000,55282,1,T1,1,100,34.096
1738260853.045638,759205.000,55299,1,T1,1,100,34.148
1738260853.178643,759338.000,55331,1,T1,1,100,34.099
1738260853.312649,759472.000,55349,1,T1,1,100,34.078
1738260853.445654,759605.000,55365,1,T1,1,100,34.034
1738260853.578660,759738.000,55398,1,T1,1,100,34.121
1738260853.712665,759872.000,55415,1,T1,1,100,34.088
1738260853.845671,760005.000,55431,1,T1,1,100,34.144
1738260853.978676,760138.000,55464,1,T1,1,100,34.133
1738260854.112682,760272.000,55481,1,T1,1,100,34.164
1738260854.245687,760405.000,55497,1,T1,1,100,34.106
1738260854.378693,760538.000,55515,1,T1,1,100,34.152
1738260854.512698,760672.000,55547,1,T1,1,100,34.137
1738260854.645704,760805.000,55564,1,T1,1,100,34.272
1738260854.778709,760938.000,55581,1,T1,1,100,34.224
1738260854.912715,761072.000,55614,1,T1,1,100,34.203
1738260855.045720,761205.000,55630,1,T1,1,100,34.301
1738260855.178726,761338.000,55647,1,T1,1,100,34.236
1738260855.311731,761471.000,55682,1,T1,1,100,34.244
1738260855.445737,761605.000,55698,1,T1,1,100,34.212
1738260855.578743,761738.000,55715,1,T1,1,100,34.304
1738260855.711748,761871.000,55748,1,T1,1,100,34.415
1738260855.845753,762005.000,55764,1,T1,1,100,34.251
1738260855.978759,762138.000,55782,1,T1,1,100,34.144
1738260856.111764,762271.000,55816,1,T1,1,100,34.133
1738260856.245770,762405.000,55832,1,T1,1,100,34.164
1738260856.378775,762538.000,55855,1,T1,1,100,34.106
1738260856.511781,762671.000,55871,1,T1,1,100,34.117
1738260856.645787,762805.000,55889,1,T1,1,100,34.157
1738260856.778792,762938.000,55921,1,T1,1,100,34.068
1738260856.911798,763071.000,55937,1,T1,1,100,34.171
1738260857.045803,763205.000,55955,1,T1,1,100,34.180
1738260857.178808,763338.000,55987,1,T1,1,100,34.114
1738260857.311814,763471.000,56004,1,T1,1,100,34.049
1738260857.445820,763605.000,56021,1,T1,1,100,34.163
1738260857.578825,763738.000,56054,1,T1,1,100,34.141
1738260857.711831,763871.000,56070,1,T1,1,100,34.097
1738260857.845836,764005.000,56087,1,T1,1,100,34.184
1738260857.978842,764138.000,56120,1,T1,1,100,34.221
1738260858.111847,764271.000,56136,1,T1,1,100,34.273
1738260858.245852,764405.000,56153,1,T1,1,100,34.225
1738260858.378858,764538.000,56170,1,T1,1,100,34.239
1738260858.511863,764671.000,56202,1,T1,1,100,34.210
1738260858.644869,764804.000,56220,1,T1,1,100,34.339
1738260858.778875,764938.000,56238,1,T1,1,100,34.182
1738260858.911880,765071.000,56273,1,T1,1,100,34.221
1738260859.044886,765204.000,56290,1,T1,1,100,34.095
1738260859.178891,765338.000,56306,1,T1,1,100,34.112
1738260859.311897,765471.000,56339,1,T1,1,100,34.226
1738260859.444902,765604.000,56356,1,T1,1,100,34.204
1738260859.578908,765738.000,56372,1,T1,1,100,34.230
1738260859.711913,765871.000,56405,1,T1,1,100,34.206
1738260859.844919,766004.000,56422,1,T1,1,100,34.160
1738260859.978924,766138.000,56441,1,T1,1,100,34.247
1738260860.111930,766271.000,56473,1,T1,1,100,34.178
1738260860.244935,766404.000,56490,1,T1,1,100,34.148
1738260860.378941,766538.000,56509,1,T1,1,100,34.170
1738260860.511946,766671.000,56541,1,T1,1,100,34.286
1738260860.644952,766804.000,56559,1,T1,1,100,34.195
1738260860.778957,766938.000,56575,1,T1,1,100,34.262
1738260860.911963,767071.000,56592,1,T1,1,100,34.184
1738260861.044968,767204.000,56625,1,T1,1,100,34.221
1738260861.178974,767338.000,56641,1,T1,1,100,34.309
1738260861.311979,767471.000,56659,1,T1,1,100,34.275
1738260861.445485,767604.500,56698,2,T1,1,100,34.261
1738260861.578990,767738.000,56698,2,T1,1,100,34.219
1738260861.711996,767871.000,56731,1,T1,1,100,34.201
1738260861.845001,768004.000,56747,1,T1,1,100,34.123
1738260861.979007,768138.000,56764,1,T1,1,100,34.124
1738260862.112012,768271.000,56797,1,T1,1,100,34.195
1738260862.245018,768404.000,56815,1,T1,1,100,34.226
1738260862.378023,768537.000,56833,1,T1,1,100,34.311
1738260862.512029,768671.000,56865,1,T1,1,100,34.241
1738260862.645034,768804.000,56882,1,T1,1,100,34.140
1738260862.778040,768937.000,56899,1,T1,1,100,34.096
1738260862.912045,769071.000,56932,1,T1,1,100,34.254
1738260863.045051,769204.000,56948,1,T1,1,100,34.181
1738260863.178056,769337.000,56965,1,T1,1,100,34.185
1738260863.312062,769471.000,57000,1,T1,1,100,34.222
1738260863.445067,769604.000,57016,1,T1,1,100,34.238
1738260863.578073,769737.000,57033,1,T1,1,100,34.245
1738260863.712078,769871.000,57066,1,T1,1,100,34.283
1738260863.845084,770004.000,57082,1,T1,1,100,34.158
1738260863.978089,770137.000,57100,1,T1,1,100,34.210
1738260864.112095,770271.000,57116,1,T1,1,100,34.233
1738260864.245100,770404.000,57148,1,T1,1,100,34.243
1738260864.378106,770537.000,57168,1,T1,1,100,34.211
1738260864.512111,770671.000,57184,1,T1,1,100,34.162
1738260864.645117,770804.000,57217,1,T1,1,100,34.177
1738260864.778122,770937.000,57234,1,T1,1,100,34.218
1738260864.912128,771071.000,57250,1,T1,1,100,34.236
1738260865.045133,771204.000,57283,1,T1,1,100,34.244
1738260865.178139,771337.000,57300,1,T1,1,100,34.141
1738260865.312145,771471.000,57319,1,T1,1,100,34.274
1738260865.445150,771604.000,57353,1,T1,1,100,34.367
1738260865.578156,771737.000,57370,1,T1,1,100,34.371
1738260865.711161,771870.000,57387,1,T1,1,100,34.338
1738260865.845166,772004.000,57419,1,T1,1,100,34.288
1738260865.978172,772137.000,57437,1,T1,1,100,34.266
1738260866.111177,772270.000,57453,1,T1,1,100,34.328
1738260866.245183,772404.000,57470,1,T1,1,100,34.248
1738260866.378188,772537.000,57505,1,T1,1,100,34.249
1738260866.511194,772670.000,57523,1,T1,1,100,34.250
1738260866.645200,772804.000,57546,1,T1,1,100,34.250
1738260866.778205,772937.000,57562,1,T1,1,100,34.179
1738260866.911211,773070.000,57595,1,T1,1,100,34.148
1738260867.045216,773204.000,57612,1,T1,1,100,34.064
1738260867.178221,773337.000,57628,1,T1,1,100,34.134
1738260867.311227,773470.000,57645,1,T1,1,100,34.164
1738260867.445233,773604.000,57680,1,T1,1,100,34.248
1738260867.578238,773737.000,57696,1,T1,1,100,34.178
1738260867.711244,773870.000,57714,1,T1,1,100,34.254
1738260867.845249,774004.000,57746,1,T1,1,100,34.287
1738260867.978255,774137.000,57763,1,T1,1,100,34.195
1738260868.111260,774270.000,57780,1,T1,1,100,34.191
1738260868.245265,774404.000,57813,1,T1,1,100,34.189
1738260868.378271,774537.000,57829,1,T1,1,100,34.224
1738260868.511276,774670.000,57846,1,T1,1,100,34.239
1738260868.645282,774804.000,57879,1,T1,1,100,34.103
1738260868.778288,774937.000,57895,1,T1,1,100,34.222
1738260868.911293,775070.000,57914,1,T1,1,100,34.096
1738260869.044299,775203.000,57931,1,T1,1,100,34.112
1738260869.178304,775337.000,57963,1,T1,1,100,34.190
1738260869.311310,775470.000,57981,1,T1,1,100,34.260
1738260869.444315,775603.000,57997,1,T1,1,100,34.290
1738260869.578321,775737.000,58030,1,T1,1,100,34.338
1738260869.711326,775870.000,58047,1,T1,1,100,34.288
1738260869.844332,776003.000,58063,1,T1,1,100,34.266
1738260869.978337,776137.000,58096,1,T1,1,100,34.257
1738260870.111343,776270.000,58115,1,T1,1,100,34.289
1738260870.244348,776403.000,58131,1,T1,1,100,34.338
1738260870.378354,776537.000,58166,1,T1,1,100,34.288
1738260870.511359,776670.000,58183,1,T1,1,100,34.266
1738260870.644365,776803.000,58200,1,T1,1,100,34.257
1738260870.778370,776937.000,58217,1,T1,1,100,34.253
1738260870.911376,777070.000,58249,1,T1,1,100,34.287
1738260871.044381,777203.000,58266,1,T1,1,100,34.266
1738260871.178387,777337.000,58283,1,T1,1,100,34.221
1738260871.311392,777470.000,58316,1,T1,1,100,34.273
1738260871.444398,777603.000,58334,1,T1,1,100,34.295
1738260871.578403,777737.000,58351,1,T1,1,100,34.234
1738260871.711409,777870.000,58389,2,T1,1,100,34.208
1738260871.844414,778003.000,58389,2,T1,1,100,34.196
1738260871.977420,778136.000,58422,1,T1,1,100,34.227
1738260872.111425,778270.000,58438,1,T1,1,100,34.204
1738260872.244431,778403.000,58455,1,T1,1,100,34.301
1738260872.378436,778537.000,58488,1,T1,1,100,34.201
1738260872.511442,778670.000,58504,1,T1,1,100,34.264
1738260872.644447,778803.000,58522,1,T1,1,100,34.256
1738260872.777453,778936.000,58556,1,T1,1,100,34.253
1738260872.911458,779070.000,58572,1,T1,1,100,34.322
1738260873.044464,779203.000,58590,1,T1,1,100,34.175
1738260873.177469,779336.000,58622,1,T1,1,100,34.217
1738260873.311475,779470.000,58639,1,T1,1,100,34.236
1738260873.444480,779603.000,58656,1,T1,1,100,34.350
1738260873.577486,779736.000,58689,1,T1,1,100,34.293
1738260873.711491,779870.000,58705,1,T1,1,100,34.304
1738260873.844497,780003.000,58722,1,T1,1,100,34.273
1738260873.977502,780136.000,58739,1,T1,1,100,34.296
1738260874.111508,780270.000,58771,1,T1,1,100,34.305
1738260874.244513,780403.000,58790,1,T1,1,100,34.274
1738260874.377519,780536.000,58807,1,T1,1,100,34.296
1738260874.511524,780670.000,58839,1,T1,1,100,34.341
1738260874.644530,780803.000,58857,1,T1,1,100,34.289
1738260874.777535,780936.000,58873,1,T1,1,100,34.338
1738260874.911541,781070.000,58906,1,T1,1,100,34.323
1738260875.044546,781203.000,58923,1,T1,1,100,34.211
1738260875.177552,781336.000,58939,1,T1,1,100,34.127
1738260875.311558,781470.000,58976,1,T1,1,100,34.232
1738260875.444563,781603.000,58995,1,T1,1,100,34.313
1738260875.577569,781736.000,59011,1,T1,1,100,34.348
1738260875.710574,781869.000,59044,1,T1,1,100,34.399
1738260875.844579,782003.000,59061,1,T1,1,100,34.350
1738260875.977585,782136.000,59078,1,T1,1,100,34.222
1738260876.110590,782269.000,59095,1,T1,1,100,34.309
1738260876.244596,782403.000,59128,1,T1,1,100,34.382
1738260876.377601,782536.000,59146,1,T1,1,100,34.343
1738260876.510607,782669.000,59163,1,T1,1,100,34.325
1738260876.644613,782803.000,59196,1,T1,1,100,34.283
1738260876.777618,782936.000,59212,1,T1,1,100,34.229
1738260876.910624,783069.000,59234,1,T1,1,100,34.312
1738260877.044629,783203.000,59251,1,T1,1,100,34.348
1738260877.177634,783336.000,59283,1,T1,1,100,34.328
1738260877.311640,783470.000,59301,1,T1,1,100,34.284
1738260877.444646,783603.000,59319,1,T1,1,100,34.406
1738260877.577651,783736.000,59336,1,T1,1,100,34.459
1738260877.710657,783869.000,59369,1,T1,1,100,34.412
1738260877.844662,784003.000,59385,1,T1,1,100,34.320
1738260877.977668,784136.000,59403,1,T1,1,100,34.280
1738260878.110673,784269.000,59435,1,T1,1,100,34.334
1738260878.244678,784403.000,59451,1,T1,1,100,34.322
1738260878.377684,784536.000,59469,1,T1,1,100,34.352
1738260878.510689,784669.000,59501,1,T1,1,100,34.365
1738260878.643695,784802.000,59518,1,T1,1,100,34.371
1738260878.777701,784936.000,59535,1,T1,1,100,34.444
1738260878.910706,785069.000,59568,1,T1,1,100,34.334
1738260879.043712,785202.000,59584,1,T1,1,100,34.251
1738260879.177717,785336.000,59601,1,T1,1,100,34.357
1738260879.310723,785469.000,59634,1,T1,1,100,34.438
1738260879.443728,785602.000,59652,1,T1,1,100,34.331
1738260879.577734,785736.000,59669,1,T1,1,100,34.356
1738260879.710739,785869.000,59686,1,T1,1,100,34.367
1738260879.843745,786002.000,59718,1,T1,1,100,34.371
1738260879.977750,786136.000,59736,1,T1,1,100,34.303
1738260880.110756,786269.000,59752,1,T1,1,100,34.237
1738260880.243761,786402.000,59785,1,T1,1,100,34.244
1738260880.377767,786536.000,59806,1,T1,1,100,34.319
1738260880.510772,786669.000,59822,1,T1,1,100,34.386
1738260880.643778,786802.000,59855,1,T1,1,100,34.309
1738260880.777783,786936.000,59872,1,T1,1,100,34.346
1738260880.910789,787069.000,59888,1,T1,1,100,34.398
1738260881.043794,787202.000,59921,1,T1,1,100,34.385
1738260881.177800,787336.000,59938,1,T1,1,100,34.450
1738260881.310805,787469.000,59955,1,T1,1,100,34.337
1738260881.443811,787602.000,59974,1,T1,1,100,34.323
1738260881.577816,787736.000,60006,1,T1,1,100,34.317
1738260881.710822,787869.000,60023,1,T1,1,100,34.350
1738260881.843827,788002.000,60040,1,T1,1,100,34.364
1738260881.977833,788136.000,60078,1,T1,1,100,34.335
1738260882.110838,788269.000,60094,1,T1,1,100,34.358
1738260882.243844,788402.000,60111,1,T1,1,100,34.403
1738260882.377849,788536.000,60128,1,T1,1,100,34.458
1738260882.510855,788669.000,60160,1,T1,1,100,34.411
1738260882.643860,788802.000,60178,1,T1,1,100,34.391
1738260882.776866,788935.000,60194,1,T1,1,100,34.275
1738260882.910871,789069.000,60227,1,T1,1,100,34.367
1738260883.043877,789202.000,60244,1,T1,1,100,34.372
1738260883.176882,789335.000,60260,1,T1,1,100,34.444
1738260883.310888,789469.000,60277,1,T1,1,100,34.334
1738260883.443893,789602.000,60310,1,T1,1,100,34.393
1738260883.576899,789735.000,60328,1,T1,1,100,34.312
1738260883.710904,789869.000,60346,1,T1,1,100,34.419
1738260883.843910,790002.000,60378,1,T1,1,100,34.394
1738260883.976915,790135.000,60395,1,T1,1,100,34.312
1738260884.110921,790269.000,60412,1,T1,1,100,34.348
1738260884.243926,790402.000,60445,1,T1,1,100,34.470
1738260884.376932,790535.000,60461,1,T1,1,100,34.380
1738260884.510937,790669.000,60478,1,T1,1,100,34.271
1738260884.643943,790802.000,60515,1,T1,1,100,34.330
1738260884.776948,790935.000,60531,1,T1,1,100,34.285
1738260884.910954,791069.000,60548,1,T1,1,100,34.371
1738260885.043959,791202.000,60581,1,T1,1,100,34.373
1738260885.176965,791335.000,60597,1,T1,1,100,34.268
1738260885.309970,791468.000,60615,1,T1,1,100,34.364
1738260885.443976,791602.000,60649,1,T1,1,100,34.370
1738260885.576982,791735.000,60665,1,T1,1,100,34.373
1738260885.709987,791868.000,60683,1,T1,1,100,34.374
1738260885.843992,792002.000,60699,1,T1,1,100,34.268
1738260885.976998,792135.000,60734,1,T1,1,100,34.435
1738260886.110003,792268.000,60751,1,T1,1,100,34.436
1738260886.244009,792402.000,60767,1,T1,1,100,34.331
1738260886.377014,792535.000,60800,1,T1,1,100,34.320
1738260886.510020,792668.000,60817,1,T1,1,100,34.458
1738260886.644026,792802.000,60834,1,T1,1,100,34.446
1738260886.777031,792935.000,60866,1,T1,1,100,34.370
1738260886.910037,793068.000,60883,1,T1,1,100,34.373
1738260887.044042,793202.000,60900,1,T1,1,100,34.339
1738260887.177047,793335.000,60922,1,T1,1,100,34.359
1738260887.310053,793468.000,60939,1,T1,1,100,34.439
1738260887.444059,793602.000,60973,1,T1,1,100,34.403
1738260887.577064,793735.000,60990,1,T1,1,100,34.387
1738260887.710070,793868.000,61007,1,T1,1,100,34.345
1738260887.844075,794002.000,61039,1,T1,1,100,34.468
1738260887.977081,794135.000,61057,1,T1,1,100,34.486
1738260888.110086,794268.000,61073,1,T1,1,100,34.459
1738260888.244092,794402.000,61106,1,T1,1,100,34.447
1738260888.377097,794535.000,61123,1,T1,1,100,34.406
1738260888.510103,794668.000,61139,1,T1,1,100,34.424
1738260888.643108,794801.000,61172,1,T1,1,100,34.503
1738260888.777114,794935.000,61189,1,T1,1,100,34.430
1738260888.910119,795068.000,61205,1,T1,1,100,34.328
1738260889.044125,795202.000,61238,1,T1,1,100,34.426
1738260889.177130,795335.000,61255,1,T1,1,100,34.468
1738260889.310136,795468.000,61272,1,T1,1,100,34.380
1738260889.443141,795601.000,61289,1,T1,1,100,34.412
1738260889.577147,795735.000,61324,1,T1,1,100,34.427
1738260889.710152,795868.000,61340,1,T1,1,100,34.397
1738260889.843158,796001.000,61357,1,T1,1,100,34.385
1738260889.977163,796135.000,61392,1,T1,1,100,34.379
1738260890.110169,796268.000,61408,1,T1,1,100,34.483
1738260890.243174,796401.000,61425,1,T1,1,100,34.493
1738260890.377180,796535.000,61460,1,T1,1,100,34.426
1738260890.510185,796668.000,61476,1,T1,1,100,34.326
1738260890.643191,796801.000,61494,1,T1,1,100,34.389
1738260890.777196,796935.000,61526,1,T1,1,100,34.488
1738260890.910202,797068.000,61542,1,T1,1,100,34.566
1738260891.043207,797201.000,61560,1,T1,1,100,34.422
1738260891.177213,797335.000,61592,1,T1,1,100,34.431
1738260891.310218,797468.000,61609,1,T1,1,100,34.328
1738260891.443224,797601.000,61628,1,T1,1,100,34.390
1738260891.577229,797735.000,61644,1,T1,1,100,34.488
1738260891.710235,797868.000,61677,1,T1,1,100,34.495
1738260891.843240,798001.000,61694,1,T1,1,100,34.391
1738260891.976246,798134.000,61711,1,T1,1,100,34.488
1738260892.110251,798268.000,61745,1,T1,1,100,34.460
1738260892.243257,798401.000,61768,1,T1,1,100,34.376
1738260892.376262,798534.000,61784,1,T1,1,100,34.482
1738260892.510268,798668.000,61801,1,T1,1,100,34.350
1738260892.643273,798801.000,61834,1,T1,1,100,34.435
1738260892.776279,798934.000,61852,1,T1,1,100,34.437
1738260892.910284,799068.000,61869,1,T1,1,100,34.402
1738260893.043290,799201.000,61886,1,T1,1,100,34.422
1738260893.176295,799334.000,61918,1,T1,1,100,34.502
1738260893.310301,799468.000,61936,1,T1,1,100,34.394
1738260893.443306,799601.000,61952,1,T1,1,100,34.454
1738260893.576312,799734.000,61987,1,T1,1,100,34.338
1738260893.710317,799868.000,62004,1,T1,1,100,34.359
1738260893.843323,800001.000,62020,1,T1,1,100,34.475
1738260893.976328,800134.000,62055,1,T1,1,100,34.489
1738260894.110334,800268.000,62072,1,T1,1,100,34.424
1738260894.243339,800401.000,62088,1,T1,1,100,34.432
1738260894.376345,800534.000,62121,1,T1,1,100,34.506
1738260894.510350,800668.000,62138,1,T1,1,100,34.467
1738260894.643356,800801.000,62155,1,T1,1,100,34.486
1738260894.776361,800934.000,62187,1,T1,1,100,34.565
1738260894.910367,801068.000,62204,1,T1,1,100,34.599
1738260895.043372,801201.000,62221,1,T1,1,100,34.543
1738260895.176378,801334.000,62253,1,T1,1,100,34.519
1738260895.310384,801468.000,62273,1,T1,1,100,34.473
1738260895.443389,801601.000,62291,1,T1,1,100,34.488
1738260895.576395,801734.000,62308,1,T1,1,100,34.530
1738260895.709400,801867.000,62341,1,T1,1,100,34.549
1738260895.843405,802001.000,62357,1,T1,1,100,34.592
1738260895.976411,802134.000,62375,1,T1,1,100,34.575
1738260896.109416,802267.000,62407,1,T1,1,100,34.462
1738260896.243422,802401.000,62423,1,T1,1,100,34.412
1738260896.376427,802534.000,62441,1,T1,1,100,34.498
1738260896.509433,802667.000,62473,1,T1,1,100,34.534
1738260896.643439,802801.000,62490,1,T1,1,100,34.444
1738260896.776444,802934.000,62507,1,T1,1,100,34.511
1738260896.909450,803067.000,62540,1,T1,1,100,34.576
1738260897.043455,803201.000,62556,1,T1,1,100,34.462
1738260897.176461,803334.000,62573,1,T1,1,100,34.413
1738260897.309966,803467.500,62609,2,T1,1,100,34.427
1738260897.443472,803601.000,62609,2,T1,1,100,34.539
1738260897.576477,803734.000,62644,1,T1,1,100,34.588
1738260897.709483,803867.000,62660,1,T1,1,100,34.396
1738260897.843488,804001.000,62677,1,T1,1,100,34.526
1738260897.976494,804134.000,62710,1,T1,1,100,34.405
1738260898.109499,804267.000,62726,1,T1,1,100,34.459
1738260898.243505,804401.000,62743,1,T1,1,100,34.518
1738260898.376510,804534.000,62778,1,T1,1,100,34.472
1738260898.509516,804667.000,62794,1,T1,1,100,34.523
1738260898.642521,804800.000,62812,1,T1,1,100,34.510
1738260898.776527,804934.000,62828,1,T1,1,100,34.433
1738260898.909532,805067.000,62861,1,T1,1,100,34.507
1738260899.042538,805200.000,62878,1,T1,1,100,34.574
1738260899.176543,805334.000,62894,1,T1,1,100,34.532
1738260899.309549,805467.000,62927,1,T1,1,100,34.549
1738260899.442554,805600.000,62944,1,T1,1,100,34.592
1738260899.576560,805734.000,62960,1,T1,1,100,34.434
1738260899.709565,805867.000,62995,1,T1,1,100,34.507
1738260899.842571,806000.000,63012,1,T1,1,100,34.609
1738260899.976576,806134.000,63029,1,T1,1,100,34.618
1738260900.109582,806267.000,63061,1,T1,1,100,34.622
1738260900.242587,806400.000,63078,1,T1,1,100,34.553
1738260900.376593,806534.000,63097,1,T1,1,100,34.381
1738260900.509598,806667.000,63114,1,T1,1,100,34.519
1738260900.642604,806800.000,63149,1,T1,1,100,34.437
1738260900.776609,806934.000,63165,1,T1,1,100,34.473
1738260900.909615,807067.000,63182,1,T1,1,100,34.453
1738260901.042620,807200.000,63215,1,T1,1,100,34.480
1738260901.176626,807334.000,63231,1,T1,1,100,34.527
1738260901.309631,807467.000,63249,1,T1,1,100,34.512
1738260901.442637,807600.000,63281,1,T1,1,100,34.576
1738260901.576642,807734.000,63297,1,T1,1,100,34.462
1738260901.709648,807867.000,63315,1,T1,1,100,34.590
1738260901.842653,808000.000,63349,1,T1,1,100,34.574
1738260901.976659,808134.000,63366,1,T1,1,100,34.568
1738260902.109664,808267.000,63383,1,T1,1,100,34.565
1738260902.242670,808400.000,63416,1,T1,1,100,34.493
1738260902.376675,808534.000,63432,1,T1,1,100,34.603
1738260902.509681,808667.000,63456,1,T1,1,100,34.580
1738260902.642686,808800.000,63473,1,T1,1,100,34.499
1738260902.775692,808933.000,63490,1,T1,1,100,34.571
1738260902.909697,809067.000,63523,1,T1,1,100,34.531
1738260903.042703,809200.000,63539,1,T1,1,100,34.584
1738260903.175708,809333.000,63556,1,T1,1,100,34.572
1738260903.309714,809467.000,63589,1,T1,1,100,34.531
1738260903.442719,809600.000,63605,1,T1,1,100,34.443
1738260903.575725,809733.000,63622,1,T1,1,100,34.511
1738260903.709730,809867.000,63655,1,T1,1,100,34.611
1738260903.842736,810000.000,63673,1,T1,1,100,34.548
1738260903.975741,810133.000,63691,1,T1,1,100,34.521
1738260904.109747,810267.000,63707,1,T1,1,100,34.615
1738260904.242752,810400.000,63739,1,T1,1,100,34.656
1738260904.375758,810533.000,63757,1,T1,1,100,34.603
1738260904.509763,810667.000,63773,1,T1,1,100,34.580
1738260904.642769,810800.000,63806,1,T1,1,100,34.499
1738260904.775774,810933.000,63823,1,T1,1,100,34.641
1738260904.909780,811067.000,63839,1,T1,1,100,34.561
1738260905.042785,811200.000,63874,1,T1,1,100,34.633
1738260905.175791,811333.000,63891,1,T1,1,100,34.451
1738260905.309797,811467.000,63908,1,T1,1,100,34.656
1738260905.442802,811600.000,63942,1,T1,1,100,34.709
1738260905.575808,811733.000,63959,1,T1,1,100,34.591
1738260905.709813,811867.000,63976,1,T1,1,100,34.539
1738260905.842818,812000.000,64008,1,T1,1,100,34.552
1738260905.975824,812133.000,64028,1,T1,1,100,34.523
1738260906.109830,812267.000,64044,1,T1,1,100,34.545
1738260906.242835,812400.000,64061,1,T1,1,100,34.520
1738260906.375840,812533.000,64094,1,T1,1,100,34.579
1738260906.508846,812666.000,64110,1,T1,1,100,34.570
1738260906.642852,812800.000,64127,1,T1,1,100,34.601
1738260906.775857,812933.000,64162,1,T1,1,100,34.615
1738260906.908863,813066.000,64178,1,T1,1,100,34.479
1738260907.042868,813200.000,64196,1,T1,1,100,34.562
1738260907.175874,813333.000,64228,1,T1,1,100,34.562
1738260907.308879,813466.000,64245,1,T1,1,100,34.527
1738260907.442885,813600.000,64262,1,T1,1,100,34.512
1738260907.575890,813733.000,64300,2,T1,1,100,34.505
1738260907.708896,813866.000,64300,2,T1,1,100,34.573
1738260907.842901,814000.000,64334,1,T1,1,100,34.603
1738260907.975907,814133.000,64351,1,T1,1,100,34.580
1738260908.108912,814266.000,64368,1,T1,1,100,34.676
1738260908.242918,814400.000,64401,1,T1,1,100,34.541
1738260908.375923,814533.000,64417,1,T1,1,100,34.589
1738260908.508929,814666.000,64434,1,T1,1,100,34.609
1738260908.641934,814799.000,64467,1,T1,1,100,34.618
1738260908.775940,814933.000,64483,1,T1,1,100,34.551
1738260908.908945,815066.000,64500,1,T1,1,100,34.593
1738260909.042951,815200.000,64533,1,T1,1,100,34.611
1738260909.175956,815333.000,64549,1,T1,1,100,34.619
1738260909.308962,815466.000,64567,1,T1,1,100,34.587
1738260909.441967,815599.000,64583,1,T1,1,100,34.538
1738260909.575973,815733.000,64617,1,T1,1,100,34.587
1738260909.708978,815866.000,64635,1,T1,1,100,34.644
1738260909.841984,815999.000,64651,1,T1,1,100,34.527
1738260909.975989,816133.000,64684,1,T1,1,100,34.476
1738260910.108995,816266.000,64701,1,T1,1,100,34.525
1738260910.242000,816399.000,64717,1,T1,1,100,34.546
1738260910.376006,816533.000,64752,1,T1,1,100,34.626
1738260910.509011,816666.000,64769,1,T1,1,100,34.519
1738260910.642017,816799.000,64788,1,T1,1,100,34.544
1738260910.776022,816933.000,64822,1,T1,1,100,34.696
1738260910.909028,817066.000,64839,1,T1,1,100,34.656
1738260911.042033,817199.000,64856,1,T1,1,100,34.567
1738260911.176039,817333.000,64888,1,T1,1,100,34.636
1738260911.309044,817466.000,64906,1,T1,1,100,34.594
1738260911.442050,817599.000,64922,1,T1,1,100,34.576
1738260911.576055,817733.000,64939,1,T1,1,100,34.568
1738260911.709061,817866.000,64974,1,T1,1,100,34.565
1738260911.842066,817999.000,64990,1,T1,1,100,34.635
1738260911.976072,818133.000,65007,1,T1,1,100,34.629
1738260912.109077,818266.000,65040,1,T1,1,100,34.627
1738260912.242083,818399.000,65056,1,T1,1,100,34.484
1738260912.375088,818532.000,65074,1,T1,1,100,34.564
1738260912.509094,818666.000,65106,1,T1,1,100,34.670
1738260912.642099,818799.000,65123,1,T1,1,100,34.573
1738260912.775105,818932.000,65145,1,T1,1,100,34.603
1738260912.909110,819066.000,65163,1,T1,1,100,34.509
1738260913.042116,819199.000,65181,1,T1,1,100,34.504
1738260913.175121,819332.000,65213,1,T1,1,100,34.537
1738260913.309127,819466.000,65230,1,T1,1,100,34.622
1738260913.442132,819599.000,65247,1,T1,1,100,34.518
1738260913.575138,819732.000,65280,1,T1,1,100,34.578
1738260913.709143,819866.000,65296,1,T1,1,100,34.569
1738260913.842149,819999.000,65313,1,T1,1,100,34.636
1738260913.975154,820132.000,65346,1,T1,1,100,34.736
1738260914.109160,820266.000,65364,1,T1,1,100,34.709
1738260914.242165,820399.000,65381,1,T1,1,100,34.697
1738260914.375171,820532.000,65414,1,T1,1,100,34.621
1738260914.509176,820666.000,65430,1,T1,1,100,34.588
1738260914.642182,820799.000,65448,1,T1,1,100,34.573
1738260914.775187,820932.000,65480,1,T1,1,100,34.603
1738260914.909193,821066.000,65496,1,T1,1,100,34.615
1738260915.042198,821199.000,65516,1,T1,1,100,34.656
1738260915.175204,821332.000,65532,1,T1,1,100,34.639
1738260915.309210,821466.000,31,1,T1,1,100,34.595
1738260915.442215,821599.000,48,1,T1,1,100,34.612
1738260915.575221,821732.000,64,1,T1,1,100,34.549
1738260915.709226,821866.000,97,1,T1,1,100,34.627
1738260915.842232,821999.000,114,1,T1,1,100,34.626
1738260915.975237,822132.000,131,1,T1,1,100,34.661
1738260916.108243,822265.000,163,1,T1,1,100,34.641
1738260916.242248,822399.000,180,1,T1,1,100,34.738
1738260916.375253,822532.000,199,1,T1,1,100,34.709
1738260916.508259,822665.000,231,1,T1,1,100,34.662
1738260916.642265,822799.000,249,1,T1,1,100,34.570
1738260916.775270,822932.000,265,1,T1,1,100,34.601
1738260916.908276,823065.000,298,1,T1,1,100,34.615
1738260917.042281,823199.000,315,1,T1,1,100,34.585
1738260917.175287,823332.000,331,1,T1,1,100,34.608
1738260917.308292,823465.000,348,1,T1,1,100,34.653
1738260917.442298,823599.000,381,1,T1,1,100,34.637
1738260917.575303,823732.000,399,1,T1,1,100,34.701
1738260917.708309,823865.000,417,1,T1,1,100,34.658
1738260917.842314,823999.000,454,1,T1,1,100,34.639
1738260917.975320,824132.000,471,1,T1,1,100,34.560
1738260918.108325,824265.000,488,1,T1,1,100,34.491
1738260918.242331,824399.000,521,1,T1,1,100,34.673
1738260918.375336,824532.000,537,1,T1,1,100,34.717
1738260918.508342,824665.000,554,1,T1,1,100,34.700
1738260918.642347,824799.000,570,1,T1,1,100,34.693
1738260918.775353,824932.000,603,1,T1,1,100,34.761
1738260918.908358,825065.000,620,1,T1,1,100,34.613
1738260919.041364,825198.000,637,1,T1,1,100,34.691
1738260919.175369,825332.000,669,1,T1,1,100,34.618
1738260919.308375,825465.000,687,1,T1,1,100,34.728
1738260919.441380,825598.000,703,1,T1,1,100,34.670
1738260919.575386,825732.000,736,1,T1,1,100,34.609
1738260919.708391,825865.000,753,1,T1,1,100,34.583
1738260919.841397,825998.000,769,1,T1,1,100,34.607
1738260919.975402,826132.000,802,1,T1,1,100,34.617
1738260920.108408,826265.000,819,1,T1,1,100,34.622
1738260920.241413,826398.000,835,1,T1,1,100,34.659
1738260920.375419,826532.000,870,1,T1,1,100,34.711
1738260920.508424,826665.000,887,1,T1,1,100,34.662
1738260920.641430,826798.000,904,1,T1,1,100,34.712
1738260920.775435,826932.000,921,1,T1,1,100,34.663
1738260920.908441,827065.000,954,1,T1,1,100,34.677
1738260921.041446,827198.000,970,1,T1,1,100,34.576
1738260921.175452,827332.000,987,1,T1,1,100,34.746
1738260921.308457,827465.000,1022,1,T1,1,100,34.642
1738260921.441463,827598.000,1038,1,T1,1,100,34.526
1738260921.575468,827732.000,1055,1,T1,1,100,34.688
1738260921.708474,827865.000,1088,1,T1,1,100,34.759
1738260921.841479,827998.000,1104,1,T1,1,100,34.683
1738260921.975485,828132.000,1122,1,T1,1,100,34.650
1738260922.108490,828265.000,1154,1,T1,1,100,34.636
1738260922.241496,828398.000,1172,1,T1,1,100,34.736
1738260922.374501,828531.000,1190,1,T1,1,100,34.744
1738260922.508507,828665.000,1206,1,T1,1,100,34.712
1738260922.641512,828798.000,1239,1,T1,1,100,34.521
1738260922.774518,828931.000,1256,1,T1,1,100,34.509
1738260922.908523,829065.000,1272,1,T1,1,100,34.610
1738260923.041529,829198.000,1310,1,T1,1,100,34.725
1738260923.174534,829331.000,1327,1,T1,1,100,34.633
1738260923.308540,829465.000,1344,1,T1,1,100,34.628
1738260923.441545,829598.000,1376,1,T1,1,100,34.556
1738260923.574551,829731.000,1393,1,T1,1,100,34.595
1738260923.708556,829865.000,1410,1,T1,1,100,34.577
1738260923.841562,829998.000,1442,1,T1,1,100,34.604
1738260923.974567,830131.000,1460,1,T1,1,100,34.687
1738260924.108573,830265.000,1476,1,T1,1,100,34.758
1738260924.241578,830398.000,1493,1,T1,1,100,34.718
1738260924.374584,830531.000,1526,1,T1,1,100,34.630
1738260924.508590,830665.000,1542,1,T1,1,100,34.556
1738260924.641595,830798.000,1560,1,T1,1,100,34.631
1738260924.774601,830931.000,1592,1,T1,1,100,34.663
1738260924.908606,831065.000,1610,1,T1,1,100,34.606
1738260925.041611,831198.000,1628,1,T1,1,100,34.688
1738260925.174617,831331.000,1660,1,T1,1,100,34.723
1738260925.307622,831464.000,1677,1,T1,1,100,34.632
1738260925.441628,831598.000,1696,1,T1,1,100,34.663
1738260925.574634,831731.000,1729,1,T1,1,100,34.571
1738260925.707639,831864.000,1745,1,T1,1,100,34.672
1738260925.841645,831998.000,1762,1,T1,1,100,34.681
1738260925.974650,832131.000,1795,1,T1,1,100,34.720
1738260926.107656,832264.000,1811,1,T1,1,100,34.773
1738260926.241661,832398.000,1828,1,T1,1,100,34.689
1738260926.374666,832531.000,1845,1,T1,1,100,34.617
1738260926.507672,832664.000,1877,1,T1,1,100,34.622
1738260926.641678,832798.000,1895,1,T1,1,100,34.588
1738260926.774683,832931.000,1911,1,T1,1,100,34.574
1738260926.907689,833064.000,1944,1,T1,1,100,34.603
1738260927.041694,833198.000,1961,1,T1,1,100,34.686
1738260927.174700,833331.000,1977,1,T1,1,100,34.758
1738260927.307705,833464.000,2010,1,T1,1,100,34.682
1738260927.441711,833598.000,2027,1,T1,1,100,34.685
1738260927.574716,833731.000,2043,1,T1,1,100,34.580
1738260927.707722,833864.000,2076,1,T1,1,100,34.606
1738260927.841727,833998.000,2093,1,T1,1,100,34.652
1738260927.974733,834131.000,2110,1,T1,1,100,34.708
1738260928.107738,834264.000,2132,1,T1,1,100,34.696
1738260928.241744,834398.000,2165,1,T1,1,100,34.656
1738260928.374749,834531.000,2183,1,T1,1,100,34.745
1738260928.507755,834664.000,2200,1,T1,1,100,34.890
1738260928.641760,834798.000,2233,1,T1,1,100,34.775
1738260928.774766,834931.000,2249,1,T1,1,100,34.761
1738260928.907771,835064.000,2266,1,T1,1,100,34.613
1738260929.040777,835197.000,2283,1,T1,1,100,34.726
1738260929.174782,835331.000,2315,1,T1,1,100,34.704
1738260929.307788,835464.000,2333,1,T1,1,100,34.695
1738260929.440793,835597.000,2349,1,T1,1,100,34.691
1738260929.574799,835731.000,2382,1,T1,1,100,34.760
1738260929.707804,835864.000,2399,1,T1,1,100,34.825
1738260929.840810,835997.000,2415,1,T1,1,100,34.783
1738260929.974815,836131.000,2448,1,T1,1,100,34.693
1738260930.107821,836264.000,2465,1,T1,1,100,34.690
1738260930.240826,836397.000,2481,1,T1,1,100,34.724
1738260930.374832,836531.000,2516,1,T1,1,100,34.774
1738260930.507837,836664.000,2533,1,T1,1,100,34.796
1738260930.640843,836797.000,2550,1,T1,1,100,34.805
1738260930.774848,836931.000,2584,1,T1,1,100,34.738
1738260930.907854,837064.000,2601,1,T1,1,100,34.816
1738260931.040859,837197.000,2620,1,T1,1,100,34.743
1738260931.174865,837331.000,2637,1,T1,1,100,34.747
1738260931.307870,837464.000,2670,1,T1,1,100,34.713
1738260931.440876,837597.000,2686,1,T1,1,100,34.734
1738260931.574881,837731.000,2703,1,T1,1,100,34.708
1738260931.707887,837864.000,2736,1,T1,1,100,34.767
1738260931.840892,837997.000,2754,1,T1,1,100,34.722
1738260931.973898,838130.000,2772,1,T1,1,100,34.702
1738260932.107903,838264.000,2804,1,T1,1,100,34.765
1738260932.240909,838397.000,2820,1,T1,1,100,34.686
1738260932.373914,838530.000,2838,1,T1,1,100,34.651
1738260932.507920,838664.000,2870,1,T1,1,100,34.707
1738260932.640925,838797.000,2887,1,T1,1,100,34.767
1738260932.773931,838930.000,2904,1,T1,1,100,34.864
1738260932.907936,839064.000,2922,1,T1,1,100,34.764
1738260933.040942,839197.000,2955,1,T1,1,100,34.720
1738260933.173947,839330.000,2977,1,T1,1,100,34.666
1738260933.307953,839464.000,2994,1,T1,1,100,34.607
1738260933.440958,839597.000,3026,1,T1,1,100,34.617
1738260933.573964,839730.000,3043,1,T1,1,100,34.622
1738260933.707969,839864.000,3060,1,T1,1,100,34.659
1738260933.840975,839997.000,3092,1,T1,1,100,34.711
1738260933.973980,840130.000,3110,1,T1,1,100,34.768
1738260934.107986,840264.000,3126,1,T1,1,100,34.723
1738260934.240992,840397.000,3159,1,T1,1,100,34.703
1738260934.373997,840530.000,3176,1,T1,1,100,34.659
1738260934.508003,840664.000,3192,1,T1,1,100,34.746
1738260934.641008,840797.000,3225,1,T1,1,100,34.713
1738260934.774014,840930.000,3242,1,T1,1,100,34.769
1738260934.908019,841064.000,3258,1,T1,1,100,34.687
1738260935.041024,841197.000,3276,1,T1,1,100,34.829
1738260935.174030,841330.000,3308,1,T1,1,100,34.820
1738260935.307035,841463.000,3325,1,T1,1,100,34.745
1738260935.441041,841597.000,3344,1,T1,1,100,34.783
1738260935.574047,841730.000,3377,1,T1,1,100,34.764
1738260935.707052,841863.000,3393,1,T1,1,100,34.792
1738260935.841058,841997.000,3410,1,T1,1,100,34.733
1738260935.974063,842130.000,3443,1,T1,1,100,34.742
1738260936.107069,842263.000,3459,1,T1,1,100,34.676
1738260936.241074,842397.000,3476,1,T1,1,100,34.753
1738260936.374079,842530.000,3509,1,T1,1,100,34.822
1738260936.507085,842663.000,3525,1,T1,1,100,34.710
1738260936.641091,842797.000,3543,1,T1,1,100,34.733
1738260936.774096,842930.000,3575,1,T1,1,100,34.672
1738260936.907102,843063.000,3591,1,T1,1,100,34.716
1738260937.041107,843197.000,3609,1,T1,1,100,34.806
1738260937.174113,843330.000,3625,1,T1,1,100,34.881
1738260937.307118,843463.000,3658,1,T1,1,100,34.842
1738260937.441124,843597.000,3675,1,T1,1,100,34.825
1738260937.574129,843730.000,3691,1,T1,1,100,34.853
1738260937.707135,843863.000,3724,1,T1,1,100,34.830
1738260937.841140,843997.000,3741,1,T1,1,100,34.856
1738260937.974146,844130.000,3758,1,T1,1,100,34.796
1738260938.107151,844263.000,3790,1,T1,1,100,34.805
1738260938.240657,844396.500,3811,2,T1,1,100,34.845
1738260938.374162,844530.000,3811,2,T1,1,100,34.826
1738260938.507168,844663.000,3843,1,T1,1,100,34.712
1738260938.640173,844796.000,3861,1,T1,1,100,34.698
1738260938.774179,844930.000,3877,1,T1,1,100,34.692
1738260938.907184,845063.000,3912,1,T1,1,100,34.796
1738260939.040190,845196.000,3931,1,T1,1,100,34.805
1738260939.174195,845330.000,3947,1,T1,1,100,34.668
1738260939.307201,845463.000,3980,1,T1,1,100,34.679
1738260939.440206,845596.000,3997,1,T1,1,100,34.755
1738260939.574212,845730.000,4013,1,T1,1,100,34.752
1738260939.707217,845863.000,4031,1,T1,1,100,34.822
1738260939.840223,845996.000,4065,1,T1,1,100,34.852
1738260939.974228,846130.000,4082,1,T1,1,100,34.865
1738260940.107234,846263.000,4099,1,T1,1,100,34.871
1738260940.240239,846396.000,4132,1,T1,1,100,34.802
1738260940.374245,846530.000,4150,1,T1,1,100,34.773
1738260940.507250,846663.000,4167,1,T1,1,100,34.831
1738260940.640256,846796.000,4200,1,T1,1,100,34.820
1738260940.774261,846930.000,4216,1,T1,1,100,34.745
1738260940.907267,847063.000,4233,1,T1,1,100,34.783
1738260941.040272,847196.000,4266,1,T1,1,100,34.800
1738260941.174278,847330.000,4282,1,T1,1,100,34.807
1738260941.307283,847463.000,4300,1,T1,1,100,34.739
1738260941.440289,847596.000,4332,1,T1,1,100,34.852
1738260941.574294,847730.000,4348,1,T1,1,100,34.865
1738260941.707300,847863.000,4366,1,T1,1,100,34.906
1738260941.840305,847996.000,4382,1,T1,1,100,34.853
1738260941.974311,848130.000,4415,1,T1,1,100,34.830
1738260942.107316,848263.000,4432,1,T1,1,100,34.820
1738260942.240322,848396.000,4448,1,T1,1,100,34.816
1738260942.373327,848529.000,4483,1,T1,1,100,34.956
1738260942.507333,848663.000,4500,1,T1,1,100,34.839
1738260942.640338,848796.000,4517,1,T1,1,100,34.895
1738260942.773344,848929.000,4549,1,T1,1,100,34.848
1738260942.907349,849063.000,4566,1,T1,1,100,34.722
1738260943.040355,849196.000,4583,1,T1,1,100,34.880
1738260943.173360,849329.000,4615,1,T1,1,100,34.912
1738260943.307366,849463.000,4633,1,T1,1,100,34.856
1738260943.440372,849596.000,4656,1,T1,1,100,34.760
1738260943.573377,849729.000,4675,1,T1,1,100,34.896
1738260943.707382,849863.000,4708,1,T1,1,100,34.955
1738260943.840388,849996.000,4724,1,T1,1,100,34.910
1738260943.973393,850129.000,4742,1,T1,1,100,34.890
1738260944.107399,850263.000,4758,1,T1,1,100,34.811
1738260944.240405,850396.000,4790,1,T1,1,100,34.883
1738260944.373410,850529.000,4808,1,T1,1,100,34.843
1738260944.507416,850663.000,4824,1,T1,1,100,34.826
1738260944.640421,850796.000,4857,1,T1,1,100,34.747
1738260944.773427,850929.000,4874,1,T1,1,100,34.749
1738260944.907432,851063.000,4892,1,T1,1,100,34.856
1738260945.040437,851196.000,4925,1,T1,1,100,34.796
1738260945.173443,851329.000,4942,1,T1,1,100,34.663
1738260945.307449,851463.000,4959,1,T1,1,100,34.819
1738260945.440454,851596.000,4993,1,T1,1,100,34.922
1738260945.573460,851729.000,5010,1,T1,1,100,34.824
1738260945.706465,851862.000,5027,1,T1,1,100,34.782
1738260945.840471,851996.000,5059,1,T1,1,100,34.799
1738260945.973476,852129.000,5077,1,T1,1,100,34.807
1738260946.106482,852262.000,5095,1,T1,1,100,34.775
1738260946.240487,852396.000,5112,1,T1,1,100,34.761
1738260946.373492,852529.000,5145,1,T1,1,100,34.790
1738260946.506498,852662.000,5161,1,T1,1,100,34.732
1738260946.640504,852796.000,5179,1,T1,1,100,34.813
1738260946.773509,852929.000,5211,1,T1,1,100,34.848
1738260946.906515,853062.000,5227,1,T1,1,100,34.792
1738260947.040520,853196.000,5245,1,T1,1,100,34.804
1738260947.173526,853329.000,5277,1,T1,1,100,34.880
1738260947.306531,853462.000,5294,1,T1,1,100,34.877
1738260947.440537,853596.000,5311,1,T1,1,100,34.840
1738260947.573542,853729.000,5344,1,T1,1,100,34.825
1738260947.706548,853862.000,5360,1,T1,1,100,34.782
1738260947.840553,853996.000,5377,1,T1,1,100,34.799
1738260947.973559,854129.000,5410,1,T1,1,100,34.913
1738260948.106564,854262.000,5426,1,T1,1,100,34.892
1738260948.240570,854396.000,5443,1,T1,1,100,34.847
1738260948.373575,854529.000,5476,1,T1,1,100,34.863
1738260948.506581,854662.000,5497,1,T1,1,100,34.976
1738260948.639586,854795.000,5515,1,T1,1,100,34.812
1738260948.773592,854929.000,5531,1,T1,1,100,34.848
1738260948.906597,855062.000,5564,1,T1,1,100,34.863
1738260949.040603,855196.000,5581,1,T1,1,100,34.941
1738260949.173608,855329.000,5597,1,T1,1,100,34.939
1738260949.306614,855462.000,5632,1,T1,1,100,35.009
1738260949.439619,855595.000,5649,1,T1,1,100,34.862
1738260949.573625,855729.000,5665,1,T1,1,100,34.834
1738260949.706630,855862.000,5698,1,T1,1,100,34.964
1738260949.839636,855995.000,5715,1,T1,1,100,34.913
1738260949.973641,856129.000,5732,1,T1,1,100,34.927
1738260950.106647,856262.000,5764,1,T1,1,100,34.898
1738260950.239652,856395.000,5781,1,T1,1,100,34.849
1738260950.373658,856529.000,5800,1,T1,1,100,34.935
1738260950.506663,856662.000,5817,1,T1,1,100,34.901
1738260950.639669,856795.000,5850,1,T1,1,100,34.886
1738260950.773674,856929.000,5866,1,T1,1,100,34.844
1738260950.906680,857062.000,5883,1,T1,1,100,34.933
1738260951.039685,857195.000,5916,1,T1,1,100,34.864
1738260951.173691,857329.000,5932,1,T1,1,100,34.906
1738260951.306696,857462.000,5950,1,T1,1,100,34.888
1738260951.439702,857595.000,5982,1,T1,1,100,34.881
1738260951.573707,857729.000,5998,1,T1,1,100,34.842
1738260951.706713,857862.000,6016,1,T1,1,100,34.825
1738260951.839718,857995.000,6048,1,T1,1,100,34.818
1738260951.973724,858129.000,6065,1,T1,1,100,34.779
1738260952.106730,858262.000,6082,1,T1,1,100,34.869
1738260952.239735,858395.000,6115,1,T1,1,100,34.908
1738260952.373740,858529.000,6131,1,T1,1,100,34.960
1738260952.506746,858662.000,6148,1,T1,1,100,34.983
1738260952.639751,858795.000,6164,1,T1,1,100,34.922
1738260952.772757,858928.000,6197,1,T1,1,100,35.037
1738260952.906762,859062.000,6214,1,T1,1,100,34.874
1738260953.039768,859195.000,6231,1,T1,1,100,34.946
1738260953.172773,859328.000,6263,1,T1,1,100,34.870
1738260953.306779,859462.000,6281,1,T1,1,100,34.837
1738260953.439785,859595.000,6297,1,T1,1,100,34.823
1738260953.572790,859728.000,6335,1,T1,1,100,34.959
1738260953.706795,859862.000,6354,1,T1,1,100,34.876
1738260953.839801,859995.000,6370,1,T1,1,100,34.875
1738260953.972806,860128.000,6403,1,T1,1,100,34.946
1738260954.106812,860262.000,6420,1,T1,1,100,34.941
1738260954.239818,860395.000,6436,1,T1,1,100,34.797
1738260954.372823,860528.000,6469,1,T1,1,100,34.841
1738260954.506829,860662.000,6486,1,T1,1,100,34.931
1738260954.639834,860795.000,6503,1,T1,1,100,34.899
1738260954.772840,860928.000,6520,1,T1,1,100,34.886
1738260954.906845,861062.000,6552,1,T1,1,100,34.880
1738260955.039850,861195.000,6571,1,T1,1,100,34.912
1738260955.172856,861328.000,6588,1,T1,1,100,34.927
1738260955.306862,861462.000,6623,1,T1,1,100,34.862
1738260955.439867,861595.000,6639,1,T1,1,100,34.869
1738260955.572873,861728.000,6656,1,T1,1,100,34.873
1738260955.706878,861862.000,6689,1,T1,1,100,34.874
1738260955.839884,861995.000,6705,1,T1,1,100,34.945
1738260955.972889,862128.000,6723,1,T1,1,100,34.941
1738260956.105895,862261.000,6755,1,T1,1,100,34.868
1738260956.239900,862395.000,6771,1,T1,1,100,34.801
1738260956.372905,862528.000,6791,1,T1,1,100,34.985
1738260956.505911,862661.000,6823,1,T1,1,100,34.958
1738260956.639917,862795.000,6840,1,T1,1,100,34.805
1738260956.772922,862928.000,6857,1,T1,1,100,34.809
1738260956.905928,863061.000,6890,1,T1,1,100,34.846
1738260957.039933,863195.000,6906,1,T1,1,100,34.969
1738260957.172939,863328.000,6923,1,T1,1,100,34.880
1738260957.305944,863461.000,6956,1,T1,1,100,34.842
1738260957.439950,863595.000,6972,1,T1,1,100,34.967
1738260957.572955,863728.000,6991,1,T1,1,100,34.915
1738260957.705961,863861.000,7008,1,T1,1,100,34.928
1738260957.839966,863995.000,7040,1,T1,1,100,34.862
1738260957.972972,864128.000,7058,1,T1,1,100,34.834
1738260958.105977,864261.000,7074,1,T1,1,100,34.857
1738260958.239983,864395.000,7107,1,T1,1,100,34.938
1738260958.372988,864528.000,7124,1,T1,1,100,34.902
1738260958.505994,864661.000,7140,1,T1,1,100,34.958
1738260958.638999,864794.000,7173,1,T1,1,100,35.017
1738260958.773005,864928.000,7197,1,T1,1,100,34.901
1738260958.906010,865061.000,7213,1,T1,1,100,34.886
1738260959.039016,865194.000,7246,1,T1,1,100,34.951
1738260959.173021,865328.000,7263,1,T1,1,100,34.837
1738260959.306027,865461.000,7280,1,T1,1,100,34.965
1738260959.439032,865594.000,7312,1,T1,1,100,34.914
1738260959.573038,865728.000,7329,1,T1,1,100,34.892
1738260959.706043,865861.000,7346,1,T1,1,100,34.918
1738260959.839049,865994.000,7363,1,T1,1,100,34.893
1738260959.973054,866128.000,7396,1,T1,1,100,34.883
1738260960.106060,866261.000,7412,1,T1,1,100,34.985
1738260960.239065,866394.000,7429,1,T1,1,100,34.923
1738260960.373071,866528.000,7464,1,T1,1,100,34.896
1738260960.506076,866661.000,7480,1,T1,1,100,34.848
1738260960.639082,866794.000,7498,1,T1,1,100,34.828
1738260960.773087,866928.000,7530,1,T1,1,100,34.890
1738260960.906093,867061.000,7546,1,T1,1,100,34.811
1738260961.039098,867194.000,7564,1,T1,1,100,34.847
1738260961.173104,867328.000,7598,1,T1,1,100,34.898
1738260961.306109,867461.000,7615,1,T1,1,100,34.921
1738260961.439115,867594.000,7632,1,T1,1,100,34.859
1738260961.573120,867728.000,7665,1,T1,1,100,34.868
1738260961.706126,867861.000,7681,1,T1,1,100,34.908
1738260961.839131,867994.000,7698,1,T1,1,100,35.031
1738260961.973137,868128.000,7731,1,T1,1,100,34.907
1738260962.106143,868261.000,7747,1,T1,1,100,34.889
1738260962.239148,868394.000,7766,1,T1,1,100,34.881
1738260962.372153,868527.000,7783,1,T1,1,100,34.949
1738260962.506159,868661.000,7815,1,T1,1,100,35.049
1738260962.639164,868794.000,7833,1,T1,1,100,34.915
1738260962.772170,868927.000,7849,1,T1,1,100,34.963
1738260962.906175,869061.000,7882,1,T1,1,100,34.949
1738260963.039181,869194.000,7899,1,T1,1,100,34.942
1738260963.172186,869327.000,7915,1,T1,1,100,35.010
1738260963.306192,869461.000,7950,1,T1,1,100,35.111
1738260963.439198,869594.000,7967,1,T1,1,100,34.942
1738260963.572203,869727.000,7983,1,T1,1,100,35.010
1738260963.706208,869861.000,8016,1,T1,1,100,35.111
1738260963.839214,869994.000,8038,1,T1,1,100,34.977
1738260963.972219,870127.000,8055,1,T1,1,100,34.884
1738260964.106225,870261.000,8072,1,T1,1,100,34.879
1738260964.239231,870394.000,8105,1,T1,1,100,35.018
1738260964.372236,870527.000,8121,1,T1,1,100,35.043
1738260964.506242,870661.000,8138,1,T1,1,100,35.019
1738260964.639247,870794.000,8154,1,T1,1,100,35.008
1738260964.772253,870927.000,8187,1,T1,1,100,34.968
1738260964.906258,871061.000,8204,1,T1,1,100,35.022
1738260965.039263,871194.000,8221,1,T1,1,100,34.974
1738260965.172269,871327.000,8255,1,T1,1,100,35.024
1738260965.306275,871461.000,8273,1,T1,1,100,35.010
1738260965.439280,871594.000,8291,1,T1,1,100,35.040
1738260965.572286,871727.000,8324,1,T1,1,100,34.946
1738260965.705291,871860.000,8341,1,T1,1,100,34.870
1738260965.839297,871994.000,8357,1,T1,1,100,34.979
1738260965.972302,872127.000,8390,1,T1,1,100,34.956
1738260966.105308,872260.000,8407,1,T1,1,100,34.910
1738260966.239313,872394.000,8423,1,T1,1,100,34.926
1738260966.372319,872527.000,8456,1,T1,1,100,34.826
1738260966.505324,872660.000,8473,1,T1,1,100,34.889
1738260966.639330,872794.000,8490,1,T1,1,100,34.917
1738260966.772335,872927.000,8522,1,T1,1,100,34.964
1738260966.905341,873060.000,8539,1,T1,1,100,35.020
1738260967.039346,873194.000,8556,1,T1,1,100,34.867
1738260967.172352,873327.000,8573,1,T1,1,100,34.871
1738260967.305357,873460.000,8606,1,T1,1,100,34.980
1738260967.439363,873594.000,8622,1,T1,1,100,34.991
1738260967.572368,873727.000,8641,1,T1,1,100,34.996
1738260967.705374,873860.000,8674,1,T1,1,100,34.963
1738260967.839379,873994.000,8690,1,T1,1,100,34.984
1738260967.972385,874127.000,8708,1,T1,1,100,34.993
1738260968.105390,874260.000,8740,1,T1,1,100,35.032
1738260968.239396,874394.000,8756,1,T1,1,100,35.014
1738260968.372401,874527.000,8774,1,T1,1,100,35.006
1738260968.505407,874660.000,8806,1,T1,1,100,35.038
1738260968.639412,874794.000,8823,1,T1,1,100,35.052
1738260968.772418,874927.000,8840,1,T1,1,100,34.952
1738260968.905423,875060.000,8858,1,T1,1,100,34.979
1738260969.038429,875193.000,8896,1,T1,1,100,34.814
1738260969.172434,875327.000,8913,1,T1,1,100,34.955
1738260969.305440,875460.000,8930,1,T1,1,100,34.910
1738260969.439445,875594.000,8962,1,T1,1,100,34.996
1738260969.572451,875727.000,8979,1,T1,1,100,34.998
1738260969.705456,875860.000,8996,1,T1,1,100,34.999
1738260969.838462,875993.000,9028,1,T1,1,100,35.000
1738260969.972467,876127.000,9046,1,T1,1,100,34.893
1738260970.105473,876260.000,9062,1,T1,1,100,34.918
1738260970.238478,876393.000,9097,1,T1,1,100,34.894
1738260970.372484,876527.000,9116,1,T1,1,100,35.096
1738260970.505489,876660.000,9132,1,T1,1,100,35.006
1738260970.638495,876793.000,9165,1,T1,1,100,35.003
1738260970.772500,876927.000,9182,1,T1,1,100,34.930
1738260970.905506,877060.000,9198,1,T1,1,100,35.041
1738260971.038511,877193.000,9216,1,T1,1,100,35.053
1738260971.172517,877327.000,9248,1,T1,1,100,35.023
1738260971.305522,877460.000,9265,1,T1,1,100,35.010
1738260971.438528,877593.000,9282,1,T1,1,100,35.004
1738260971.572533,877727.000,9317,1,T1,1,100,35.002
1738260971.705539,877860.000,9333,1,T1,1,100,35.001
1738260971.838544,877993.000,9350,1,T1,1,100,35.000
1738260971.972550,878127.000,9383,1,T1,1,100,35.000
1738260972.105556,878260.000,9399,1,T1,1,100,35.000
1738260972.238561,878393.000,9416,1,T1,1,100,34.894
1738260972.371567,878526.000,9449,1,T1,1,100,34.919
1738260972.505572,878660.000,9465,1,T1,1,100,34.929
1738260972.638577,878793.000,9483,1,T1,1,100,35.040
1738260972.771583,878926.000,9515,1,T1,1,100,35.053
1738260972.905588,879060.000,9531,1,T1,1,100,34.987
1738260973.038594,879193.000,9549,1,T1,1,100,35.030
1738260973.171599,879326.000,9581,1,T1,1,100,35.013
1738260973.305605,879460.000,9598,1,T1,1,100,35.006
1738260973.438611,879593.000,9615,1,T1,1,100,35.002
1738260973.571616,879726.000,9631,1,T1,1,100,35.072
1738260973.705621,879860.000,9664,1,T1,1,100,35.031
1738260973.838627,879993.000,9683,1,T1,1,100,34.872
1738260973.972633,880127.000,9700,1,T1,1,100,35.015
1738260974.105638,880260.000,9737,1,T1,1,100,35.078
1738260974.238644,880393.000,9754,1,T1,1,100,34.963
1738260974.371649,880526.000,9771,1,T1,1,100,34.913
1738260974.505655,880660.000,9803,1,T1,1,100,34.891
1738260974.638660,880793.000,9821,1,T1,1,100,34.882
1738260974.771666,880926.000,9837,1,T1,1,100,34.914
1738260974.905671,881060.000,9870,1,T1,1,100,34.963
1738260975.038677,881193.000,9887,1,T1,1,100,35.055
1738260975.171682,881326.000,9905,1,T1,1,100,35.166
1738260975.305688,881460.000,9922,1,T1,1,100,35.107
1738260975.438693,881593.000,9957,1,T1,1,100,35.046
1738260975.571699,881726.000,9973,1,T1,1,100,35.020
1738260975.705704,881860.000,9991,1,T1,1,100,35.009
1738260975.838710,881993.000,10023,1,T1,1,100,35.075
1738260975.971715,882126.000,10040,1,T1,1,100,35.032
1738260976.104721,882259.000,10057,1,T1,1,100,34.943
1738260976.238726,882393.000,10092,1,T1,1,100,35.011
1738260976.371732,882526.000,10108,1,T1,1,100,35.040
1738260976.504737,882659.000,10125,1,T1,1,100,34.982
1738260976.638743,882793.000,10158,1,T1,1,100,34.992
1738260976.771748,882926.000,10174,1,T1,1,100,35.032
1738260976.904754,883059.000,10191,1,T1,1,100,34.978
1738260977.038759,883193.000,10224,1,T1,1,100,34.991
1738260977.171765,883326.000,10240,1,T1,1,100,34.961
1738260977.304770,883459.000,10260,1,T1,1,100,34.912
1738260977.438776,883593.000,10276,1,T1,1,100,34.962
1738260977.571781,883726.000,10309,1,T1,1,100,34.913
1738260977.704787,883859.000,10326,1,T1,1,100,34.962
1738260977.838792,883993.000,10342,1,T1,1,100,35.019
1738260977.971798,884126.000,10375,1,T1,1,100,35.044
1738260978.104803,884259.000,10392,1,T1,1,100,34.913
1738260978.238809,884393.000,10408,1,T1,1,100,35.104
1738260978.371814,884526.000,10441,1,T1,1,100,35.116
1738260978.504820,884659.000,10458,1,T1,1,100,35.086
1738260978.637825,884792.000,10475,1,T1,1,100,35.072
1738260978.771831,884926.000,10507,1,T1,1,100,35.067
1738260978.904836,885059.000,10524,1,T1,1,100,35.029
1738260979.038842,885193.000,10541,1,T1,1,100,34.977
1738260979.171847,885326.000,10578,1,T1,1,100,35.026
1738260979.304853,885459.000,10598,1,T1,1,100,35.047
1738260979.437858,885592.000,10614,1,T1,1,100,34.985
1738260979.571864,885726.000,10631,1,T1,1,100,35.064
1738260979.704869,885859.000,10664,1,T1,1,100,35.028
1738260979.837875,885992.000,10680,1,T1,1,100,34.977
1738260979.971880,886126.000,10698,1,T1,1,100,34.990
1738260980.104886,886259.000,10730,1,T1,1,100,35.067
1738260980.237891,886392.000,10746,1,T1,1,100,35.029
1738260980.371897,886526.000,10768,1,T1,1,100,35.048
1738260980.504902,886659.000,10802,1,T1,1,100,35.163
1738260980.637908,886792.000,10819,1,T1,1,100,34.999
1738260980.771913,886926.000,10836,1,T1,1,100,35.177
1738260980.904919,887059.000,10869,1,T1,1,100,35.112
1738260981.037924,887192.000,10885,1,T1,1,100,35.084
1738260981.171930,887326.000,10902,1,T1,1,100,35.036
1738260981.304935,887459.000,10918,1,T1,1,100,35.122
1738260981.437941,887592.000,10951,1,T1,1,100,35.053
1738260981.571946,887726.000,10968,1,T1,1,100,35.058
1738260981.704952,887859.000,10987,1,T1,1,100,35.061
1738260981.837957,887992.000,11019,1,T1,1,100,35.026
1738260981.971963,888126.000,11037,1,T1,1,100,35.047
1738260982.104969,888259.000,11053,1,T1,1,100,35.091
1738260982.237974,888392.000,11086,1,T1,1,100,35.075
1738260982.370980,888525.000,11103,1,T1,1,100,34.926
1738260982.504985,888659.000,11119,1,T1,1,100,35.110
1738260982.637990,888792.000,11152,1,T1,1,100,35.118
1738260982.770996,888925.000,11169,1,T1,1,100,35.087
1738260982.905001,889059.000,11187,1,T1,1,100,35.073
1738260983.038007,889192.000,11220,1,T1,1,100,35.138
1738260983.171012,889325.000,11237,1,T1,1,100,35.131
1738260983.305018,889459.000,11254,1,T1,1,100,35.057
1738260983.438024,889592.000,11271,1,T1,1,100,35.060
1738260983.571029,889725.000,11304,1,T1,1,100,35.061
1738260983.705034,889859.000,11320,1,T1,1,100,35.133
1738260983.838040,889992.000,11337,1,T1,1,100,35.199
1738260983.971045,890125.000,11370,1,T1,1,100,35.157
1738260984.105051,890259.000,11386,1,T1,1,100,35.103
1738260984.238057,890392.000,11405,1,T1,1,100,35.080
1738260984.371062,890525.000,11427,1,T1,1,100,35.070
1738260984.505068,890659.000,11443,1,T1,1,100,35.137
1738260984.638073,890792.000,11461,1,T1,1,100,35.095
1738260984.771079,890925.000,11493,1,T1,1,100,35.041
1738260984.905084,891059.000,11509,1,T1,1,100,35.124
1738260985.038090,891192.000,11527,1,T1,1,100,35.089
1738260985.171095,891325.000,11559,1,T1,1,100,35.039
1738260985.304101,891458.000,11576,1,T1,1,100,35.017
1738260985.438106,891592.000,11595,1,T1,1,100,35.078
1738260985.571112,891725.000,11630,1,T1,1,100,35.034
1738260985.704117,891858.000,11646,1,T1,1,100,35.015
1738260985.838123,891992.000,11663,1,T1,1,100,35.148
1738260985.971128,892125.000,11679,1,T1,1,100,34.993
1738260986.104134,892258.000,11712,1,T1,1,100,34.962
1738260986.238139,892392.000,11729,1,T1,1,100,35.054
1738260986.371145,892525.000,11746,1,T1,1,100,35.023
1738260986.504150,892658.000,11778,1,T1,1,100,35.010
1738260986.638156,892792.000,11796,1,T1,1,100,34.969
1738260986.771161,892925.000,11812,1,T1,1,100,35.022
1738260986.904167,893058.000,11845,1,T1,1,100,35.045
1738260987.038172,893192.000,11862,1,T1,1,100,35.055
1738260987.171178,893325.000,11878,1,T1,1,100,35.095
1738260987.304183,893458.000,11911,1,T1,1,100,35.112
1738260987.438189,893592.000,11928,1,T1,1,100,35.084
1738260987.571194,893725.000,11944,1,T1,1,100,35.072
1738260987.704200,893858.000,11977,1,T1,1,100,35.066
1738260987.838205,893992.000,11994,1,T1,1,100,35.135
1738260987.971211,894125.000,12011,1,T1,1,100,35.200
1738260988.104216,894258.000,12030,1,T1,1,100,35.122
1738260988.238222,894392.000,12063,1,T1,1,100,35.017
1738260988.371227,894525.000,12079,1,T1,1,100,35.078
1738260988.504233,894658.000,12096,1,T1,1,100,35.105
1738260988.638238,894792.000,12129,1,T1,1,100,35.116
1738260988.771244,894925.000,12145,1,T1,1,100,35.086
1738260988.904249,895058.000,12162,1,T1,1,100,35.002
1738260989.037255,895191.000,12195,1,T1,1,100,34.965
1738260989.171260,895325.000,12211,1,T1,1,100,34.985
1738260989.304266,895458.000,12231,1,T1,1,100,34.923
1738260989.437271,895591.000,12269,1,T1,1,100,35.002
1738260989.571277,895725.000,12286,1,T1,1,100,35.001
1738260989.704282,895858.000,12303,1,T1,1,100,35.107
1738260989.837288,895991.000,12319,1,T1,1,100,35.153
1738260989.971293,896125.000,12352,1,T1,1,100,35.101
1738260990.104299,896258.000,12369,1,T1,1,100,34.973
1738260990.237304,896391.000,12385,1,T1,1,100,34.988
1738260990.371310,896525.000,12420,1,T1,1,100,35.101
1738260990.504315,896658.000,12437,1,T1,1,100,35.150
1738260990.637321,896791.000,12454,1,T1,1,100,35.207
1738260990.771326,896925.000,12486,1,T1,1,100,35.125
1738260990.904332,897058.000,12503,1,T1,1,100,35.160
1738260991.037337,897191.000,12520,1,T1,1,100,35.140
1738260991.171343,897325.000,12539,1,T1,1,100,35.096
1738260991.304348,897458.000,12572,1,T1,1,100,35.077
1738260991.437354,897591.000,12588,1,T1,1,100,35.069
1738260991.571359,897725.000,12605,1,T1,1,100,35.172
1738260991.704365,897858.000,12638,1,T1,1,100,35.216
1738260991.837370,897991.000,12654,1,T1,1,100,35.164
1738260991.971376,898125.000,12672,1,T1,1,100,35.178
1738260992.104382,898258.000,12704,1,T1,1,100,35.183
1738260992.237387,898391.000,12720,1,T1,1,100,35.115
1738260992.371392,898525.000,12740,1,T1,1,100,35.156
1738260992.504398,898658.000,12772,1,T1,1,100,35.068
1738260992.637403,898791.000,12789,1,T1,1,100,35.029
1738260992.771409,898925.000,12806,1,T1,1,100,35.048
1738260992.904414,899058.000,12839,1,T1,1,100,35.092
1738260993.037420,899191.000,12855,1,T1,1,100,35.004
1738260993.170425,899324.000,12872,1,T1,1,100,35.073
1738260993.304431,899458.000,12905,1,T1,1,100,35.067
1738260993.437437,899591.000,12923,1,T1,1,100,35.100
1738260993.570442,899724.000,12940,1,T1,1,100,35.079
1738260993.704448,899858.000,12957,1,T1,1,100,34.963
1738260993.837453,899991.000,12989,1,T1,1,100,35.090
1738260993.970459,900124.000,13007,1,T1,1,100,35.110
1738260994.104464,900258.000,13023,1,T1,1,100,35.083
1738260994.237470,900391.000,13056,1,T1,1,100,35.071
1738260994.370475,900524.000,13073,1,T1,1,100,35.102
1738260994.504481,900658.000,13089,1,T1,1,100,35.044
1738260994.637486,900791.000,13131,1,T1,1,100,35.161
1738260994.770492,900924.000,13148,1,T1,1,100,35.070
1738260994.904497,901058.000,13164,1,T1,1,100,35.172
1738260995.037503,901191.000,13197,1,T1,1,100,35.074
1738260995.170508,901324.000,13214,1,T1,1,100,35.103
1738260995.303514,901457.000,13231,1,T1,1,100,35.116
1738260995.437519,901591.000,13250,1,T1,1,100,35.085
1738260995.570525,901724.000,13282,1,T1,1,100,35.072
1738260995.703530,901857.000,13299,1,T1,1,100,35.031
1738260995.837536,901991.000,13316,1,T1,1,100,35.120
1738260995.970541,902124.000,13351,1,T1,1,100,35.052
1738260996.103547,902257.000,13367,1,T1,1,100,35.058
1738260996.237552,902391.000,13384,1,T1,1,100,35.025
1738260996.370558,902524.000,13417,1,T1,1,100,35.046
1738260996.503563,902657.000,13433,1,T1,1,100,35.091
1738260996.637569,902791.000,13451,1,T1,1,100,35.110
1738260996.770574,902924.000,13483,1,T1,1,100,35.190
1738260996.903580,903057.000,13499,1,T1,1,100,35.117
1738260997.037585,903191.000,13517,1,T1,1,100,35.157
1738260997.170591,903324.000,13533,1,T1,1,100,35.210
1738260997.303596,903457.000,13568,1,T1,1,100,35.055
1738260997.437602,903591.000,13585,1,T1,1,100,35.095
1738260997.570607,903724.000,13601,1,T1,1,100,35.112
1738260997.703613,903857.000,13634,1,T1,1,100,35.226
1738260997.837618,903991.000,13651,1,T1,1,100,35.098
1738260997.970624,904124.000,13668,1,T1,1,100,35.078
1738260998.103629,904257.000,13700,1,T1,1,100,35.069
1738260998.237635,904391.000,13717,1,T1,1,100,35.030
1738260998.370640,904524.000,13734,1,T1,1,100,35.190
1738260998.503646,904657.000,13766,1,T1,1,100,35.224
1738260998.637651,904791.000,13786,1,T1,1,100,35.168
1738260998.770657,904924.000,13802,1,T1,1,100,35.214
1738260998.903662,905057.000,13835,1,T1,1,100,35.128
1738260999.036668,905190.000,13852,1,T1,1,100,35.162
1738260999.170673,905324.000,13868,1,T1,1,100,35.141
1738260999.303679,905457.000,13885,1,T1,1,100,35.096
1738260999.436684,905590.000,13918,1,T1,1,100,35.184
1738260999.570690,905724.000,13934,1,T1,1,100,35.150
1738260999.703695,905857.000,13957,1,T1,1,100,35.065
1738260999.836701,905990.000,13989,1,T1,1,100,35.135
1738260999.970706,906124.000,14008,1,T1,1,100,35.165
1738261000.103712,906257.000,14025,1,T1,1,100,35.036
1738261000.236717,906390.000,14058,1,T1,1,100,35.157
1738261000.370723,906524.000,14076,1,T1,1,100,35.139
1738261000.503728,906657.000,14093,1,T1,1,100,35.096
1738261000.636734,906790.000,14126,1,T1,1,100,35.219
1738261000.770739,906924.000,14142,1,T1,1,100,35.236
1738261000.903745,907057.000,14159,1,T1,1,100,35.280
1738261001.036750,907190.000,14196,1,T1,1,100,35.227
1738261001.170756,907324.000,14212,1,T1,1,100,35.134
1738261001.303761,907457.000,14230,1,T1,1,100,35.164
1738261001.436767,907590.000,14246,1,T1,1,100,35.355
1738261001.570772,907724.000,14278,1,T1,1,100,35.224
1738261001.703778,907857.000,14296,1,T1,1,100,35.133
1738261001.836783,907990.000,14312,1,T1,1,100,35.164
1738261001.970789,908124.000,14345,1,T1,1,100,35.177
1738261002.103795,908257.000,14362,1,T1,1,100,35.041
1738261002.236800,908390.000,14378,1,T1,1,100,34.947
1738261002.369806,908523.000,14413,1,T1,1,100,34.942
1738261002.503811,908657.000,14430,1,T1,1,100,35.152
1738261002.636817,908790.000,14447,1,T1,1,100,35.208
1738261002.769822,908923.000,14479,1,T1,1,100,35.196
1738261002.903827,909057.000,14496,1,T1,1,100,35.191
1738261003.036833,909190.000,14513,1,T1,1,100,35.189
1738261003.169838,909323.000,14545,1,T1,1,100,35.117
1738261003.303844,909457.000,14565,1,T1,1,100,35.122
1738261003.436850,909590.000,14581,1,T1,1,100,35.265
1738261003.569855,909723.000,14614,1,T1,1,100,35.115
1738261003.703861,909857.000,14631,1,T1,1,100,35.156
1738261003.836866,909990.000,14647,1,T1,1,100,35.138
1738261003.969872,910123.000,14664,1,T1,1,100,35.202
1738261004.103877,910257.000,14697,1,T1,1,100,35.229
1738261004.236883,910390.000,14713,1,T1,1,100,35.276
1738261004.369888,910523.000,14731,1,T1,1,100,35.226
1738261004.503894,910657.000,14763,1,T1,1,100,35.169
1738261004.636899,910790.000,14780,1,T1,1,100,35.073
1738261004.769905,910923.000,14797,1,T1,1,100,35.138
1738261004.903910,911057.000,14818,1,T1,1,100,35.131
1738261005.036916,911190.000,14851,1,T1,1,100,35.198
1738261005.169921,911323.000,14868,1,T1,1,100,35.228
1738261005.303927,911457.000,14885,1,T1,1,100,35.134
1738261005.436932,911590.000,14919,1,T1,1,100,35.129
1738261005.569938,911723.000,14936,1,T1,1,100,35.162
1738261005.702943,911856.000,14953,1,T1,1,100,35.247
1738261005.836949,911990.000,14985,1,T1,1,100,35.143
1738261005.969954,912123.000,15003,1,T1,1,100,34.991
1738261006.102960,912256.000,15019,1,T1,1,100,35.102
1738261006.236965,912390.000,15052,1,T1,1,100,35.186
1738261006.369971,912523.000,15069,1,T1,1,100,35.081
1738261006.502976,912656.000,15085,1,T1,1,100,35.035
1738261006.636982,912790.000,15118,1,T1,1,100,35.086
1738261006.769987,912923.000,15135,1,T1,1,100,35.144
1738261006.902993,913056.000,15151,1,T1,1,100,35.239
1738261007.036998,913190.000,15184,1,T1,1,100,35.210
1738261007.170004,913323.000,15201,1,T1,1,100,35.162
1738261007.303009,913456.000,15218,1,T1,1,100,35.176
1738261007.437015,913590.000,15235,1,T1,1,100,35.254
1738261007.570020,913723.000,15268,1,T1,1,100,35.216
1738261007.703026,913856.000,15284,1,T1,1,100,35.164
1738261007.837031,913990.000,15301,1,T1,1,100,35.142
1738261007.970037,914123.000,15334,1,T1,1,100,35.168
1738261008.103042,914256.000,15350,1,T1,1,100,35.250
1738261008.237048,914390.000,15367,1,T1,1,100,35.250
1738261008.370053,914523.000,15400,1,T1,1,100,35.321
1738261008.503059,914656.000,15416,1,T1,1,100,35.139
1738261008.637064,914790.000,15434,1,T1,1,100,35.237
1738261008.770070,914923.000,15466,1,T1,1,100,35.315
1738261008.903075,915056.000,15484,1,T1,1,100,35.278
1738261009.037081,915190.000,15502,1,T1,1,100,35.227
1738261009.170086,915323.000,15534,1,T1,1,100,35.134
1738261009.303092,915456.000,15551,1,T1,1,100,35.164
1738261009.436097,915589.000,15568,1,T1,1,100,35.142
1738261009.570103,915723.000,15584,1,T1,1,100,35.097
1738261009.703108,915856.000,15617,1,T1,1,100,35.077
1738261009.836114,915989.000,15634,1,T1,1,100,35.175
1738261009.970119,916123.000,15656,1,T1,1,100,35.182
1738261010.103125,916256.000,15690,1,T1,1,100,35.150
1738261010.236130,916389.000,15707,1,T1,1,100,35.171
1738261010.370136,916523.000,15726,1,T1,1,100,35.251
1738261010.503141,916656.000,15758,1,T1,1,100,35.251
1738261010.636147,916789.000,15776,1,T1,1,100,35.179
1738261010.770152,916923.000,15792,1,T1,1,100,35.255
1738261010.903158,917056.000,15825,1,T1,1,100,35.288
1738261011.036163,917189.000,15842,1,T1,1,100,35.195
1738261011.170169,917323.000,15858,1,T1,1,100,35.262
1738261011.303174,917456.000,15893,1,T1,1,100,35.113
1738261011.436180,917589.000,15910,1,T1,1,100,35.262
1738261011.570185,917723.000,15926,1,T1,1,100,35.326
1738261011.703191,917856.000,15944,1,T1,1,100,35.354
1738261011.836196,917989.000,15976,1,T1,1,100,35.259
1738261011.970202,918123.000,15993,1,T1,1,100,35.148
1738261012.103208,918256.000,16010,1,T1,1,100,35.170
1738261012.236213,918389.000,16043,1,T1,1,100,35.286
1738261012.369219,918522.000,16059,1,T1,1,100,35.266
1738261012.503224,918656.000,16076,1,T1,1,100,35.292
1738261012.636230,918789.000,16111,1,T1,1,100,35.197
1738261012.769235,918922.000,16127,1,T1,1,100,35.192
1738261012.903240,919056.000,16144,1,T1,1,100,35.225
1738261013.036246,919189.000,16177,1,T1,1,100,35.168
1738261013.169251,919322.000,16193,1,T1,1,100,35.215
1738261013.303257,919456.000,16211,1,T1,1,100,35.164
1738261013.436263,919589.000,16243,1,T1,1,100,35.142
1738261013.569268,919722.000,16259,1,T1,1,100,35.239
1738261013.703274,919856.000,16277,1,T1,1,100,35.245
1738261013.836279,919989.000,16309,1,T1,1,100,35.248
1738261013.969285,920122.000,16328,1,T1,1,100,35.214
1738261014.103290,920256.000,16345,1,T1,1,100,35.234
1738261014.236296,920389.000,16361,1,T1,1,100,35.208
1738261014.369301,920522.000,16394,1,T1,1,100,35.303
1738261014.503307,920656.000,16411,1,T1,1,100,35.202
1738261014.636312,920789.000,16428,1,T1,1,100,35.265
1738261014.769318,920922.000,16460,1,T1,1,100,35.221
1738261014.903323,921056.000,16477,1,T1,1,100,35.131
1738261015.036329,921189.000,16499,1,T1,1,100,35.092
1738261015.169334,921322.000,16531,1,T1,1,100,35.146
1738261015.303340,921456.000,16551,1,T1,1,100,35.276
1738261015.436345,921589.000,16569,1,T1,1,100,35.261
1738261015.569351,921722.000,16586,1,T1,1,100,35.219
1738261015.702356,921855.000,16619,1,T1,1,100,35.201
1738261015.836362,921989.000,16635,1,T1,1,100,35.264
1738261015.969367,922122.000,16653,1,T1,1,100,35.363
1738261016.102373,922255.000,16685,1,T1,1,100,35.228
1738261016.236378,922389.000,16701,1,T1,1,100,35.134
1738261016.369384,922522.000,16719,1,T1,1,100,35.271
1738261016.502389,922655.000,16751,1,T1,1,100,35.365
1738261016.636395,922789.000,16768,1,T1,1,100,35.264
1738261016.769400,922922.000,16785,1,T1,1,100,35.221
1738261016.902406,923055.000,16818,1,T1,1,100,35.273
1738261017.036411,923189.000,16834,1,T1,1,100,35.224
1738261017.169417,923322.000,16851,1,T1,1,100,35.345
1738261017.302422,923455.000,16884,1,T1,1,100,35.185
1738261017.436428,923589.000,16900,1,T1,1,100,35.186
1738261017.569433,923722.000,16917,1,T1,1,100,35.222
1738261017.702439,923855.000,16934,1,T1,1,100,35.309
1738261017.836444,923989.000,16966,1,T1,1,100,35.276
1738261017.969450,924122.000,16984,1,T1,1,100,35.155
1738261018.102455,924255.000,17000,1,T1,1,100,35.209
1738261018.236461,924389.000,17033,1,T1,1,100,35.303
1738261018.369466,924522.000,17050,1,T1,1,100,35.344
1738261018.502472,924655.000,17066,1,T1,1,100,35.326
1738261018.635477,924788.000,17101,1,T1,1,100,35.247
1738261018.769483,924922.000,17118,1,T1,1,100,35.143
1738261018.902488,925055.000,17134,1,T1,1,100,35.133
1738261019.035494,925188.000,17167,1,T1,1,100,35.235
1738261019.169499,925322.000,17184,1,T1,1,100,35.208
1738261019.302505,925455.000,17201,1,T1,1,100,35.232
1738261019.436510,925589.000,17233,1,T1,1,100,35.171
1738261019.569516,925722.000,17250,1,T1,1,100,35.216
1738261019.702521,925855.000,17267,1,T1,1,100,35.200
1738261019.835527,925988.000,17286,1,T1,1,100,35.193
1738261019.969532,926122.000,17319,1,T1,1,100,35.190
1738261020.102538,926255.000,17335,1,T1,1,100,35.082
1738261020.235543,926388.000,17357,1,T1,1,100,35.248
1738261020.369549,926522.000,17392,1,T1,1,100,35.214
1738261020.502554,926655.000,17408,1,T1,1,100,35.128
1738261020.635560,926788.000,17426,1,T1,1,100,35.091
1738261020.769565,926922.000,17458,1,T1,1,100,35.252
1738261020.902571,927055.000,17474,1,T1,1,100,35.286
1738261021.035576,927188.000,17494,1,T1,1,100,35.159
1738261021.169582,927322.000,17526,1,T1,1,100,35.175
1738261021.302588,927455.000,17543,1,T1,1,100,35.253
1738261021.435593,927588.000,17560,1,T1,1,100,35.251
1738261021.569598,927722.000,17593,1,T1,1,100,35.215
1738261021.702604,927855.000,17609,1,T1,1,100,35.270
1738261021.835609,927988.000,17626,1,T1,1,100,35.259
1738261021.969615,928122.000,17659,1,T1,1,100,35.325
1738261022.102621,928255.000,17675,1,T1,1,100,35.353
1738261022.235626,928388.000,17692,1,T1,1,100,35.295
1738261022.368632,928521.000,17709,1,T1,1,100,35.305
1738261022.502637,928655.000,17743,1,T1,1,100,35.203
1738261022.635643,928788.000,17761,1,T1,1,100,35.336
1738261022.768648,928921.000,17777,1,T1,1,100,35.145
1738261022.902653,929055.000,17810,1,T1,1,100,35.205
1738261023.035659,929188.000,17827,1,T1,1,100,35.230
1738261023.168664,929321.000,17843,1,T1,1,100,35.277
1738261023.302670,929455.000,17876,1,T1,1,100,35.226
1738261023.435676,929588.000,17893,1,T1,1,100,35.169
1738261023.568681,929721.000,17911,1,T1,1,100,35.250
1738261023.702687,929855.000,17944,1,T1,1,100,35.286
1738261023.835692,929988.000,17961,1,T1,1,100,35.372
1738261023.968698,930121.000,17978,1,T1,1,100,35.409
1738261024.102703,930255.000,18010,1,T1,1,100,35.390
1738261024.235709,930388.000,18027,1,T1,1,100,35.346
1738261024.368714,930521.000,18044,1,T1,1,100,35.292
1738261024.502720,930655.000,18061,1,T1,1,100,35.303
1738261024.635725,930788.000,18094,1,T1,1,100,35.344
1738261024.768731,930921.000,18110,1,T1,1,100,35.291
1738261024.902736,931055.000,18127,1,T1,1,100,35.339
1738261025.035742,931188.000,18162,1,T1,1,100,35.359
1738261025.168747,931321.000,18178,1,T1,1,100,35.297
1738261025.302753,931455.000,18201,1,T1,1,100,35.200
1738261025.435758,931588.000,18235,1,T1,1,100,35.157
1738261025.568764,931721.000,18251,1,T1,1,100,35.210
1738261025.701769,931854.000,18269,1,T1,1,100,35.268
1738261025.835775,931988.000,18301,1,T1,1,100,35.258
1738261025.968780,932121.000,18318,1,T1,1,100,35.253
1738261026.101786,932254.000,18335,1,T1,1,100,35.181
1738261026.235791,932388.000,18368,1,T1,1,100,35.291
1738261026.368797,932521.000,18386,1,T1,1,100,35.339
1738261026.501802,932654.000,18403,1,T1,1,100,35.288
1738261026.635808,932788.000,18421,1,T1,1,100,35.231
1738261026.768813,932921.000,18454,1,T1,1,100,35.242
1738261026.901819,933054.000,18471,1,T1,1,100,35.317
1738261027.035824,933188.000,18488,1,T1,1,100,35.386
1738261027.168830,933321.000,18520,1,T1,1,100,35.309
1738261027.301835,933454.000,18538,1,T1,1,100,35.240
1738261027.435841,933588.000,18554,1,T1,1,100,35.387
1738261027.568846,933721.000,18587,1,T1,1,100,35.239
1738261027.701852,933854.000,18606,1,T1,1,100,35.245
1738261027.835857,933988.000,18622,1,T1,1,100,35.283
1738261027.968863,934121.000,18657,1,T1,1,100,35.371
1738261028.101868,934254.000,18674,1,T1,1,100,35.302
1738261028.235874,934388.000,18690,1,T1,1,100,35.344
1738261028.368879,934521.000,18723,1,T1,1,100,35.255
1738261028.501885,934654.000,18740,1,T1,1,100,35.323
1738261028.634890,934787.000,18757,1,T1,1,100,35.317
1738261028.768896,934921.000,18774,1,T1,1,100,35.314
1738261028.901901,935054.000,18806,1,T1,1,100,35.384
1738261029.034907,935187.000,18823,1,T1,1,100,35.308
1738261029.168912,935321.000,18842,1,T1,1,100,35.275
1738261029.301918,935454.000,18875,1,T1,1,100,35.296
1738261029.434923,935587.000,18891,1,T1,1,100,35.306
1738261029.568929,935721.000,18908,1,T1,1,100,35.239
1738261029.701934,935854.000,18941,1,T1,1,100,35.210
1738261029.834940,935987.000,18957,1,T1,1,100,35.268
1738261029.968946,936121.000,18975,1,T1,1,100,35.258
1738261030.101951,936254.000,19007,1,T1,1,100,35.253
1738261030.234957,936387.000,19025,1,T1,1,100,35.251
1738261030.368962,936521.000,19048,1,T1,1,100,35.144
1738261030.501967,936654.000,19065,1,T1,1,100,35.204
1738261030.634973,936787.000,19082,1,T1,1,100,35.301
1738261030.768978,936921.000,19099,1,T1,1,100,35.343
1738261030.901984,937054.000,19115,1,T1,1,100,35.326
1738261031.034989,937187.000,19148,1,T1,1,100,35.283
1738261031.168995,937321.000,19165,1,T1,1,100,35.371
1738261031.302001,937454.000,19182,1,T1,1,100,35.338
1738261031.435006,937587.000,19214,1,T1,1,100,35.288
1738261031.569011,937721.000,19231,1,T1,1,100,35.337
1738261031.702017,937854.000,19248,1,T1,1,100,35.430
1738261031.835022,937987.000,19280,1,T1,1,100,35.363
1738261031.969028,938121.000,19298,1,T1,1,100,35.370
1738261032.102034,938254.000,19314,1,T1,1,100,35.337
1738261032.235039,938387.000,19347,1,T1,1,100,35.288
1738261032.368045,938520.000,19364,1,T1,1,100,35.337
1738261032.502050,938654.000,19380,1,T1,1,100,35.288
1738261032.635056,938787.000,19415,1,T1,1,100,35.302
1738261032.768061,938920.000,19432,1,T1,1,100,35.201
1738261032.902066,939054.000,19448,1,T1,1,100,35.300
1738261033.035072,939187.000,19481,1,T1,1,100,35.378
1738261033.168077,939320.000,19498,1,T1,1,100,35.270
1738261033.302083,939454.000,19515,1,T1,1,100,35.259
1738261033.435089,939587.000,19532,1,T1,1,100,35.325
1738261033.568094,939720.000,19565,1,T1,1,100,35.353
1738261033.702100,939854.000,19581,1,T1,1,100,35.330
1738261033.835105,939987.000,19600,1,T1,1,100,35.214
1738261033.968111,940120.000,19633,1,T1,1,100,35.234
1738261034.102116,940254.000,19649,1,T1,1,100,35.243
1738261034.235122,940387.000,19666,1,T1,1,100,35.283
1738261034.368127,940520.000,19699,1,T1,1,100,35.300
1738261034.502133,940654.000,19715,1,T1,1,100,35.271
1738261034.635138,940787.000,19733,1,T1,1,100,35.224
1738261034.768144,940920.000,19765,1,T1,1,100,35.345
1738261034.902149,941054.000,19781,1,T1,1,100,35.397
1738261035.035155,941187.000,19799,1,T1,1,100,35.420
1738261035.168160,941320.000,19831,1,T1,1,100,35.359
1738261035.301166,941453.000,19848,1,T1,1,100,35.297
1738261035.435171,941587.000,19867,1,T1,1,100,35.235
1738261035.568177,941720.000,19890,1,T1,1,100,35.350
1738261035.701182,941853.000,19923,1,T1,1,100,35.364
1738261035.835188,941987.000,19942,1,T1,1,100,35.335
1738261035.968193,942120.000,19959,1,T1,1,100,35.393
1738261036.101199,942253.000,19991,1,T1,1,100,35.383
1738261036.235204,942387.000,20008,1,T1,1,100,35.307
1738261036.368210,942520.000,20025,1,T1,1,100,35.239
1738261036.501215,942653.000,20057,1,T1,1,100,35.316
1738261036.635221,942787.000,20075,1,T1,1,100,35.314
1738261036.768226,942920.000,20091,1,T1,1,100,35.349
1738261036.902232,943054.000,20126,1,T1,1,100,35.364
1738261037.035237,943187.000,20143,1,T1,1,100,35.335
1738261037.168243,943320.000,20159,1,T1,1,100,35.251
1738261037.301248,943453.000,20176,1,T1,1,100,35.499
1738261037.435254,943587.000,20209,1,T1,1,100,35.358
1738261037.568259,943720.000,20227,1,T1,1,100,35.332
1738261037.701265,943853.000,20245,1,T1,1,100,35.321
1738261037.835270,943987.000,20277,1,T1,1,100,35.316
1738261037.968276,944120.000,20294,1,T1,1,100,35.279
1738261038.101281,944253.000,20311,1,T1,1,100,35.298
1738261038.235287,944387.000,20344,1,T1,1,100,35.306
1738261038.368292,944520.000,20360,1,T1,1,100,35.274
1738261038.501298,944653.000,20377,1,T1,1,100,35.296
1738261038.634303,944786.000,20410,1,T1,1,100,35.305
1738261038.768309,944920.000,20426,1,T1,1,100,35.380
1738261038.901314,945053.000,20443,1,T1,1,100,35.377
1738261039.034320,945186.000,20476,1,T1,1,100,35.341
1738261039.168325,945320.000,20492,1,T1,1,100,35.325
1738261039.301331,945453.000,20510,1,T1,1,100,35.318
1738261039.434336,945586.000,20526,1,T1,1,100,35.350
1738261039.568342,945720.000,20559,1,T1,1,100,35.364
1738261039.701347,945853.000,20576,1,T1,1,100,35.264
1738261039.834353,945986.000,20592,1,T1,1,100,35.221
1738261039.968359,946120.000,20625,1,T1,1,100,35.202
1738261040.101364,946253.000,20642,1,T1,1,100,35.300
1738261040.234370,946386.000,20658,1,T1,1,100,35.413
1738261040.368375,946520.000,20695,1,T1,1,100,35.463
1738261040.501380,946653.000,20712,1,T1,1,100,35.377
1738261040.634386,946786.000,20734,1,T1,1,100,35.305
1738261040.768391,946920.000,20766,1,T1,1,100,35.416
1738261040.901397,947053.000,20783,1,T1,1,100,35.464
1738261041.034402,947186.000,20800,1,T1,1,100,35.484
1738261041.168408,947320.000,20832,1,T1,1,100,35.387
1738261041.301414,947453.000,20850,1,T1,1,100,35.345
1738261041.434419,947586.000,20866,1,T1,1,100,35.326
1738261041.568424,947720.000,20885,1,T1,1,100,35.425
1738261041.701430,947853.000,20918,1,T1,1,100,35.326
1738261041.834435,947986.000,20934,1,T1,1,100,35.247
1738261041.967441,948119.000,20952,1,T1,1,100,35.391
1738261042.101447,948253.000,20984,1,T1,1,100,35.346
1738261042.234452,948386.000,21000,1,T1,1,100,35.185
1738261042.367458,948519.000,21018,1,T1,1,100,35.293
1738261042.501463,948653.000,21050,1,T1,1,100,35.375
1738261042.634469,948786.000,21069,1,T1,1,100,35.375
1738261042.768474,948920.000,21086,1,T1,1,100,35.375
1738261042.901479,949053.000,21119,1,T1,1,100,35.410
1738261043.034485,949186.000,21135,1,T1,1,100,35.390
1738261043.167490,949319.000,21152,1,T1,1,100,35.382
1738261043.301496,949453.000,21185,1,T1,1,100,35.413
1738261043.434502,949586.000,21201,1,T1,1,100,35.356
1738261043.567507,949719.000,21218,1,T1,1,100,35.296
1738261043.701513,949853.000,21235,1,T1,1,100,35.270
1738261043.834518,949986.000,21269,1,T1,1,100,35.330
1738261043.967524,950119.000,21287,1,T1,1,100,35.391
1738261044.101529,950253.000,21303,1,T1,1,100,35.382
1738261044.234535,950386.000,21336,1,T1,1,100,35.307
1738261044.367540,950519.000,21353,1,T1,1,100,35.310
1738261044.501546,950653.000,21369,1,T1,1,100,35.347
1738261044.634551,950786.000,21402,1,T1,1,100,35.363
1738261044.767557,950919.000,21419,1,T1,1,100,35.334
1738261044.901562,951053.000,21435,1,T1,1,100,35.357
1738261045.034568,951186.000,21470,1,T1,1,100,35.367
1738261045.167573,951319.000,21487,1,T1,1,100,35.407
1738261045.301579,951453.000,21504,1,T1,1,100,35.247
1738261045.434584,951586.000,21523,1,T1,1,100,35.391
1738261045.567590,951719.000,21556,1,T1,1,100,35.382
1738261045.700595,951852.000,21577,1,T1,1,100,35.378
1738261045.834601,951986.000,21594,1,T1,1,100,35.447
1738261045.967606,952119.000,21610,1,T1,1,100,35.371
1738261046.101612,952253.000,21647,1,T1,1,100,35.302
1738261046.234617,952386.000,21664,1,T1,1,100,35.344
1738261046.367623,952519.000,21681,1,T1,1,100,35.397
1738261046.500628,952652.000,21713,1,T1,1,100,35.314
1738261046.634634,952786.000,21731,1,T1,1,100,35.242
1738261046.767639,952919.000,21747,1,T1,1,100,35.211
1738261046.900645,953052.000,21780,1,T1,1,100,35.340
1738261047.034650,953186.000,21799,1,T1,1,100,35.324
1738261047.167656,953319.000,21815,1,T1,1,100,35.388
1738261047.300661,953452.000,21848,1,T1,1,100,35.310
1738261047.434667,953586.000,21865,1,T1,1,100,35.382
1738261047.567672,953719.000,21881,1,T1,1,100,35.414
1738261047.700678,953852.000,21899,1,T1,1,100,35.392
1738261047.834683,953986.000,21933,1,T1,1,100,35.347
1738261047.967689,954119.000,21950,1,T1,1,100,35.363
1738261048.100694,954252.000,21967,1,T1,1,100,35.405
1738261048.234700,954386.000,22000,1,T1,1,100,35.353
1738261048.367705,954519.000,22016,1,T1,1,100,35.401
1738261048.500711,954652.000,22033,1,T1,1,100,35.386
1738261048.633716,954785.000,22066,1,T1,1,100,35.344
1738261048.767722,954919.000,22082,1,T1,1,100,35.326
1738261048.900727,955052.000,22099,1,T1,1,100,35.318
1738261049.033733,955185.000,22134,1,T1,1,100,35.386
1738261049.167738,955319.000,22150,1,T1,1,100,35.380
1738261049.300744,955452.000,22168,1,T1,1,100,35.483
1738261049.433749,955585.000,22200,1,T1,1,100,35.422
1738261049.567755,955719.000,22216,1,T1,1,100,35.324
1738261049.700760,955852.000,22234,1,T1,1,100,35.318
1738261049.833766,955985.000,22250,1,T1,1,100,35.315
1738261049.967772,956119.000,22283,1,T1,1,100,35.349
1738261050.100777,956252.000,22302,1,T1,1,100,35.364
1738261050.233783,956385.000,22318,1,T1,1,100,35.299
1738261050.367788,956519.000,22353,1,T1,1,100,35.413
1738261050.500793,956652.000,22370,1,T1,1,100,35.391
1738261050.633799,956785.000,22387,1,T1,1,100,35.382
1738261050.767304,956918.500,22425,2,T1,1,100,35.414
1738261050.900810,957052.000,22425,2,T1,1,100,35.356
1738261051.033815,957185.000,22458,1,T1,1,100,35.367
1738261051.167821,957319.000,22474,1,T1,1,100,35.442
1738261051.300827,957452.000,22492,1,T1,1,100,35.475
1738261051.433832,957585.000,22526,1,T1,1,100,35.383
1738261051.567837,957719.000,22542,1,T1,1,100,35.378
1738261051.700843,957852.000,22560,1,T1,1,100,35.447
1738261051.833848,957985.000,22592,1,T1,1,100,35.548
1738261051.967854,958119.000,22609,1,T1,1,100,35.450
1738261052.100860,958252.000,22626,1,T1,1,100,35.372
1738261052.233865,958385.000,22644,1,T1,1,100,35.303
1738261052.366871,958518.000,22677,1,T1,1,100,35.450
1738261052.500876,958652.000,22694,1,T1,1,100,35.443
1738261052.633882,958785.000,22711,1,T1,1,100,35.369
1738261052.766887,958918.000,22743,1,T1,1,100,35.408
1738261052.900892,959052.000,22760,1,T1,1,100,35.283
1738261053.033898,959185.000,22777,1,T1,1,100,35.371
1738261053.166903,959318.000,22811,1,T1,1,100,35.373
1738261053.300909,959452.000,22829,1,T1,1,100,35.339
1738261053.433915,959585.000,22845,1,T1,1,100,35.466
1738261053.566920,959718.000,22878,1,T1,1,100,35.450
1738261053.700926,959852.000,22895,1,T1,1,100,35.443
1738261053.833931,959985.000,22911,1,T1,1,100,35.440
1738261053.966937,960118.000,22944,1,T1,1,100,35.368
1738261054.100942,960252.000,22961,1,T1,1,100,35.336
1738261054.233948,960385.000,22977,1,T1,1,100,35.287
1738261054.366953,960518.000,22995,1,T1,1,100,35.337
1738261054.500959,960652.000,23027,1,T1,1,100,35.323
1738261054.633964,960785.000,23044,1,T1,1,100,35.353
1738261054.766970,960918.000,23061,1,T1,1,100,35.436
1738261054.900975,961052.000,23094,1,T1,1,100,35.437
1738261055.033981,961185.000,23110,1,T1,1,100,35.437
1738261055.166986,961318.000,23127,1,T1,1,100,35.402
1738261055.299992,961451.000,23162,1,T1,1,100,35.316
1738261055.433997,961585.000,23178,1,T1,1,100,35.349
1738261055.567003,961718.000,23195,1,T1,1,100,35.364
1738261055.700008,961851.000,23228,1,T1,1,100,35.406
1738261055.834014,961985.000,23246,1,T1,1,100,35.353
1738261055.967019,962118.000,23269,1,T1,1,100,35.507
1738261056.100025,962251.000,23301,1,T1,1,100,35.468
1738261056.234030,962385.000,23317,1,T1,1,100,35.309
1738261056.367036,962518.000,23335,1,T1,1,100,35.311
1738261056.500041,962651.000,23367,1,T1,1,100,35.276
1738261056.634047,962785.000,23384,1,T1,1,100,35.439
1738261056.767052,962918.000,23401,1,T1,1,100,35.473
1738261056.900058,963051.000,23417,1,T1,1,100,35.453
1738261057.034063,963185.000,23450,1,T1,1,100,35.409
1738261057.167069,963318.000,23467,1,T1,1,100,35.390
1738261057.300074,963451.000,23484,1,T1,1,100,35.452
1738261057.434080,963585.000,23516,1,T1,1,100,35.444
1738261057.567085,963718.000,23533,1,T1,1,100,35.440
1738261057.700091,963851.000,23550,1,T1,1,100,35.474
1738261057.834096,963985.000,23582,1,T1,1,100,35.453
1738261057.967102,964118.000,23600,1,T1,1,100,35.338
1738261058.100107,964251.000,23616,1,T1,1,100,35.359
1738261058.234113,964385.000,23649,1,T1,1,100,35.439
1738261058.367118,964518.000,23666,1,T1,1,100,35.403
1738261058.500124,964651.000,23682,1,T1,1,100,35.529
1738261058.634129,964785.000,23715,1,T1,1,100,35.583
1738261058.767135,964918.000,23732,1,T1,1,100,35.465
1738261058.900140,965051.000,23748,1,T1,1,100,35.379
1738261059.034146,965185.000,23766,1,T1,1,100,35.447
1738261059.167151,965318.000,23798,1,T1,1,100,35.513
1738261059.300157,965451.000,23815,1,T1,1,100,35.399
1738261059.433162,965584.000,23832,1,T1,1,100,35.315
1738261059.567168,965718.000,23865,1,T1,1,100,35.349
1738261059.700173,965851.000,23881,1,T1,1,100,35.435
1738261059.833179,965984.000,23898,1,T1,1,100,35.365
1738261059.967185,966118.000,23931,1,T1,1,100,35.335
1738261060.100190,966251.000,23947,1,T1,1,100,35.322
1738261060.233196,966384.000,23964,1,T1,1,100,35.494
1738261060.367201,966518.000,23999,1,T1,1,100,35.427
1738261060.500206,966651.000,24015,1,T1,1,100,35.397
1738261060.633212,966784.000,24033,1,T1,1,100,35.314
1738261060.767217,966918.000,24049,1,T1,1,100,35.313
1738261060.900223,967051.000,24081,1,T1,1,100,35.384
1738261061.033228,967184.000,24104,1,T1,1,100,35.379
1738261061.167234,967318.000,24120,1,T1,1,100,35.377
1738261061.300240,967451.000,24153,1,T1,1,100,35.340
1738261061.433245,967584.000,24170,1,T1,1,100,35.431
1738261061.567250,967718.000,24186,1,T1,1,100,35.541
1738261061.700256,967851.000,24219,1,T1,1,100,35.518
1738261061.833261,967984.000,24236,1,T1,1,100,35.508
1738261061.966267,968117.000,24253,1,T1,1,100,35.574
1738261062.100273,968251.000,24270,1,T1,1,100,35.532
1738261062.233278,968384.000,24302,1,T1,1,100,35.443
1738261062.366284,968517.000,24319,1,T1,1,100,35.369
1738261062.500289,968651.000,24336,1,T1,1,100,35.337
1738261062.633295,968784.000,24369,1,T1,1,100,35.429
1738261062.766300,968917.000,24385,1,T1,1,100,35.469
1738261062.900306,969051.000,24402,1,T1,1,100,35.416
1738261063.033311,969184.000,24435,1,T1,1,100,35.428
1738261063.166317,969317.000,24451,1,T1,1,100,35.398
1738261063.300322,969451.000,24469,1,T1,1,100,35.385
1738261063.433328,969584.000,24501,1,T1,1,100,35.379
1738261063.566333,969717.000,24517,1,T1,1,100,35.341
1738261063.700339,969851.000,24535,1,T1,1,100,35.360
1738261063.833344,969984.000,24567,1,T1,1,100,35.440
1738261063.966350,970117.000,24584,1,T1,1,100,35.403
1738261064.100355,970251.000,24601,1,T1,1,100,35.387
1738261064.233361,970384.000,24617,1,T1,1,100,35.451
1738261064.366366,970517.000,24650,1,T1,1,100,35.443
1738261064.500372,970651.000,24667,1,T1,1,100,35.476
1738261064.633377,970784.000,24684,1,T1,1,100,35.489
1738261064.766383,970917.000,24716,1,T1,1,100,35.460
1738261064.900388,971051.000,24733,1,T1,1,100,35.305
1738261065.033394,971184.000,24750,1,T1,1,100,35.380
1738261065.166399,971317.000,24782,1,T1,1,100,35.484
1738261065.300405,971451.000,24800,1,T1,1,100,35.387
1738261065.433410,971584.000,24818,1,T1,1,100,35.415
1738261065.566416,971717.000,24851,1,T1,1,100,35.428
1738261065.699421,971850.000,24868,1,T1,1,100,35.433
1738261065.833427,971984.000,24884,1,T1,1,100,35.471
1738261065.966432,972117.000,24917,1,T1,1,100,35.417
1738261066.099438,972250.000,24934,1,T1,1,100,35.464
1738261066.233443,972384.000,24955,1,T1,1,100,35.272
1738261066.366449,972517.000,24973,1,T1,1,100,35.401
1738261066.499454,972650.000,25005,1,T1,1,100,35.493
1738261066.633460,972784.000,25022,1,T1,1,100,35.355
1738261066.766465,972917.000,25039,1,T1,1,100,35.331
1738261066.899471,973050.000,25072,1,T1,1,100,35.356
1738261067.033476,973184.000,25088,1,T1,1,100,35.473
1738261067.166482,973317.000,25105,1,T1,1,100,35.488
1738261067.299487,973450.000,25138,1,T1,1,100,35.495
1738261067.433493,973584.000,25154,1,T1,1,100,35.391
1738261067.566498,973717.000,25171,1,T1,1,100,35.524
1738261067.699504,973850.000,25204,1,T1,1,100,35.475
1738261067.833509,973984.000,25220,1,T1,1,100,35.560
1738261067.966515,974117.000,25238,1,T1,1,100,35.455
1738261068.099520,974250.000,25254,1,T1,1,100,35.516
1738261068.233526,974384.000,25287,1,T1,1,100,35.507
1738261068.366531,974517.000,25304,1,T1,1,100,35.468
1738261068.499537,974650.000,25320,1,T1,1,100,35.415
1738261068.632542,974783.000,25353,1,T1,1,100,35.534
1738261068.766548,974917.000,25370,1,T1,1,100,35.408
1738261068.899553,975050.000,25386,1,T1,1,100,35.425
1738261069.032559,975183.000,25419,1,T1,1,100,35.361
1738261069.166564,975317.000,25436,1,T1,1,100,35.369
1738261069.299570,975450.000,25453,1,T1,1,100,35.443
1738261069.432575,975583.000,25485,1,T1,1,100,35.475
1738261069.566581,975717.000,25502,1,T1,1,100,35.560
1738261069.699586,975850.000,25519,1,T1,1,100,35.562
1738261069.832592,975983.000,25551,1,T1,1,100,35.420
1738261069.966598,976117.000,25569,1,T1,1,100,35.395
1738261070.099603,976250.000,25585,1,T1,1,100,35.419
1738261070.232609,976383.000,25602,1,T1,1,100,35.394
1738261070.366614,976517.000,25639,1,T1,1,100,35.490
1738261070.499619,976650.000,25655,1,T1,1,100,35.460
1738261070.632625,976783.000,25673,1,T1,1,100,35.483
1738261070.766630,976917.000,25705,1,T1,1,100,35.493
1738261070.899636,977050.000,25721,1,T1,1,100,35.461
1738261071.032641,977183.000,25739,1,T1,1,100,35.341
1738261071.166647,977317.000,25771,1,T1,1,100,35.396
1738261071.299653,977450.000,25793,1,T1,1,100,35.384
1738261071.432658,977583.000,25810,1,T1,1,100,35.450
1738261071.566664,977717.000,25843,1,T1,1,100,35.478
1738261071.699669,977850.000,25859,1,T1,1,100,35.420
1738261071.832675,977983.000,25876,1,T1,1,100,35.465
1738261071.966680,978117.000,25911,1,T1,1,100,35.450
1738261072.099686,978250.000,25927,1,T1,1,100,35.443
1738261072.232691,978383.000,25944,1,T1,1,100,35.369
1738261072.365697,978516.000,25961,1,T1,1,100,35.514
1738261072.499702,978650.000,25993,1,T1,1,100,35.471
1738261072.632708,978783.000,26011,1,T1,1,100,35.558
1738261072.765713,978916.000,26027,1,T1,1,100,35.525
1738261072.899719,979050.000,26060,1,T1,1,100,35.475
1738261073.032724,979183.000,26079,1,T1,1,100,35.454
1738261073.165730,979316.000,26095,1,T1,1,100,35.480
1738261073.299735,979450.000,26128,1,T1,1,100,35.456
1738261073.432741,979583.000,26145,1,T1,1,100,35.445
1738261073.565746,979716.000,26161,1,T1,1,100,35.441
1738261073.699752,979850.000,26194,1,T1,1,100,35.474
1738261073.832757,979983.000,26211,1,T1,1,100,35.418
1738261073.965763,980116.000,26228,1,T1,1,100,35.465
1738261074.099768,980250.000,26260,1,T1,1,100,35.378
1738261074.232774,980383.000,26279,1,T1,1,100,35.341
1738261074.365779,980516.000,26296,1,T1,1,100,35.467
1738261074.499785,980650.000,26328,1,T1,1,100,35.486
1738261074.632790,980783.000,26346,1,T1,1,100,35.494
1738261074.765796,980916.000,26362,1,T1,1,100,35.426
1738261074.899801,981050.000,26379,1,T1,1,100,35.468
1738261075.032807,981183.000,26412,1,T1,1,100,35.486
1738261075.165812,981316.000,26428,1,T1,1,100,35.388
1738261075.298818,981449.000,26446,1,T1,1,100,35.451
1738261075.432823,981583.000,26480,1,T1,1,100,35.479
1738261075.565829,981716.000,26496,1,T1,1,100,35.526
1738261075.698834,981849.000,26514,1,T1,1,100,35.511
1738261075.832840,981983.000,26546,1,T1,1,100,35.505
1738261075.965845,982116.000,26563,1,T1,1,100,35.360
1738261076.098851,982249.000,26580,1,T1,1,100,35.510
1738261076.232856,982383.000,26613,1,T1,1,100,35.505
1738261076.365862,982516.000,26633,2,T1,1,100,35.431
1738261076.498867,982649.000,26633,2,T1,1,100,35.470
1738261076.632873,982783.000,26666,1,T1,1,100,35.452
1738261076.765878,982916.000,26682,1,T1,1,100,35.479
1738261076.898884,983049.000,26699,1,T1,1,100,35.455
1738261077.032889,983183.000,26716,1,T1,1,100,35.445
1738261077.165895,983316.000,26748,1,T1,1,100,35.476
1738261077.298900,983449.000,26766,1,T1,1,100,35.525
1738261077.432906,983583.000,26782,1,T1,1,100,35.582
1738261077.565911,983716.000,26815,1,T1,1,100,35.535
1738261077.698917,983849.000,26832,1,T1,1,100,35.444
1738261077.832922,983983.000,26848,1,T1,1,100,35.405
1738261077.965928,984116.000,26881,1,T1,1,100,35.423
1738261078.098933,984249.000,26898,1,T1,1,100,35.467
1738261078.232939,984383.000,26914,1,T1,1,100,35.486
1738261078.365944,984516.000,26947,1,T1,1,100,35.494
1738261078.498950,984649.000,26964,1,T1,1,100,35.604
1738261078.631955,984782.000,26981,1,T1,1,100,35.616
1738261078.765961,984916.000,27013,1,T1,1,100,35.550
1738261078.898966,985049.000,27030,1,T1,1,100,35.486
1738261079.031972,985182.000,27047,1,T1,1,100,35.459
1738261079.165977,985316.000,27064,1,T1,1,100,35.553
1738261079.298983,985449.000,27097,1,T1,1,100,35.417
1738261079.431988,985582.000,27113,1,T1,1,100,35.428
1738261079.565994,985716.000,27130,1,T1,1,100,35.434
1738261079.698999,985849.000,27165,1,T1,1,100,35.507
1738261079.832005,985982.000,27181,1,T1,1,100,35.503
1738261079.966011,986116.000,27199,1,T1,1,100,35.466
1738261080.099016,986249.000,27231,1,T1,1,100,35.414
1738261080.232022,986382.000,27247,1,T1,1,100,35.427
1738261080.366027,986516.000,27267,1,T1,1,100,35.469
1738261080.499032,986649.000,27299,1,T1,1,100,35.593
1738261080.632038,986782.000,27316,1,T1,1,100,35.540
1738261080.766043,986916.000,27333,1,T1,1,100,35.588
1738261080.899049,987049.000,27366,1,T1,1,100,35.609
1738261081.032054,987182.000,27384,1,T1,1,100,35.583
1738261081.166060,987316.000,27401,1,T1,1,100,35.607
1738261081.299066,987449.000,27417,1,T1,1,100,35.617
1738261081.432071,987582.000,27450,1,T1,1,100,35.480
1738261081.566077,987716.000,27475,1,T1,1,100,35.491
1738261081.699082,987849.000,27491,1,T1,1,100,35.461
1738261081.832088,987982.000,27508,1,T1,1,100,35.448
1738261081.966093,988116.000,27541,1,T1,1,100,35.477
1738261082.099099,988249.000,27557,1,T1,1,100,35.490
1738261082.232104,988382.000,27574,1,T1,1,100,35.531
1738261082.366110,988516.000,27607,1,T1,1,100,35.620
1738261082.499115,988649.000,27623,1,T1,1,100,35.516
1738261082.632121,988782.000,27641,1,T1,1,100,35.543
1738261082.765126,988915.000,27657,1,T1,1,100,35.589
1738261082.899132,989049.000,27690,1,T1,1,100,35.503
1738261083.032137,989182.000,27707,1,T1,1,100,35.572
1738261083.165143,989315.000,27723,1,T1,1,100,35.531
1738261083.299148,989449.000,27756,1,T1,1,100,35.514
1738261083.432154,989582.000,27773,1,T1,1,100,35.577
1738261083.565159,989715.000,27789,1,T1,1,100,35.533
1738261083.699165,989849.000,27822,1,T1,1,100,35.514
1738261083.832170,989982.000,27839,1,T1,1,100,35.400
1738261083.965176,990115.000,27856,1,T1,1,100,35.421
1738261084.099181,990249.000,27888,1,T1,1,100,35.501
1738261084.232187,990382.000,27905,1,T1,1,100,35.501
1738261084.365192,990515.000,27922,1,T1,1,100,35.536
1738261084.499198,990649.000,27954,1,T1,1,100,35.515
1738261084.632203,990782.000,27972,1,T1,1,100,35.578
1738261084.765209,990915.000,27988,1,T1,1,100,35.604
1738261084.899214,991049.000,28021,1,T1,1,100,35.616
1738261085.032220,991182.000,28038,1,T1,1,100,35.550
1738261085.165225,991315.000,28054,1,T1,1,100,35.486
1738261085.299231,991449.000,28072,1,T1,1,100,35.600
1738261085.432236,991582.000,28106,1,T1,1,100,35.579
1738261085.565242,991715.000,28122,1,T1,1,100,35.499
1738261085.698247,991848.000,28142,1,T1,1,100,35.429
1738261085.832253,991982.000,28174,1,T1,1,100,35.398
1738261085.965258,992115.000,28191,1,T1,1,100,35.420
1738261086.098264,992248.000,28208,1,T1,1,100,35.466
1738261086.232269,992382.000,28241,1,T1,1,100,35.414
1738261086.365275,992515.000,28257,1,T1,1,100,35.498
1738261086.498280,992648.000,28274,1,T1,1,100,35.535
1738261086.632286,992782.000,28292,1,T1,1,100,35.515
1738261086.765291,992915.000,28332,1,T1,1,100,35.400
1738261086.898297,993048.000,28349,1,T1,1,100,35.386
1738261087.032302,993182.000,28366,1,T1,1,100,35.415
1738261087.165308,993315.000,28398,1,T1,1,100,35.499
1738261087.298313,993448.000,28416,1,T1,1,100,35.429
1738261087.432319,993582.000,28432,1,T1,1,100,35.469
1738261087.565324,993715.000,28465,1,T1,1,100,35.487
1738261087.698330,993848.000,28482,1,T1,1,100,35.494
1738261087.832335,993982.000,28498,1,T1,1,100,35.568
1738261087.965341,994115.000,28533,1,T1,1,100,35.494
1738261088.098346,994248.000,28550,1,T1,1,100,35.568
1738261088.232352,994382.000,28566,1,T1,1,100,35.565
1738261088.365357,994515.000,28599,1,T1,1,100,35.457
1738261088.498363,994648.000,28616,1,T1,1,100,35.588
1738261088.632368,994782.000,28633,1,T1,1,100,35.432
1738261088.765374,994915.000,28650,1,T1,1,100,35.541
1738261088.898379,995048.000,28683,1,T1,1,100,35.518
1738261089.031385,995181.000,28699,1,T1,1,100,35.543
1738261089.165390,995315.000,28716,1,T1,1,100,35.554
1738261089.298396,995448.000,28751,1,T1,1,100,35.453
1738261089.431401,995581.000,28767,1,T1,1,100,35.479
1738261089.565407,995715.000,28784,1,T1,1,100,35.562
1738261089.698412,995848.000,28817,1,T1,1,100,35.562
1738261089.831418,995981.000,28833,1,T1,1,100,35.421
1738261089.965424,996115.000,28851,1,T1,1,100,35.430
1738261090.098429,996248.000,28883,1,T1,1,100,35.470
1738261090.231435,996381.000,28899,1,T1,1,100,35.558
1738261090.365440,996515.000,28919,1,T1,1,100,35.525
1738261090.498446,996648.000,28951,1,T1,1,100,35.511
1738261090.631451,996781.000,28970,1,T1,1,100,35.576
1738261090.765456,996915.000,28987,1,T1,1,100,35.533
1738261090.898462,997048.000,29005,1,T1,1,100,35.585
1738261091.031467,997181.000,29038,1,T1,1,100,35.395
1738261091.165473,997315.000,29055,1,T1,1,100,35.419
1738261091.298479,997448.000,29072,1,T1,1,100,35.571
1738261091.431484,997581.000,29104,1,T1,1,100,35.566
1738261091.565490,997715.000,29121,1,T1,1,100,35.493
1738261091.698495,997848.000,29138,1,T1,1,100,35.568
1738261091.831501,997981.000,29175,1,T1,1,100,35.529
1738261091.964506,998114.000,29195,1,T1,1,100,35.477
1738261092.098512,998248.000,29211,1,T1,1,100,35.490
1738261092.231517,998381.000,29244,1,T1,1,100,35.531
1738261092.364523,998514.000,29261,1,T1,1,100,35.443
1738261092.498528,998648.000,29277,1,T1,1,100,35.582
1738261092.631534,998781.000,29310,1,T1,1,100,35.606
1738261092.765539,998915.000,29327,1,T1,1,100,35.581
1738261092.898545,999048.000,29343,1,T1,1,100,35.606
1738261093.031550,999181.000,29376,1,T1,1,100,35.475
1738261093.164556,999314.000,29393,1,T1,1,100,35.489
1738261093.298561,999448.000,29410,1,T1,1,100,35.602
1738261093.431567,999581.000,29427,1,T1,1,100,35.544
1738261093.564572,999714.000,29460,1,T1,1,100,35.484
1738261093.698578,999848.000,29478,1,T1,1,100,35.457
1738261093.831583,999981.000,29495,1,T1,1,100,35.588
1738261093.964589,1000114.000,29528,1,T1,1,100,35.538
1738261094.098594,1000248.000,29544,1,T1,1,100,35.552
1738261094.231600,1000381.000,29561,1,T1,1,100,35.593
1738261094.364605,1000514.000,29594,1,T1,1,100,35.611
1738261094.498611,1000648.000,29614,1,T1,1,100,35.655
1738261094.631616,1000781.000,29632,1,T1,1,100,35.460
1738261094.764622,1000914.000,29664,1,T1,1,100,35.554
1738261094.898627,1001048.000,29680,1,T1,1,100,35.594
1738261095.031633,1001181.000,29698,1,T1,1,100,35.470
1738261095.164638,1001314.000,29714,1,T1,1,100,35.593
1738261095.298644,1001448.000,29749,1,T1,1,100,35.611
1738261095.431649,1001581.000,29766,1,T1,1,100,35.548
1738261095.564655,1001714.000,29782,1,T1,1,100,35.521
1738261095.698660,1001848.000,29817,1,T1,1,100,35.509
1738261095.831666,1001981.000,29834,1,T1,1,100,35.575
1738261095.964671,1002114.000,29851,1,T1,1,100,35.568
1738261096.097677,1002247.000,29883,1,T1,1,100,35.565
1738261096.231682,1002381.000,29900,1,T1,1,100,35.528
1738261096.364688,1002514.000,29917,1,T1,1,100,35.512
1738261096.497693,1002647.000,29949,1,T1,1,100,35.576
1738261096.631699,1002781.000,29967,1,T1,1,100,35.604
1738261096.764704,1002914.000,29983,1,T1,1,100,35.616
1738261096.897710,1003047.000,30005,1,T1,1,100,35.515
1738261097.031715,1003181.000,30023,1,T1,1,100,35.577
1738261097.164721,1003314.000,30039,1,T1,1,100,35.427
1738261097.297726,1003447.000,30072,1,T1,1,100,35.433
1738261097.431732,1003581.000,30089,1,T1,1,100,35.471
1738261097.564737,1003714.000,30105,1,T1,1,100,35.558
1738261097.697743,1003847.000,30138,1,T1,1,100,35.596
1738261097.831748,1003981.000,30155,1,T1,1,100,35.577
1738261097.964754,1004114.000,30172,1,T1,1,100,35.533
1738261098.097759,1004247.000,30204,1,T1,1,100,35.514
1738261098.231765,1004381.000,30221,1,T1,1,100,35.471
1738261098.364770,1004514.000,30238,1,T1,1,100,35.523
1738261098.497776,1004647.000,30270,1,T1,1,100,35.652
1738261098.631781,1004781.000,30288,1,T1,1,100,35.707
1738261098.764787,1004914.000,30304,1,T1,1,100,35.696
1738261098.897792,1005047.000,30321,1,T1,1,100,35.656
1738261099.031798,1005181.000,30354,1,T1,1,100,35.567
1738261099.164804,1005314.000,30370,1,T1,1,100,35.600
1738261099.297809,1005447.000,30388,1,T1,1,100,35.614
1738261099.430815,1005580.000,30420,1,T1,1,100,35.549
1738261099.564820,1005714.000,30436,1,T1,1,100,35.486
1738261099.697825,1005847.000,30454,1,T1,1,100,35.423
1738261099.830831,1005980.000,30486,1,T1,1,100,35.467
1738261099.964837,1006114.000,30503,1,T1,1,100,35.415
1738261100.097842,1006247.000,30520,1,T1,1,100,35.534
1738261100.230848,1006380.000,30553,1,T1,1,100,35.550
1738261100.364853,1006514.000,30571,1,T1,1,100,35.486
1738261100.497859,1006647.000,30588,1,T1,1,100,35.494
1738261100.630864,1006780.000,30621,1,T1,1,100,35.533
1738261100.764869,1006914.000,30637,1,T1,1,100,35.479
1738261100.897875,1007047.000,30654,1,T1,1,100,35.562
1738261101.030880,1007180.000,30671,1,T1,1,100,35.633
1738261101.164886,1007314.000,30703,1,T1,1,100,35.628
1738261101.297892,1007447.000,30721,1,T1,1,100,35.697
1738261101.430897,1007580.000,30737,1,T1,1,100,35.621
1738261101.564903,1007714.000,30770,1,T1,1,100,35.552
1738261101.697908,1007847.000,30787,1,T1,1,100,35.558
1738261101.830914,1007980.000,30803,1,T1,1,100,35.632
1738261101.963919,1008113.000,30841,1,T1,1,100,35.592
1738261102.097925,1008247.000,30858,1,T1,1,100,35.540
1738261102.230930,1008380.000,30874,1,T1,1,100,35.730
1738261102.363936,1008513.000,30907,1,T1,1,100,35.777
1738261102.497941,1008647.000,30924,1,T1,1,100,35.691
1738261102.630947,1008780.000,30941,1,T1,1,100,35.653
1738261102.763952,1008913.000,30973,1,T1,1,100,35.637
1738261102.897958,1009047.000,30990,1,T1,1,100,35.630
1738261103.030963,1009180.000,31007,1,T1,1,100,35.627
1738261103.163969,1009313.000,31024,1,T1,1,100,35.661
1738261103.297974,1009447.000,31057,1,T1,1,100,35.570
1738261103.430980,1009580.000,31073,1,T1,1,100,35.530
1738261103.563985,1009713.000,31090,1,T1,1,100,35.619
1738261103.697991,1009847.000,31123,1,T1,1,100,35.658
1738261103.830996,1009980.000,31139,1,T1,1,100,35.533
1738261103.964002,1010113.000,31157,1,T1,1,100,35.550
1738261104.098007,1010247.000,31189,1,T1,1,100,35.486
1738261104.231013,1010380.000,31205,1,T1,1,100,35.529
1738261104.364018,1010513.000,31223,1,T1,1,100,35.548
1738261104.498024,1010647.000,31255,1,T1,1,100,35.592
1738261104.631029,1010780.000,31272,1,T1,1,100,35.504
1738261104.764035,1010913.000,31289,1,T1,1,100,35.537
1738261104.898040,1011047.000,31322,1,T1,1,100,35.587
1738261105.031046,1011180.000,31338,1,T1,1,100,35.609
1738261105.164051,1011313.000,31355,1,T1,1,100,35.760
1738261105.297057,1011446.000,31371,1,T1,1,100,35.683
1738261105.431062,1011580.000,31406,1,T1,1,100,35.579
1738261105.564068,1011713.000,31423,1,T1,1,100,35.570
1738261105.697073,1011846.000,31440,1,T1,1,100,35.601
1738261105.831079,1011980.000,31472,1,T1,1,100,35.615
1738261105.964084,1012113.000,31492,1,T1,1,100,35.514
1738261106.097090,1012246.000,31508,1,T1,1,100,35.506
1738261106.231095,1012380.000,31541,1,T1,1,100,35.574
1738261106.364101,1012513.000,31558,1,T1,1,100,35.496
1738261106.497106,1012646.000,31574,1,T1,1,100,35.534
1738261106.631112,1012780.000,31607,1,T1,1,100,35.586
1738261106.764117,1012913.000,31624,1,T1,1,100,35.537
1738261106.897123,1013046.000,31640,1,T1,1,100,35.516
1738261107.031128,1013180.000,31678,1,T1,1,100,35.578
1738261107.164134,1013313.000,31695,1,T1,1,100,35.498
1738261107.297139,1013446.000,31714,1,T1,1,100,35.535
1738261107.431145,1013580.000,31731,1,T1,1,100,35.586
1738261107.564150,1013713.000,31764,1,T1,1,100,35.502
1738261107.697156,1013846.000,31780,1,T1,1,100,35.572
1738261107.831161,1013980.000,31797,1,T1,1,100,35.566
1738261107.964167,1014113.000,31830,1,T1,1,100,35.671
1738261108.097172,1014246.000,31846,1,T1,1,100,35.503
1738261108.231178,1014380.000,31863,1,T1,1,100,35.608
1738261108.364183,1014513.000,31896,1,T1,1,100,35.653
1738261108.497189,1014646.000,31912,1,T1,1,100,35.637
1738261108.631195,1014780.000,31930,1,T1,1,100,35.595
1738261108.764200,1014913.000,31964,1,T1,1,100,35.576
1738261108.897205,1015046.000,31980,1,T1,1,100,35.569
1738261109.030211,1015179.000,31998,1,T1,1,100,35.530
1738261109.164217,1015313.000,32014,1,T1,1,100,35.584
1738261109.297222,1015446.000,32047,1,T1,1,100,35.607
1738261109.430228,1015579.000,32064,1,T1,1,100,35.617
1738261109.564233,1015713.000,32080,1,T1,1,100,35.515
1738261109.697238,1015846.000,32115,1,T1,1,100,35.436
1738261109.830244,1015979.000,32134,1,T1,1,100,35.543
1738261109.964250,1016113.000,32151,1,T1,1,100,35.519
1738261110.097255,1016246.000,32183,1,T1,1,100,35.579
1738261110.230261,1016379.000,32200,1,T1,1,100,35.605
1738261110.364266,1016513.000,32219,1,T1,1,100,35.616
1738261110.497272,1016646.000,32251,1,T1,1,100,35.657
1738261110.630277,1016779.000,32269,1,T1,1,100,35.603
1738261110.764282,1016913.000,32285,1,T1,1,100,35.509
1738261110.897288,1017046.000,32318,1,T1,1,100,35.610
1738261111.030293,1017179.000,32337,1,T1,1,100,35.654
1738261111.164299,1017313.000,32353,1,T1,1,100,35.602
1738261111.297305,1017446.000,32370,1,T1,1,100,35.615
1738261111.430310,1017579.000,32403,1,T1,1,100,35.585
1738261111.564316,1017713.000,32419,1,T1,1,100,35.537
1738261111.697321,1017846.000,32437,1,T1,1,100,35.658
1738261111.830327,1017979.000,32469,1,T1,1,100,35.746
1738261111.963332,1018112.000,32486,1,T1,1,100,35.677
1738261112.097338,1018246.000,32503,1,T1,1,100,35.541
1738261112.230343,1018379.000,32524,1,T1,1,100,35.589
1738261112.363349,1018512.000,32559,1,T1,1,100,35.538
1738261112.497354,1018646.000,32576,1,T1,1,100,35.517
1738261112.630360,1018779.000,32593,1,T1,1,100,35.507
1738261112.763365,1018912.000,32625,1,T1,1,100,35.574
1738261112.897371,1019046.000,32642,1,T1,1,100,35.497
1738261113.030376,1019179.000,32659,1,T1,1,100,35.640
1738261113.163382,1019312.000,32693,1,T1,1,100,35.490
1738261113.297387,1019446.000,32711,1,T1,1,100,35.531
1738261113.430393,1019579.000,32727,1,T1,1,100,35.549
1738261113.563398,1019712.000,32760,1,T1,1,100,35.521
1738261113.697404,1019846.000,32777,1,T1,1,100,35.509
1738261113.830409,1019979.000,32793,1,T1,1,100,35.539
1738261113.963415,1020112.000,32826,1,T1,1,100,35.517
1738261114.097420,1020246.000,32843,1,T1,1,100,35.578
1738261114.230426,1020379.000,32859,1,T1,1,100,35.711
1738261114.363431,1020512.000,32877,1,T1,1,100,35.662
1738261114.497437,1020646.000,32909,1,T1,1,100,35.535
1738261114.630442,1020779.000,32926,1,T1,1,100,35.586
1738261114.763448,1020912.000,32943,1,T1,1,100,35.644
1738261114.897453,1021046.000,32976,1,T1,1,100,35.633
1738261115.030459,1021179.000,32992,1,T1,1,100,35.628
1738261115.163464,1021312.000,33009,1,T1,1,100,35.662
1738261115.296470,1021445.000,33044,1,T1,1,100,35.676
1738261115.430475,1021579.000,33060,1,T1,1,100,35.541
1738261115.563481,1021712.000,33077,1,T1,1,100,35.624
1738261115.696486,1021845.000,33110,1,T1,1,100,35.625
1738261115.830492,1021979.000,33126,1,T1,1,100,35.625
1738261115.963497,1022112.000,33146,1,T1,1,100,35.696
1738261116.096503,1022245.000,33178,1,T1,1,100,35.691
1738261116.230508,1022379.000,33194,1,T1,1,100,35.583
1738261116.363514,1022512.000,33212,1,T1,1,100,35.500
1738261116.496519,1022645.000,33228,1,T1,1,100,35.571
1738261116.630525,1022779.000,33261,1,T1,1,100,35.602
1738261116.763530,1022912.000,33280,1,T1,1,100,35.579
1738261116.896536,1023045.000,33296,1,T1,1,100,35.570
1738261117.030541,1023179.000,33329,1,T1,1,100,35.601
1738261117.163547,1023312.000,33346,1,T1,1,100,35.615
1738261117.296552,1023445.000,33363,1,T1,1,100,35.656
1738261117.430558,1023579.000,33383,1,T1,1,100,35.674
1738261117.563563,1023712.000,33416,1,T1,1,100,35.682
1738261117.696569,1023845.000,33432,1,T1,1,100,35.720
1738261117.830575,1023979.000,33451,1,T1,1,100,35.808
1738261117.963580,1024112.000,33467,1,T1,1,100,35.669
1738261118.096586,1024245.000,33500,1,T1,1,100,35.644
1738261118.230591,1024379.000,33517,1,T1,1,100,35.562
1738261118.363596,1024512.000,33534,1,T1,1,100,35.633
1738261118.496602,1024645.000,33566,1,T1,1,100,35.735
1738261118.629607,1024778.000,33584,1,T1,1,100,35.673
1738261118.763613,1024912.000,33600,1,T1,1,100,35.575
1738261118.896618,1025045.000,33633,1,T1,1,100,35.532
1738261119.030624,1025179.000,33650,1,T1,1,100,35.585
1738261119.163630,1025312.000,33666,1,T1,1,100,35.608
1738261119.296635,1025445.000,33699,1,T1,1,100,35.582
1738261119.429641,1025578.000,33716,1,T1,1,100,35.535
1738261119.563646,1025712.000,33734,1,T1,1,100,35.693
1738261119.696651,1025845.000,33767,1,T1,1,100,35.725
1738261119.829657,1025978.000,33784,1,T1,1,100,35.668
1738261119.963663,1026112.000,33801,1,T1,1,100,35.715
1738261120.096668,1026245.000,33818,1,T1,1,100,35.664
1738261120.229674,1026378.000,33850,1,T1,1,100,35.642
1738261120.363679,1026512.000,33871,1,T1,1,100,35.561
1738261120.496685,1026645.000,33888,1,T1,1,100,35.633
1738261120.629690,1026778.000,33921,1,T1,1,100,35.699
1738261120.763695,1026912.000,33937,1,T1,1,100,35.657
1738261120.896701,1027045.000,33954,1,T1,1,100,35.674
1738261121.029706,1027178.000,33987,1,T1,1,100,35.682
1738261121.163712,1027312.000,34003,1,T1,1,100,35.543
1738261121.296718,1027445.000,34021,1,T1,1,100,35.661
1738261121.429723,1027578.000,34053,1,T1,1,100,35.747
1738261121.563729,1027712.000,34071,1,T1,1,100,35.749
1738261121.696734,1027845.000,34089,1,T1,1,100,35.714
1738261121.829740,1027978.000,34121,1,T1,1,100,35.699
1738261121.963745,1028112.000,34138,1,T1,1,100,35.763
1738261122.096751,1028245.000,34155,1,T1,1,100,35.791
1738261122.229756,1028378.000,34188,1,T1,1,100,35.626
1738261122.362762,1028511.000,34204,1,T1,1,100,35.625
1738261122.496767,1028645.000,34226,1,T1,1,100,35.590
1738261122.629773,1028778.000,34243,1,T1,1,100,35.681
1738261122.762778,1028911.000,34260,1,T1,1,100,35.543
1738261122.896784,1029045.000,34295,1,T1,1,100,35.518
1738261123.029789,1029178.000,34311,1,T1,1,100,35.543
1738261123.162795,1029311.000,34328,1,T1,1,100,35.590
1738261123.296800,1029445.000,34361,1,T1,1,100,35.610
1738261123.429806,1029578.000,34377,1,T1,1,100,35.618
1738261123.562811,1029711.000,34394,1,T1,1,100,35.587
1738261123.696817,1029845.000,34411,1,T1,1,100,35.608
1738261123.829822,1029978.000,34443,1,T1,1,100,35.653
1738261123.962828,1030111.000,34463,1,T1,1,100,35.602
1738261124.096833,1030245.000,34479,1,T1,1,100,35.579
1738261124.229839,1030378.000,34512,1,T1,1,100,35.605
1738261124.362844,1030511.000,34529,1,T1,1,100,35.510
1738261124.496850,1030645.000,34545,1,T1,1,100,35.575
1738261124.629855,1030778.000,34578,1,T1,1,100,35.674
1738261124.762861,1030911.000,34595,1,T1,1,100,35.611
1738261124.896866,1031045.000,34611,1,T1,1,100,35.619
1738261125.029872,1031178.000,34646,1,T1,1,100,35.729
1738261125.162877,1031311.000,34663,1,T1,1,100,35.705
1738261125.295883,1031444.000,34680,1,T1,1,100,35.589
1738261125.429888,1031578.000,34714,1,T1,1,100,35.574
1738261125.562894,1031711.000,34731,1,T1,1,100,35.638
1738261125.695899,1031844.000,34748,1,T1,1,100,35.631
1738261125.829905,1031978.000,34765,1,T1,1,100,35.663
1738261125.962910,1032111.000,34798,1,T1,1,100,35.606
1738261126.095916,1032244.000,34816,1,T1,1,100,35.652
1738261126.229921,1032378.000,34833,1,T1,1,100,35.637
1738261126.362927,1032511.000,34866,1,T1,1,100,35.701
1738261126.495932,1032644.000,34882,1,T1,1,100,35.587
1738261126.629938,1032778.000,34900,1,T1,1,100,35.538
1738261126.762943,1032911.000,34932,1,T1,1,100,35.552
1738261126.895949,1033044.000,34948,1,T1,1,100,35.593
1738261127.029954,1033178.000,34966,1,T1,1,100,35.647
1738261127.162960,1033311.000,34998,1,T1,1,100,35.670
1738261127.295965,1033444.000,35015,1,T1,1,100,35.573
1738261127.429971,1033578.000,35032,1,T1,1,100,35.638
1738261127.562976,1033711.000,35072,2,T1,1,100,35.666
1738261127.695982,1033844.000,35072,2,T1,1,100,35.678
1738261127.829988,1033978.000,35104,1,T1,1,100,35.613
1738261127.962993,1034111.000,35121,1,T1,1,100,35.549
1738261128.095999,1034244.000,35138,1,T1,1,100,35.698
1738261128.230004,1034378.000,35171,1,T1,1,100,35.763
1738261128.363009,1034511.000,35187,1,T1,1,100,35.720
1738261128.496015,1034644.000,35204,1,T1,1,100,35.631
1738261128.629020,1034777.000,35239,1,T1,1,100,35.663
1738261128.763026,1034911.000,35255,1,T1,1,100,35.712
1738261128.896031,1035044.000,35272,1,T1,1,100,35.698
1738261129.030037,1035178.000,35305,1,T1,1,100,35.657
1738261129.163043,1035311.000,35321,1,T1,1,100,35.781
1738261129.296048,1035444.000,35339,1,T1,1,100,35.692
1738261129.429054,1035577.000,35355,1,T1,1,100,35.583
1738261129.563059,1035711.000,35388,1,T1,1,100,35.607
1738261129.696064,1035844.000,35405,1,T1,1,100,35.582
1738261129.829070,1035977.000,35421,1,T1,1,100,35.642
1738261129.963076,1036111.000,35454,1,T1,1,100,35.632
1738261130.096081,1036244.000,35473,1,T1,1,100,35.628
1738261130.229087,1036377.000,35489,1,T1,1,100,35.626
1738261130.363092,1036511.000,35524,1,T1,1,100,35.519
1738261130.496098,1036644.000,35541,1,T1,1,100,35.437
1738261130.629103,1036777.000,35558,1,T1,1,100,35.686
1738261130.763108,1036911.000,35590,1,T1,1,100,35.580
1738261130.896114,1037044.000,35609,1,T1,1,100,35.535
1738261131.029119,1037177.000,35626,1,T1,1,100,35.586
1738261131.163125,1037311.000,35658,1,T1,1,100,35.714
1738261131.296131,1037444.000,35676,1,T1,1,100,35.699
1738261131.429136,1037577.000,35692,1,T1,1,100,35.657
1738261131.563142,1037711.000,35725,1,T1,1,100,35.745
1738261131.696147,1037844.000,35742,1,T1,1,100,35.748
1738261131.829153,1037977.000,35758,1,T1,1,100,35.749
1738261131.962158,1038110.000,35776,1,T1,1,100,35.679
1738261132.096164,1038244.000,35810,1,T1,1,100,35.542
1738261132.229169,1038377.000,35826,1,T1,1,100,35.589
1738261132.362175,1038510.000,35844,1,T1,1,100,35.609
1738261132.496180,1038644.000,35876,1,T1,1,100,35.618
1738261132.629186,1038777.000,35893,1,T1,1,100,35.516
1738261132.762191,1038910.000,35915,1,T1,1,100,35.684
1738261132.896197,1039044.000,35931,1,T1,1,100,35.615
1738261133.029202,1039177.000,35949,1,T1,1,100,35.656
1738261133.162208,1039310.000,35981,1,T1,1,100,35.674
1738261133.296213,1039444.000,35998,1,T1,1,100,35.682
1738261133.429219,1039577.000,36015,1,T1,1,100,35.614
1738261133.562224,1039710.000,36048,1,T1,1,100,35.762
1738261133.696230,1039844.000,36064,1,T1,1,100,35.684
1738261133.829235,1039977.000,36083,1,T1,1,100,35.686
1738261133.962241,1040110.000,36116,1,T1,1,100,35.687
1738261134.096246,1040244.000,36132,1,T1,1,100,35.616
1738261134.229252,1040377.000,36149,1,T1,1,100,35.728
1738261134.362257,1040510.000,36166,1,T1,1,100,35.740
1738261134.496263,1040644.000,36198,1,T1,1,100,35.639
1738261134.629268,1040777.000,36216,1,T1,1,100,35.667
1738261134.762274,1040910.000,36234,1,T1,1,100,35.643
1738261134.896279,1041044.000,36267,1,T1,1,100,35.775
1738261135.029285,1041177.000,36284,1,T1,1,100,35.832
1738261135.162290,1041310.000,36300,1,T1,1,100,35.714
1738261135.295296,1041443.000,36335,1,T1,1,100,35.664
1738261135.429301,1041577.000,36352,1,T1,1,100,35.677
1738261135.562307,1041710.000,36368,1,T1,1,100,35.789
1738261135.695312,1041843.000,36401,1,T1,1,100,35.732
1738261135.829318,1041977.000,36418,1,T1,1,100,35.671
1738261135.962323,1042110.000,36437,1,T1,1,100,35.539
1738261136.095329,1042243.000,36469,1,T1,1,100,35.694
1738261136.229334,1042377.000,36486,1,T1,1,100,35.655
1738261136.362340,1042510.000,36503,1,T1,1,100,35.638
1738261136.495345,1042643.000,36520,1,T1,1,100,35.666
1738261136.629351,1042777.000,36553,1,T1,1,100,35.714
1738261136.762356,1042910.000,36569,1,T1,1,100,35.699
1738261136.895362,1043043.000,36586,1,T1,1,100,35.692
1738261137.029367,1043177.000,36619,1,T1,1,100,35.583
1738261137.162373,1043310.000,36635,1,T1,1,100,35.571
1738261137.295378,1043443.000,36653,1,T1,1,100,35.744
1738261137.429384,1043577.000,36685,1,T1,1,100,35.712
1738261137.562389,1043710.000,36703,1,T1,1,100,35.627
1738261137.695395,1043843.000,36721,1,T1,1,100,35.626
1738261137.828900,1043976.500,36759,2,T1,1,100,35.661
1738261137.962406,1044110.000,36759,2,T1,1,100,35.747
1738261138.095412,1044243.000,36791,1,T1,1,100,35.678
1738261138.229417,1044377.000,36807,1,T1,1,100,35.648
1738261138.362422,1044510.000,36825,1,T1,1,100,35.599
1738261138.495428,1044643.000,36857,1,T1,1,100,35.720
1738261138.629434,1044777.000,36874,1,T1,1,100,35.702
1738261138.762439,1044910.000,36891,1,T1,1,100,35.516
1738261138.895444,1045043.000,36924,1,T1,1,100,35.578
1738261139.028450,1045176.000,36940,1,T1,1,100,35.569
1738261139.162456,1045310.000,36957,1,T1,1,100,35.672
1738261139.295461,1045443.000,36990,1,T1,1,100,35.645
1738261139.428467,1045576.000,37008,1,T1,1,100,35.776
1738261139.562472,1045710.000,37025,1,T1,1,100,35.726
1738261139.695477,1045843.000,37042,1,T1,1,100,35.704
1738261139.828483,1045976.000,37074,1,T1,1,100,35.766
1738261139.962489,1046110.000,37092,1,T1,1,100,35.792
1738261140.095494,1046243.000,37108,1,T1,1,100,35.591
1738261140.228500,1046376.000,37141,1,T1,1,100,35.575
1738261140.362505,1046510.000,37160,1,T1,1,100,35.674
1738261140.495511,1046643.000,37176,1,T1,1,100,35.753
1738261140.628516,1046776.000,37209,1,T1,1,100,35.680
1738261140.762522,1046910.000,37228,1,T1,1,100,35.613
1738261140.895527,1047043.000,37244,1,T1,1,100,35.655
1738261141.028533,1047176.000,37277,1,T1,1,100,35.709
1738261141.162538,1047310.000,37294,1,T1,1,100,35.661
1738261141.295544,1047443.000,37311,1,T1,1,100,35.676
1738261141.428549,1047576.000,37343,1,T1,1,100,35.718
1738261141.562555,1047710.000,37360,1,T1,1,100,35.807
1738261141.695560,1047843.000,37377,1,T1,1,100,35.775
1738261141.828566,1047976.000,37394,1,T1,1,100,35.690
1738261141.962571,1048110.000,37427,1,T1,1,100,35.547
1738261142.095577,1048243.000,37443,1,T1,1,100,35.627
1738261142.228582,1048376.000,37460,1,T1,1,100,35.697
1738261142.361588,1048509.000,37493,1,T1,1,100,35.691
1738261142.495593,1048643.000,37509,1,T1,1,100,35.583
1738261142.628599,1048776.000,37527,1,T1,1,100,35.607
1738261142.761604,1048909.000,37559,1,T1,1,100,35.723
1738261142.895610,1049043.000,37575,1,T1,1,100,35.739
1738261143.028615,1049176.000,37598,1,T1,1,100,35.674
1738261143.161621,1049309.000,37616,1,T1,1,100,35.646
1738261143.295626,1049443.000,37634,1,T1,1,100,35.528
1738261143.428632,1049576.000,37666,1,T1,1,100,35.654
1738261143.561637,1049709.000,37682,1,T1,1,100,35.602
1738261143.695643,1049843.000,37700,1,T1,1,100,35.615
1738261143.828648,1049976.000,37732,1,T1,1,100,35.621
1738261143.961654,1050109.000,37749,1,T1,1,100,35.730
1738261144.095659,1050243.000,37766,1,T1,1,100,35.812
1738261144.228665,1050376.000,37782,1,T1,1,100,35.600
1738261144.361670,1050509.000,37815,1,T1,1,100,35.543
1738261144.495676,1050643.000,37832,1,T1,1,100,35.590
1738261144.628681,1050776.000,37851,1,T1,1,100,35.610
1738261144.761687,1050909.000,37883,1,T1,1,100,35.654
1738261144.895692,1051043.000,37900,1,T1,1,100,35.744
1738261145.028698,1051176.000,37917,1,T1,1,100,35.783
1738261145.161703,1051309.000,37949,1,T1,1,100,35.729
1738261145.295709,1051443.000,37967,1,T1,1,100,35.670
1738261145.428714,1051576.000,37985,1,T1,1,100,35.680
1738261145.561720,1051709.000,38020,1,T1,1,100,35.720
1738261145.694725,1051842.000,38037,1,T1,1,100,35.631
1738261145.828731,1051976.000,38053,1,T1,1,100,35.734
1738261145.961736,1052109.000,38086,1,T1,1,100,35.708
1738261146.095742,1052243.000,38103,1,T1,1,100,35.696
1738261146.228747,1052376.000,38119,1,T1,1,100,35.691
1738261146.361753,1052509.000,38137,1,T1,1,100,35.654
1738261146.494758,1052642.000,38169,1,T1,1,100,35.708
1738261146.628764,1052776.000,38186,1,T1,1,100,35.590
1738261146.761770,1052909.000,38205,1,T1,1,100,35.610
1738261146.894775,1053042.000,38238,1,T1,1,100,35.654
1738261147.028780,1053176.000,38254,1,T1,1,100,35.638
1738261147.161786,1053309.000,38271,1,T1,1,100,35.701
1738261147.294791,1053442.000,38304,1,T1,1,100,35.693
1738261147.428797,1053576.000,38320,1,T1,1,100,35.655
1738261147.561802,1053709.000,38337,1,T1,1,100,35.744
1738261147.694808,1053842.000,38370,1,T1,1,100,35.677
1738261147.828814,1053976.000,38386,1,T1,1,100,35.683
1738261147.961819,1054109.000,38404,1,T1,1,100,35.685
1738261148.094825,1054242.000,38420,1,T1,1,100,35.687
1738261148.228830,1054376.000,38444,1,T1,1,100,35.758
1738261148.361835,1054509.000,38479,1,T1,1,100,35.824
1738261148.494841,1054642.000,38495,1,T1,1,100,35.640
1738261148.628847,1054776.000,38513,1,T1,1,100,35.667
1738261148.761852,1054909.000,38545,1,T1,1,100,35.643
1738261148.894857,1055042.000,38561,1,T1,1,100,35.562
1738261149.027863,1055175.000,38579,1,T1,1,100,35.740
1738261149.161869,1055309.000,38613,1,T1,1,100,35.675
1738261149.294874,1055442.000,38630,1,T1,1,100,35.611
1738261149.427880,1055575.000,38649,1,T1,1,100,35.654
1738261149.561885,1055709.000,38665,1,T1,1,100,35.744
1738261149.694890,1055842.000,38698,1,T1,1,100,35.747
1738261149.827896,1055975.000,38715,1,T1,1,100,35.643
1738261149.961902,1056109.000,38732,1,T1,1,100,35.668
1738261150.094907,1056242.000,38764,1,T1,1,100,35.785
1738261150.228913,1056376.000,38783,1,T1,1,100,35.801
1738261150.361918,1056509.000,38802,1,T1,1,100,35.737
1738261150.494924,1056642.000,38834,1,T1,1,100,35.638
1738261150.627929,1056775.000,38852,1,T1,1,100,35.631
1738261150.761935,1056909.000,38868,1,T1,1,100,35.698
1738261150.894940,1057042.000,38901,1,T1,1,100,35.728
1738261151.027946,1057175.000,38918,1,T1,1,100,35.669
1738261151.161951,1057309.000,38934,1,T1,1,100,35.644
1738261151.294957,1057442.000,38967,1,T1,1,100,35.633
1738261151.427962,1057575.000,38984,1,T1,1,100,35.700
1738261151.561968,1057709.000,39000,1,T1,1,100,35.657
1738261151.694973,1057842.000,39018,1,T1,1,100,35.674
1738261151.827979,1057975.000,39052,1,T1,1,100,35.575
1738261151.961984,1058109.000,39069,1,T1,1,100,35.745
1738261152.094990,1058242.000,39086,1,T1,1,100,35.783
1738261152.227995,1058375.000,39119,1,T1,1,100,35.729
1738261152.361001,1058508.000,39135,1,T1,1,100,35.776
1738261152.495006,1058642.000,39152,1,T1,1,100,35.726
1738261152.628012,1058775.000,39185,1,T1,1,100,35.669
1738261152.761017,1058908.000,39203,1,T1,1,100,35.715
1738261152.895023,1059042.000,39220,1,T1,1,100,35.628
1738261153.028028,1059175.000,39253,1,T1,1,100,35.697
1738261153.161034,1059308.000,39269,1,T1,1,100,35.692
1738261153.295039,1059442.000,39292,1,T1,1,100,35.796
1738261153.428045,1059575.000,39308,1,T1,1,100,35.699
1738261153.561050,1059708.000,39325,1,T1,1,100,35.622
1738261153.695056,1059842.000,39358,1,T1,1,100,35.553
1738261153.828061,1059975.000,39376,1,T1,1,100,35.665
1738261153.961067,1060108.000,39394,1,T1,1,100,35.678
1738261154.095072,1060242.000,39426,1,T1,1,100,35.754
1738261154.228078,1060375.000,39442,1,T1,1,100,35.681
1738261154.361083,1060508.000,39460,1,T1,1,100,35.756
1738261154.495089,1060642.000,39492,1,T1,1,100,35.717
1738261154.628094,1060775.000,39509,1,T1,1,100,35.771
1738261154.761100,1060908.000,39526,1,T1,1,100,35.724
1738261154.895105,1061042.000,39542,1,T1,1,100,35.703
1738261155.028111,1061175.000,39575,1,T1,1,100,35.694
1738261155.161116,1061308.000,39594,1,T1,1,100,35.690
1738261155.295122,1061442.000,39611,1,T1,1,100,35.760
1738261155.428127,1061575.000,39645,1,T1,1,100,35.790
1738261155.561133,1061708.000,39662,1,T1,1,100,35.767
1738261155.694138,1061841.000,39679,1,T1,1,100,35.793
1738261155.828144,1061975.000,39711,1,T1,1,100,35.662
1738261155.961149,1062108.000,39729,1,T1,1,100,35.606
1738261156.094155,1062241.000,39747,1,T1,1,100,35.581
1738261156.228160,1062375.000,39780,1,T1,1,100,35.641
1738261156.361166,1062508.000,39797,1,T1,1,100,35.703
1738261156.494171,1062641.000,39813,1,T1,1,100,35.694
1738261156.628177,1062775.000,39848,1,T1,1,100,35.690
1738261156.761183,1062908.000,39865,1,T1,1,100,35.760
1738261156.894188,1063041.000,39881,1,T1,1,100,35.790
1738261157.028193,1063175.000,39899,1,T1,1,100,35.625
1738261157.161199,1063308.000,39931,1,T1,1,100,35.625
1738261157.294204,1063441.000,39948,1,T1,1,100,35.696
1738261157.428210,1063575.000,39967,1,T1,1,100,35.691
1738261157.561215,1063708.000,40000,1,T1,1,100,35.795
1738261157.694221,1063841.000,40016,1,T1,1,100,35.770
1738261157.828227,1063975.000,40033,1,T1,1,100,35.723
1738261157.961232,1064108.000,40066,1,T1,1,100,35.667
1738261158.094238,1064241.000,40082,1,T1,1,100,35.608
1738261158.228243,1064375.000,40099,1,T1,1,100,35.759
1738261158.361248,1064508.000,40135,2,T1,1,100,35.754
1738261158.494254,1064641.000,40135,2,T1,1,100,35.823
1738261158.628260,1064775.000,40168,1,T1,1,100,35.640
1738261158.761265,1064908.000,40184,1,T1,1,100,35.631
1738261158.894270,1065041.000,40201,1,T1,1,100,35.628
1738261159.027276,1065174.000,40234,1,T1,1,100,35.662
1738261159.161282,1065308.000,40250,1,T1,1,100,35.641
1738261159.294287,1065441.000,40268,1,T1,1,100,35.667
1738261159.427293,1065574.000,40302,1,T1,1,100,35.643
1738261159.561298,1065708.000,40318,1,T1,1,100,35.633
1738261159.694304,1065841.000,40336,1,T1,1,100,35.664
1738261159.827309,1065974.000,40368,1,T1,1,100,35.677
1738261159.961315,1066108.000,40385,1,T1,1,100,35.825
1738261160.094320,1066241.000,40402,1,T1,1,100,35.711
1738261160.227326,1066374.000,40435,1,T1,1,100,35.769
1738261160.361331,1066508.000,40453,1,T1,1,100,35.758
1738261160.494337,1066641.000,40470,1,T1,1,100,35.683
1738261160.627342,1066774.000,40487,1,T1,1,100,35.756
1738261160.761348,1066908.000,40521,1,T1,1,100,35.682
1738261160.894353,1067041.000,40538,1,T1,1,100,35.650
1738261161.027359,1067174.000,40555,1,T1,1,100,35.636
1738261161.161364,1067308.000,40587,1,T1,1,100,35.701
1738261161.294370,1067441.000,40605,1,T1,1,100,35.622
1738261161.427375,1067574.000,40621,1,T1,1,100,35.624
1738261161.561381,1067708.000,40654,1,T1,1,100,35.731
1738261161.694386,1067841.000,40671,1,T1,1,100,35.848
1738261161.827392,1067974.000,40687,1,T1,1,100,35.828
1738261161.961397,1068108.000,40720,1,T1,1,100,35.784
1738261162.094403,1068241.000,40737,1,T1,1,100,35.800
1738261162.227408,1068374.000,40753,1,T1,1,100,35.630
1738261162.361414,1068508.000,40771,1,T1,1,100,35.769
1738261162.494419,1068641.000,40803,1,T1,1,100,35.794
1738261162.627425,1068774.000,40820,1,T1,1,100,35.840
1738261162.760430,1068907.000,40837,1,T1,1,100,35.718
1738261162.894436,1069041.000,40870,1,T1,1,100,35.594
1738261163.027441,1069174.000,40886,1,T1,1,100,35.718
1738261163.160447,1069307.000,40905,1,T1,1,100,35.736
1738261163.294452,1069441.000,40940,1,T1,1,100,35.744
1738261163.427458,1069574.000,40956,1,T1,1,100,35.606
1738261163.560463,1069707.000,40978,1,T1,1,100,35.617
1738261163.694469,1069841.000,40995,1,T1,1,100,35.763
1738261163.827474,1069974.000,41012,1,T1,1,100,35.791
1738261163.960480,1070107.000,41045,1,T1,1,100,35.839
1738261164.094485,1070241.000,41061,1,T1,1,100,35.717
1738261164.227491,1070374.000,41078,1,T1,1,100,35.700
1738261164.360496,1070507.000,41113,1,T1,1,100,35.729
1738261164.494502,1070641.000,41129,1,T1,1,100,35.670
1738261164.627507,1070774.000,41147,1,T1,1,100,35.644
1738261164.760513,1070907.000,41179,1,T1,1,100,35.740
1738261164.894518,1071041.000,41195,1,T1,1,100,35.675
1738261165.027524,1071174.000,41213,1,T1,1,100,35.717
1738261165.160529,1071307.000,41245,1,T1,1,100,35.700
1738261165.294535,1071441.000,41262,1,T1,1,100,35.658
1738261165.427540,1071574.000,41281,1,T1,1,100,35.745
1738261165.560546,1071707.000,41314,1,T1,1,100,35.819
1738261165.693551,1071840.000,41330,1,T1,1,100,35.780
1738261165.827557,1071974.000,41347,1,T1,1,100,35.727
1738261165.960562,1072107.000,41363,1,T1,1,100,35.634
1738261166.093568,1072240.000,41396,1,T1,1,100,35.771
1738261166.227573,1072374.000,41413,1,T1,1,100,35.688
1738261166.360579,1072507.000,41430,1,T1,1,100,35.652
1738261166.493584,1072640.000,41462,1,T1,1,100,35.637
1738261166.627590,1072774.000,41480,1,T1,1,100,35.666
1738261166.760596,1072907.000,41496,1,T1,1,100,35.855
1738261166.893601,1073040.000,41529,1,T1,1,100,35.831
1738261167.027606,1073174.000,41546,1,T1,1,100,35.714
1738261167.160612,1073307.000,41562,1,T1,1,100,35.734
1738261167.293617,1073440.000,41595,1,T1,1,100,35.779
1738261167.427623,1073574.000,41612,1,T1,1,100,35.762
1738261167.560628,1073707.000,41628,1,T1,1,100,35.684
1738261167.693634,1073840.000,41661,1,T1,1,100,35.686
1738261167.827640,1073974.000,41678,1,T1,1,100,35.687
1738261167.960645,1074107.000,41697,1,T1,1,100,35.829
1738261168.093651,1074240.000,41729,1,T1,1,100,35.820
1738261168.227656,1074374.000,41746,1,T1,1,100,35.745
1738261168.360662,1074507.000,41763,1,T1,1,100,35.712
1738261168.493667,1074640.000,41780,1,T1,1,100,35.769
1738261168.627673,1074774.000,41820,1,T1,1,100,35.794
1738261168.760678,1074907.000,41836,1,T1,1,100,35.698
1738261168.893683,1075040.000,41853,1,T1,1,100,35.657
1738261169.026689,1075173.000,41872,1,T1,1,100,35.568
1738261169.160695,1075307.000,41904,1,T1,1,100,35.707
1738261169.293700,1075440.000,41922,1,T1,1,100,35.767
1738261169.426706,1075573.000,41938,1,T1,1,100,35.828
1738261169.560711,1075707.000,41955,1,T1,1,100,35.713
1738261169.693717,1075840.000,41988,1,T1,1,100,35.769
1738261169.826722,1075973.000,42004,1,T1,1,100,35.723
1738261169.960728,1076107.000,42022,1,T1,1,100,35.667
1738261170.093733,1076240.000,42054,1,T1,1,100,35.714
1738261170.226739,1076373.000,42072,1,T1,1,100,35.699
1738261170.360744,1076507.000,42092,1,T1,1,100,35.799
1738261170.493750,1076640.000,42124,1,T1,1,100,35.736
1738261170.626755,1076773.000,42141,1,T1,1,100,35.779
1738261170.760761,1076907.000,42158,1,T1,1,100,35.763
1738261170.893766,1077040.000,42191,1,T1,1,100,35.755
1738261171.026772,1077173.000,42207,1,T1,1,100,35.752
1738261171.160777,1077307.000,42224,1,T1,1,100,35.716
1738261171.293783,1077440.000,42259,1,T1,1,100,35.629
1738261171.426788,1077573.000,42275,1,T1,1,100,35.662
1738261171.560794,1077707.000,42292,1,T1,1,100,35.747
1738261171.693799,1077840.000,42309,1,T1,1,100,35.820
1738261171.826805,1077973.000,42341,1,T1,1,100,35.780
1738261171.959810,1078106.000,42359,1,T1,1,100,35.763
1738261172.093816,1078240.000,42375,1,T1,1,100,35.649
1738261172.226821,1078373.000,42408,1,T1,1,100,35.742
1738261172.359827,1078506.000,42425,1,T1,1,100,35.746
1738261172.493832,1078640.000,42441,1,T1,1,100,35.713
1738261172.626838,1078773.000,42476,1,T1,1,100,35.663
1738261172.759843,1078906.000,42493,1,T1,1,100,35.677
1738261172.893849,1079040.000,42511,1,T1,1,100,35.754
1738261173.026854,1079173.000,42544,1,T1,1,100,35.752
1738261173.159860,1079306.000,42561,1,T1,1,100,35.751
1738261173.293865,1079440.000,42578,1,T1,1,100,35.679
1738261173.426871,1079573.000,42610,1,T1,1,100,35.719
1738261173.559876,1079706.000,42627,1,T1,1,100,35.630
1738261173.693882,1079840.000,42644,1,T1,1,100,35.698
1738261173.826887,1079973.000,42668,1,T1,1,100,35.621
1738261173.959893,1080106.000,42685,1,T1,1,100,35.659
1738261174.093898,1080240.000,42717,1,T1,1,100,35.746
1738261174.226904,1080373.000,42734,1,T1,1,100,35.713
1738261174.359909,1080506.000,42751,1,T1,1,100,35.769
1738261174.493915,1080640.000,42783,1,T1,1,100,35.581
1738261174.626920,1080773.000,42801,1,T1,1,100,35.748
1738261174.759926,1080906.000,42817,1,T1,1,100,35.820
1738261174.893931,1081040.000,42852,1,T1,1,100,35.745
1738261175.026937,1081173.000,42869,1,T1,1,100,35.819
1738261175.159942,1081306.000,42885,1,T1,1,100,35.780
1738261175.292948,1081439.000,42920,1,T1,1,100,35.763
1738261175.426953,1081573.000,42937,1,T1,1,100,35.791
1738261175.559959,1081706.000,42953,1,T1,1,100,35.768
1738261175.693964,1081840.000,42986,1,T1,1,100,35.722
1738261175.826970,1081973.000,43003,1,T1,1,100,35.773
1738261175.959975,1082106.000,43020,1,T1,1,100,35.831
1738261176.092981,1082239.000,43037,1,T1,1,100,35.785
1738261176.226986,1082373.000,43069,1,T1,1,100,35.765
1738261176.359992,1082506.000,43086,1,T1,1,100,35.721
1738261176.492997,1082639.000,43103,1,T1,1,100,35.808
1738261176.627003,1082773.000,43136,1,T1,1,100,35.775
1738261176.760009,1082906.000,43152,1,T1,1,100,35.725
1738261176.893014,1083039.000,43169,1,T1,1,100,35.704
1738261177.027020,1083173.000,43202,1,T1,1,100,35.836
1738261177.160025,1083306.000,43218,1,T1,1,100,35.752
1738261177.293031,1083439.000,43236,1,T1,1,100,35.822
1738261177.427036,1083573.000,43268,1,T1,1,100,35.852
1738261177.560041,1083706.000,43284,1,T1,1,100,35.688
1738261177.693047,1083839.000,43302,1,T1,1,100,35.759
1738261177.827053,1083973.000,43334,1,T1,1,100,35.789
1738261177.960058,1084106.000,43351,1,T1,1,100,35.802
1738261178.093064,1084239.000,43368,1,T1,1,100,35.808
1738261178.227069,1084373.000,43403,1,T1,1,100,35.775
1738261178.360075,1084506.000,43419,1,T1,1,100,35.832
1738261178.493080,1084639.000,43436,1,T1,1,100,35.785
1738261178.626086,1084772.000,43452,1,T1,1,100,35.801
1738261178.760091,1084906.000,43485,1,T1,1,100,35.737
1738261178.893096,1085039.000,43508,1,T1,1,100,35.673
1738261179.027102,1085173.000,43524,1,T1,1,100,35.681
1738261179.160108,1085306.000,43541,1,T1,1,100,35.685
1738261179.293113,1085439.000,43574,1,T1,1,100,35.828
1738261179.426119,1085572.000,43590,1,T1,1,100,35.677
1738261179.560124,1085706.000,43607,1,T1,1,100,35.825
1738261179.693130,1085839.000,43640,1,T1,1,100,35.782
1738261179.826135,1085972.000,43656,1,T1,1,100,35.835
1738261179.960141,1086106.000,43674,1,T1,1,100,35.716
1738261180.093146,1086239.000,43690,1,T1,1,100,35.806
1738261180.226152,1086372.000,43723,1,T1,1,100,35.810
1738261180.360157,1086506.000,43742,1,T1,1,100,35.740
1738261180.493163,1086639.000,43758,1,T1,1,100,35.675
1738261180.626168,1086772.000,43791,1,T1,1,100,35.682
1738261180.760174,1086906.000,43808,1,T1,1,100,35.685
1738261180.893179,1087039.000,43824,1,T1,1,100,35.793
1738261181.026185,1087172.000,43857,1,T1,1,100,35.839
1738261181.160190,1087306.000,43874,1,T1,1,100,35.718
1738261181.293196,1087439.000,43891,1,T1,1,100,35.772
1738261181.426201,1087572.000,43925,1,T1,1,100,35.795
1738261181.560207,1087706.000,43942,1,T1,1,100,35.734
1738261181.693212,1087839.000,43959,1,T1,1,100,35.778
1738261181.826218,1087972.000,43976,1,T1,1,100,35.833
1738261181.960223,1088106.000,44009,1,T1,1,100,35.821
1738261182.093229,1088239.000,44025,1,T1,1,100,35.816
1738261182.226234,1088372.000,44042,1,T1,1,100,35.779
1738261182.360240,1088506.000,44075,1,T1,1,100,35.798
1738261182.493245,1088639.000,44091,1,T1,1,100,35.735
1738261182.626251,1088772.000,44111,1,T1,1,100,35.850
1738261182.759256,1088905.000,44143,1,T1,1,100,35.793
1738261182.893262,1089039.000,44159,1,T1,1,100,35.733
1738261183.026267,1089172.000,44177,1,T1,1,100,35.672
1738261183.159273,1089305.000,44209,1,T1,1,100,35.716
1738261183.293278,1089439.000,44226,1,T1,1,100,35.806
1738261183.426284,1089572.000,44243,1,T1,1,100,35.703
1738261183.559289,1089705.000,44276,1,T1,1,100,35.659
1738261183.693295,1089839.000,44292,1,T1,1,100,35.711
1738261183.826300,1089972.000,44309,1,T1,1,100,35.662
1738261183.959306,1090105.000,44325,1,T1,1,100,35.712
1738261184.093311,1090239.000,44348,1,T1,1,100,35.734
1738261184.226317,1090372.000,44381,1,T1,1,100,35.778
1738261184.359322,1090505.000,44397,1,T1,1,100,35.691
1738261184.493328,1090639.000,44414,1,T1,1,100,35.796
1738261184.626333,1090772.000,44447,1,T1,1,100,35.841
1738261184.759339,1090905.000,44463,1,T1,1,100,35.647
1738261184.893344,1091039.000,44482,1,T1,1,100,35.706
1738261185.026350,1091172.000,44515,1,T1,1,100,35.873
1738261185.159355,1091305.000,44531,1,T1,1,100,35.909
1738261185.292361,1091438.000,44549,1,T1,1,100,35.890
1738261185.426366,1091572.000,44567,1,T1,1,100,35.811
1738261185.559372,1091705.000,44599,1,T1,1,100,35.599
1738261185.692377,1091838.000,44617,1,T1,1,100,35.720
1738261185.826383,1091972.000,44633,1,T1,1,100,35.808
1738261185.959388,1092105.000,44668,1,T1,1,100,35.775
1738261186.092394,1092238.000,44685,1,T1,1,100,35.725
1738261186.226399,1092372.000,44701,1,T1,1,100,35.668
1738261186.359405,1092505.000,44734,1,T1,1,100,35.786
1738261186.492410,1092638.000,44751,1,T1,1,100,35.765
1738261186.626416,1092772.000,44768,1,T1,1,100,35.721
1738261186.759422,1092905.000,44800,1,T1,1,100,35.773
1738261186.892427,1093038.000,44817,1,T1,1,100,35.831
1738261187.026433,1093172.000,44834,1,T1,1,100,35.891
1738261187.159438,1093305.000,44868,1,T1,1,100,35.847
1738261187.292444,1093438.000,44886,1,T1,1,100,35.827
1738261187.426449,1093572.000,44902,1,T1,1,100,35.819
1738261187.559454,1093705.000,44919,1,T1,1,100,35.780
1738261187.692460,1093838.000,44952,1,T1,1,100,35.834
1738261187.826466,1093972.000,44968,1,T1,1,100,35.751
1738261187.959471,1094105.000,44986,1,T1,1,100,35.821
1738261188.092477,1094238.000,45018,1,T1,1,100,35.852
1738261188.226482,1094372.000,45036,1,T1,1,100,35.900
1738261188.359488,1094505.000,45056,1,T1,1,100,35.851
1738261188.492493,1094638.000,45088,1,T1,1,100,35.864
1738261188.626499,1094772.000,45105,1,T1,1,100,35.658
1738261188.759504,1094905.000,45122,1,T1,1,100,35.781
1738261188.892509,1095038.000,45155,1,T1,1,100,35.799
1738261189.026515,1095172.000,45171,1,T1,1,100,35.736
1738261189.159521,1095305.000,45193,1,T1,1,100,35.744
1738261189.292526,1095438.000,45212,1,T1,1,100,35.747
1738261189.425532,1095571.000,45229,1,T1,1,100,35.784
1738261189.559537,1095705.000,45262,1,T1,1,100,35.836
1738261189.692543,1095838.000,45278,1,T1,1,100,35.787
1738261189.826548,1095972.000,45295,1,T1,1,100,35.837
1738261189.959554,1096105.000,45328,1,T1,1,100,35.788
1738261190.092559,1096238.000,45344,1,T1,1,100,35.766
1738261190.225565,1096371.000,45361,1,T1,1,100,35.828
1738261190.359570,1096505.000,45396,1,T1,1,100,35.784
1738261190.492576,1096638.000,45412,1,T1,1,100,35.871
1738261190.625581,1096771.000,45432,1,T1,1,100,35.944
1738261190.759587,1096905.000,45464,1,T1,1,100,35.799
1738261190.892592,1097038.000,45480,1,T1,1,100,35.842
1738261191.025598,1097171.000,45498,1,T1,1,100,35.861
1738261191.159603,1097305.000,45530,1,T1,1,100,35.833
1738261191.292609,1097438.000,45547,1,T1,1,100,35.857
1738261191.425614,1097571.000,45564,1,T1,1,100,35.867
1738261191.559620,1097705.000,45580,1,T1,1,100,35.836
1738261191.692625,1097838.000,45615,1,T1,1,100,35.787
1738261191.825631,1097971.000,45632,1,T1,1,100,35.837
1738261191.958636,1098104.000,45649,1,T1,1,100,35.859
1738261192.092642,1098238.000,45681,1,T1,1,100,35.726
1738261192.225647,1098371.000,45698,1,T1,1,100,35.775
1738261192.358653,1098504.000,45715,1,T1,1,100,35.832
1738261192.492658,1098638.000,45747,1,T1,1,100,35.821
1738261192.625664,1098771.000,45765,1,T1,1,100,35.745
1738261192.758669,1098904.000,45781,1,T1,1,100,35.712
1738261192.892675,1099038.000,45816,1,T1,1,100,35.769
1738261193.025680,1099171.000,45833,1,T1,1,100,35.865
1738261193.158686,1099304.000,45849,1,T1,1,100,35.835
1738261193.292691,1099438.000,45866,1,T1,1,100,35.751
1738261193.425697,1099571.000,45899,1,T1,1,100,35.751
1738261193.558702,1099704.000,45915,1,T1,1,100,35.928
1738261193.692708,1099838.000,45933,1,T1,1,100,35.827
1738261193.825713,1099971.000,45965,1,T1,1,100,35.783
1738261193.958719,1100104.000,45984,1,T1,1,100,35.800
1738261194.092724,1100238.000,46001,1,T1,1,100,35.807
1738261194.225730,1100371.000,46039,2,T1,1,100,35.846
1738261194.358735,1100504.000,46039,2,T1,1,100,35.791
1738261194.492741,1100638.000,46071,1,T1,1,100,35.803
1738261194.625746,1100771.000,46088,1,T1,1,100,35.809
1738261194.758752,1100904.000,46105,1,T1,1,100,35.917
1738261194.892757,1101038.000,46138,1,T1,1,100,35.964
1738261195.025763,1101171.000,46154,1,T1,1,100,35.949
1738261195.158768,1101304.000,46171,1,T1,1,100,35.942
1738261195.292774,1101438.000,46206,1,T1,1,100,35.762
1738261195.425779,1101571.000,46224,1,T1,1,100,35.755
1738261195.558785,1101704.000,46241,1,T1,1,100,35.823
1738261195.691790,1101837.000,46274,1,T1,1,100,35.711
1738261195.825796,1101971.000,46290,1,T1,1,100,35.768
1738261195.958802,1102104.000,46308,1,T1,1,100,35.723
1738261196.091807,1102237.000,46340,1,T1,1,100,35.809
1738261196.225812,1102371.000,46357,1,T1,1,100,35.882
1738261196.358818,1102504.000,46374,1,T1,1,100,35.807
1738261196.491823,1102637.000,46390,1,T1,1,100,35.775
1738261196.625829,1102771.000,46425,1,T1,1,100,35.867
1738261196.758835,1102904.000,46442,1,T1,1,100,35.872
1738261196.891840,1103037.000,46458,1,T1,1,100,35.874
1738261197.025846,1103171.000,46491,1,T1,1,100,35.803
1738261197.158851,1103304.000,46508,1,T1,1,100,35.738
1738261197.291857,1103437.000,46525,1,T1,1,100,35.745
1738261197.425862,1103571.000,46557,1,T1,1,100,35.819
1738261197.558867,1103704.000,46576,1,T1,1,100,35.815
1738261197.691873,1103837.000,46593,1,T1,1,100,35.849
1738261197.825879,1103971.000,46625,1,T1,1,100,35.828
1738261197.958884,1104104.000,46643,1,T1,1,100,35.819
1738261198.091890,1104237.000,46659,1,T1,1,100,35.745
1738261198.225895,1104371.000,46676,1,T1,1,100,35.854
1738261198.358901,1104504.000,46709,1,T1,1,100,35.830
1738261198.491906,1104637.000,46725,1,T1,1,100,35.785
1738261198.625912,1104771.000,46743,1,T1,1,100,35.801
1738261198.758917,1104904.000,46775,1,T1,1,100,35.843
1738261198.891923,1105037.000,46791,1,T1,1,100,35.790
1738261199.025928,1105171.000,46809,1,T1,1,100,35.803
1738261199.158934,1105304.000,46843,1,T1,1,100,35.844
1738261199.291939,1105437.000,46860,1,T1,1,100,35.861
1738261199.424945,1105570.000,46880,1,T1,1,100,35.940
1738261199.558950,1105704.000,46896,1,T1,1,100,35.832
1738261199.691956,1105837.000,46914,1,T1,1,100,35.786
1738261199.824961,1105970.000,46948,1,T1,1,100,35.836
1738261199.958967,1106104.000,46965,1,T1,1,100,35.823
1738261200.091972,1106237.000,46982,1,T1,1,100,35.711
1738261200.224978,1106370.000,47015,1,T1,1,100,35.910
1738261200.358983,1106504.000,47033,1,T1,1,100,35.819
1738261200.491989,1106637.000,47050,1,T1,1,100,35.815
1738261200.624994,1106770.000,47083,1,T1,1,100,35.743
1738261200.759000,1106904.000,47099,1,T1,1,100,35.818
1738261200.892005,1107037.000,47116,1,T1,1,100,35.850
1738261201.025011,1107170.000,47149,1,T1,1,100,35.864
1738261201.159016,1107304.000,47165,1,T1,1,100,35.799
1738261201.292022,1107437.000,47183,1,T1,1,100,35.913
1738261201.425027,1107570.000,47215,1,T1,1,100,35.892
1738261201.559033,1107704.000,47231,1,T1,1,100,35.918
1738261201.692038,1107837.000,47249,1,T1,1,100,35.893
1738261201.825044,1107970.000,47265,1,T1,1,100,35.883
1738261201.959049,1108104.000,47298,1,T1,1,100,35.843
1738261202.092055,1108237.000,47315,1,T1,1,100,35.897
1738261202.225060,1108370.000,47333,1,T1,1,100,35.849
1738261202.358066,1108503.000,47366,1,T1,1,100,35.828
1738261202.492071,1108637.000,47383,1,T1,1,100,35.819
1738261202.625077,1108770.000,47400,1,T1,1,100,35.780
1738261202.758082,1108903.000,47432,1,T1,1,100,35.728
1738261202.892088,1109037.000,47449,1,T1,1,100,35.811
1738261203.025093,1109170.000,47466,1,T1,1,100,35.812
1738261203.158099,1109303.000,47498,1,T1,1,100,35.848
1738261203.292104,1109437.000,47518,1,T1,1,100,35.828
1738261203.425110,1109570.000,47534,1,T1,1,100,35.713
1738261203.558115,1109703.000,47551,1,T1,1,100,35.876
1738261203.692121,1109837.000,47584,1,T1,1,100,35.804
1738261203.825126,1109970.000,47600,1,T1,1,100,35.738
1738261203.958132,1110103.000,47617,1,T1,1,100,35.745
1738261204.092137,1110237.000,47650,1,T1,1,100,35.783
1738261204.225143,1110370.000,47666,1,T1,1,100,35.729
1738261204.358148,1110503.000,47686,1,T1,1,100,35.883
1738261204.492154,1110637.000,47725,1,T1,1,100,35.843
1738261204.625160,1110770.000,47742,1,T1,1,100,35.719
1738261204.758165,1110903.000,47759,1,T1,1,100,35.843
1738261204.892170,1111037.000,47775,1,T1,1,100,35.790
1738261205.025176,1111170.000,47793,1,T1,1,100,35.767
1738261205.158181,1111303.000,47825,1,T1,1,100,35.899
1738261205.292187,1111437.000,47842,1,T1,1,100,35.850
1738261205.425192,1111570.000,47861,1,T1,1,100,35.900
1738261205.558198,1111703.000,47896,1,T1,1,100,35.886
1738261205.691203,1111836.000,47912,1,T1,1,100,35.880
1738261205.825209,1111970.000,47929,1,T1,1,100,35.771
1738261205.958215,1112103.000,47962,1,T1,1,100,35.794
1738261206.091220,1112236.000,47978,1,T1,1,100,35.805
1738261206.225225,1112370.000,47995,1,T1,1,100,35.774
1738261206.358231,1112503.000,48028,1,T1,1,100,35.867
1738261206.491236,1112636.000,48044,1,T1,1,100,35.800
1738261206.625242,1112770.000,48062,1,T1,1,100,35.807
1738261206.758248,1112903.000,48078,1,T1,1,100,35.881
1738261206.891253,1113036.000,48111,1,T1,1,100,35.842
1738261207.025259,1113170.000,48128,1,T1,1,100,35.861
1738261207.158264,1113303.000,48144,1,T1,1,100,35.869
1738261207.291270,1113436.000,48177,1,T1,1,100,35.943
1738261207.425275,1113570.000,48194,1,T1,1,100,35.940
1738261207.558280,1113703.000,48210,1,T1,1,100,35.832
1738261207.691286,1113836.000,48245,1,T1,1,100,35.750
1738261207.825292,1113970.000,48262,1,T1,1,100,35.786
1738261207.958297,1114103.000,48279,1,T1,1,100,35.872
1738261208.091303,1114236.000,48311,1,T1,1,100,35.838
1738261208.225308,1114370.000,48328,1,T1,1,100,35.753
1738261208.358314,1114503.000,48345,1,T1,1,100,35.822
1738261208.491319,1114636.000,48377,1,T1,1,100,35.888
1738261208.625325,1114770.000,48395,1,T1,1,100,35.774
1738261208.758330,1114903.000,48411,1,T1,1,100,35.796
1738261208.891336,1115036.000,48428,1,T1,1,100,35.947
1738261209.025341,1115170.000,48461,1,T1,1,100,35.906
1738261209.158347,1115303.000,48479,1,T1,1,100,35.889
1738261209.291352,1115436.000,48499,1,T1,1,100,35.810
1738261209.424358,1115569.000,48533,1,T1,1,100,35.847
1738261209.558363,1115703.000,48549,1,T1,1,100,35.756
1738261209.691369,1115836.000,48572,1,T1,1,100,35.824
1738261209.824374,1115969.000,48588,1,T1,1,100,35.746
1738261209.958380,1116103.000,48605,1,T1,1,100,35.784
1738261210.091385,1116236.000,48640,1,T1,1,100,35.871
1738261210.224391,1116369.000,48658,1,T1,1,100,35.767
1738261210.358396,1116503.000,48678,1,T1,1,100,35.757
1738261210.491402,1116636.000,48710,1,T1,1,100,35.647
1738261210.624407,1116769.000,48727,1,T1,1,100,35.705
1738261210.758413,1116903.000,48744,1,T1,1,100,35.766
1738261210.891418,1117036.000,48777,1,T1,1,100,35.757
1738261211.024424,1117169.000,48793,1,T1,1,100,35.824
1738261211.158429,1117303.000,48810,1,T1,1,100,35.782
1738261211.291435,1117436.000,48845,1,T1,1,100,35.728
1738261211.424440,1117569.000,48861,1,T1,1,100,35.812
1738261211.558446,1117703.000,48878,1,T1,1,100,35.883
1738261211.691451,1117836.000,48895,1,T1,1,100,35.878
1738261211.824457,1117969.000,48927,1,T1,1,100,35.806
1738261211.957462,1118102.000,48945,1,T1,1,100,35.845
1738261212.091468,1118236.000,48961,1,T1,1,100,35.897
1738261212.224473,1118369.000,48994,1,T1,1,100,35.849
1738261212.358479,1118503.000,49011,1,T1,1,100,35.722
1738261212.491484,1118636.000,49027,1,T1,1,100,35.773
1738261212.624490,1118769.000,49060,1,T1,1,100,35.831
1738261212.757495,1118902.000,49077,1,T1,1,100,35.821
1738261212.891501,1119036.000,49095,1,T1,1,100,35.816
1738261213.024506,1119169.000,49128,1,T1,1,100,35.849
1738261213.157512,1119302.000,49145,1,T1,1,100,35.828
1738261213.291517,1119436.000,49162,1,T1,1,100,35.855
1738261213.424523,1119569.000,49196,1,T1,1,100,35.902
1738261213.557528,1119702.000,49213,1,T1,1,100,35.887
1738261213.691534,1119836.000,49230,1,T1,1,100,35.774
1738261213.824539,1119969.000,49247,1,T1,1,100,35.796
1738261213.957545,1120102.000,49280,1,T1,1,100,35.841
1738261214.091550,1120236.000,49296,1,T1,1,100,35.860
1738261214.224556,1120369.000,49313,1,T1,1,100,35.869
1738261214.357561,1120502.000,49346,1,T1,1,100,35.766
1738261214.491567,1120636.000,49362,1,T1,1,100,35.757
1738261214.624573,1120769.000,49382,1,T1,1,100,35.966
1738261214.757578,1120902.000,49419,1,T1,1,100,35.950
1738261214.891583,1121036.000,49436,1,T1,1,100,35.943
1738261215.024589,1121169.000,49453,1,T1,1,100,35.904
1738261215.157594,1121302.000,49469,1,T1,1,100,35.852
1738261215.291600,1121436.000,49486,1,T1,1,100,35.901
1738261215.424605,1121569.000,49521,1,T1,1,100,35.922
1738261215.557611,1121702.000,49537,1,T1,1,100,35.860
1738261215.691617,1121836.000,49555,1,T1,1,100,35.868
1738261215.824622,1121969.000,49589,1,T1,1,100,35.979
1738261215.957628,1122102.000,49606,1,T1,1,100,35.955
1738261216.090633,1122235.000,49623,1,T1,1,100,35.945
1738261216.224638,1122369.000,49656,1,T1,1,100,35.905
1738261216.357644,1122502.000,49672,1,T1,1,100,35.817
1738261216.490649,1122635.000,49689,1,T1,1,100,36.027
1738261216.624655,1122769.000,49722,1,T1,1,100,35.870
1738261216.757661,1122902.000,49738,1,T1,1,100,35.837
1738261216.890666,1123035.000,49755,1,T1,1,100,35.823
1738261217.024672,1123169.000,49788,1,T1,1,100,35.853
1738261217.157677,1123302.000,49804,1,T1,1,100,35.865
1738261217.290683,1123435.000,49822,1,T1,1,100,35.764
1738261217.424688,1123569.000,49838,1,T1,1,100,35.827
1738261217.557693,1123702.000,49871,1,T1,1,100,35.748
1738261217.690699,1123835.000,49888,1,T1,1,100,35.820
1738261217.824705,1123969.000,49904,1,T1,1,100,35.816
1738261217.957710,1124102.000,49939,1,T1,1,100,35.778
1738261218.090716,1124235.000,49956,1,T1,1,100,35.798
1738261218.224721,1124369.000,49972,1,T1,1,100,35.806
1738261218.357727,1124502.000,50005,1,T1,1,100,35.845
1738261218.490732,1124635.000,50022,1,T1,1,100,35.756
1738261218.623738,1124768.000,50039,1,T1,1,100,35.823
1738261218.757743,1124902.000,50071,1,T1,1,100,35.675
1738261218.890749,1125035.000,50088,1,T1,1,100,35.824
1738261219.023754,1125168.000,50105,1,T1,1,100,35.924
1738261219.157760,1125302.000,50139,1,T1,1,100,35.790
1738261219.290765,1125435.000,50157,1,T1,1,100,35.944
1738261219.423771,1125568.000,50173,1,T1,1,100,35.870
1738261219.557776,1125702.000,50190,1,T1,1,100,35.873
1738261219.690782,1125835.000,50223,1,T1,1,100,35.874
1738261219.823787,1125968.000,50239,1,T1,1,100,35.839
1738261219.957793,1126102.000,50262,1,T1,1,100,35.859
1738261220.090798,1126235.000,50278,1,T1,1,100,35.939
1738261220.223804,1126368.000,50311,1,T1,1,100,35.938
1738261220.357809,1126502.000,50330,1,T1,1,100,35.831
1738261220.490815,1126635.000,50346,1,T1,1,100,35.750
1738261220.623820,1126768.000,50381,1,T1,1,100,35.821
1738261220.757826,1126902.000,50398,1,T1,1,100,35.922
1738261220.890831,1127035.000,50414,1,T1,1,100,35.896
1738261221.023837,1127168.000,50432,1,T1,1,100,35.884
1738261221.157842,1127302.000,50464,1,T1,1,100,35.843
1738261221.290848,1127435.000,50481,1,T1,1,100,35.932
1738261221.423853,1127568.000,50498,1,T1,1,100,35.864
1738261221.557859,1127702.000,50531,1,T1,1,100,35.835
1738261221.690864,1127835.000,50547,1,T1,1,100,35.822
1738261221.823870,1127968.000,50564,1,T1,1,100,35.959
1738261221.957875,1128102.000,50597,1,T1,1,100,36.053
1738261222.090881,1128235.000,50613,1,T1,1,100,35.952
1738261222.223886,1128368.000,50630,1,T1,1,100,35.908
1738261222.356892,1128501.000,50663,1,T1,1,100,36.067
1738261222.490897,1128635.000,50679,1,T1,1,100,35.816
1738261222.623903,1128768.000,50699,1,T1,1,100,35.814
1738261222.756908,1128901.000,50731,1,T1,1,100,35.849
1738261222.890914,1129035.000,50747,1,T1,1,100,35.899
1738261223.023919,1129168.000,50765,1,T1,1,100,35.885
1738261223.156925,1129301.000,50781,1,T1,1,100,35.844
1738261223.290930,1129435.000,50814,1,T1,1,100,35.897
1738261223.423936,1129568.000,50831,1,T1,1,100,35.814
1738261223.556941,1129701.000,50847,1,T1,1,100,35.884
1738261223.690947,1129835.000,50880,1,T1,1,100,35.808
1738261223.823952,1129968.000,50899,1,T1,1,100,35.846
1738261223.956958,1130101.000,50916,1,T1,1,100,35.933
1738261224.090963,1130235.000,50948,1,T1,1,100,35.936
1738261224.223969,1130368.000,50965,1,T1,1,100,35.901
1738261224.356974,1130501.000,50982,1,T1,1,100,35.886
1738261224.490980,1130635.000,51014,1,T1,1,100,36.022
1738261224.623986,1130768.000,51032,1,T1,1,100,35.868
1738261224.756991,1130901.000,51048,1,T1,1,100,35.765
1738261224.890996,1131035.000,51083,1,T1,1,100,35.863
1738261225.024002,1131168.000,51105,1,T1,1,100,35.941
1738261225.157007,1131301.000,51121,1,T1,1,100,35.974
1738261225.291013,1131435.000,51139,1,T1,1,100,35.953
1738261225.424018,1131568.000,51157,1,T1,1,100,35.873
1738261225.557024,1131701.000,51190,1,T1,1,100,35.874
1738261225.690029,1131834.000,51207,1,T1,1,100,35.875
1738261225.824035,1131968.000,51223,1,T1,1,100,35.875
1738261225.957041,1132101.000,51256,1,T1,1,100,35.910
1738261226.091046,1132235.000,51273,1,T1,1,100,35.819
1738261226.224051,1132368.000,51289,1,T1,1,100,35.922
1738261226.357057,1132501.000,51322,1,T1,1,100,35.966
1738261226.490062,1132634.000,51339,1,T1,1,100,35.985
1738261226.624068,1132768.000,51356,1,T1,1,100,35.958
1738261226.757074,1132901.000,51373,1,T1,1,100,35.840
1738261226.890079,1133034.000,51406,1,T1,1,100,35.860
1738261227.024085,1133168.000,51422,1,T1,1,100,35.833
1738261227.157090,1133301.000,51439,1,T1,1,100,35.857
1738261227.290096,1133434.000,51472,1,T1,1,100,35.867
1738261227.424101,1133568.000,51488,1,T1,1,100,35.943
1738261227.557106,1133701.000,51505,1,T1,1,100,36.011
1738261227.690112,1133834.000,51538,1,T1,1,100,35.898
1738261227.824118,1133968.000,51554,1,T1,1,100,35.885
1738261227.957123,1134101.000,51572,1,T1,1,100,35.915
1738261228.090129,1134234.000,51604,1,T1,1,100,35.892
1738261228.224134,1134368.000,51620,1,T1,1,100,35.989
1738261228.357140,1134501.000,51638,1,T1,1,100,35.818
1738261228.490145,1134634.000,51654,1,T1,1,100,35.886
1738261228.624151,1134768.000,51687,1,T1,1,100,35.844
1738261228.757156,1134901.000,51704,1,T1,1,100,36.003
1738261228.890162,1135034.000,51720,1,T1,1,100,35.966
1738261229.023167,1135167.000,51753,1,T1,1,100,35.843
1738261229.157173,1135301.000,51770,1,T1,1,100,35.826
1738261229.290178,1135434.000,51787,1,T1,1,100,35.925
1738261229.423184,1135567.000,51821,1,T1,1,100,35.932
1738261229.557189,1135701.000,51838,1,T1,1,100,35.864
1738261229.690195,1135834.000,51855,1,T1,1,100,35.870
1738261229.823200,1135967.000,51887,1,T1,1,100,35.838
1738261229.957206,1136101.000,51905,1,T1,1,100,35.788
1738261230.090211,1136234.000,51921,1,T1,1,100,35.802
1738261230.223217,1136367.000,51943,1,T1,1,100,35.808
1738261230.357222,1136501.000,51960,1,T1,1,100,35.881
1738261230.490228,1136634.000,51994,1,T1,1,100,35.842
1738261230.623233,1136767.000,52012,1,T1,1,100,35.861
1738261230.757239,1136901.000,52028,1,T1,1,100,35.869
1738261230.890244,1137034.000,52061,1,T1,1,100,35.872
1738261231.023250,1137167.000,52078,1,T1,1,100,35.803
1738261231.157255,1137301.000,52094,1,T1,1,100,35.808
1738261231.290261,1137434.000,52127,1,T1,1,100,35.917
1738261231.423266,1137567.000,52144,1,T1,1,100,35.858
1738261231.557272,1137701.000,52160,1,T1,1,100,35.903
1738261231.690277,1137834.000,52193,1,T1,1,100,35.887
1738261231.823283,1137967.000,52210,1,T1,1,100,35.845
1738261231.956288,1138100.000,52227,1,T1,1,100,35.933
1738261232.090294,1138234.000,52259,1,T1,1,100,35.829
1738261232.223299,1138367.000,52276,1,T1,1,100,35.855
1738261232.357305,1138501.000,52293,1,T1,1,100,35.902
1738261232.490310,1138634.000,52310,1,T1,1,100,35.993
1738261232.623316,1138767.000,52343,1,T1,1,100,35.962
1738261232.756321,1138900.000,52359,1,T1,1,100,35.877
1738261232.890327,1139034.000,52376,1,T1,1,100,35.840
1738261233.023332,1139167.000,52409,1,T1,1,100,35.966
1738261233.156338,1139300.000,52425,1,T1,1,100,35.879
1738261233.290343,1139434.000,52443,1,T1,1,100,35.877
1738261233.423349,1139567.000,52475,1,T1,1,100,35.840
1738261233.556354,1139700.000,52491,1,T1,1,100,35.895
1738261233.690360,1139834.000,52509,1,T1,1,100,35.955
1738261233.823365,1139967.000,52541,1,T1,1,100,35.945
1738261233.956371,1140100.000,52560,1,T1,1,100,35.870
1738261234.090376,1140234.000,52577,1,T1,1,100,35.837
1738261234.223382,1140367.000,52610,1,T1,1,100,35.859
1738261234.356387,1140500.000,52626,1,T1,1,100,35.762
1738261234.490393,1140634.000,52643,1,T1,1,100,35.720
1738261234.623399,1140767.000,52676,1,T1,1,100,35.985
1738261234.756404,1140900.000,52692,1,T1,1,100,35.994
1738261234.890409,1141034.000,52709,1,T1,1,100,35.891
1738261235.023415,1141167.000,52726,1,T1,1,100,35.917
1738261235.156420,1141300.000,52758,1,T1,1,100,35.893
1738261235.289426,1141433.000,52781,1,T1,1,100,35.847
1738261235.423431,1141567.000,52799,1,T1,1,100,35.899
1738261235.556437,1141700.000,52816,1,T1,1,100,35.814
1738261235.689442,1141833.000,52849,1,T1,1,100,35.884
1738261235.823448,1141967.000,52865,1,T1,1,100,35.879
1738261235.956454,1142100.000,52883,1,T1,1,100,35.877
1738261236.089459,1142233.000,52915,1,T1,1,100,35.947
1738261236.223464,1142367.000,52931,1,T1,1,100,36.012
1738261236.356470,1142500.000,52949,1,T1,1,100,35.934
1738261236.489475,1142633.000,52967,1,T1,1,100,35.865
1738261236.623481,1142767.000,53000,1,T1,1,100,35.906
1738261236.756487,1142900.000,53017,1,T1,1,100,35.995
1738261236.889492,1143033.000,53033,1,T1,1,100,35.927
1738261237.023498,1143167.000,53066,1,T1,1,100,35.827
1738261237.156503,1143300.000,53083,1,T1,1,100,35.783
1738261237.289509,1143433.000,53100,1,T1,1,100,35.871
1738261237.423514,1143567.000,53132,1,T1,1,100,35.873
1738261237.556520,1143700.000,53151,1,T1,1,100,35.874
1738261237.689525,1143833.000,53168,1,T1,1,100,35.839
1738261237.823531,1143967.000,53200,1,T1,1,100,35.860
1738261237.956536,1144100.000,53218,1,T1,1,100,35.868
1738261238.089542,1144233.000,53234,1,T1,1,100,35.908
1738261238.223547,1144367.000,53267,1,T1,1,100,36.066
1738261238.356553,1144500.000,53284,1,T1,1,100,36.029
1738261238.489558,1144633.000,53300,1,T1,1,100,36.012
1738261238.623564,1144767.000,53317,1,T1,1,100,35.970
1738261238.756569,1144900.000,53350,1,T1,1,100,35.987
1738261238.889575,1145033.000,53366,1,T1,1,100,35.923
1738261239.022580,1145166.000,53384,1,T1,1,100,35.967
1738261239.156586,1145300.000,53416,1,T1,1,100,35.986
1738261239.289591,1145433.000,53435,1,T1,1,100,36.029
1738261239.422597,1145566.000,53452,1,T1,1,100,35.906
1738261239.556602,1145700.000,53485,1,T1,1,100,35.959
1738261239.689608,1145833.000,53501,1,T1,1,100,35.912
1738261239.822613,1145966.000,53518,1,T1,1,100,35.997
1738261239.956619,1146100.000,53551,1,T1,1,100,35.963
1738261240.089624,1146233.000,53569,1,T1,1,100,35.913
1738261240.222630,1146366.000,53586,1,T1,1,100,35.892
1738261240.356135,1146499.500,53624,2,T1,1,100,36.024
1738261240.489641,1146633.000,53624,2,T1,1,100,35.975
1738261240.622646,1146766.000,53657,1,T1,1,100,35.883
1738261240.756652,1146900.000,53673,1,T1,1,100,35.843
1738261240.889657,1147033.000,53690,1,T1,1,100,35.932
1738261241.022663,1147166.000,53725,1,T1,1,100,35.900
1738261241.156668,1147300.000,53741,1,T1,1,100,35.921
1738261241.289674,1147433.000,53759,1,T1,1,100,35.860
1738261241.422679,1147566.000,53791,1,T1,1,100,35.833
1738261241.556685,1147700.000,53807,1,T1,1,100,35.999
1738261241.689690,1147833.000,53825,1,T1,1,100,35.928
1738261241.822696,1147966.000,53841,1,T1,1,100,35.969
1738261241.956701,1148100.000,53874,1,T1,1,100,35.880
1738261242.089707,1148233.000,53891,1,T1,1,100,35.877
1738261242.222712,1148366.000,53907,1,T1,1,100,35.876
1738261242.356718,1148500.000,53942,1,T1,1,100,35.911
1738261242.489723,1148633.000,53959,1,T1,1,100,35.961
1738261242.622729,1148766.000,53976,1,T1,1,100,35.841
1738261242.755734,1148899.000,54008,1,T1,1,100,35.790
1738261242.889740,1149033.000,54025,1,T1,1,100,35.944
1738261243.022745,1149166.000,54042,1,T1,1,100,35.976
1738261243.155751,1149299.000,54076,1,T1,1,100,36.061
1738261243.289756,1149433.000,54094,1,T1,1,100,35.884
1738261243.422762,1149566.000,54110,1,T1,1,100,35.844
1738261243.555767,1149699.000,54127,1,T1,1,100,35.826
1738261243.689773,1149833.000,54160,1,T1,1,100,35.854
1738261243.822778,1149966.000,54176,1,T1,1,100,35.724
1738261243.955784,1150099.000,54194,1,T1,1,100,35.810
1738261244.089789,1150233.000,54226,1,T1,1,100,35.882
1738261244.222795,1150366.000,54242,1,T1,1,100,35.843
1738261244.355800,1150499.000,54260,1,T1,1,100,35.861
1738261244.489806,1150633.000,54294,1,T1,1,100,35.904
1738261244.622812,1150766.000,54311,1,T1,1,100,35.852
1738261244.755817,1150899.000,54328,1,T1,1,100,35.936
1738261244.889822,1151033.000,54361,1,T1,1,100,35.937
1738261245.022828,1151166.000,54377,1,T1,1,100,35.973
1738261245.155833,1151299.000,54394,1,T1,1,100,35.917
1738261245.289839,1151433.000,54410,1,T1,1,100,36.000
1738261245.422844,1151566.000,54445,1,T1,1,100,35.929
1738261245.555850,1151699.000,54470,1,T1,1,100,35.757
1738261245.689856,1151833.000,54486,1,T1,1,100,35.966
1738261245.822861,1151966.000,54503,1,T1,1,100,36.056
1738261245.955867,1152099.000,54522,1,T1,1,100,36.024
1738261246.088872,1152232.000,54554,1,T1,1,100,35.904
1738261246.222878,1152366.000,54571,1,T1,1,100,35.852
1738261246.355883,1152499.000,54588,1,T1,1,100,35.936
1738261246.488889,1152632.000,54620,1,T1,1,100,35.937
1738261246.622894,1152766.000,54638,1,T1,1,100,35.902
1738261246.755900,1152899.000,54656,1,T1,1,100,36.028
1738261246.888905,1153032.000,54691,1,T1,1,100,35.870
1738261247.022911,1153166.000,54708,1,T1,1,100,35.873
1738261247.155916,1153299.000,54724,1,T1,1,100,36.016
1738261247.288922,1153432.000,54741,1,T1,1,100,36.007
1738261247.422927,1153566.000,54774,1,T1,1,100,35.968
1738261247.555933,1153699.000,54790,1,T1,1,100,35.915
1738261247.688938,1153832.000,54808,1,T1,1,100,35.892
1738261247.822944,1153966.000,54840,1,T1,1,100,36.024
1738261247.955949,1154099.000,54857,1,T1,1,100,35.833
1738261248.088955,1154232.000,54874,1,T1,1,100,35.857
1738261248.222960,1154366.000,54907,1,T1,1,100,35.867
1738261248.355966,1154499.000,54923,1,T1,1,100,35.872
1738261248.488971,1154632.000,54940,1,T1,1,100,35.980
1738261248.621977,1154765.000,54973,1,T1,1,100,35.991
1738261248.755982,1154899.000,54989,1,T1,1,100,35.996
1738261248.888988,1155032.000,55006,1,T1,1,100,35.963
1738261249.021993,1155165.000,55039,1,T1,1,100,36.055
1738261249.155999,1155299.000,55055,1,T1,1,100,36.024
1738261249.289004,1155432.000,55073,1,T1,1,100,35.904
1738261249.422010,1155565.000,55089,1,T1,1,100,35.817
1738261249.556015,1155699.000,55121,1,T1,1,100,35.885
1738261249.689021,1155832.000,55139,1,T1,1,100,35.950
1738261249.822026,1155965.000,55155,1,T1,1,100,35.979
1738261249.956032,1156099.000,55188,1,T1,1,100,35.884
1738261250.089037,1156232.000,55205,1,T1,1,100,35.879
1738261250.222043,1156365.000,55221,1,T1,1,100,35.948
1738261250.356048,1156499.000,55256,1,T1,1,100,35.942
1738261250.489054,1156632.000,55275,1,T1,1,100,35.904
1738261250.622059,1156765.000,55292,1,T1,1,100,35.852
1738261250.756065,1156899.000,55314,1,T1,1,100,36.007
1738261250.889070,1157032.000,55330,1,T1,1,100,36.038
1738261251.022076,1157165.000,55363,1,T1,1,100,35.910
1738261251.156081,1157299.000,55380,1,T1,1,100,35.890
1738261251.289087,1157432.000,55397,1,T1,1,100,35.811
1738261251.422092,1157565.000,55429,1,T1,1,100,35.954
1738261251.556098,1157699.000,55446,1,T1,1,100,35.874
1738261251.689103,1157832.000,55465,1,T1,1,100,35.839
1738261251.822109,1157965.000,55497,1,T1,1,100,36.001
1738261251.956114,1158099.000,55515,1,T1,1,100,35.965
1738261252.089120,1158232.000,55531,1,T1,1,100,35.914
1738261252.222125,1158365.000,55564,1,T1,1,100,35.963
1738261252.355131,1158498.000,55581,1,T1,1,100,35.984
1738261252.489136,1158632.000,55597,1,T1,1,100,35.993
1738261252.622142,1158765.000,55614,1,T1,1,100,35.997
1738261252.755147,1158898.000,55647,1,T1,1,100,36.070
1738261252.889153,1159032.000,55663,1,T1,1,100,35.959
1738261253.022158,1159165.000,55681,1,T1,1,100,35.982
1738261253.155164,1159298.000,55715,1,T1,1,100,36.063
1738261253.289169,1159432.000,55732,1,T1,1,100,36.027
1738261253.422175,1159565.000,55749,1,T1,1,100,35.835
1738261253.555180,1159698.000,55782,1,T1,1,100,35.858
1738261253.689186,1159832.000,55798,1,T1,1,100,35.761
1738261253.822191,1159965.000,55815,1,T1,1,100,35.897
1738261253.955197,1160098.000,55848,1,T1,1,100,35.955
1738261254.089202,1160232.000,55864,1,T1,1,100,35.910
1738261254.222208,1160365.000,55881,1,T1,1,100,35.961
1738261254.355213,1160498.000,55916,1,T1,1,100,35.983
1738261254.489219,1160632.000,55934,1,T1,1,100,36.064
1738261254.622225,1160765.000,55952,1,T1,1,100,35.992
1738261254.755230,1160898.000,55984,1,T1,1,100,36.067
1738261254.889235,1161032.000,56000,1,T1,1,100,36.136
1738261255.022241,1161165.000,56018,1,T1,1,100,36.165
1738261255.155246,1161298.000,56034,1,T1,1,100,36.036
1738261255.289252,1161432.000,56067,1,T1,1,100,35.909
1738261255.422257,1161565.000,56086,1,T1,1,100,35.819
1738261255.555263,1161698.000,56102,1,T1,1,100,35.780
1738261255.689269,1161832.000,56137,1,T1,1,100,35.940
1738261255.822274,1161965.000,56159,1,T1,1,100,35.903
1738261255.955280,1162098.000,56176,1,T1,1,100,35.852
1738261256.088285,1162231.000,56193,1,T1,1,100,36.007
1738261256.222291,1162365.000,56226,1,T1,1,100,35.932
1738261256.355296,1162498.000,56242,1,T1,1,100,35.971
1738261256.488302,1162631.000,56259,1,T1,1,100,35.845
1738261256.622307,1162765.000,56275,1,T1,1,100,35.898
1738261256.755313,1162898.000,56308,1,T1,1,100,36.027
1738261256.888318,1163031.000,56325,1,T1,1,100,35.870
1738261257.022324,1163165.000,56344,1,T1,1,100,35.944
1738261257.155329,1163298.000,56376,1,T1,1,100,36.011
1738261257.288335,1163431.000,56394,1,T1,1,100,35.863
1738261257.422340,1163565.000,56410,1,T1,1,100,35.834
1738261257.555346,1163698.000,56443,1,T1,1,100,35.928
1738261257.688351,1163831.000,56460,1,T1,1,100,35.898
1738261257.822357,1163965.000,56476,1,T1,1,100,35.850
1738261257.955362,1164098.000,56509,1,T1,1,100,35.899
1738261258.088368,1164231.000,56526,1,T1,1,100,35.886
1738261258.222373,1164365.000,56542,1,T1,1,100,35.915
1738261258.355379,1164498.000,56577,1,T1,1,100,35.857
1738261258.488384,1164631.000,56594,1,T1,1,100,35.938
1738261258.621390,1164764.000,56611,1,T1,1,100,35.973
1738261258.755395,1164898.000,56628,1,T1,1,100,35.988
1738261258.888401,1165031.000,56660,1,T1,1,100,35.924
1738261259.021406,1165164.000,56677,1,T1,1,100,35.825
1738261259.155412,1165298.000,56694,1,T1,1,100,35.889
1738261259.288417,1165431.000,56727,1,T1,1,100,35.881
1738261259.421423,1165564.000,56743,1,T1,1,100,36.019
1738261259.555428,1165698.000,56760,1,T1,1,100,35.902
1738261259.688434,1165831.000,56793,1,T1,1,100,35.958
1738261259.821439,1165964.000,56809,1,T1,1,100,35.840
1738261259.955445,1166098.000,56827,1,T1,1,100,35.966
1738261260.088450,1166231.000,56859,1,T1,1,100,35.879
1738261260.221456,1166364.000,56875,1,T1,1,100,35.912
1738261260.355461,1166498.000,56895,1,T1,1,100,35.927
1738261260.488467,1166631.000,56929,1,T1,1,100,35.897
1738261260.621472,1166764.000,56946,1,T1,1,100,35.956
1738261260.755478,1166898.000,56963,1,T1,1,100,36.016
1738261260.888483,1167031.000,57001,2,T1,1,100,36.007
1738261261.021489,1167164.000,57001,2,T1,1,100,35.932
1738261261.155494,1167298.000,57033,1,T1,1,100,35.900
1738261261.288500,1167431.000,57050,1,T1,1,100,35.957
1738261261.421505,1167564.000,57067,1,T1,1,100,35.981
1738261261.555511,1167698.000,57100,1,T1,1,100,35.921
1738261261.688516,1167831.000,57116,1,T1,1,100,35.895
1738261261.821522,1167964.000,57133,1,T1,1,100,36.025
1738261261.954527,1168097.000,57166,1,T1,1,100,35.905
1738261262.088533,1168231.000,57184,1,T1,1,100,35.923
1738261262.221538,1168364.000,57201,1,T1,1,100,35.860
1738261262.355544,1168498.000,57234,1,T1,1,100,35.904
1738261262.488549,1168631.000,57250,1,T1,1,100,35.923
1738261262.621555,1168764.000,57268,1,T1,1,100,35.896
1738261262.754560,1168897.000,57284,1,T1,1,100,35.884
1738261262.888566,1169031.000,57317,1,T1,1,100,35.914
1738261263.021571,1169164.000,57334,1,T1,1,100,36.034
1738261263.154577,1169297.000,57350,1,T1,1,100,35.944
1738261263.288582,1169431.000,57383,1,T1,1,100,36.011
1738261263.421588,1169564.000,57400,1,T1,1,100,35.934
1738261263.554593,1169697.000,57416,1,T1,1,100,35.900
1738261263.688599,1169831.000,57449,1,T1,1,100,36.028
1738261263.821604,1169964.000,57466,1,T1,1,100,35.941
1738261263.954610,1170097.000,57483,1,T1,1,100,35.939
1738261264.088615,1170231.000,57517,1,T1,1,100,35.903
1738261264.221621,1170364.000,57534,1,T1,1,100,35.887
1738261264.354626,1170497.000,57551,1,T1,1,100,35.951
1738261264.488632,1170631.000,57583,1,T1,1,100,35.943
1738261264.621638,1170764.000,57601,1,T1,1,100,35.905
1738261264.754643,1170897.000,57617,1,T1,1,100,35.888
1738261264.888649,1171031.000,57634,1,T1,1,100,35.987
1738261265.021654,1171164.000,57667,1,T1,1,100,35.959
1738261265.154660,1171297.000,57683,1,T1,1,100,35.982
1738261265.288665,1171431.000,57701,1,T1,1,100,36.028
1738261265.421670,1171564.000,57735,1,T1,1,100,36.012
1738261265.554676,1171697.000,57753,1,T1,1,100,35.863
1738261265.687681,1171830.000,57771,1,T1,1,100,35.976
1738261265.821687,1171964.000,57803,1,T1,1,100,36.061
1738261265.954693,1172097.000,57820,1,T1,1,100,35.920
1738261266.087698,1172230.000,57842,1,T1,1,100,36.072
1738261266.221704,1172364.000,57858,1,T1,1,100,35.996
1738261266.354709,1172497.000,57878,1,T1,1,100,35.927
1738261266.487715,1172630.000,57910,1,T1,1,100,36.075
1738261266.621720,1172764.000,57927,1,T1,1,100,35.961
1738261266.754726,1172897.000,57944,1,T1,1,100,35.912
1738261266.887731,1173030.000,57977,1,T1,1,100,36.068
1738261267.021737,1173164.000,57993,1,T1,1,100,36.030
1738261267.154742,1173297.000,58010,1,T1,1,100,35.942
1738261267.287748,1173430.000,58043,1,T1,1,100,35.904
1738261267.421753,1173564.000,58059,1,T1,1,100,35.923
1738261267.554759,1173697.000,58078,1,T1,1,100,35.967
1738261267.687764,1173830.000,58111,1,T1,1,100,35.950
1738261267.821770,1173964.000,58127,1,T1,1,100,35.943
1738261267.954775,1174097.000,58145,1,T1,1,100,36.046
1738261268.087781,1174230.000,58177,1,T1,1,100,36.126
1738261268.221786,1174364.000,58193,1,T1,1,100,36.019
1738261268.354792,1174497.000,58211,1,T1,1,100,36.044
1738261268.487797,1174630.000,58227,1,T1,1,100,36.054
1738261268.621803,1174764.000,58260,1,T1,1,100,36.094
1738261268.754808,1174897.000,58277,1,T1,1,100,35.970
1738261268.887814,1175030.000,58293,1,T1,1,100,35.987
1738261269.020819,1175163.000,58326,1,T1,1,100,35.923
1738261269.154825,1175297.000,58343,1,T1,1,100,35.931
1738261269.287830,1175430.000,58362,1,T1,1,100,36.006
1738261269.420836,1175563.000,58394,1,T1,1,100,36.038
1738261269.554841,1175697.000,58411,1,T1,1,100,36.052
1738261269.687847,1175830.000,58428,1,T1,1,100,35.987
1738261269.820852,1175963.000,58460,1,T1,1,100,36.030
1738261269.954858,1176097.000,58478,1,T1,1,100,35.907
1738261270.087863,1176230.000,58494,1,T1,1,100,35.889
1738261270.220869,1176363.000,58529,1,T1,1,100,35.845
1738261270.354874,1176497.000,58548,1,T1,1,100,35.969
1738261270.487880,1176630.000,58564,1,T1,1,100,35.951
1738261270.620885,1176763.000,58597,1,T1,1,100,35.979
1738261270.754891,1176897.000,58614,1,T1,1,100,35.955
1738261270.887896,1177030.000,58630,1,T1,1,100,35.981
1738261271.020902,1177163.000,58648,1,T1,1,100,36.027
1738261271.154907,1177297.000,58687,1,T1,1,100,36.083
1738261271.287913,1177430.000,58704,1,T1,1,100,36.000
1738261271.420918,1177563.000,58721,1,T1,1,100,35.858
1738261271.554924,1177697.000,58737,1,T1,1,100,35.974
1738261271.687929,1177830.000,58770,1,T1,1,100,36.024
1738261271.820935,1177963.000,58787,1,T1,1,100,36.046
1738261271.953940,1178096.000,58804,1,T1,1,100,36.020
1738261272.087946,1178230.000,58821,1,T1,1,100,35.973
1738261272.220951,1178363.000,58854,1,T1,1,100,36.024
1738261272.353957,1178496.000,58870,1,T1,1,100,36.046
1738261272.487962,1178630.000,58887,1,T1,1,100,35.984
1738261272.620968,1178763.000,58922,1,T1,1,100,35.887
1738261272.753973,1178896.000,58938,1,T1,1,100,36.022
1738261272.887979,1179030.000,58955,1,T1,1,100,36.010
1738261273.020984,1179163.000,58988,1,T1,1,100,36.075
1738261273.153990,1179296.000,59004,1,T1,1,100,35.962
1738261273.287995,1179430.000,59022,1,T1,1,100,35.948
1738261273.421001,1179563.000,59056,1,T1,1,100,35.871
1738261273.554006,1179696.000,59072,1,T1,1,100,36.015
1738261273.688012,1179830.000,59090,1,T1,1,100,35.936
1738261273.821018,1179963.000,59122,1,T1,1,100,35.866
1738261273.954023,1180096.000,59139,1,T1,1,100,35.977
1738261274.088028,1180230.000,59156,1,T1,1,100,35.990
1738261274.221034,1180363.000,59172,1,T1,1,100,36.031
1738261274.354039,1180496.000,59205,1,T1,1,100,36.084
1738261274.488045,1180630.000,59222,1,T1,1,100,36.001
1738261274.621051,1180763.000,59239,1,T1,1,100,35.965
1738261274.754056,1180896.000,59273,1,T1,1,100,35.985
1738261274.888062,1181030.000,59290,1,T1,1,100,35.993
1738261275.021067,1181163.000,59307,1,T1,1,100,35.997
1738261275.154073,1181296.000,59339,1,T1,1,100,36.034
1738261275.288078,1181430.000,59357,1,T1,1,100,35.908
1738261275.421083,1181563.000,59375,1,T1,1,100,35.925
1738261275.554089,1181696.000,59408,1,T1,1,100,35.968
1738261275.687094,1181829.000,59425,1,T1,1,100,36.021
1738261275.821100,1181963.000,59441,1,T1,1,100,36.009
1738261275.954106,1182096.000,59474,1,T1,1,100,36.039
1738261276.087111,1182229.000,59493,1,T1,1,100,36.053
1738261276.221117,1182363.000,59511,1,T1,1,100,35.952
1738261276.354122,1182496.000,59534,1,T1,1,100,35.908
1738261276.487128,1182629.000,59550,1,T1,1,100,35.996
1738261276.621133,1182763.000,59583,1,T1,1,100,35.963
1738261276.754139,1182896.000,59600,1,T1,1,100,35.948
1738261276.887144,1183029.000,59616,1,T1,1,100,35.871
1738261277.021150,1183163.000,59649,1,T1,1,100,35.980
1738261277.154155,1183296.000,59666,1,T1,1,100,36.027
1738261277.287161,1183429.000,59683,1,T1,1,100,36.012
1738261277.421166,1183563.000,59700,1,T1,1,100,35.934
1738261277.554172,1183696.000,59732,1,T1,1,100,35.901
1738261277.687177,1183829.000,59749,1,T1,1,100,35.886
1738261277.821183,1183963.000,59766,1,T1,1,100,35.915
1738261277.954188,1184096.000,59799,1,T1,1,100,36.070
1738261278.087194,1184229.000,59815,1,T1,1,100,35.959
1738261278.221199,1184363.000,59832,1,T1,1,100,36.053
1738261278.354205,1184496.000,59865,1,T1,1,100,36.059
1738261278.487210,1184629.000,59883,1,T1,1,100,35.883
1738261278.621216,1184763.000,59901,1,T1,1,100,35.914
1738261278.754221,1184896.000,59933,1,T1,1,100,35.927
1738261278.887227,1185029.000,59949,1,T1,1,100,35.969
1738261279.021232,1185163.000,59967,1,T1,1,100,35.986
1738261279.154238,1185296.000,59999,1,T1,1,100,36.065
1738261279.287243,1185429.000,60016,1,T1,1,100,36.028
1738261279.420249,1185562.000,60033,1,T1,1,100,36.048
1738261279.554254,1185696.000,60049,1,T1,1,100,35.950
1738261279.687260,1185829.000,60084,1,T1,1,100,35.872
1738261279.820265,1185962.000,60101,1,T1,1,100,35.838
1738261279.954271,1186096.000,60117,1,T1,1,100,35.824
1738261280.087276,1186229.000,60150,1,T1,1,100,35.924
1738261280.220282,1186362.000,60167,1,T1,1,100,36.038
1738261280.354287,1186496.000,60186,1,T1,1,100,36.016
1738261280.487293,1186629.000,60218,1,T1,1,100,36.078
1738261280.620298,1186762.000,60236,1,T1,1,100,35.998
1738261280.754304,1186896.000,60252,1,T1,1,100,35.999
1738261280.887309,1187029.000,60287,1,T1,1,100,36.071
1738261281.020315,1187162.000,60304,1,T1,1,100,36.066
1738261281.154320,1187296.000,60320,1,T1,1,100,35.993
1738261281.287326,1187429.000,60353,1,T1,1,100,35.997
1738261281.420331,1187562.000,60373,1,T1,1,100,35.963
1738261281.554337,1187696.000,60390,1,T1,1,100,36.090
1738261281.687342,1187829.000,60407,1,T1,1,100,36.110
1738261281.820348,1187962.000,60423,1,T1,1,100,36.012
1738261281.954353,1188096.000,60458,1,T1,1,100,36.041
1738261282.087359,1188229.000,60475,1,T1,1,100,36.089
1738261282.220364,1188362.000,60491,1,T1,1,100,36.109
1738261282.353370,1188495.000,60524,1,T1,1,100,36.012
1738261282.487375,1188629.000,60541,1,T1,1,100,36.041
1738261282.620381,1188762.000,60558,1,T1,1,100,36.053
1738261282.753386,1188895.000,60575,1,T1,1,100,36.023
1738261282.887392,1189029.000,60608,1,T1,1,100,36.010
1738261283.020397,1189162.000,60624,1,T1,1,100,36.040
1738261283.153403,1189295.000,60641,1,T1,1,100,35.875
1738261283.287408,1189429.000,60674,1,T1,1,100,35.875
1738261283.420414,1189562.000,60692,1,T1,1,100,35.981
1738261283.553419,1189695.000,60709,1,T1,1,100,35.921
1738261283.687425,1189829.000,60742,1,T1,1,100,35.930
1738261283.820431,1189962.000,60758,1,T1,1,100,36.005
1738261283.953436,1190095.000,60776,1,T1,1,100,36.109
1738261284.087441,1190229.000,60808,1,T1,1,100,36.047
1738261284.220447,1190362.000,60824,1,T1,1,100,35.914
1738261284.353452,1190495.000,60842,1,T1,1,100,35.963
1738261284.487458,1190629.000,60860,1,T1,1,100,36.019
1738261284.620464,1190762.000,60893,1,T1,1,100,36.008
1738261284.753469,1190895.000,60910,1,T1,1,100,35.968
1738261284.887475,1191029.000,60926,1,T1,1,100,35.986
1738261285.020480,1191162.000,60959,1,T1,1,100,35.994
1738261285.153486,1191295.000,60976,1,T1,1,100,35.997
1738261285.287491,1191429.000,60993,1,T1,1,100,36.034
1738261285.420496,1191562.000,61027,1,T1,1,100,36.015
1738261285.553502,1191695.000,61044,1,T1,1,100,35.936
1738261285.686507,1191828.000,61063,1,T1,1,100,36.078
1738261285.820513,1191962.000,61095,1,T1,1,100,36.105
1738261285.953519,1192095.000,61113,1,T1,1,100,36.045
1738261286.087524,1192229.000,61129,1,T1,1,100,35.984
1738261286.220530,1192362.000,61162,1,T1,1,100,36.100
1738261286.353535,1192495.000,61179,1,T1,1,100,36.079
1738261286.486541,1192628.000,61195,1,T1,1,100,36.034
1738261286.620546,1192762.000,61220,1,T1,1,100,35.944
1738261286.753552,1192895.000,61236,1,T1,1,100,35.905
1738261286.886557,1193028.000,61269,1,T1,1,100,35.959
1738261287.020563,1193162.000,61286,1,T1,1,100,35.840
1738261287.153568,1193295.000,61304,1,T1,1,100,35.966
1738261287.286574,1193428.000,61321,1,T1,1,100,35.985
1738261287.420579,1193562.000,61354,1,T1,1,100,35.958
1738261287.553585,1193695.000,61370,1,T1,1,100,35.946
1738261287.686590,1193828.000,61388,1,T1,1,100,35.977
1738261287.820596,1193962.000,61420,1,T1,1,100,36.061
1738261287.953601,1194095.000,61437,1,T1,1,100,36.062
1738261288.086607,1194228.000,61454,1,T1,1,100,36.027
1738261288.220612,1194362.000,61487,1,T1,1,100,36.082
1738261288.353618,1194495.000,61503,1,T1,1,100,36.036
1738261288.486623,1194628.000,61520,1,T1,1,100,35.945
1738261288.619629,1194761.000,61555,1,T1,1,100,36.011
1738261288.753634,1194895.000,61571,1,T1,1,100,36.005
1738261288.886640,1195028.000,61588,1,T1,1,100,36.073
1738261289.019645,1195161.000,61621,1,T1,1,100,36.138
1738261289.153651,1195295.000,61637,1,T1,1,100,36.131
1738261289.286656,1195428.000,61655,1,T1,1,100,36.092
1738261289.419662,1195561.000,61671,1,T1,1,100,36.004
1738261289.553667,1195695.000,61706,1,T1,1,100,36.073
1738261289.686673,1195828.000,61723,1,T1,1,100,36.031
1738261289.819678,1195961.000,61739,1,T1,1,100,36.014
1738261289.953684,1196095.000,61772,1,T1,1,100,36.006
1738261290.086689,1196228.000,61789,1,T1,1,100,36.038
1738261290.219695,1196361.000,61805,1,T1,1,100,35.981
1738261290.353700,1196495.000,61840,1,T1,1,100,35.885
1738261290.486706,1196628.000,61857,1,T1,1,100,35.879
1738261290.619711,1196761.000,61874,1,T1,1,100,35.983
1738261290.753717,1196895.000,61906,1,T1,1,100,36.064
1738261290.886722,1197028.000,61923,1,T1,1,100,35.886
1738261291.019728,1197161.000,61942,1,T1,1,100,35.880
1738261291.153733,1197295.000,61974,1,T1,1,100,35.983
1738261291.286739,1197428.000,61992,1,T1,1,100,36.028
1738261291.419744,1197561.000,62008,1,T1,1,100,35.977
1738261291.553750,1197695.000,62025,1,T1,1,100,35.990
1738261291.686755,1197828.000,62063,1,T1,1,100,36.031
1738261291.819761,1197961.000,62079,1,T1,1,100,36.013
1738261291.952766,1198094.000,62097,1,T1,1,100,35.970
1738261292.086772,1198228.000,62113,1,T1,1,100,35.916
1738261292.219777,1198361.000,62148,1,T1,1,100,35.999
1738261292.352783,1198494.000,62165,1,T1,1,100,36.106
1738261292.486789,1198628.000,62181,1,T1,1,100,35.975
1738261292.619794,1198761.000,62198,1,T1,1,100,35.989
1738261292.752800,1198894.000,62231,1,T1,1,100,36.031
1738261292.886805,1199028.000,62247,1,T1,1,100,36.013
1738261293.019810,1199161.000,62265,1,T1,1,100,35.970
1738261293.152816,1199294.000,62301,1,T1,1,100,36.023
1738261293.286821,1199428.000,62318,1,T1,1,100,36.010
1738261293.419827,1199561.000,62335,1,T1,1,100,35.969
1738261293.552832,1199694.000,62368,1,T1,1,100,35.986
1738261293.686838,1199828.000,62384,1,T1,1,100,35.994
1738261293.819844,1199961.000,62401,1,T1,1,100,36.033
1738261293.952849,1200094.000,62434,1,T1,1,100,36.121
1738261294.086854,1200228.000,62450,1,T1,1,100,35.981
1738261294.219860,1200361.000,62467,1,T1,1,100,35.921
1738261294.352865,1200494.000,62500,1,T1,1,100,36.037
1738261294.486871,1200628.000,62516,1,T1,1,100,36.051
1738261294.619877,1200761.000,62536,1,T1,1,100,36.058
1738261294.752882,1200894.000,62568,1,T1,1,100,36.060
1738261294.886888,1201028.000,62584,1,T1,1,100,36.168
1738261295.019893,1201161.000,62602,1,T1,1,100,36.250
1738261295.152899,1201294.000,62618,1,T1,1,100,36.144
1738261295.286904,1201428.000,62651,1,T1,1,100,35.991
1738261295.419909,1201561.000,62670,1,T1,1,100,36.067
1738261295.552915,1201694.000,62686,1,T1,1,100,36.064
1738261295.686921,1201828.000,62719,1,T1,1,100,36.134
1738261295.819926,1201961.000,62736,1,T1,1,100,36.058
1738261295.952932,1202094.000,62753,1,T1,1,100,36.061
1738261296.085937,1202227.000,62785,1,T1,1,100,35.920
1738261296.219943,1202361.000,62802,1,T1,1,100,35.965
1738261296.352948,1202494.000,62819,1,T1,1,100,35.950
1738261296.485954,1202627.000,62851,1,T1,1,100,35.978
1738261296.619959,1202761.000,62869,1,T1,1,100,36.026
1738261296.752965,1202894.000,62885,1,T1,1,100,36.011
1738261296.885970,1203027.000,62909,1,T1,1,100,36.111
1738261297.019976,1203161.000,62926,1,T1,1,100,36.084
1738261297.152981,1203294.000,62958,1,T1,1,100,36.072
1738261297.285987,1203427.000,62976,1,T1,1,100,35.996
1738261297.419992,1203561.000,62992,1,T1,1,100,36.034
1738261297.552998,1203694.000,63025,1,T1,1,100,36.050
1738261297.686003,1203827.000,63042,1,T1,1,100,35.880
1738261297.820009,1203961.000,63058,1,T1,1,100,35.913
1738261297.953014,1204094.000,63091,1,T1,1,100,35.998
1738261298.086020,1204227.000,63110,1,T1,1,100,36.070
1738261298.220025,1204361.000,63126,1,T1,1,100,35.959
1738261298.353031,1204494.000,63144,1,T1,1,100,35.876
1738261298.486036,1204627.000,63176,1,T1,1,100,35.911
1738261298.619042,1204760.000,63193,1,T1,1,100,35.891
1738261298.753047,1204894.000,63210,1,T1,1,100,35.953
1738261298.886053,1205027.000,63243,1,T1,1,100,35.980
1738261299.019058,1205160.000,63259,1,T1,1,100,36.027
1738261299.153064,1205294.000,63276,1,T1,1,100,36.012
1738261299.286069,1205427.000,63309,1,T1,1,100,36.040
1738261299.419075,1205560.000,63325,1,T1,1,100,36.088
1738261299.553080,1205694.000,63342,1,T1,1,100,36.003
1738261299.686086,1205827.000,63375,1,T1,1,100,36.037
1738261299.819091,1205960.000,63391,1,T1,1,100,35.980
1738261299.953097,1206094.000,63409,1,T1,1,100,36.098
1738261300.086102,1206227.000,63441,1,T1,1,100,36.078
1738261300.219108,1206360.000,63459,1,T1,1,100,36.034
1738261300.353113,1206494.000,63479,1,T1,1,100,36.015
1738261300.486119,1206627.000,63511,1,T1,1,100,35.935
1738261300.619124,1206760.000,63528,1,T1,1,100,36.078
1738261300.753130,1206894.000,63545,1,T1,1,100,35.998
1738261300.886135,1207027.000,63561,1,T1,1,100,35.999
1738261301.019141,1207160.000,63594,1,T1,1,100,35.929
1738261301.153146,1207294.000,63611,1,T1,1,100,35.934
1738261301.286152,1207427.000,63628,1,T1,1,100,36.042
1738261301.419157,1207560.000,63660,1,T1,1,100,36.018
1738261301.553163,1207694.000,63677,1,T1,1,100,35.937
1738261301.686168,1207827.000,63694,1,T1,1,100,36.044
1738261301.819174,1207960.000,63726,1,T1,1,100,36.090
1738261301.952179,1208093.000,63749,1,T1,1,100,35.968
1738261302.086185,1208227.000,63765,1,T1,1,100,35.915
1738261302.219190,1208360.000,63782,1,T1,1,100,35.892
1738261302.352196,1208493.000,63815,1,T1,1,100,35.989
1738261302.486202,1208627.000,63833,1,T1,1,100,36.137
1738261302.619207,1208760.000,63851,1,T1,1,100,35.988
1738261302.752213,1208893.000,63867,1,T1,1,100,35.995
1738261302.886218,1209027.000,63900,1,T1,1,100,36.033
1738261303.019223,1209160.000,63917,1,T1,1,100,35.908
1738261303.152229,1209293.000,63933,1,T1,1,100,36.067
1738261303.286234,1209427.000,63966,1,T1,1,100,35.993
1738261303.419240,1209560.000,63983,1,T1,1,100,35.926
1738261303.552245,1209693.000,63999,1,T1,1,100,35.933
1738261303.686251,1209827.000,64032,1,T1,1,100,36.006
1738261303.819257,1209960.000,64051,1,T1,1,100,35.967
1738261303.952262,1210093.000,64068,1,T1,1,100,36.057
1738261304.086267,1210227.000,64100,1,T1,1,100,36.025
1738261304.219273,1210360.000,64118,1,T1,1,100,36.152
1738261304.352278,1210493.000,64134,1,T1,1,100,36.172
1738261304.486284,1210627.000,64151,1,T1,1,100,36.075
1738261304.619290,1210760.000,64184,1,T1,1,100,35.997
1738261304.752295,1210893.000,64200,1,T1,1,100,35.928
1738261304.886301,1211027.000,64217,1,T1,1,100,35.933
1738261305.019306,1211160.000,64252,1,T1,1,100,35.971
1738261305.152312,1211293.000,64268,1,T1,1,100,35.881
1738261305.285317,1211426.000,64286,1,T1,1,100,35.984
1738261305.419322,1211560.000,64320,1,T1,1,100,35.993
1738261305.552328,1211693.000,64336,1,T1,1,100,35.926
1738261305.685333,1211826.000,64354,1,T1,1,100,35.968
1738261305.819339,1211960.000,64386,1,T1,1,100,36.022
1738261305.952345,1212093.000,64403,1,T1,1,100,36.009
1738261306.085350,1212226.000,64420,1,T1,1,100,36.075
1738261306.219356,1212360.000,64436,1,T1,1,100,36.068
1738261306.352361,1212493.000,64469,1,T1,1,100,35.958
1738261306.485367,1212626.000,64486,1,T1,1,100,35.947
1738261306.619372,1212760.000,64503,1,T1,1,100,36.048
1738261306.752378,1212893.000,64535,1,T1,1,100,36.127
1738261306.885383,1213026.000,64552,1,T1,1,100,36.055
1738261307.019389,1213160.000,64569,1,T1,1,100,35.953
1738261307.152394,1213293.000,64591,1,T1,1,100,35.909
1738261307.285400,1213426.000,64626,1,T1,1,100,36.067
1738261307.419405,1213560.000,64642,1,T1,1,100,36.029
1738261307.552411,1213693.000,64659,1,T1,1,100,35.977
1738261307.685416,1213826.000,64676,1,T1,1,100,36.026
1738261307.819422,1213960.000,64708,1,T1,1,100,35.976
1738261307.952427,1214093.000,64726,1,T1,1,100,36.025
1738261308.085433,1214226.000,64742,1,T1,1,100,36.153
1738261308.219438,1214360.000,64775,1,T1,1,100,36.101
1738261308.352444,1214493.000,64792,1,T1,1,100,36.008
1738261308.485449,1214626.000,64808,1,T1,1,100,36.039
1738261308.618455,1214759.000,64841,1,T1,1,100,36.052
1738261308.752460,1214893.000,64860,1,T1,1,100,36.058
1738261308.885466,1215026.000,64876,1,T1,1,100,36.025
1738261309.018471,1215159.000,64909,1,T1,1,100,36.117
1738261309.152477,1215293.000,64926,1,T1,1,100,36.051
1738261309.285482,1215426.000,64943,1,T1,1,100,36.128
1738261309.419488,1215560.000,64975,1,T1,1,100,36.056
1738261309.552493,1215693.000,64992,1,T1,1,100,36.130
1738261309.685499,1215826.000,65011,1,T1,1,100,36.092
1738261309.818504,1215959.000,65028,1,T1,1,100,36.040
1738261309.952510,1216093.000,65061,1,T1,1,100,35.982
1738261310.085515,1216226.000,65077,1,T1,1,100,35.957
1738261310.218521,1216359.000,65094,1,T1,1,100,35.910
1738261310.352526,1216493.000,65129,1,T1,1,100,35.997
1738261310.485532,1216626.000,65145,1,T1,1,100,36.034
1738261310.618537,1216759.000,65163,1,T1,1,100,36.015
1738261310.752543,1216893.000,65195,1,T1,1,100,36.042
1738261310.885548,1217026.000,65213,1,T1,1,100,35.947
1738261311.018554,1217159.000,65231,1,T1,1,100,35.977
1738261311.152559,1217293.000,65263,1,T1,1,100,36.132
1738261311.285565,1217426.000,65280,1,T1,1,100,35.986
1738261311.418570,1217559.000,65297,1,T1,1,100,36.029
1738261311.552576,1217693.000,65330,1,T1,1,100,36.048
1738261311.685581,1217826.000,65346,1,T1,1,100,36.092
1738261311.818587,1217959.000,65363,1,T1,1,100,36.075
1738261311.952592,1218093.000,65396,1,T1,1,100,36.068
1738261312.085598,1218226.000,65412,1,T1,1,100,36.100
1738261312.218603,1218359.000,65435,1,T1,1,100,36.043
1738261312.352609,1218493.000,65451,1,T1,1,100,36.090
1738261312.485615,1218626.000,65470,1,T1,1,100,36.003
1738261312.618620,1218759.000,65503,1,T1,1,100,35.931
1738261312.751626,1218892.000,65519,1,T1,1,100,35.934
1738261312.885631,1219026.000,0,1,T1,1,100,36.007
1738261313.018636,1219159.000,33,1,T1,1,100,36.003
1738261313.151642,1219292.000,49,1,T1,1,100,35.966
1738261313.285647,1219426.000,69,1,T1,1,100,35.985
1738261313.418653,1219559.000,101,1,T1,1,100,36.029
1738261313.551658,1219692.000,117,1,T1,1,100,36.013
1738261313.685664,1219826.000,135,1,T1,1,100,35.970
1738261313.818670,1219959.000,167,1,T1,1,100,36.022
1738261313.951675,1220092.000,184,1,T1,1,100,36.116
1738261314.085680,1220226.000,201,1,T1,1,100,36.086
1738261314.218686,1220359.000,217,1,T1,1,100,36.214
1738261314.351691,1220492.000,252,1,T1,1,100,35.986
1738261314.485697,1220626.000,269,1,T1,1,100,35.994
1738261314.618703,1220759.000,286,1,T1,1,100,36.033
1738261314.751708,1220892.000,318,1,T1,1,100,36.050
1738261314.885714,1221026.000,335,1,T1,1,100,35.915
1738261315.018719,1221159.000,352,1,T1,1,100,36.034
1738261315.151725,1221292.000,384,1,T1,1,100,36.086
1738261315.284730,1221425.000,402,1,T1,1,100,36.037
1738261315.418736,1221559.000,420,1,T1,1,100,35.945
1738261315.551741,1221692.000,453,1,T1,1,100,36.047
1738261315.684747,1221825.000,472,1,T1,1,100,36.020
1738261315.818752,1221959.000,488,1,T1,1,100,36.115
1738261315.951758,1222092.000,521,1,T1,1,100,36.014
1738261316.084763,1222225.000,538,1,T1,1,100,35.935
1738261316.218769,1222359.000,554,1,T1,1,100,35.901
1738261316.351774,1222492.000,572,1,T1,1,100,35.957
1738261316.484780,1222625.000,604,1,T1,1,100,36.088
1738261316.618785,1222759.000,621,1,T1,1,100,36.073
1738261316.751791,1222892.000,638,1,T1,1,100,36.032
1738261316.884796,1223025.000,671,1,T1,1,100,36.085
1738261317.018802,1223159.000,687,1,T1,1,100,36.072
1738261317.151807,1223292.000,704,1,T1,1,100,36.102
1738261317.284813,1223425.000,744,1,T1,1,100,36.115
1738261317.418818,1223559.000,760,1,T1,1,100,35.979
1738261317.551824,1223692.000,777,1,T1,1,100,36.026
1738261317.684829,1223825.000,810,1,T1,1,100,36.047
1738261317.818835,1223959.000,828,1,T1,1,100,36.127
1738261317.951840,1224092.000,848,1,T1,1,100,36.055
1738261318.084846,1224225.000,880,1,T1,1,100,36.059
1738261318.218851,1224359.000,896,1,T1,1,100,36.026
1738261318.351857,1224492.000,914,1,T1,1,100,36.117
1738261318.484862,1224625.000,930,1,T1,1,100,36.051
1738261318.618868,1224759.000,963,1,T1,1,100,36.093
1738261318.751873,1224892.000,980,1,T1,1,100,36.076
1738261318.884879,1225025.000,998,1,T1,1,100,36.033
1738261319.018884,1225159.000,1031,1,T1,1,100,36.085
1738261319.151890,1225292.000,1048,1,T1,1,100,36.072
1738261319.284895,1225425.000,1065,1,T1,1,100,36.031
1738261319.417901,1225558.000,1097,1,T1,1,100,35.943
1738261319.551906,1225692.000,1114,1,T1,1,100,35.975
1738261319.684912,1225825.000,1131,1,T1,1,100,36.096
1738261319.817917,1225958.000,1163,1,T1,1,100,36.041
1738261319.951923,1226092.000,1181,1,T1,1,100,36.089
1738261320.084928,1226225.000,1197,1,T1,1,100,35.968
1738261320.217934,1226358.000,1232,1,T1,1,100,36.163
1738261320.351939,1226492.000,1251,1,T1,1,100,36.071
1738261320.484945,1226625.000,1267,1,T1,1,100,36.031
1738261320.617950,1226758.000,1284,1,T1,1,100,35.978
1738261320.751956,1226892.000,1317,1,T1,1,100,35.955
1738261320.884961,1227025.000,1333,1,T1,1,100,35.980
1738261321.017967,1227158.000,1351,1,T1,1,100,36.062
1738261321.151973,1227292.000,1383,1,T1,1,100,36.098
1738261321.284978,1227425.000,1400,1,T1,1,100,36.042
1738261321.417983,1227558.000,1417,1,T1,1,100,36.089
1738261321.551989,1227692.000,1450,1,T1,1,100,36.074
1738261321.684994,1227825.000,1466,1,T1,1,100,36.068
1738261321.818000,1227958.000,1483,1,T1,1,100,35.958
1738261321.952005,1228092.000,1516,1,T1,1,100,36.088
1738261322.085011,1228225.000,1532,1,T1,1,100,36.145
1738261322.218016,1228358.000,1549,1,T1,1,100,35.956
1738261322.352022,1228492.000,1566,1,T1,1,100,36.017
1738261322.485028,1228625.000,1586,1,T1,1,100,35.936
1738261322.618033,1228758.000,1603,1,T1,1,100,36.043
1738261322.751039,1228891.000,1638,1,T1,1,100,36.196
1738261322.885044,1229025.000,1654,1,T1,1,100,35.978
1738261323.018049,1229158.000,1672,1,T1,1,100,36.026
1738261323.151055,1229291.000,1704,1,T1,1,100,36.011
1738261323.285060,1229425.000,1721,1,T1,1,100,35.969
1738261323.418066,1229558.000,1738,1,T1,1,100,36.093
1738261323.551071,1229691.000,1771,1,T1,1,100,36.040
1738261323.685077,1229825.000,1787,1,T1,1,100,36.124
1738261323.818083,1229958.000,1804,1,T1,1,100,35.983
1738261323.951088,1230091.000,1837,1,T1,1,100,36.028
1738261324.085093,1230225.000,1853,1,T1,1,100,35.941
1738261324.218099,1230358.000,1870,1,T1,1,100,35.904
1738261324.351104,1230491.000,1887,1,T1,1,100,35.958
1738261324.485110,1230625.000,1919,1,T1,1,100,36.088
1738261324.618116,1230758.000,1937,1,T1,1,100,36.074
1738261324.751121,1230891.000,1953,1,T1,1,100,36.067
1738261324.885127,1231025.000,1986,1,T1,1,100,36.100
1738261325.018132,1231158.000,2003,1,T1,1,100,36.043
1738261325.151138,1231291.000,2019,1,T1,1,100,36.090
1738261325.285143,1231425.000,2056,1,T1,1,100,36.039
1738261325.418149,1231558.000,2073,1,T1,1,100,36.052
1738261325.551154,1231691.000,2089,1,T1,1,100,35.987
1738261325.684160,1231824.000,2122,1,T1,1,100,36.065
1738261325.818165,1231958.000,2139,1,T1,1,100,35.993
1738261325.951171,1232091.000,2156,1,T1,1,100,35.997
1738261326.084176,1232224.000,2188,1,T1,1,100,36.070
1738261326.218182,1232358.000,2205,1,T1,1,100,36.066
1738261326.351187,1232491.000,2224,1,T1,1,100,36.028
1738261326.484193,1232624.000,2256,1,T1,1,100,36.083
1738261326.618198,1232758.000,2274,1,T1,1,100,36.036
1738261326.751204,1232891.000,2290,1,T1,1,100,36.016
1738261326.884209,1233024.000,2307,1,T1,1,100,35.936
1738261327.018215,1233158.000,2340,1,T1,1,100,36.114
1738261327.151220,1233291.000,2356,1,T1,1,100,35.978
1738261327.284226,1233424.000,2374,1,T1,1,100,35.920
1738261327.418231,1233558.000,2406,1,T1,1,100,36.036
1738261327.551237,1233691.000,2429,1,T1,1,100,36.051
1738261327.684242,1233824.000,2447,1,T1,1,100,36.164
1738261327.818248,1233958.000,2479,1,T1,1,100,36.106
1738261327.951253,1234091.000,2496,1,T1,1,100,36.081
1738261328.084259,1234224.000,2513,1,T1,1,100,36.035
1738261328.218264,1234358.000,2529,1,T1,1,100,36.122
1738261328.351270,1234491.000,2562,1,T1,1,100,36.088
1738261328.484275,1234624.000,2579,1,T1,1,100,35.967
1738261328.618281,1234758.000,2596,1,T1,1,100,36.057
1738261328.751286,1234891.000,2628,1,T1,1,100,36.131
1738261328.884292,1235024.000,2645,1,T1,1,100,36.021
1738261329.017297,1235157.000,2664,1,T1,1,100,36.080
1738261329.151303,1235291.000,2696,1,T1,1,100,35.999
1738261329.284308,1235424.000,2714,1,T1,1,100,36.000
1738261329.417314,1235557.000,2730,1,T1,1,100,36.071
1738261329.551319,1235691.000,2763,1,T1,1,100,36.066
1738261329.684325,1235824.000,2780,1,T1,1,100,35.922
1738261329.817330,1235957.000,2796,1,T1,1,100,35.895
1738261329.951336,1236091.000,2831,1,T1,1,100,35.955
1738261330.084341,1236224.000,2848,1,T1,1,100,36.016
1738261330.217347,1236357.000,2864,1,T1,1,100,36.007
1738261330.351352,1236491.000,2899,1,T1,1,100,36.038
1738261330.484358,1236624.000,2916,1,T1,1,100,35.946
1738261330.617363,1236757.000,2933,1,T1,1,100,36.012
1738261330.751369,1236891.000,2950,1,T1,1,100,36.112
1738261330.884374,1237024.000,2983,1,T1,1,100,36.119
1738261331.017380,1237157.000,2999,1,T1,1,100,35.981
1738261331.151386,1237291.000,3016,1,T1,1,100,36.063
1738261331.284391,1237424.000,3051,1,T1,1,100,36.133
1738261331.417396,1237557.000,3069,1,T1,1,100,36.164
1738261331.551402,1237691.000,3086,1,T1,1,100,36.106
1738261331.684407,1237824.000,3119,1,T1,1,100,36.011
1738261331.817413,1237957.000,3135,1,T1,1,100,36.005
1738261331.951418,1238091.000,3153,1,T1,1,100,36.037
1738261332.084424,1238224.000,3185,1,T1,1,100,36.016
1738261332.217429,1238357.000,3201,1,T1,1,100,36.042
1738261332.350435,1238490.000,3219,1,T1,1,100,36.018
1738261332.484441,1238624.000,3251,1,T1,1,100,36.079
1738261332.617446,1238757.000,3273,1,T1,1,100,35.963
1738261332.750452,1238890.000,3290,1,T1,1,100,35.949
1738261332.884457,1239024.000,3308,1,T1,1,100,35.942
1738261333.017462,1239157.000,3341,1,T1,1,100,36.010
1738261333.151468,1239291.000,3358,1,T1,1,100,36.040
1738261333.284473,1239424.000,3375,1,T1,1,100,36.124
1738261333.417479,1239557.000,3407,1,T1,1,100,36.054
1738261333.550484,1239690.000,3424,1,T1,1,100,36.023
1738261333.684490,1239824.000,3441,1,T1,1,100,36.010
1738261333.817496,1239957.000,3475,1,T1,1,100,36.075
1738261333.950501,1240090.000,3493,1,T1,1,100,36.103
1738261334.084507,1240224.000,3509,1,T1,1,100,36.116
1738261334.217512,1240357.000,3542,1,T1,1,100,36.015
1738261334.350518,1240490.000,3559,1,T1,1,100,36.077
1738261334.484523,1240624.000,3575,1,T1,1,100,36.104
1738261334.617529,1240757.000,3592,1,T1,1,100,36.116
1738261334.750534,1240890.000,3625,1,T1,1,100,35.979
1738261334.884540,1241024.000,3641,1,T1,1,100,35.956
1738261335.017545,1241157.000,3661,1,T1,1,100,35.981
1738261335.150551,1241290.000,3693,1,T1,1,100,35.992
1738261335.284556,1241424.000,3710,1,T1,1,100,35.961
1738261335.417562,1241557.000,3729,1,T1,1,100,36.019
1738261335.550567,1241690.000,3762,1,T1,1,100,36.079
1738261335.683573,1241823.000,3778,1,T1,1,100,36.070
1738261335.817578,1241957.000,3795,1,T1,1,100,36.101
1738261335.950584,1242090.000,3828,1,T1,1,100,36.008
1738261336.083589,1242223.000,3844,1,T1,1,100,36.039
1738261336.217595,1242357.000,3861,1,T1,1,100,36.017
1738261336.350600,1242490.000,3878,1,T1,1,100,36.043
1738261336.483606,1242623.000,3912,1,T1,1,100,35.983
1738261336.617611,1242757.000,3930,1,T1,1,100,36.028
1738261336.750617,1242890.000,3946,1,T1,1,100,35.977
1738261336.883622,1243023.000,3979,1,T1,1,100,36.061
1738261337.017628,1243157.000,3996,1,T1,1,100,36.062
1738261337.150633,1243290.000,4012,1,T1,1,100,36.027
1738261337.283639,1243423.000,4045,1,T1,1,100,35.976
1738261337.417644,1243557.000,4064,1,T1,1,100,36.061
1738261337.550650,1243690.000,4080,1,T1,1,100,36.097
1738261337.683655,1243823.000,4118,1,T1,1,100,36.042
1738261337.817661,1243957.000,4135,1,T1,1,100,36.018
1738261337.950666,1244090.000,4152,1,T1,1,100,35.972
1738261338.083672,1244223.000,4169,1,T1,1,100,36.059
1738261338.217677,1244357.000,4202,1,T1,1,100,35.990
1738261338.350683,1244490.000,4218,1,T1,1,100,36.067
1738261338.483688,1244623.000,4237,1,T1,1,100,36.029
1738261338.616694,1244756.000,4270,1,T1,1,100,36.048
1738261338.750699,1244890.000,4286,1,T1,1,100,36.021
1738261338.883705,1245023.000,4303,1,T1,1,100,36.044
1738261339.016710,1245156.000,4336,1,T1,1,100,35.948
1738261339.150716,1245290.000,4352,1,T1,1,100,35.978
1738261339.283721,1245423.000,4370,1,T1,1,100,36.026
1738261339.416727,1245556.000,4402,1,T1,1,100,36.047
1738261339.550732,1245690.000,4418,1,T1,1,100,36.091
1738261339.683738,1245823.000,4436,1,T1,1,100,35.968
1738261339.816743,1245956.000,4452,1,T1,1,100,36.057
1738261339.950749,1246090.000,4487,1,T1,1,100,35.989
1738261340.083754,1246223.000,4504,1,T1,1,100,35.995
1738261340.216760,1246356.000,4520,1,T1,1,100,36.069
1738261340.350765,1246490.000,4555,1,T1,1,100,36.065
1738261340.483771,1246623.000,4572,1,T1,1,100,36.099
1738261340.616776,1246756.000,4589,1,T1,1,100,36.114
1738261340.750782,1246890.000,4621,1,T1,1,100,36.049
1738261340.883787,1247023.000,4640,1,T1,1,100,35.950
1738261341.016793,1247156.000,4657,1,T1,1,100,35.979
1738261341.150799,1247290.000,4689,1,T1,1,100,36.062
1738261341.283804,1247423.000,4707,1,T1,1,100,36.027
1738261341.416809,1247556.000,4723,1,T1,1,100,36.012
1738261341.550815,1247690.000,4756,1,T1,1,100,35.970
1738261341.683820,1247823.000,4773,1,T1,1,100,36.058
1738261341.816826,1247956.000,4789,1,T1,1,100,36.167
1738261341.950831,1248090.000,4822,1,T1,1,100,36.179
1738261342.083837,1248223.000,4841,1,T1,1,100,36.184
1738261342.216842,1248356.000,4857,1,T1,1,100,35.973
1738261342.349848,1248489.000,4875,1,T1,1,100,36.059
1738261342.483854,1248623.000,4907,1,T1,1,100,36.097
1738261342.616859,1248756.000,4924,1,T1,1,100,36.148
1738261342.749865,1248889.000,4941,1,T1,1,100,36.064
1738261342.883870,1249023.000,4979,1,T1,1,100,35.992
1738261343.016876,1249156.000,4995,1,T1,1,100,36.103
1738261343.150881,1249290.000,5012,1,T1,1,100,36.115
1738261343.283886,1249423.000,5047,1,T1,1,100,36.050
1738261343.416892,1249556.000,5063,1,T1,1,100,35.986
1738261343.549897,1249689.000,5080,1,T1,1,100,36.171
1738261343.683903,1249823.000,5113,1,T1,1,100,36.145
1738261343.816909,1249956.000,5129,1,T1,1,100,36.063
1738261343.949914,1250089.000,5147,1,T1,1,100,36.098
1738261344.083920,1250223.000,5163,1,T1,1,100,36.042
1738261344.216925,1250356.000,5195,1,T1,1,100,36.089
1738261344.349931,1250489.000,5213,1,T1,1,100,36.039
1738261344.483936,1250623.000,5229,1,T1,1,100,36.052
1738261344.616942,1250756.000,5262,1,T1,1,100,36.023
1738261344.749947,1250889.000,5281,1,T1,1,100,36.045
1738261344.883953,1251023.000,5297,1,T1,1,100,36.090
1738261345.016958,1251156.000,5330,1,T1,1,100,36.146
1738261345.149964,1251289.000,5347,1,T1,1,100,36.028
1738261345.282969,1251422.000,5364,1,T1,1,100,36.012
1738261345.416975,1251556.000,5398,1,T1,1,100,36.041
1738261345.549980,1251689.000,5417,1,T1,1,100,36.053
1738261345.682986,1251822.000,5434,1,T1,1,100,35.987
1738261345.816991,1251956.000,5466,1,T1,1,100,36.030
1738261345.949997,1252089.000,5484,1,T1,1,100,36.048
1738261346.083002,1252222.000,5500,1,T1,1,100,36.127
1738261346.217008,1252356.000,5533,1,T1,1,100,36.126
1738261346.350013,1252489.000,5550,1,T1,1,100,36.090
1738261346.483019,1252622.000,5566,1,T1,1,100,36.039
1738261346.617024,1252756.000,5583,1,T1,1,100,36.052
1738261346.750030,1252889.000,5616,1,T1,1,100,36.023
1738261346.883035,1253022.000,5632,1,T1,1,100,36.081
1738261347.017041,1253156.000,5650,1,T1,1,100,36.106
1738261347.150046,1253289.000,5682,1,T1,1,100,36.081
1738261347.283052,1253422.000,5699,1,T1,1,100,36.106
1738261347.417057,1253556.000,5716,1,T1,1,100,36.010
1738261347.550063,1253689.000,5749,1,T1,1,100,36.040
1738261347.683068,1253822.000,5765,1,T1,1,100,36.053
1738261347.817074,1253956.000,5782,1,T1,1,100,35.987
1738261347.950079,1254089.000,5798,1,T1,1,100,36.065
1738261348.083085,1254222.000,5836,1,T1,1,100,36.099
1738261348.217090,1254356.000,5853,1,T1,1,100,36.007
1738261348.350096,1254489.000,5870,1,T1,1,100,36.074
1738261348.483101,1254622.000,5902,1,T1,1,100,36.138
1738261348.617107,1254756.000,5922,1,T1,1,100,36.131
1738261348.750112,1254889.000,5938,1,T1,1,100,36.057
1738261348.883118,1255022.000,5971,1,T1,1,100,36.060
1738261349.016123,1255155.000,5988,1,T1,1,100,36.026
1738261349.150129,1255289.000,6004,1,T1,1,100,35.940
1738261349.283134,1255422.000,6037,1,T1,1,100,36.045
1738261349.416140,1255555.000,6054,1,T1,1,100,36.055
1738261349.550145,1255689.000,6070,1,T1,1,100,36.059
1738261349.683151,1255822.000,6103,1,T1,1,100,36.132
1738261349.816156,1255955.000,6120,1,T1,1,100,36.128
1738261349.950162,1256089.000,6139,1,T1,1,100,36.055
1738261350.083167,1256222.000,6171,1,T1,1,100,35.953
1738261350.216173,1256355.000,6188,1,T1,1,100,36.122
1738261350.350178,1256489.000,6207,1,T1,1,100,36.053
1738261350.483184,1256622.000,6224,1,T1,1,100,36.094
1738261350.616189,1256755.000,6257,1,T1,1,100,35.970
1738261350.750195,1256889.000,6273,1,T1,1,100,35.987
1738261350.883200,1257022.000,6290,1,T1,1,100,35.994
1738261351.016206,1257155.000,6323,1,T1,1,100,36.068
1738261351.150212,1257289.000,6339,1,T1,1,100,36.030
1738261351.283217,1257422.000,6357,1,T1,1,100,36.013
1738261351.416222,1257555.000,6389,1,T1,1,100,36.041
1738261351.550228,1257689.000,6405,1,T1,1,100,35.982
1738261351.683233,1257822.000,6423,1,T1,1,100,36.028
1738261351.816239,1257955.000,6455,1,T1,1,100,36.012
1738261351.950244,1258089.000,6472,1,T1,1,100,36.076
1738261352.083250,1258222.000,6489,1,T1,1,100,36.139
1738261352.216255,1258355.000,6505,1,T1,1,100,36.202
1738261352.349261,1258488.000,6540,1,T1,1,100,36.158
1738261352.483267,1258622.000,6557,1,T1,1,100,36.139
1738261352.616272,1258755.000,6574,1,T1,1,100,36.060
1738261352.749278,1258888.000,6606,1,T1,1,100,36.097
1738261352.883283,1259022.000,6623,1,T1,1,100,36.077
1738261353.016289,1259155.000,6640,1,T1,1,100,36.069
1738261353.149294,1259288.000,6677,1,T1,1,100,36.065
1738261353.283299,1259422.000,6695,1,T1,1,100,35.993
1738261353.416305,1259555.000,6711,1,T1,1,100,36.032
1738261353.549310,1259688.000,6744,1,T1,1,100,36.085
1738261353.683316,1259822.000,6761,1,T1,1,100,36.037
1738261353.816322,1259955.000,6777,1,T1,1,100,35.980
1738261353.949327,1260088.000,6794,1,T1,1,100,36.027
1738261354.083333,1260222.000,6827,1,T1,1,100,36.083
1738261354.216338,1260355.000,6843,1,T1,1,100,36.071
1738261354.349344,1260488.000,6861,1,T1,1,100,35.995
1738261354.483349,1260622.000,6893,1,T1,1,100,35.998
1738261354.616355,1260755.000,6910,1,T1,1,100,35.928
1738261354.749360,1260888.000,6929,1,T1,1,100,36.075
1738261354.883366,1261022.000,6962,1,T1,1,100,36.139
1738261355.016371,1261155.000,6978,1,T1,1,100,35.989
1738261355.149377,1261288.000,6995,1,T1,1,100,36.137
1738261355.282382,1261421.000,7030,1,T1,1,100,36.166
1738261355.416388,1261555.000,7046,1,T1,1,100,36.036
1738261355.549393,1261688.000,7063,1,T1,1,100,36.087
1738261355.682399,1261821.000,7096,1,T1,1,100,36.073
1738261355.816404,1261955.000,7112,1,T1,1,100,36.067
1738261355.949410,1262088.000,7130,1,T1,1,100,36.064
1738261356.082415,1262221.000,7162,1,T1,1,100,36.099
1738261356.216421,1262355.000,7178,1,T1,1,100,36.185
1738261356.349426,1262488.000,7196,1,T1,1,100,36.080
1738261356.482432,1262621.000,7212,1,T1,1,100,36.035
1738261356.616437,1262755.000,7245,1,T1,1,100,36.157
1738261356.749443,1262888.000,7262,1,T1,1,100,36.032
1738261356.882448,1263021.000,7278,1,T1,1,100,36.014
1738261357.016454,1263155.000,7313,1,T1,1,100,35.935
1738261357.149459,1263288.000,7330,1,T1,1,100,35.972
1738261357.282465,1263421.000,7347,1,T1,1,100,36.059
1738261357.416470,1263555.000,7379,1,T1,1,100,36.025
1738261357.549476,1263688.000,7396,1,T1,1,100,36.046
1738261357.682481,1263821.000,7413,1,T1,1,100,36.056
1738261357.816487,1263955.000,7445,1,T1,1,100,36.095
1738261357.949492,1264088.000,7463,1,T1,1,100,36.147
1738261358.082498,1264221.000,7479,1,T1,1,100,36.064
1738261358.216503,1264355.000,7496,1,T1,1,100,36.099
1738261358.349509,1264488.000,7517,1,T1,1,100,36.184
1738261358.482514,1264621.000,7549,1,T1,1,100,36.115
1738261358.616520,1264755.000,7566,1,T1,1,100,36.050
1738261358.749525,1264888.000,7583,1,T1,1,100,36.057
1738261358.882531,1265021.000,7616,1,T1,1,100,36.131
1738261359.015536,1265154.000,7634,1,T1,1,100,36.092
1738261359.149542,1265288.000,7653,1,T1,1,100,36.146
1738261359.282547,1265421.000,7686,1,T1,1,100,36.028
1738261359.415553,1265554.000,7702,1,T1,1,100,36.189
1738261359.549558,1265688.000,7719,1,T1,1,100,36.046
1738261359.682564,1265821.000,7736,1,T1,1,100,36.126
1738261359.815569,1265954.000,7768,1,T1,1,100,36.126
1738261359.949575,1266088.000,7786,1,T1,1,100,35.983
1738261360.082580,1266221.000,7802,1,T1,1,100,35.922
1738261360.215586,1266354.000,7835,1,T1,1,100,36.073
1738261360.349591,1266488.000,7854,1,T1,1,100,36.031
1738261360.482597,1266621.000,7870,1,T1,1,100,36.049
1738261360.615602,1266754.000,7903,1,T1,1,100,35.950
1738261360.749608,1266888.000,7920,1,T1,1,100,36.014
1738261360.882613,1267021.000,7936,1,T1,1,100,36.041
1738261361.015619,1267154.000,7969,1,T1,1,100,36.089
1738261361.149625,1267288.000,7986,1,T1,1,100,35.968
1738261361.282630,1267421.000,8003,1,T1,1,100,36.092
1738261361.415635,1267554.000,8022,1,T1,1,100,36.146
1738261361.549641,1267688.000,8055,1,T1,1,100,36.170
1738261361.682647,1267821.000,8071,1,T1,1,100,36.109
1738261361.815652,1267954.000,8088,1,T1,1,100,36.295
1738261361.948658,1268087.000,8121,1,T1,1,100,36.234
1738261362.082663,1268221.000,8137,1,T1,1,100,36.137
1738261362.215668,1268354.000,8154,1,T1,1,100,36.166
1738261362.348674,1268487.000,8187,1,T1,1,100,36.213
1738261362.482680,1268621.000,8203,1,T1,1,100,36.057
1738261362.615685,1268754.000,8221,1,T1,1,100,36.131
1738261362.749691,1268888.000,8255,1,T1,1,100,36.269
1738261362.882696,1269021.000,8271,1,T1,1,100,36.223
1738261363.015702,1269154.000,8289,1,T1,1,100,36.132
1738261363.148707,1269287.000,8305,1,T1,1,100,36.128
1738261363.282712,1269421.000,8338,1,T1,1,100,36.020
1738261363.415718,1269554.000,8360,1,T1,1,100,35.973
1738261363.548723,1269687.000,8376,1,T1,1,100,36.059
1738261363.682729,1269821.000,8394,1,T1,1,100,35.990
1738261363.815735,1269954.000,8426,1,T1,1,100,36.102
1738261363.948740,1270087.000,8443,1,T1,1,100,36.080
1738261364.082746,1270221.000,8462,1,T1,1,100,36.070
1738261364.215751,1270354.000,8495,1,T1,1,100,36.137
1738261364.348757,1270487.000,8511,1,T1,1,100,36.024
1738261364.482762,1270621.000,8528,1,T1,1,100,36.188
1738261364.615768,1270754.000,8561,1,T1,1,100,36.223
1738261364.748773,1270887.000,8577,1,T1,1,100,36.132
1738261364.882779,1271021.000,8594,1,T1,1,100,36.093
1738261365.015784,1271154.000,8611,1,T1,1,100,36.182
1738261365.148790,1271287.000,8643,1,T1,1,100,36.150
1738261365.281795,1271420.000,8663,1,T1,1,100,36.065
1738261365.415801,1271554.000,8681,1,T1,1,100,36.063
1738261365.548806,1271687.000,8714,1,T1,1,100,36.027
1738261365.681812,1271820.000,8731,1,T1,1,100,36.047
1738261365.815817,1271954.000,8747,1,T1,1,100,36.162
1738261365.948823,1272087.000,8780,1,T1,1,100,36.035
1738261366.082828,1272221.000,8797,1,T1,1,100,36.051
1738261366.215834,1272354.000,8813,1,T1,1,100,36.022
1738261366.348839,1272487.000,8846,1,T1,1,100,36.116
1738261366.481845,1272620.000,8863,1,T1,1,100,36.015
1738261366.615850,1272754.000,8882,1,T1,1,100,36.113
1738261366.748856,1272887.000,8914,1,T1,1,100,36.013
1738261366.881861,1273020.000,8931,1,T1,1,100,36.148
1738261367.015867,1273154.000,8948,1,T1,1,100,36.135
1738261367.148872,1273287.000,8965,1,T1,1,100,36.165
1738261367.281878,1273420.000,8998,1,T1,1,100,36.107
1738261367.415883,1273554.000,9014,1,T1,1,100,36.117
1738261367.548889,1273687.000,9031,1,T1,1,100,36.157
1738261367.681894,1273820.000,9066,1,T1,1,100,36.139
1738261367.815900,1273954.000,9082,1,T1,1,100,36.166
1738261367.948905,1274087.000,9100,1,T1,1,100,36.214
1738261368.081911,1274220.000,9132,1,T1,1,100,36.234
1738261368.215916,1274354.000,9148,1,T1,1,100,36.172
1738261368.348922,1274487.000,9166,1,T1,1,100,36.110
1738261368.481927,1274620.000,9205,1,T1,1,100,36.189
1738261368.615933,1274754.000,9222,1,T1,1,100,36.188
1738261368.748938,1274887.000,9239,1,T1,1,100,36.152
1738261368.881944,1275020.000,9272,1,T1,1,100,36.208
1738261369.014949,1275153.000,9288,1,T1,1,100,36.161
1738261369.148955,1275287.000,9305,1,T1,1,100,36.140
1738261369.281960,1275420.000,9321,1,T1,1,100,36.096
1738261369.414966,1275553.000,9354,1,T1,1,100,36.113
1738261369.548971,1275687.000,9371,1,T1,1,100,36.084
1738261369.681977,1275820.000,9388,1,T1,1,100,36.143
1738261369.814982,1275953.000,9420,1,T1,1,100,36.062
1738261369.948988,1276087.000,9438,1,T1,1,100,36.027
1738261370.081993,1276220.000,9454,1,T1,1,100,36.047
1738261370.214999,1276353.000,9487,1,T1,1,100,36.127
1738261370.349005,1276487.000,9506,1,T1,1,100,36.055
1738261370.482010,1276620.000,9522,1,T1,1,100,36.095
1738261370.615016,1276753.000,9555,1,T1,1,100,36.076
1738261370.749021,1276887.000,9572,1,T1,1,100,36.175
1738261370.882026,1277020.000,9588,1,T1,1,100,36.182
1738261371.015032,1277153.000,9621,1,T1,1,100,36.079
1738261371.149038,1277287.000,9638,1,T1,1,100,36.105
1738261371.282043,1277420.000,9655,1,T1,1,100,36.187
1738261371.415048,1277553.000,9687,1,T1,1,100,36.010
1738261371.549054,1277687.000,9704,1,T1,1,100,36.004
1738261371.682060,1277820.000,9721,1,T1,1,100,36.108
1738261371.815065,1277953.000,9738,1,T1,1,100,36.118
1738261371.949070,1278087.000,9773,1,T1,1,100,36.157
1738261372.082076,1278220.000,9789,1,T1,1,100,36.174
1738261372.215081,1278353.000,9806,1,T1,1,100,36.111
1738261372.348087,1278486.000,9839,1,T1,1,100,36.154
1738261372.482093,1278620.000,9855,1,T1,1,100,36.067
1738261372.615098,1278753.000,9873,1,T1,1,100,36.206
1738261372.748104,1278886.000,9905,1,T1,1,100,36.125
1738261372.882109,1279020.000,9921,1,T1,1,100,36.018
1738261373.015115,1279153.000,9939,1,T1,1,100,36.079
1738261373.148120,1279286.000,9971,1,T1,1,100,36.070
1738261373.282126,1279420.000,9988,1,T1,1,100,36.101
1738261373.415131,1279553.000,10005,1,T1,1,100,36.044
1738261373.549137,1279687.000,10043,1,T1,1,100,36.054
1738261373.682142,1279820.000,10059,1,T1,1,100,36.165
1738261373.815148,1279953.000,10076,1,T1,1,100,36.178
1738261373.948153,1280086.000,10092,1,T1,1,100,36.183
1738261374.082159,1280220.000,10125,1,T1,1,100,36.186
1738261374.215164,1280353.000,10142,1,T1,1,100,36.151
1738261374.348170,1280486.000,10159,1,T1,1,100,36.172
1738261374.482175,1280620.000,10191,1,T1,1,100,36.145
1738261374.615181,1280753.000,10209,1,T1,1,100,36.169
1738261374.748186,1280886.000,10225,1,T1,1,100,36.144
1738261374.882192,1281020.000,10258,1,T1,1,100,36.133
1738261375.015197,1281153.000,10275,1,T1,1,100,36.093
1738261375.148203,1281286.000,10291,1,T1,1,100,36.147
1738261375.281208,1281419.000,10326,1,T1,1,100,36.099
1738261375.415214,1281553.000,10343,1,T1,1,100,35.972
1738261375.548219,1281686.000,10359,1,T1,1,100,36.023
1738261375.681225,1281819.000,10394,1,T1,1,100,36.081
1738261375.815230,1281953.000,10411,1,T1,1,100,36.071
1738261375.948236,1282086.000,10428,1,T1,1,100,36.031
1738261376.081241,1282219.000,10460,1,T1,1,100,36.013
1738261376.215247,1282353.000,10477,1,T1,1,100,36.077
1738261376.348252,1282486.000,10494,1,T1,1,100,36.104
1738261376.481258,1282619.000,10511,1,T1,1,100,36.045
1738261376.615263,1282753.000,10544,1,T1,1,100,36.055
1738261376.748269,1282886.000,10560,1,T1,1,100,36.166
1738261376.881274,1283019.000,10577,1,T1,1,100,36.143
1738261377.015280,1283153.000,10610,1,T1,1,100,36.097
1738261377.148285,1283286.000,10626,1,T1,1,100,36.007
1738261377.281291,1283419.000,10644,1,T1,1,100,36.038
1738261377.415296,1283553.000,10676,1,T1,1,100,36.087
1738261377.548302,1283686.000,10692,1,T1,1,100,35.967
1738261377.681307,1283819.000,10710,1,T1,1,100,36.021
1738261377.815313,1283953.000,10742,1,T1,1,100,36.045
1738261377.948318,1284086.000,10759,1,T1,1,100,36.126
1738261378.081324,1284219.000,10776,1,T1,1,100,36.125
1738261378.215329,1284353.000,10811,1,T1,1,100,36.125
1738261378.348335,1284486.000,10827,1,T1,1,100,36.231
1738261378.481340,1284619.000,10844,1,T1,1,100,36.277
1738261378.615346,1284753.000,10860,1,T1,1,100,36.226
1738261378.748351,1284886.000,10898,1,T1,1,100,36.169
1738261378.881357,1285019.000,10915,1,T1,1,100,36.109
1738261379.014362,1285152.000,10932,1,T1,1,100,36.118
1738261379.148368,1285286.000,10964,1,T1,1,100,36.157
1738261379.281374,1285419.000,10984,1,T1,1,100,36.210
1738261379.414379,1285552.000,11000,1,T1,1,100,36.197
1738261379.548384,1285686.000,11033,1,T1,1,100,36.156
1738261379.681390,1285819.000,11050,1,T1,1,100,36.103
1738261379.814395,1285952.000,11066,1,T1,1,100,36.186
1738261379.948401,1286086.000,11099,1,T1,1,100,36.293
1738261380.081406,1286219.000,11116,1,T1,1,100,36.198
1738261380.214412,1286352.000,11132,1,T1,1,100,36.192
1738261380.348418,1286486.000,11167,1,T1,1,100,36.189
1738261380.481423,1286619.000,11184,1,T1,1,100,36.188
1738261380.614429,1286752.000,11201,1,T1,1,100,36.152
1738261380.748434,1286886.000,11235,1,T1,1,100,36.172
1738261380.881439,1287019.000,11252,1,T1,1,100,36.145
1738261381.014445,1287152.000,11269,1,T1,1,100,36.169
1738261381.148451,1287286.000,11286,1,T1,1,100,36.109
1738261381.281456,1287419.000,11319,1,T1,1,100,36.189
1738261381.414461,1287552.000,11335,1,T1,1,100,36.188
1738261381.548467,1287686.000,11352,1,T1,1,100,36.117
1738261381.681473,1287819.000,11387,1,T1,1,100,36.192
1738261381.814478,1287952.000,11403,1,T1,1,100,36.119
1738261381.948483,1288086.000,11421,1,T1,1,100,36.158
1738261382.081489,1288219.000,11453,1,T1,1,100,36.281
1738261382.214494,1288352.000,11469,1,T1,1,100,36.122
1738261382.347500,1288485.000,11487,1,T1,1,100,36.194
1738261382.481506,1288619.000,11519,1,T1,1,100,36.155
1738261382.614511,1288752.000,11536,1,T1,1,100,36.173
1738261382.747517,1288885.000,11553,1,T1,1,100,36.181
1738261382.881522,1289019.000,11588,1,T1,1,100,36.220
1738261383.014528,1289152.000,11604,1,T1,1,100,36.202
1738261383.147533,1289285.000,11621,1,T1,1,100,36.087
1738261383.281539,1289419.000,11654,1,T1,1,100,36.073
1738261383.414544,1289552.000,11670,1,T1,1,100,36.174
1738261383.547549,1289685.000,11687,1,T1,1,100,36.111
1738261383.681555,1289819.000,11704,1,T1,1,100,36.119
1738261383.814561,1289952.000,11744,1,T1,1,100,36.193
1738261383.947566,1290085.000,11761,1,T1,1,100,36.084
1738261384.081572,1290219.000,11778,1,T1,1,100,36.107
1738261384.214577,1290352.000,11794,1,T1,1,100,36.117
1738261384.347583,1290485.000,11827,1,T1,1,100,36.157
1738261384.481588,1290619.000,11844,1,T1,1,100,36.103
1738261384.614594,1290752.000,11861,1,T1,1,100,36.045
1738261384.747599,1290885.000,11893,1,T1,1,100,36.090
1738261384.881605,1291019.000,11910,1,T1,1,100,36.216
1738261385.014610,1291152.000,11927,1,T1,1,100,36.200
1738261385.147616,1291285.000,11944,1,T1,1,100,36.122
1738261385.281621,1291419.000,11977,1,T1,1,100,36.088
1738261385.414627,1291552.000,11995,1,T1,1,100,36.180
1738261385.547632,1291685.000,12012,1,T1,1,100,36.184
1738261385.680638,1291818.000,12047,1,T1,1,100,36.151
1738261385.814643,1291952.000,12063,1,T1,1,100,36.136
1738261385.947649,1292085.000,12081,1,T1,1,100,36.201
1738261386.080654,1292218.000,12113,1,T1,1,100,36.193
1738261386.214660,1292352.000,12129,1,T1,1,100,36.084
1738261386.347665,1292485.000,12147,1,T1,1,100,36.072
1738261386.480671,1292618.000,12181,1,T1,1,100,36.208
1738261386.614676,1292752.000,12198,1,T1,1,100,36.090
1738261386.747682,1292885.000,12215,1,T1,1,100,36.074
1738261386.880687,1293018.000,12248,1,T1,1,100,35.997
1738261387.014693,1293152.000,12264,1,T1,1,100,36.034
1738261387.147698,1293285.000,12281,1,T1,1,100,36.086
1738261387.280704,1293418.000,12297,1,T1,1,100,36.073
1738261387.414709,1293552.000,12330,1,T1,1,100,36.031
1738261387.547715,1293685.000,12347,1,T1,1,100,36.084
1738261387.680720,1293818.000,12364,1,T1,1,100,36.107
1738261387.814726,1293952.000,12398,1,T1,1,100,36.224
1738261387.947731,1294085.000,12416,1,T1,1,100,36.239
1738261388.080737,1294218.000,12432,1,T1,1,100,36.139
1738261388.214742,1294352.000,12465,1,T1,1,100,36.166
1738261388.347748,1294485.000,12482,1,T1,1,100,36.107
1738261388.480753,1294618.000,12498,1,T1,1,100,36.224
1738261388.613759,1294751.000,12531,1,T1,1,100,36.168
1738261388.747764,1294885.000,12548,1,T1,1,100,36.143
1738261388.880770,1295018.000,12564,1,T1,1,100,36.204
1738261389.013775,1295151.000,12589,1,T1,1,100,36.195
1738261389.147781,1295285.000,12621,1,T1,1,100,36.084
1738261389.280787,1295418.000,12638,1,T1,1,100,36.036
1738261389.413792,1295551.000,12655,1,T1,1,100,36.087
1738261389.547797,1295685.000,12671,1,T1,1,100,36.038
1738261389.680803,1295818.000,12704,1,T1,1,100,36.087
1738261389.814808,1295952.000,12721,1,T1,1,100,36.109
1738261389.947814,1296085.000,12738,1,T1,1,100,36.153
1738261390.080819,1296218.000,12770,1,T1,1,100,36.102
1738261390.213825,1296351.000,12787,1,T1,1,100,36.044
1738261390.347831,1296485.000,12808,1,T1,1,100,36.232
1738261390.480836,1296618.000,12840,1,T1,1,100,36.242
1738261390.613842,1296751.000,12858,1,T1,1,100,36.140
1738261390.747847,1296885.000,12874,1,T1,1,100,36.132
1738261390.880852,1297018.000,12907,1,T1,1,100,36.128
1738261391.013858,1297151.000,12924,1,T1,1,100,36.126
1738261391.147864,1297285.000,12940,1,T1,1,100,36.161
1738261391.280869,1297418.000,12973,1,T1,1,100,36.034
1738261391.413874,1297551.000,12990,1,T1,1,100,36.086
1738261391.547880,1297685.000,13006,1,T1,1,100,36.179
1738261391.680886,1297818.000,13024,1,T1,1,100,36.255
1738261391.813891,1297951.000,13056,1,T1,1,100,36.217
1738261391.946897,1298084.000,13073,1,T1,1,100,36.165
1738261392.080902,1298218.000,13090,1,T1,1,100,36.071
1738261392.213907,1298351.000,13123,1,T1,1,100,36.137
1738261392.346913,1298484.000,13139,1,T1,1,100,36.166
1738261392.480919,1298618.000,13156,1,T1,1,100,36.178
1738261392.613924,1298751.000,13189,1,T1,1,100,36.148
1738261392.746930,1298884.000,13205,1,T1,1,100,36.170
1738261392.880935,1299018.000,13224,1,T1,1,100,36.180
1738261393.013941,1299151.000,13257,1,T1,1,100,36.113
1738261393.146946,1299284.000,13273,1,T1,1,100,36.155
1738261393.280952,1299418.000,13291,1,T1,1,100,36.103
1738261393.413957,1299551.000,13323,1,T1,1,100,36.115
1738261393.546962,1299684.000,13339,1,T1,1,100,36.156
1738261393.680968,1299818.000,13357,1,T1,1,100,36.103
1738261393.813974,1299951.000,13373,1,T1,1,100,36.116
1738261393.946979,1300084.000,13406,1,T1,1,100,36.121
1738261394.080985,1300218.000,13428,1,T1,1,100,36.123
1738261394.213990,1300351.000,13444,1,T1,1,100,36.124
1738261394.346996,1300484.000,13479,1,T1,1,100,36.054
1738261394.481001,1300618.000,13496,1,T1,1,100,36.059
1738261394.614007,1300751.000,13513,1,T1,1,100,36.203
1738261394.747012,1300884.000,13545,1,T1,1,100,36.159
1738261394.881018,1301018.000,13562,1,T1,1,100,36.104
1738261395.014023,1301151.000,13579,1,T1,1,100,36.151
1738261395.147029,1301284.000,13611,1,T1,1,100,36.172
1738261395.281034,1301418.000,13629,1,T1,1,100,36.181
1738261395.414040,1301551.000,13649,1,T1,1,100,36.255
1738261395.547045,1301684.000,13682,1,T1,1,100,36.217
1738261395.681051,1301818.000,13699,1,T1,1,100,36.058
1738261395.814056,1301951.000,13715,1,T1,1,100,36.203
1738261395.947062,1302084.000,13748,1,T1,1,100,36.159
1738261396.080067,1302217.000,13767,1,T1,1,100,36.210
1738261396.214073,1302351.000,13785,1,T1,1,100,36.162
1738261396.347078,1302484.000,13803,1,T1,1,100,36.070
1738261396.480084,1302617.000,13835,1,T1,1,100,36.101
1738261396.614089,1302751.000,13852,1,T1,1,100,36.115
1738261396.747095,1302884.000,13869,1,T1,1,100,36.227
1738261396.880100,1303017.000,13902,1,T1,1,100,36.134
1738261397.014106,1303151.000,13918,1,T1,1,100,36.164
1738261397.147111,1303284.000,13937,1,T1,1,100,36.177
1738261397.280117,1303417.000,13970,1,T1,1,100,36.219
1738261397.414122,1303551.000,13986,1,T1,1,100,36.165
1738261397.547128,1303684.000,14003,1,T1,1,100,36.072
1738261397.680133,1303817.000,14036,1,T1,1,100,36.102
1738261397.814139,1303951.000,14052,1,T1,1,100,36.115
1738261397.947144,1304084.000,14070,1,T1,1,100,36.121
1738261398.080150,1304217.000,14086,1,T1,1,100,36.229
1738261398.214155,1304351.000,14118,1,T1,1,100,36.170
1738261398.347161,1304484.000,14136,1,T1,1,100,36.180
1738261398.480166,1304617.000,14152,1,T1,1,100,36.255
1738261398.614172,1304751.000,14185,1,T1,1,100,36.181
1738261398.747177,1304884.000,14202,1,T1,1,100,36.220
1738261398.880183,1305017.000,14218,1,T1,1,100,36.202
1738261399.013188,1305150.000,14253,1,T1,1,100,36.194
1738261399.147194,1305284.000,14275,1,T1,1,100,36.119
1738261399.280200,1305417.000,14293,1,T1,1,100,36.123
1738261399.413205,1305550.000,14309,1,T1,1,100,36.088
1738261399.547210,1305684.000,14326,1,T1,1,100,36.074
1738261399.680216,1305817.000,14359,1,T1,1,100,36.103
1738261399.813221,1305950.000,14375,1,T1,1,100,36.080
1738261399.947227,1306084.000,14392,1,T1,1,100,36.141
1738261400.080232,1306217.000,14425,1,T1,1,100,36.132
1738261400.213238,1306350.000,14443,1,T1,1,100,36.057
1738261400.347244,1306484.000,14463,1,T1,1,100,36.060
1738261400.480249,1306617.000,14497,1,T1,1,100,36.097
1738261400.613255,1306750.000,14514,1,T1,1,100,36.042
1738261400.747260,1306884.000,14531,1,T1,1,100,36.231
1738261400.880265,1307017.000,14564,1,T1,1,100,36.242
1738261401.013271,1307150.000,14580,1,T1,1,100,36.176
1738261401.147277,1307284.000,14597,1,T1,1,100,36.182
1738261401.280282,1307417.000,14630,1,T1,1,100,36.150
1738261401.413288,1307550.000,14646,1,T1,1,100,36.207
1738261401.547293,1307684.000,14663,1,T1,1,100,36.231
1738261401.680299,1307817.000,14698,1,T1,1,100,36.029
1738261401.813304,1307950.000,14714,1,T1,1,100,36.119
1738261401.946310,1308083.000,14732,1,T1,1,100,36.229
1738261402.080315,1308217.000,14748,1,T1,1,100,36.170
1738261402.213320,1308350.000,14780,1,T1,1,100,36.180
1738261402.346326,1308483.000,14798,1,T1,1,100,36.113
1738261402.480332,1308617.000,14814,1,T1,1,100,36.155
1738261402.613337,1308750.000,14847,1,T1,1,100,36.280
1738261402.746343,1308883.000,14864,1,T1,1,100,36.263
1738261402.880348,1309017.000,14880,1,T1,1,100,36.220
1738261403.013354,1309150.000,14913,1,T1,1,100,36.131
1738261403.146359,1309283.000,14932,1,T1,1,100,36.163
1738261403.280365,1309417.000,14949,1,T1,1,100,36.141
1738261403.413370,1309550.000,14981,1,T1,1,100,36.097
1738261403.546376,1309683.000,14998,1,T1,1,100,36.077
1738261403.680381,1309817.000,15015,1,T1,1,100,36.175
1738261403.813387,1309950.000,15047,1,T1,1,100,36.182
1738261403.946392,1310083.000,15065,1,T1,1,100,36.185
1738261404.080398,1310217.000,15081,1,T1,1,100,36.151
1738261404.213403,1310350.000,15098,1,T1,1,100,36.136
1738261404.346409,1310483.000,15120,1,T1,1,100,36.165
1738261404.480414,1310617.000,15138,1,T1,1,100,36.213
1738261404.613420,1310750.000,15155,1,T1,1,100,36.234
1738261404.746425,1310883.000,15188,1,T1,1,100,36.172
1738261404.880431,1311017.000,15204,1,T1,1,100,36.110
1738261405.013436,1311150.000,15222,1,T1,1,100,36.260
1738261405.146442,1311283.000,15254,1,T1,1,100,36.219
1738261405.279447,1311416.000,15271,1,T1,1,100,36.095
1738261405.413453,1311550.000,15290,1,T1,1,100,36.147
1738261405.546458,1311683.000,15323,1,T1,1,100,36.064
1738261405.679464,1311816.000,15339,1,T1,1,100,36.099
1738261405.813469,1311950.000,15358,1,T1,1,100,36.114
1738261405.946475,1312083.000,15391,1,T1,1,100,36.191
1738261406.079480,1312216.000,15407,1,T1,1,100,36.189
1738261406.213486,1312350.000,15424,1,T1,1,100,36.224
1738261406.346491,1312483.000,15457,1,T1,1,100,36.203
1738261406.479497,1312616.000,15473,1,T1,1,100,36.159
1738261406.613502,1312750.000,15491,1,T1,1,100,36.104
1738261406.746508,1312883.000,15507,1,T1,1,100,36.081
1738261406.879513,1313016.000,15542,1,T1,1,100,36.212
1738261407.013519,1313150.000,15559,1,T1,1,100,36.198
1738261407.146524,1313283.000,15575,1,T1,1,100,36.157
1738261407.279530,1313416.000,15608,1,T1,1,100,36.103
1738261407.413535,1313550.000,15625,1,T1,1,100,36.045
1738261407.546541,1313683.000,15641,1,T1,1,100,36.126
1738261407.679546,1313816.000,15674,1,T1,1,100,36.090
1738261407.813552,1313950.000,15691,1,T1,1,100,36.074
1738261407.946557,1314083.000,15708,1,T1,1,100,36.103
1738261408.079563,1314216.000,15742,1,T1,1,100,36.222
1738261408.213568,1314350.000,15759,1,T1,1,100,36.202
1738261408.346574,1314483.000,15776,1,T1,1,100,36.194
1738261408.479579,1314616.000,15793,1,T1,1,100,36.190
1738261408.613585,1314750.000,15826,1,T1,1,100,36.260
1738261408.746590,1314883.000,15842,1,T1,1,100,36.254
1738261408.879596,1315016.000,15859,1,T1,1,100,36.252
1738261409.012601,1315149.000,15892,1,T1,1,100,36.286
1738261409.146607,1315283.000,15908,1,T1,1,100,36.159
1738261409.279613,1315416.000,15926,1,T1,1,100,36.175
1738261409.412618,1315549.000,15964,1,T1,1,100,36.253
1738261409.546623,1315683.000,15981,1,T1,1,100,36.216
1738261409.679629,1315816.000,15998,1,T1,1,100,36.164
1738261409.812634,1315949.000,16014,1,T1,1,100,36.142
1738261409.946640,1316083.000,16051,1,T1,1,100,36.168
1738261410.079645,1316216.000,16068,1,T1,1,100,36.144
1738261410.212651,1316349.000,16084,1,T1,1,100,36.133
1738261410.346657,1316483.000,16119,1,T1,1,100,36.128
1738261410.479662,1316616.000,16136,1,T1,1,100,36.197
1738261410.612668,1316749.000,16153,1,T1,1,100,36.227
1738261410.746673,1316883.000,16170,1,T1,1,100,36.205
1738261410.879678,1317016.000,16202,1,T1,1,100,36.230
1738261411.012684,1317149.000,16219,1,T1,1,100,36.206
1738261411.146690,1317283.000,16236,1,T1,1,100,36.266
1738261411.279695,1317416.000,16269,1,T1,1,100,36.293
1738261411.412701,1317549.000,16285,1,T1,1,100,36.233
1738261411.546706,1317683.000,16302,1,T1,1,100,36.207
1738261411.679712,1317816.000,16335,1,T1,1,100,36.196
1738261411.812717,1317949.000,16351,1,T1,1,100,36.191
1738261411.946723,1318083.000,16369,1,T1,1,100,36.118
1738261412.079728,1318216.000,16401,1,T1,1,100,36.228
1738261412.212734,1318349.000,16419,1,T1,1,100,36.134
1738261412.345739,1318482.000,16437,1,T1,1,100,36.235
1738261412.479745,1318616.000,16471,1,T1,1,100,36.315
1738261412.612750,1318749.000,16488,1,T1,1,100,36.242
1738261412.745756,1318882.000,16505,1,T1,1,100,36.247
1738261412.879761,1319016.000,16521,1,T1,1,100,36.178
1738261413.012767,1319149.000,16554,1,T1,1,100,36.148
1738261413.145772,1319282.000,16571,1,T1,1,100,36.206
1738261413.279778,1319416.000,16588,1,T1,1,100,36.231
1738261413.412783,1319549.000,16622,1,T1,1,100,36.064
1738261413.546789,1319683.000,16639,1,T1,1,100,36.063
1738261413.679794,1319816.000,16656,1,T1,1,100,36.205
1738261413.812800,1319949.000,16688,1,T1,1,100,36.195
1738261413.945805,1320082.000,16706,1,T1,1,100,36.191
1738261414.079811,1320216.000,16722,1,T1,1,100,36.118
1738261414.212816,1320349.000,16757,1,T1,1,100,36.228
1738261414.345822,1320482.000,16774,1,T1,1,100,36.063
1738261414.479827,1320616.000,16790,1,T1,1,100,36.063
1738261414.612833,1320749.000,16828,1,T1,1,100,36.134
1738261414.745838,1320882.000,16845,1,T1,1,100,36.200
1738261414.879844,1321016.000,16861,1,T1,1,100,36.193
1738261415.012849,1321149.000,16879,1,T1,1,100,36.190
1738261415.145855,1321282.000,16911,1,T1,1,100,36.188
1738261415.279860,1321416.000,16928,1,T1,1,100,36.223
1738261415.412866,1321549.000,16947,1,T1,1,100,36.309
1738261415.545871,1321682.000,16980,1,T1,1,100,36.347
1738261415.678877,1321815.000,16998,1,T1,1,100,36.221
1738261415.812882,1321949.000,17015,1,T1,1,100,36.237
1738261415.945888,1322082.000,17048,1,T1,1,100,36.245
1738261416.078893,1322215.000,17064,1,T1,1,100,36.177
1738261416.212899,1322349.000,17081,1,T1,1,100,36.147
1738261416.345904,1322482.000,17114,1,T1,1,100,36.206
1738261416.478910,1322615.000,17130,1,T1,1,100,36.160
1738261416.612915,1322749.000,17148,1,T1,1,100,36.105
1738261416.745921,1322882.000,17180,1,T1,1,100,36.187
1738261416.878926,1323015.000,17196,1,T1,1,100,36.152
1738261417.012932,1323149.000,17214,1,T1,1,100,36.137
1738261417.145937,1323282.000,17230,1,T1,1,100,36.201
1738261417.278943,1323415.000,17263,1,T1,1,100,36.264
1738261417.412948,1323549.000,17280,1,T1,1,100,36.292
1738261417.545954,1323682.000,17296,1,T1,1,100,36.233
1738261417.678959,1323815.000,17329,1,T1,1,100,36.207
1738261417.812965,1323949.000,17346,1,T1,1,100,36.125
1738261417.945970,1324082.000,17363,1,T1,1,100,36.196
1738261418.078976,1324215.000,17395,1,T1,1,100,36.227
1738261418.212981,1324349.000,17412,1,T1,1,100,36.240
1738261418.345987,1324482.000,17429,1,T1,1,100,36.210
1738261418.478992,1324615.000,17461,1,T1,1,100,36.233
1738261418.612998,1324749.000,17479,1,T1,1,100,36.243
1738261418.746003,1324882.000,17495,1,T1,1,100,36.140
1738261418.879009,1325015.000,17528,1,T1,1,100,36.309
1738261419.012014,1325148.000,17545,1,T1,1,100,36.240
1738261419.146020,1325282.000,17561,1,T1,1,100,36.210
1738261419.279026,1325415.000,17578,1,T1,1,100,36.197
1738261419.412031,1325548.000,17613,1,T1,1,100,36.192
1738261419.546036,1325682.000,17629,1,T1,1,100,36.154
1738261419.679042,1325815.000,17652,1,T1,1,100,36.208
1738261419.812047,1325948.000,17684,1,T1,1,100,36.267
1738261419.946053,1326082.000,17701,1,T1,1,100,36.187
1738261420.079058,1326215.000,17718,1,T1,1,100,36.081
1738261420.212064,1326348.000,17751,1,T1,1,100,36.106
1738261420.346070,1326482.000,17769,1,T1,1,100,36.152
1738261420.479075,1326615.000,17786,1,T1,1,100,36.243
1738261420.612081,1326748.000,17821,1,T1,1,100,36.105
1738261420.746086,1326882.000,17837,1,T1,1,100,36.152
1738261420.879092,1327015.000,17854,1,T1,1,100,36.066
1738261421.012097,1327148.000,17871,1,T1,1,100,36.206
1738261421.146103,1327282.000,17903,1,T1,1,100,36.195
1738261421.279108,1327415.000,17921,1,T1,1,100,36.155
1738261421.412114,1327548.000,17937,1,T1,1,100,36.280
1738261421.546119,1327682.000,17970,1,T1,1,100,36.334
1738261421.679125,1327815.000,17987,1,T1,1,100,36.286
1738261421.812130,1327948.000,18003,1,T1,1,100,36.266
1738261421.946136,1328082.000,18036,1,T1,1,100,36.221
1738261422.079141,1328215.000,18053,1,T1,1,100,36.202
1738261422.212147,1328348.000,18069,1,T1,1,100,36.300
1738261422.345152,1328481.000,18102,1,T1,1,100,36.272
1738261422.479158,1328615.000,18119,1,T1,1,100,36.188
1738261422.612163,1328748.000,18136,1,T1,1,100,36.259
1738261422.745169,1328881.000,18168,1,T1,1,100,36.254
1738261422.879174,1329015.000,18185,1,T1,1,100,36.252
1738261423.012180,1329148.000,18202,1,T1,1,100,36.322
1738261423.145185,1329281.000,18236,1,T1,1,100,36.352
1738261423.279191,1329415.000,18254,1,T1,1,100,36.223
1738261423.412196,1329548.000,18270,1,T1,1,100,36.203
1738261423.545202,1329681.000,18287,1,T1,1,100,36.123
1738261423.679207,1329815.000,18320,1,T1,1,100,36.160
1738261423.812213,1329948.000,18336,1,T1,1,100,36.246
1738261423.945218,1330081.000,18354,1,T1,1,100,36.284
1738261424.079224,1330215.000,18386,1,T1,1,100,36.265
1738261424.212229,1330348.000,18402,1,T1,1,100,36.185
1738261424.345235,1330481.000,18422,1,T1,1,100,36.222
1738261424.479240,1330615.000,18454,1,T1,1,100,36.167
1738261424.612246,1330748.000,18471,1,T1,1,100,36.250
1738261424.745251,1330881.000,18493,1,T1,1,100,36.285
1738261424.879257,1331015.000,18509,1,T1,1,100,36.194
1738261425.012262,1331148.000,18542,1,T1,1,100,36.226
1738261425.145268,1331281.000,18559,1,T1,1,100,36.240
1738261425.279273,1331415.000,18576,1,T1,1,100,36.316
1738261425.412279,1331548.000,18610,1,T1,1,100,36.243
1738261425.545284,1331681.000,18629,1,T1,1,100,36.176
1738261425.678290,1331814.000,18646,1,T1,1,100,36.324
1738261425.812295,1331948.000,18678,1,T1,1,100,36.282
1738261425.945301,1332081.000,18696,1,T1,1,100,36.299
1738261426.078306,1332214.000,18712,1,T1,1,100,36.271
1738261426.212312,1332348.000,18745,1,T1,1,100,36.295
1738261426.345317,1332481.000,18762,1,T1,1,100,36.163
1738261426.478323,1332614.000,18780,1,T1,1,100,36.071
1738261426.612328,1332748.000,18797,1,T1,1,100,36.208
1738261426.745334,1332881.000,18830,1,T1,1,100,36.196
1738261426.878339,1333014.000,18846,1,T1,1,100,36.298
1738261427.012345,1333148.000,18864,1,T1,1,100,36.235
1738261427.145350,1333281.000,18896,1,T1,1,100,36.350
1738261427.278356,1333414.000,18913,1,T1,1,100,36.222
1738261427.412361,1333548.000,18930,1,T1,1,100,36.273
1738261427.545367,1333681.000,18963,1,T1,1,100,36.047
1738261427.678372,1333814.000,18979,1,T1,1,100,36.127
1738261427.812378,1333948.000,18996,1,T1,1,100,36.232
1738261427.945383,1334081.000,19029,1,T1,1,100,36.207
1738261428.078389,1334214.000,19045,1,T1,1,100,36.160
1738261428.212394,1334348.000,19062,1,T1,1,100,36.176
1738261428.345400,1334481.000,19095,1,T1,1,100,36.324
1738261428.478405,1334614.000,19111,1,T1,1,100,36.318
1738261428.611411,1334747.000,19131,1,T1,1,100,36.279
1738261428.745416,1334881.000,19147,1,T1,1,100,36.192
1738261428.878422,1335014.000,19179,1,T1,1,100,36.225
1738261429.011427,1335147.000,19197,1,T1,1,100,36.168
1738261429.145433,1335281.000,19213,1,T1,1,100,36.321
1738261429.278439,1335414.000,19246,1,T1,1,100,36.210
1738261429.411444,1335547.000,19263,1,T1,1,100,36.233
1738261429.545449,1335681.000,19281,1,T1,1,100,36.313
1738261429.678455,1335814.000,19314,1,T1,1,100,36.384
1738261429.811460,1335947.000,19331,1,T1,1,100,36.166
1738261429.945466,1336081.000,19353,1,T1,1,100,36.214
1738261430.078471,1336214.000,19370,1,T1,1,100,36.163
1738261430.211477,1336347.000,19403,1,T1,1,100,36.213
1738261430.345483,1336481.000,19421,1,T1,1,100,36.127
1738261430.478488,1336614.000,19440,1,T1,1,100,36.126
1738261430.611494,1336747.000,19475,1,T1,1,100,36.125
1738261430.745499,1336881.000,19491,1,T1,1,100,36.125
1738261430.878505,1337014.000,19508,1,T1,1,100,36.196
1738261431.011510,1337147.000,19541,1,T1,1,100,36.191
1738261431.145516,1337281.000,19557,1,T1,1,100,36.154
1738261431.278521,1337414.000,19575,1,T1,1,100,36.279
1738261431.411527,1337547.000,19607,1,T1,1,100,36.298
1738261431.545532,1337681.000,19623,1,T1,1,100,36.200
1738261431.678538,1337814.000,19641,1,T1,1,100,36.193
1738261431.811543,1337947.000,19659,1,T1,1,100,36.261
1738261431.945549,1338081.000,19692,1,T1,1,100,36.290
1738261432.078554,1338214.000,19709,1,T1,1,100,36.303
1738261432.211560,1338347.000,19725,1,T1,1,100,36.273
1738261432.344565,1338480.000,19758,1,T1,1,100,36.224
1738261432.478571,1338614.000,19775,1,T1,1,100,36.133
1738261432.611576,1338747.000,19792,1,T1,1,100,36.235
1738261432.744582,1338880.000,19824,1,T1,1,100,36.243
1738261432.878587,1339014.000,19841,1,T1,1,100,36.141
1738261433.011593,1339147.000,19860,1,T1,1,100,36.238
1738261433.144598,1339280.000,19892,1,T1,1,100,36.103
1738261433.278604,1339414.000,19910,1,T1,1,100,36.186
1738261433.411609,1339547.000,19926,1,T1,1,100,36.364
1738261433.544615,1339680.000,19959,1,T1,1,100,36.406
1738261433.678620,1339814.000,19976,1,T1,1,100,36.282
1738261433.811626,1339947.000,19992,1,T1,1,100,36.264
1738261433.944631,1340080.000,20025,1,T1,1,100,36.327
1738261434.078637,1340214.000,20042,1,T1,1,100,36.319
1738261434.211642,1340347.000,20060,1,T1,1,100,36.138
1738261434.344648,1340480.000,20078,1,T1,1,100,36.095
1738261434.478653,1340614.000,20110,1,T1,1,100,36.254
1738261434.611659,1340747.000,20127,1,T1,1,100,36.145
1738261434.744664,1340880.000,20144,1,T1,1,100,36.205
1738261434.878670,1341014.000,20177,1,T1,1,100,36.230
1738261435.011675,1341147.000,20198,1,T1,1,100,36.242
1738261435.144681,1341280.000,20215,1,T1,1,100,36.317
1738261435.277686,1341413.000,20250,1,T1,1,100,36.315
1738261435.411692,1341547.000,20266,1,T1,1,100,36.207
1738261435.544697,1341680.000,20285,1,T1,1,100,36.267
1738261435.677703,1341813.000,20318,1,T1,1,100,36.293
1738261435.811708,1341947.000,20334,1,T1,1,100,36.304
1738261435.944714,1342080.000,20352,1,T1,1,100,36.167
1738261436.077719,1342213.000,20384,1,T1,1,100,36.179
1738261436.211725,1342347.000,20400,1,T1,1,100,36.184
1738261436.344730,1342480.000,20418,1,T1,1,100,36.150
1738261436.477736,1342613.000,20434,1,T1,1,100,36.207
1738261436.611741,1342747.000,20467,1,T1,1,100,36.125
1738261436.744747,1342880.000,20484,1,T1,1,100,36.160
1738261436.877752,1343013.000,20500,1,T1,1,100,36.211
1738261437.011758,1343147.000,20533,1,T1,1,100,36.127
1738261437.144763,1343280.000,20550,1,T1,1,100,36.161
1738261437.277769,1343413.000,20567,1,T1,1,100,36.318
1738261437.411774,1343547.000,20599,1,T1,1,100,36.244
1738261437.544780,1343680.000,20616,1,T1,1,100,36.212
1738261437.677785,1343813.000,20633,1,T1,1,100,36.234
1738261437.811791,1343947.000,20665,1,T1,1,100,36.278
1738261437.944796,1344080.000,20683,1,T1,1,100,36.227
1738261438.077802,1344213.000,20699,1,T1,1,100,36.205
1738261438.211807,1344347.000,20718,1,T1,1,100,36.266
1738261438.344813,1344480.000,20751,1,T1,1,100,36.292
1738261438.477818,1344613.000,20767,1,T1,1,100,36.268
1738261438.610824,1344746.000,20784,1,T1,1,100,36.329
1738261438.744829,1344880.000,20817,1,T1,1,100,36.284
1738261438.877835,1345013.000,20833,1,T1,1,100,36.336
1738261439.010840,1345146.000,20851,1,T1,1,100,36.252
1738261439.144846,1345280.000,20883,1,T1,1,100,36.251
1738261439.277852,1345413.000,20900,1,T1,1,100,36.215
1738261439.410857,1345546.000,20917,1,T1,1,100,36.235
1738261439.544863,1345680.000,20952,1,T1,1,100,36.208
1738261439.677868,1345813.000,20968,1,T1,1,100,36.161
1738261439.810874,1345946.000,20985,1,T1,1,100,36.105
1738261439.944879,1346080.000,21018,1,T1,1,100,36.223
1738261440.077884,1346213.000,21039,1,T1,1,100,36.309
1738261440.210890,1346346.000,21056,1,T1,1,100,36.311
1738261440.344896,1346480.000,21073,1,T1,1,100,36.241
1738261440.477901,1346613.000,21107,1,T1,1,100,36.175
1738261440.610907,1346746.000,21125,1,T1,1,100,36.289
1738261440.744912,1346880.000,21141,1,T1,1,100,36.231
1738261440.877918,1347013.000,21174,1,T1,1,100,36.242
1738261441.010923,1347146.000,21191,1,T1,1,100,36.176
1738261441.144929,1347280.000,21207,1,T1,1,100,36.182
1738261441.277934,1347413.000,21242,1,T1,1,100,36.292
1738261441.410940,1347546.000,21259,1,T1,1,100,36.268
1738261441.544945,1347680.000,21275,1,T1,1,100,36.293
1738261441.677951,1347813.000,21308,1,T1,1,100,36.127
1738261441.810956,1347946.000,21325,1,T1,1,100,36.197
1738261441.944962,1348080.000,21342,1,T1,1,100,36.156
1738261442.077967,1348213.000,21359,1,T1,1,100,36.174
1738261442.210973,1348346.000,21391,1,T1,1,100,36.146
1738261442.343978,1348479.000,21408,1,T1,1,100,36.099
1738261442.477984,1348613.000,21425,1,T1,1,100,36.220
1738261442.610989,1348746.000,21458,1,T1,1,100,36.237
1738261442.743995,1348879.000,21474,1,T1,1,100,36.138
1738261442.878000,1349013.000,21491,1,T1,1,100,36.237
1738261443.011006,1349146.000,21524,1,T1,1,100,36.315
1738261443.144011,1349279.000,21540,1,T1,1,100,36.243
1738261443.278017,1349413.000,21558,1,T1,1,100,36.247
1738261443.411022,1349546.000,21590,1,T1,1,100,36.213
1738261443.544028,1349679.000,21606,1,T1,1,100,36.199
1738261443.678033,1349813.000,21624,1,T1,1,100,36.299
1738261443.811039,1349946.000,21656,1,T1,1,100,36.236
1738261443.944044,1350079.000,21673,1,T1,1,100,36.208
1738261444.078050,1350213.000,21690,1,T1,1,100,36.197
1738261444.211055,1350346.000,21723,1,T1,1,100,36.262
1738261444.344061,1350479.000,21739,1,T1,1,100,36.220
1738261444.478066,1350613.000,21756,1,T1,1,100,36.166
1738261444.611072,1350746.000,21772,1,T1,1,100,36.178
1738261444.744077,1350879.000,21805,1,T1,1,100,36.183
1738261444.878083,1351013.000,21822,1,T1,1,100,36.221
1738261445.011088,1351146.000,21839,1,T1,1,100,36.308
1738261445.144094,1351279.000,21871,1,T1,1,100,36.169
1738261445.277099,1351412.000,21894,1,T1,1,100,36.215
1738261445.411105,1351546.000,21912,1,T1,1,100,36.164
1738261445.544110,1351679.000,21945,1,T1,1,100,36.248
1738261445.677116,1351812.000,21962,1,T1,1,100,36.178
1738261445.811121,1351946.000,21980,1,T1,1,100,36.254
1738261445.944127,1352079.000,22013,1,T1,1,100,36.146
1738261446.077132,1352212.000,22030,1,T1,1,100,36.205
1738261446.211138,1352346.000,22046,1,T1,1,100,36.160
1738261446.344143,1352479.000,22079,1,T1,1,100,36.211
1738261446.477149,1352612.000,22096,1,T1,1,100,36.162
1738261446.611154,1352746.000,22113,1,T1,1,100,36.177
1738261446.744160,1352879.000,22145,1,T1,1,100,36.218
1738261446.877165,1353012.000,22162,1,T1,1,100,36.201
1738261447.011171,1353146.000,22179,1,T1,1,100,36.193
1738261447.144176,1353279.000,22196,1,T1,1,100,36.332
1738261447.277182,1353412.000,22229,1,T1,1,100,36.179
1738261447.411187,1353546.000,22245,1,T1,1,100,36.255
1738261447.544193,1353679.000,22262,1,T1,1,100,36.181
1738261447.677198,1353812.000,22295,1,T1,1,100,36.256
1738261447.811204,1353946.000,22311,1,T1,1,100,36.217
1738261447.944209,1354079.000,22329,1,T1,1,100,36.271
1738261448.077215,1354212.000,22361,1,T1,1,100,36.259
1738261448.211221,1354346.000,22377,1,T1,1,100,36.219
1738261448.344226,1354479.000,22395,1,T1,1,100,36.165
1738261448.477232,1354612.000,22429,1,T1,1,100,36.249
1738261448.611237,1354746.000,22446,1,T1,1,100,36.250
1738261448.744242,1354879.000,22463,1,T1,1,100,36.214
1738261448.877248,1355012.000,22496,1,T1,1,100,36.305
1738261449.010253,1355145.000,22512,1,T1,1,100,36.274
1738261449.144259,1355279.000,22529,1,T1,1,100,36.260
1738261449.277265,1355412.000,22562,1,T1,1,100,36.184
1738261449.410270,1355545.000,22578,1,T1,1,100,36.221
1738261449.544276,1355679.000,22595,1,T1,1,100,36.238
1738261449.677281,1355812.000,22612,1,T1,1,100,36.245
1738261449.810287,1355945.000,22646,1,T1,1,100,36.354
1738261449.944292,1356079.000,22664,1,T1,1,100,36.366
1738261450.077297,1356212.000,22680,1,T1,1,100,36.229
1738261450.210303,1356345.000,22713,1,T1,1,100,36.206
1738261450.344309,1356479.000,22735,1,T1,1,100,36.231
1738261450.477314,1356612.000,22752,1,T1,1,100,36.242
1738261450.610320,1356745.000,22769,1,T1,1,100,36.211
1738261450.744325,1356879.000,22786,1,T1,1,100,36.198
1738261450.877331,1357012.000,22802,1,T1,1,100,36.298
1738261451.010336,1357145.000,22835,1,T1,1,100,36.306
1738261451.144342,1357279.000,22854,1,T1,1,100,36.310
1738261451.277347,1357412.000,22871,1,T1,1,100,36.311
1738261451.410353,1357545.000,22903,1,T1,1,100,36.277
1738261451.544358,1357679.000,22920,1,T1,1,100,36.191
1738261451.677364,1357812.000,22937,1,T1,1,100,36.366
1738261451.810369,1357945.000,22969,1,T1,1,100,36.229
1738261451.944375,1358079.000,22987,1,T1,1,100,36.135
1738261452.077380,1358212.000,23003,1,T1,1,100,36.306
1738261452.210386,1358345.000,23038,1,T1,1,100,36.381
1738261452.343391,1358478.000,23055,1,T1,1,100,36.236
1738261452.477397,1358612.000,23071,1,T1,1,100,36.173
1738261452.610402,1358745.000,23104,1,T1,1,100,36.217
1738261452.743408,1358878.000,23121,1,T1,1,100,36.236
1738261452.877413,1359012.000,23137,1,T1,1,100,36.137
1738261453.010419,1359145.000,23155,1,T1,1,100,36.237
1738261453.143424,1359278.000,23187,1,T1,1,100,36.209
1738261453.277430,1359412.000,23206,1,T1,1,100,36.161
1738261453.410435,1359545.000,23223,1,T1,1,100,36.176
1738261453.543441,1359678.000,23258,1,T1,1,100,36.218
1738261453.677446,1359812.000,23274,1,T1,1,100,36.165
1738261453.810452,1359945.000,23291,1,T1,1,100,36.249
1738261453.943457,1360078.000,23324,1,T1,1,100,36.179
1738261454.077463,1360212.000,23340,1,T1,1,100,36.325
1738261454.210468,1360345.000,23357,1,T1,1,100,36.212
1738261454.343474,1360478.000,23390,1,T1,1,100,36.163
1738261454.477479,1360612.000,23408,1,T1,1,100,36.248
1738261454.610485,1360745.000,23426,1,T1,1,100,36.284
1738261454.743490,1360878.000,23458,1,T1,1,100,36.336
1738261454.877496,1361012.000,23474,1,T1,1,100,36.252
1738261455.010501,1361145.000,23492,1,T1,1,100,36.251
1738261455.143507,1361278.000,23508,1,T1,1,100,36.321
1738261455.277512,1361412.000,23541,1,T1,1,100,36.281
1738261455.410518,1361545.000,23562,1,T1,1,100,36.370
1738261455.543523,1361678.000,23584,1,T1,1,100,36.302
1738261455.677529,1361812.000,23601,1,T1,1,100,36.343
1738261455.810534,1361945.000,23618,1,T1,1,100,36.397
1738261455.943540,1362078.000,23651,1,T1,1,100,36.349
1738261456.076545,1362211.000,23667,1,T1,1,100,36.364
1738261456.210551,1362345.000,23684,1,T1,1,100,36.264
1738261456.343556,1362478.000,23717,1,T1,1,100,36.291
1738261456.476562,1362611.000,23735,1,T1,1,100,36.197
1738261456.610567,1362745.000,23753,1,T1,1,100,36.227
1738261456.743573,1362878.000,23785,1,T1,1,100,36.169
1738261456.876578,1363011.000,23801,1,T1,1,100,36.144
1738261457.010584,1363145.000,23819,1,T1,1,100,36.169
1738261457.143589,1363278.000,23851,1,T1,1,100,36.179
1738261457.276595,1363411.000,23868,1,T1,1,100,36.219
1738261457.410600,1363545.000,23887,1,T1,1,100,36.272
1738261457.543606,1363678.000,23920,1,T1,1,100,36.189
1738261457.676611,1363811.000,23936,1,T1,1,100,36.188
1738261457.810617,1363945.000,23953,1,T1,1,100,36.259
1738261457.943622,1364078.000,23986,1,T1,1,100,36.254
1738261458.076628,1364211.000,24002,1,T1,1,100,36.181
1738261458.210634,1364345.000,24019,1,T1,1,100,36.185
1738261458.343639,1364478.000,24038,1,T1,1,100,36.222
1738261458.476645,1364611.000,24072,1,T1,1,100,36.238
1738261458.609650,1364744.000,24090,1,T1,1,100,36.245
1738261458.743655,1364878.000,24106,1,T1,1,100,36.141
1738261458.876661,1365011.000,24139,1,T1,1,100,36.168
1738261459.010667,1365145.000,24156,1,T1,1,100,36.250
1738261459.143672,1365278.000,24172,1,T1,1,100,36.321
1738261459.276678,1365411.000,24205,1,T1,1,100,36.281
1738261459.409683,1365544.000,24222,1,T1,1,100,36.299
1738261459.543689,1365678.000,24240,1,T1,1,100,36.236
1738261459.676694,1365811.000,24273,1,T1,1,100,36.173
1738261459.809700,1365944.000,24290,1,T1,1,100,36.217
1738261459.943705,1366078.000,24307,1,T1,1,100,36.200
1738261460.076710,1366211.000,24324,1,T1,1,100,36.157
1738261460.209716,1366344.000,24356,1,T1,1,100,36.210
1738261460.343722,1366478.000,24375,1,T1,1,100,36.233
1738261460.476727,1366611.000,24392,1,T1,1,100,36.313
1738261460.609733,1366744.000,24432,1,T1,1,100,36.242
1738261460.743738,1366878.000,24450,1,T1,1,100,36.211
1738261460.876744,1367011.000,24467,1,T1,1,100,36.269
1738261461.009749,1367144.000,24500,1,T1,1,100,36.364
1738261461.143755,1367278.000,24516,1,T1,1,100,36.300
1738261461.276760,1367411.000,24534,1,T1,1,100,36.342
1738261461.409766,1367544.000,24566,1,T1,1,100,36.254
1738261461.543771,1367678.000,24582,1,T1,1,100,36.216
1738261461.676777,1367811.000,24600,1,T1,1,100,36.236
1738261461.809782,1367944.000,24616,1,T1,1,100,36.279
1738261461.943788,1368078.000,24649,1,T1,1,100,36.156
1738261462.076793,1368211.000,24668,1,T1,1,100,36.316
1738261462.209799,1368344.000,24684,1,T1,1,100,36.243
1738261462.343804,1368478.000,24717,1,T1,1,100,36.282
1738261462.476810,1368611.000,24734,1,T1,1,100,36.370
1738261462.609815,1368744.000,24751,1,T1,1,100,36.267
1738261462.742821,1368877.000,24783,1,T1,1,100,36.328
1738261462.876826,1369011.000,24800,1,T1,1,100,36.213
1738261463.009832,1369144.000,24817,1,T1,1,100,36.163
1738261463.142837,1369277.000,24849,1,T1,1,100,36.177
1738261463.276843,1369411.000,24867,1,T1,1,100,36.183
1738261463.409848,1369544.000,24885,1,T1,1,100,36.256
1738261463.542854,1369677.000,24918,1,T1,1,100,36.217
1738261463.676859,1369811.000,24935,1,T1,1,100,36.271
1738261463.809865,1369944.000,24951,1,T1,1,100,36.224
1738261463.942870,1370077.000,24968,1,T1,1,100,36.310
1738261464.076876,1370211.000,25001,1,T1,1,100,36.311
1738261464.209881,1370344.000,25017,1,T1,1,100,36.241
1738261464.342887,1370477.000,25035,1,T1,1,100,36.211
1738261464.476892,1370611.000,25067,1,T1,1,100,36.268
1738261464.609898,1370744.000,25086,1,T1,1,100,36.223
1738261464.742903,1370877.000,25103,1,T1,1,100,36.274
1738261464.876909,1371011.000,25136,1,T1,1,100,36.260
1738261465.009914,1371144.000,25152,1,T1,1,100,36.219
1738261465.142920,1371277.000,25169,1,T1,1,100,36.237
1738261465.275925,1371410.000,25204,1,T1,1,100,36.386
1738261465.409931,1371544.000,25220,1,T1,1,100,36.380
1738261465.542936,1371677.000,25237,1,T1,1,100,36.306
1738261465.676942,1371811.000,25275,1,T1,1,100,36.310
1738261465.809947,1371944.000,25293,1,T1,1,100,36.311
1738261465.942953,1372077.000,25311,1,T1,1,100,36.241
1738261466.075958,1372210.000,25327,1,T1,1,100,36.211
1738261466.209964,1372344.000,25360,1,T1,1,100,36.198
1738261466.342969,1372477.000,25377,1,T1,1,100,36.298
1738261466.475975,1372610.000,25393,1,T1,1,100,36.271
1738261466.609980,1372744.000,25426,1,T1,1,100,36.294
1738261466.742986,1372877.000,25443,1,T1,1,100,36.234
1738261466.875991,1373010.000,25459,1,T1,1,100,36.349
1738261467.009997,1373144.000,25492,1,T1,1,100,36.328
1738261467.143003,1373277.000,25511,1,T1,1,100,36.355
1738261467.276008,1373410.000,25528,1,T1,1,100,36.224
1738261467.410013,1373544.000,25560,1,T1,1,100,36.310
1738261467.543019,1373677.000,25577,1,T1,1,100,36.240
1738261467.676024,1373810.000,25594,1,T1,1,100,36.246
1738261467.810030,1373944.000,25611,1,T1,1,100,36.142
1738261467.943035,1374077.000,25644,1,T1,1,100,36.168
1738261468.076041,1374210.000,25660,1,T1,1,100,36.143
1738261468.210047,1374344.000,25677,1,T1,1,100,36.310
1738261468.343052,1374477.000,25710,1,T1,1,100,36.347
1738261468.476058,1374610.000,25726,1,T1,1,100,36.221
1738261468.610063,1374744.000,25744,1,T1,1,100,36.167
1738261468.743068,1374877.000,25776,1,T1,1,100,36.214
1738261468.876074,1375010.000,25792,1,T1,1,100,36.234
1738261469.009079,1375143.000,25810,1,T1,1,100,36.243
1738261469.143085,1375277.000,25842,1,T1,1,100,36.141
1738261469.276091,1375410.000,25859,1,T1,1,100,36.167
1738261469.409096,1375543.000,25876,1,T1,1,100,36.250
1738261469.543102,1375677.000,25892,1,T1,1,100,36.285
1738261469.676107,1375810.000,25925,1,T1,1,100,36.230
1738261469.809113,1375943.000,25942,1,T1,1,100,36.206
1738261469.943118,1376077.000,25959,1,T1,1,100,36.195
1738261470.076123,1376210.000,25993,1,T1,1,100,36.191
1738261470.209129,1376343.000,26012,1,T1,1,100,36.189
1738261470.343135,1376477.000,26031,1,T1,1,100,36.224
1738261470.476140,1376610.000,26063,1,T1,1,100,36.239
1738261470.609146,1376743.000,26081,1,T1,1,100,36.139
1738261470.743151,1376877.000,26097,1,T1,1,100,36.202
1738261470.876157,1377010.000,26120,1,T1,1,100,36.265
1738261471.009162,1377143.000,26137,1,T1,1,100,36.327
1738261471.143168,1377277.000,26153,1,T1,1,100,36.283
1738261471.276173,1377410.000,26188,1,T1,1,100,36.229
1738261471.409179,1377543.000,26205,1,T1,1,100,36.276
1738261471.543184,1377677.000,26221,1,T1,1,100,36.155
1738261471.676190,1377810.000,26254,1,T1,1,100,36.244
1738261471.809195,1377943.000,26271,1,T1,1,100,36.248
1738261471.943201,1378077.000,26288,1,T1,1,100,36.320
1738261472.076206,1378210.000,26322,1,T1,1,100,36.316
1738261472.209212,1378343.000,26339,1,T1,1,100,36.278
1738261472.342217,1378476.000,26356,1,T1,1,100,36.262
1738261472.476223,1378610.000,26373,1,T1,1,100,36.220
1738261472.609228,1378743.000,26406,1,T1,1,100,36.272
1738261472.742234,1378876.000,26422,1,T1,1,100,36.295
1738261472.876239,1379010.000,26439,1,T1,1,100,36.305
1738261473.009245,1379143.000,26472,1,T1,1,100,36.238
1738261473.142250,1379276.000,26488,1,T1,1,100,36.245
1738261473.276256,1379410.000,26508,1,T1,1,100,36.319
1738261473.409261,1379543.000,26540,1,T1,1,100,36.244
1738261473.542267,1379676.000,26556,1,T1,1,100,36.212
1738261473.676272,1379810.000,26574,1,T1,1,100,36.163
1738261473.809278,1379943.000,26606,1,T1,1,100,36.177
1738261473.942283,1380076.000,26623,1,T1,1,100,36.325
1738261474.076289,1380210.000,26640,1,T1,1,100,36.247
1738261474.209294,1380343.000,26673,1,T1,1,100,36.320
1738261474.342300,1380476.000,26689,1,T1,1,100,36.351
1738261474.476305,1380610.000,26708,1,T1,1,100,36.329
1738261474.609311,1380743.000,26724,1,T1,1,100,36.355
1738261474.742316,1380876.000,26757,1,T1,1,100,36.189
1738261474.876322,1381010.000,26774,1,T1,1,100,36.188
1738261475.009327,1381143.000,26791,1,T1,1,100,36.259
1738261475.142333,1381276.000,26823,1,T1,1,100,36.325
1738261475.276338,1381410.000,26841,1,T1,1,100,36.318
1738261475.409344,1381543.000,26859,1,T1,1,100,36.244
1738261475.542349,1381676.000,26892,1,T1,1,100,36.212
1738261475.675355,1381809.000,26911,1,T1,1,100,36.198
1738261475.809360,1381943.000,26927,1,T1,1,100,36.121
1738261475.942366,1382076.000,26967,1,T1,1,100,36.230
1738261476.076371,1382210.000,26984,1,T1,1,100,36.277
1738261476.209377,1382343.000,27000,1,T1,1,100,36.332
1738261476.342382,1382476.000,27033,1,T1,1,100,36.321
1738261476.476388,1382610.000,27050,1,T1,1,100,36.281
1738261476.609393,1382743.000,27067,1,T1,1,100,36.263
1738261476.742399,1382876.000,27084,1,T1,1,100,36.220
1738261476.875404,1383009.000,27119,1,T1,1,100,36.237
1738261477.009410,1383143.000,27135,1,T1,1,100,36.244
1738261477.142416,1383276.000,27152,1,T1,1,100,36.319
1738261477.275421,1383409.000,27185,1,T1,1,100,36.280
1738261477.409426,1383543.000,27201,1,T1,1,100,36.263
1738261477.542432,1383676.000,27218,1,T1,1,100,36.220
1738261477.675437,1383809.000,27251,1,T1,1,100,36.273
1738261477.809443,1383943.000,27267,1,T1,1,100,36.260
1738261477.942448,1384076.000,27285,1,T1,1,100,36.219
1738261478.075454,1384209.000,27319,1,T1,1,100,36.272
1738261478.209460,1384343.000,27335,1,T1,1,100,36.295
1738261478.342465,1384476.000,27353,1,T1,1,100,36.305
1738261478.475471,1384609.000,27369,1,T1,1,100,36.309
1738261478.609476,1384743.000,27402,1,T1,1,100,36.276
1738261478.742481,1384876.000,27419,1,T1,1,100,36.261
1738261478.875487,1385009.000,27435,1,T1,1,100,36.290
1738261479.009493,1385143.000,27468,1,T1,1,100,36.232
1738261479.142498,1385276.000,27485,1,T1,1,100,36.278
1738261479.275504,1385409.000,27504,1,T1,1,100,36.404
1738261479.408509,1385542.000,27536,1,T1,1,100,36.458
1738261479.542515,1385676.000,27553,1,T1,1,100,36.269
1738261479.675520,1385809.000,27570,1,T1,1,100,36.187
1738261479.808526,1385942.000,27602,1,T1,1,100,36.223
1738261479.942531,1386076.000,27620,1,T1,1,100,36.238
1738261480.075536,1386209.000,27636,1,T1,1,100,36.316
1738261480.208542,1386342.000,27669,1,T1,1,100,36.314
1738261480.342548,1386476.000,27688,1,T1,1,100,36.278
1738261480.475553,1386609.000,27704,1,T1,1,100,36.227
1738261480.608559,1386742.000,27721,1,T1,1,100,36.275
1738261480.742564,1386876.000,27754,1,T1,1,100,36.296
1738261480.875570,1387009.000,27770,1,T1,1,100,36.306
1738261481.008575,1387142.000,27788,1,T1,1,100,36.239
1738261481.142581,1387276.000,27825,1,T1,1,100,36.351
1738261481.275586,1387409.000,27842,1,T1,1,100,36.294
1738261481.408592,1387542.000,27859,1,T1,1,100,36.269
1738261481.542597,1387676.000,27892,1,T1,1,100,36.258
1738261481.675603,1387809.000,27908,1,T1,1,100,36.183
1738261481.808608,1387942.000,27925,1,T1,1,100,36.150
1738261481.942614,1388076.000,27958,1,T1,1,100,36.207
1738261482.075619,1388209.000,27974,1,T1,1,100,36.267
1738261482.208625,1388342.000,27991,1,T1,1,100,36.293
1738261482.341630,1388475.000,28024,1,T1,1,100,36.339
1738261482.475636,1388609.000,28042,1,T1,1,100,36.289
1738261482.608641,1388742.000,28060,1,T1,1,100,36.267
1738261482.741647,1388875.000,28092,1,T1,1,100,36.222
1738261482.875652,1389009.000,28108,1,T1,1,100,36.380
1738261483.008658,1389142.000,28126,1,T1,1,100,36.235
1738261483.141663,1389275.000,28142,1,T1,1,100,36.385
1738261483.275669,1389409.000,28175,1,T1,1,100,36.238
1738261483.408674,1389542.000,28192,1,T1,1,100,36.245
1738261483.541680,1389675.000,28208,1,T1,1,100,36.212
1738261483.675685,1389809.000,28241,1,T1,1,100,36.269
1738261483.808691,1389942.000,28258,1,T1,1,100,36.223
1738261483.941696,1390075.000,28275,1,T1,1,100,36.203
1738261484.075702,1390209.000,28307,1,T1,1,100,36.230
1738261484.208707,1390342.000,28324,1,T1,1,100,36.241
1738261484.341713,1390475.000,28343,1,T1,1,100,36.211
1738261484.475718,1390609.000,28360,1,T1,1,100,36.162
1738261484.608724,1390742.000,28393,1,T1,1,100,36.141
1738261484.741729,1390875.000,28409,1,T1,1,100,36.238
1738261484.875735,1391009.000,28426,1,T1,1,100,36.387
1738261485.008740,1391142.000,28459,1,T1,1,100,36.345
1738261485.141746,1391275.000,28475,1,T1,1,100,36.291
1738261485.275751,1391409.000,28493,1,T1,1,100,36.339
1738261485.408757,1391542.000,28527,1,T1,1,100,36.253
1738261485.541762,1391675.000,28545,1,T1,1,100,36.287
1738261485.674768,1391808.000,28563,1,T1,1,100,36.230
1738261485.808773,1391942.000,28595,1,T1,1,100,36.277
1738261485.941779,1392075.000,28612,1,T1,1,100,36.155
1738261486.074784,1392208.000,28629,1,T1,1,100,36.244
1738261486.208790,1392342.000,28650,1,T1,1,100,36.283
1738261486.341795,1392475.000,28683,1,T1,1,100,36.264
1738261486.474801,1392608.000,28700,1,T1,1,100,36.221
1738261486.608806,1392742.000,28717,1,T1,1,100,36.273
1738261486.741812,1392875.000,28749,1,T1,1,100,36.260
1738261486.874817,1393008.000,28768,1,T1,1,100,36.325
1738261487.008823,1393142.000,28785,1,T1,1,100,36.247
1738261487.141829,1393275.000,28802,1,T1,1,100,36.249
1738261487.274834,1393408.000,28835,1,T1,1,100,36.320
1738261487.408839,1393542.000,28851,1,T1,1,100,36.316
1738261487.541845,1393675.000,28868,1,T1,1,100,36.385
1738261487.674850,1393808.000,28901,1,T1,1,100,36.344
1738261487.808856,1393942.000,28917,1,T1,1,100,36.291
1738261487.941861,1394075.000,28937,1,T1,1,100,36.303
1738261488.074867,1394208.000,28969,1,T1,1,100,36.379
1738261488.208873,1394342.000,28985,1,T1,1,100,36.377
1738261488.341878,1394475.000,29003,1,T1,1,100,36.234
1738261488.474884,1394608.000,29035,1,T1,1,100,36.349
1738261488.607889,1394741.000,29052,1,T1,1,100,36.328
1738261488.741894,1394875.000,29069,1,T1,1,100,36.355
1738261488.874900,1395008.000,29102,1,T1,1,100,36.260
1738261489.007905,1395141.000,29118,1,T1,1,100,36.290
1738261489.141911,1395275.000,29135,1,T1,1,100,36.409
1738261489.274917,1395408.000,29170,1,T1,1,100,36.390
1738261489.407922,1395541.000,29186,1,T1,1,100,36.346
1738261489.541928,1395675.000,29203,1,T1,1,100,36.292
1738261489.674933,1395808.000,29220,1,T1,1,100,36.339
1738261489.807939,1395941.000,29252,1,T1,1,100,36.359
1738261489.941944,1396075.000,29270,1,T1,1,100,36.226
1738261490.074950,1396208.000,29286,1,T1,1,100,36.275
1738261490.207955,1396341.000,29319,1,T1,1,100,36.296
1738261490.341961,1396475.000,29338,1,T1,1,100,36.270
1738261490.474966,1396608.000,29354,1,T1,1,100,36.259
1738261490.607972,1396741.000,29389,1,T1,1,100,36.360
1738261490.741977,1396875.000,29406,1,T1,1,100,36.333
1738261490.874983,1397008.000,29422,1,T1,1,100,36.392
1738261491.007988,1397141.000,29455,1,T1,1,100,36.312
1738261491.141994,1397275.000,29472,1,T1,1,100,36.277
1738261491.274999,1397408.000,29494,1,T1,1,100,36.262
1738261491.408005,1397541.000,29511,1,T1,1,100,36.361
1738261491.542010,1397675.000,29544,1,T1,1,100,36.298
1738261491.675016,1397808.000,29560,1,T1,1,100,36.342
1738261491.808021,1397941.000,29579,1,T1,1,100,36.325
1738261491.941027,1398074.000,29612,1,T1,1,100,36.283
1738261492.075032,1398208.000,29628,1,T1,1,100,36.158
1738261492.208038,1398341.000,29645,1,T1,1,100,36.246
1738261492.341043,1398474.000,29678,1,T1,1,100,36.248
1738261492.475049,1398608.000,29694,1,T1,1,100,36.285
1738261492.608054,1398741.000,29712,1,T1,1,100,36.230
1738261492.741060,1398874.000,29728,1,T1,1,100,36.312
1738261492.875065,1399008.000,29760,1,T1,1,100,36.277
1738261493.008071,1399141.000,29780,1,T1,1,100,36.297
1738261493.141076,1399274.000,29796,1,T1,1,100,36.199
1738261493.275082,1399408.000,29829,1,T1,1,100,36.193
1738261493.408087,1399541.000,29846,1,T1,1,100,36.261
1738261493.541093,1399674.000,29862,1,T1,1,100,36.290
1738261493.675098,1399808.000,29895,1,T1,1,100,36.374
1738261493.808104,1399941.000,29912,1,T1,1,100,36.339
1738261493.941109,1400074.000,29931,1,T1,1,100,36.218
1738261494.075115,1400208.000,29963,1,T1,1,100,36.236
1738261494.208120,1400341.000,29980,1,T1,1,100,36.279
1738261494.341126,1400474.000,29997,1,T1,1,100,36.263
1738261494.475131,1400608.000,30029,1,T1,1,100,36.220
1738261494.608137,1400741.000,30047,1,T1,1,100,36.343
1738261494.741142,1400874.000,30063,1,T1,1,100,36.326
1738261494.875148,1401008.000,30080,1,T1,1,100,36.354
1738261495.008153,1401141.000,30113,1,T1,1,100,36.259
1738261495.141159,1401274.000,30129,1,T1,1,100,36.219
1738261495.274164,1401407.000,30146,1,T1,1,100,36.272
1738261495.408170,1401541.000,30181,1,T1,1,100,36.259
1738261495.541175,1401674.000,30197,1,T1,1,100,36.148
1738261495.674181,1401807.000,30215,1,T1,1,100,36.277
1738261495.808186,1401941.000,30249,1,T1,1,100,36.332
1738261495.941192,1402074.000,30266,1,T1,1,100,36.463
1738261496.074197,1402207.000,30283,1,T1,1,100,36.413
1738261496.208203,1402341.000,30316,1,T1,1,100,36.285
1738261496.341208,1402474.000,30332,1,T1,1,100,36.265
1738261496.474214,1402607.000,30354,1,T1,1,100,36.327
1738261496.608219,1402741.000,30387,1,T1,1,100,36.319
1738261496.741225,1402874.000,30403,1,T1,1,100,36.280
1738261496.874230,1403007.000,30420,1,T1,1,100,36.298
1738261497.008236,1403141.000,30437,1,T1,1,100,36.377
1738261497.141242,1403274.000,30469,1,T1,1,100,36.376
1738261497.274247,1403407.000,30487,1,T1,1,100,36.340
1738261497.408252,1403541.000,30503,1,T1,1,100,36.395
1738261497.541258,1403674.000,30536,1,T1,1,100,36.348
1738261497.674263,1403807.000,30555,1,T1,1,100,36.222
1738261497.808269,1403941.000,30571,1,T1,1,100,36.344
1738261497.941274,1404074.000,30604,1,T1,1,100,36.255
1738261498.074280,1404207.000,30621,1,T1,1,100,36.359
1738261498.208286,1404341.000,30637,1,T1,1,100,36.403
1738261498.341291,1404474.000,30670,1,T1,1,100,36.423
1738261498.474297,1404607.000,30687,1,T1,1,100,36.431
1738261498.607302,1404740.000,30704,1,T1,1,100,36.399
1738261498.741307,1404874.000,30738,1,T1,1,100,36.244
1738261498.874313,1405007.000,30755,1,T1,1,100,36.283
1738261499.007318,1405140.000,30772,1,T1,1,100,36.371
1738261499.141324,1405274.000,30789,1,T1,1,100,36.338
1738261499.274330,1405407.000,30822,1,T1,1,100,36.430
1738261499.408335,1405541.000,30838,1,T1,1,100,36.257
1738261499.541341,1405674.000,30855,1,T1,1,100,36.253
1738261499.674346,1405807.000,30888,1,T1,1,100,36.358
1738261499.807352,1405940.000,30904,1,T1,1,100,36.297
1738261499.941357,1406074.000,30924,1,T1,1,100,36.270
1738261500.074363,1406207.000,30956,1,T1,1,100,36.365
1738261500.207368,1406340.000,30972,1,T1,1,100,36.264
1738261500.341374,1406474.000,30992,1,T1,1,100,36.398
1738261500.474379,1406607.000,31024,1,T1,1,100,36.279
1738261500.607385,1406740.000,31041,1,T1,1,100,36.298
1738261500.741390,1406874.000,31058,1,T1,1,100,36.200
1738261500.874396,1407007.000,31074,1,T1,1,100,36.264
1738261501.007401,1407140.000,31107,1,T1,1,100,36.291
1738261501.141407,1407274.000,31126,1,T1,1,100,36.303
1738261501.274412,1407407.000,31143,1,T1,1,100,36.202
1738261501.407418,1407540.000,31175,1,T1,1,100,36.300
1738261501.541423,1407674.000,31197,1,T1,1,100,36.307
1738261501.674429,1407807.000,31214,1,T1,1,100,36.275
1738261501.807434,1407940.000,31246,1,T1,1,100,36.296
1738261501.941440,1408074.000,31264,1,T1,1,100,36.270
1738261502.074445,1408207.000,31280,1,T1,1,100,36.365
1738261502.207451,1408340.000,31313,1,T1,1,100,36.371
1738261502.341456,1408474.000,31330,1,T1,1,100,36.409
1738261502.474462,1408607.000,31348,1,T1,1,100,36.390
1738261502.607467,1408740.000,31381,1,T1,1,100,36.381
1738261502.740473,1408873.000,31398,1,T1,1,100,36.378
1738261502.874478,1409007.000,31414,1,T1,1,100,36.341
1738261503.007484,1409140.000,31447,1,T1,1,100,36.325
1738261503.140489,1409273.000,31464,1,T1,1,100,36.389
1738261503.274495,1409407.000,31481,1,T1,1,100,36.310
1738261503.407500,1409540.000,31498,1,T1,1,100,36.311
1738261503.540506,1409673.000,31531,1,T1,1,100,36.277
1738261503.674511,1409807.000,31547,1,T1,1,100,36.261
1738261503.807517,1409940.000,31566,1,T1,1,100,36.255
1738261503.940522,1410073.000,31599,1,T1,1,100,36.252
1738261504.074528,1410207.000,31615,1,T1,1,100,36.322
1738261504.207533,1410340.000,31632,1,T1,1,100,36.210
1738261504.340539,1410473.000,31665,1,T1,1,100,36.233
1738261504.474544,1410607.000,31681,1,T1,1,100,36.349
1738261504.607550,1410740.000,31699,1,T1,1,100,36.364
1738261504.740555,1410873.000,31731,1,T1,1,100,36.406
1738261504.874561,1411007.000,31747,1,T1,1,100,36.317
1738261505.007566,1411140.000,31767,1,T1,1,100,36.385
1738261505.140572,1411273.000,31783,1,T1,1,100,36.450
1738261505.274577,1411407.000,31816,1,T1,1,100,36.337
1738261505.407583,1411540.000,31835,1,T1,1,100,36.358
1738261505.540588,1411673.000,31851,1,T1,1,100,36.368
1738261505.674594,1411807.000,31884,1,T1,1,100,36.443
1738261505.807599,1411940.000,31901,1,T1,1,100,36.475
1738261505.940605,1412073.000,31918,1,T1,1,100,36.383
1738261506.073610,1412206.000,31950,1,T1,1,100,36.201
1738261506.207616,1412340.000,31969,1,T1,1,100,36.229
1738261506.340621,1412473.000,31986,1,T1,1,100,36.347
1738261506.473627,1412606.000,32018,1,T1,1,100,36.363
1738261506.607632,1412740.000,32041,1,T1,1,100,36.405
1738261506.740638,1412873.000,32057,1,T1,1,100,36.282
1738261506.873643,1413006.000,32074,1,T1,1,100,36.335
1738261507.007649,1413140.000,32107,1,T1,1,100,36.322
1738261507.140655,1413273.000,32123,1,T1,1,100,36.281
1738261507.273660,1413406.000,32141,1,T1,1,100,36.334
1738261507.407665,1413540.000,32157,1,T1,1,100,36.393
1738261507.540671,1413673.000,32191,1,T1,1,100,36.347
1738261507.673676,1413806.000,32209,1,T1,1,100,36.469
1738261507.807682,1413940.000,32225,1,T1,1,100,36.309
1738261507.940687,1414073.000,32258,1,T1,1,100,36.311
1738261508.073693,1414206.000,32275,1,T1,1,100,36.241
1738261508.207699,1414340.000,32291,1,T1,1,100,36.388
1738261508.340704,1414473.000,32324,1,T1,1,100,36.452
1738261508.473710,1414606.000,32341,1,T1,1,100,36.302
1738261508.607715,1414740.000,32358,1,T1,1,100,36.343
1738261508.740721,1414873.000,32392,1,T1,1,100,36.326
1738261508.873726,1415006.000,32409,1,T1,1,100,36.318
1738261509.006732,1415139.000,32426,1,T1,1,100,36.350
1738261509.140737,1415273.000,32458,1,T1,1,100,36.400
1738261509.273743,1415406.000,32476,1,T1,1,100,36.350
1738261509.406748,1415539.000,32492,1,T1,1,100,36.258
1738261509.540754,1415673.000,32509,1,T1,1,100,36.360
1738261509.673759,1415806.000,32542,1,T1,1,100,36.404
1738261509.806765,1415939.000,32560,1,T1,1,100,36.317
1738261509.940770,1416073.000,32580,1,T1,1,100,36.385
1738261510.073776,1416206.000,32612,1,T1,1,100,36.344
1738261510.206781,1416339.000,32628,1,T1,1,100,36.184
1738261510.340787,1416473.000,32648,1,T1,1,100,36.292
1738261510.473792,1416606.000,32680,1,T1,1,100,36.268
1738261510.606798,1416739.000,32697,1,T1,1,100,36.258
1738261510.740803,1416873.000,32714,1,T1,1,100,36.324
1738261510.873809,1417006.000,32747,1,T1,1,100,36.247
1738261511.006814,1417139.000,32763,1,T1,1,100,36.284
1738261511.140820,1417273.000,32780,1,T1,1,100,36.300
1738261511.273825,1417406.000,32796,1,T1,1,100,36.307
1738261511.406831,1417539.000,32829,1,T1,1,100,36.346
1738261511.540836,1417673.000,32846,1,T1,1,100,36.327
1738261511.673842,1417806.000,32863,1,T1,1,100,36.390
1738261511.806847,1417939.000,32887,1,T1,1,100,36.417
1738261511.940853,1418073.000,32905,1,T1,1,100,36.464
1738261512.073858,1418206.000,32937,1,T1,1,100,36.414
1738261512.206864,1418339.000,32953,1,T1,1,100,36.356
1738261512.339869,1418472.000,32971,1,T1,1,100,36.260
1738261512.473875,1418606.000,32987,1,T1,1,100,36.255
1738261512.606880,1418739.000,33020,1,T1,1,100,36.358
1738261512.740886,1418873.000,33037,1,T1,1,100,36.403
1738261512.873891,1419006.000,33055,1,T1,1,100,36.529
1738261513.006897,1419139.000,33088,1,T1,1,100,36.406
1738261513.140902,1419273.000,33105,1,T1,1,100,36.353
1738261513.273908,1419406.000,33122,1,T1,1,100,36.401
1738261513.406913,1419539.000,33154,1,T1,1,100,36.422
1738261513.539919,1419672.000,33171,1,T1,1,100,36.289
1738261513.673924,1419806.000,33188,1,T1,1,100,36.373
1738261513.806930,1419939.000,33222,1,T1,1,100,36.339
1738261513.939935,1420072.000,33240,1,T1,1,100,36.395
1738261514.073941,1420206.000,33256,1,T1,1,100,36.348
1738261514.206946,1420339.000,33289,1,T1,1,100,36.292
1738261514.339952,1420472.000,33306,1,T1,1,100,36.375
1738261514.473957,1420606.000,33322,1,T1,1,100,36.304
1738261514.606963,1420739.000,33339,1,T1,1,100,36.309
1738261514.739968,1420872.000,33372,1,T1,1,100,36.205
1738261514.873974,1421006.000,33388,1,T1,1,100,36.266
1738261515.006979,1421139.000,33406,1,T1,1,100,36.399
1738261515.139985,1421272.000,33440,1,T1,1,100,36.421
1738261515.273990,1421406.000,33457,1,T1,1,100,36.501
1738261515.406996,1421539.000,33476,1,T1,1,100,36.430
1738261515.540001,1421672.000,33509,1,T1,1,100,36.363
1738261515.673007,1421805.000,33525,1,T1,1,100,36.334
1738261515.807012,1421939.000,33542,1,T1,1,100,36.287
1738261515.940018,1422072.000,33575,1,T1,1,100,36.337
1738261516.073023,1422205.000,33591,1,T1,1,100,36.358
1738261516.207029,1422339.000,33608,1,T1,1,100,36.332
1738261516.340034,1422472.000,33643,1,T1,1,100,36.321
1738261516.473040,1422605.000,33659,1,T1,1,100,36.352
1738261516.607045,1422739.000,33677,1,T1,1,100,36.294
1738261516.740051,1422872.000,33693,1,T1,1,100,36.269
1738261516.873056,1423005.000,33730,1,T1,1,100,36.258
1738261517.007062,1423139.000,33746,1,T1,1,100,36.324
1738261517.140068,1423272.000,33763,1,T1,1,100,36.353
1738261517.273073,1423405.000,33780,1,T1,1,100,36.259
1738261517.407079,1423539.000,33812,1,T1,1,100,36.325
1738261517.540084,1423672.000,33831,1,T1,1,100,36.318
1738261517.673090,1423805.000,33848,1,T1,1,100,36.315
1738261517.807095,1423939.000,33880,1,T1,1,100,36.314
1738261517.940100,1424072.000,33898,1,T1,1,100,36.384
1738261518.073106,1424205.000,33914,1,T1,1,100,36.308
1738261518.207112,1424339.000,33931,1,T1,1,100,36.311
1738261518.340117,1424472.000,33964,1,T1,1,100,36.347
1738261518.473123,1424605.000,33980,1,T1,1,100,36.363
1738261518.607128,1424739.000,33998,1,T1,1,100,36.405
1738261518.740134,1424872.000,34030,1,T1,1,100,36.424
1738261518.873139,1425005.000,34048,1,T1,1,100,36.254
1738261519.007145,1425139.000,34066,1,T1,1,100,36.394
1738261519.140150,1425272.000,34098,1,T1,1,100,36.419
1738261519.273156,1425405.000,34115,1,T1,1,100,36.394
1738261519.406161,1425538.000,34132,1,T1,1,100,36.525
1738261519.540167,1425672.000,34165,1,T1,1,100,36.369
1738261519.673172,1425805.000,34181,1,T1,1,100,36.408
1738261519.806178,1425938.000,34198,1,T1,1,100,36.318
1738261519.940183,1426072.000,34214,1,T1,1,100,36.315
1738261520.073189,1426205.000,34247,1,T1,1,100,36.243
1738261520.206194,1426338.000,34266,1,T1,1,100,36.318
1738261520.340200,1426472.000,34285,1,T1,1,100,36.279
1738261520.473205,1426605.000,34317,1,T1,1,100,36.369
1738261520.606211,1426738.000,34335,1,T1,1,100,36.337
1738261520.740216,1426872.000,34351,1,T1,1,100,36.323
1738261520.873222,1427005.000,34384,1,T1,1,100,36.353
1738261521.006227,1427138.000,34401,1,T1,1,100,36.330
1738261521.140233,1427272.000,34417,1,T1,1,100,36.391
1738261521.273238,1427405.000,34452,1,T1,1,100,36.382
1738261521.406244,1427538.000,34469,1,T1,1,100,36.413
1738261521.540249,1427672.000,34485,1,T1,1,100,36.427
1738261521.673255,1427805.000,34503,1,T1,1,100,36.398
1738261521.806260,1427938.000,34535,1,T1,1,100,36.420
1738261521.940266,1428072.000,34552,1,T1,1,100,36.359
1738261522.073271,1428205.000,34576,1,T1,1,100,36.368
1738261522.206277,1428338.000,34592,1,T1,1,100,36.301
1738261522.339282,1428471.000,34625,1,T1,1,100,36.343
1738261522.473288,1428605.000,34642,1,T1,1,100,36.397
1738261522.606293,1428738.000,34661,1,T1,1,100,36.313
1738261522.739299,1428871.000,34693,1,T1,1,100,36.207
1738261522.873304,1429005.000,34710,1,T1,1,100,36.231
1738261523.006310,1429138.000,34727,1,T1,1,100,36.384
1738261523.139315,1429271.000,34744,1,T1,1,100,36.379
1738261523.273321,1429405.000,34777,1,T1,1,100,36.306
1738261523.406326,1429538.000,34793,1,T1,1,100,36.274
1738261523.539332,1429671.000,34812,1,T1,1,100,36.190
1738261523.673337,1429805.000,34845,1,T1,1,100,36.295
1738261523.806343,1429938.000,34861,1,T1,1,100,36.340
1738261523.939348,1430071.000,34879,1,T1,1,100,36.325
1738261524.073354,1430205.000,34911,1,T1,1,100,36.318
1738261524.206359,1430338.000,34927,1,T1,1,100,36.386
1738261524.339365,1430471.000,34945,1,T1,1,100,36.309
1738261524.473370,1430605.000,34977,1,T1,1,100,36.346
1738261524.606376,1430738.000,34994,1,T1,1,100,36.292
1738261524.739381,1430871.000,35011,1,T1,1,100,36.374
1738261524.873387,1431005.000,35046,1,T1,1,100,36.446
1738261525.006392,1431138.000,35062,1,T1,1,100,36.406
1738261525.139398,1431271.000,35079,1,T1,1,100,36.424
1738261525.273403,1431405.000,35114,1,T1,1,100,36.361
1738261525.406409,1431538.000,35130,1,T1,1,100,36.404
1738261525.539414,1431671.000,35147,1,T1,1,100,36.423
1738261525.672420,1431804.000,35166,1,T1,1,100,36.254
1738261525.806425,1431938.000,35198,1,T1,1,100,36.287
1738261525.939431,1432071.000,35216,1,T1,1,100,36.231
1738261526.072436,1432204.000,35232,1,T1,1,100,36.242
1738261526.206442,1432338.000,35265,1,T1,1,100,36.282
1738261526.339447,1432471.000,35282,1,T1,1,100,36.406
1738261526.472453,1432604.000,35298,1,T1,1,100,36.317
1738261526.606458,1432738.000,35331,1,T1,1,100,36.350
1738261526.739464,1432871.000,35348,1,T1,1,100,36.329
1738261526.872469,1433004.000,35364,1,T1,1,100,36.390
1738261527.006475,1433138.000,35397,1,T1,1,100,36.346
1738261527.139481,1433271.000,35419,1,T1,1,100,36.292
1738261527.272486,1433404.000,35436,1,T1,1,100,36.374
1738261527.406492,1433538.000,35453,1,T1,1,100,36.339
1738261527.539497,1433671.000,35469,1,T1,1,100,36.360
1738261527.672503,1433804.000,35502,1,T1,1,100,36.368
1738261527.806508,1433938.000,35521,1,T1,1,100,36.372
1738261527.939513,1434071.000,35538,1,T1,1,100,36.409
1738261528.072519,1434204.000,35570,1,T1,1,100,36.354
1738261528.206525,1434338.000,35587,1,T1,1,100,36.331
1738261528.339530,1434471.000,35604,1,T1,1,100,36.285
1738261528.472536,1434604.000,35636,1,T1,1,100,36.371
1738261528.606541,1434738.000,35654,1,T1,1,100,36.444
1738261528.739547,1434871.000,35670,1,T1,1,100,36.370
1738261528.872552,1435004.000,35689,1,T1,1,100,36.337
1738261529.006558,1435138.000,35722,1,T1,1,100,36.394
1738261529.139563,1435271.000,35738,1,T1,1,100,36.419
1738261529.272569,1435404.000,35756,1,T1,1,100,36.394
1738261529.405574,1435537.000,35788,1,T1,1,100,36.348
1738261529.539580,1435671.000,35804,1,T1,1,100,36.257
1738261529.672585,1435804.000,35822,1,T1,1,100,36.288
1738261529.805591,1435937.000,35854,1,T1,1,100,36.373
1738261529.939596,1436071.000,35871,1,T1,1,100,36.374
1738261530.072602,1436204.000,35888,1,T1,1,100,36.375
1738261530.205607,1436337.000,35923,1,T1,1,100,36.339
1738261530.339613,1436471.000,35941,1,T1,1,100,36.324
1738261530.472618,1436604.000,35958,1,T1,1,100,36.388
1738261530.605624,1436737.000,35991,1,T1,1,100,36.345
1738261530.739629,1436871.000,36007,1,T1,1,100,36.327
1738261530.872635,1437004.000,36024,1,T1,1,100,36.319
1738261531.005640,1437137.000,36041,1,T1,1,100,36.386
1738261531.139646,1437271.000,36073,1,T1,1,100,36.344
1738261531.272651,1437404.000,36091,1,T1,1,100,36.291
1738261531.405657,1437537.000,36107,1,T1,1,100,36.268
1738261531.539662,1437671.000,36140,1,T1,1,100,36.364
1738261531.672668,1437804.000,36157,1,T1,1,100,36.370
1738261531.805673,1437937.000,36173,1,T1,1,100,36.231
1738261531.938679,1438070.000,36206,1,T1,1,100,36.313
1738261532.072684,1438204.000,36223,1,T1,1,100,36.242
1738261532.205690,1438337.000,36239,1,T1,1,100,36.282
1738261532.338695,1438470.000,36262,1,T1,1,100,36.299
1738261532.472701,1438604.000,36294,1,T1,1,100,36.342
1738261532.605706,1438737.000,36313,1,T1,1,100,36.396
1738261532.738712,1438870.000,36330,1,T1,1,100,36.420
1738261532.872717,1439004.000,36346,1,T1,1,100,36.394
1738261533.005723,1439137.000,36379,1,T1,1,100,36.348
1738261533.138728,1439270.000,36396,1,T1,1,100,36.328
1738261533.272734,1439404.000,36413,1,T1,1,100,36.319
1738261533.405739,1439537.000,36445,1,T1,1,100,36.315
1738261533.538745,1439670.000,36462,1,T1,1,100,36.349
1738261533.672750,1439804.000,36479,1,T1,1,100,36.328
1738261533.805756,1439937.000,36511,1,T1,1,100,36.248
1738261533.938761,1440070.000,36531,1,T1,1,100,36.320
1738261534.072767,1440204.000,36547,1,T1,1,100,36.422
1738261534.205772,1440337.000,36580,1,T1,1,100,36.325
1738261534.338778,1440470.000,36597,1,T1,1,100,36.389
1738261534.472783,1440604.000,36613,1,T1,1,100,36.345
1738261534.605789,1440737.000,36646,1,T1,1,100,36.469
1738261534.738794,1440870.000,36663,1,T1,1,100,36.451
1738261534.872800,1441004.000,36679,1,T1,1,100,36.408
1738261535.005805,1441137.000,36697,1,T1,1,100,36.425
1738261535.138811,1441270.000,36731,1,T1,1,100,36.326
1738261535.271816,1441403.000,36748,1,T1,1,100,36.283
1738261535.405822,1441537.000,36767,1,T1,1,100,36.406
1738261535.538827,1441670.000,36800,1,T1,1,100,36.282
1738261535.671833,1441803.000,36816,1,T1,1,100,36.335
1738261535.805838,1441937.000,36833,1,T1,1,100,36.393
1738261535.938844,1442070.000,36866,1,T1,1,100,36.489
1738261536.071849,1442203.000,36882,1,T1,1,100,36.389
1738261536.205855,1442337.000,36899,1,T1,1,100,36.346
1738261536.338861,1442470.000,36934,1,T1,1,100,36.327
1738261536.471866,1442603.000,36950,1,T1,1,100,36.283
1738261536.605871,1442737.000,36968,1,T1,1,100,36.406
1738261536.738877,1442870.000,37000,1,T1,1,100,36.318
1738261536.871882,1443003.000,37016,1,T1,1,100,36.350
1738261537.005888,1443137.000,37034,1,T1,1,100,36.400
1738261537.138894,1443270.000,37050,1,T1,1,100,36.386
1738261537.271899,1443403.000,37083,1,T1,1,100,36.451
1738261537.405905,1443537.000,37107,1,T1,1,100,36.479
1738261537.538910,1443670.000,37123,1,T1,1,100,36.384
1738261537.671916,1443803.000,37141,1,T1,1,100,36.415
1738261537.805921,1443937.000,37173,1,T1,1,100,36.428
1738261537.938926,1444070.000,37190,1,T1,1,100,36.398
1738261538.071932,1444203.000,37207,1,T1,1,100,36.456
1738261538.205938,1444337.000,37240,1,T1,1,100,36.374
1738261538.338943,1444470.000,37256,1,T1,1,100,36.446
1738261538.471949,1444603.000,37275,1,T1,1,100,36.477
1738261538.604954,1444736.000,37291,1,T1,1,100,36.383
1738261538.738960,1444870.000,37324,1,T1,1,100,36.308
1738261538.871965,1445003.000,37341,1,T1,1,100,36.169
1738261539.004971,1445136.000,37358,1,T1,1,100,36.357
1738261539.138976,1445270.000,37390,1,T1,1,100,36.367
1738261539.271982,1445403.000,37408,1,T1,1,100,36.407
1738261539.404987,1445536.000,37424,1,T1,1,100,36.424
1738261539.538993,1445670.000,37457,1,T1,1,100,36.396
1738261539.671998,1445803.000,37474,1,T1,1,100,36.455
1738261539.805004,1445936.000,37490,1,T1,1,100,36.445
1738261539.939009,1446070.000,37523,1,T1,1,100,36.264
1738261540.072015,1446203.000,37540,1,T1,1,100,36.256
1738261540.205020,1446336.000,37558,1,T1,1,100,36.394
1738261540.339026,1446470.000,37593,1,T1,1,100,36.419
1738261540.472031,1446603.000,37610,1,T1,1,100,36.500
1738261540.605037,1446736.000,37627,1,T1,1,100,36.429
1738261540.739042,1446870.000,37644,1,T1,1,100,36.363
1738261540.872048,1447003.000,37676,1,T1,1,100,36.441
1738261541.005053,1447136.000,37693,1,T1,1,100,36.403
1738261541.139059,1447270.000,37712,1,T1,1,100,36.316
1738261541.272064,1447403.000,37745,1,T1,1,100,36.350
1738261541.405070,1447536.000,37761,1,T1,1,100,36.399
1738261541.539075,1447670.000,37778,1,T1,1,100,36.563
1738261541.672081,1447803.000,37811,1,T1,1,100,36.421
1738261541.805086,1447936.000,37827,1,T1,1,100,36.430
1738261541.938092,1448069.000,37845,1,T1,1,100,36.470
1738261542.072097,1448203.000,37877,1,T1,1,100,36.416
1738261542.205103,1448336.000,37895,1,T1,1,100,36.393
1738261542.338108,1448469.000,37913,1,T1,1,100,36.383
1738261542.471614,1448602.500,37951,2,T1,1,100,36.414
1738261542.605119,1448736.000,37951,2,T1,1,100,36.534
1738261542.739125,1448870.000,37983,1,T1,1,100,36.444
1738261542.872130,1449003.000,37999,1,T1,1,100,36.440
1738261543.005136,1449136.000,38017,1,T1,1,100,36.403
1738261543.138141,1449269.000,38049,1,T1,1,100,36.423
1738261543.272147,1449403.000,38066,1,T1,1,100,36.396
1738261543.405152,1449536.000,38083,1,T1,1,100,36.419
1738261543.538158,1449669.000,38118,1,T1,1,100,36.394
1738261543.672163,1449803.000,38134,1,T1,1,100,36.383
1738261543.805169,1449936.000,38151,1,T1,1,100,36.308
1738261543.938174,1450069.000,38184,1,T1,1,100,36.346
1738261544.072180,1450203.000,38200,1,T1,1,100,36.504
1738261544.205185,1450336.000,38217,1,T1,1,100,36.466
1738261544.338191,1450469.000,38234,1,T1,1,100,36.379
1738261544.472196,1450603.000,38266,1,T1,1,100,36.412
1738261544.605202,1450736.000,38284,1,T1,1,100,36.462
1738261544.738207,1450869.000,38300,1,T1,1,100,36.448
1738261544.872213,1451003.000,38335,1,T1,1,100,36.478
1738261545.005219,1451136.000,38352,1,T1,1,100,36.348
1738261545.138224,1451269.000,38368,1,T1,1,100,36.364
1738261545.271230,1451402.000,38403,1,T1,1,100,36.512
1738261545.405235,1451536.000,38420,1,T1,1,100,36.470
1738261545.538240,1451669.000,38436,1,T1,1,100,36.416
1738261545.671246,1451802.000,38469,1,T1,1,100,36.428
1738261545.805251,1451936.000,38486,1,T1,1,100,36.433
1738261545.938257,1452069.000,38503,1,T1,1,100,36.365
1738261546.071262,1452202.000,38537,1,T1,1,100,36.335
1738261546.205268,1452336.000,38554,1,T1,1,100,36.358
1738261546.338274,1452469.000,38571,1,T1,1,100,36.403
1738261546.472279,1452603.000,38588,1,T1,1,100,36.352
1738261546.605284,1452736.000,38621,1,T1,1,100,36.400
1738261546.738290,1452869.000,38637,1,T1,1,100,36.386
1738261546.871295,1453002.000,38654,1,T1,1,100,36.344
1738261547.005301,1453136.000,38687,1,T1,1,100,36.326
1738261547.138307,1453269.000,38703,1,T1,1,100,36.283
1738261547.271312,1453402.000,38723,1,T1,1,100,36.442
1738261547.405318,1453536.000,38755,1,T1,1,100,36.404
1738261547.538323,1453669.000,38771,1,T1,1,100,36.387
1738261547.671329,1453802.000,38794,1,T1,1,100,36.416
1738261547.805334,1453936.000,38810,1,T1,1,100,36.428
1738261547.938339,1454069.000,38827,1,T1,1,100,36.469
1738261548.071345,1454202.000,38860,1,T1,1,100,36.380
1738261548.205351,1454336.000,38876,1,T1,1,100,36.448
1738261548.338356,1454469.000,38894,1,T1,1,100,36.584
1738261548.471362,1454602.000,38926,1,T1,1,100,36.501
1738261548.605367,1454736.000,38945,1,T1,1,100,36.359
1738261548.738373,1454869.000,38962,1,T1,1,100,36.403
1738261548.871378,1455002.000,38995,1,T1,1,100,36.352
1738261549.004384,1455135.000,39011,1,T1,1,100,36.330
1738261549.138389,1455269.000,39028,1,T1,1,100,36.355
1738261549.271395,1455402.000,39061,1,T1,1,100,36.296
1738261549.404400,1455535.000,39077,1,T1,1,100,36.376
1738261549.538406,1455669.000,39094,1,T1,1,100,36.446
1738261549.671411,1455802.000,39129,1,T1,1,100,36.335
1738261549.804417,1455935.000,39145,1,T1,1,100,36.358
1738261549.938422,1456069.000,39163,1,T1,1,100,36.368
1738261550.071428,1456202.000,39179,1,T1,1,100,36.301
1738261550.204433,1456335.000,39212,1,T1,1,100,36.414
1738261550.338439,1456469.000,39231,1,T1,1,100,36.427
1738261550.471444,1456602.000,39247,1,T1,1,100,36.433
1738261550.604450,1456735.000,39280,1,T1,1,100,36.365
1738261550.738455,1456869.000,39297,1,T1,1,100,36.371
1738261550.871461,1457002.000,39313,1,T1,1,100,36.515
1738261551.004466,1457135.000,39346,1,T1,1,100,36.436
1738261551.138472,1457269.000,39363,1,T1,1,100,36.295
1738261551.271477,1457402.000,39380,1,T1,1,100,36.376
1738261551.404483,1457535.000,39412,1,T1,1,100,36.411
1738261551.538488,1457669.000,39429,1,T1,1,100,36.390
1738261551.671494,1457802.000,39446,1,T1,1,100,36.169
1738261551.804499,1457935.000,39478,1,T1,1,100,36.321
1738261551.938505,1458069.000,39496,1,T1,1,100,36.423
1738261552.071510,1458202.000,39512,1,T1,1,100,36.289
1738261552.204516,1458335.000,39531,1,T1,1,100,36.373
1738261552.337521,1458468.000,39564,1,T1,1,100,36.410
1738261552.471527,1458602.000,39580,1,T1,1,100,36.461
1738261552.604532,1458735.000,39598,1,T1,1,100,36.377
1738261552.737538,1458868.000,39635,1,T1,1,100,36.340
1738261552.871543,1459002.000,39652,1,T1,1,100,36.395
1738261553.004549,1459135.000,39669,1,T1,1,100,36.419
1738261553.137554,1459268.000,39685,1,T1,1,100,36.359
1738261553.271560,1459402.000,39720,1,T1,1,100,36.439
1738261553.404565,1459535.000,39737,1,T1,1,100,36.367
1738261553.537571,1459668.000,39753,1,T1,1,100,36.336
1738261553.671576,1459802.000,39786,1,T1,1,100,36.429
1738261553.804582,1459935.000,39803,1,T1,1,100,36.469
1738261553.937587,1460068.000,39820,1,T1,1,100,36.345
1738261554.071593,1460202.000,39837,1,T1,1,100,36.397
1738261554.204598,1460335.000,39872,1,T1,1,100,36.420
1738261554.337604,1460468.000,39888,1,T1,1,100,36.430
1738261554.471609,1460602.000,39905,1,T1,1,100,36.470
1738261554.604615,1460735.000,39938,1,T1,1,100,36.381
1738261554.737620,1460868.000,39954,1,T1,1,100,36.271
1738261554.871626,1461002.000,39971,1,T1,1,100,36.401
1738261555.004632,1461135.000,40004,1,T1,1,100,36.457
1738261555.137637,1461268.000,40020,1,T1,1,100,36.304
1738261555.271642,1461402.000,40038,1,T1,1,100,36.380
1738261555.404648,1461535.000,40072,1,T1,1,100,36.413
1738261555.537653,1461668.000,40088,1,T1,1,100,36.498
1738261555.670659,1461801.000,40106,1,T1,1,100,36.499
1738261555.804664,1461935.000,40138,1,T1,1,100,36.464
1738261555.937670,1462068.000,40155,1,T1,1,100,36.414
1738261556.070675,1462201.000,40172,1,T1,1,100,36.321
1738261556.204681,1462335.000,40188,1,T1,1,100,36.352
1738261556.337687,1462468.000,40221,1,T1,1,100,36.436
1738261556.471692,1462602.000,40238,1,T1,1,100,36.437
1738261556.604697,1462735.000,40255,1,T1,1,100,36.508
1738261556.737703,1462868.000,40289,1,T1,1,100,36.362
1738261556.870708,1463001.000,40306,1,T1,1,100,36.369
1738261557.004714,1463135.000,40323,1,T1,1,100,36.443
1738261557.137720,1463268.000,40355,1,T1,1,100,36.369
1738261557.270725,1463401.000,40373,1,T1,1,100,36.372
1738261557.404731,1463535.000,40389,1,T1,1,100,36.409
1738261557.537736,1463668.000,40422,1,T1,1,100,36.425
1738261557.670742,1463801.000,40439,1,T1,1,100,36.432
1738261557.804747,1463935.000,40455,1,T1,1,100,36.435
1738261557.937752,1464068.000,40478,1,T1,1,100,36.401
1738261558.070758,1464201.000,40494,1,T1,1,100,36.422
1738261558.204764,1464335.000,40527,1,T1,1,100,36.431
1738261558.337769,1464468.000,40544,1,T1,1,100,36.435
1738261558.470775,1464601.000,40560,1,T1,1,100,36.401
1738261558.603780,1464734.000,40593,1,T1,1,100,36.457
1738261558.737786,1464868.000,40610,1,T1,1,100,36.446
1738261558.870791,1465001.000,40628,1,T1,1,100,36.441
1738261559.003797,1465134.000,40661,1,T1,1,100,36.439
1738261559.137802,1465268.000,40678,1,T1,1,100,36.403
1738261559.270808,1465401.000,40695,1,T1,1,100,36.493
1738261559.403813,1465534.000,40729,1,T1,1,100,36.391
1738261559.537819,1465668.000,40746,1,T1,1,100,36.453
1738261559.670824,1465801.000,40763,1,T1,1,100,36.338
1738261559.803830,1465934.000,40780,1,T1,1,100,36.394
1738261559.937835,1466068.000,40813,1,T1,1,100,36.419
1738261560.070841,1466201.000,40829,1,T1,1,100,36.288
1738261560.203846,1466334.000,40846,1,T1,1,100,36.337
1738261560.337852,1466468.000,40881,1,T1,1,100,36.288
1738261560.470857,1466601.000,40897,1,T1,1,100,36.266
1738261560.603863,1466734.000,40917,1,T1,1,100,36.293
1738261560.737868,1466868.000,40949,1,T1,1,100,36.268
1738261560.870874,1467001.000,40965,1,T1,1,100,36.329
1738261561.003879,1467134.000,40983,1,T1,1,100,36.391
1738261561.137885,1467268.000,41015,1,T1,1,100,36.453
1738261561.270890,1467401.000,41032,1,T1,1,100,36.444
1738261561.403896,1467534.000,41049,1,T1,1,100,36.405
1738261561.537901,1467668.000,41082,1,T1,1,100,36.317
1738261561.670907,1467801.000,41098,1,T1,1,100,36.421
1738261561.803912,1467934.000,41115,1,T1,1,100,36.430
1738261561.937918,1468068.000,41148,1,T1,1,100,36.434
1738261562.070923,1468201.000,41164,1,T1,1,100,36.436
1738261562.203929,1468334.000,41181,1,T1,1,100,36.437
1738261562.336934,1468467.000,41198,1,T1,1,100,36.473
1738261562.470940,1468601.000,41230,1,T1,1,100,36.382
1738261562.603945,1468734.000,41248,1,T1,1,100,36.378
1738261562.736951,1468867.000,41264,1,T1,1,100,36.483
1738261562.870956,1469001.000,41297,1,T1,1,100,36.457
1738261563.003962,1469134.000,41319,1,T1,1,100,36.304
1738261563.136967,1469267.000,41335,1,T1,1,100,36.415
1738261563.270973,1469401.000,41353,1,T1,1,100,36.428
1738261563.403978,1469534.000,41369,1,T1,1,100,36.327
1738261563.536984,1469667.000,41402,1,T1,1,100,36.390
1738261563.670990,1469801.000,41419,1,T1,1,100,36.417
1738261563.803995,1469934.000,41435,1,T1,1,100,36.429
1738261563.937000,1470067.000,41468,1,T1,1,100,36.363
1738261564.071006,1470201.000,41485,1,T1,1,100,36.334
1738261564.204011,1470334.000,41501,1,T1,1,100,36.464
1738261564.337017,1470467.000,41534,1,T1,1,100,36.484
1738261564.471022,1470601.000,41551,1,T1,1,100,36.422
1738261564.604028,1470734.000,41568,1,T1,1,100,36.325
1738261564.737033,1470867.000,41600,1,T1,1,100,36.460
1738261564.871039,1471001.000,41617,1,T1,1,100,36.482
1738261565.004045,1471134.000,41634,1,T1,1,100,36.422
1738261565.137050,1471267.000,41651,1,T1,1,100,36.324
1738261565.271055,1471401.000,41684,1,T1,1,100,36.282
1738261565.404061,1471534.000,41702,1,T1,1,100,36.370
1738261565.537066,1471667.000,41719,1,T1,1,100,36.444
1738261565.670072,1471800.000,41752,1,T1,1,100,36.369
1738261565.804077,1471934.000,41768,1,T1,1,100,36.337
1738261565.937083,1472067.000,41786,1,T1,1,100,36.359
1738261566.070088,1472200.000,41818,1,T1,1,100,36.368
1738261566.204094,1472334.000,41834,1,T1,1,100,36.301
1738261566.337100,1472467.000,41852,1,T1,1,100,36.378
1738261566.470105,1472600.000,41886,1,T1,1,100,36.376
1738261566.604110,1472734.000,41903,1,T1,1,100,36.376
1738261566.737116,1472867.000,41920,1,T1,1,100,36.340
1738261566.870121,1473000.000,41936,1,T1,1,100,36.360
1738261567.004127,1473134.000,41969,1,T1,1,100,36.404
1738261567.137133,1473267.000,41986,1,T1,1,100,36.281
1738261567.270138,1473400.000,42003,1,T1,1,100,36.405
1738261567.404144,1473534.000,42037,1,T1,1,100,36.565
1738261567.537149,1473667.000,42054,1,T1,1,100,36.457
1738261567.670155,1473800.000,42071,1,T1,1,100,36.482
1738261567.804160,1473934.000,42105,1,T1,1,100,36.421
1738261567.937165,1474067.000,42123,1,T1,1,100,36.466
1738261568.070171,1474200.000,42139,1,T1,1,100,36.379
1738261568.204177,1474334.000,42161,1,T1,1,100,36.448
1738261568.337182,1474467.000,42178,1,T1,1,100,36.371
1738261568.470188,1474600.000,42210,1,T1,1,100,36.444
1738261568.603193,1474733.000,42228,1,T1,1,100,36.440
1738261568.737199,1474867.000,42244,1,T1,1,100,36.439
1738261568.870204,1475000.000,42277,1,T1,1,100,36.473
1738261569.003210,1475133.000,42294,1,T1,1,100,36.453
1738261569.137215,1475267.000,42310,1,T1,1,100,36.409
1738261569.270221,1475400.000,42343,1,T1,1,100,36.425
1738261569.403226,1475533.000,42360,1,T1,1,100,36.432
1738261569.537232,1475667.000,42376,1,T1,1,100,36.364
1738261569.670237,1475800.000,42409,1,T1,1,100,36.477
1738261569.803243,1475933.000,42426,1,T1,1,100,36.490
1738261569.937248,1476067.000,42445,1,T1,1,100,36.460
1738261570.070254,1476200.000,42462,1,T1,1,100,36.412
1738261570.203259,1476333.000,42496,1,T1,1,100,36.355
1738261570.337265,1476467.000,42515,1,T1,1,100,36.437
1738261570.470270,1476600.000,42532,1,T1,1,100,36.402
1738261570.603276,1476733.000,42565,1,T1,1,100,36.387
1738261570.737281,1476867.000,42581,1,T1,1,100,36.451
1738261570.870287,1477000.000,42598,1,T1,1,100,36.443
1738261571.003292,1477133.000,42631,1,T1,1,100,36.475
1738261571.137298,1477267.000,42647,1,T1,1,100,36.418
1738261571.270303,1477400.000,42665,1,T1,1,100,36.358
1738261571.403309,1477533.000,42697,1,T1,1,100,36.368
1738261571.537314,1477667.000,42713,1,T1,1,100,36.407
1738261571.670320,1477800.000,42731,1,T1,1,100,36.495
1738261571.803325,1477933.000,42763,1,T1,1,100,36.463
1738261571.937331,1478067.000,42780,1,T1,1,100,36.484
1738261572.070336,1478200.000,42797,1,T1,1,100,36.458
1738261572.203342,1478333.000,42813,1,T1,1,100,36.553
1738261572.336347,1478466.000,42846,1,T1,1,100,36.594
1738261572.470353,1478600.000,42863,1,T1,1,100,36.470
1738261572.603358,1478733.000,42880,1,T1,1,100,36.522
1738261572.736364,1478866.000,42912,1,T1,1,100,36.474
1738261572.870369,1479000.000,42929,1,T1,1,100,36.489
1738261573.003375,1479133.000,42946,1,T1,1,100,36.495
1738261573.136380,1479266.000,42978,1,T1,1,100,36.498
1738261573.270386,1479400.000,43001,1,T1,1,100,36.499
1738261573.403391,1479533.000,43017,1,T1,1,100,36.464
1738261573.536397,1479666.000,43034,1,T1,1,100,36.520
1738261573.670403,1479800.000,43051,1,T1,1,100,36.473
1738261573.803408,1479933.000,43083,1,T1,1,100,36.453
1738261573.936413,1480066.000,43101,1,T1,1,100,36.409
1738261574.070419,1480200.000,43117,1,T1,1,100,36.390
1738261574.203424,1480333.000,43150,1,T1,1,100,36.452
1738261574.336430,1480466.000,43167,1,T1,1,100,36.444
1738261574.470435,1480600.000,43183,1,T1,1,100,36.440
1738261574.603441,1480733.000,43216,1,T1,1,100,36.403
1738261574.736446,1480866.000,43233,1,T1,1,100,36.458
1738261574.870452,1481000.000,43249,1,T1,1,100,36.553
1738261575.003458,1481133.000,43267,1,T1,1,100,36.452
1738261575.136463,1481266.000,43299,1,T1,1,100,36.444
1738261575.269469,1481399.000,43316,1,T1,1,100,36.440
1738261575.403474,1481533.000,43335,1,T1,1,100,36.545
1738261575.536479,1481666.000,43368,1,T1,1,100,36.449
1738261575.669485,1481799.000,43384,1,T1,1,100,36.407
1738261575.803491,1481933.000,43401,1,T1,1,100,36.389
1738261575.936496,1482066.000,43434,1,T1,1,100,36.523
1738261576.069501,1482199.000,43452,1,T1,1,100,36.581
1738261576.203507,1482333.000,43469,1,T1,1,100,36.535
1738261576.336513,1482466.000,43502,1,T1,1,100,36.444
1738261576.469518,1482599.000,43518,1,T1,1,100,36.476
1738261576.603523,1482733.000,43536,1,T1,1,100,36.454
1738261576.736529,1482866.000,43568,1,T1,1,100,36.374
1738261576.869534,1482999.000,43584,1,T1,1,100,36.445
1738261577.003540,1483133.000,43602,1,T1,1,100,36.335
1738261577.136546,1483266.000,43636,1,T1,1,100,36.499
1738261577.269551,1483399.000,43653,1,T1,1,100,36.571
1738261577.403557,1483533.000,43670,1,T1,1,100,36.389
1738261577.536562,1483666.000,43686,1,T1,1,100,36.416
1738261577.669568,1483799.000,43719,1,T1,1,100,36.322
1738261577.803573,1483933.000,43736,1,T1,1,100,36.458
1738261577.936579,1484066.000,43753,1,T1,1,100,36.447
1738261578.069584,1484199.000,43785,1,T1,1,100,36.371
1738261578.203590,1484333.000,43802,1,T1,1,100,36.373
1738261578.336595,1484466.000,43819,1,T1,1,100,36.551
1738261578.469601,1484599.000,43839,1,T1,1,100,36.451
1738261578.603606,1484733.000,43872,1,T1,1,100,36.443
1738261578.736612,1484866.000,43888,1,T1,1,100,36.476
1738261578.869617,1484999.000,43905,1,T1,1,100,36.489
1738261579.002623,1485132.000,43922,1,T1,1,100,36.495
1738261579.136628,1485266.000,43954,1,T1,1,100,36.569
1738261579.269634,1485399.000,43972,1,T1,1,100,36.494
1738261579.402639,1485532.000,43990,1,T1,1,100,36.498
1738261579.536645,1485666.000,44023,1,T1,1,100,36.534
1738261579.669650,1485799.000,44040,1,T1,1,100,36.479
1738261579.802656,1485932.000,44056,1,T1,1,100,36.385
1738261579.936661,1486066.000,44089,1,T1,1,100,36.379
1738261580.069667,1486199.000,44106,1,T1,1,100,36.377
1738261580.202672,1486332.000,44122,1,T1,1,100,36.411
1738261580.336678,1486466.000,44157,1,T1,1,100,36.391
1738261580.469683,1486599.000,44174,1,T1,1,100,36.453
1738261580.602689,1486732.000,44193,1,T1,1,100,36.373
1738261580.736694,1486866.000,44225,1,T1,1,100,36.374
1738261580.869700,1486999.000,44242,1,T1,1,100,36.339
1738261581.002705,1487132.000,44259,1,T1,1,100,36.430
1738261581.136711,1487266.000,44291,1,T1,1,100,36.399
1738261581.269716,1487399.000,44309,1,T1,1,100,36.421
1738261581.402722,1487532.000,44325,1,T1,1,100,36.501
1738261581.536727,1487666.000,44344,1,T1,1,100,36.501
1738261581.669733,1487799.000,44377,1,T1,1,100,36.500
1738261581.802738,1487932.000,44393,1,T1,1,100,36.394
1738261581.935744,1488065.000,44411,1,T1,1,100,36.525
1738261582.069749,1488199.000,44443,1,T1,1,100,36.546
1738261582.202755,1488332.000,44459,1,T1,1,100,36.449
1738261582.335760,1488465.000,44477,1,T1,1,100,36.549
1738261582.469766,1488599.000,44509,1,T1,1,100,36.486
1738261582.602771,1488732.000,44526,1,T1,1,100,36.494
1738261582.735777,1488865.000,44543,1,T1,1,100,36.462
1738261582.869782,1488999.000,44576,1,T1,1,100,36.519
1738261583.002788,1489132.000,44592,1,T1,1,100,36.473
1738261583.135793,1489265.000,44609,1,T1,1,100,36.417
1738261583.269799,1489399.000,44626,1,T1,1,100,36.535
1738261583.402804,1489532.000,44660,1,T1,1,100,36.586
1738261583.536810,1489666.000,44685,1,T1,1,100,36.537
1738261583.669816,1489799.000,44701,1,T1,1,100,36.622
1738261583.802821,1489932.000,44718,1,T1,1,100,36.447
1738261583.935826,1490065.000,44735,1,T1,1,100,36.512
1738261584.069832,1490199.000,44767,1,T1,1,100,36.505
1738261584.202837,1490332.000,44784,1,T1,1,100,36.502
1738261584.335843,1490465.000,44803,1,T1,1,100,36.501
1738261584.469848,1490599.000,44835,1,T1,1,100,36.500
1738261584.602854,1490732.000,44853,1,T1,1,100,36.465
1738261584.735859,1490865.000,44869,1,T1,1,100,36.449
1738261584.869865,1490999.000,44902,1,T1,1,100,36.584
1738261585.002871,1491132.000,44919,1,T1,1,100,36.537
1738261585.135876,1491265.000,44935,1,T1,1,100,36.622
1738261585.268882,1491398.000,44952,1,T1,1,100,36.588
1738261585.402887,1491532.000,44989,1,T1,1,100,36.503
1738261585.535892,1491665.000,45005,1,T1,1,100,36.501
1738261585.668898,1491798.000,45023,1,T1,1,100,36.642
1738261585.802904,1491932.000,45055,1,T1,1,100,36.455
1738261585.935909,1492065.000,45072,1,T1,1,100,36.445
1738261586.068914,1492198.000,45089,1,T1,1,100,36.512
1738261586.202920,1492332.000,45122,1,T1,1,100,36.434
1738261586.335926,1492465.000,45138,1,T1,1,100,36.401
1738261586.468931,1492598.000,45155,1,T1,1,100,36.528
1738261586.602937,1492732.000,45188,1,T1,1,100,36.441
1738261586.735942,1492865.000,45204,1,T1,1,100,36.368
1738261586.868948,1492998.000,45221,1,T1,1,100,36.408
1738261587.002953,1493132.000,45254,1,T1,1,100,36.425
1738261587.135959,1493265.000,45270,1,T1,1,100,36.396
1738261587.268964,1493398.000,45288,1,T1,1,100,36.491
1738261587.402970,1493532.000,45304,1,T1,1,100,36.496
1738261587.535975,1493665.000,45336,1,T1,1,100,36.534
1738261587.668981,1493798.000,45354,1,T1,1,100,36.550
1738261587.802986,1493932.000,45370,1,T1,1,100,36.557
1738261587.935992,1494065.000,45403,1,T1,1,100,36.454
1738261588.068997,1494198.000,45420,1,T1,1,100,36.445
1738261588.203003,1494332.000,45436,1,T1,1,100,36.405
1738261588.336008,1494465.000,45469,1,T1,1,100,36.459
1738261588.469014,1494598.000,45486,1,T1,1,100,36.482
1738261588.602019,1494731.000,45503,1,T1,1,100,36.457
1738261588.736025,1494865.000,45525,1,T1,1,100,36.446
1738261588.869030,1494998.000,45558,1,T1,1,100,36.370
1738261589.003036,1495132.000,45574,1,T1,1,100,36.444
1738261589.136041,1495265.000,45593,1,T1,1,100,36.547
1738261589.269047,1495398.000,45610,1,T1,1,100,36.485
1738261589.402052,1495531.000,45642,1,T1,1,100,36.387
1738261589.536058,1495665.000,45659,1,T1,1,100,36.380
1738261589.669063,1495798.000,45676,1,T1,1,100,36.484
1738261589.802069,1495931.000,45708,1,T1,1,100,36.493
1738261589.936074,1496065.000,45726,1,T1,1,100,36.461
1738261590.069080,1496198.000,45742,1,T1,1,100,36.554
1738261590.203085,1496332.000,45759,1,T1,1,100,36.488
1738261590.336091,1496465.000,45796,1,T1,1,100,36.459
1738261590.469096,1496598.000,45812,1,T1,1,100,36.376
1738261590.602102,1496731.000,45829,1,T1,1,100,36.411
1738261590.736107,1496865.000,45862,1,T1,1,100,36.497
1738261590.869113,1496998.000,45878,1,T1,1,100,36.499
1738261591.002118,1497131.000,45896,1,T1,1,100,36.464
1738261591.136124,1497265.000,45928,1,T1,1,100,36.484
1738261591.269129,1497398.000,45945,1,T1,1,100,36.564
1738261591.402135,1497531.000,45962,1,T1,1,100,36.528
1738261591.536140,1497665.000,45995,1,T1,1,100,36.477
1738261591.669146,1497798.000,46011,1,T1,1,100,36.383
1738261591.802151,1497931.000,46028,1,T1,1,100,36.450
1738261591.936157,1498065.000,46061,1,T1,1,100,36.443
1738261592.069162,1498198.000,46077,1,T1,1,100,36.546
1738261592.202168,1498331.000,46094,1,T1,1,100,36.485
1738261592.336173,1498465.000,46127,1,T1,1,100,36.422
1738261592.469179,1498598.000,46143,1,T1,1,100,36.573
1738261592.602184,1498731.000,46161,1,T1,1,100,36.531
1738261592.735190,1498864.000,46177,1,T1,1,100,36.372
1738261592.869195,1498998.000,46210,1,T1,1,100,36.409
1738261593.002201,1499131.000,46227,1,T1,1,100,36.390
1738261593.135206,1499264.000,46243,1,T1,1,100,36.381
1738261593.269212,1499398.000,46276,1,T1,1,100,36.413
1738261593.402217,1499531.000,46293,1,T1,1,100,36.498
1738261593.536223,1499665.000,46309,1,T1,1,100,36.499
1738261593.669229,1499798.000,46342,1,T1,1,100,36.641
1738261593.802234,1499931.000,46362,1,T1,1,100,36.561
1738261593.935239,1500064.000,46379,1,T1,1,100,36.526
1738261594.069245,1500198.000,46396,1,T1,1,100,36.547
1738261594.202250,1500331.000,46429,1,T1,1,100,36.414
1738261594.335256,1500464.000,46445,1,T1,1,100,36.569
1738261594.469261,1500598.000,46462,1,T1,1,100,36.530
1738261594.602267,1500731.000,46478,1,T1,1,100,36.477
1738261594.735272,1500864.000,46511,1,T1,1,100,36.490
1738261594.869278,1500998.000,46530,1,T1,1,100,36.425
1738261595.002284,1501131.000,46547,1,T1,1,100,36.503
1738261595.135289,1501264.000,46579,1,T1,1,100,36.572
1738261595.269295,1501398.000,46597,1,T1,1,100,36.425
1738261595.402300,1501531.000,46615,1,T1,1,100,36.432
1738261595.535306,1501664.000,46648,1,T1,1,100,36.435
1738261595.668311,1501797.000,46665,1,T1,1,100,36.543
1738261595.802317,1501931.000,46681,1,T1,1,100,36.519
1738261595.935322,1502064.000,46714,1,T1,1,100,36.473
1738261596.069328,1502198.000,46731,1,T1,1,100,36.453
1738261596.202333,1502331.000,46747,1,T1,1,100,36.515
1738261596.335339,1502464.000,46780,1,T1,1,100,36.542
1738261596.468344,1502597.000,46797,1,T1,1,100,36.554
1738261596.602350,1502731.000,46814,1,T1,1,100,36.417
1738261596.735355,1502864.000,46846,1,T1,1,100,36.464
1738261596.868361,1502997.000,46863,1,T1,1,100,36.449
1738261597.002366,1503131.000,46880,1,T1,1,100,36.407
1738261597.135372,1503264.000,46897,1,T1,1,100,36.424
1738261597.268377,1503397.000,46930,1,T1,1,100,36.432
1738261597.402383,1503531.000,46946,1,T1,1,100,36.506
1738261597.535388,1503664.000,46965,1,T1,1,100,36.609
1738261597.668394,1503797.000,46998,1,T1,1,100,36.476
1738261597.802399,1503931.000,47014,1,T1,1,100,36.525
1738261597.935405,1504064.000,47032,1,T1,1,100,36.546
1738261598.068410,1504197.000,47064,1,T1,1,100,36.662
1738261598.202416,1504331.000,47080,1,T1,1,100,36.535
1738261598.335421,1504464.000,47098,1,T1,1,100,36.515
1738261598.468427,1504597.000,47130,1,T1,1,100,36.506
1738261598.602432,1504731.000,47149,1,T1,1,100,36.574
1738261598.735438,1504864.000,47166,1,T1,1,100,36.567
1738261598.868443,1504997.000,47182,1,T1,1,100,36.494
1738261599.001449,1505130.000,47207,1,T1,1,100,36.568
1738261599.135454,1505264.000,47239,1,T1,1,100,36.530
1738261599.268460,1505397.000,47256,1,T1,1,100,36.548
1738261599.402465,1505531.000,47273,1,T1,1,100,36.414
1738261599.535471,1505664.000,47306,1,T1,1,100,36.498
1738261599.668476,1505797.000,47322,1,T1,1,100,36.464
1738261599.801482,1505930.000,47341,1,T1,1,100,36.449
1738261599.935487,1506064.000,47357,1,T1,1,100,36.513
1738261600.068493,1506197.000,47390,1,T1,1,100,36.470
1738261600.202498,1506331.000,47407,1,T1,1,100,36.487
1738261600.335504,1506464.000,47426,1,T1,1,100,36.601
1738261600.468509,1506597.000,47458,1,T1,1,100,36.579
1738261600.601515,1506730.000,47476,1,T1,1,100,36.463
1738261600.735520,1506864.000,47492,1,T1,1,100,36.555
1738261600.868526,1506997.000,47525,1,T1,1,100,36.453
1738261601.001531,1507130.000,47544,1,T1,1,100,36.444
1738261601.135537,1507264.000,47560,1,T1,1,100,36.476
1738261601.268542,1507397.000,47593,1,T1,1,100,36.560
1738261601.401548,1507530.000,47610,1,T1,1,100,36.455
1738261601.535553,1507664.000,47626,1,T1,1,100,36.410
1738261601.668559,1507797.000,47644,1,T1,1,100,36.567
1738261601.801564,1507930.000,47676,1,T1,1,100,36.565
1738261601.935570,1508064.000,47693,1,T1,1,100,36.492
1738261602.068575,1508197.000,47710,1,T1,1,100,36.568
1738261602.201581,1508330.000,47745,1,T1,1,100,36.565
1738261602.334586,1508463.000,47761,1,T1,1,100,36.493
1738261602.468592,1508597.000,47778,1,T1,1,100,36.532
1738261602.601597,1508730.000,47811,1,T1,1,100,36.585
1738261602.734603,1508863.000,47827,1,T1,1,100,36.501
1738261602.868608,1508997.000,47844,1,T1,1,100,36.536
1738261603.001614,1509130.000,47877,1,T1,1,100,36.551
1738261603.134619,1509263.000,47893,1,T1,1,100,36.487
1738261603.268625,1509397.000,47911,1,T1,1,100,36.494
1738261603.401630,1509530.000,47943,1,T1,1,100,36.427
1738261603.534636,1509663.000,47959,1,T1,1,100,36.575
1738261603.668642,1509797.000,47977,1,T1,1,100,36.568
1738261603.801647,1509930.000,47993,1,T1,1,100,36.529
1738261603.934652,1510063.000,48026,1,T1,1,100,36.442
1738261604.068658,1510197.000,48048,1,T1,1,100,36.404
1738261604.201663,1510330.000,48064,1,T1,1,100,36.529
1738261604.334669,1510463.000,48082,1,T1,1,100,36.406
1738261604.468674,1510597.000,48114,1,T1,1,100,36.530
1738261604.601680,1510730.000,48131,1,T1,1,100,36.513
1738261604.734685,1510863.000,48150,1,T1,1,100,36.541
1738261604.868691,1510997.000,48166,1,T1,1,100,36.624
1738261605.001697,1511130.000,48199,1,T1,1,100,36.518
1738261605.134702,1511263.000,48216,1,T1,1,100,36.366
1738261605.268708,1511397.000,48233,1,T1,1,100,36.407
1738261605.401713,1511530.000,48267,1,T1,1,100,36.495
1738261605.534719,1511663.000,48284,1,T1,1,100,36.462
1738261605.667724,1511796.000,48301,1,T1,1,100,36.519
1738261605.801730,1511930.000,48335,1,T1,1,100,36.508
1738261605.934735,1512063.000,48353,1,T1,1,100,36.539
1738261606.067740,1512196.000,48369,1,T1,1,100,36.517
1738261606.201746,1512330.000,48402,1,T1,1,100,36.472
1738261606.334752,1512463.000,48419,1,T1,1,100,36.452
1738261606.467757,1512596.000,48435,1,T1,1,100,36.479
1738261606.601763,1512730.000,48468,1,T1,1,100,36.562
1738261606.734768,1512863.000,48485,1,T1,1,100,36.598
1738261606.867774,1512996.000,48501,1,T1,1,100,36.578
1738261607.001779,1513130.000,48521,1,T1,1,100,36.534
1738261607.134785,1513263.000,48553,1,T1,1,100,36.515
1738261607.267790,1513396.000,48570,1,T1,1,100,36.542
1738261607.401796,1513530.000,48587,1,T1,1,100,36.483
1738261607.534801,1513663.000,48620,1,T1,1,100,36.492
1738261607.667807,1513796.000,48636,1,T1,1,100,36.461
1738261607.801812,1513930.000,48653,1,T1,1,100,36.341
1738261607.934818,1514063.000,48686,1,T1,1,100,36.431
1738261608.067823,1514196.000,48702,1,T1,1,100,36.506
1738261608.201829,1514330.000,48719,1,T1,1,100,36.502
1738261608.334834,1514463.000,48752,1,T1,1,100,36.501
1738261608.467840,1514596.000,48768,1,T1,1,100,36.430
1738261608.600845,1514729.000,48786,1,T1,1,100,36.540
1738261608.734851,1514863.000,48818,1,T1,1,100,36.517
1738261608.867856,1514996.000,48834,1,T1,1,100,36.472
1738261609.000862,1515129.000,48852,1,T1,1,100,36.452
1738261609.134367,1515262.500,48890,2,T1,1,100,36.550
1738261609.267873,1515396.000,48890,2,T1,1,100,36.522
1738261609.401878,1515530.000,48922,1,T1,1,100,36.439
1738261609.534884,1515663.000,48938,1,T1,1,100,36.544
1738261609.667889,1515796.000,48956,1,T1,1,100,36.555
1738261609.800895,1515929.000,48988,1,T1,1,100,36.488
1738261609.934900,1516063.000,49005,1,T1,1,100,36.566
1738261610.067906,1516196.000,49022,1,T1,1,100,36.422
1738261610.200911,1516329.000,49055,1,T1,1,100,36.466
1738261610.334917,1516463.000,49073,1,T1,1,100,36.450
1738261610.467922,1516596.000,49090,1,T1,1,100,36.478
1738261610.600928,1516729.000,49123,1,T1,1,100,36.526
1738261610.734933,1516863.000,49139,1,T1,1,100,36.405
1738261610.867939,1516996.000,49156,1,T1,1,100,36.601
1738261611.000944,1517129.000,49173,1,T1,1,100,36.544
1738261611.134950,1517263.000,49205,1,T1,1,100,36.590
1738261611.267955,1517396.000,49223,1,T1,1,100,36.539
1738261611.400961,1517529.000,49239,1,T1,1,100,36.481
1738261611.534966,1517663.000,49274,1,T1,1,100,36.492
1738261611.667972,1517796.000,49291,1,T1,1,100,36.497
1738261611.800977,1517929.000,49307,1,T1,1,100,36.498
1738261611.933983,1518062.000,49342,1,T1,1,100,36.499
1738261612.067988,1518196.000,49359,1,T1,1,100,36.464
1738261612.200994,1518329.000,49375,1,T1,1,100,36.520
1738261612.333999,1518462.000,49408,1,T1,1,100,36.509
1738261612.468005,1518596.000,49425,1,T1,1,100,36.504
1738261612.601010,1518729.000,49442,1,T1,1,100,36.502
1738261612.734016,1518862.000,49459,1,T1,1,100,36.536
1738261612.868021,1518996.000,49491,1,T1,1,100,36.516
1738261613.001027,1519129.000,49508,1,T1,1,100,36.471
1738261613.134032,1519262.000,49525,1,T1,1,100,36.452
1738261613.268038,1519396.000,49558,1,T1,1,100,36.479
1738261613.401043,1519529.000,49574,1,T1,1,100,36.526
1738261613.534049,1519662.000,49591,1,T1,1,100,36.511
1738261613.668055,1519796.000,49624,1,T1,1,100,36.505
1738261613.801060,1519929.000,49640,1,T1,1,100,36.502
1738261613.934066,1520062.000,49658,1,T1,1,100,36.501
1738261614.068071,1520196.000,49690,1,T1,1,100,36.607
1738261614.201077,1520329.000,49706,1,T1,1,100,36.440
1738261614.334082,1520462.000,49729,1,T1,1,100,36.439
1738261614.468087,1520596.000,49745,1,T1,1,100,36.473
1738261614.601093,1520729.000,49763,1,T1,1,100,36.559
1738261614.734098,1520862.000,49795,1,T1,1,100,36.632
1738261614.868104,1520996.000,49811,1,T1,1,100,36.522
1738261615.001110,1521129.000,49829,1,T1,1,100,36.545
1738261615.134115,1521262.000,49863,1,T1,1,100,36.484
1738261615.268121,1521396.000,49880,1,T1,1,100,36.529
1738261615.401126,1521529.000,49899,1,T1,1,100,36.477
1738261615.534132,1521662.000,49932,1,T1,1,100,36.455
1738261615.667137,1521795.000,49948,1,T1,1,100,36.409
1738261615.801143,1521929.000,49965,1,T1,1,100,36.496
1738261615.934148,1522062.000,50000,1,T1,1,100,36.463
1738261616.067153,1522195.000,50016,1,T1,1,100,36.519
1738261616.201159,1522329.000,50033,1,T1,1,100,36.579
1738261616.334165,1522462.000,50050,1,T1,1,100,36.534
1738261616.467170,1522595.000,50082,1,T1,1,100,36.515
1738261616.601176,1522729.000,50100,1,T1,1,100,36.471
1738261616.734181,1522862.000,50116,1,T1,1,100,36.452
1738261616.867187,1522995.000,50149,1,T1,1,100,36.479
1738261617.001192,1523129.000,50166,1,T1,1,100,36.456
1738261617.134198,1523262.000,50184,1,T1,1,100,36.552
1738261617.267203,1523395.000,50217,1,T1,1,100,36.451
1738261617.401209,1523529.000,50234,1,T1,1,100,36.444
1738261617.534214,1523662.000,50250,1,T1,1,100,36.440
1738261617.667220,1523795.000,50283,1,T1,1,100,36.580
1738261617.801225,1523929.000,50300,1,T1,1,100,36.535
1738261617.934231,1524062.000,50317,1,T1,1,100,36.515
1738261618.067236,1524195.000,50349,1,T1,1,100,36.542
1738261618.201242,1524329.000,50366,1,T1,1,100,36.483
1738261618.334247,1524462.000,50383,1,T1,1,100,36.599
1738261618.467253,1524595.000,50400,1,T1,1,100,36.578
1738261618.601258,1524729.000,50433,1,T1,1,100,36.605
1738261618.734264,1524862.000,50451,1,T1,1,100,36.545
1738261618.867269,1524995.000,50468,1,T1,1,100,36.520
1738261619.000275,1525128.000,50501,1,T1,1,100,36.579
1738261619.134280,1525262.000,50517,1,T1,1,100,36.605
1738261619.267286,1525395.000,50535,1,T1,1,100,36.510
1738261619.400291,1525528.000,50570,1,T1,1,100,36.469
1738261619.534297,1525662.000,50587,1,T1,1,100,36.487
1738261619.667302,1525795.000,50606,1,T1,1,100,36.494
1738261619.800308,1525928.000,50622,1,T1,1,100,36.533
1738261619.934313,1526062.000,50655,1,T1,1,100,36.479
1738261620.067319,1526195.000,50672,1,T1,1,100,36.455
1738261620.200324,1526328.000,50688,1,T1,1,100,36.552
1738261620.334330,1526462.000,50723,1,T1,1,100,36.522
1738261620.467335,1526595.000,50740,1,T1,1,100,36.545
1738261620.600341,1526728.000,50757,1,T1,1,100,36.555
1738261620.734346,1526862.000,50774,1,T1,1,100,36.524
1738261620.867352,1526995.000,50807,1,T1,1,100,36.510
1738261621.000357,1527128.000,50823,1,T1,1,100,36.611
1738261621.134363,1527262.000,50840,1,T1,1,100,36.548
1738261621.267368,1527395.000,50873,1,T1,1,100,36.521
1738261621.400374,1527528.000,50889,1,T1,1,100,36.474
1738261621.534379,1527662.000,50906,1,T1,1,100,36.489
1738261621.667385,1527795.000,50939,1,T1,1,100,36.495
1738261621.800390,1527928.000,50955,1,T1,1,100,36.462
1738261621.934396,1528062.000,50975,1,T1,1,100,36.484
1738261622.067401,1528195.000,51007,1,T1,1,100,36.564
1738261622.200407,1528328.000,51023,1,T1,1,100,36.492
1738261622.333412,1528461.000,51041,1,T1,1,100,36.568
1738261622.467418,1528595.000,51073,1,T1,1,100,36.352
1738261622.600423,1528728.000,51090,1,T1,1,100,36.471
1738261622.733429,1528861.000,51107,1,T1,1,100,36.559
1738261622.867435,1528995.000,51123,1,T1,1,100,36.525
1738261623.000440,1529128.000,51158,1,T1,1,100,36.440
1738261623.133446,1529261.000,51175,1,T1,1,100,36.368
1738261623.267451,1529395.000,51192,1,T1,1,100,36.372
1738261623.400456,1529528.000,51224,1,T1,1,100,36.445
1738261623.533462,1529661.000,51241,1,T1,1,100,36.476
1738261623.667468,1529795.000,51258,1,T1,1,100,36.454
1738261623.800473,1529928.000,51290,1,T1,1,100,36.374
1738261623.933479,1530061.000,51308,1,T1,1,100,36.445
1738261624.067484,1530195.000,51324,1,T1,1,100,36.476
1738261624.200490,1530328.000,51357,1,T1,1,100,36.454
1738261624.333495,1530461.000,51374,1,T1,1,100,36.445
1738261624.467500,1530595.000,51390,1,T1,1,100,36.512
1738261624.600506,1530728.000,51415,1,T1,1,100,36.540
1738261624.733511,1530861.000,51431,1,T1,1,100,36.447
1738261624.867517,1530995.000,51464,1,T1,1,100,36.583
1738261625.000523,1531128.000,51481,1,T1,1,100,36.536
1738261625.133528,1531261.000,51497,1,T1,1,100,36.587
1738261625.267534,1531395.000,51534,1,T1,1,100,36.502
1738261625.400539,1531528.000,51551,1,T1,1,100,36.430
1738261625.533545,1531661.000,51567,1,T1,1,100,36.434
1738261625.666550,1531794.000,51600,1,T1,1,100,36.542
1738261625.800556,1531928.000,51617,1,T1,1,100,36.518
1738261625.933561,1532061.000,51634,1,T1,1,100,36.543
1738261626.067567,1532195.000,51666,1,T1,1,100,36.483
1738261626.200572,1532328.000,51683,1,T1,1,100,36.599
1738261626.333578,1532461.000,51700,1,T1,1,100,36.614
1738261626.467583,1532595.000,51717,1,T1,1,100,36.656
1738261626.600589,1532728.000,51750,1,T1,1,100,36.567
1738261626.733594,1532861.000,51766,1,T1,1,100,36.458
1738261626.866600,1532994.000,51783,1,T1,1,100,36.482
1738261627.000605,1533128.000,51816,1,T1,1,100,36.563
1738261627.133611,1533261.000,51832,1,T1,1,100,36.492
1738261627.266616,1533394.000,51850,1,T1,1,100,36.532
1738261627.400622,1533528.000,51882,1,T1,1,100,36.514
1738261627.533627,1533661.000,51898,1,T1,1,100,36.471
1738261627.666633,1533794.000,51918,1,T1,1,100,36.594
1738261627.800638,1533928.000,51950,1,T1,1,100,36.576
1738261627.933644,1534061.000,51967,1,T1,1,100,36.604
1738261628.066649,1534194.000,51984,1,T1,1,100,36.687
1738261628.200655,1534328.000,52000,1,T1,1,100,36.652
1738261628.333660,1534461.000,52033,1,T1,1,100,36.566
1738261628.466666,1534594.000,52050,1,T1,1,100,36.457
1738261628.600671,1534728.000,52069,1,T1,1,100,36.411
1738261628.733677,1534861.000,52101,1,T1,1,100,36.532
1738261628.866682,1534994.000,52118,1,T1,1,100,36.514
1738261629.000688,1535128.000,52135,1,T1,1,100,36.577
1738261629.133693,1535261.000,52167,1,T1,1,100,36.462
1738261629.266699,1535394.000,52185,1,T1,1,100,36.448
1738261629.399704,1535527.000,52201,1,T1,1,100,36.513
1738261629.533710,1535661.000,52234,1,T1,1,100,36.506
1738261629.666715,1535794.000,52258,1,T1,1,100,36.396
1738261629.799721,1535927.000,52274,1,T1,1,100,36.561
1738261629.933726,1536061.000,52292,1,T1,1,100,36.527
1738261630.066732,1536194.000,52308,1,T1,1,100,36.547
1738261630.199737,1536327.000,52341,1,T1,1,100,36.378
1738261630.333743,1536461.000,52360,1,T1,1,100,36.447
1738261630.466748,1536594.000,52376,1,T1,1,100,36.477
1738261630.599754,1536727.000,52409,1,T1,1,100,36.526
1738261630.733759,1536861.000,52426,1,T1,1,100,36.476
1738261630.866765,1536994.000,52442,1,T1,1,100,36.454
1738261630.999770,1537127.000,52475,1,T1,1,100,36.409
1738261631.133776,1537261.000,52492,1,T1,1,100,36.461
1738261631.266781,1537394.000,52509,1,T1,1,100,36.554
1738261631.399787,1537527.000,52526,1,T1,1,100,36.523
1738261631.533792,1537661.000,52559,1,T1,1,100,36.510
1738261631.666798,1537794.000,52575,1,T1,1,100,36.504
1738261631.799803,1537927.000,52592,1,T1,1,100,36.502
1738261631.932809,1538060.000,52625,1,T1,1,100,36.607
1738261632.066814,1538194.000,52641,1,T1,1,100,36.546
1738261632.199820,1538327.000,52658,1,T1,1,100,36.485
1738261632.332825,1538460.000,52693,1,T1,1,100,36.458
1738261632.466831,1538594.000,52709,1,T1,1,100,36.446
1738261632.599836,1538727.000,52727,1,T1,1,100,36.512
1738261632.732842,1538860.000,52759,1,T1,1,100,36.470
1738261632.866848,1538994.000,52775,1,T1,1,100,36.451
1738261632.999853,1539127.000,52793,1,T1,1,100,36.444
1738261633.132859,1539260.000,52811,1,T1,1,100,36.653
1738261633.266864,1539394.000,52844,1,T1,1,100,36.424
1738261633.399869,1539527.000,52861,1,T1,1,100,36.432
1738261633.532875,1539660.000,52877,1,T1,1,100,36.470
1738261633.666881,1539794.000,52910,1,T1,1,100,36.558
1738261633.799886,1539927.000,52927,1,T1,1,100,36.667
1738261633.932892,1540060.000,52944,1,T1,1,100,36.572
1738261634.066897,1540194.000,52978,1,T1,1,100,36.531
1738261634.199903,1540327.000,52995,1,T1,1,100,36.443
1738261634.332908,1540460.000,53012,1,T1,1,100,36.582
1738261634.466913,1540594.000,53044,1,T1,1,100,36.606
1738261634.599919,1540727.000,53062,1,T1,1,100,36.510
1738261634.732924,1540860.000,53078,1,T1,1,100,36.505
1738261634.866930,1540994.000,53098,1,T1,1,100,36.502
1738261634.999936,1541127.000,53115,1,T1,1,100,36.572
1738261635.132941,1541260.000,53147,1,T1,1,100,36.602
1738261635.266947,1541394.000,53165,1,T1,1,100,36.544
1738261635.399952,1541527.000,53183,1,T1,1,100,36.555
1738261635.532958,1541660.000,53216,1,T1,1,100,36.559
1738261635.665963,1541793.000,53233,1,T1,1,100,36.596
1738261635.799969,1541927.000,53249,1,T1,1,100,36.613
1738261635.932974,1542060.000,53282,1,T1,1,100,36.584
1738261636.065979,1542193.000,53299,1,T1,1,100,36.501
1738261636.199985,1542327.000,53315,1,T1,1,100,36.465
1738261636.332991,1542460.000,53350,1,T1,1,100,36.485
1738261636.465996,1542593.000,53367,1,T1,1,100,36.529
1738261636.600002,1542727.000,53384,1,T1,1,100,36.477
1738261636.733007,1542860.000,53416,1,T1,1,100,36.596
1738261636.866013,1542993.000,53433,1,T1,1,100,36.577
1738261637.000018,1543127.000,53450,1,T1,1,100,36.569
1738261637.133024,1543260.000,53467,1,T1,1,100,36.459
1738261637.266029,1543393.000,53500,1,T1,1,100,36.518
1738261637.400035,1543527.000,53516,1,T1,1,100,36.614
1738261637.533040,1543660.000,53533,1,T1,1,100,36.656
1738261637.666046,1543793.000,53566,1,T1,1,100,36.567
1738261637.800051,1543927.000,53582,1,T1,1,100,36.565
1738261637.933057,1544060.000,53600,1,T1,1,100,36.528
1738261638.066062,1544193.000,53632,1,T1,1,100,36.618
1738261638.200068,1544327.000,53648,1,T1,1,100,36.587
1738261638.333073,1544460.000,53666,1,T1,1,100,36.608
1738261638.466079,1544593.000,53698,1,T1,1,100,36.618
1738261638.600084,1544727.000,53717,1,T1,1,100,36.586
1738261638.733090,1544860.000,53734,1,T1,1,100,36.608
1738261638.866095,1544993.000,53767,1,T1,1,100,36.511
1738261639.000101,1545127.000,53783,1,T1,1,100,36.576
1738261639.133106,1545260.000,53800,1,T1,1,100,36.462
1738261639.266112,1545393.000,53816,1,T1,1,100,36.590
1738261639.399117,1545526.000,53849,1,T1,1,100,36.539
1738261639.533123,1545660.000,53866,1,T1,1,100,36.446
1738261639.666128,1545793.000,53885,1,T1,1,100,36.441
1738261639.799134,1545926.000,53917,1,T1,1,100,36.439
1738261639.933139,1546060.000,53942,1,T1,1,100,36.474
1738261640.066145,1546193.000,53958,1,T1,1,100,36.524
1738261640.200150,1546327.000,53975,1,T1,1,100,36.546
1738261640.333156,1546460.000,53994,1,T1,1,100,36.626
1738261640.466161,1546593.000,54026,1,T1,1,100,36.519
1738261640.599167,1546726.000,54044,1,T1,1,100,36.508
1738261640.733172,1546860.000,54060,1,T1,1,100,36.539
1738261640.866178,1546993.000,54093,1,T1,1,100,36.552
1738261640.999183,1547126.000,54110,1,T1,1,100,36.523
1738261641.133189,1547260.000,54126,1,T1,1,100,36.545
1738261641.266194,1547393.000,54143,1,T1,1,100,36.520
1738261641.399200,1547526.000,54176,1,T1,1,100,36.473
1738261641.533206,1547660.000,54192,1,T1,1,100,36.559
1738261641.666211,1547793.000,54210,1,T1,1,100,36.490
1738261641.799217,1547926.000,54242,1,T1,1,100,36.567
1738261641.933222,1548060.000,54259,1,T1,1,100,36.529
1738261642.066227,1548193.000,54276,1,T1,1,100,36.619
1738261642.199233,1548326.000,54311,1,T1,1,100,36.551
1738261642.332238,1548459.000,54327,1,T1,1,100,36.451
1738261642.466244,1548593.000,54344,1,T1,1,100,36.656
1738261642.599249,1548726.000,54377,1,T1,1,100,36.568
1738261642.732255,1548859.000,54393,1,T1,1,100,36.494
1738261642.866261,1548993.000,54410,1,T1,1,100,36.497
1738261642.999266,1549126.000,54443,1,T1,1,100,36.499
1738261643.132272,1549259.000,54459,1,T1,1,100,36.499
1738261643.266277,1549393.000,54477,1,T1,1,100,36.464
1738261643.399282,1549526.000,54493,1,T1,1,100,36.449
1738261643.532288,1549659.000,54525,1,T1,1,100,36.443
1738261643.666294,1549793.000,54543,1,T1,1,100,36.511
1738261643.799299,1549926.000,54559,1,T1,1,100,36.505
1738261643.932305,1550059.000,54592,1,T1,1,100,36.573
1738261644.066310,1550193.000,54609,1,T1,1,100,36.532
1738261644.199316,1550326.000,54625,1,T1,1,100,36.514
1738261644.332321,1550459.000,54658,1,T1,1,100,36.541
1738261644.466326,1550593.000,54675,1,T1,1,100,36.553
1738261644.599332,1550726.000,54692,1,T1,1,100,36.452
1738261644.732337,1550859.000,54724,1,T1,1,100,36.479
1738261644.866343,1550993.000,54741,1,T1,1,100,36.385
1738261644.999349,1551126.000,54758,1,T1,1,100,36.415
1738261645.132354,1551259.000,54782,1,T1,1,100,36.499
1738261645.266360,1551393.000,54799,1,T1,1,100,36.570
1738261645.399365,1551526.000,54833,1,T1,1,100,36.601
1738261645.532371,1551659.000,54850,1,T1,1,100,36.579
1738261645.665376,1551792.000,54867,1,T1,1,100,36.676
1738261645.799382,1551926.000,54899,1,T1,1,100,36.612
1738261645.932387,1552059.000,54917,1,T1,1,100,36.655
1738261646.065392,1552192.000,54933,1,T1,1,100,36.567
1738261646.199398,1552326.000,54966,1,T1,1,100,36.494
1738261646.332404,1552459.000,54983,1,T1,1,100,36.462
1738261646.465409,1552592.000,54999,1,T1,1,100,36.554
1738261646.599415,1552726.000,55032,1,T1,1,100,36.488
1738261646.732420,1552859.000,55049,1,T1,1,100,36.495
1738261646.865426,1552992.000,55065,1,T1,1,100,36.498
1738261646.999431,1553126.000,55083,1,T1,1,100,36.570
1738261647.132437,1553259.000,55115,1,T1,1,100,36.601
1738261647.265442,1553392.000,55132,1,T1,1,100,36.579
1738261647.399448,1553526.000,55149,1,T1,1,100,36.605
1738261647.532453,1553659.000,55182,1,T1,1,100,36.475
1738261647.665459,1553792.000,55198,1,T1,1,100,36.524
1738261647.799464,1553926.000,55215,1,T1,1,100,36.511
1738261647.932470,1554059.000,55248,1,T1,1,100,36.611
1738261648.065475,1554192.000,55264,1,T1,1,100,36.513
1738261648.199481,1554326.000,55281,1,T1,1,100,36.541
1738261648.332486,1554459.000,55314,1,T1,1,100,36.447
1738261648.465492,1554592.000,55330,1,T1,1,100,36.406
1738261648.599497,1554726.000,55348,1,T1,1,100,36.459
1738261648.732503,1554859.000,55380,1,T1,1,100,36.518
1738261648.865508,1554992.000,55396,1,T1,1,100,36.472
1738261648.999514,1555126.000,55414,1,T1,1,100,36.417
1738261649.132519,1555259.000,55446,1,T1,1,100,36.606
1738261649.265525,1555392.000,55463,1,T1,1,100,36.510
1738261649.398530,1555525.000,55480,1,T1,1,100,36.469
1738261649.532536,1555659.000,55496,1,T1,1,100,36.416
1738261649.665541,1555792.000,55529,1,T1,1,100,36.428
1738261649.798547,1555925.000,55546,1,T1,1,100,36.469
1738261649.932552,1556059.000,55563,1,T1,1,100,36.487
1738261650.065558,1556192.000,55595,1,T1,1,100,36.459
1738261650.198563,1556325.000,55618,1,T1,1,100,36.482
1738261650.332569,1556459.000,55636,1,T1,1,100,36.492
1738261650.465574,1556592.000,55653,1,T1,1,100,36.568
1738261650.598580,1556725.000,55686,1,T1,1,100,36.494
1738261650.732585,1556859.000,55702,1,T1,1,100,36.462
1738261650.865591,1556992.000,55719,1,T1,1,100,36.519
1738261650.998596,1557125.000,55736,1,T1,1,100,36.579
1738261651.132602,1557259.000,55770,1,T1,1,100,36.534
1738261651.265607,1557392.000,55788,1,T1,1,100,36.550
1738261651.398613,1557525.000,55804,1,T1,1,100,36.593
1738261651.532619,1557659.000,55837,1,T1,1,100,36.576
1738261651.665624,1557792.000,55854,1,T1,1,100,36.533
1738261651.798630,1557925.000,55870,1,T1,1,100,36.621
1738261651.931635,1558058.000,55903,1,T1,1,100,36.623
1738261652.065640,1558192.000,55920,1,T1,1,100,36.482
1738261652.198646,1558325.000,55936,1,T1,1,100,36.599
1738261652.332651,1558459.000,55969,1,T1,1,100,36.614
1738261652.465657,1558592.000,55986,1,T1,1,100,36.585
1738261652.598662,1558725.000,56003,1,T1,1,100,36.537
1738261652.731668,1558858.000,56020,1,T1,1,100,36.622
1738261652.865674,1558992.000,56052,1,T1,1,100,36.588
1738261652.998679,1559125.000,56069,1,T1,1,100,36.503
1738261653.131685,1559258.000,56086,1,T1,1,100,36.643
1738261653.265690,1559392.000,56119,1,T1,1,100,36.562
1738261653.398695,1559525.000,56135,1,T1,1,100,36.598
1738261653.531701,1559658.000,56152,1,T1,1,100,36.542
1738261653.665707,1559792.000,56185,1,T1,1,100,36.554
1738261653.798712,1559925.000,56201,1,T1,1,100,36.381
1738261653.931718,1560058.000,56219,1,T1,1,100,36.413
1738261654.065723,1560192.000,56251,1,T1,1,100,36.569
1738261654.198729,1560325.000,56267,1,T1,1,100,36.530
1738261654.331734,1560458.000,56285,1,T1,1,100,36.619
1738261654.465739,1560592.000,56317,1,T1,1,100,36.516
1738261654.598745,1560725.000,56334,1,T1,1,100,36.578
1738261654.731750,1560858.000,56351,1,T1,1,100,36.569
1738261654.865756,1560992.000,56367,1,T1,1,100,36.636
1738261654.998762,1561125.000,56400,1,T1,1,100,36.630
1738261655.131767,1561258.000,56417,1,T1,1,100,36.556
1738261655.264773,1561391.000,56434,1,T1,1,100,36.595
1738261655.398778,1561525.000,56458,1,T1,1,100,36.577
1738261655.531784,1561658.000,56491,1,T1,1,100,36.569
1738261655.664789,1561791.000,56507,1,T1,1,100,36.530
1738261655.798795,1561925.000,56524,1,T1,1,100,36.548
1738261655.931800,1562058.000,56540,1,T1,1,100,36.627
1738261656.064806,1562191.000,56573,1,T1,1,100,36.626
1738261656.198811,1562325.000,56590,1,T1,1,100,36.519
1738261656.331817,1562458.000,56607,1,T1,1,100,36.437
1738261656.464822,1562591.000,56639,1,T1,1,100,36.437
1738261656.598828,1562725.000,56657,1,T1,1,100,36.544
1738261656.731833,1562858.000,56673,1,T1,1,100,36.554
1738261656.864839,1562991.000,56708,1,T1,1,100,36.559
1738261656.998844,1563125.000,56725,1,T1,1,100,36.490
1738261657.131850,1563258.000,56741,1,T1,1,100,36.460
1738261657.264855,1563391.000,56774,1,T1,1,100,36.554
1738261657.398861,1563525.000,56791,1,T1,1,100,36.488
1738261657.531866,1563658.000,56807,1,T1,1,100,36.566
1738261657.664872,1563791.000,56842,1,T1,1,100,36.493
1738261657.798877,1563925.000,56859,1,T1,1,100,36.639
1738261657.931883,1564058.000,56876,1,T1,1,100,36.631
1738261658.064888,1564191.000,56893,1,T1,1,100,36.592
1738261658.198894,1564325.000,56926,1,T1,1,100,36.504
1738261658.331899,1564458.000,56942,1,T1,1,100,36.537
1738261658.464905,1564591.000,56959,1,T1,1,100,36.552
1738261658.598910,1564725.000,56992,1,T1,1,100,36.522
1738261658.731916,1564858.000,57008,1,T1,1,100,36.510
1738261658.864921,1564991.000,57027,1,T1,1,100,36.575
1738261658.997927,1565124.000,57060,1,T1,1,100,36.639
1738261659.131932,1565258.000,57076,1,T1,1,100,36.596
1738261659.264938,1565391.000,57094,1,T1,1,100,36.612
1738261659.397943,1565524.000,57126,1,T1,1,100,36.513
1738261659.531949,1565658.000,57142,1,T1,1,100,36.470
1738261659.664954,1565791.000,57160,1,T1,1,100,36.558
1738261659.797960,1565924.000,57192,1,T1,1,100,36.525
1738261659.931965,1566058.000,57209,1,T1,1,100,36.546
1738261660.064971,1566191.000,57228,1,T1,1,100,36.520
1738261660.197976,1566324.000,57244,1,T1,1,100,36.615
1738261660.331982,1566458.000,57279,1,T1,1,100,36.514
1738261660.464987,1566591.000,57299,1,T1,1,100,36.471
1738261660.597993,1566724.000,57316,1,T1,1,100,36.487
1738261660.731998,1566858.000,57333,1,T1,1,100,36.565
1738261660.865004,1566991.000,57366,1,T1,1,100,36.493
1738261660.998009,1567124.000,57382,1,T1,1,100,36.532
1738261661.132015,1567258.000,57401,1,T1,1,100,36.479
1738261661.265020,1567391.000,57434,1,T1,1,100,36.562
1738261661.398026,1567524.000,57450,1,T1,1,100,36.598
1738261661.532032,1567658.000,57467,1,T1,1,100,36.578
1738261661.665037,1567791.000,57484,1,T1,1,100,36.498
1738261661.798043,1567924.000,57516,1,T1,1,100,36.606
1738261661.932048,1568058.000,57534,1,T1,1,100,36.688
1738261662.065053,1568191.000,57550,1,T1,1,100,36.652
1738261662.198059,1568324.000,57583,1,T1,1,100,36.672
1738261662.331064,1568457.000,57600,1,T1,1,100,36.574
1738261662.465070,1568591.000,57616,1,T1,1,100,36.568
1738261662.598075,1568724.000,57649,1,T1,1,100,36.529
1738261662.731081,1568857.000,57666,1,T1,1,100,36.548
1738261662.865087,1568991.000,57684,1,T1,1,100,36.485
1738261662.998092,1569124.000,57717,1,T1,1,100,36.458
1738261663.131098,1569257.000,57734,1,T1,1,100,36.446
1738261663.265103,1569391.000,57751,1,T1,1,100,36.548
1738261663.398108,1569524.000,57768,1,T1,1,100,36.556
1738261663.531114,1569657.000,57801,1,T1,1,100,36.453
1738261663.665120,1569791.000,57817,1,T1,1,100,36.551
1738261663.798125,1569924.000,57834,1,T1,1,100,36.593
1738261663.931131,1570057.000,57867,1,T1,1,100,36.576
1738261664.065136,1570191.000,57885,1,T1,1,100,36.639
1738261664.198142,1570324.000,57902,1,T1,1,100,36.560
1738261664.331147,1570457.000,57935,1,T1,1,100,36.526
1738261664.465153,1570591.000,57951,1,T1,1,100,36.547
1738261664.598158,1570724.000,57969,1,T1,1,100,36.485
1738261664.731164,1570857.000,58001,1,T1,1,100,36.493
1738261664.865169,1570991.000,58017,1,T1,1,100,36.533
1738261664.998175,1571124.000,58035,1,T1,1,100,36.514
1738261665.131180,1571257.000,58067,1,T1,1,100,36.612
1738261665.265186,1571391.000,58084,1,T1,1,100,36.584
1738261665.398191,1571524.000,58103,1,T1,1,100,36.501
1738261665.531197,1571657.000,58119,1,T1,1,100,36.500
1738261665.664202,1571790.000,58144,1,T1,1,100,36.571
1738261665.798208,1571924.000,58176,1,T1,1,100,36.531
1738261665.931213,1572057.000,58193,1,T1,1,100,36.478
1738261666.064219,1572190.000,58210,1,T1,1,100,36.490
1738261666.198224,1572324.000,58226,1,T1,1,100,36.531
1738261666.331230,1572457.000,58259,1,T1,1,100,36.620
1738261666.464235,1572590.000,58276,1,T1,1,100,36.623
1738261666.598241,1572724.000,58292,1,T1,1,100,36.518
1738261666.731246,1572857.000,58325,1,T1,1,100,36.508
1738261666.864252,1572990.000,58342,1,T1,1,100,36.539
1738261666.998257,1573124.000,58359,1,T1,1,100,36.552
1738261667.131263,1573257.000,58391,1,T1,1,100,36.594
1738261667.264268,1573390.000,58409,1,T1,1,100,36.470
1738261667.398274,1573524.000,58425,1,T1,1,100,36.487
1738261667.531279,1573657.000,58458,1,T1,1,100,36.494
1738261667.664285,1573790.000,58475,1,T1,1,100,36.462
1738261667.798290,1573924.000,58491,1,T1,1,100,36.484
1738261667.931296,1574057.000,58524,1,T1,1,100,36.599
1738261668.064301,1574190.000,58543,1,T1,1,100,36.614
1738261668.198307,1574324.000,58559,1,T1,1,100,36.691
1738261668.331312,1574457.000,58592,1,T1,1,100,36.547
1738261668.464318,1574590.000,58609,1,T1,1,100,36.520
1738261668.598323,1574724.000,58626,1,T1,1,100,36.544
1738261668.731329,1574857.000,58643,1,T1,1,100,36.555
1738261668.864334,1574990.000,58675,1,T1,1,100,36.630
1738261668.997340,1575123.000,58694,1,T1,1,100,36.592
1738261669.131345,1575257.000,58711,1,T1,1,100,36.575
1738261669.264351,1575390.000,58744,1,T1,1,100,36.533
1738261669.397356,1575523.000,58760,1,T1,1,100,36.585
1738261669.531362,1575657.000,58777,1,T1,1,100,36.537
1738261669.664367,1575790.000,58810,1,T1,1,100,36.480
1738261669.797373,1575923.000,58826,1,T1,1,100,36.492
1738261669.931378,1576057.000,58844,1,T1,1,100,36.496
1738261670.064384,1576190.000,58876,1,T1,1,100,36.498
1738261670.197389,1576323.000,58894,1,T1,1,100,36.606
1738261670.331395,1576457.000,58914,1,T1,1,100,36.617
1738261670.464400,1576590.000,58946,1,T1,1,100,36.621
1738261670.597406,1576723.000,58963,1,T1,1,100,36.588
1738261670.731411,1576857.000,58985,1,T1,1,100,36.609
1738261670.864417,1576990.000,59001,1,T1,1,100,36.654
1738261670.997422,1577123.000,59019,1,T1,1,100,36.637
1738261671.131428,1577257.000,59051,1,T1,1,100,36.666
1738261671.264433,1577390.000,59068,1,T1,1,100,36.572
1738261671.397439,1577523.000,59085,1,T1,1,100,36.566
1738261671.531445,1577657.000,59120,1,T1,1,100,36.529
1738261671.664450,1577790.000,59136,1,T1,1,100,36.477
1738261671.797456,1577923.000,59153,1,T1,1,100,36.561
1738261671.930461,1578056.000,59186,1,T1,1,100,36.633
1738261672.064466,1578190.000,59202,1,T1,1,100,36.664
1738261672.197472,1578323.000,59219,1,T1,1,100,36.642
1738261672.331477,1578457.000,59254,1,T1,1,100,36.455
1738261672.464483,1578590.000,59270,1,T1,1,100,36.551
1738261672.597488,1578723.000,59288,1,T1,1,100,36.522
1738261672.730494,1578856.000,59304,1,T1,1,100,36.510
1738261672.864500,1578990.000,59337,1,T1,1,100,36.433
1738261672.997505,1579123.000,59354,1,T1,1,100,36.436
1738261673.130511,1579256.000,59370,1,T1,1,100,36.437
1738261673.264516,1579390.000,59405,1,T1,1,100,36.614
1738261673.397521,1579523.000,59422,1,T1,1,100,36.514
1738261673.530527,1579656.000,59438,1,T1,1,100,36.471
1738261673.664533,1579790.000,59471,1,T1,1,100,36.523
1738261673.797538,1579923.000,59488,1,T1,1,100,36.510
1738261673.930544,1580056.000,59505,1,T1,1,100,36.469
1738261674.064549,1580190.000,59537,1,T1,1,100,36.557
1738261674.197555,1580323.000,59554,1,T1,1,100,36.596
1738261674.330560,1580456.000,59573,1,T1,1,100,36.506
1738261674.464566,1580590.000,59605,1,T1,1,100,36.503
1738261674.597571,1580723.000,59623,1,T1,1,100,36.572
1738261674.730577,1580856.000,59639,1,T1,1,100,36.496
1738261674.864582,1580990.000,59656,1,T1,1,100,36.534
1738261674.997588,1581123.000,59689,1,T1,1,100,36.550
1738261675.130593,1581256.000,59705,1,T1,1,100,36.522
1738261675.263599,1581389.000,59725,1,T1,1,100,36.580
1738261675.397604,1581523.000,59759,1,T1,1,100,36.499
1738261675.530610,1581656.000,59775,1,T1,1,100,36.500
1738261675.663615,1581789.000,59793,1,T1,1,100,36.606
1738261675.797121,1581922.500,59830,2,T1,1,100,36.511
1738261675.930626,1582056.000,59830,2,T1,1,100,36.540
1738261676.063632,1582189.000,59863,1,T1,1,100,36.624
1738261676.197637,1582323.000,59879,1,T1,1,100,36.660
1738261676.330643,1582456.000,59899,1,T1,1,100,36.676
1738261676.463648,1582589.000,59931,1,T1,1,100,36.541
1738261676.597654,1582723.000,59948,1,T1,1,100,36.553
1738261676.730659,1582856.000,59965,1,T1,1,100,36.558
1738261676.863665,1582989.000,59998,1,T1,1,100,36.561
1738261676.997670,1583123.000,60014,1,T1,1,100,36.491
1738261677.130676,1583256.000,60031,1,T1,1,100,36.496
1738261677.263681,1583389.000,60064,1,T1,1,100,36.427
1738261677.397687,1583523.000,60080,1,T1,1,100,36.539
1738261677.530692,1583656.000,60099,1,T1,1,100,36.588
1738261677.663698,1583789.000,60132,1,T1,1,100,36.467
1738261677.797703,1583923.000,60148,1,T1,1,100,36.486
1738261677.930709,1584056.000,60166,1,T1,1,100,36.529
1738261678.063714,1584189.000,60198,1,T1,1,100,36.513
1738261678.197720,1584323.000,60214,1,T1,1,100,36.683
1738261678.330725,1584456.000,60232,1,T1,1,100,36.544
1738261678.463731,1584589.000,60248,1,T1,1,100,36.519
1738261678.597736,1584723.000,60281,1,T1,1,100,36.508
1738261678.730742,1584856.000,60298,1,T1,1,100,36.574
1738261678.863747,1584989.000,60314,1,T1,1,100,36.568
1738261678.997753,1585123.000,60347,1,T1,1,100,36.565
1738261679.130758,1585256.000,60364,1,T1,1,100,36.634
1738261679.263764,1585389.000,60381,1,T1,1,100,36.665
1738261679.396769,1585522.000,60413,1,T1,1,100,36.607
1738261679.530775,1585656.000,60430,1,T1,1,100,36.475
1738261679.663780,1585789.000,60447,1,T1,1,100,36.560
1738261679.796786,1585922.000,60479,1,T1,1,100,36.597
1738261679.930791,1586056.000,60497,1,T1,1,100,36.648
1738261680.063797,1586189.000,60513,1,T1,1,100,36.706
1738261680.196802,1586322.000,60546,1,T1,1,100,36.696
1738261680.330808,1586456.000,60565,1,T1,1,100,36.620
1738261680.463813,1586589.000,60581,1,T1,1,100,36.587
1738261680.596819,1586722.000,60598,1,T1,1,100,36.609
1738261680.730824,1586856.000,60631,1,T1,1,100,36.583
1738261680.863830,1586989.000,60647,1,T1,1,100,36.571
1738261680.996835,1587122.000,60670,1,T1,1,100,36.566
1738261681.130841,1587256.000,60686,1,T1,1,100,36.635
1738261681.263846,1587389.000,60703,1,T1,1,100,36.594
1738261681.396852,1587522.000,60736,1,T1,1,100,36.576
1738261681.530858,1587656.000,60752,1,T1,1,100,36.639
1738261681.663863,1587789.000,60770,1,T1,1,100,36.596
1738261681.796869,1587922.000,60804,1,T1,1,100,36.541
1738261681.929874,1588055.000,60821,1,T1,1,100,36.624
1738261682.063879,1588189.000,60838,1,T1,1,100,36.518
1738261682.196885,1588322.000,60871,1,T1,1,100,36.579
1738261682.329890,1588455.000,60887,1,T1,1,100,36.640
1738261682.463896,1588589.000,60904,1,T1,1,100,36.632
1738261682.596901,1588722.000,60937,1,T1,1,100,36.522
1738261682.729907,1588855.000,60953,1,T1,1,100,36.509
1738261682.863913,1588989.000,60970,1,T1,1,100,36.575
1738261682.996918,1589122.000,61005,1,T1,1,100,36.532
1738261683.129924,1589255.000,61021,1,T1,1,100,36.656
1738261683.263929,1589389.000,61039,1,T1,1,100,36.532
1738261683.396935,1589522.000,61055,1,T1,1,100,36.549
1738261683.529940,1589655.000,61087,1,T1,1,100,36.521
1738261683.663946,1589789.000,61105,1,T1,1,100,36.545
1738261683.796951,1589922.000,61123,1,T1,1,100,36.661
1738261683.929957,1590055.000,61156,1,T1,1,100,36.570
1738261684.063962,1590189.000,61173,1,T1,1,100,36.601
1738261684.196968,1590322.000,61189,1,T1,1,100,36.650
1738261684.329973,1590455.000,61222,1,T1,1,100,36.600
1738261684.463979,1590589.000,61239,1,T1,1,100,36.473
1738261684.596984,1590722.000,61256,1,T1,1,100,36.453
1738261684.729990,1590855.000,61288,1,T1,1,100,36.621
1738261684.863995,1590989.000,61305,1,T1,1,100,36.659
1738261684.997001,1591122.000,61324,1,T1,1,100,36.604
1738261685.130006,1591255.000,61356,1,T1,1,100,36.651
1738261685.264012,1591389.000,61374,1,T1,1,100,36.707
1738261685.397017,1591522.000,61392,1,T1,1,100,36.661
1738261685.530023,1591655.000,61409,1,T1,1,100,36.676
1738261685.663028,1591788.000,61442,1,T1,1,100,36.647
1738261685.797034,1591922.000,61458,1,T1,1,100,36.493
1738261685.930039,1592055.000,61475,1,T1,1,100,36.497
1738261686.063045,1592188.000,61517,1,T1,1,100,36.640
1738261686.197050,1592322.000,61534,1,T1,1,100,36.596
1738261686.330056,1592455.000,61551,1,T1,1,100,36.648
1738261686.463061,1592588.000,61567,1,T1,1,100,36.564
1738261686.597067,1592722.000,61600,1,T1,1,100,36.528
1738261686.730072,1592855.000,61617,1,T1,1,100,36.618
1738261686.863078,1592988.000,61633,1,T1,1,100,36.622
1738261686.997083,1593122.000,61651,1,T1,1,100,36.553
1738261687.130089,1593255.000,61683,1,T1,1,100,36.629
1738261687.263094,1593388.000,61702,1,T1,1,100,36.627
1738261687.397100,1593522.000,61719,1,T1,1,100,36.732
1738261687.530105,1593655.000,61752,1,T1,1,100,36.707
1738261687.663111,1593788.000,61768,1,T1,1,100,36.660
1738261687.797116,1593922.000,61785,1,T1,1,100,36.569
1738261687.930122,1594055.000,61818,1,T1,1,100,36.636
1738261688.063127,1594188.000,61834,1,T1,1,100,36.559
1738261688.197133,1594322.000,61851,1,T1,1,100,36.561
1738261688.330138,1594455.000,61868,1,T1,1,100,36.420
1738261688.463144,1594588.000,61900,1,T1,1,100,36.536
1738261688.597149,1594722.000,61918,1,T1,1,100,36.622
1738261688.730155,1594855.000,61934,1,T1,1,100,36.517
1738261688.863160,1594988.000,61969,1,T1,1,100,36.508
1738261688.996166,1595121.000,61986,1,T1,1,100,36.574
1738261689.130171,1595255.000,62002,1,T1,1,100,36.603
1738261689.263177,1595388.000,62035,1,T1,1,100,36.615
1738261689.396182,1595521.000,62052,1,T1,1,100,36.621
1738261689.530188,1595655.000,62068,1,T1,1,100,36.588
1738261689.663193,1595788.000,62101,1,T1,1,100,36.538
1738261689.796199,1595921.000,62118,1,T1,1,100,36.552
1738261689.930204,1596055.000,62135,1,T1,1,100,36.558
1738261690.063210,1596188.000,62167,1,T1,1,100,36.631
1738261690.196215,1596321.000,62184,1,T1,1,100,36.557
1738261690.330221,1596455.000,62203,1,T1,1,100,36.489
1738261690.463226,1596588.000,62235,1,T1,1,100,36.495
1738261690.596232,1596721.000,62253,1,T1,1,100,36.604
1738261690.730237,1596855.000,62269,1,T1,1,100,36.510
1738261690.863243,1596988.000,62286,1,T1,1,100,36.540
1738261690.996248,1597121.000,62319,1,T1,1,100,36.588
1738261691.130254,1597255.000,62335,1,T1,1,100,36.538
1738261691.263259,1597388.000,62358,1,T1,1,100,36.587
1738261691.396265,1597521.000,62374,1,T1,1,100,36.609
1738261691.530271,1597655.000,62407,1,T1,1,100,36.583
1738261691.663276,1597788.000,62424,1,T1,1,100,36.678
1738261691.796282,1597921.000,62440,1,T1,1,100,36.683
1738261691.930287,1598055.000,62473,1,T1,1,100,36.650
1738261692.063293,1598188.000,62490,1,T1,1,100,36.600
1738261692.196298,1598321.000,62506,1,T1,1,100,36.543
1738261692.329304,1598454.000,62524,1,T1,1,100,36.661
1738261692.463309,1598588.000,62558,1,T1,1,100,36.570
1738261692.596314,1598721.000,62575,1,T1,1,100,36.530
1738261692.729320,1598854.000,62592,1,T1,1,100,36.478
1738261692.863326,1598988.000,62625,1,T1,1,100,36.561
1738261692.996331,1599121.000,62641,1,T1,1,100,36.597
1738261693.129337,1599254.000,62658,1,T1,1,100,36.542
1738261693.263342,1599388.000,62691,1,T1,1,100,36.625
1738261693.396348,1599521.000,62707,1,T1,1,100,36.625
1738261693.529353,1599654.000,62724,1,T1,1,100,36.660
1738261693.663359,1599788.000,62757,1,T1,1,100,36.640
1738261693.796364,1599921.000,62773,1,T1,1,100,36.561
1738261693.929370,1600054.000,62791,1,T1,1,100,36.562
1738261694.063375,1600188.000,62823,1,T1,1,100,36.669
1738261694.196381,1600321.000,62839,1,T1,1,100,36.644
1738261694.329386,1600454.000,62859,1,T1,1,100,36.740
1738261694.463392,1600588.000,62875,1,T1,1,100,36.639
1738261694.596397,1600721.000,62908,1,T1,1,100,36.560
1738261694.729403,1600854.000,62925,1,T1,1,100,36.526
1738261694.863408,1600988.000,62941,1,T1,1,100,36.582
1738261694.996414,1601121.000,62974,1,T1,1,100,36.642
1738261695.129419,1601254.000,62991,1,T1,1,100,36.526
1738261695.262425,1601387.000,63008,1,T1,1,100,36.618
1738261695.396430,1601521.000,63044,1,T1,1,100,36.693
1738261695.529436,1601654.000,63061,1,T1,1,100,36.690
1738261695.662441,1601787.000,63078,1,T1,1,100,36.759
1738261695.796447,1601921.000,63110,1,T1,1,100,36.612
1738261695.929452,1602054.000,63128,1,T1,1,100,36.513
1738261696.062458,1602187.000,63144,1,T1,1,100,36.506
1738261696.196463,1602321.000,63177,1,T1,1,100,36.573
1738261696.329469,1602454.000,63197,1,T1,1,100,36.567
1738261696.462474,1602587.000,63213,1,T1,1,100,36.635
1738261696.596480,1602721.000,63233,1,T1,1,100,36.559
1738261696.729485,1602854.000,63249,1,T1,1,100,36.525
1738261696.862491,1602987.000,63282,1,T1,1,100,36.617
1738261696.996496,1603121.000,63299,1,T1,1,100,36.480
1738261697.129502,1603254.000,63315,1,T1,1,100,36.562
1738261697.262507,1603387.000,63348,1,T1,1,100,36.633
1738261697.396513,1603521.000,63365,1,T1,1,100,36.629
1738261697.529518,1603654.000,63381,1,T1,1,100,36.591
1738261697.662524,1603787.000,63416,1,T1,1,100,36.575
1738261697.796529,1603921.000,63433,1,T1,1,100,36.639
1738261697.929535,1604054.000,63450,1,T1,1,100,36.596
1738261698.062540,1604187.000,63482,1,T1,1,100,36.577
1738261698.196546,1604321.000,63499,1,T1,1,100,36.640
1738261698.329551,1604454.000,63516,1,T1,1,100,36.560
1738261698.462557,1604587.000,63533,1,T1,1,100,36.562
1738261698.596562,1604721.000,63566,1,T1,1,100,36.633
1738261698.729568,1604854.000,63582,1,T1,1,100,36.558
1738261698.862573,1604987.000,63599,1,T1,1,100,36.667
1738261698.995579,1605120.000,63634,1,T1,1,100,36.608
1738261699.129584,1605254.000,63650,1,T1,1,100,36.547
1738261699.262590,1605387.000,63668,1,T1,1,100,36.627
1738261699.395595,1605520.000,63700,1,T1,1,100,36.661
1738261699.529601,1605654.000,63716,1,T1,1,100,36.605
1738261699.662606,1605787.000,63734,1,T1,1,100,36.616
1738261699.795612,1605920.000,63766,1,T1,1,100,36.586
1738261699.929617,1606054.000,63785,1,T1,1,100,36.608
1738261700.062623,1606187.000,63802,1,T1,1,100,36.511
1738261700.195628,1606320.000,63818,1,T1,1,100,36.647
1738261700.329634,1606454.000,63855,1,T1,1,100,36.563
1738261700.462639,1606587.000,63872,1,T1,1,100,36.527
1738261700.595645,1606720.000,63889,1,T1,1,100,36.547
1738261700.729650,1606854.000,63921,1,T1,1,100,36.591
1738261700.862656,1606987.000,63938,1,T1,1,100,36.504
1738261700.995661,1607120.000,63957,1,T1,1,100,36.537
1738261701.129667,1607254.000,63989,1,T1,1,100,36.622
1738261701.262672,1607387.000,64007,1,T1,1,100,36.553
1738261701.395678,1607520.000,64023,1,T1,1,100,36.594
1738261701.529684,1607654.000,64047,1,T1,1,100,36.647
1738261701.662689,1607787.000,64064,1,T1,1,100,36.635
1738261701.795695,1607920.000,64096,1,T1,1,100,36.558
1738261701.928700,1608053.000,64114,1,T1,1,100,36.561
1738261702.062706,1608187.000,64132,1,T1,1,100,36.597
1738261702.195711,1608320.000,64149,1,T1,1,100,36.613
1738261702.328717,1608453.000,64182,1,T1,1,100,36.691
1738261702.462722,1608587.000,64198,1,T1,1,100,36.583
1738261702.595727,1608720.000,64216,1,T1,1,100,36.536
1738261702.728733,1608853.000,64248,1,T1,1,100,36.693
1738261702.862739,1608987.000,64264,1,T1,1,100,36.548
1738261702.995744,1609120.000,64282,1,T1,1,100,36.556
1738261703.128750,1609253.000,64314,1,T1,1,100,36.524
1738261703.262755,1609387.000,64331,1,T1,1,100,36.617
1738261703.395761,1609520.000,64348,1,T1,1,100,36.586
1738261703.528766,1609653.000,64381,1,T1,1,100,36.608
1738261703.662772,1609787.000,64397,1,T1,1,100,36.547
1738261703.795777,1609920.000,64414,1,T1,1,100,36.485
1738261703.928783,1610053.000,64449,1,T1,1,100,36.600
1738261704.062788,1610187.000,64465,1,T1,1,100,36.650
1738261704.195794,1610320.000,64484,1,T1,1,100,36.636
1738261704.328799,1610453.000,64501,1,T1,1,100,36.559
1738261704.462805,1610587.000,64533,1,T1,1,100,36.596
1738261704.595810,1610720.000,64551,1,T1,1,100,36.613
1738261704.728816,1610853.000,64567,1,T1,1,100,36.513
1738261704.862821,1610987.000,64600,1,T1,1,100,36.577
1738261704.995827,1611120.000,64617,1,T1,1,100,36.569
1738261705.128832,1611253.000,64633,1,T1,1,100,36.672
1738261705.262838,1611387.000,64668,1,T1,1,100,36.681
1738261705.395843,1611520.000,64685,1,T1,1,100,36.614
1738261705.528849,1611653.000,64701,1,T1,1,100,36.656
1738261705.661854,1611786.000,64734,1,T1,1,100,36.674
1738261705.795860,1611920.000,64751,1,T1,1,100,36.575
1738261705.928865,1612053.000,64768,1,T1,1,100,36.533
1738261706.061871,1612186.000,64800,1,T1,1,100,36.514
1738261706.195876,1612320.000,64817,1,T1,1,100,36.471
1738261706.328882,1612453.000,64834,1,T1,1,100,36.558
1738261706.461887,1612586.000,64866,1,T1,1,100,36.632
1738261706.595893,1612720.000,64889,1,T1,1,100,36.557
1738261706.728898,1612853.000,64905,1,T1,1,100,36.560
1738261706.861904,1612986.000,64922,1,T1,1,100,36.526
1738261706.995909,1613120.000,64939,1,T1,1,100,36.511
1738261707.128915,1613253.000,64971,1,T1,1,100,36.611
1738261707.261920,1613386.000,64989,1,T1,1,100,36.655
1738261707.395926,1613520.000,65005,1,T1,1,100,36.531
1738261707.528931,1613653.000,65038,1,T1,1,100,36.584
1738261707.661937,1613786.000,65055,1,T1,1,100,36.678
1738261707.795942,1613920.000,65071,1,T1,1,100,36.648
1738261707.928948,1614053.000,65088,1,T1,1,100,36.600
1738261708.061953,1614186.000,65121,1,T1,1,100,36.508
1738261708.195959,1614320.000,65137,1,T1,1,100,36.681
1738261708.328964,1614453.000,65155,1,T1,1,100,36.685
1738261708.461970,1614586.000,65187,1,T1,1,100,36.651
1738261708.594975,1614719.000,65204,1,T1,1,100,36.672
1738261708.728981,1614853.000,65221,1,T1,1,100,36.645
1738261708.861986,1614986.000,65254,1,T1,1,100,36.740
1738261708.995992,1615120.000,65270,1,T1,1,100,36.675
1738261709.128997,1615253.000,65287,1,T1,1,100,36.682
1738261709.262003,1615386.000,65320,1,T1,1,100,36.721
1738261709.396008,1615520.000,65336,1,T1,1,100,36.666
1738261709.529014,1615653.000,65353,1,T1,1,100,36.714
1738261709.662019,1615786.000,65370,1,T1,1,100,36.699
1738261709.795025,1615919.000,65402,1,T1,1,100,36.551
1738261709.929030,1616053.000,65420,1,T1,1,100,36.593
1738261710.062036,1616186.000,65436,1,T1,1,100,36.576
1738261710.195041,1616319.000,65469,1,T1,1,100,36.604
1738261710.329047,1616453.000,65488,1,T1,1,100,36.616
1738261710.462052,1616586.000,65504,1,T1,1,100,36.550
1738261710.595058,1616719.000,1,1,T1,1,100,36.557
1738261710.729064,1616853.000,18,1,T1,1,100,36.631
1738261710.862069,1616986.000,34,1,T1,1,100,36.663
1738261710.995075,1617119.000,67,1,T1,1,100,36.571
1738261711.129080,1617253.000,84,1,T1,1,100,36.672
1738261711.262085,1617386.000,101,1,T1,1,100,36.681
1738261711.395091,1617519.000,133,1,T1,1,100,36.649
1738261711.529097,1617653.000,150,1,T1,1,100,36.671
1738261711.662102,1617786.000,167,1,T1,1,100,36.787
1738261711.795108,1617919.000,189,1,T1,1,100,36.730
1738261711.929113,1618053.000,222,1,T1,1,100,36.742
1738261712.062119,1618186.000,238,1,T1,1,100,36.675
1738261712.195124,1618319.000,255,1,T1,1,100,36.611
1738261712.328130,1618452.000,288,1,T1,1,100,36.584
1738261712.462135,1618586.000,304,1,T1,1,100,36.536
1738261712.595140,1618719.000,322,1,T1,1,100,36.657
1738261712.728146,1618852.000,354,1,T1,1,100,36.568
1738261712.862152,1618986.000,370,1,T1,1,100,36.565
1738261712.995157,1619119.000,388,1,T1,1,100,36.634
1738261713.128163,1619252.000,420,1,T1,1,100,36.735
1738261713.262168,1619386.000,437,1,T1,1,100,36.602
1738261713.395174,1619519.000,454,1,T1,1,100,36.650
1738261713.528179,1619652.000,487,1,T1,1,100,36.636
1738261713.662185,1619786.000,503,1,T1,1,100,36.523
1738261713.795190,1619919.000,520,1,T1,1,100,36.687
1738261713.928196,1620052.000,536,1,T1,1,100,36.687
1738261714.062201,1620186.000,569,1,T1,1,100,36.723
1738261714.195207,1620319.000,586,1,T1,1,100,36.703
1738261714.328212,1620452.000,603,1,T1,1,100,36.694
1738261714.462218,1620586.000,635,1,T1,1,100,36.726
1738261714.595223,1620719.000,653,1,T1,1,100,36.704
1738261714.728229,1620852.000,669,1,T1,1,100,36.695
1738261714.862234,1620986.000,702,1,T1,1,100,36.655
1738261714.995240,1621119.000,721,1,T1,1,100,36.638
1738261715.128245,1621252.000,737,1,T1,1,100,36.631
1738261715.261251,1621385.000,772,1,T1,1,100,36.663
1738261715.395256,1621519.000,789,1,T1,1,100,36.641
1738261715.528262,1621652.000,805,1,T1,1,100,36.703
1738261715.662267,1621786.000,838,1,T1,1,100,36.659
1738261715.795273,1621919.000,855,1,T1,1,100,36.640
1738261715.928278,1622052.000,872,1,T1,1,100,36.667
1738261716.061284,1622185.000,889,1,T1,1,100,36.501
1738261716.195289,1622319.000,924,1,T1,1,100,36.571
1738261716.328295,1622452.000,940,1,T1,1,100,36.637
1738261716.461300,1622585.000,957,1,T1,1,100,36.630
1738261716.595306,1622719.000,990,1,T1,1,100,36.663
1738261716.728311,1622852.000,1006,1,T1,1,100,36.677
1738261716.861317,1622985.000,1027,1,T1,1,100,36.683
1738261716.995322,1623119.000,1044,1,T1,1,100,36.579
1738261717.128328,1623252.000,1060,1,T1,1,100,36.534
1738261717.261333,1623385.000,1095,1,T1,1,100,36.621
1738261717.395339,1623519.000,1112,1,T1,1,100,36.623
1738261717.528344,1623652.000,1128,1,T1,1,100,36.624
1738261717.661350,1623785.000,1161,1,T1,1,100,36.625
1738261717.795355,1623919.000,1178,1,T1,1,100,36.554
1738261717.928361,1624052.000,1195,1,T1,1,100,36.559
1738261718.061366,1624185.000,1212,1,T1,1,100,36.561
1738261718.195372,1624319.000,1245,1,T1,1,100,36.633
1738261718.328377,1624452.000,1261,1,T1,1,100,36.557
1738261718.461383,1624585.000,1280,1,T1,1,100,36.596
1738261718.595388,1624719.000,1313,1,T1,1,100,36.577
1738261718.728394,1624852.000,1329,1,T1,1,100,36.604
1738261718.861399,1624985.000,1346,1,T1,1,100,36.616
1738261718.994405,1625118.000,1379,1,T1,1,100,36.621
1738261719.128410,1625252.000,1395,1,T1,1,100,36.552
1738261719.261416,1625385.000,1413,1,T1,1,100,36.629
1738261719.394421,1625518.000,1445,1,T1,1,100,36.662
1738261719.528427,1625652.000,1463,1,T1,1,100,36.677
1738261719.661433,1625785.000,1481,1,T1,1,100,36.541
1738261719.794438,1625918.000,1513,1,T1,1,100,36.660
1738261719.928443,1626052.000,1530,1,T1,1,100,36.569
1738261720.061449,1626185.000,1547,1,T1,1,100,36.565
1738261720.194454,1626318.000,1563,1,T1,1,100,36.670
1738261720.328460,1626452.000,1598,1,T1,1,100,36.609
1738261720.461465,1626585.000,1615,1,T1,1,100,36.689
1738261720.594471,1626718.000,1632,1,T1,1,100,36.688
1738261720.728477,1626852.000,1666,1,T1,1,100,36.617
1738261720.861482,1626985.000,1683,1,T1,1,100,36.551
1738261720.994488,1627118.000,1700,1,T1,1,100,36.557
1738261721.128493,1627252.000,1732,1,T1,1,100,36.702
1738261721.261498,1627385.000,1750,1,T1,1,100,36.587
1738261721.394504,1627518.000,1766,1,T1,1,100,36.609
1738261721.528510,1627652.000,1799,1,T1,1,100,36.618
1738261721.661515,1627785.000,1816,1,T1,1,100,36.657
1738261721.794521,1627918.000,1832,1,T1,1,100,36.639
1738261721.928026,1628051.500,1872,2,T1,1,100,36.631
1738261722.061532,1628185.000,1872,2,T1,1,100,36.663
1738261722.194537,1628318.000,1906,1,T1,1,100,36.641
1738261722.327543,1628451.000,1924,1,T1,1,100,36.703
1738261722.461548,1628585.000,1940,1,T1,1,100,36.659
1738261722.594553,1628718.000,1973,1,T1,1,100,36.604
1738261722.727559,1628851.000,1990,1,T1,1,100,36.616
1738261722.861565,1628985.000,2006,1,T1,1,100,36.586
1738261722.994570,1629118.000,2041,1,T1,1,100,36.573
1738261723.127576,1629251.000,2058,1,T1,1,100,36.602
1738261723.261581,1629385.000,2075,1,T1,1,100,36.686
1738261723.394587,1629518.000,2107,1,T1,1,100,36.651
1738261723.527592,1629651.000,2124,1,T1,1,100,36.636
1738261723.661598,1629785.000,2141,1,T1,1,100,36.701
1738261723.794603,1629918.000,2173,1,T1,1,100,36.693
1738261723.927609,1630051.000,2191,1,T1,1,100,36.655
1738261724.061614,1630185.000,2207,1,T1,1,100,36.673
1738261724.194620,1630318.000,2240,1,T1,1,100,36.681
1738261724.327625,1630451.000,2257,1,T1,1,100,36.685
1738261724.461631,1630585.000,2273,1,T1,1,100,36.580
1738261724.594636,1630718.000,2290,1,T1,1,100,36.535
1738261724.727642,1630851.000,2325,1,T1,1,100,36.550
1738261724.861647,1630985.000,2341,1,T1,1,100,36.593
1738261724.994653,1631118.000,2359,1,T1,1,100,36.611
1738261725.127658,1631251.000,2391,1,T1,1,100,36.619
1738261725.260664,1631384.000,2408,1,T1,1,100,36.658
1738261725.394669,1631518.000,2427,1,T1,1,100,36.568
1738261725.527675,1631651.000,2462,1,T1,1,100,36.530
1738261725.660680,1631784.000,2478,1,T1,1,100,36.619
1738261725.794686,1631918.000,2495,1,T1,1,100,36.587
1738261725.927691,1632051.000,2528,1,T1,1,100,36.573
1738261726.060697,1632184.000,2544,1,T1,1,100,36.532
1738261726.194702,1632318.000,2561,1,T1,1,100,36.620
1738261726.327708,1632451.000,2594,1,T1,1,100,36.552
1738261726.460713,1632584.000,2612,1,T1,1,100,36.558
1738261726.594719,1632718.000,2630,1,T1,1,100,36.596
1738261726.727724,1632851.000,2646,1,T1,1,100,36.683
1738261726.860730,1632984.000,2679,1,T1,1,100,36.650
1738261726.994735,1633118.000,2696,1,T1,1,100,36.636
1738261727.127741,1633251.000,2716,1,T1,1,100,36.523
1738261727.261746,1633385.000,2733,1,T1,1,100,36.546
1738261727.394752,1633518.000,2765,1,T1,1,100,36.662
1738261727.527757,1633651.000,2784,1,T1,1,100,36.605
1738261727.660763,1633784.000,2801,1,T1,1,100,36.617
1738261727.794768,1633918.000,2818,1,T1,1,100,36.621
1738261727.927774,1634051.000,2851,1,T1,1,100,36.765
1738261728.060779,1634184.000,2867,1,T1,1,100,36.579
1738261728.194785,1634318.000,2884,1,T1,1,100,36.641
1738261728.327790,1634451.000,2917,1,T1,1,100,36.703
1738261728.460796,1634584.000,2933,1,T1,1,100,36.623
1738261728.594801,1634718.000,2951,1,T1,1,100,36.695
1738261728.727807,1634851.000,2983,1,T1,1,100,36.655
1738261728.860812,1634984.000,2999,1,T1,1,100,36.567
1738261728.994818,1635118.000,3017,1,T1,1,100,36.635
1738261729.127823,1635251.000,3049,1,T1,1,100,36.736
1738261729.260829,1635384.000,3066,1,T1,1,100,36.673
1738261729.393834,1635517.000,3083,1,T1,1,100,36.717
1738261729.527840,1635651.000,3116,1,T1,1,100,36.736
1738261729.660846,1635784.000,3132,1,T1,1,100,36.708
1738261729.793851,1635917.000,3149,1,T1,1,100,36.696
1738261729.927856,1636051.000,3167,1,T1,1,100,36.620
1738261730.060862,1636184.000,3200,1,T1,1,100,36.588
1738261730.193867,1636317.000,3217,1,T1,1,100,36.609
1738261730.327873,1636451.000,3236,1,T1,1,100,36.618
1738261730.460878,1636584.000,3268,1,T1,1,100,36.622
1738261730.593884,1636717.000,3286,1,T1,1,100,36.588
1738261730.727890,1636851.000,3302,1,T1,1,100,36.574
1738261730.860895,1636984.000,3335,1,T1,1,100,36.603
1738261730.993901,1637117.000,3352,1,T1,1,100,36.615
1738261731.127906,1637251.000,3370,1,T1,1,100,36.621
1738261731.260911,1637384.000,3403,1,T1,1,100,36.552
1738261731.393917,1637517.000,3420,1,T1,1,100,36.700
1738261731.527923,1637651.000,3436,1,T1,1,100,36.586
1738261731.660928,1637784.000,3454,1,T1,1,100,36.679
1738261731.793934,1637917.000,3486,1,T1,1,100,36.648
1738261731.927939,1638051.000,3503,1,T1,1,100,36.635
1738261732.060945,1638184.000,3520,1,T1,1,100,36.629
1738261732.193950,1638317.000,3560,1,T1,1,100,36.698
1738261732.327955,1638451.000,3576,1,T1,1,100,36.692
1738261732.460961,1638584.000,3593,1,T1,1,100,36.689
1738261732.593966,1638717.000,3628,1,T1,1,100,36.617
1738261732.726972,1638850.000,3644,1,T1,1,100,36.657
1738261732.860978,1638984.000,3661,1,T1,1,100,36.674
1738261732.993983,1639117.000,3694,1,T1,1,100,36.575
1738261733.126989,1639250.000,3710,1,T1,1,100,36.533
1738261733.260994,1639384.000,3728,1,T1,1,100,36.585
1738261733.394000,1639517.000,3760,1,T1,1,100,36.572
1738261733.527005,1639650.000,3778,1,T1,1,100,36.673
1738261733.661011,1639784.000,3796,1,T1,1,100,36.646
1738261733.794016,1639917.000,3812,1,T1,1,100,36.599
1738261733.927022,1640050.000,3845,1,T1,1,100,36.578
1738261734.061027,1640184.000,3862,1,T1,1,100,36.569
1738261734.194033,1640317.000,3878,1,T1,1,100,36.636
1738261734.327038,1640450.000,3913,1,T1,1,100,36.665
1738261734.461044,1640584.000,3930,1,T1,1,100,36.642
1738261734.594049,1640717.000,3947,1,T1,1,100,36.668
1738261734.727055,1640850.000,3979,1,T1,1,100,36.644
1738261734.861060,1640984.000,3996,1,T1,1,100,36.633
1738261734.994066,1641117.000,4013,1,T1,1,100,36.628
1738261735.127071,1641250.000,4045,1,T1,1,100,36.627
1738261735.261077,1641384.000,4063,1,T1,1,100,36.732
1738261735.394082,1641517.000,4081,1,T1,1,100,36.742
1738261735.527088,1641650.000,4114,1,T1,1,100,36.747
1738261735.660093,1641783.000,4131,1,T1,1,100,36.713
1738261735.794099,1641917.000,4147,1,T1,1,100,36.592
1738261735.927104,1642050.000,4164,1,T1,1,100,36.611
1738261736.060110,1642183.000,4197,1,T1,1,100,36.654
1738261736.194115,1642317.000,4213,1,T1,1,100,36.567
1738261736.327121,1642450.000,4231,1,T1,1,100,36.600
1738261736.460126,1642583.000,4263,1,T1,1,100,36.650
1738261736.594132,1642717.000,4280,1,T1,1,100,36.636
1738261736.727137,1642850.000,4297,1,T1,1,100,36.559
1738261736.860143,1642983.000,4330,1,T1,1,100,36.525
1738261736.994148,1643117.000,4346,1,T1,1,100,36.476
1738261737.127154,1643250.000,4363,1,T1,1,100,36.631
1738261737.260659,1643383.500,4403,2,T1,1,100,36.663
1738261737.394165,1643517.000,4403,2,T1,1,100,36.677
1738261737.527170,1643650.000,4420,1,T1,1,100,36.754
1738261737.660176,1643783.000,4455,1,T1,1,100,36.787
1738261737.794181,1643917.000,4473,1,T1,1,100,36.766
1738261737.927187,1644050.000,4491,1,T1,1,100,36.757
1738261738.060192,1644183.000,4523,1,T1,1,100,36.718
1738261738.194198,1644317.000,4539,1,T1,1,100,36.594
1738261738.327203,1644450.000,4557,1,T1,1,100,36.683
1738261738.460209,1644583.000,4589,1,T1,1,100,36.685
1738261738.594214,1644717.000,4608,1,T1,1,100,36.616
1738261738.727220,1644850.000,4625,1,T1,1,100,36.621
1738261738.860225,1644983.000,4658,1,T1,1,100,36.659
1738261738.994231,1645117.000,4674,1,T1,1,100,36.746
1738261739.127236,1645250.000,4691,1,T1,1,100,36.713
1738261739.260242,1645383.000,4707,1,T1,1,100,36.628
1738261739.393247,1645516.000,4740,1,T1,1,100,36.662
1738261739.527253,1645650.000,4757,1,T1,1,100,36.605
1738261739.660259,1645783.000,4774,1,T1,1,100,36.581
1738261739.793264,1645916.000,4806,1,T1,1,100,36.535
1738261739.927269,1646050.000,4824,1,T1,1,100,36.551
1738261740.060275,1646183.000,4840,1,T1,1,100,36.557
1738261740.193280,1646316.000,4873,1,T1,1,100,36.631
1738261740.327286,1646450.000,4892,1,T1,1,100,36.592
1738261740.460291,1646583.000,4908,1,T1,1,100,36.611
1738261740.593297,1646716.000,4941,1,T1,1,100,36.583
1738261740.727303,1646850.000,4958,1,T1,1,100,36.572
1738261740.860308,1646983.000,4974,1,T1,1,100,36.673
1738261740.993314,1647116.000,5007,1,T1,1,100,36.681
1738261741.127319,1647250.000,5024,1,T1,1,100,36.649
1738261741.260324,1647383.000,5041,1,T1,1,100,36.600
1738261741.393330,1647516.000,5058,1,T1,1,100,36.685
1738261741.527336,1647650.000,5090,1,T1,1,100,36.616
1738261741.660341,1647783.000,5107,1,T1,1,100,36.550
1738261741.793347,1647916.000,5124,1,T1,1,100,36.628
1738261741.927352,1648050.000,5157,1,T1,1,100,36.591
1738261742.060358,1648183.000,5173,1,T1,1,100,36.575
1738261742.193363,1648316.000,5190,1,T1,1,100,36.710
1738261742.326369,1648449.000,5223,1,T1,1,100,36.662
1738261742.460374,1648583.000,5244,1,T1,1,100,36.570
1738261742.593379,1648716.000,5262,1,T1,1,100,36.601
1738261742.726385,1648849.000,5294,1,T1,1,100,36.579
1738261742.860391,1648983.000,5310,1,T1,1,100,36.463
1738261742.993396,1649116.000,5328,1,T1,1,100,36.520
1738261743.126402,1649249.000,5360,1,T1,1,100,36.615
1738261743.260407,1649383.000,5377,1,T1,1,100,36.621
1738261743.393413,1649516.000,5394,1,T1,1,100,36.588
1738261743.526418,1649649.000,5410,1,T1,1,100,36.644
1738261743.660424,1649783.000,5443,1,T1,1,100,36.562
1738261743.793429,1649916.000,5460,1,T1,1,100,36.562
1738261743.926435,1650049.000,5477,1,T1,1,100,36.562
1738261744.060440,1650183.000,5509,1,T1,1,100,36.598
1738261744.193446,1650316.000,5526,1,T1,1,100,36.542
1738261744.326451,1650449.000,5543,1,T1,1,100,36.483
1738261744.460457,1650583.000,5575,1,T1,1,100,36.599
1738261744.593462,1650716.000,5593,1,T1,1,100,36.649
1738261744.726468,1650849.000,5609,1,T1,1,100,36.529
1738261744.860473,1650983.000,5642,1,T1,1,100,36.619
1738261744.993479,1651116.000,5659,1,T1,1,100,36.658
1738261745.126484,1651249.000,5675,1,T1,1,100,36.710
1738261745.260490,1651383.000,5692,1,T1,1,100,36.768
1738261745.393495,1651516.000,5729,1,T1,1,100,36.722
1738261745.526501,1651649.000,5745,1,T1,1,100,36.596
1738261745.659506,1651782.000,5763,1,T1,1,100,36.613
1738261745.793512,1651916.000,5795,1,T1,1,100,36.691
1738261745.926517,1652049.000,5812,1,T1,1,100,36.689
1738261746.059523,1652182.000,5829,1,T1,1,100,36.724
1738261746.193528,1652316.000,5864,1,T1,1,100,36.561
1738261746.326534,1652449.000,5880,1,T1,1,100,36.562
1738261746.459539,1652582.000,5897,1,T1,1,100,36.633
1738261746.593545,1652716.000,5930,1,T1,1,100,36.558
1738261746.726550,1652849.000,5946,1,T1,1,100,36.525
1738261746.859556,1652982.000,5963,1,T1,1,100,36.617
1738261746.993561,1653116.000,5996,1,T1,1,100,36.657
1738261747.126567,1653249.000,6012,1,T1,1,100,36.533
1738261747.259572,1653382.000,6032,1,T1,1,100,36.620
1738261747.393578,1653516.000,6064,1,T1,1,100,36.552
1738261747.526583,1653649.000,6085,1,T1,1,100,36.593
1738261747.659589,1653782.000,6103,1,T1,1,100,36.576
1738261747.793594,1653916.000,6119,1,T1,1,100,36.533
1738261747.926600,1654049.000,6152,1,T1,1,100,36.585
1738261748.059605,1654182.000,6169,1,T1,1,100,36.537
1738261748.193611,1654316.000,6185,1,T1,1,100,36.622
1738261748.326616,1654449.000,6218,1,T1,1,100,36.695
1738261748.459622,1654582.000,6235,1,T1,1,100,36.655
1738261748.592627,1654715.000,6252,1,T1,1,100,36.709
1738261748.726633,1654849.000,6284,1,T1,1,100,36.626
1738261748.859638,1654982.000,6301,1,T1,1,100,36.661
1738261748.992644,1655115.000,6318,1,T1,1,100,36.711
1738261749.126649,1655249.000,6350,1,T1,1,100,36.662
1738261749.259655,1655382.000,6368,1,T1,1,100,36.641
1738261749.392660,1655515.000,6384,1,T1,1,100,36.632
1738261749.526666,1655649.000,6401,1,T1,1,100,36.663
1738261749.659672,1655782.000,6436,1,T1,1,100,36.642
1738261749.792677,1655915.000,6452,1,T1,1,100,36.597
1738261749.926682,1656049.000,6470,1,T1,1,100,36.648
1738261750.059688,1656182.000,6502,1,T1,1,100,36.635
1738261750.192693,1656315.000,6518,1,T1,1,100,36.629
1738261750.326699,1656449.000,6538,1,T1,1,100,36.662
1738261750.459704,1656582.000,6570,1,T1,1,100,36.570
1738261750.592710,1656715.000,6587,1,T1,1,100,36.672
1738261750.726716,1656849.000,6606,1,T1,1,100,36.681
1738261750.859721,1656982.000,6639,1,T1,1,100,36.649
1738261750.992727,1657115.000,6655,1,T1,1,100,36.600
1738261751.126732,1657249.000,6672,1,T1,1,100,36.472
1738261751.259737,1657382.000,6705,1,T1,1,100,36.665
1738261751.392743,1657515.000,6721,1,T1,1,100,36.678
1738261751.526749,1657649.000,6738,1,T1,1,100,36.719
1738261751.659754,1657782.000,6755,1,T1,1,100,36.772
1738261751.792760,1657915.000,6787,1,T1,1,100,36.724
1738261751.925765,1658048.000,6807,1,T1,1,100,36.668
1738261752.059771,1658182.000,6823,1,T1,1,100,36.644
1738261752.192776,1658315.000,6856,1,T1,1,100,36.668
1738261752.325782,1658448.000,6873,1,T1,1,100,36.537
1738261752.459787,1658582.000,6889,1,T1,1,100,36.552
1738261752.592793,1658715.000,6927,1,T1,1,100,36.629
1738261752.725798,1658848.000,6944,1,T1,1,100,36.662
1738261752.859804,1658982.000,6960,1,T1,1,100,36.641
1738261752.992809,1659115.000,6980,1,T1,1,100,36.632
1738261753.125815,1659248.000,7012,1,T1,1,100,36.699
1738261753.259820,1659382.000,7029,1,T1,1,100,36.692
1738261753.392826,1659515.000,7046,1,T1,1,100,36.690
1738261753.525831,1659648.000,7079,1,T1,1,100,36.688
1738261753.659837,1659782.000,7095,1,T1,1,100,36.617
1738261753.792842,1659915.000,7112,1,T1,1,100,36.728
1738261753.925848,1660048.000,7147,1,T1,1,100,36.563
1738261754.059853,1660182.000,7165,1,T1,1,100,36.705
1738261754.192859,1660315.000,7182,1,T1,1,100,36.659
1738261754.325864,1660448.000,7215,1,T1,1,100,36.782
1738261754.459870,1660582.000,7231,1,T1,1,100,36.764
1738261754.592875,1660715.000,7249,1,T1,1,100,36.614
1738261754.725881,1660848.000,7265,1,T1,1,100,36.691
1738261754.859886,1660982.000,7298,1,T1,1,100,36.618
1738261754.992892,1661115.000,7315,1,T1,1,100,36.622
1738261755.125897,1661248.000,7331,1,T1,1,100,36.624
1738261755.258903,1661381.000,7368,1,T1,1,100,36.695
1738261755.392908,1661515.000,7385,1,T1,1,100,36.585
1738261755.525914,1661648.000,7401,1,T1,1,100,36.678
1738261755.658919,1661781.000,7434,1,T1,1,100,36.684
1738261755.792925,1661915.000,7451,1,T1,1,100,36.615
1738261755.925930,1662048.000,7468,1,T1,1,100,36.585
1738261756.058936,1662181.000,7502,1,T1,1,100,36.714
1738261756.192941,1662315.000,7519,1,T1,1,100,36.699
1738261756.325947,1662448.000,7536,1,T1,1,100,36.799
1738261756.458952,1662581.000,7568,1,T1,1,100,36.665
1738261756.592958,1662715.000,7586,1,T1,1,100,36.642
1738261756.725963,1662848.000,7602,1,T1,1,100,36.632
1738261756.858969,1662981.000,7619,1,T1,1,100,36.664
1738261756.992974,1663115.000,7652,1,T1,1,100,36.571
1738261757.125980,1663248.000,7670,1,T1,1,100,36.566
1738261757.258985,1663381.000,7687,1,T1,1,100,36.670
1738261757.392991,1663515.000,7720,1,T1,1,100,36.609
1738261757.525996,1663648.000,7736,1,T1,1,100,36.583
1738261757.659002,1663781.000,7754,1,T1,1,100,36.678
1738261757.793007,1663915.000,7775,1,T1,1,100,36.577
1738261757.926013,1664048.000,7808,1,T1,1,100,36.533
1738261758.059018,1664181.000,7825,1,T1,1,100,36.550
1738261758.193024,1664315.000,7841,1,T1,1,100,36.628
1738261758.326029,1664448.000,7874,1,T1,1,100,36.626
1738261758.459035,1664581.000,7891,1,T1,1,100,36.626
1738261758.593040,1664715.000,7910,1,T1,1,100,36.625
1738261758.726046,1664848.000,7942,1,T1,1,100,36.731
1738261758.859051,1664981.000,7959,1,T1,1,100,36.707
1738261758.992057,1665114.000,7976,1,T1,1,100,36.696
1738261759.126062,1665248.000,8008,1,T1,1,100,36.656
1738261759.259068,1665381.000,8026,1,T1,1,100,36.638
1738261759.392073,1665514.000,8042,1,T1,1,100,36.666
1738261759.526079,1665648.000,8059,1,T1,1,100,36.607
1738261759.659085,1665781.000,8094,1,T1,1,100,36.688
1738261759.792090,1665914.000,8110,1,T1,1,100,36.688
1738261759.926095,1666048.000,8128,1,T1,1,100,36.759
1738261760.059101,1666181.000,8160,1,T1,1,100,36.683
1738261760.192106,1666314.000,8176,1,T1,1,100,36.650
1738261760.326112,1666448.000,8196,1,T1,1,100,36.671
1738261760.459117,1666581.000,8230,1,T1,1,100,36.645
1738261760.592123,1666714.000,8247,1,T1,1,100,36.634
1738261760.726129,1666848.000,8264,1,T1,1,100,36.629
1738261760.859134,1666981.000,8297,1,T1,1,100,36.556
1738261760.992140,1667114.000,8313,1,T1,1,100,36.595
1738261761.126145,1667248.000,8330,1,T1,1,100,36.612
1738261761.259151,1667381.000,8346,1,T1,1,100,36.655
1738261761.392156,1667514.000,8379,1,T1,1,100,36.602
1738261761.526162,1667648.000,8396,1,T1,1,100,36.651
1738261761.659167,1667781.000,8413,1,T1,1,100,36.672
1738261761.792173,1667914.000,8447,1,T1,1,100,36.681
1738261761.926178,1668048.000,8465,1,T1,1,100,36.649
1738261762.059184,1668181.000,8481,1,T1,1,100,36.635
1738261762.192189,1668314.000,8514,1,T1,1,100,36.559
1738261762.326195,1668448.000,8531,1,T1,1,100,36.667
1738261762.459200,1668581.000,8547,1,T1,1,100,36.750
1738261762.592206,1668714.000,8580,1,T1,1,100,36.750
1738261762.725211,1668847.000,8597,1,T1,1,100,36.785
1738261762.858717,1668980.500,8620,2,T1,1,100,36.588
1738261762.992222,1669114.000,8620,2,T1,1,100,36.644
1738261763.125228,1669247.000,8652,1,T1,1,100,36.633
1738261763.259233,1669381.000,8669,1,T1,1,100,36.664
1738261763.392239,1669514.000,8686,1,T1,1,100,36.536
1738261763.525244,1669647.000,8719,1,T1,1,100,36.586
1738261763.659250,1669781.000,8735,1,T1,1,100,36.715
1738261763.792255,1669914.000,8752,1,T1,1,100,36.593
1738261763.925261,1670047.000,8787,1,T1,1,100,36.576
1738261764.059266,1670181.000,8803,1,T1,1,100,36.533
1738261764.192272,1670314.000,8820,1,T1,1,100,36.585
1738261764.325277,1670447.000,8853,1,T1,1,100,36.572
1738261764.459283,1670581.000,8869,1,T1,1,100,36.567
1738261764.592288,1670714.000,8887,1,T1,1,100,36.493
1738261764.725294,1670847.000,8919,1,T1,1,100,36.568
1738261764.859299,1670981.000,8935,1,T1,1,100,36.742
1738261764.992305,1671114.000,8953,1,T1,1,100,36.676
1738261765.125310,1671247.000,8987,1,T1,1,100,36.647
1738261765.259316,1671381.000,9004,1,T1,1,100,36.670
1738261765.392321,1671514.000,9023,1,T1,1,100,36.786
1738261765.525327,1671647.000,9039,1,T1,1,100,36.695
1738261765.658332,1671780.000,9072,1,T1,1,100,36.726
1738261765.792338,1671914.000,9089,1,T1,1,100,36.562
1738261765.925343,1672047.000,9106,1,T1,1,100,36.598
1738261766.058349,1672180.000,9138,1,T1,1,100,36.649
1738261766.192354,1672314.000,9157,1,T1,1,100,36.671
1738261766.325360,1672447.000,9174,1,T1,1,100,36.609
1738261766.458365,1672580.000,9206,1,T1,1,100,36.547
1738261766.592371,1672714.000,9224,1,T1,1,100,36.485
1738261766.725376,1672847.000,9240,1,T1,1,100,36.564
1738261766.858382,1672980.000,9273,1,T1,1,100,36.634
1738261766.992387,1673114.000,9290,1,T1,1,100,36.558
1738261767.125393,1673247.000,9306,1,T1,1,100,36.632
1738261767.258398,1673380.000,9339,1,T1,1,100,36.699
1738261767.392404,1673514.000,9356,1,T1,1,100,36.621
1738261767.525409,1673647.000,9372,1,T1,1,100,36.588
1738261767.658415,1673780.000,9407,1,T1,1,100,36.609
1738261767.792420,1673914.000,9424,1,T1,1,100,36.547
1738261767.925426,1674047.000,9441,1,T1,1,100,36.627
1738261768.058431,1674180.000,9465,1,T1,1,100,36.661
1738261768.192437,1674314.000,9498,1,T1,1,100,36.676
1738261768.325442,1674447.000,9514,1,T1,1,100,36.612
1738261768.458448,1674580.000,9531,1,T1,1,100,36.690
1738261768.591453,1674713.000,9566,1,T1,1,100,36.689
1738261768.725459,1674847.000,9582,1,T1,1,100,36.582
1738261768.858464,1674980.000,9599,1,T1,1,100,36.606
1738261768.991470,1675113.000,9632,1,T1,1,100,36.581
1738261769.125475,1675247.000,9648,1,T1,1,100,36.642
1738261769.258481,1675380.000,9666,1,T1,1,100,36.632
1738261769.391486,1675513.000,9698,1,T1,1,100,36.628
1738261769.525492,1675647.000,9714,1,T1,1,100,36.662
1738261769.658498,1675780.000,9732,1,T1,1,100,36.570
1738261769.791503,1675913.000,9748,1,T1,1,100,36.672
1738261769.925508,1676047.000,9783,1,T1,1,100,36.645
1738261770.058514,1676180.000,9800,1,T1,1,100,36.598
1738261770.191519,1676313.000,9816,1,T1,1,100,36.684
1738261770.325525,1676447.000,9851,1,T1,1,100,36.722
1738261770.458530,1676580.000,9868,1,T1,1,100,36.702
1738261770.591536,1676713.000,9885,1,T1,1,100,36.623
1738261770.725542,1676847.000,9917,1,T1,1,100,36.553
1738261770.858547,1676980.000,9934,1,T1,1,100,36.558
1738261770.991553,1677113.000,9951,1,T1,1,100,36.632
1738261771.125558,1677247.000,9983,1,T1,1,100,36.628
1738261771.258564,1677380.000,10001,1,T1,1,100,36.626
1738261771.391569,1677513.000,10019,1,T1,1,100,36.555
1738261771.525575,1677647.000,10052,1,T1,1,100,36.630
1738261771.658580,1677780.000,10069,1,T1,1,100,36.769
1738261771.791586,1677913.000,10085,1,T1,1,100,36.652
1738261771.924591,1678046.000,10102,1,T1,1,100,36.672
1738261772.058597,1678180.000,10137,1,T1,1,100,36.539
1738261772.191602,1678313.000,10153,1,T1,1,100,36.588
1738261772.324608,1678446.000,10171,1,T1,1,100,36.751
1738261772.458613,1678580.000,10203,1,T1,1,100,36.786
1738261772.591619,1678713.000,10220,1,T1,1,100,36.730
1738261772.724624,1678846.000,10237,1,T1,1,100,36.635
1738261772.858630,1678980.000,10270,1,T1,1,100,36.665
1738261772.991635,1679113.000,10286,1,T1,1,100,36.642
1738261773.124641,1679246.000,10308,1,T1,1,100,36.632
1738261773.258646,1679380.000,10326,1,T1,1,100,36.664
1738261773.391652,1679513.000,10344,1,T1,1,100,36.677
1738261773.524657,1679646.000,10379,1,T1,1,100,36.683
1738261773.658663,1679780.000,10396,1,T1,1,100,36.544
1738261773.791668,1679913.000,10412,1,T1,1,100,36.625
1738261773.924674,1680046.000,10445,1,T1,1,100,36.625
1738261774.058679,1680180.000,10462,1,T1,1,100,36.590
1738261774.191685,1680313.000,10478,1,T1,1,100,36.645
1738261774.324690,1680446.000,10511,1,T1,1,100,36.634
1738261774.458696,1680580.000,10528,1,T1,1,100,36.593
1738261774.591701,1680713.000,10545,1,T1,1,100,36.647
1738261774.724707,1680846.000,10577,1,T1,1,100,36.670
1738261774.858712,1680980.000,10594,1,T1,1,100,36.680
1738261774.991718,1681113.000,10611,1,T1,1,100,36.649
1738261775.124723,1681246.000,10628,1,T1,1,100,36.706
1738261775.258729,1681380.000,10661,1,T1,1,100,36.625
1738261775.391734,1681513.000,10679,1,T1,1,100,36.589
1738261775.524740,1681646.000,10696,1,T1,1,100,36.610
1738261775.657745,1681779.000,10729,1,T1,1,100,36.583
1738261775.791751,1681913.000,10745,1,T1,1,100,36.607
1738261775.924756,1682046.000,10763,1,T1,1,100,36.759
1738261776.057762,1682179.000,10795,1,T1,1,100,36.754
1738261776.191767,1682313.000,10811,1,T1,1,100,36.645
1738261776.324773,1682446.000,10829,1,T1,1,100,36.669
1738261776.457778,1682579.000,10861,1,T1,1,100,36.680
1738261776.591784,1682713.000,10878,1,T1,1,100,36.649
1738261776.724789,1682846.000,10895,1,T1,1,100,36.600
1738261776.857795,1682979.000,10928,1,T1,1,100,36.650
1738261776.991800,1683113.000,10944,1,T1,1,100,36.636
1738261777.124806,1683246.000,10961,1,T1,1,100,36.665
1738261777.257811,1683379.000,10994,1,T1,1,100,36.749
1738261777.391817,1683513.000,11010,1,T1,1,100,36.679
1738261777.524822,1683646.000,11027,1,T1,1,100,36.684
1738261777.657828,1683779.000,11044,1,T1,1,100,36.615
1738261777.791833,1683913.000,11076,1,T1,1,100,36.656
1738261777.924839,1684046.000,11094,1,T1,1,100,36.638
1738261778.057844,1684179.000,11112,1,T1,1,100,36.702
1738261778.191850,1684313.000,11150,1,T1,1,100,36.658
1738261778.324855,1684446.000,11167,1,T1,1,100,36.746
1738261778.457861,1684579.000,11183,1,T1,1,100,36.606
1738261778.591866,1684713.000,11216,1,T1,1,100,36.652
1738261778.724872,1684846.000,11233,1,T1,1,100,36.601
1738261778.857877,1684979.000,11249,1,T1,1,100,36.615
1738261778.991883,1685113.000,11282,1,T1,1,100,36.656
1738261779.124888,1685246.000,11299,1,T1,1,100,36.709
1738261779.257894,1685379.000,11316,1,T1,1,100,36.661
1738261779.390899,1685512.000,11348,1,T1,1,100,36.605
1738261779.524905,1685646.000,11365,1,T1,1,100,36.652
1738261779.657911,1685779.000,11382,1,T1,1,100,36.672
1738261779.790916,1685912.000,11399,1,T1,1,100,36.645
1738261779.924922,1686046.000,11432,1,T1,1,100,36.563
1738261780.057927,1686179.000,11448,1,T1,1,100,36.634
1738261780.190933,1686312.000,11465,1,T1,1,100,36.664
1738261780.324938,1686446.000,11500,1,T1,1,100,36.642
1738261780.457943,1686579.000,11516,1,T1,1,100,36.597
1738261780.590949,1686712.000,11536,1,T1,1,100,36.613
1738261780.724955,1686846.000,11570,1,T1,1,100,36.620
1738261780.857960,1686979.000,11586,1,T1,1,100,36.658
1738261780.990966,1687112.000,11604,1,T1,1,100,36.604
1738261781.124971,1687246.000,11636,1,T1,1,100,36.580
1738261781.257977,1687379.000,11653,1,T1,1,100,36.606
1738261781.390982,1687512.000,11670,1,T1,1,100,36.688
1738261781.524988,1687646.000,11703,1,T1,1,100,36.794
1738261781.657993,1687779.000,11719,1,T1,1,100,36.698
1738261781.790999,1687912.000,11736,1,T1,1,100,36.692
1738261781.924004,1688045.000,11752,1,T1,1,100,36.654
1738261782.058010,1688179.000,11785,1,T1,1,100,36.673
1738261782.191015,1688312.000,11802,1,T1,1,100,36.681
1738261782.325021,1688446.000,11819,1,T1,1,100,36.649
1738261782.458026,1688579.000,11851,1,T1,1,100,36.742
1738261782.591032,1688712.000,11869,1,T1,1,100,36.605
1738261782.724037,1688845.000,11885,1,T1,1,100,36.581
1738261782.858043,1688979.000,11918,1,T1,1,100,36.641
1738261782.991048,1689112.000,11935,1,T1,1,100,36.632
1738261783.124054,1689245.000,11951,1,T1,1,100,36.664
1738261783.257559,1689378.500,11988,2,T1,1,100,36.748
1738261783.391065,1689512.000,11988,2,T1,1,100,36.714
1738261783.524070,1689645.000,12004,1,T1,1,100,36.663
1738261783.658076,1689779.000,12037,1,T1,1,100,36.571
1738261783.791081,1689912.000,12054,1,T1,1,100,36.637
1738261783.924087,1690045.000,12071,1,T1,1,100,36.807
1738261784.058092,1690179.000,12103,1,T1,1,100,36.598
1738261784.191098,1690312.000,12120,1,T1,1,100,36.649
1738261784.324103,1690445.000,12137,1,T1,1,100,36.564
1738261784.458109,1690579.000,12154,1,T1,1,100,36.705
1738261784.591114,1690712.000,12187,1,T1,1,100,36.731
1738261784.724120,1690845.000,12203,1,T1,1,100,36.671
1738261784.858125,1690979.000,12220,1,T1,1,100,36.716
1738261784.991131,1691112.000,12253,1,T1,1,100,36.664
1738261785.124136,1691245.000,12269,1,T1,1,100,36.642
1738261785.258142,1691379.000,12287,1,T1,1,100,36.703
1738261785.391147,1691512.000,12323,1,T1,1,100,36.730
1738261785.524153,1691645.000,12339,1,T1,1,100,36.670
1738261785.657158,1691778.000,12357,1,T1,1,100,36.822
1738261785.791164,1691912.000,12389,1,T1,1,100,36.746
1738261785.924169,1692045.000,12406,1,T1,1,100,36.606
1738261786.058175,1692179.000,12423,1,T1,1,100,36.581
1738261786.191180,1692312.000,12456,1,T1,1,100,36.748
1738261786.324186,1692445.000,12472,1,T1,1,100,36.714
1738261786.458191,1692579.000,12489,1,T1,1,100,36.734
1738261786.591197,1692712.000,12505,1,T1,1,100,36.708
1738261786.724202,1692845.000,12540,1,T1,1,100,36.696
1738261786.857208,1692978.000,12557,1,T1,1,100,36.727
1738261786.991213,1693112.000,12574,1,T1,1,100,36.669
1738261787.124219,1693245.000,12606,1,T1,1,100,36.680
1738261787.257224,1693378.000,12624,1,T1,1,100,36.684
1738261787.391230,1693512.000,12640,1,T1,1,100,36.686
1738261787.524235,1693645.000,12673,1,T1,1,100,36.722
1738261787.657241,1693778.000,12690,1,T1,1,100,36.703
1738261787.791246,1693912.000,12708,1,T1,1,100,36.659
1738261787.924252,1694045.000,12741,1,T1,1,100,36.675
1738261788.057257,1694178.000,12758,1,T1,1,100,36.682
1738261788.191263,1694312.000,12774,1,T1,1,100,36.827
1738261788.324269,1694445.000,12807,1,T1,1,100,36.854
1738261788.457274,1694578.000,12829,1,T1,1,100,36.795
1738261788.590279,1694711.000,12846,1,T1,1,100,36.628
1738261788.724285,1694845.000,12863,1,T1,1,100,36.662
1738261788.857291,1694978.000,12879,1,T1,1,100,36.712
1738261788.991296,1695112.000,12916,1,T1,1,100,36.663
1738261789.124301,1695245.000,12933,1,T1,1,100,36.677
1738261789.257307,1695378.000,12950,1,T1,1,100,36.754
1738261789.390312,1695511.000,12967,1,T1,1,100,36.716
1738261789.524318,1695645.000,12999,1,T1,1,100,36.700
1738261789.657324,1695778.000,13016,1,T1,1,100,36.551
1738261789.790329,1695911.000,13033,1,T1,1,100,36.522
1738261789.924335,1696045.000,13066,1,T1,1,100,36.651
1738261790.057340,1696178.000,13084,1,T1,1,100,36.601
1738261790.190346,1696311.000,13101,1,T1,1,100,36.650
1738261790.324351,1696445.000,13136,1,T1,1,100,36.636
1738261790.457356,1696578.000,13152,1,T1,1,100,36.630
1738261790.590362,1696711.000,13170,1,T1,1,100,36.698
1738261790.724368,1696845.000,13202,1,T1,1,100,36.727
1738261790.857373,1696978.000,13218,1,T1,1,100,36.669
1738261790.990379,1697111.000,13236,1,T1,1,100,36.644
1738261791.124384,1697245.000,13268,1,T1,1,100,36.704
1738261791.257390,1697378.000,13287,1,T1,1,100,36.659
1738261791.390395,1697511.000,13304,1,T1,1,100,36.569
1738261791.524401,1697645.000,13320,1,T1,1,100,36.636
1738261791.657406,1697778.000,13353,1,T1,1,100,36.665
1738261791.790412,1697911.000,13370,1,T1,1,100,36.820
1738261791.923417,1698044.000,13386,1,T1,1,100,36.709
1738261792.057423,1698178.000,13419,1,T1,1,100,36.555
1738261792.190428,1698311.000,13436,1,T1,1,100,36.524
1738261792.323434,1698444.000,13453,1,T1,1,100,36.581
1738261792.457439,1698578.000,13485,1,T1,1,100,36.642
1738261792.590445,1698711.000,13503,1,T1,1,100,36.668
1738261792.723450,1698844.000,13519,1,T1,1,100,36.643
1738261792.857456,1698978.000,13552,1,T1,1,100,36.668
1738261792.990461,1699111.000,13569,1,T1,1,100,36.644
1738261793.123467,1699244.000,13585,1,T1,1,100,36.669
1738261793.257472,1699378.000,13618,1,T1,1,100,36.679
1738261793.390478,1699511.000,13635,1,T1,1,100,36.649
1738261793.523483,1699644.000,13651,1,T1,1,100,36.600
1738261793.657489,1699778.000,13691,1,T1,1,100,36.650
1738261793.790494,1699911.000,13708,1,T1,1,100,36.742
1738261793.923500,1700044.000,13725,1,T1,1,100,36.747
1738261794.057505,1700178.000,13742,1,T1,1,100,36.713
1738261794.190511,1700311.000,13775,1,T1,1,100,36.663
1738261794.323516,1700444.000,13791,1,T1,1,100,36.712
1738261794.457522,1700578.000,13808,1,T1,1,100,36.698
1738261794.590527,1700711.000,13841,1,T1,1,100,36.657
1738261794.723533,1700844.000,13857,1,T1,1,100,36.532
1738261794.857538,1700978.000,13874,1,T1,1,100,36.620
1738261794.990544,1701111.000,13909,1,T1,1,100,36.623
1738261795.123549,1701244.000,13927,1,T1,1,100,36.624
1738261795.257555,1701378.000,13947,1,T1,1,100,36.625
1738261795.390560,1701511.000,13981,1,T1,1,100,36.696
1738261795.523566,1701644.000,13997,1,T1,1,100,36.656
1738261795.656571,1701777.000,14015,1,T1,1,100,36.709
1738261795.790577,1701911.000,14047,1,T1,1,100,36.732
1738261795.923582,1702044.000,14064,1,T1,1,100,36.671
1738261796.056588,1702177.000,14081,1,T1,1,100,36.574
1738261796.190593,1702311.000,14097,1,T1,1,100,36.638
1738261796.323599,1702444.000,14130,1,T1,1,100,36.702
1738261796.456604,1702577.000,14147,1,T1,1,100,36.729
1738261796.590610,1702711.000,14164,1,T1,1,100,36.670
1738261796.723615,1702844.000,14196,1,T1,1,100,36.680
1738261796.856621,1702977.000,14213,1,T1,1,100,36.649
1738261796.990626,1703111.000,14230,1,T1,1,100,36.635
1738261797.123632,1703244.000,14262,1,T1,1,100,36.629
1738261797.256637,1703377.000,14280,1,T1,1,100,36.627
1738261797.390643,1703511.000,14296,1,T1,1,100,36.661
1738261797.523649,1703644.000,14329,1,T1,1,100,36.747
1738261797.656654,1703777.000,14346,1,T1,1,100,36.713
1738261797.790659,1703911.000,14362,1,T1,1,100,36.699
1738261797.923665,1704044.000,14395,1,T1,1,100,36.728
1738261798.056670,1704177.000,14412,1,T1,1,100,36.669
1738261798.190676,1704311.000,14428,1,T1,1,100,36.573
1738261798.323682,1704444.000,14446,1,T1,1,100,36.674
1738261798.456687,1704577.000,14480,1,T1,1,100,36.717
1738261798.590693,1704711.000,14497,1,T1,1,100,36.807
1738261798.723698,1704844.000,14519,1,T1,1,100,36.739
1738261798.856704,1704977.000,14552,1,T1,1,100,36.710
1738261798.989709,1705110.000,14568,1,T1,1,100,36.697
1738261799.123714,1705244.000,14585,1,T1,1,100,36.550
1738261799.256720,1705377.000,14601,1,T1,1,100,36.628
1738261799.389725,1705510.000,14634,1,T1,1,100,36.662
1738261799.523731,1705644.000,14651,1,T1,1,100,36.605
1738261799.656737,1705777.000,14668,1,T1,1,100,36.617
1738261799.789742,1705910.000,14700,1,T1,1,100,36.621
1738261799.923748,1706044.000,14718,1,T1,1,100,36.659
1738261800.056753,1706177.000,14734,1,T1,1,100,36.640
1738261800.189759,1706310.000,14767,1,T1,1,100,36.667
1738261800.323764,1706444.000,14786,1,T1,1,100,36.608
1738261800.456769,1706577.000,14804,1,T1,1,100,36.724
1738261800.589775,1706710.000,14837,1,T1,1,100,36.739
1738261800.723781,1706844.000,14854,1,T1,1,100,36.674
1738261800.856786,1706977.000,14870,1,T1,1,100,36.611
1738261800.989792,1707110.000,14903,1,T1,1,100,36.619
1738261801.123797,1707244.000,14920,1,T1,1,100,36.658
1738261801.256803,1707377.000,14937,1,T1,1,100,36.568
1738261801.389808,1707510.000,14954,1,T1,1,100,36.636
1738261801.523814,1707644.000,14987,1,T1,1,100,36.559
1738261801.656819,1707777.000,15003,1,T1,1,100,36.667
1738261801.789825,1707910.000,15020,1,T1,1,100,36.785
1738261801.923830,1708044.000,15053,1,T1,1,100,36.730
1738261802.056836,1708177.000,15069,1,T1,1,100,36.706
1738261802.189841,1708310.000,15086,1,T1,1,100,36.695
1738261802.322847,1708443.000,15119,1,T1,1,100,36.726
1738261802.456852,1708577.000,15137,1,T1,1,100,36.633
1738261802.589858,1708710.000,15155,1,T1,1,100,36.629
1738261802.722863,1708843.000,15187,1,T1,1,100,36.556
1738261802.856869,1708977.000,15203,1,T1,1,100,36.595
1738261802.989874,1709110.000,15221,1,T1,1,100,36.612
1738261803.122880,1709243.000,15253,1,T1,1,100,36.761
1738261803.256885,1709377.000,15270,1,T1,1,100,36.755
1738261803.389891,1709510.000,15287,1,T1,1,100,36.610
1738261803.522896,1709643.000,15303,1,T1,1,100,36.654
1738261803.656902,1709777.000,15336,1,T1,1,100,36.673
1738261803.789907,1709910.000,15358,1,T1,1,100,36.539
1738261803.922913,1710043.000,15376,1,T1,1,100,36.623
1738261804.056918,1710177.000,15392,1,T1,1,100,36.624
1738261804.189924,1710310.000,15425,1,T1,1,100,36.660
1738261804.322929,1710443.000,15442,1,T1,1,100,36.640
1738261804.456935,1710577.000,15458,1,T1,1,100,36.667
1738261804.589940,1710710.000,15491,1,T1,1,100,36.643
1738261804.722946,1710843.000,15508,1,T1,1,100,36.633
1738261804.856951,1710977.000,15524,1,T1,1,100,36.664
1738261804.989957,1711110.000,15557,1,T1,1,100,36.677
1738261805.122962,1711243.000,15574,1,T1,1,100,36.683
1738261805.256968,1711377.000,15591,1,T1,1,100,36.544
1738261805.389973,1711510.000,15610,1,T1,1,100,36.661
1738261805.522979,1711643.000,15642,1,T1,1,100,36.640
1738261805.655984,1711776.000,15659,1,T1,1,100,36.596
1738261805.789990,1711910.000,15676,1,T1,1,100,36.648
1738261805.922995,1712043.000,15709,1,T1,1,100,36.635
1738261806.056001,1712176.000,15725,1,T1,1,100,36.665
1738261806.190006,1712310.000,15742,1,T1,1,100,36.713
1738261806.323012,1712443.000,15775,1,T1,1,100,36.699
1738261806.456017,1712576.000,15791,1,T1,1,100,36.586
1738261806.590023,1712710.000,15809,1,T1,1,100,36.644
1738261806.723028,1712843.000,15841,1,T1,1,100,36.668
1738261806.856034,1712976.000,15857,1,T1,1,100,36.608
1738261806.990039,1713110.000,15875,1,T1,1,100,36.653
1738261807.123045,1713243.000,15907,1,T1,1,100,36.885
1738261807.256050,1713376.000,15924,1,T1,1,100,36.738
1738261807.390056,1713510.000,15941,1,T1,1,100,36.780
1738261807.523062,1713643.000,15957,1,T1,1,100,36.728
1738261807.656067,1713776.000,15990,1,T1,1,100,36.705
1738261807.790072,1713910.000,16007,1,T1,1,100,36.660
1738261807.923078,1714043.000,16024,1,T1,1,100,36.782
1738261808.056083,1714176.000,16056,1,T1,1,100,36.764
1738261808.190089,1714310.000,16073,1,T1,1,100,36.791
1738261808.323095,1714443.000,16092,1,T1,1,100,36.732
1738261808.456100,1714576.000,16124,1,T1,1,100,36.707
1738261808.589105,1714709.000,16142,1,T1,1,100,36.660
1738261808.723111,1714843.000,16158,1,T1,1,100,36.676
1738261808.856117,1714976.000,16197,2,T1,1,100,36.682
1738261808.989122,1715109.000,16197,2,T1,1,100,36.685
1738261809.123127,1715243.000,16229,1,T1,1,100,36.687
1738261809.256133,1715376.000,16248,1,T1,1,100,36.652
1738261809.389138,1715509.000,16265,1,T1,1,100,36.566
1738261809.523144,1715643.000,16281,1,T1,1,100,36.599
1738261809.656150,1715776.000,16316,1,T1,1,100,36.614
1738261809.789155,1715909.000,16333,1,T1,1,100,36.762
1738261809.923161,1716043.000,16350,1,T1,1,100,36.684
1738261810.056166,1716176.000,16382,1,T1,1,100,36.686
1738261810.189172,1716309.000,16399,1,T1,1,100,36.651
1738261810.323177,1716443.000,16418,1,T1,1,100,36.707
1738261810.456182,1716576.000,16450,1,T1,1,100,36.696
1738261810.589188,1716709.000,16468,1,T1,1,100,36.656
1738261810.723194,1716843.000,16484,1,T1,1,100,36.674
1738261810.856199,1716976.000,16517,1,T1,1,100,36.682
1738261810.989205,1717109.000,16534,1,T1,1,100,36.720
1738261811.123210,1717243.000,16550,1,T1,1,100,36.631
1738261811.256216,1717376.000,16583,1,T1,1,100,36.592
1738261811.389221,1717509.000,16600,1,T1,1,100,36.646
1738261811.523227,1717643.000,16616,1,T1,1,100,36.776
1738261811.656232,1717776.000,16651,1,T1,1,100,36.655
1738261811.789238,1717909.000,16668,1,T1,1,100,36.673
1738261811.922243,1718042.000,16685,1,T1,1,100,36.717
1738261812.056249,1718176.000,16702,1,T1,1,100,36.629
1738261812.189254,1718309.000,16735,1,T1,1,100,36.804
1738261812.322260,1718442.000,16751,1,T1,1,100,36.738
1738261812.456265,1718576.000,16768,1,T1,1,100,36.709
1738261812.589271,1718709.000,16801,1,T1,1,100,36.697
1738261812.722276,1718842.000,16817,1,T1,1,100,36.763
1738261812.856282,1718976.000,16834,1,T1,1,100,36.684
1738261812.989287,1719109.000,16867,1,T1,1,100,36.722
1738261813.122293,1719242.000,16883,1,T1,1,100,36.738
1738261813.256298,1719376.000,16901,1,T1,1,100,36.638
1738261813.389304,1719509.000,16933,1,T1,1,100,36.666
1738261813.522309,1719642.000,16949,1,T1,1,100,36.785
1738261813.656315,1719776.000,16967,1,T1,1,100,36.730
1738261813.789320,1719909.000,16983,1,T1,1,100,36.706
1738261813.922326,1720042.000,17016,1,T1,1,100,36.624
1738261814.056331,1720176.000,17037,1,T1,1,100,36.660
1738261814.189337,1720309.000,17053,1,T1,1,100,36.605
1738261814.322342,1720442.000,17071,1,T1,1,100,36.581
1738261814.456348,1720576.000,17103,1,T1,1,100,36.677
1738261814.589353,1720709.000,17120,1,T1,1,100,36.612
1738261814.722359,1720842.000,17137,1,T1,1,100,36.584
1738261814.856364,1720976.000,17170,1,T1,1,100,36.607
1738261814.989370,1721109.000,17186,1,T1,1,100,36.653
1738261815.122375,1721242.000,17203,1,T1,1,100,36.672
1738261815.256381,1721376.000,17238,1,T1,1,100,36.681
1738261815.389386,1721509.000,17254,1,T1,1,100,36.791
1738261815.522392,1721642.000,17271,1,T1,1,100,36.732
1738261815.655397,1721775.000,17288,1,T1,1,100,36.671
1738261815.789403,1721909.000,17320,1,T1,1,100,36.574
1738261815.922408,1722042.000,17338,1,T1,1,100,36.638
1738261816.055414,1722175.000,17354,1,T1,1,100,36.666
1738261816.189420,1722309.000,17387,1,T1,1,100,36.572
1738261816.322425,1722442.000,17404,1,T1,1,100,36.673
1738261816.455431,1722575.000,17420,1,T1,1,100,36.681
1738261816.589436,1722709.000,17453,1,T1,1,100,36.791
1738261816.722441,1722842.000,17470,1,T1,1,100,36.697
1738261816.855447,1722975.000,17486,1,T1,1,100,36.621
1738261816.989452,1723109.000,17504,1,T1,1,100,36.659
1738261817.122458,1723242.000,17536,1,T1,1,100,36.710
1738261817.255463,1723375.000,17553,1,T1,1,100,36.697
1738261817.389469,1723509.000,17570,1,T1,1,100,36.692
1738261817.522475,1723642.000,17603,1,T1,1,100,36.689
1738261817.655480,1723775.000,17619,1,T1,1,100,36.724
1738261817.789485,1723909.000,17636,1,T1,1,100,36.739
1738261817.922491,1724042.000,17669,1,T1,1,100,36.781
1738261818.055496,1724175.000,17685,1,T1,1,100,36.728
1738261818.189502,1724309.000,17702,1,T1,1,100,36.740
1738261818.322508,1724442.000,17735,1,T1,1,100,36.746
1738261818.455513,1724575.000,17751,1,T1,1,100,36.784
1738261818.589519,1724709.000,17769,1,T1,1,100,36.835
1738261818.722524,1724842.000,17801,1,T1,1,100,36.893
1738261818.855530,1724975.000,17817,1,T1,1,100,36.741
1738261818.988535,1725108.000,17835,1,T1,1,100,36.711
1738261819.122540,1725242.000,17851,1,T1,1,100,36.733
1738261819.255546,1725375.000,17890,1,T1,1,100,36.672
1738261819.388551,1725508.000,17907,1,T1,1,100,36.645
1738261819.522557,1725642.000,17923,1,T1,1,100,36.669
1738261819.655563,1725775.000,17956,1,T1,1,100,36.680
1738261819.788568,1725908.000,17973,1,T1,1,100,36.684
1738261819.922574,1726042.000,17990,1,T1,1,100,36.651
1738261820.055579,1726175.000,18022,1,T1,1,100,36.742
1738261820.188585,1726308.000,18039,1,T1,1,100,36.747
1738261820.322590,1726442.000,18058,1,T1,1,100,36.642
1738261820.455595,1726575.000,18090,1,T1,1,100,36.632
1738261820.588601,1726708.000,18108,1,T1,1,100,36.699
1738261820.722607,1726842.000,18124,1,T1,1,100,36.657
1738261820.855612,1726975.000,18157,1,T1,1,100,36.674
1738261820.988618,1727108.000,18176,1,T1,1,100,36.717
1738261821.122623,1727242.000,18192,1,T1,1,100,36.700
1738261821.255629,1727375.000,18209,1,T1,1,100,36.799
1738261821.388634,1727508.000,18242,1,T1,1,100,36.736
1738261821.522640,1727642.000,18258,1,T1,1,100,36.886
1738261821.655645,1727775.000,18276,1,T1,1,100,36.667
1738261821.788651,1727908.000,18308,1,T1,1,100,36.679
1738261821.922656,1728042.000,18325,1,T1,1,100,36.648
1738261822.055662,1728175.000,18344,1,T1,1,100,36.741
1738261822.188667,1728308.000,18377,1,T1,1,100,36.675
1738261822.322673,1728442.000,18393,1,T1,1,100,36.576
1738261822.455678,1728575.000,18410,1,T1,1,100,36.568
1738261822.588684,1728708.000,18443,1,T1,1,100,36.600
1738261822.721689,1728841.000,18459,1,T1,1,100,36.685
1738261822.855695,1728975.000,18476,1,T1,1,100,36.651
1738261822.988700,1729108.000,18509,1,T1,1,100,36.601
1738261823.122706,1729242.000,18527,1,T1,1,100,36.615
1738261823.255711,1729375.000,18545,1,T1,1,100,36.762
1738261823.388717,1729508.000,18577,1,T1,1,100,36.720
1738261823.521722,1729641.000,18593,1,T1,1,100,36.666
1738261823.655728,1729775.000,18611,1,T1,1,100,36.643
1738261823.788733,1729908.000,18627,1,T1,1,100,36.668
1738261823.921739,1730041.000,18660,1,T1,1,100,36.644
1738261824.055744,1730175.000,18679,1,T1,1,100,36.669
1738261824.188750,1730308.000,18695,1,T1,1,100,36.715
1738261824.321755,1730441.000,18733,1,T1,1,100,36.593
1738261824.455761,1730575.000,18750,1,T1,1,100,36.682
1738261824.588766,1730708.000,18767,1,T1,1,100,36.721
1738261824.721772,1730841.000,18799,1,T1,1,100,36.773
1738261824.855777,1730975.000,18816,1,T1,1,100,36.689
1738261824.988783,1731108.000,18833,1,T1,1,100,36.653
1738261825.121788,1731241.000,18865,1,T1,1,100,36.708
1738261825.255794,1731375.000,18883,1,T1,1,100,36.661
1738261825.388799,1731508.000,18901,1,T1,1,100,36.534
1738261825.521805,1731641.000,18918,1,T1,1,100,36.692
1738261825.655810,1731775.000,18951,1,T1,1,100,36.689
1738261825.788816,1731908.000,18967,1,T1,1,100,36.759
1738261825.921821,1732041.000,18985,1,T1,1,100,36.719
1738261826.054827,1732174.000,19017,1,T1,1,100,36.772
1738261826.188833,1732308.000,19033,1,T1,1,100,36.582
1738261826.321838,1732441.000,19053,1,T1,1,100,36.642
1738261826.454844,1732574.000,19085,1,T1,1,100,36.703
1738261826.588849,1732708.000,19102,1,T1,1,100,36.694
1738261826.721854,1732841.000,19119,1,T1,1,100,36.832
1738261826.854860,1732974.000,19152,1,T1,1,100,36.750
1738261826.988865,1733108.000,19168,1,T1,1,100,36.821
1738261827.121871,1733241.000,19185,1,T1,1,100,36.674
1738261827.254876,1733374.000,19218,1,T1,1,100,36.682
1738261827.388882,1733508.000,19234,1,T1,1,100,36.650
1738261827.521888,1733641.000,19251,1,T1,1,100,36.742
1738261827.654893,1733774.000,19268,1,T1,1,100,36.711
1738261827.788898,1733908.000,19300,1,T1,1,100,36.698
1738261827.921904,1734041.000,19318,1,T1,1,100,36.586
1738261828.054909,1734174.000,19334,1,T1,1,100,36.643
1738261828.188915,1734308.000,19367,1,T1,1,100,36.704
1738261828.321921,1734441.000,19384,1,T1,1,100,36.730
1738261828.454926,1734574.000,19400,1,T1,1,100,36.777
1738261828.588932,1734708.000,19433,1,T1,1,100,36.726
1738261828.721937,1734841.000,19452,1,T1,1,100,36.740
1738261828.854943,1734974.000,19468,1,T1,1,100,36.781
1738261828.987948,1735107.000,19501,1,T1,1,100,36.728
1738261829.121953,1735241.000,19518,1,T1,1,100,36.599
1738261829.254959,1735374.000,19535,1,T1,1,100,36.614
1738261829.387964,1735507.000,19572,1,T1,1,100,36.691
1738261829.521970,1735641.000,19589,1,T1,1,100,36.689
1738261829.654976,1735774.000,19608,1,T1,1,100,36.688
1738261829.787981,1735907.000,19640,1,T1,1,100,36.652
1738261829.921987,1736041.000,19658,1,T1,1,100,36.601
1738261830.054992,1736174.000,19674,1,T1,1,100,36.615
1738261830.187998,1736307.000,19691,1,T1,1,100,36.621
1738261830.322003,1736441.000,19726,1,T1,1,100,36.659
1738261830.455009,1736574.000,19742,1,T1,1,100,36.640
1738261830.588014,1736707.000,19760,1,T1,1,100,36.773
1738261830.722020,1736841.000,19792,1,T1,1,100,36.725
1738261830.855025,1736974.000,19808,1,T1,1,100,36.633
1738261830.988031,1737107.000,19826,1,T1,1,100,36.593
1738261831.122036,1737241.000,19858,1,T1,1,100,36.540
1738261831.255042,1737374.000,19875,1,T1,1,100,36.624
1738261831.388047,1737507.000,19892,1,T1,1,100,36.731
1738261831.522053,1737641.000,19925,1,T1,1,100,36.671
1738261831.655058,1737774.000,19941,1,T1,1,100,36.716
1738261831.788064,1737907.000,19958,1,T1,1,100,36.664
1738261831.922069,1738041.000,19991,1,T1,1,100,36.784
1738261832.055075,1738174.000,20009,1,T1,1,100,36.836
1738261832.188080,1738307.000,20026,1,T1,1,100,36.645
1738261832.321086,1738440.000,20043,1,T1,1,100,36.705
1738261832.455091,1738574.000,20075,1,T1,1,100,36.801
1738261832.588097,1738707.000,20093,1,T1,1,100,36.737
1738261832.721102,1738840.000,20109,1,T1,1,100,36.602
1738261832.855108,1738974.000,20142,1,T1,1,100,36.651
1738261832.988113,1739107.000,20159,1,T1,1,100,36.636
1738261833.121119,1739240.000,20175,1,T1,1,100,36.736
1738261833.255124,1739374.000,20210,1,T1,1,100,36.709
1738261833.388130,1739507.000,20227,1,T1,1,100,36.590
1738261833.521135,1739640.000,20243,1,T1,1,100,36.645
1738261833.655141,1739774.000,20276,1,T1,1,100,36.563
1738261833.788146,1739907.000,20293,1,T1,1,100,36.705
1738261833.921152,1740040.000,20310,1,T1,1,100,36.659
1738261834.055157,1740174.000,20342,1,T1,1,100,36.675
1738261834.188163,1740307.000,20361,1,T1,1,100,36.789
1738261834.321168,1740440.000,20378,1,T1,1,100,36.731
1738261834.455174,1740574.000,20395,1,T1,1,100,36.777
1738261834.588179,1740707.000,20433,1,T1,1,100,36.726
1738261834.721185,1740840.000,20449,1,T1,1,100,36.669
1738261834.855190,1740974.000,20466,1,T1,1,100,36.750
1738261834.988196,1741107.000,20499,1,T1,1,100,36.786
1738261835.121201,1741240.000,20515,1,T1,1,100,36.730
1738261835.255207,1741374.000,20533,1,T1,1,100,36.741
1738261835.388212,1741507.000,20551,1,T1,1,100,36.675
1738261835.521218,1741640.000,20584,1,T1,1,100,36.718
1738261835.654223,1741773.000,20603,1,T1,1,100,36.701
1738261835.788229,1741907.000,20619,1,T1,1,100,36.658
1738261835.921234,1742040.000,20652,1,T1,1,100,36.781
1738261836.054240,1742173.000,20669,1,T1,1,100,36.657
1738261836.188246,1742307.000,20685,1,T1,1,100,36.639
1738261836.321251,1742440.000,20718,1,T1,1,100,36.525
1738261836.454257,1742573.000,20735,1,T1,1,100,36.688
1738261836.588262,1742707.000,20754,1,T1,1,100,36.688
1738261836.721267,1742840.000,20786,1,T1,1,100,36.723
1738261836.855273,1742974.000,20803,1,T1,1,100,36.703
1738261836.988278,1743107.000,20820,1,T1,1,100,36.801
1738261837.121284,1743240.000,20837,1,T1,1,100,36.772
1738261837.254289,1743373.000,20870,1,T1,1,100,36.689
1738261837.388295,1743507.000,20886,1,T1,1,100,36.688
1738261837.521301,1743640.000,20903,1,T1,1,100,36.688
1738261837.654306,1743773.000,20936,1,T1,1,100,36.617
1738261837.788311,1743907.000,20954,1,T1,1,100,36.621
1738261837.921317,1744040.000,20972,1,T1,1,100,36.588
1738261838.054322,1744173.000,21004,1,T1,1,100,36.644
1738261838.188328,1744307.000,21020,1,T1,1,100,36.527
1738261838.321334,1744440.000,21038,1,T1,1,100,36.689
1738261838.454339,1744573.000,21070,1,T1,1,100,36.582
1738261838.587344,1744706.000,21087,1,T1,1,100,36.642
1738261838.721350,1744840.000,21104,1,T1,1,100,36.703
1738261838.854356,1744973.000,21137,1,T1,1,100,36.659
1738261838.987361,1745106.000,21153,1,T1,1,100,36.640
1738261839.121367,1745240.000,21170,1,T1,1,100,36.631
1738261839.254372,1745373.000,21205,1,T1,1,100,36.734
1738261839.387378,1745506.000,21221,1,T1,1,100,36.637
1738261839.521383,1745640.000,21238,1,T1,1,100,36.666
1738261839.654389,1745773.000,21259,1,T1,1,100,36.678
1738261839.787394,1745906.000,21275,1,T1,1,100,36.719
1738261839.921400,1746040.000,21293,1,T1,1,100,36.772
1738261840.054405,1746173.000,21325,1,T1,1,100,36.689
1738261840.187411,1746306.000,21341,1,T1,1,100,36.723
1738261840.321416,1746440.000,21361,1,T1,1,100,36.632
1738261840.454422,1746573.000,21393,1,T1,1,100,36.699
1738261840.587427,1746706.000,21410,1,T1,1,100,36.728
1738261840.721433,1746840.000,21427,1,T1,1,100,36.670
1738261840.854438,1746973.000,21443,1,T1,1,100,36.715
1738261840.987444,1747106.000,21476,1,T1,1,100,36.699
1738261841.121449,1747240.000,21493,1,T1,1,100,36.764
1738261841.254455,1747373.000,21510,1,T1,1,100,36.650
1738261841.387460,1747506.000,21542,1,T1,1,100,36.671
1738261841.521466,1747640.000,21559,1,T1,1,100,36.680
1738261841.654471,1747773.000,21576,1,T1,1,100,36.755
1738261841.787477,1747906.000,21610,1,T1,1,100,36.823
1738261841.920482,1748039.000,21628,1,T1,1,100,36.711
1738261842.054488,1748173.000,21644,1,T1,1,100,36.662
1738261842.187493,1748306.000,21677,1,T1,1,100,36.677
1738261842.321499,1748440.000,21694,1,T1,1,100,36.754
1738261842.454504,1748573.000,21712,1,T1,1,100,36.787
1738261842.587510,1748706.000,21729,1,T1,1,100,36.766
1738261842.720515,1748839.000,21762,1,T1,1,100,36.651
1738261842.854521,1748973.000,21778,1,T1,1,100,36.707
1738261842.987526,1749106.000,21796,1,T1,1,100,36.838
1738261843.120532,1749239.000,21828,1,T1,1,100,36.717
1738261843.254537,1749373.000,21845,1,T1,1,100,36.700
1738261843.387543,1749506.000,21862,1,T1,1,100,36.622
1738261843.520548,1749639.000,21897,1,T1,1,100,36.659
1738261843.654554,1749773.000,21913,1,T1,1,100,36.675
1738261843.787559,1749906.000,21930,1,T1,1,100,36.682
1738261843.920565,1750039.000,21963,1,T1,1,100,36.650
1738261844.054570,1750173.000,21979,1,T1,1,100,36.636
1738261844.187576,1750306.000,21996,1,T1,1,100,36.736
1738261844.320581,1750439.000,22029,1,T1,1,100,36.744
1738261844.454587,1750573.000,22045,1,T1,1,100,36.712
1738261844.587592,1750706.000,22063,1,T1,1,100,36.769
1738261844.721098,1750839.500,22102,2,T1,1,100,36.829
1738261844.854603,1750973.000,22102,2,T1,1,100,36.820
1738261844.987609,1751106.000,22135,1,T1,1,100,36.745
1738261845.120614,1751239.000,22151,1,T1,1,100,36.641
1738261845.253620,1751372.000,22169,1,T1,1,100,36.703
1738261845.387625,1751506.000,22203,1,T1,1,100,36.659
1738261845.520631,1751639.000,22219,1,T1,1,100,36.640
1738261845.653636,1751772.000,22237,1,T1,1,100,36.667
1738261845.787642,1751906.000,22271,1,T1,1,100,36.643
1738261845.920647,1752039.000,22288,1,T1,1,100,36.704
1738261846.053653,1752172.000,22305,1,T1,1,100,36.765
1738261846.187659,1752306.000,22338,1,T1,1,100,36.721
1738261846.320664,1752439.000,22354,1,T1,1,100,36.667
1738261846.453670,1752572.000,22371,1,T1,1,100,36.537
1738261846.587675,1752706.000,22387,1,T1,1,100,36.622
1738261846.720680,1752839.000,22422,1,T1,1,100,36.624
1738261846.853686,1752972.000,22439,1,T1,1,100,36.624
1738261846.987691,1753106.000,22456,1,T1,1,100,36.554
1738261847.120697,1753239.000,22488,1,T1,1,100,36.701
1738261847.253702,1753372.000,22506,1,T1,1,100,36.693
1738261847.387708,1753506.000,22522,1,T1,1,100,36.690
1738261847.520714,1753639.000,22555,1,T1,1,100,36.724
1738261847.653719,1753772.000,22572,1,T1,1,100,36.668
1738261847.787724,1753906.000,22588,1,T1,1,100,36.573
1738261847.920730,1754039.000,22621,1,T1,1,100,36.744
1738261848.053735,1754172.000,22640,1,T1,1,100,36.747
1738261848.187741,1754306.000,22656,1,T1,1,100,36.713
1738261848.320747,1754439.000,22674,1,T1,1,100,36.699
1738261848.453752,1754572.000,22706,1,T1,1,100,36.728
1738261848.586757,1754705.000,22723,1,T1,1,100,36.776
1738261848.720763,1754839.000,22740,1,T1,1,100,36.655
1738261848.853769,1754972.000,22775,1,T1,1,100,36.709
1738261848.986774,1755105.000,22793,1,T1,1,100,36.803
1738261849.120780,1755239.000,22810,1,T1,1,100,36.808
1738261849.253785,1755372.000,22843,1,T1,1,100,36.669
1738261849.386791,1755505.000,22859,1,T1,1,100,36.715
1738261849.520796,1755639.000,22876,1,T1,1,100,36.593
1738261849.653802,1755772.000,22909,1,T1,1,100,36.682
1738261849.786807,1755905.000,22925,1,T1,1,100,36.756
1738261849.920813,1756039.000,22948,1,T1,1,100,36.717
1738261850.053818,1756172.000,22964,1,T1,1,100,36.665
1738261850.186824,1756305.000,22983,1,T1,1,100,36.678
1738261850.320829,1756439.000,23018,1,T1,1,100,36.683
1738261850.453835,1756572.000,23034,1,T1,1,100,36.686
1738261850.586840,1756705.000,23052,1,T1,1,100,36.687
1738261850.720846,1756839.000,23084,1,T1,1,100,36.687
1738261850.853851,1756972.000,23100,1,T1,1,100,36.687
1738261850.986857,1757105.000,23118,1,T1,1,100,36.687
1738261851.120862,1757239.000,23150,1,T1,1,100,36.652
1738261851.253868,1757372.000,23167,1,T1,1,100,36.708
1738261851.386873,1757505.000,23186,1,T1,1,100,36.696
1738261851.520879,1757639.000,23202,1,T1,1,100,36.727
1738261851.653884,1757772.000,23235,1,T1,1,100,36.740
1738261851.786890,1757905.000,23252,1,T1,1,100,36.746
1738261851.919895,1758038.000,23269,1,T1,1,100,36.748
1738261852.053901,1758172.000,23301,1,T1,1,100,36.678
1738261852.186906,1758305.000,23318,1,T1,1,100,36.648
1738261852.319912,1758438.000,23335,1,T1,1,100,36.635
1738261852.453917,1758572.000,23367,1,T1,1,100,36.700
1738261852.586923,1758705.000,23387,1,T1,1,100,36.587
1738261852.719928,1758838.000,23403,1,T1,1,100,36.715
1738261852.853934,1758972.000,23436,1,T1,1,100,36.699
1738261852.986939,1759105.000,23453,1,T1,1,100,36.728
1738261853.119945,1759238.000,23469,1,T1,1,100,36.599
1738261853.253950,1759372.000,23502,1,T1,1,100,36.614
1738261853.386956,1759505.000,23521,1,T1,1,100,36.762
1738261853.519961,1759638.000,23537,1,T1,1,100,36.720
1738261853.653967,1759772.000,23555,1,T1,1,100,36.666
1738261853.786972,1759905.000,23587,1,T1,1,100,36.678
1738261853.919978,1760038.000,23604,1,T1,1,100,36.648
1738261854.053983,1760172.000,23621,1,T1,1,100,36.812
1738261854.186989,1760305.000,23654,1,T1,1,100,36.741
1738261854.319994,1760438.000,23670,1,T1,1,100,36.711
1738261854.454000,1760572.000,23687,1,T1,1,100,36.627
1738261854.587005,1760705.000,23722,1,T1,1,100,36.732
1738261854.720011,1760838.000,23738,1,T1,1,100,36.707
1738261854.854016,1760972.000,23755,1,T1,1,100,36.767
1738261854.987022,1761105.000,23795,1,T1,1,100,36.757
1738261855.120027,1761238.000,23811,1,T1,1,100,36.718
1738261855.254033,1761372.000,23829,1,T1,1,100,36.771
1738261855.387038,1761505.000,23847,1,T1,1,100,36.724
1738261855.520044,1761638.000,23880,1,T1,1,100,36.703
1738261855.654049,1761772.000,23897,1,T1,1,100,36.659
1738261855.787055,1761905.000,23915,1,T1,1,100,36.746
1738261855.920060,1762038.000,23948,1,T1,1,100,36.784
1738261856.053066,1762171.000,23965,1,T1,1,100,36.694
1738261856.187072,1762305.000,23981,1,T1,1,100,36.726
1738261856.320077,1762438.000,24014,1,T1,1,100,36.775
1738261856.453083,1762571.000,24031,1,T1,1,100,36.796
1738261856.587088,1762705.000,24048,1,T1,1,100,36.735
1738261856.720093,1762838.000,24065,1,T1,1,100,36.672
1738261856.853099,1762971.000,24097,1,T1,1,100,36.752
1738261856.987104,1763105.000,24114,1,T1,1,100,36.786
1738261857.120110,1763238.000,24131,1,T1,1,100,36.730
1738261857.253115,1763371.000,24164,1,T1,1,100,36.812
1738261857.387121,1763505.000,24180,1,T1,1,100,36.671
1738261857.520127,1763638.000,24197,1,T1,1,100,36.716
1738261857.653132,1763771.000,24230,1,T1,1,100,36.735
1738261857.787138,1763905.000,24246,1,T1,1,100,36.850
1738261857.920143,1764038.000,24264,1,T1,1,100,36.758
1738261858.053149,1764171.000,24296,1,T1,1,100,36.753
1738261858.187154,1764305.000,24312,1,T1,1,100,36.716
1738261858.320160,1764438.000,24330,1,T1,1,100,36.771
1738261858.453165,1764571.000,24362,1,T1,1,100,36.617
1738261858.587171,1764705.000,24379,1,T1,1,100,36.728
1738261858.720176,1764838.000,24396,1,T1,1,100,36.811
1738261858.853182,1764971.000,24412,1,T1,1,100,36.883
1738261858.987187,1765105.000,24445,1,T1,1,100,36.914
1738261859.120193,1765238.000,24462,1,T1,1,100,36.856
1738261859.253198,1765371.000,24478,1,T1,1,100,36.654
1738261859.386204,1765504.000,24511,1,T1,1,100,36.673
1738261859.520209,1765638.000,24528,1,T1,1,100,36.717
1738261859.653215,1765771.000,24545,1,T1,1,100,36.629
1738261859.786220,1765904.000,24577,1,T1,1,100,36.662
1738261859.920226,1766038.000,24595,1,T1,1,100,36.677
1738261860.053231,1766171.000,24611,1,T1,1,100,36.718
1738261860.186237,1766304.000,24649,1,T1,1,100,36.736
1738261860.320242,1766438.000,24668,1,T1,1,100,36.709
1738261860.453248,1766571.000,24684,1,T1,1,100,36.732
1738261860.586253,1766704.000,24717,1,T1,1,100,36.707
1738261860.720259,1766838.000,24734,1,T1,1,100,36.731
1738261860.853264,1766971.000,24750,1,T1,1,100,36.706
1738261860.986270,1767104.000,24783,1,T1,1,100,36.660
1738261861.120275,1767238.000,24800,1,T1,1,100,36.747
1738261861.253281,1767371.000,24817,1,T1,1,100,36.713
1738261861.386286,1767504.000,24836,1,T1,1,100,36.734
1738261861.520292,1767638.000,24868,1,T1,1,100,36.672
1738261861.653297,1767771.000,24885,1,T1,1,100,36.716
1738261861.786303,1767904.000,24902,1,T1,1,100,36.771
1738261861.920308,1768038.000,24935,1,T1,1,100,36.794
1738261862.053314,1768171.000,24951,1,T1,1,100,36.734
1738261862.186319,1768304.000,24968,1,T1,1,100,36.778
1738261862.319325,1768437.000,25001,1,T1,1,100,36.727
1738261862.453330,1768571.000,25017,1,T1,1,100,36.634
1738261862.586336,1768704.000,25035,1,T1,1,100,36.735
1738261862.719341,1768837.000,25069,1,T1,1,100,36.779
1738261862.853347,1768971.000,25085,1,T1,1,100,36.621
1738261862.986352,1769104.000,25103,1,T1,1,100,36.588
1738261863.119358,1769237.000,25135,1,T1,1,100,36.786
1738261863.253363,1769371.000,25152,1,T1,1,100,36.801
1738261863.386369,1769504.000,25169,1,T1,1,100,36.701
1738261863.519374,1769637.000,25185,1,T1,1,100,36.658
1738261863.653380,1769771.000,25218,1,T1,1,100,36.710
1738261863.786385,1769904.000,25235,1,T1,1,100,36.768
1738261863.919391,1770037.000,25252,1,T1,1,100,36.758
1738261864.053396,1770171.000,25284,1,T1,1,100,36.753
1738261864.186402,1770304.000,25301,1,T1,1,100,36.645
1738261864.319407,1770437.000,25318,1,T1,1,100,36.740
1738261864.453413,1770571.000,25350,1,T1,1,100,36.781
1738261864.586418,1770704.000,25368,1,T1,1,100,36.728
1738261864.719424,1770837.000,25384,1,T1,1,100,36.776
1738261864.853429,1770971.000,25419,1,T1,1,100,36.903
1738261864.986435,1771104.000,25436,1,T1,1,100,36.887
1738261865.119440,1771237.000,25452,1,T1,1,100,36.845
1738261865.252446,1771370.000,25475,1,T1,1,100,36.791
1738261865.386451,1771504.000,25509,1,T1,1,100,36.697
1738261865.519457,1771637.000,25525,1,T1,1,100,36.656
1738261865.652462,1771770.000,25543,1,T1,1,100,36.674
1738261865.786468,1771904.000,25575,1,T1,1,100,36.788
1738261865.919473,1772037.000,25594,1,T1,1,100,36.731
1738261866.052479,1772170.000,25611,1,T1,1,100,36.742
1738261866.186485,1772304.000,25644,1,T1,1,100,36.746
1738261866.319490,1772437.000,25660,1,T1,1,100,36.890
1738261866.452496,1772570.000,25677,1,T1,1,100,36.846
1738261866.586501,1772704.000,25693,1,T1,1,100,36.792
1738261866.719507,1772837.000,25726,1,T1,1,100,36.697
1738261866.852512,1772970.000,25743,1,T1,1,100,36.656
1738261866.986517,1773104.000,25762,1,T1,1,100,36.745
1738261867.119523,1773237.000,25794,1,T1,1,100,36.748
1738261867.252528,1773370.000,25812,1,T1,1,100,36.749
1738261867.386534,1773504.000,25828,1,T1,1,100,36.750
1738261867.519540,1773637.000,25861,1,T1,1,100,36.714
1738261867.652545,1773770.000,25878,1,T1,1,100,36.735
1738261867.786551,1773904.000,25894,1,T1,1,100,36.779
1738261867.919556,1774037.000,25927,1,T1,1,100,36.585
1738261868.052562,1774170.000,25946,1,T1,1,100,36.537
1738261868.186567,1774304.000,25962,1,T1,1,100,36.693
1738261868.319573,1774437.000,25995,1,T1,1,100,36.690
1738261868.452578,1774570.000,26012,1,T1,1,100,36.759
1738261868.586584,1774704.000,26029,1,T1,1,100,36.719
1738261868.719589,1774837.000,26061,1,T1,1,100,36.772
1738261868.852595,1774970.000,26078,1,T1,1,100,36.689
1738261868.986600,1775104.000,26095,1,T1,1,100,36.794
1738261869.119606,1775237.000,26112,1,T1,1,100,36.805
1738261869.252611,1775370.000,26145,1,T1,1,100,36.774
1738261869.385617,1775503.000,26161,1,T1,1,100,36.725
1738261869.519622,1775637.000,26180,1,T1,1,100,36.704
1738261869.652628,1775770.000,26213,1,T1,1,100,36.765
1738261869.785633,1775903.000,26229,1,T1,1,100,36.686
1738261869.919639,1776037.000,26247,1,T1,1,100,36.722
1738261870.052644,1776170.000,26279,1,T1,1,100,36.703
1738261870.185650,1776303.000,26295,1,T1,1,100,36.623
1738261870.319655,1776437.000,26318,1,T1,1,100,36.624
1738261870.452661,1776570.000,26335,1,T1,1,100,36.589
1738261870.585666,1776703.000,26352,1,T1,1,100,36.716
1738261870.719672,1776837.000,26369,1,T1,1,100,36.771
1738261870.852677,1776970.000,26385,1,T1,1,100,36.723
1738261870.985683,1777103.000,26418,1,T1,1,100,36.668
1738261871.119688,1777237.000,26435,1,T1,1,100,36.679
1738261871.252694,1777370.000,26452,1,T1,1,100,36.755
1738261871.385699,1777503.000,26484,1,T1,1,100,36.787
1738261871.519705,1777637.000,26501,1,T1,1,100,36.660
1738261871.652710,1777770.000,26520,1,T1,1,100,36.640
1738261871.785716,1777903.000,26552,1,T1,1,100,36.773
1738261871.918721,1778036.000,26570,1,T1,1,100,36.831
1738261872.052727,1778170.000,26586,1,T1,1,100,36.679
1738261872.185732,1778303.000,26619,1,T1,1,100,36.755
1738261872.319738,1778437.000,26636,1,T1,1,100,36.823
1738261872.452743,1778570.000,26652,1,T1,1,100,36.817
1738261872.585749,1778703.000,26669,1,T1,1,100,36.744
1738261872.718754,1778836.000,26704,1,T1,1,100,36.641
1738261872.852760,1778970.000,26720,1,T1,1,100,36.667
1738261872.985765,1779103.000,26738,1,T1,1,100,36.679
1738261873.118771,1779236.000,26770,1,T1,1,100,36.684
1738261873.252776,1779370.000,26787,1,T1,1,100,36.686
1738261873.385782,1779503.000,26804,1,T1,1,100,36.616
1738261873.518787,1779636.000,26837,1,T1,1,100,36.657
1738261873.652793,1779770.000,26853,1,T1,1,100,36.674
1738261873.785798,1779903.000,26870,1,T1,1,100,36.788
1738261873.918804,1780036.000,26905,1,T1,1,100,36.731
1738261874.052809,1780170.000,26921,1,T1,1,100,36.742
1738261874.185815,1780303.000,26938,1,T1,1,100,36.676
1738261874.318820,1780436.000,26955,1,T1,1,100,36.718
1738261874.452826,1780570.000,26987,1,T1,1,100,36.736
1738261874.585831,1780703.000,27005,1,T1,1,100,36.673
1738261874.718837,1780836.000,27021,1,T1,1,100,36.717
1738261874.852842,1780970.000,27054,1,T1,1,100,36.807
1738261874.985848,1781103.000,27071,1,T1,1,100,36.739
1738261875.118853,1781236.000,27089,1,T1,1,100,36.745
1738261875.251859,1781369.000,27124,1,T1,1,100,36.712
1738261875.385864,1781503.000,27141,1,T1,1,100,36.698
1738261875.518870,1781636.000,27164,1,T1,1,100,36.763
1738261875.651875,1781769.000,27180,1,T1,1,100,36.791
1738261875.785881,1781903.000,27197,1,T1,1,100,36.661
1738261875.918886,1782036.000,27230,1,T1,1,100,36.676
1738261876.051892,1782169.000,27246,1,T1,1,100,36.718
1738261876.185898,1782303.000,27263,1,T1,1,100,36.701
1738261876.318903,1782436.000,27298,1,T1,1,100,36.693
1738261876.451909,1782569.000,27316,1,T1,1,100,36.690
1738261876.585914,1782703.000,27334,1,T1,1,100,36.689
1738261876.718920,1782836.000,27366,1,T1,1,100,36.723
1738261876.851925,1782969.000,27382,1,T1,1,100,36.774
1738261876.985930,1783103.000,27400,1,T1,1,100,36.725
1738261877.118936,1783236.000,27432,1,T1,1,100,36.668
1738261877.251941,1783369.000,27451,1,T1,1,100,36.750
1738261877.385947,1783503.000,27468,1,T1,1,100,36.856
1738261877.518953,1783636.000,27484,1,T1,1,100,36.831
1738261877.651958,1783769.000,27517,1,T1,1,100,36.679
1738261877.785964,1783903.000,27534,1,T1,1,100,36.719
1738261877.918969,1784036.000,27551,1,T1,1,100,36.808
1738261878.051975,1784169.000,27583,1,T1,1,100,36.846
1738261878.185980,1784303.000,27600,1,T1,1,100,36.862
1738261878.318986,1784436.000,27617,1,T1,1,100,36.763
1738261878.451991,1784569.000,27651,1,T1,1,100,36.756
1738261878.585997,1784703.000,27669,1,T1,1,100,36.646
1738261878.719002,1784836.000,27685,1,T1,1,100,36.811
1738261878.852008,1784969.000,27718,1,T1,1,100,36.812
1738261878.985013,1785102.000,27735,1,T1,1,100,36.741
1738261879.119019,1785236.000,27751,1,T1,1,100,36.782
1738261879.252024,1785369.000,27784,1,T1,1,100,36.799
1738261879.385030,1785502.000,27801,1,T1,1,100,36.771
1738261879.519035,1785636.000,27817,1,T1,1,100,36.653
1738261879.652041,1785769.000,27835,1,T1,1,100,36.708
1738261879.785046,1785902.000,27867,1,T1,1,100,36.661
1738261879.919052,1786036.000,27884,1,T1,1,100,36.711
1738261880.052057,1786169.000,27901,1,T1,1,100,36.662
1738261880.185063,1786302.000,27934,1,T1,1,100,36.677
1738261880.319068,1786436.000,27952,1,T1,1,100,36.612
1738261880.452074,1786569.000,27969,1,T1,1,100,36.726
1738261880.585079,1786702.000,28011,1,T1,1,100,36.739
1738261880.719085,1786836.000,28027,1,T1,1,100,36.710
1738261880.852090,1786969.000,28044,1,T1,1,100,36.662
1738261880.985096,1787102.000,28077,1,T1,1,100,36.676
1738261881.119101,1787236.000,28093,1,T1,1,100,36.647
1738261881.252107,1787369.000,28111,1,T1,1,100,36.706
1738261881.385112,1787502.000,28127,1,T1,1,100,36.624
1738261881.519118,1787636.000,28160,1,T1,1,100,36.660
1738261881.652123,1787769.000,28177,1,T1,1,100,36.747
1738261881.785129,1787902.000,28193,1,T1,1,100,36.749
1738261881.918134,1788035.000,28228,1,T1,1,100,36.643
1738261882.052140,1788169.000,28245,1,T1,1,100,36.633
1738261882.185145,1788302.000,28261,1,T1,1,100,36.664
1738261882.318151,1788435.000,28294,1,T1,1,100,36.784
1738261882.452156,1788569.000,28311,1,T1,1,100,36.800
1738261882.585162,1788702.000,28328,1,T1,1,100,36.736
1738261882.718167,1788835.000,28360,1,T1,1,100,36.673
1738261882.852173,1788969.000,28377,1,T1,1,100,36.681
1738261882.985178,1789102.000,28394,1,T1,1,100,36.685
1738261883.118184,1789235.000,28428,1,T1,1,100,36.686
1738261883.252189,1789369.000,28446,1,T1,1,100,36.652
1738261883.385195,1789502.000,28462,1,T1,1,100,36.566
1738261883.518200,1789635.000,28479,1,T1,1,100,36.741
1738261883.652206,1789769.000,28512,1,T1,1,100,36.746
1738261883.785211,1789902.000,28528,1,T1,1,100,36.784
1738261883.918217,1790035.000,28546,1,T1,1,100,36.694
1738261884.052222,1790169.000,28580,1,T1,1,100,36.584
1738261884.185228,1790302.000,28596,1,T1,1,100,36.607
1738261884.318233,1790435.000,28614,1,T1,1,100,36.688
1738261884.452239,1790569.000,28646,1,T1,1,100,36.723
1738261884.585244,1790702.000,28663,1,T1,1,100,36.703
1738261884.718250,1790835.000,28680,1,T1,1,100,36.836
1738261884.852255,1790969.000,28713,1,T1,1,100,36.752
1738261884.985261,1791102.000,28729,1,T1,1,100,36.786
1738261885.118266,1791235.000,28746,1,T1,1,100,36.695
1738261885.251272,1791368.000,28762,1,T1,1,100,36.762
1738261885.385278,1791502.000,28797,1,T1,1,100,36.684
1738261885.518283,1791635.000,28814,1,T1,1,100,36.686
1738261885.652288,1791769.000,28831,1,T1,1,100,36.758
1738261885.785294,1791902.000,28868,1,T1,1,100,36.789
1738261885.918299,1792035.000,28886,1,T1,1,100,36.731
1738261886.051305,1792168.000,28902,1,T1,1,100,36.813
1738261886.185311,1792302.000,28935,1,T1,1,100,36.742
1738261886.318316,1792435.000,28952,1,T1,1,100,36.640
1738261886.451322,1792568.000,28968,1,T1,1,100,36.667
1738261886.585327,1792702.000,29001,1,T1,1,100,36.714
1738261886.718333,1792835.000,29018,1,T1,1,100,36.770
1738261886.851338,1792968.000,29034,1,T1,1,100,36.688
1738261886.985343,1793102.000,29052,1,T1,1,100,36.688
1738261887.118349,1793235.000,29084,1,T1,1,100,36.688
1738261887.251354,1793368.000,29101,1,T1,1,100,36.758
1738261887.385360,1793502.000,29118,1,T1,1,100,36.718
1738261887.518366,1793635.000,29153,1,T1,1,100,36.701
1738261887.651371,1793768.000,29169,1,T1,1,100,36.693
1738261887.785377,1793902.000,29186,1,T1,1,100,36.761
1738261887.918382,1794035.000,29219,1,T1,1,100,36.790
1738261888.051388,1794168.000,29235,1,T1,1,100,36.661
1738261888.185393,1794302.000,29252,1,T1,1,100,36.641
1738261888.318399,1794435.000,29285,1,T1,1,100,36.632
1738261888.451404,1794568.000,29301,1,T1,1,100,36.734
1738261888.584410,1794701.000,29319,1,T1,1,100,36.708
1738261888.718415,1794835.000,29351,1,T1,1,100,36.696
1738261888.851421,1794968.000,29369,1,T1,1,100,36.727
1738261888.984426,1795101.000,29387,1,T1,1,100,36.846
1738261889.118432,1795235.000,29419,1,T1,1,100,36.792
1738261889.251437,1795368.000,29436,1,T1,1,100,36.733
1738261889.384443,1795501.000,29453,1,T1,1,100,36.707
1738261889.518448,1795635.000,29469,1,T1,1,100,36.625
1738261889.651454,1795768.000,29502,1,T1,1,100,36.767
1738261889.784459,1795901.000,29519,1,T1,1,100,36.864
1738261889.918465,1796035.000,29535,1,T1,1,100,36.764
1738261890.051470,1796168.000,29568,1,T1,1,100,36.685
1738261890.184476,1796301.000,29587,1,T1,1,100,36.722
1738261890.318481,1796435.000,29606,1,T1,1,100,36.809
1738261890.451487,1796568.000,29638,1,T1,1,100,36.811
1738261890.584492,1796701.000,29656,1,T1,1,100,36.741
1738261890.718498,1796835.000,29672,1,T1,1,100,36.711
1738261890.851503,1796968.000,29693,1,T1,1,100,36.697
1738261890.984509,1797101.000,29710,1,T1,1,100,36.763
1738261891.118514,1797235.000,29726,1,T1,1,100,36.791
1738261891.251520,1797368.000,29761,1,T1,1,100,36.732
1738261891.384525,1797501.000,29778,1,T1,1,100,36.565
1738261891.518531,1797635.000,29794,1,T1,1,100,36.635
1738261891.651536,1797768.000,29827,1,T1,1,100,36.806
1738261891.784542,1797901.000,29844,1,T1,1,100,36.703
1738261891.917547,1798034.000,29861,1,T1,1,100,36.659
1738261892.051553,1798168.000,29893,1,T1,1,100,36.675
1738261892.184558,1798301.000,29910,1,T1,1,100,36.789
1738261892.318564,1798435.000,29927,1,T1,1,100,36.731
1738261892.451569,1798568.000,29944,1,T1,1,100,36.742
1738261892.584575,1798701.000,29977,1,T1,1,100,36.746
1738261892.717580,1798834.000,29993,1,T1,1,100,36.855
1738261892.851586,1798968.000,30010,1,T1,1,100,36.902
1738261892.984591,1799101.000,30045,1,T1,1,100,36.887
1738261893.117597,1799234.000,30061,1,T1,1,100,36.774
1738261893.251602,1799368.000,30079,1,T1,1,100,36.725
1738261893.384608,1799501.000,30111,1,T1,1,100,36.704
1738261893.517613,1799634.000,30127,1,T1,1,100,36.730
1738261893.651619,1799768.000,30145,1,T1,1,100,36.670
1738261893.784624,1799901.000,30179,1,T1,1,100,36.680
1738261893.917630,1800034.000,30196,1,T1,1,100,36.684
1738261894.051636,1800168.000,30215,1,T1,1,100,36.792
1738261894.184641,1800301.000,30248,1,T1,1,100,36.733
1738261894.317647,1800434.000,30264,1,T1,1,100,36.778
1738261894.451652,1800568.000,30281,1,T1,1,100,36.798
1738261894.584657,1800701.000,30297,1,T1,1,100,36.948
1738261894.717663,1800834.000,30332,1,T1,1,100,36.836
1738261894.851668,1800968.000,30349,1,T1,1,100,36.752
1738261894.984674,1801101.000,30366,1,T1,1,100,36.822
1738261895.117679,1801234.000,30398,1,T1,1,100,36.746
1738261895.251685,1801368.000,30416,1,T1,1,100,36.784
1738261895.384691,1801501.000,30434,1,T1,1,100,36.835
1738261895.517696,1801634.000,30467,1,T1,1,100,36.787
1738261895.650702,1801767.000,30484,1,T1,1,100,36.695
1738261895.784707,1801901.000,30500,1,T1,1,100,36.833
1738261895.917712,1802034.000,30543,1,T1,1,100,36.857
1738261896.050718,1802167.000,30559,1,T1,1,100,36.761
1738261896.184724,1802301.000,30576,1,T1,1,100,36.755
1738261896.317729,1802434.000,30593,1,T1,1,100,36.752
1738261896.450735,1802567.000,30610,1,T1,1,100,36.680
1738261896.584740,1802701.000,30643,1,T1,1,100,36.755
1738261896.717746,1802834.000,30659,1,T1,1,100,36.752
1738261896.851751,1802968.000,30676,1,T1,1,100,36.751
1738261896.984756,1803101.000,30711,1,T1,1,100,36.857
1738261897.117762,1803234.000,30727,1,T1,1,100,36.761
1738261897.250767,1803367.000,30745,1,T1,1,100,36.790
1738261897.384773,1803501.000,30777,1,T1,1,100,36.732
1738261897.517779,1803634.000,30793,1,T1,1,100,36.707
1738261897.650784,1803767.000,30811,1,T1,1,100,36.802
1738261897.784790,1803901.000,30843,1,T1,1,100,36.808
1738261897.917795,1804034.000,30860,1,T1,1,100,36.775
1738261898.050801,1804167.000,30877,1,T1,1,100,36.761
1738261898.184806,1804301.000,30912,1,T1,1,100,36.684
1738261898.317812,1804434.000,30928,1,T1,1,100,36.792
1738261898.450817,1804567.000,30945,1,T1,1,100,36.804
1738261898.584823,1804701.000,30961,1,T1,1,100,36.809
1738261898.717828,1804834.000,30994,1,T1,1,100,36.704
1738261898.850834,1804967.000,31011,1,T1,1,100,36.730
1738261898.984839,1805101.000,31028,1,T1,1,100,36.848
1738261899.117845,1805234.000,31060,1,T1,1,100,36.757
1738261899.250850,1805367.000,31078,1,T1,1,100,36.824
1738261899.383856,1805500.000,31094,1,T1,1,100,36.711
1738261899.517861,1805634.000,31127,1,T1,1,100,36.698
1738261899.650867,1805767.000,31146,1,T1,1,100,36.656
1738261899.783872,1805900.000,31162,1,T1,1,100,36.745
1738261899.917878,1806034.000,31195,1,T1,1,100,36.677
1738261900.050883,1806167.000,31212,1,T1,1,100,36.647
1738261900.183889,1806300.000,31228,1,T1,1,100,36.706
1738261900.317894,1806434.000,31263,1,T1,1,100,36.766
1738261900.450900,1806567.000,31282,1,T1,1,100,36.651
1738261900.583905,1806700.000,31299,1,T1,1,100,36.672
1738261900.717911,1806834.000,31316,1,T1,1,100,36.822
1738261900.850916,1806967.000,31348,1,T1,1,100,36.640
1738261900.983922,1807100.000,31365,1,T1,1,100,36.631
1738261901.117927,1807234.000,31387,1,T1,1,100,36.734
1738261901.250933,1807367.000,31420,1,T1,1,100,36.743
1738261901.383938,1807500.000,31436,1,T1,1,100,36.747
1738261901.517944,1807634.000,31453,1,T1,1,100,36.713
1738261901.650949,1807767.000,31488,1,T1,1,100,36.699
1738261901.783955,1807900.000,31504,1,T1,1,100,36.728
1738261901.916960,1808033.000,31522,1,T1,1,100,36.847
1738261902.050966,1808167.000,31554,1,T1,1,100,36.792
1738261902.183971,1808300.000,31570,1,T1,1,100,36.768
1738261902.317977,1808434.000,31588,1,T1,1,100,36.651
1738261902.450982,1808567.000,31604,1,T1,1,100,36.743
1738261902.583988,1808700.000,31637,1,T1,1,100,36.747
1738261902.716993,1808833.000,31654,1,T1,1,100,36.855
1738261902.850999,1808967.000,31670,1,T1,1,100,36.795
1738261902.984004,1809100.000,31703,1,T1,1,100,36.734
1738261903.117010,1809233.000,31720,1,T1,1,100,36.743
1738261903.251015,1809367.000,31737,1,T1,1,100,36.712
1738261903.384021,1809500.000,31769,1,T1,1,100,36.698
1738261903.517026,1809633.000,31786,1,T1,1,100,36.692
1738261903.651032,1809767.000,31805,1,T1,1,100,36.760
1738261903.784037,1809900.000,31839,1,T1,1,100,36.825
1738261903.917043,1810033.000,31857,1,T1,1,100,36.818
1738261904.051049,1810167.000,31873,1,T1,1,100,36.815
1738261904.184054,1810300.000,31906,1,T1,1,100,36.707
1738261904.317060,1810433.000,31923,1,T1,1,100,36.767
1738261904.451065,1810567.000,31939,1,T1,1,100,36.828
1738261904.584070,1810700.000,31956,1,T1,1,100,36.819
1738261904.717076,1810833.000,31989,1,T1,1,100,36.851
1738261904.851081,1810967.000,32005,1,T1,1,100,36.758
1738261904.984087,1811100.000,32023,1,T1,1,100,36.860
1738261905.117092,1811233.000,32055,1,T1,1,100,36.868
1738261905.250098,1811366.000,32072,1,T1,1,100,36.801
1738261905.384104,1811500.000,32093,1,T1,1,100,36.737
1738261905.517109,1811633.000,32126,1,T1,1,100,36.744
1738261905.650115,1811766.000,32144,1,T1,1,100,36.712
1738261905.784120,1811900.000,32161,1,T1,1,100,36.840
1738261905.917125,1812033.000,32194,1,T1,1,100,36.824
1738261906.050131,1812166.000,32210,1,T1,1,100,36.818
1738261906.184137,1812300.000,32232,1,T1,1,100,36.815
1738261906.317142,1812433.000,32249,1,T1,1,100,36.813
1738261906.450148,1812566.000,32281,1,T1,1,100,36.848
1738261906.584153,1812700.000,32299,1,T1,1,100,36.793
1738261906.717159,1812833.000,32315,1,T1,1,100,36.733
1738261906.850164,1812966.000,32348,1,T1,1,100,36.743
1738261906.984169,1813100.000,32365,1,T1,1,100,36.782
1738261907.117175,1813233.000,32383,1,T1,1,100,36.799
1738261907.250180,1813366.000,32416,1,T1,1,100,36.842
1738261907.384186,1813500.000,32433,1,T1,1,100,36.754
1738261907.517192,1813633.000,32449,1,T1,1,100,36.787
1738261907.650197,1813766.000,32482,1,T1,1,100,36.802
1738261907.784203,1813900.000,32499,1,T1,1,100,36.772
1738261907.917208,1814033.000,32516,1,T1,1,100,36.760
1738261908.050214,1814166.000,32548,1,T1,1,100,36.790
1738261908.184219,1814300.000,32565,1,T1,1,100,36.838
1738261908.317225,1814433.000,32582,1,T1,1,100,36.788
1738261908.450230,1814566.000,32599,1,T1,1,100,36.837
1738261908.583236,1814699.000,32632,1,T1,1,100,36.752
1738261908.717241,1814833.000,32648,1,T1,1,100,36.822
1738261908.850247,1814966.000,32665,1,T1,1,100,36.781
1738261908.983252,1815099.000,32698,1,T1,1,100,36.834
1738261909.117258,1815233.000,32714,1,T1,1,100,36.645
1738261909.250263,1815366.000,32732,1,T1,1,100,36.740
1738261909.383269,1815499.000,32764,1,T1,1,100,36.746
1738261909.517274,1815633.000,32780,1,T1,1,100,36.713
1738261909.650280,1815766.000,32798,1,T1,1,100,36.769
1738261909.783285,1815899.000,32830,1,T1,1,100,36.723
1738261909.917291,1816033.000,32847,1,T1,1,100,36.880
1738261910.050296,1816166.000,32864,1,T1,1,100,36.877
1738261910.183302,1816299.000,32897,1,T1,1,100,36.805
1738261910.317307,1816433.000,32915,1,T1,1,100,36.738
1738261910.450313,1816566.000,32934,1,T1,1,100,36.674
1738261910.583318,1816699.000,32950,1,T1,1,100,36.753
1738261910.717324,1816833.000,32983,1,T1,1,100,36.751
1738261910.850329,1816966.000,33000,1,T1,1,100,36.786
1738261910.983335,1817099.000,33017,1,T1,1,100,36.730
1738261911.117340,1817233.000,33049,1,T1,1,100,36.670
1738261911.250346,1817366.000,33070,2,T1,1,100,36.645
1738261911.383351,1817499.000,33070,2,T1,1,100,36.704
1738261911.517357,1817633.000,33103,1,T1,1,100,36.695
1738261911.650362,1817766.000,33120,1,T1,1,100,36.726
1738261911.783368,1817899.000,33136,1,T1,1,100,36.740
1738261911.917373,1818033.000,33169,1,T1,1,100,36.852
1738261912.050379,1818166.000,33186,1,T1,1,100,36.830
1738261912.183384,1818299.000,33202,1,T1,1,100,36.855
1738261912.316390,1818432.000,33235,1,T1,1,100,36.902
1738261912.450395,1818566.000,33252,1,T1,1,100,36.745
1738261912.583401,1818699.000,33269,1,T1,1,100,36.854
1738261912.716406,1818832.000,33301,1,T1,1,100,36.866
1738261912.850412,1818966.000,33318,1,T1,1,100,36.729
1738261912.983417,1819099.000,33337,1,T1,1,100,36.670
1738261913.116423,1819232.000,33369,1,T1,1,100,36.786
1738261913.250428,1819366.000,33387,1,T1,1,100,36.766
1738261913.383434,1819499.000,33405,1,T1,1,100,36.757
1738261913.516439,1819632.000,33422,1,T1,1,100,36.824
1738261913.650445,1819766.000,33455,1,T1,1,100,36.782
1738261913.783450,1819899.000,33471,1,T1,1,100,36.835
1738261913.916456,1820032.000,33489,1,T1,1,100,36.787
1738261914.050462,1820166.000,33521,1,T1,1,100,36.695
1738261914.183467,1820299.000,33537,1,T1,1,100,36.691
1738261914.316473,1820432.000,33557,1,T1,1,100,36.866
1738261914.450478,1820566.000,33589,1,T1,1,100,36.907
1738261914.583483,1820699.000,33606,1,T1,1,100,36.960
1738261914.716489,1820832.000,33623,1,T1,1,100,36.912
1738261914.850494,1820966.000,33658,1,T1,1,100,36.855
1738261914.983500,1821099.000,33674,1,T1,1,100,36.867
1738261915.116505,1821232.000,33691,1,T1,1,100,36.836
1738261915.250511,1821366.000,33707,1,T1,1,100,36.858
1738261915.383517,1821499.000,33742,1,T1,1,100,36.797
1738261915.516522,1821632.000,33759,1,T1,1,100,36.735
1738261915.649528,1821765.000,33776,1,T1,1,100,36.814
1738261915.783533,1821899.000,33808,1,T1,1,100,36.813
1738261915.916538,1822032.000,33826,1,T1,1,100,36.777
1738261916.049544,1822165.000,33842,1,T1,1,100,36.868
1738261916.183550,1822299.000,33875,1,T1,1,100,36.801
1738261916.316555,1822432.000,33892,1,T1,1,100,36.879
1738261916.449561,1822565.000,33913,1,T1,1,100,36.877
1738261916.583566,1822699.000,33931,1,T1,1,100,36.840
1738261916.716572,1822832.000,33963,1,T1,1,100,36.895
1738261916.849577,1822965.000,33979,1,T1,1,100,36.813
1738261916.983582,1823099.000,33997,1,T1,1,100,36.848
1738261917.116588,1823232.000,34029,1,T1,1,100,36.828
1738261917.249593,1823365.000,34046,1,T1,1,100,36.855
1738261917.383599,1823499.000,34063,1,T1,1,100,36.866
1738261917.516605,1823632.000,34079,1,T1,1,100,36.836
1738261917.649610,1823765.000,34112,1,T1,1,100,36.929
1738261917.783616,1823899.000,34129,1,T1,1,100,36.792
1738261917.916621,1824032.000,34146,1,T1,1,100,36.839
1738261918.049627,1824165.000,34178,1,T1,1,100,36.824
1738261918.183632,1824299.000,34195,1,T1,1,100,36.817
1738261918.316638,1824432.000,34212,1,T1,1,100,36.779
1738261918.449643,1824565.000,34244,1,T1,1,100,36.834
1738261918.583649,1824699.000,34262,1,T1,1,100,36.963
1738261918.716654,1824832.000,34278,1,T1,1,100,36.878
1738261918.849660,1824965.000,34297,1,T1,1,100,36.770
1738261918.982665,1825098.000,34330,1,T1,1,100,36.794
1738261919.116671,1825232.000,34346,1,T1,1,100,36.840
1738261919.249676,1825365.000,34364,1,T1,1,100,36.753
1738261919.382682,1825498.000,34398,1,T1,1,100,36.822
1738261919.516687,1825632.000,34414,1,T1,1,100,36.781
1738261919.649693,1825765.000,34432,1,T1,1,100,36.728
1738261919.782698,1825898.000,34464,1,T1,1,100,36.705
1738261919.916704,1826032.000,34481,1,T1,1,100,36.695
1738261920.049709,1826165.000,34498,1,T1,1,100,36.726
1738261920.182715,1826298.000,34531,1,T1,1,100,36.775
1738261920.316720,1826432.000,34549,1,T1,1,100,36.725
1738261920.449726,1826565.000,34566,1,T1,1,100,36.775
1738261920.582731,1826698.000,34599,1,T1,1,100,36.832
1738261920.716737,1826832.000,34615,1,T1,1,100,36.785
1738261920.849742,1826965.000,34632,1,T1,1,100,36.765
1738261920.982748,1827098.000,34649,1,T1,1,100,36.792
1738261921.116753,1827232.000,34681,1,T1,1,100,36.804
1738261921.249759,1827365.000,34699,1,T1,1,100,36.844
1738261921.382764,1827498.000,34715,1,T1,1,100,36.862
1738261921.516270,1827631.500,34756,2,T1,1,100,36.834
1738261921.649775,1827765.000,34756,2,T1,1,100,36.822
1738261921.782781,1827898.000,34788,1,T1,1,100,36.746
1738261921.915786,1828031.000,34805,1,T1,1,100,36.713
1738261922.049792,1828165.000,34822,1,T1,1,100,36.769
1738261922.182797,1828298.000,34855,1,T1,1,100,36.936
1738261922.316803,1828432.000,34871,1,T1,1,100,36.866
1738261922.449808,1828565.000,34888,1,T1,1,100,36.800
1738261922.582814,1828698.000,34921,1,T1,1,100,36.736
1738261922.715819,1828831.000,34937,1,T1,1,100,36.850
1738261922.849825,1828965.000,34954,1,T1,1,100,36.723
1738261922.982830,1829098.000,34987,1,T1,1,100,36.738
1738261923.115836,1829231.000,35003,1,T1,1,100,36.780
1738261923.249841,1829365.000,35021,1,T1,1,100,36.869
1738261923.382847,1829498.000,35053,1,T1,1,100,36.802
1738261923.515852,1829631.000,35069,1,T1,1,100,36.843
1738261923.649858,1829765.000,35087,1,T1,1,100,36.932
1738261923.782863,1829898.000,35119,1,T1,1,100,36.829
1738261923.915869,1830031.000,35136,1,T1,1,100,36.820
1738261924.049875,1830165.000,35153,1,T1,1,100,36.886
1738261924.182880,1830298.000,35169,1,T1,1,100,36.845
1738261924.315886,1830431.000,35202,1,T1,1,100,36.791
1738261924.449891,1830565.000,35219,1,T1,1,100,36.839
1738261924.582896,1830698.000,35236,1,T1,1,100,36.859
1738261924.715902,1830831.000,35268,1,T1,1,100,36.904
1738261924.849907,1830965.000,35285,1,T1,1,100,36.816
1738261924.982913,1831098.000,35302,1,T1,1,100,36.921
1738261925.115918,1831231.000,35334,1,T1,1,100,36.788
1738261925.248924,1831364.000,35352,1,T1,1,100,36.838
1738261925.382930,1831498.000,35370,1,T1,1,100,36.859
1738261925.515935,1831631.000,35403,1,T1,1,100,36.903
1738261925.648941,1831764.000,35420,1,T1,1,100,36.887
1738261925.782946,1831898.000,35436,1,T1,1,100,36.880
1738261925.915951,1832031.000,35453,1,T1,1,100,36.771
1738261926.048957,1832164.000,35486,1,T1,1,100,36.795
1738261926.182963,1832298.000,35502,1,T1,1,100,36.805
1738261926.315968,1832431.000,35520,1,T1,1,100,36.774
1738261926.448974,1832564.000,35552,1,T1,1,100,36.725
1738261926.582979,1832698.000,35569,1,T1,1,100,36.810
1738261926.715985,1832831.000,35591,1,T1,1,100,36.847
1738261926.848990,1832964.000,35607,1,T1,1,100,36.898
1738261926.982996,1833098.000,35640,1,T1,1,100,36.850
1738261927.116001,1833231.000,35657,1,T1,1,100,36.829
1738261927.249007,1833364.000,35674,1,T1,1,100,36.890
1738261927.383012,1833498.000,35691,1,T1,1,100,36.846
1738261927.516018,1833631.000,35724,1,T1,1,100,36.756
1738261927.649023,1833764.000,35740,1,T1,1,100,36.788
1738261927.783029,1833898.000,35757,1,T1,1,100,36.802
1738261927.916034,1834031.000,35790,1,T1,1,100,36.843
1738261928.049040,1834164.000,35806,1,T1,1,100,36.755
1738261928.183045,1834298.000,35823,1,T1,1,100,36.823
1738261928.316051,1834431.000,35856,1,T1,1,100,36.923
1738261928.449056,1834564.000,35872,1,T1,1,100,36.825
1738261928.583062,1834698.000,35890,1,T1,1,100,36.818
1738261928.716067,1834831.000,35922,1,T1,1,100,36.921
1738261928.849073,1834964.000,35938,1,T1,1,100,36.895
1738261928.983078,1835098.000,35956,1,T1,1,100,36.848
1738261929.116084,1835231.000,35988,1,T1,1,100,37.041
1738261929.249089,1835364.000,36005,1,T1,1,100,36.911
1738261929.382095,1835497.000,36022,1,T1,1,100,36.749
1738261929.516100,1835631.000,36038,1,T1,1,100,36.785
1738261929.649106,1835764.000,36071,1,T1,1,100,36.730
1738261929.782111,1835897.000,36088,1,T1,1,100,36.812
1738261929.916117,1836031.000,36105,1,T1,1,100,36.777
1738261930.049122,1836164.000,36137,1,T1,1,100,36.762
1738261930.182128,1836297.000,36154,1,T1,1,100,36.790
1738261930.316133,1836431.000,36173,1,T1,1,100,36.838
1738261930.449139,1836564.000,36205,1,T1,1,100,36.753
1738261930.582144,1836697.000,36223,1,T1,1,100,36.787
1738261930.716150,1836831.000,36239,1,T1,1,100,36.872
1738261930.849155,1836964.000,36272,1,T1,1,100,36.874
1738261930.982161,1837097.000,36289,1,T1,1,100,36.945
1738261931.116166,1837231.000,36305,1,T1,1,100,36.870
1738261931.249172,1837364.000,36338,1,T1,1,100,36.873
1738261931.382177,1837497.000,36355,1,T1,1,100,36.874
1738261931.516183,1837631.000,36371,1,T1,1,100,36.875
1738261931.649188,1837764.000,36389,1,T1,1,100,36.910
1738261931.782194,1837897.000,36426,1,T1,1,100,36.890
1738261931.916199,1838031.000,36443,1,T1,1,100,36.846
1738261932.049205,1838164.000,36460,1,T1,1,100,36.827
1738261932.182210,1838297.000,36476,1,T1,1,100,36.783
1738261932.316216,1838431.000,36509,1,T1,1,100,36.871
1738261932.449221,1838564.000,36526,1,T1,1,100,36.873
1738261932.582227,1838697.000,36543,1,T1,1,100,36.874
1738261932.715232,1838830.000,36560,1,T1,1,100,36.804
1738261932.849238,1838964.000,36592,1,T1,1,100,36.880
1738261932.982243,1839097.000,36609,1,T1,1,100,36.842
1738261933.115249,1839230.000,36626,1,T1,1,100,36.825
1738261933.249254,1839364.000,36659,1,T1,1,100,36.782
1738261933.382260,1839497.000,36675,1,T1,1,100,36.800
1738261933.516265,1839631.000,36692,1,T1,1,100,36.842
1738261933.649271,1839764.000,36725,1,T1,1,100,36.861
1738261933.782276,1839897.000,36741,1,T1,1,100,36.904
1738261933.915282,1840030.000,36759,1,T1,1,100,36.852
1738261934.049288,1840164.000,36791,1,T1,1,100,36.901
1738261934.182293,1840297.000,36807,1,T1,1,100,36.886
1738261934.315299,1840430.000,36825,1,T1,1,100,36.773
1738261934.449304,1840564.000,36857,1,T1,1,100,36.725
1738261934.582309,1840697.000,36874,1,T1,1,100,36.881
1738261934.715315,1840830.000,36891,1,T1,1,100,36.913
1738261934.849320,1840964.000,36924,1,T1,1,100,36.927
1738261934.982326,1841097.000,36940,1,T1,1,100,36.862
1738261935.115331,1841230.000,36957,1,T1,1,100,36.834
1738261935.248337,1841363.000,36973,1,T1,1,100,36.857
1738261935.382343,1841497.000,37010,1,T1,1,100,36.903
1738261935.515348,1841630.000,37027,1,T1,1,100,36.852
1738261935.649354,1841764.000,37044,1,T1,1,100,36.794
1738261935.782359,1841897.000,37076,1,T1,1,100,36.911
1738261935.915365,1842030.000,37094,1,T1,1,100,36.855
1738261936.048370,1842163.000,37110,1,T1,1,100,36.831
1738261936.182376,1842297.000,37143,1,T1,1,100,36.785
1738261936.315381,1842430.000,37160,1,T1,1,100,36.801
1738261936.448387,1842563.000,37176,1,T1,1,100,36.843
1738261936.582392,1842697.000,37209,1,T1,1,100,36.826
1738261936.715398,1842830.000,37226,1,T1,1,100,36.818
1738261936.848403,1842963.000,37242,1,T1,1,100,36.815
1738261936.982409,1843097.000,37263,1,T1,1,100,36.778
1738261937.115414,1843230.000,37279,1,T1,1,100,36.869
1738261937.248420,1843363.000,37312,1,T1,1,100,36.872
1738261937.382425,1843497.000,37329,1,T1,1,100,36.874
1738261937.515431,1843630.000,37345,1,T1,1,100,36.839
1738261937.648436,1843763.000,37378,1,T1,1,100,36.930
1738261937.782442,1843897.000,37395,1,T1,1,100,36.899
1738261937.915447,1844030.000,37412,1,T1,1,100,36.850
1738261938.048453,1844163.000,37444,1,T1,1,100,36.758
1738261938.182458,1844297.000,37461,1,T1,1,100,36.789
1738261938.315464,1844430.000,37478,1,T1,1,100,36.838
1738261938.448469,1844563.000,37510,1,T1,1,100,36.894
1738261938.582475,1844697.000,37528,1,T1,1,100,36.919
1738261938.715480,1844830.000,37544,1,T1,1,100,36.894
1738261938.848486,1844963.000,37561,1,T1,1,100,36.812
1738261938.982491,1845097.000,37594,1,T1,1,100,36.812
1738261939.115497,1845230.000,37610,1,T1,1,100,36.883
1738261939.248502,1845363.000,37628,1,T1,1,100,36.772
1738261939.381508,1845496.000,37660,1,T1,1,100,36.760
1738261939.515513,1845630.000,37676,1,T1,1,100,36.648
1738261939.648519,1845763.000,37694,1,T1,1,100,36.848
1738261939.781524,1845896.000,37726,1,T1,1,100,36.828
1738261939.915530,1846030.000,37743,1,T1,1,100,36.819
1738261940.048535,1846163.000,37760,1,T1,1,100,36.744
1738261940.181541,1846296.000,37793,1,T1,1,100,36.783
1738261940.315546,1846430.000,37811,1,T1,1,100,36.835
1738261940.448552,1846563.000,37828,1,T1,1,100,36.716
1738261940.581557,1846696.000,37844,1,T1,1,100,36.771
1738261940.715563,1846830.000,37877,1,T1,1,100,36.830
1738261940.848568,1846963.000,37894,1,T1,1,100,36.714
1738261940.981574,1847096.000,37911,1,T1,1,100,36.841
1738261941.115579,1847230.000,37943,1,T1,1,100,36.860
1738261941.248585,1847363.000,37963,1,T1,1,100,36.762
1738261941.381590,1847496.000,37979,1,T1,1,100,36.755
1738261941.515596,1847630.000,38012,1,T1,1,100,36.823
1738261941.648601,1847763.000,38029,1,T1,1,100,36.782
1738261941.781607,1847896.000,38045,1,T1,1,100,36.835
1738261941.914612,1848029.000,38078,1,T1,1,100,36.822
1738261942.048618,1848163.000,38102,1,T1,1,100,36.852
1738261942.181623,1848296.000,38119,1,T1,1,100,36.794
1738261942.315629,1848430.000,38136,1,T1,1,100,36.875
1738261942.448634,1848563.000,38152,1,T1,1,100,36.698
1738261942.581640,1848696.000,38187,1,T1,1,100,36.763
1738261942.714645,1848829.000,38204,1,T1,1,100,36.862
1738261942.848651,1848963.000,38220,1,T1,1,100,36.905
1738261942.981656,1849096.000,38253,1,T1,1,100,36.852
1738261943.114662,1849229.000,38270,1,T1,1,100,36.794
1738261943.248667,1849363.000,38287,1,T1,1,100,36.840
1738261943.381673,1849496.000,38304,1,T1,1,100,36.860
1738261943.514678,1849629.000,38336,1,T1,1,100,36.727
1738261943.648684,1849763.000,38353,1,T1,1,100,36.669
1738261943.781689,1849896.000,38372,1,T1,1,100,36.573
1738261943.914695,1850029.000,38405,1,T1,1,100,36.709
1738261944.048701,1850163.000,38421,1,T1,1,100,36.803
1738261944.181706,1850296.000,38438,1,T1,1,100,36.844
1738261944.314712,1850429.000,38471,1,T1,1,100,36.791
1738261944.448717,1850563.000,38487,1,T1,1,100,36.732
1738261944.581722,1850696.000,38505,1,T1,1,100,36.778
1738261944.714728,1850829.000,38537,1,T1,1,100,36.691
1738261944.848733,1850963.000,38553,1,T1,1,100,36.689
1738261944.981739,1851096.000,38575,1,T1,1,100,36.901
1738261945.114744,1851229.000,38607,1,T1,1,100,36.780
1738261945.248750,1851363.000,38624,1,T1,1,100,36.834
1738261945.381756,1851496.000,38643,1,T1,1,100,36.822
1738261945.514761,1851629.000,38659,1,T1,1,100,36.746
1738261945.647767,1851762.000,38692,1,T1,1,100,36.854
1738261945.781772,1851896.000,38709,1,T1,1,100,36.866
1738261945.914778,1852029.000,38726,1,T1,1,100,36.942
1738261946.048783,1852163.000,38760,1,T1,1,100,36.904
1738261946.181789,1852296.000,38777,1,T1,1,100,36.852
1738261946.314794,1852429.000,38794,1,T1,1,100,36.830
1738261946.447800,1852562.000,38826,1,T1,1,100,36.855
1738261946.581805,1852696.000,38844,1,T1,1,100,36.796
1738261946.714811,1852829.000,38860,1,T1,1,100,36.734
1738261946.847816,1852962.000,38893,1,T1,1,100,36.743
1738261946.981822,1853096.000,38910,1,T1,1,100,36.783
1738261947.114827,1853229.000,38926,1,T1,1,100,36.800
1738261947.247833,1853362.000,38951,1,T1,1,100,36.842
1738261947.381838,1853496.000,38967,1,T1,1,100,36.896
1738261947.514844,1853629.000,39000,1,T1,1,100,36.955
1738261947.647849,1853762.000,39017,1,T1,1,100,36.910
1738261947.781855,1853896.000,39033,1,T1,1,100,36.890
1738261947.914860,1854029.000,39066,1,T1,1,100,36.881
1738261948.047866,1854162.000,39083,1,T1,1,100,36.736
1738261948.181871,1854296.000,39099,1,T1,1,100,36.815
1738261948.314877,1854429.000,39134,1,T1,1,100,36.920
1738261948.447882,1854562.000,39151,1,T1,1,100,36.753
1738261948.581888,1854696.000,39168,1,T1,1,100,36.822
1738261948.714893,1854829.000,39200,1,T1,1,100,36.817
1738261948.847899,1854962.000,39217,1,T1,1,100,36.850
1738261948.980904,1855095.000,39234,1,T1,1,100,36.935
1738261949.114910,1855229.000,39266,1,T1,1,100,36.865
1738261949.247915,1855362.000,39284,1,T1,1,100,36.871
1738261949.380921,1855495.000,39300,1,T1,1,100,36.802
1738261949.514926,1855629.000,39317,1,T1,1,100,36.879
1738261949.647932,1855762.000,39350,1,T1,1,100,36.735
1738261949.780937,1855895.000,39368,1,T1,1,100,36.743
1738261949.914943,1856029.000,39386,1,T1,1,100,36.783
1738261950.047948,1856162.000,39418,1,T1,1,100,36.729
1738261950.180954,1856295.000,39434,1,T1,1,100,36.741
1738261950.314959,1856429.000,39454,1,T1,1,100,36.852
1738261950.447965,1856562.000,39486,1,T1,1,100,36.723
1738261950.580970,1856695.000,39503,1,T1,1,100,36.738
1738261950.714976,1856829.000,39520,1,T1,1,100,36.958
1738261950.847981,1856962.000,39553,1,T1,1,100,36.946
1738261950.980987,1857095.000,39569,1,T1,1,100,36.835
1738261951.114992,1857229.000,39586,1,T1,1,100,36.858
1738261951.247998,1857362.000,39619,1,T1,1,100,36.867
1738261951.381003,1857495.000,39635,1,T1,1,100,36.872
1738261951.515009,1857629.000,39652,1,T1,1,100,36.874
1738261951.648014,1857762.000,39669,1,T1,1,100,36.945
1738261951.781020,1857895.000,39701,1,T1,1,100,36.905
1738261951.915025,1858029.000,39719,1,T1,1,100,36.853
1738261952.048031,1858162.000,39735,1,T1,1,100,36.936
1738261952.181036,1858295.000,39768,1,T1,1,100,36.937
1738261952.314042,1858428.000,39790,1,T1,1,100,36.937
1738261952.448047,1858562.000,39806,1,T1,1,100,36.937
1738261952.581053,1858695.000,39824,1,T1,1,100,36.937
1738261952.714058,1858828.000,39840,1,T1,1,100,36.831
1738261952.848064,1858962.000,39873,1,T1,1,100,36.821
1738261952.981069,1859095.000,39890,1,T1,1,100,36.781
1738261953.114075,1859228.000,39906,1,T1,1,100,36.799
1738261953.248080,1859362.000,39941,1,T1,1,100,36.842
1738261953.381086,1859495.000,39958,1,T1,1,100,36.790
1738261953.514091,1859628.000,39974,1,T1,1,100,36.874
1738261953.648097,1859762.000,40007,1,T1,1,100,36.874
1738261953.781102,1859895.000,40024,1,T1,1,100,36.910
1738261953.914108,1860028.000,40041,1,T1,1,100,36.819
1738261954.048114,1860162.000,40058,1,T1,1,100,36.815
1738261954.181119,1860295.000,40090,1,T1,1,100,36.814
1738261954.314125,1860428.000,40107,1,T1,1,100,36.884
1738261954.448130,1860562.000,40126,1,T1,1,100,36.879
1738261954.581136,1860695.000,40159,1,T1,1,100,36.841
1738261954.714141,1860828.000,40175,1,T1,1,100,36.825
1738261954.848146,1860962.000,40192,1,T1,1,100,36.818
1738261954.981152,1861095.000,40225,1,T1,1,100,36.886
1738261955.114157,1861228.000,40241,1,T1,1,100,36.915
1738261955.248163,1861362.000,40259,1,T1,1,100,36.892
1738261955.381169,1861495.000,40293,1,T1,1,100,36.918
1738261955.514174,1861628.000,40309,1,T1,1,100,36.823
1738261955.647180,1861761.000,40327,1,T1,1,100,36.888
1738261955.781185,1861895.000,40361,1,T1,1,100,36.845
1738261955.914191,1862028.000,40378,1,T1,1,100,36.898
1738261956.047196,1862161.000,40395,1,T1,1,100,36.956
1738261956.181202,1862295.000,40428,1,T1,1,100,36.910
1738261956.314207,1862428.000,40444,1,T1,1,100,36.926
1738261956.447213,1862561.000,40461,1,T1,1,100,36.932
1738261956.581218,1862695.000,40478,1,T1,1,100,36.900
1738261956.714224,1862828.000,40510,1,T1,1,100,36.850
1738261956.847229,1862961.000,40527,1,T1,1,100,36.900
1738261956.981235,1863095.000,40544,1,T1,1,100,36.886
1738261957.114240,1863228.000,40578,1,T1,1,100,36.844
1738261957.247246,1863361.000,40596,1,T1,1,100,36.720
1738261957.381251,1863495.000,40612,1,T1,1,100,36.843
1738261957.514257,1863628.000,40634,1,T1,1,100,36.968
1738261957.647262,1863761.000,40651,1,T1,1,100,36.915
1738261957.781268,1863895.000,40683,1,T1,1,100,36.928
1738261957.914273,1864028.000,40701,1,T1,1,100,36.862
1738261958.047279,1864161.000,40717,1,T1,1,100,36.976
1738261958.181284,1864295.000,40750,1,T1,1,100,36.848
1738261958.314290,1864428.000,40769,1,T1,1,100,36.792
1738261958.447295,1864561.000,40785,1,T1,1,100,36.875
1738261958.581301,1864695.000,40818,1,T1,1,100,36.839
1738261958.714306,1864828.000,40835,1,T1,1,100,36.966
1738261958.847312,1864961.000,40851,1,T1,1,100,36.879
1738261958.980317,1865094.000,40884,1,T1,1,100,36.841
1738261959.114323,1865228.000,40901,1,T1,1,100,36.789
1738261959.247328,1865361.000,40918,1,T1,1,100,36.767
1738261959.380334,1865494.000,40950,1,T1,1,100,36.793
1738261959.514339,1865628.000,40969,1,T1,1,100,36.804
1738261959.647345,1865761.000,40986,1,T1,1,100,36.844
1738261959.780350,1865894.000,41018,1,T1,1,100,36.755
1738261959.914356,1866028.000,41036,1,T1,1,100,36.823
1738261960.047361,1866161.000,41052,1,T1,1,100,36.711
1738261960.180367,1866294.000,41069,1,T1,1,100,36.804
1738261960.314372,1866428.000,41104,1,T1,1,100,36.880
1738261960.447378,1866561.000,41120,1,T1,1,100,36.842
1738261960.580383,1866694.000,41138,1,T1,1,100,36.931
1738261960.714389,1866828.000,41170,1,T1,1,100,36.864
1738261960.847394,1866961.000,41188,1,T1,1,100,36.870
1738261960.980400,1867094.000,41206,1,T1,1,100,36.837
1738261961.114405,1867228.000,41238,1,T1,1,100,36.752
1738261961.247411,1867361.000,41255,1,T1,1,100,36.857
1738261961.380416,1867494.000,41272,1,T1,1,100,36.796
1738261961.514422,1867628.000,41305,1,T1,1,100,36.876
1738261961.647427,1867761.000,41321,1,T1,1,100,36.734
1738261961.780433,1867894.000,41338,1,T1,1,100,36.885
1738261961.914438,1868028.000,41371,1,T1,1,100,36.879
1738261962.047444,1868161.000,41387,1,T1,1,100,36.806
1738261962.180449,1868294.000,41404,1,T1,1,100,36.774
1738261962.313455,1868427.000,41421,1,T1,1,100,36.902
1738261962.447460,1868561.000,41453,1,T1,1,100,36.851
1738261962.580466,1868694.000,41476,1,T1,1,100,36.829
1738261962.713471,1868827.000,41494,1,T1,1,100,36.855
1738261962.847477,1868961.000,41511,1,T1,1,100,36.796
1738261962.980482,1869094.000,41544,1,T1,1,100,36.663
1738261963.113488,1869227.000,41560,1,T1,1,100,36.819
1738261963.247494,1869361.000,41578,1,T1,1,100,36.851
1738261963.380499,1869494.000,41610,1,T1,1,100,36.829
1738261963.513505,1869627.000,41628,1,T1,1,100,36.820
1738261963.647510,1869761.000,41646,1,T1,1,100,36.851
1738261963.780515,1869894.000,41678,1,T1,1,100,36.829
1738261963.913521,1870027.000,41695,1,T1,1,100,36.713
1738261964.047527,1870161.000,41712,1,T1,1,100,36.734
1738261964.180532,1870294.000,41728,1,T1,1,100,36.814
1738261964.313538,1870427.000,41761,1,T1,1,100,36.849
1738261964.447543,1870561.000,41778,1,T1,1,100,36.899
1738261964.580549,1870694.000,41795,1,T1,1,100,36.956
1738261964.713554,1870827.000,41829,1,T1,1,100,36.875
1738261964.847559,1870961.000,41846,1,T1,1,100,36.804
1738261964.980565,1871094.000,41863,1,T1,1,100,36.844
1738261965.113570,1871227.000,41895,1,T1,1,100,36.862
1738261965.246576,1871360.000,41913,1,T1,1,100,36.763
1738261965.380582,1871494.000,41931,1,T1,1,100,36.720
1738261965.513587,1871627.000,41964,1,T1,1,100,36.879
1738261965.646593,1871760.000,41981,1,T1,1,100,36.877
1738261965.780598,1871894.000,41997,1,T1,1,100,36.876
1738261965.913604,1872027.000,42030,1,T1,1,100,36.875
1738261966.046609,1872160.000,42047,1,T1,1,100,36.946
1738261966.180615,1872294.000,42065,1,T1,1,100,36.835
1738261966.313620,1872427.000,42083,1,T1,1,100,36.787
1738261966.446626,1872560.000,42115,1,T1,1,100,36.730
1738261966.580631,1872694.000,42132,1,T1,1,100,36.742
1738261966.713637,1872827.000,42149,1,T1,1,100,36.888
1738261966.846642,1872960.000,42182,1,T1,1,100,36.916
1738261966.980648,1873094.000,42198,1,T1,1,100,36.893
1738261967.113653,1873227.000,42215,1,T1,1,100,36.847
1738261967.246659,1873360.000,42250,1,T1,1,100,36.792
1738261967.380664,1873494.000,42266,1,T1,1,100,36.875
1738261967.513670,1873627.000,42283,1,T1,1,100,36.839
1738261967.647175,1873760.500,42321,2,T1,1,100,36.753
1738261967.780681,1873894.000,42321,2,T1,1,100,36.787
1738261967.913686,1874027.000,42354,1,T1,1,100,36.730
1738261968.046692,1874160.000,42370,1,T1,1,100,36.742
1738261968.180697,1874294.000,42387,1,T1,1,100,36.711
1738261968.313703,1874427.000,42420,1,T1,1,100,36.733
1738261968.446708,1874560.000,42436,1,T1,1,100,36.636
1738261968.580714,1874694.000,42456,1,T1,1,100,36.665
1738261968.713719,1874827.000,42488,1,T1,1,100,36.784
1738261968.846725,1874960.000,42504,1,T1,1,100,36.729
1738261968.979730,1875093.000,42522,1,T1,1,100,36.812
1738261969.113736,1875227.000,42554,1,T1,1,100,36.741
1738261969.246741,1875360.000,42571,1,T1,1,100,36.782
1738261969.379747,1875493.000,42588,1,T1,1,100,36.835
1738261969.513752,1875627.000,42623,1,T1,1,100,36.858
1738261969.646758,1875760.000,42639,1,T1,1,100,36.832
1738261969.779763,1875893.000,42656,1,T1,1,100,36.715
1738261969.913769,1876027.000,42672,1,T1,1,100,36.770
1738261970.046774,1876160.000,42705,1,T1,1,100,36.759
1738261970.179780,1876293.000,42722,1,T1,1,100,36.789
1738261970.313785,1876427.000,42741,1,T1,1,100,36.838
1738261970.446791,1876560.000,42773,1,T1,1,100,36.859
1738261970.579796,1876693.000,42791,1,T1,1,100,36.797
1738261970.713802,1876827.000,42809,1,T1,1,100,36.699
1738261970.846807,1876960.000,42842,1,T1,1,100,36.799
1738261970.979813,1877093.000,42859,1,T1,1,100,36.807
1738261971.113818,1877227.000,42875,1,T1,1,100,36.881
1738261971.246824,1877360.000,42908,1,T1,1,100,36.948
1738261971.379829,1877493.000,42925,1,T1,1,100,36.942
1738261971.513835,1877627.000,42941,1,T1,1,100,36.833
1738261971.646840,1877760.000,42974,1,T1,1,100,36.751
1738261971.779846,1877893.000,42993,1,T1,1,100,36.786
1738261971.913851,1878027.000,43010,1,T1,1,100,36.765
1738261972.046857,1878160.000,43027,1,T1,1,100,36.792
1738261972.179862,1878293.000,43060,1,T1,1,100,36.733
1738261972.312868,1878426.000,43076,1,T1,1,100,36.707
1738261972.446873,1878560.000,43093,1,T1,1,100,36.838
1738261972.579879,1878693.000,43128,1,T1,1,100,36.930
1738261972.712884,1878826.000,43144,1,T1,1,100,36.792
1738261972.846890,1878960.000,43166,1,T1,1,100,36.768
1738261972.979895,1879093.000,43183,1,T1,1,100,36.864
1738261973.113901,1879227.000,43200,1,T1,1,100,36.906
1738261973.246907,1879360.000,43233,1,T1,1,100,36.924
1738261973.379912,1879493.000,43249,1,T1,1,100,36.825
1738261973.512918,1879626.000,43266,1,T1,1,100,36.924
1738261973.646923,1879760.000,43299,1,T1,1,100,36.825
1738261973.779928,1879893.000,43315,1,T1,1,100,36.783
1738261973.912934,1880026.000,43333,1,T1,1,100,36.764
1738261974.046940,1880160.000,43365,1,T1,1,100,36.721
1738261974.179945,1880293.000,43381,1,T1,1,100,36.879
1738261974.312951,1880426.000,43399,1,T1,1,100,36.841
1738261974.446956,1880560.000,43431,1,T1,1,100,36.825
1738261974.579962,1880693.000,43448,1,T1,1,100,36.818
1738261974.712967,1880826.000,43465,1,T1,1,100,36.744
1738261974.846972,1880960.000,43481,1,T1,1,100,36.783
1738261974.979978,1881093.000,43514,1,T1,1,100,36.800
1738261975.112983,1881226.000,43531,1,T1,1,100,36.807
1738261975.245989,1881359.000,43547,1,T1,1,100,36.881
1738261975.379995,1881493.000,43582,1,T1,1,100,36.878
1738261975.513000,1881626.000,43599,1,T1,1,100,36.841
1738261975.646006,1881759.000,43616,1,T1,1,100,36.754
1738261975.780011,1881893.000,43648,1,T1,1,100,36.858
1738261975.913017,1882026.000,43666,1,T1,1,100,36.761
1738261976.046022,1882159.000,43682,1,T1,1,100,36.932
1738261976.180028,1882293.000,43715,1,T1,1,100,36.829
1738261976.313033,1882426.000,43732,1,T1,1,100,36.749
1738261976.446039,1882559.000,43748,1,T1,1,100,36.785
1738261976.580044,1882693.000,43781,1,T1,1,100,36.801
1738261976.713050,1882826.000,43798,1,T1,1,100,36.878
1738261976.846055,1882959.000,43814,1,T1,1,100,36.876
1738261976.980061,1883093.000,43847,1,T1,1,100,36.876
1738261977.113066,1883226.000,43864,1,T1,1,100,36.804
1738261977.246072,1883359.000,43881,1,T1,1,100,36.809
1738261977.380077,1883493.000,43898,1,T1,1,100,36.776
1738261977.513083,1883626.000,43931,1,T1,1,100,36.796
1738261977.646088,1883759.000,43947,1,T1,1,100,36.841
1738261977.780094,1883893.000,43964,1,T1,1,100,36.789
1738261977.913099,1884026.000,44002,1,T1,1,100,36.838
1738261978.046105,1884159.000,44018,1,T1,1,100,36.788
1738261978.180110,1884293.000,44035,1,T1,1,100,36.873
1738261978.313116,1884426.000,44052,1,T1,1,100,36.768
1738261978.446121,1884559.000,44069,1,T1,1,100,36.793
1738261978.579127,1884692.000,44102,1,T1,1,100,36.875
1738261978.713132,1884826.000,44118,1,T1,1,100,36.840
1738261978.846138,1884959.000,44135,1,T1,1,100,36.895
1738261978.979143,1885092.000,44168,1,T1,1,100,36.848
1738261979.113149,1885226.000,44184,1,T1,1,100,36.863
1738261979.246154,1885359.000,44202,1,T1,1,100,36.870
1738261979.379160,1885492.000,44234,1,T1,1,100,36.873
1738261979.513165,1885626.000,44250,1,T1,1,100,36.874
1738261979.646171,1885759.000,44268,1,T1,1,100,36.875
1738261979.779176,1885892.000,44284,1,T1,1,100,36.875
1738261979.913182,1886026.000,44317,1,T1,1,100,36.769
1738261980.046187,1886159.000,44334,1,T1,1,100,36.864
1738261980.179193,1886292.000,44350,1,T1,1,100,36.764
1738261980.313198,1886426.000,44385,1,T1,1,100,36.792
1738261980.446204,1886559.000,44402,1,T1,1,100,36.803
1738261980.579209,1886692.000,44419,1,T1,1,100,36.773
1738261980.713215,1886826.000,44451,1,T1,1,100,36.689
1738261980.846220,1886959.000,44468,1,T1,1,100,36.653
1738261980.979226,1887092.000,44485,1,T1,1,100,36.779
1738261981.113231,1887226.000,44517,1,T1,1,100,36.904
1738261981.246237,1887359.000,44535,1,T1,1,100,36.959
1738261981.379242,1887492.000,44551,1,T1,1,100,36.876
1738261981.513248,1887626.000,44584,1,T1,1,100,36.875
1738261981.646253,1887759.000,44601,1,T1,1,100,36.875
1738261981.779259,1887892.000,44617,1,T1,1,100,36.911
1738261981.913265,1888026.000,44650,1,T1,1,100,36.855
1738261982.046270,1888159.000,44667,1,T1,1,100,36.902
1738261982.179276,1888292.000,44683,1,T1,1,100,36.922
1738261982.312281,1888425.000,44701,1,T1,1,100,36.895
1738261982.446286,1888559.000,44733,1,T1,1,100,36.777
1738261982.579292,1888692.000,44750,1,T1,1,100,36.797
1738261982.712297,1888825.000,44767,1,T1,1,100,36.912
1738261982.846303,1888959.000,44800,1,T1,1,100,36.856
1738261982.979308,1889092.000,44816,1,T1,1,100,36.831
1738261983.112314,1889225.000,44838,1,T1,1,100,36.821
1738261983.246320,1889359.000,44855,1,T1,1,100,36.816
1738261983.379325,1889492.000,44887,1,T1,1,100,36.779
1738261983.512331,1889625.000,44904,1,T1,1,100,36.869
1738261983.646336,1889759.000,44921,1,T1,1,100,36.837
1738261983.779341,1889892.000,44953,1,T1,1,100,36.858
1738261983.912347,1890025.000,44971,1,T1,1,100,36.868
1738261984.046353,1890159.000,44987,1,T1,1,100,36.872
1738261984.179358,1890292.000,45004,1,T1,1,100,36.909
1738261984.312364,1890425.000,45037,1,T1,1,100,36.925
1738261984.446369,1890559.000,45053,1,T1,1,100,36.861
1738261984.579375,1890692.000,45071,1,T1,1,100,36.763
1738261984.712380,1890825.000,45103,1,T1,1,100,36.826
1738261984.846385,1890959.000,45119,1,T1,1,100,36.783
1738261984.979391,1891092.000,45137,1,T1,1,100,36.871
1738261985.112396,1891225.000,45169,1,T1,1,100,36.944
1738261985.245402,1891358.000,45188,1,T1,1,100,36.905
1738261985.379408,1891492.000,45207,1,T1,1,100,36.923
1738261985.512413,1891625.000,45240,1,T1,1,100,36.896
1738261985.645419,1891758.000,45256,1,T1,1,100,36.884
1738261985.779424,1891892.000,45273,1,T1,1,100,36.737
1738261985.912430,1892025.000,45289,1,T1,1,100,36.815
1738261986.045435,1892158.000,45322,1,T1,1,100,36.885
1738261986.179441,1892292.000,45339,1,T1,1,100,36.844
1738261986.312446,1892425.000,45356,1,T1,1,100,36.826
1738261986.445452,1892558.000,45388,1,T1,1,100,36.818
1738261986.579457,1892692.000,45406,1,T1,1,100,36.850
1738261986.712463,1892825.000,45422,1,T1,1,100,36.793
1738261986.845468,1892958.000,45455,1,T1,1,100,36.769
1738261986.979474,1893092.000,45472,1,T1,1,100,36.794
1738261987.112479,1893225.000,45488,1,T1,1,100,36.840
1738261987.245485,1893358.000,45523,1,T1,1,100,36.966
1738261987.379490,1893492.000,45540,1,T1,1,100,36.879
1738261987.512496,1893625.000,45556,1,T1,1,100,36.699
1738261987.645501,1893758.000,45589,1,T1,1,100,36.799
1738261987.779507,1893892.000,45606,1,T1,1,100,36.807
1738261987.912512,1894025.000,45623,1,T1,1,100,36.916
1738261988.045518,1894158.000,45640,1,T1,1,100,36.928
1738261988.179523,1894292.000,45678,1,T1,1,100,36.898
1738261988.312529,1894425.000,45696,1,T1,1,100,36.779
1738261988.445534,1894558.000,45713,1,T1,1,100,36.727
1738261988.578540,1894691.000,45730,1,T1,1,100,36.882
1738261988.712545,1894825.000,45762,1,T1,1,100,36.843
1738261988.845551,1894958.000,45779,1,T1,1,100,36.755
1738261988.978556,1895091.000,45796,1,T1,1,100,36.894
1738261989.112562,1895225.000,45828,1,T1,1,100,36.812
1738261989.245567,1895358.000,45846,1,T1,1,100,36.848
1738261989.378573,1895491.000,45862,1,T1,1,100,36.792
1738261989.512578,1895625.000,45879,1,T1,1,100,36.768
1738261989.645584,1895758.000,45914,1,T1,1,100,36.829
1738261989.778589,1895891.000,45930,1,T1,1,100,36.890
1738261989.912595,1896025.000,45948,1,T1,1,100,36.846
1738261990.045600,1896158.000,45980,1,T1,1,100,36.863
1738261990.178606,1896291.000,45996,1,T1,1,100,36.763
1738261990.312611,1896425.000,46016,1,T1,1,100,36.898
1738261990.445617,1896558.000,46048,1,T1,1,100,36.814
1738261990.578622,1896691.000,46065,1,T1,1,100,36.742
1738261990.712628,1896825.000,46082,1,T1,1,100,36.888
1738261990.845634,1896958.000,46117,1,T1,1,100,36.881
1738261990.978639,1897091.000,46133,1,T1,1,100,36.878
1738261991.112644,1897225.000,46150,1,T1,1,100,36.912
1738261991.245650,1897358.000,46183,1,T1,1,100,36.855
1738261991.378655,1897491.000,46199,1,T1,1,100,36.760
1738261991.512661,1897625.000,46216,1,T1,1,100,36.825
1738261991.645666,1897758.000,46233,1,T1,1,100,36.783
1738261991.778672,1897891.000,46265,1,T1,1,100,36.835
1738261991.912678,1898025.000,46283,1,T1,1,100,36.751
1738261992.045683,1898158.000,46299,1,T1,1,100,36.715
1738261992.178689,1898291.000,46334,1,T1,1,100,36.770
1738261992.311694,1898424.000,46351,1,T1,1,100,36.688
1738261992.445699,1898558.000,46367,1,T1,1,100,36.759
1738261992.578705,1898691.000,46400,1,T1,1,100,36.825
1738261992.711710,1898824.000,46417,1,T1,1,100,36.782
1738261992.845716,1898958.000,46433,1,T1,1,100,36.835
1738261992.978721,1899091.000,46466,1,T1,1,100,36.822
1738261993.111727,1899224.000,46483,1,T1,1,100,36.746
1738261993.245733,1899358.000,46500,1,T1,1,100,36.713
1738261993.378738,1899491.000,46522,1,T1,1,100,36.734
1738261993.511744,1899624.000,46538,1,T1,1,100,36.814
1738261993.645749,1899758.000,46571,1,T1,1,100,36.919
1738261993.778754,1899891.000,46588,1,T1,1,100,36.930
1738261993.911760,1900024.000,46605,1,T1,1,100,36.934
1738261994.045766,1900158.000,46637,1,T1,1,100,36.972
1738261994.178771,1900291.000,46654,1,T1,1,100,36.952
1738261994.311777,1900424.000,46671,1,T1,1,100,36.873
1738261994.445782,1900558.000,46688,1,T1,1,100,36.839
1738261994.578788,1900691.000,46721,1,T1,1,100,36.824
1738261994.711793,1900824.000,46737,1,T1,1,100,36.782
1738261994.845798,1900958.000,46754,1,T1,1,100,36.799
1738261994.978804,1901091.000,46787,1,T1,1,100,36.771
1738261995.111809,1901224.000,46803,1,T1,1,100,36.759
1738261995.245815,1901358.000,46821,1,T1,1,100,36.825
1738261995.378821,1901491.000,46855,1,T1,1,100,36.960
1738261995.511826,1901624.000,46871,1,T1,1,100,36.805
1738261995.645832,1901758.000,46889,1,T1,1,100,36.845
1738261995.778837,1901891.000,46921,1,T1,1,100,36.897
1738261995.911843,1902024.000,46938,1,T1,1,100,36.920
1738261996.044848,1902157.000,46955,1,T1,1,100,36.824
1738261996.178854,1902291.000,46988,1,T1,1,100,36.817
1738261996.311859,1902424.000,47004,1,T1,1,100,36.815
1738261996.444865,1902557.000,47021,1,T1,1,100,36.742
1738261996.578870,1902691.000,47037,1,T1,1,100,36.782
1738261996.711876,1902824.000,47070,1,T1,1,100,36.835
1738261996.844881,1902957.000,47087,1,T1,1,100,36.787
1738261996.978887,1903091.000,47104,1,T1,1,100,36.801
1738261997.111892,1903224.000,47136,1,T1,1,100,36.843
1738261997.244898,1903357.000,47154,1,T1,1,100,36.755
1738261997.378903,1903491.000,47170,1,T1,1,100,36.752
1738261997.511909,1903624.000,47203,1,T1,1,100,36.822
1738261997.644914,1903757.000,47220,1,T1,1,100,36.817
1738261997.778920,1903891.000,47236,1,T1,1,100,36.850
1738261997.911925,1904024.000,47269,1,T1,1,100,36.829
1738261998.044931,1904157.000,47286,1,T1,1,100,36.819
1738261998.178936,1904291.000,47302,1,T1,1,100,36.816
1738261998.311942,1904424.000,47337,1,T1,1,100,36.885
1738261998.445447,1904557.500,47359,2,T1,1,100,36.808
1738261998.578953,1904691.000,47359,2,T1,1,100,36.740
1738261998.711958,1904824.000,47392,1,T1,1,100,36.675
1738261998.844964,1904957.000,47408,1,T1,1,100,36.717
1738261998.978969,1905091.000,47426,1,T1,1,100,36.878
1738261999.111975,1905224.000,47458,1,T1,1,100,36.841
1738261999.244980,1905357.000,47475,1,T1,1,100,36.896
1738261999.377986,1905490.000,47492,1,T1,1,100,36.813
1738261999.511991,1905624.000,47527,1,T1,1,100,36.742
1738261999.644997,1905757.000,47543,1,T1,1,100,36.924
1738261999.778002,1905890.000,47560,1,T1,1,100,36.825
1738261999.912008,1906024.000,47593,1,T1,1,100,36.712
1738262000.045013,1906157.000,47609,1,T1,1,100,36.698
1738262000.178019,1906290.000,47626,1,T1,1,100,36.798
1738262000.312024,1906424.000,47661,1,T1,1,100,36.735
1738262000.445030,1906557.000,47677,1,T1,1,100,36.850
1738262000.578035,1906690.000,47695,1,T1,1,100,36.793
1738262000.712041,1906824.000,47729,1,T1,1,100,36.769
1738262000.845047,1906957.000,47745,1,T1,1,100,36.900
1738262000.978052,1907090.000,47763,1,T1,1,100,36.921
1738262001.112057,1907224.000,47779,1,T1,1,100,36.824
1738262001.245063,1907357.000,47812,1,T1,1,100,36.888
1738262001.378068,1907490.000,47829,1,T1,1,100,36.845
1738262001.512074,1907624.000,47845,1,T1,1,100,36.827
1738262001.645079,1907757.000,47878,1,T1,1,100,36.854
1738262001.778085,1907890.000,47895,1,T1,1,100,36.831
1738262001.912091,1908024.000,47912,1,T1,1,100,36.785
1738262002.045096,1908157.000,47946,1,T1,1,100,36.871
1738262002.178102,1908290.000,47963,1,T1,1,100,36.803
1738262002.311107,1908423.000,47980,1,T1,1,100,36.844
1738262002.445112,1908557.000,48012,1,T1,1,100,36.755
1738262002.578118,1908690.000,48030,1,T1,1,100,36.859
1738262002.711123,1908823.000,48046,1,T1,1,100,36.797
1738262002.845129,1908957.000,48079,1,T1,1,100,36.699
1738262002.978134,1909090.000,48098,1,T1,1,100,36.728
1738262003.111140,1909223.000,48114,1,T1,1,100,36.811
1738262003.245146,1909357.000,48131,1,T1,1,100,36.812
1738262003.378151,1909490.000,48164,1,T1,1,100,36.848
1738262003.511157,1909623.000,48180,1,T1,1,100,36.828
1738262003.645162,1909757.000,48203,1,T1,1,100,36.748
1738262003.778167,1909890.000,48219,1,T1,1,100,36.856
1738262003.911173,1910023.000,48252,1,T1,1,100,36.831
1738262004.045179,1910157.000,48271,1,T1,1,100,36.750
1738262004.178184,1910290.000,48287,1,T1,1,100,36.963
1738262004.311190,1910423.000,48305,1,T1,1,100,36.913
1738262004.445195,1910557.000,48337,1,T1,1,100,36.927
1738262004.578201,1910690.000,48354,1,T1,1,100,36.862
1738262004.711206,1910823.000,48371,1,T1,1,100,36.869
1738262004.845212,1910957.000,48404,1,T1,1,100,36.943
1738262004.978217,1911090.000,48420,1,T1,1,100,36.905
1738262005.111223,1911223.000,48437,1,T1,1,100,36.959
1738262005.245228,1911357.000,48472,1,T1,1,100,36.876
1738262005.378234,1911490.000,48488,1,T1,1,100,36.875
1738262005.511239,1911623.000,48507,1,T1,1,100,36.875
1738262005.644245,1911756.000,48540,1,T1,1,100,36.804
1738262005.778250,1911890.000,48556,1,T1,1,100,36.844
1738262005.911256,1912023.000,48574,1,T1,1,100,36.791
1738262006.044261,1912156.000,48606,1,T1,1,100,36.803
1738262006.178267,1912290.000,48622,1,T1,1,100,36.844
1738262006.311272,1912423.000,48640,1,T1,1,100,36.897
1738262006.444278,1912556.000,48672,1,T1,1,100,36.849
1738262006.578283,1912690.000,48689,1,T1,1,100,36.864
1738262006.711289,1912823.000,48706,1,T1,1,100,36.870
1738262006.844294,1912956.000,48722,1,T1,1,100,36.802
1738262006.978300,1913090.000,48755,1,T1,1,100,36.843
1738262007.111305,1913223.000,48772,1,T1,1,100,36.826
1738262007.244311,1913356.000,48789,1,T1,1,100,36.712
1738262007.378316,1913490.000,48821,1,T1,1,100,36.840
1738262007.511322,1913623.000,48838,1,T1,1,100,36.860
1738262007.644327,1913756.000,48855,1,T1,1,100,36.833
1738262007.778333,1913890.000,48887,1,T1,1,100,36.750
1738262007.911338,1914023.000,48905,1,T1,1,100,36.821
1738262008.044344,1914156.000,48921,1,T1,1,100,36.816
1738262008.178349,1914290.000,48954,1,T1,1,100,36.991
1738262008.311355,1914423.000,48971,1,T1,1,100,36.854
1738262008.444360,1914556.000,48987,1,T1,1,100,36.831
1738262008.578366,1914690.000,49020,1,T1,1,100,36.820
1738262008.711371,1914823.000,49042,1,T1,1,100,36.887
1738262008.844377,1914956.000,49059,1,T1,1,100,36.916
1738262008.977382,1915089.000,49076,1,T1,1,100,36.822
1738262009.111388,1915223.000,49092,1,T1,1,100,36.781
1738262009.244393,1915356.000,49125,1,T1,1,100,36.870
1738262009.377399,1915489.000,49142,1,T1,1,100,36.908
1738262009.511404,1915623.000,49158,1,T1,1,100,36.889
1738262009.644410,1915756.000,49191,1,T1,1,100,36.775
1738262009.777415,1915889.000,49208,1,T1,1,100,36.725
1738262009.911421,1916023.000,49225,1,T1,1,100,36.846
1738262010.044426,1916156.000,49257,1,T1,1,100,36.933
1738262010.177432,1916289.000,49274,1,T1,1,100,36.936
1738262010.311437,1916423.000,49293,1,T1,1,100,36.866
1738262010.444443,1916556.000,49325,1,T1,1,100,36.800
1738262010.577448,1916689.000,49343,1,T1,1,100,36.843
1738262010.711454,1916823.000,49359,1,T1,1,100,36.861
1738262010.844460,1916956.000,49376,1,T1,1,100,36.869
1738262010.977465,1917089.000,49409,1,T1,1,100,36.766
1738262011.111470,1917223.000,49425,1,T1,1,100,36.757
1738262011.244476,1917356.000,49443,1,T1,1,100,36.859
1738262011.377481,1917489.000,49475,1,T1,1,100,36.833
1738262011.511487,1917623.000,49491,1,T1,1,100,36.821
1738262011.644492,1917756.000,49511,1,T1,1,100,36.923
1738262011.777498,1917889.000,49543,1,T1,1,100,36.896
1738262011.911504,1918023.000,49560,1,T1,1,100,36.848
1738262012.044509,1918156.000,49577,1,T1,1,100,36.793
1738262012.177515,1918289.000,49610,1,T1,1,100,36.875
1738262012.311520,1918423.000,49626,1,T1,1,100,36.910
1738262012.444525,1918556.000,49643,1,T1,1,100,36.997
1738262012.577531,1918689.000,49676,1,T1,1,100,36.963
1738262012.710536,1918822.000,49692,1,T1,1,100,36.913
1738262012.844542,1918956.000,49711,1,T1,1,100,36.821
1738262012.977547,1919089.000,49728,1,T1,1,100,36.745
1738262013.110553,1919222.000,49760,1,T1,1,100,36.712
1738262013.244559,1919356.000,49778,1,T1,1,100,36.769
1738262013.377564,1919489.000,49794,1,T1,1,100,36.723
1738262013.510570,1919622.000,49827,1,T1,1,100,36.774
1738262013.644575,1919756.000,49844,1,T1,1,100,36.725
1738262013.777580,1919889.000,49860,1,T1,1,100,36.775
1738262013.910586,1920022.000,49881,1,T1,1,100,36.796
1738262014.044592,1920156.000,49915,1,T1,1,100,36.770
1738262014.177597,1920289.000,49931,1,T1,1,100,36.723
1738262014.310603,1920422.000,49949,1,T1,1,100,36.845
1738262014.444608,1920556.000,49965,1,T1,1,100,36.826
1738262014.577614,1920689.000,49998,1,T1,1,100,36.748
1738262014.710619,1920822.000,50015,1,T1,1,100,36.749
1738262014.844625,1920956.000,50031,1,T1,1,100,36.785
1738262014.977630,1921089.000,50064,1,T1,1,100,36.801
1738262015.110636,1921222.000,50081,1,T1,1,100,36.878
1738262015.244641,1921356.000,50098,1,T1,1,100,36.770
1738262015.377647,1921489.000,50134,1,T1,1,100,36.794
1738262015.510652,1921622.000,50151,1,T1,1,100,36.805
1738262015.643658,1921755.000,50168,1,T1,1,100,36.915
1738262015.777663,1921889.000,50200,1,T1,1,100,36.892
1738262015.910669,1922022.000,50218,1,T1,1,100,36.812
1738262016.043674,1922155.000,50234,1,T1,1,100,36.848
1738262016.177680,1922289.000,50267,1,T1,1,100,36.970
1738262016.310685,1922422.000,50284,1,T1,1,100,36.951
1738262016.443691,1922555.000,50300,1,T1,1,100,36.766
1738262016.577696,1922689.000,50317,1,T1,1,100,36.651
1738262016.710702,1922822.000,50350,1,T1,1,100,36.636
1738262016.843707,1922955.000,50366,1,T1,1,100,36.736
1738262016.977713,1923089.000,50384,1,T1,1,100,36.815
1738262017.110718,1923222.000,50416,1,T1,1,100,36.814
1738262017.243724,1923355.000,50433,1,T1,1,100,36.848
1738262017.377729,1923489.000,50450,1,T1,1,100,36.793
1738262017.510735,1923622.000,50485,1,T1,1,100,36.875
1738262017.643740,1923755.000,50501,1,T1,1,100,36.769
1738262017.777746,1923889.000,50518,1,T1,1,100,36.723
1738262017.910751,1924022.000,50551,1,T1,1,100,36.738
1738262018.043757,1924155.000,50567,1,T1,1,100,36.709
1738262018.177762,1924289.000,50584,1,T1,1,100,36.803
1738262018.310768,1924422.000,50617,1,T1,1,100,36.809
1738262018.443773,1924555.000,50633,1,T1,1,100,36.882
1738262018.576779,1924688.000,50651,1,T1,1,100,36.878
1738262018.710784,1924822.000,50667,1,T1,1,100,36.841
1738262018.843790,1924955.000,50699,1,T1,1,100,36.789
1738262018.977795,1925089.000,50724,1,T1,1,100,36.838
1738262019.110801,1925222.000,50740,1,T1,1,100,36.859
1738262019.243806,1925355.000,50758,1,T1,1,100,36.762
1738262019.376812,1925488.000,50792,1,T1,1,100,36.861
1738262019.510817,1925622.000,50808,1,T1,1,100,36.798
1738262019.643823,1925755.000,50826,1,T1,1,100,36.842
1738262019.776828,1925888.000,50842,1,T1,1,100,36.861
1738262019.910834,1926022.000,50875,1,T1,1,100,36.869
1738262020.043839,1926155.000,50892,1,T1,1,100,36.943
1738262020.176845,1926288.000,50910,1,T1,1,100,36.763
1738262020.310850,1926422.000,50945,1,T1,1,100,36.791
1738262020.443856,1926555.000,50962,1,T1,1,100,36.732
1738262020.576861,1926688.000,50979,1,T1,1,100,36.813
1738262020.710867,1926822.000,51011,1,T1,1,100,36.742
1738262020.843873,1926955.000,51028,1,T1,1,100,36.817
1738262020.976878,1927088.000,51045,1,T1,1,100,36.779
1738262021.110883,1927222.000,51077,1,T1,1,100,36.798
1738262021.243889,1927355.000,51095,1,T1,1,100,36.842
1738262021.376894,1927488.000,51111,1,T1,1,100,36.861
1738262021.510900,1927622.000,51144,1,T1,1,100,36.904
1738262021.643905,1927755.000,51161,1,T1,1,100,36.888
1738262021.776911,1927888.000,51177,1,T1,1,100,36.845
1738262021.909916,1928021.000,51194,1,T1,1,100,36.862
1738262022.043922,1928155.000,51227,1,T1,1,100,36.728
1738262022.176928,1928288.000,51243,1,T1,1,100,36.811
1738262022.309933,1928421.000,51261,1,T1,1,100,36.883
1738262022.443938,1928555.000,51295,1,T1,1,100,36.914
1738262022.576944,1928688.000,51312,1,T1,1,100,36.892
1738262022.709949,1928821.000,51329,1,T1,1,100,36.882
1738262022.843955,1928955.000,51362,1,T1,1,100,36.843
1738262022.976960,1929088.000,51378,1,T1,1,100,36.755
1738262023.109966,1929221.000,51395,1,T1,1,100,36.823
1738262023.243972,1929355.000,51428,1,T1,1,100,36.782
1738262023.376977,1929488.000,51444,1,T1,1,100,36.728
1738262023.509983,1929621.000,51461,1,T1,1,100,36.776
1738262023.643988,1929755.000,51478,1,T1,1,100,36.832
1738262023.776994,1929888.000,51512,1,T1,1,100,36.750
1738262023.909999,1930021.000,51530,1,T1,1,100,36.785
1738262024.044005,1930155.000,51546,1,T1,1,100,36.872
1738262024.177010,1930288.000,51568,1,T1,1,100,36.909
1738262024.310016,1930421.000,51601,1,T1,1,100,36.961
1738262024.444021,1930555.000,51617,1,T1,1,100,36.948
1738262024.577027,1930688.000,51635,1,T1,1,100,36.800
1738262024.710032,1930821.000,51651,1,T1,1,100,36.807
1738262024.844038,1930955.000,51684,1,T1,1,100,36.917
1738262024.977043,1931088.000,51701,1,T1,1,100,36.964
1738262025.110049,1931221.000,51719,1,T1,1,100,36.913
1738262025.243054,1931354.000,51754,1,T1,1,100,36.856
1738262025.377060,1931488.000,51771,1,T1,1,100,36.760
1738262025.510065,1931621.000,51787,1,T1,1,100,36.896
1738262025.643071,1931754.000,51820,1,T1,1,100,36.813
1738262025.777076,1931888.000,51837,1,T1,1,100,36.813
1738262025.910082,1932021.000,51854,1,T1,1,100,36.884
1738262026.043087,1932154.000,51886,1,T1,1,100,36.879
1738262026.177093,1932288.000,51903,1,T1,1,100,36.841
1738262026.310098,1932421.000,51920,1,T1,1,100,36.754
1738262026.443104,1932554.000,51939,1,T1,1,100,36.752
1738262026.577109,1932688.000,51972,1,T1,1,100,36.715
1738262026.710115,1932821.000,51988,1,T1,1,100,36.700
1738262026.843120,1932954.000,52005,1,T1,1,100,36.764
1738262026.977126,1933088.000,52038,1,T1,1,100,36.827
1738262027.110131,1933221.000,52054,1,T1,1,100,36.819
1738262027.243137,1933354.000,52072,1,T1,1,100,36.886
1738262027.377142,1933488.000,52104,1,T1,1,100,36.844
1738262027.510148,1933621.000,52120,1,T1,1,100,36.755
1738262027.643153,1933754.000,52138,1,T1,1,100,36.788
1738262027.777159,1933888.000,52154,1,T1,1,100,36.766
1738262027.910164,1934021.000,52187,1,T1,1,100,36.793
1738262028.043170,1934154.000,52204,1,T1,1,100,36.804
1738262028.177175,1934288.000,52220,1,T1,1,100,36.844
1738262028.310181,1934421.000,52253,1,T1,1,100,36.755
1738262028.443186,1934554.000,52270,1,T1,1,100,36.717
1738262028.576192,1934687.000,52287,1,T1,1,100,36.842
1738262028.710197,1934821.000,52321,1,T1,1,100,36.754
1738262028.843203,1934954.000,52338,1,T1,1,100,36.823
1738262028.976208,1935087.000,52355,1,T1,1,100,36.781
1738262029.109714,1935220.500,52394,2,T1,1,100,36.764
1738262029.243219,1935354.000,52394,2,T1,1,100,36.791
1738262029.377225,1935488.000,52410,1,T1,1,100,36.768
1738262029.510230,1935621.000,52427,1,T1,1,100,36.829
1738262029.643236,1935754.000,52460,1,T1,1,100,36.819
1738262029.776241,1935887.000,52476,1,T1,1,100,36.816
1738262029.910247,1936021.000,52494,1,T1,1,100,36.849
1738262030.043252,1936154.000,52526,1,T1,1,100,36.793
1738262030.176258,1936287.000,52542,1,T1,1,100,36.804
1738262030.310263,1936421.000,52562,1,T1,1,100,36.844
1738262030.443269,1936554.000,52594,1,T1,1,100,36.755
1738262030.576274,1936687.000,52611,1,T1,1,100,36.788
1738262030.710280,1936821.000,52628,1,T1,1,100,36.802
1738262030.843286,1936954.000,52661,1,T1,1,100,36.701
1738262030.976291,1937087.000,52679,1,T1,1,100,36.729
1738262031.110296,1937221.000,52696,1,T1,1,100,36.812
1738262031.243302,1937354.000,52729,1,T1,1,100,36.812
1738262031.376307,1937487.000,52745,1,T1,1,100,36.777
1738262031.510313,1937621.000,52762,1,T1,1,100,36.833
1738262031.643318,1937754.000,52779,1,T1,1,100,36.821
1738262031.776324,1937887.000,52811,1,T1,1,100,36.816
1738262031.909329,1938020.000,52829,1,T1,1,100,36.814
1738262032.043335,1938154.000,52845,1,T1,1,100,36.600
1738262032.176341,1938287.000,52878,1,T1,1,100,36.543
1738262032.310346,1938421.000,52895,1,T1,1,100,36.732
1738262032.443352,1938554.000,52911,1,T1,1,100,36.848
1738262032.576357,1938687.000,52944,1,T1,1,100,36.828
1738262032.709363,1938820.000,52961,1,T1,1,100,36.890
1738262032.843368,1938954.000,52977,1,T1,1,100,36.882
1738262032.976373,1939087.000,53012,1,T1,1,100,36.807
1738262033.109379,1939220.000,53031,1,T1,1,100,36.739
1738262033.243385,1939354.000,53048,1,T1,1,100,36.710
1738262033.376390,1939487.000,53080,1,T1,1,100,36.804
1738262033.509396,1939620.000,53097,1,T1,1,100,36.809
1738262033.643401,1939754.000,53114,1,T1,1,100,36.846
1738262033.776407,1939887.000,53131,1,T1,1,100,36.756
1738262033.909412,1940020.000,53166,1,T1,1,100,36.717
1738262034.043418,1940154.000,53182,1,T1,1,100,36.771
1738262034.176423,1940287.000,53199,1,T1,1,100,36.866
1738262034.309429,1940420.000,53235,1,T1,1,100,36.835
1738262034.443434,1940554.000,53251,1,T1,1,100,36.752
1738262034.576440,1940687.000,53269,1,T1,1,100,36.822
1738262034.709445,1940820.000,53285,1,T1,1,100,36.852
1738262034.843451,1940954.000,53304,1,T1,1,100,36.830
1738262034.976456,1941087.000,53337,1,T1,1,100,36.891
1738262035.109462,1941220.000,53353,1,T1,1,100,36.811
1738262035.242467,1941353.000,53371,1,T1,1,100,36.847
1738262035.376473,1941487.000,53405,1,T1,1,100,36.863
1738262035.509478,1941620.000,53421,1,T1,1,100,36.799
1738262035.643484,1941754.000,53439,1,T1,1,100,36.878
1738262035.776489,1941887.000,53473,1,T1,1,100,36.947
1738262035.909495,1942020.000,53490,1,T1,1,100,36.906
1738262036.043500,1942154.000,53507,1,T1,1,100,36.924
1738262036.176506,1942287.000,53540,1,T1,1,100,36.932
1738262036.309511,1942420.000,53556,1,T1,1,100,36.864
1738262036.442517,1942553.000,53573,1,T1,1,100,36.764
1738262036.576522,1942687.000,53606,1,T1,1,100,36.862
1738262036.709528,1942820.000,53622,1,T1,1,100,36.905
1738262036.842533,1942953.000,53641,1,T1,1,100,36.817
1738262036.976539,1943087.000,53658,1,T1,1,100,36.779
1738262037.109544,1943220.000,53690,1,T1,1,100,36.727
1738262037.242550,1943353.000,53708,1,T1,1,100,36.882
1738262037.376555,1943487.000,53724,1,T1,1,100,36.807
1738262037.509561,1943620.000,53757,1,T1,1,100,36.810
1738262037.642566,1943753.000,53774,1,T1,1,100,36.776
1738262037.776572,1943887.000,53790,1,T1,1,100,36.726
1738262037.909577,1944020.000,53825,1,T1,1,100,36.810
1738262038.042583,1944153.000,53842,1,T1,1,100,36.705
1738262038.176588,1944287.000,53858,1,T1,1,100,36.837
1738262038.309594,1944420.000,53891,1,T1,1,100,36.823
1738262038.442599,1944553.000,53908,1,T1,1,100,36.746
1738262038.576605,1944687.000,53925,1,T1,1,100,36.855
1738262038.709610,1944820.000,53957,1,T1,1,100,36.866
1738262038.842616,1944953.000,53974,1,T1,1,100,36.942
1738262038.976621,1945087.000,53991,1,T1,1,100,36.798
1738262039.109627,1945220.000,54008,1,T1,1,100,36.912
1738262039.242632,1945353.000,54043,1,T1,1,100,36.785
1738262039.375638,1945486.000,54059,1,T1,1,100,36.836
1738262039.509643,1945620.000,54083,1,T1,1,100,36.823
1738262039.642649,1945753.000,54100,1,T1,1,100,36.817
1738262039.776654,1945887.000,54117,1,T1,1,100,36.779
1738262039.909660,1946020.000,54150,1,T1,1,100,36.833
1738262040.042665,1946153.000,54166,1,T1,1,100,36.751
1738262040.175671,1946286.000,54183,1,T1,1,100,36.786
1738262040.309676,1946420.000,54218,1,T1,1,100,36.836
1738262040.442682,1946553.000,54236,1,T1,1,100,36.858
1738262040.575687,1946686.000,54254,1,T1,1,100,36.832
1738262040.709693,1946820.000,54286,1,T1,1,100,36.715
1738262040.842699,1946953.000,54302,1,T1,1,100,36.735
1738262040.975704,1947086.000,54320,1,T1,1,100,36.885
1738262041.109710,1947220.000,54352,1,T1,1,100,36.950
1738262041.242715,1947353.000,54369,1,T1,1,100,36.908
1738262041.375721,1947486.000,54386,1,T1,1,100,36.889
1738262041.509726,1947620.000,54402,1,T1,1,100,36.846
1738262041.642731,1947753.000,54437,1,T1,1,100,36.862
1738262041.775737,1947886.000,54454,1,T1,1,100,36.799
1738262041.909743,1948020.000,54470,1,T1,1,100,36.771
1738262042.042748,1948153.000,54503,1,T1,1,100,36.830
1738262042.175754,1948286.000,54520,1,T1,1,100,36.926
1738262042.308759,1948419.000,54537,1,T1,1,100,36.826
1738262042.442765,1948553.000,54569,1,T1,1,100,36.818
1738262042.575770,1948686.000,54587,1,T1,1,100,36.851
1738262042.708776,1948819.000,54605,1,T1,1,100,36.794
1738262042.842781,1948953.000,54638,1,T1,1,100,36.875
1738262042.975787,1949086.000,54655,1,T1,1,100,36.733
1738262043.108792,1949219.000,54671,1,T1,1,100,36.814
1738262043.242798,1949353.000,54704,1,T1,1,100,36.813
1738262043.375803,1949486.000,54721,1,T1,1,100,36.813
1738262043.508809,1949619.000,54737,1,T1,1,100,36.884
1738262043.642814,1949753.000,54770,1,T1,1,100,36.808
1738262043.775820,1949886.000,54787,1,T1,1,100,36.740
1738262043.908825,1950019.000,54806,1,T1,1,100,36.710
1738262044.042831,1950153.000,54823,1,T1,1,100,36.768
1738262044.175836,1950286.000,54856,1,T1,1,100,36.793
1738262044.308842,1950419.000,54872,1,T1,1,100,36.840
1738262044.442847,1950553.000,54889,1,T1,1,100,36.824
1738262044.575853,1950686.000,54927,2,T1,1,100,36.924
1738262044.708858,1950819.000,54927,2,T1,1,100,36.896
1738262044.842864,1950953.000,54960,1,T1,1,100,36.778
1738262044.975869,1951086.000,54976,1,T1,1,100,36.868
1738262045.108875,1951219.000,54993,1,T1,1,100,36.837
1738262045.241880,1951352.000,55028,1,T1,1,100,36.894
1738262045.375886,1951486.000,55044,1,T1,1,100,36.883
1738262045.508891,1951619.000,55061,1,T1,1,100,36.879
1738262045.641897,1951752.000,55094,1,T1,1,100,36.806
1738262045.775902,1951886.000,55110,1,T1,1,100,36.774
1738262045.908908,1952019.000,55128,1,T1,1,100,36.796
1738262046.041913,1952152.000,55160,1,T1,1,100,36.734
1738262046.175919,1952286.000,55176,1,T1,1,100,36.779
1738262046.308924,1952419.000,55194,1,T1,1,100,36.727
1738262046.441930,1952552.000,55210,1,T1,1,100,36.811
1738262046.575935,1952686.000,55243,1,T1,1,100,36.883
1738262046.708941,1952819.000,55260,1,T1,1,100,36.843
1738262046.841946,1952952.000,55276,1,T1,1,100,36.861
1738262046.975952,1953086.000,55309,1,T1,1,100,36.904
1738262047.108957,1953219.000,55326,1,T1,1,100,36.852
1738262047.241963,1953352.000,55343,1,T1,1,100,36.830
1738262047.375968,1953486.000,55375,1,T1,1,100,36.820
1738262047.508974,1953619.000,55392,1,T1,1,100,36.709
1738262047.641979,1953752.000,55409,1,T1,1,100,36.768
1738262047.775985,1953886.000,55441,1,T1,1,100,36.793
1738262047.908990,1954019.000,55459,1,T1,1,100,36.733
1738262048.041996,1954152.000,55475,1,T1,1,100,36.849
1738262048.176001,1954286.000,55508,1,T1,1,100,36.828
1738262048.309007,1954419.000,55525,1,T1,1,100,36.784
1738262048.442012,1954552.000,55541,1,T1,1,100,36.942
1738262048.576018,1954686.000,55576,1,T1,1,100,36.833
1738262048.709023,1954819.000,55593,1,T1,1,100,36.892
1738262048.842029,1954952.000,55609,1,T1,1,100,36.882
1738262048.976034,1955086.000,55627,1,T1,1,100,36.914
1738262049.109040,1955219.000,55659,1,T1,1,100,36.821
1738262049.242045,1955352.000,55676,1,T1,1,100,36.816
1738262049.375051,1955485.000,55693,1,T1,1,100,36.743
1738262049.509056,1955619.000,55726,1,T1,1,100,36.853
1738262049.642062,1955752.000,55742,1,T1,1,100,36.866
1738262049.775067,1955885.000,55764,1,T1,1,100,36.800
1738262049.909073,1956019.000,55781,1,T1,1,100,36.807
1738262050.042078,1956152.000,55798,1,T1,1,100,36.810
1738262050.175084,1956285.000,55830,1,T1,1,100,36.882
1738262050.309089,1956419.000,55849,1,T1,1,100,36.843
1738262050.442095,1956552.000,55866,1,T1,1,100,36.719
1738262050.575100,1956685.000,55899,1,T1,1,100,36.666
1738262050.709106,1956819.000,55915,1,T1,1,100,36.714
1738262050.842112,1956952.000,55932,1,T1,1,100,36.805
1738262050.975117,1957085.000,55967,1,T1,1,100,36.880
1738262051.109123,1957219.000,55983,1,T1,1,100,36.913
1738262051.242128,1957352.000,56001,1,T1,1,100,36.856
1738262051.375134,1957485.000,56033,1,T1,1,100,36.725
1738262051.509139,1957619.000,56049,1,T1,1,100,36.810
1738262051.642144,1957752.000,56067,1,T1,1,100,36.847
1738262051.775150,1957885.000,56099,1,T1,1,100,36.792
1738262051.909156,1958019.000,56116,1,T1,1,100,36.839
1738262052.042161,1958152.000,56133,1,T1,1,100,36.859
1738262052.175167,1958285.000,56149,1,T1,1,100,36.868
1738262052.309172,1958419.000,56184,1,T1,1,100,36.801
1738262052.442178,1958552.000,56201,1,T1,1,100,36.701
1738262052.575183,1958685.000,56218,1,T1,1,100,36.835
1738262052.708189,1958818.000,56250,1,T1,1,100,36.822
1738262052.842194,1958952.000,56267,1,T1,1,100,36.781
1738262052.975200,1959085.000,56284,1,T1,1,100,36.799
1738262053.108205,1959218.000,56316,1,T1,1,100,36.736
1738262053.242211,1959352.000,56334,1,T1,1,100,36.779
1738262053.375216,1959485.000,56350,1,T1,1,100,36.869
1738262053.508222,1959618.000,56385,1,T1,1,100,36.872
1738262053.642227,1959752.000,56402,1,T1,1,100,36.874
1738262053.775233,1959885.000,56418,1,T1,1,100,36.768
1738262053.908238,1960018.000,56451,1,T1,1,100,36.935
1738262054.042244,1960152.000,56468,1,T1,1,100,36.901
1738262054.175249,1960285.000,56484,1,T1,1,100,36.851
1738262054.308255,1960418.000,56502,1,T1,1,100,36.758
1738262054.442260,1960552.000,56534,1,T1,1,100,36.789
1738262054.575266,1960685.000,56551,1,T1,1,100,36.767
1738262054.708271,1960818.000,56568,1,T1,1,100,36.828
1738262054.841777,1960951.500,56606,2,T1,1,100,36.855
1738262054.975282,1961085.000,56606,2,T1,1,100,36.831
1738262055.108288,1961218.000,56638,1,T1,1,100,36.891
1738262055.241293,1961351.000,56655,1,T1,1,100,36.847
1738262055.375299,1961485.000,56674,1,T1,1,100,36.721
1738262055.508304,1961618.000,56707,1,T1,1,100,36.844
1738262055.642310,1961752.000,56723,1,T1,1,100,36.897
1738262055.775315,1961885.000,56742,1,T1,1,100,36.849
1738262055.908321,1962018.000,56775,1,T1,1,100,36.828
1738262056.041326,1962151.000,56791,1,T1,1,100,36.819
1738262056.175332,1962285.000,56808,1,T1,1,100,36.815
1738262056.308337,1962418.000,56841,1,T1,1,100,36.814
1738262056.441343,1962551.000,56857,1,T1,1,100,36.778
1738262056.575348,1962685.000,56875,1,T1,1,100,36.726
1738262056.708354,1962818.000,56907,1,T1,1,100,36.704
1738262056.841359,1962951.000,56923,1,T1,1,100,36.801
1738262056.975365,1963085.000,56941,1,T1,1,100,36.843
1738262057.108370,1963218.000,56973,1,T1,1,100,36.826
1738262057.241376,1963351.000,56990,1,T1,1,100,36.818
1738262057.375381,1963485.000,57007,1,T1,1,100,36.780
1738262057.508387,1963618.000,57023,1,T1,1,100,36.834
1738262057.641392,1963751.000,57056,1,T1,1,100,36.751
1738262057.775398,1963885.000,57073,1,T1,1,100,36.821
1738262057.908403,1964018.000,57090,1,T1,1,100,36.781
1738262058.041409,1964151.000,57122,1,T1,1,100,36.763
1738262058.175414,1964285.000,57139,1,T1,1,100,36.827
1738262058.308420,1964418.000,57156,1,T1,1,100,36.925
1738262058.441425,1964551.000,57188,1,T1,1,100,36.790
1738262058.574431,1964684.000,57206,1,T1,1,100,36.838
1738262058.708436,1964818.000,57222,1,T1,1,100,36.753
1738262058.841442,1964951.000,57255,1,T1,1,100,36.822
1738262058.975447,1965085.000,57272,1,T1,1,100,36.781
1738262059.108453,1965218.000,57288,1,T1,1,100,36.799
1738262059.241458,1965351.000,57321,1,T1,1,100,36.736
1738262059.374464,1965484.000,57338,1,T1,1,100,36.815
1738262059.508469,1965618.000,57354,1,T1,1,100,36.778
1738262059.641475,1965751.000,57372,1,T1,1,100,36.762
1738262059.774480,1965884.000,57404,1,T1,1,100,36.684
1738262059.908486,1966018.000,57423,1,T1,1,100,36.686
1738262060.041492,1966151.000,57447,1,T1,1,100,36.793
1738262060.174497,1966284.000,57463,1,T1,1,100,36.911
1738262060.308502,1966418.000,57498,1,T1,1,100,36.819
1738262060.441508,1966551.000,57515,1,T1,1,100,36.886
1738262060.574513,1966684.000,57532,1,T1,1,100,36.809
1738262060.708519,1966818.000,57551,1,T1,1,100,36.776
1738262060.841525,1966951.000,57584,1,T1,1,100,36.797
1738262060.974530,1967084.000,57600,1,T1,1,100,36.770
1738262061.108536,1967218.000,57617,1,T1,1,100,36.830
1738262061.241541,1967351.000,57650,1,T1,1,100,36.926
1738262061.374547,1967484.000,57666,1,T1,1,100,36.826
1738262061.508552,1967618.000,57683,1,T1,1,100,36.641
1738262061.641557,1967751.000,57718,1,T1,1,100,36.667
1738262061.774563,1967884.000,57734,1,T1,1,100,36.856
1738262061.907568,1968017.000,57752,1,T1,1,100,36.867
1738262062.041574,1968151.000,57784,1,T1,1,100,36.801
1738262062.174580,1968284.000,57800,1,T1,1,100,36.843
1738262062.307585,1968417.000,57818,1,T1,1,100,36.897
1738262062.441591,1968551.000,57836,1,T1,1,100,36.778
1738262062.574596,1968684.000,57869,1,T1,1,100,36.762
1738262062.707602,1968817.000,57886,1,T1,1,100,36.791
1738262062.841607,1968951.000,57902,1,T1,1,100,36.768
1738262062.974613,1969084.000,57935,1,T1,1,100,36.829
1738262063.107618,1969217.000,57952,1,T1,1,100,36.819
1738262063.241624,1969351.000,57969,1,T1,1,100,36.851
1738262063.374629,1969484.000,58003,1,T1,1,100,36.829
1738262063.507635,1969617.000,58020,1,T1,1,100,36.855
1738262063.641640,1969751.000,58037,1,T1,1,100,36.760
1738262063.774646,1969884.000,58069,1,T1,1,100,36.825
1738262063.907651,1970017.000,58087,1,T1,1,100,36.712
1738262064.041657,1970151.000,58103,1,T1,1,100,36.733
1738262064.174662,1970284.000,58136,1,T1,1,100,36.814
1738262064.307668,1970417.000,58153,1,T1,1,100,36.919
1738262064.441673,1970551.000,58169,1,T1,1,100,36.788
1738262064.574679,1970684.000,58186,1,T1,1,100,36.802
1738262064.707684,1970817.000,58219,1,T1,1,100,36.843
1738262064.841690,1970951.000,58235,1,T1,1,100,36.790
1738262064.974695,1971084.000,58253,1,T1,1,100,36.767
1738262065.107701,1971217.000,58292,1,T1,1,100,36.864
1738262065.240706,1971350.000,58311,1,T1,1,100,36.870
1738262065.374712,1971484.000,58328,1,T1,1,100,36.802
1738262065.507717,1971617.000,58344,1,T1,1,100,36.914
1738262065.641723,1971751.000,58377,1,T1,1,100,36.892
1738262065.774728,1971884.000,58394,1,T1,1,100,36.918
1738262065.907734,1972017.000,58411,1,T1,1,100,36.823
1738262066.040739,1972150.000,58428,1,T1,1,100,36.852
1738262066.174745,1972284.000,58462,1,T1,1,100,36.865
1738262066.307750,1972417.000,58479,1,T1,1,100,36.906
1738262066.440756,1972550.000,58496,1,T1,1,100,36.853
1738262066.574761,1972684.000,58529,1,T1,1,100,36.688
1738262066.707767,1972817.000,58545,1,T1,1,100,36.723
1738262066.840772,1972950.000,58562,1,T1,1,100,36.774
1738262066.974778,1973084.000,58595,1,T1,1,100,36.796
1738262067.107783,1973217.000,58611,1,T1,1,100,36.770
1738262067.240789,1973350.000,58629,1,T1,1,100,36.794
1738262067.374794,1973484.000,58663,1,T1,1,100,36.875
1738262067.507800,1973617.000,58679,1,T1,1,100,36.840
1738262067.640805,1973750.000,58697,1,T1,1,100,36.824
1738262067.774811,1973884.000,58729,1,T1,1,100,36.782
1738262067.907816,1974017.000,58746,1,T1,1,100,36.835
1738262068.040822,1974150.000,58763,1,T1,1,100,36.822
1738262068.174827,1974284.000,58779,1,T1,1,100,36.817
1738262068.307833,1974417.000,58812,1,T1,1,100,36.814
1738262068.440838,1974550.000,58829,1,T1,1,100,36.849
1738262068.574844,1974684.000,58846,1,T1,1,100,36.864
1738262068.707850,1974817.000,58880,1,T1,1,100,36.906
1738262068.840855,1974950.000,58897,1,T1,1,100,36.817
1738262068.973861,1975083.000,58914,1,T1,1,100,36.815
1738262069.107866,1975217.000,58946,1,T1,1,100,36.742
1738262069.240871,1975350.000,58964,1,T1,1,100,36.818
1738262069.373877,1975483.000,58980,1,T1,1,100,36.815
1738262069.507882,1975617.000,59013,1,T1,1,100,36.778
1738262069.640888,1975750.000,59030,1,T1,1,100,36.727
1738262069.773893,1975883.000,59046,1,T1,1,100,36.882
1738262069.907899,1976017.000,59081,1,T1,1,100,36.984
1738262070.040905,1976150.000,59098,1,T1,1,100,36.922
1738262070.173910,1976283.000,59114,1,T1,1,100,36.895
1738262070.307915,1976417.000,59137,1,T1,1,100,36.884
1738262070.440921,1976550.000,59155,1,T1,1,100,36.772
1738262070.573926,1976683.000,59188,1,T1,1,100,36.760
1738262070.707932,1976817.000,59205,1,T1,1,100,36.719
1738262070.840938,1976950.000,59221,1,T1,1,100,36.736
1738262070.973943,1977083.000,59256,1,T1,1,100,36.780
1738262071.107949,1977217.000,59273,1,T1,1,100,36.869
1738262071.240954,1977350.000,59290,1,T1,1,100,36.943
1738262071.373960,1977483.000,59307,1,T1,1,100,36.763
1738262071.507965,1977617.000,59340,1,T1,1,100,36.720
1738262071.640970,1977750.000,59356,1,T1,1,100,36.808
1738262071.773976,1977883.000,59373,1,T1,1,100,36.846
1738262071.907982,1978017.000,59406,1,T1,1,100,36.862
1738262072.040987,1978150.000,59422,1,T1,1,100,36.799
1738262072.173993,1978283.000,59439,1,T1,1,100,36.842
1738262072.307998,1978417.000,59472,1,T1,1,100,36.861
1738262072.441004,1978550.000,59488,1,T1,1,100,36.833
1738262072.574009,1978683.000,59506,1,T1,1,100,36.857
1738262072.707015,1978816.000,59538,1,T1,1,100,36.796
1738262072.841020,1978950.000,59554,1,T1,1,100,36.770
1738262072.974026,1979083.000,59572,1,T1,1,100,36.794
1738262073.107031,1979216.000,59604,1,T1,1,100,36.840
1738262073.241037,1979350.000,59621,1,T1,1,100,36.789
1738262073.374042,1979483.000,59638,1,T1,1,100,36.731
1738262073.507048,1979616.000,59654,1,T1,1,100,36.706
1738262073.641053,1979750.000,59687,1,T1,1,100,36.838
1738262073.774059,1979883.000,59704,1,T1,1,100,36.788
1738262073.907064,1980016.000,59720,1,T1,1,100,36.802
1738262074.041070,1980150.000,59753,1,T1,1,100,36.808
1738262074.174075,1980283.000,59770,1,T1,1,100,36.952
1738262074.307081,1980416.000,59787,1,T1,1,100,36.908
1738262074.441086,1980550.000,59819,1,T1,1,100,36.889
1738262074.574092,1980683.000,59837,1,T1,1,100,36.810
1738262074.707097,1980816.000,59853,1,T1,1,100,36.882
1738262074.841103,1980950.000,59886,1,T1,1,100,36.914
1738262074.974108,1981083.000,59903,1,T1,1,100,36.821
1738262075.107114,1981216.000,59919,1,T1,1,100,36.887
1738262075.241119,1981350.000,59954,1,T1,1,100,36.916
1738262075.374125,1981483.000,59976,1,T1,1,100,36.893
1738262075.507130,1981616.000,59993,1,T1,1,100,36.918
1738262075.640136,1981749.000,60010,1,T1,1,100,36.858
1738262075.774141,1981883.000,60026,1,T1,1,100,36.832
1738262075.907147,1982016.000,60059,1,T1,1,100,36.821
1738262076.040152,1982149.000,60076,1,T1,1,100,36.745
1738262076.174158,1982283.000,60092,1,T1,1,100,36.854
1738262076.307163,1982416.000,60125,1,T1,1,100,36.902
1738262076.441169,1982550.000,60142,1,T1,1,100,36.780
1738262076.574174,1982683.000,60159,1,T1,1,100,36.834
1738262076.707180,1982816.000,60191,1,T1,1,100,36.822
1738262076.840185,1982949.000,60208,1,T1,1,100,36.746
1738262076.974191,1983083.000,60225,1,T1,1,100,36.784
1738262077.107196,1983216.000,60257,1,T1,1,100,36.658
1738262077.240202,1983349.000,60275,1,T1,1,100,36.746
1738262077.374207,1983483.000,60291,1,T1,1,100,36.748
1738262077.507213,1983616.000,60308,1,T1,1,100,36.820
1738262077.640218,1983749.000,60341,1,T1,1,100,36.745
1738262077.774224,1983883.000,60357,1,T1,1,100,36.890
1738262077.907229,1984016.000,60375,1,T1,1,100,36.775
1738262078.040235,1984149.000,60407,1,T1,1,100,36.867
1738262078.174240,1984283.000,60423,1,T1,1,100,36.836
1738262078.307246,1984416.000,60441,1,T1,1,100,36.858
1738262078.440251,1984549.000,60473,1,T1,1,100,36.903
1738262078.573257,1984682.000,60490,1,T1,1,100,36.887
1738262078.707263,1984816.000,60509,1,T1,1,100,36.774
1738262078.840268,1984949.000,60542,1,T1,1,100,36.796
1738262078.974273,1985083.000,60558,1,T1,1,100,36.770
1738262079.107279,1985216.000,60575,1,T1,1,100,36.829
1738262079.240284,1985349.000,60608,1,T1,1,100,36.891
1738262079.373290,1985482.000,60624,1,T1,1,100,36.882
1738262079.507295,1985616.000,60641,1,T1,1,100,36.878
1738262079.640301,1985749.000,60660,1,T1,1,100,36.841
1738262079.773306,1985882.000,60692,1,T1,1,100,36.931
1738262079.907312,1986016.000,60710,1,T1,1,100,36.828
1738262080.040318,1986149.000,60726,1,T1,1,100,36.890
1738262080.173323,1986282.000,60759,1,T1,1,100,36.917
1738262080.307328,1986416.000,60778,1,T1,1,100,36.822
1738262080.440334,1986549.000,60794,1,T1,1,100,36.817
1738262080.573339,1986682.000,60817,1,T1,1,100,36.743
1738262080.707345,1986816.000,60833,1,T1,1,100,36.818
1738262080.840351,1986949.000,60865,1,T1,1,100,36.815
1738262080.973356,1987082.000,60885,1,T1,1,100,36.814
1738262081.107362,1987216.000,60901,1,T1,1,100,36.919
1738262081.240367,1987349.000,60934,1,T1,1,100,36.894
1738262081.373373,1987482.000,60951,1,T1,1,100,36.919
1738262081.507378,1987616.000,60967,1,T1,1,100,36.858
1738262081.640383,1987749.000,61000,1,T1,1,100,36.939
1738262081.773389,1987882.000,61017,1,T1,1,100,36.832
1738262081.907395,1988016.000,61034,1,T1,1,100,36.785
1738262082.040400,1988149.000,61066,1,T1,1,100,36.836
1738262082.173406,1988282.000,61085,1,T1,1,100,36.858
1738262082.306411,1988415.000,61102,1,T1,1,100,36.832
1738262082.440417,1988549.000,61134,1,T1,1,100,36.892
1738262082.573422,1988682.000,61152,1,T1,1,100,36.953
1738262082.706428,1988815.000,61168,1,T1,1,100,36.873
1738262082.840433,1988949.000,61185,1,T1,1,100,36.874
1738262082.973439,1989082.000,61218,1,T1,1,100,36.768
1738262083.106444,1989215.000,61234,1,T1,1,100,36.793
1738262083.240450,1989349.000,61254,1,T1,1,100,36.733
1738262083.373455,1989482.000,61286,1,T1,1,100,36.743
1738262083.506461,1989615.000,61302,1,T1,1,100,36.853
1738262083.640466,1989749.000,61320,1,T1,1,100,36.830
1738262083.773472,1989882.000,61352,1,T1,1,100,36.891
1738262083.906477,1990015.000,61369,1,T1,1,100,36.776
1738262084.040483,1990149.000,61386,1,T1,1,100,36.797
1738262084.173488,1990282.000,61419,1,T1,1,100,36.806
1738262084.306494,1990415.000,61435,1,T1,1,100,36.774
1738262084.440499,1990549.000,61452,1,T1,1,100,36.831
1738262084.573505,1990682.000,61487,1,T1,1,100,36.856
1738262084.706510,1990815.000,61503,1,T1,1,100,36.902
1738262084.840516,1990949.000,61520,1,T1,1,100,36.816
1738262084.973521,1991082.000,61537,1,T1,1,100,36.956
1738262085.106527,1991215.000,61569,1,T1,1,100,36.910
1738262085.240532,1991349.000,61587,1,T1,1,100,36.961
1738262085.373538,1991482.000,61605,1,T1,1,100,36.912
1738262085.506543,1991615.000,61638,1,T1,1,100,36.820
1738262085.639549,1991748.000,61664,1,T1,1,100,36.851
1738262085.773554,1991882.000,61680,1,T1,1,100,36.794
1738262085.906560,1992015.000,61698,1,T1,1,100,36.804
1738262086.039565,1992148.000,61730,1,T1,1,100,36.915
1738262086.173571,1992282.000,61746,1,T1,1,100,36.857
1738262086.306576,1992415.000,61764,1,T1,1,100,36.796
1738262086.439582,1992548.000,61780,1,T1,1,100,36.735
1738262086.573587,1992682.000,61813,1,T1,1,100,36.814
1738262086.706593,1992815.000,61830,1,T1,1,100,36.778
1738262086.839598,1992948.000,61846,1,T1,1,100,36.833
1738262086.973604,1993082.000,61879,1,T1,1,100,36.857
1738262087.106609,1993215.000,61896,1,T1,1,100,36.832
1738262087.239615,1993348.000,61913,1,T1,1,100,36.892
1738262087.373620,1993482.000,61945,1,T1,1,100,36.847
1738262087.506626,1993615.000,61962,1,T1,1,100,36.827
1738262087.639631,1993748.000,61979,1,T1,1,100,36.854
1738262087.773637,1993882.000,62013,1,T1,1,100,36.831
1738262087.906642,1994015.000,62031,1,T1,1,100,36.856
1738262088.039648,1994148.000,62047,1,T1,1,100,36.902
1738262088.173653,1994282.000,62064,1,T1,1,100,36.887
1738262088.306659,1994415.000,62097,1,T1,1,100,36.809
1738262088.439664,1994548.000,62115,1,T1,1,100,36.776
1738262088.572670,1994681.000,62133,1,T1,1,100,36.761
1738262088.706676,1994815.000,62165,1,T1,1,100,36.719
1738262088.839681,1994948.000,62181,1,T1,1,100,36.772
1738262088.972687,1995081.000,62199,1,T1,1,100,36.866
1738262089.106692,1995215.000,62231,1,T1,1,100,36.942
1738262089.239697,1995348.000,62248,1,T1,1,100,36.727
1738262089.372703,1995481.000,62265,1,T1,1,100,36.775
1738262089.506708,1995615.000,62298,1,T1,1,100,36.761
1738262089.639714,1995748.000,62314,1,T1,1,100,36.826
1738262089.772719,1995881.000,62331,1,T1,1,100,36.818
1738262089.906725,1996015.000,62348,1,T1,1,100,36.815
1738262090.039731,1996148.000,62380,1,T1,1,100,36.707
1738262090.172736,1996281.000,62397,1,T1,1,100,36.802
1738262090.306741,1996415.000,62416,1,T1,1,100,36.844
1738262090.439747,1996548.000,62450,1,T1,1,100,36.755
1738262090.572752,1996681.000,62468,1,T1,1,100,36.788
1738262090.706258,1996814.500,62490,2,T1,1,100,36.766
1738262090.839764,1996948.000,62490,2,T1,1,100,36.793
1738262090.972769,1997081.000,62523,1,T1,1,100,36.875
1738262091.106775,1997215.000,62539,1,T1,1,100,36.875
1738262091.239780,1997348.000,62557,1,T1,1,100,36.769
1738262091.372786,1997481.000,62589,1,T1,1,100,36.864
1738262091.506791,1997615.000,62607,1,T1,1,100,36.941
1738262091.639796,1997748.000,62625,1,T1,1,100,36.939
1738262091.772802,1997881.000,62657,1,T1,1,100,36.761
1738262091.906808,1998015.000,62674,1,T1,1,100,36.613
1738262092.039813,1998148.000,62691,1,T1,1,100,36.762
1738262092.172819,1998281.000,62724,1,T1,1,100,36.826
1738262092.305824,1998414.000,62740,1,T1,1,100,36.676
1738262092.439830,1998548.000,62757,1,T1,1,100,36.754
1738262092.572835,1998681.000,62790,1,T1,1,100,36.716
1738262092.705841,1998814.000,62808,1,T1,1,100,36.877
1738262092.839846,1998948.000,62825,1,T1,1,100,36.734
1738262092.972852,1999081.000,62842,1,T1,1,100,36.779
1738262093.105857,1999214.000,62874,1,T1,1,100,36.691
1738262093.239863,1999348.000,62892,1,T1,1,100,36.725
1738262093.372868,1999481.000,62908,1,T1,1,100,36.739
1738262093.505874,1999614.000,62941,1,T1,1,100,36.852
1738262093.639879,1999748.000,62958,1,T1,1,100,36.829
1738262093.772885,1999881.000,62974,1,T1,1,100,36.926
1738262093.905890,2000014.000,63009,1,T1,1,100,36.968
1738262094.039896,2000148.000,63026,1,T1,1,100,36.844
1738262094.172901,2000281.000,63042,1,T1,1,100,36.791
1738262094.305907,2000414.000,63075,1,T1,1,100,36.803
1738262094.439912,2000548.000,63092,1,T1,1,100,36.773
1738262094.572918,2000681.000,63109,1,T1,1,100,36.902
1738262094.705923,2000814.000,63141,1,T1,1,100,36.851
1738262094.839929,2000948.000,63158,1,T1,1,100,36.829
1738262094.972934,2001081.000,63175,1,T1,1,100,36.784
1738262095.105940,2001214.000,63192,1,T1,1,100,36.765
1738262095.238945,2001347.000,63225,1,T1,1,100,36.827
1738262095.372951,2001481.000,63245,1,T1,1,100,36.854
1738262095.505956,2001614.000,63262,1,T1,1,100,36.866
1738262095.639962,2001748.000,63295,1,T1,1,100,36.907
1738262095.772967,2001881.000,63311,1,T1,1,100,36.818
1738262095.905973,2002014.000,63334,1,T1,1,100,36.815
1738262096.038978,2002147.000,63350,1,T1,1,100,36.849
1738262096.172984,2002281.000,63383,1,T1,1,100,36.757
1738262096.305989,2002414.000,63400,1,T1,1,100,36.789
1738262096.438995,2002547.000,63416,1,T1,1,100,36.873
1738262096.573000,2002681.000,63451,1,T1,1,100,36.839
1738262096.706006,2002814.000,63468,1,T1,1,100,36.895
1738262096.839011,2002947.000,63484,1,T1,1,100,36.954
1738262096.973017,2003081.000,63502,1,T1,1,100,36.874
1738262097.106022,2003214.000,63534,1,T1,1,100,36.875
1738262097.239028,2003347.000,63551,1,T1,1,100,36.804
1738262097.373033,2003481.000,63568,1,T1,1,100,36.738
1738262097.506039,2003614.000,63601,1,T1,1,100,36.816
1738262097.639044,2003747.000,63617,1,T1,1,100,36.920
1738262097.773050,2003881.000,63634,1,T1,1,100,36.895
1738262097.906055,2004014.000,63667,1,T1,1,100,36.777
1738262098.039061,2004147.000,63683,1,T1,1,100,36.726
1738262098.173066,2004281.000,63700,1,T1,1,100,36.882
1738262098.306072,2004414.000,63733,1,T1,1,100,36.949
1738262098.439077,2004547.000,63749,1,T1,1,100,36.907
1738262098.573083,2004681.000,63767,1,T1,1,100,36.782
1738262098.706089,2004814.000,63799,1,T1,1,100,36.693
1738262098.839094,2004947.000,63817,1,T1,1,100,36.903
1738262098.972100,2005080.000,63835,1,T1,1,100,36.922
1738262099.106105,2005214.000,63851,1,T1,1,100,36.896
1738262099.239110,2005347.000,63884,1,T1,1,100,36.884
1738262099.372116,2005480.000,63901,1,T1,1,100,36.843
1738262099.506121,2005614.000,63917,1,T1,1,100,36.755
1738262099.639127,2005747.000,63950,1,T1,1,100,36.788
1738262099.772132,2005880.000,63967,1,T1,1,100,36.766
1738262099.906138,2006014.000,63984,1,T1,1,100,36.792
1738262100.039144,2006147.000,64016,1,T1,1,100,36.768
1738262100.172149,2006280.000,64033,1,T1,1,100,36.829
1738262100.306154,2006414.000,64052,1,T1,1,100,36.784
1738262100.439160,2006547.000,64084,1,T1,1,100,36.765
1738262100.572165,2006680.000,64102,1,T1,1,100,36.721
1738262100.706171,2006814.000,64120,1,T1,1,100,36.808
1738262100.839177,2006947.000,64153,1,T1,1,100,36.775
1738262100.972182,2007080.000,64175,1,T1,1,100,36.725
1738262101.106188,2007214.000,64191,1,T1,1,100,36.775
1738262101.239193,2007347.000,64209,1,T1,1,100,36.796
1738262101.372199,2007480.000,64225,1,T1,1,100,36.912
1738262101.506204,2007614.000,64260,1,T1,1,100,36.997
1738262101.639210,2007747.000,64277,1,T1,1,100,36.857
1738262101.772215,2007880.000,64293,1,T1,1,100,36.761
1738262101.905221,2008013.000,64326,1,T1,1,100,36.932
1738262102.039226,2008147.000,64343,1,T1,1,100,36.793
1738262102.172232,2008280.000,64359,1,T1,1,100,36.875
1738262102.306237,2008414.000,64392,1,T1,1,100,36.840
1738262102.439243,2008547.000,64409,1,T1,1,100,36.931
1738262102.572248,2008680.000,64426,1,T1,1,100,36.864
1738262102.705254,2008813.000,64443,1,T1,1,100,36.835
1738262102.839259,2008947.000,64478,1,T1,1,100,36.858
1738262102.972265,2009080.000,64494,1,T1,1,100,36.832
1738262103.105270,2009213.000,64511,1,T1,1,100,36.892
1738262103.239276,2009347.000,64544,1,T1,1,100,36.811
1738262103.372281,2009480.000,64560,1,T1,1,100,36.706
1738262103.505287,2009613.000,64577,1,T1,1,100,36.695
1738262103.639292,2009747.000,64610,1,T1,1,100,36.762
1738262103.772298,2009880.000,64626,1,T1,1,100,36.755
1738262103.905303,2010013.000,64644,1,T1,1,100,36.788
1738262104.039309,2010147.000,64676,1,T1,1,100,36.731
1738262104.172314,2010280.000,64692,1,T1,1,100,36.777
1738262104.305320,2010413.000,64710,1,T1,1,100,36.797
1738262104.439325,2010547.000,64742,1,T1,1,100,36.770
1738262104.572331,2010680.000,64759,1,T1,1,100,36.865
1738262104.705336,2010813.000,64776,1,T1,1,100,36.764
1738262104.839342,2010947.000,64792,1,T1,1,100,36.827
1738262104.972347,2011080.000,64825,1,T1,1,100,36.854
1738262105.105353,2011213.000,64842,1,T1,1,100,36.866
1738262105.238358,2011346.000,64859,1,T1,1,100,36.871
1738262105.372364,2011480.000,64893,1,T1,1,100,36.909
1738262105.505369,2011613.000,64910,1,T1,1,100,36.925
1738262105.639375,2011747.000,64927,1,T1,1,100,36.897
1738262105.772380,2011880.000,64959,1,T1,1,100,36.813
1738262105.905386,2012013.000,64977,1,T1,1,100,36.777
1738262106.038391,2012146.000,64993,1,T1,1,100,36.726
1738262106.172397,2012280.000,65015,1,T1,1,100,36.775
1738262106.305402,2012413.000,65050,1,T1,1,100,36.832
1738262106.438408,2012546.000,65066,1,T1,1,100,36.750
1738262106.572413,2012680.000,65084,1,T1,1,100,36.821
1738262106.705419,2012813.000,65100,1,T1,1,100,36.745
1738262106.838424,2012946.000,65133,1,T1,1,100,36.854
1738262106.972430,2013080.000,65150,1,T1,1,100,36.795
1738262107.105435,2013213.000,65166,1,T1,1,100,36.805
1738262107.238441,2013346.000,65199,1,T1,1,100,36.809
1738262107.372446,2013480.000,65218,1,T1,1,100,36.705
1738262107.505452,2013613.000,65234,1,T1,1,100,36.730
1738262107.638457,2013746.000,65267,1,T1,1,100,36.848
1738262107.772463,2013880.000,65284,1,T1,1,100,36.863
1738262107.905468,2014013.000,65301,1,T1,1,100,36.976
1738262108.038474,2014146.000,65333,1,T1,1,100,36.883
1738262108.172479,2014280.000,65350,1,T1,1,100,36.879
1738262108.305485,2014413.000,65367,1,T1,1,100,36.806
1738262108.438490,2014546.000,65399,1,T1,1,100,36.810
1738262108.572496,2014680.000,65417,1,T1,1,100,36.776
1738262108.705502,2014813.000,65433,1,T1,1,100,36.797
1738262108.838507,2014946.000,65450,1,T1,1,100,36.770
1738262108.972512,2015080.000,65483,1,T1,1,100,36.830
1738262109.105518,2015213.000,65499,1,T1,1,100,36.820
1738262109.238523,2015346.000,65517,1,T1,1,100,36.851
1738262109.371529,2015479.000,13,1,T1,1,100,36.900
1738262109.505534,2015613.000,29,1,T1,1,100,36.815
1738262109.638540,2015746.000,47,1,T1,1,100,36.814
1738262109.771545,2015879.000,79,1,T1,1,100,36.955
1738262109.905551,2016013.000,98,1,T1,1,100,36.874
1738262110.038557,2016146.000,115,1,T1,1,100,36.875
1738262110.171562,2016279.000,148,1,T1,1,100,36.839
1738262110.305568,2016413.000,166,1,T1,1,100,36.824
1738262110.438573,2016546.000,183,1,T1,1,100,36.711
1738262110.571579,2016679.000,199,1,T1,1,100,36.840
1738262110.705584,2016813.000,232,1,T1,1,100,36.753
1738262110.838590,2016946.000,249,1,T1,1,100,36.751
1738262110.971595,2017079.000,266,1,T1,1,100,36.822
1738262111.105601,2017213.000,298,1,T1,1,100,36.887
1738262111.238606,2017346.000,323,1,T1,1,100,36.809
1738262111.371612,2017479.000,339,1,T1,1,100,36.847
1738262111.505617,2017613.000,372,1,T1,1,100,36.792
1738262111.638623,2017746.000,389,1,T1,1,100,36.768
1738262111.771628,2017879.000,405,1,T1,1,100,36.900
1738262111.904634,2018012.000,438,1,T1,1,100,36.957
1738262112.038639,2018146.000,455,1,T1,1,100,36.910
1738262112.171645,2018279.000,471,1,T1,1,100,36.890
1738262112.305650,2018413.000,506,1,T1,1,100,36.846
1738262112.438656,2018546.000,523,1,T1,1,100,36.969
1738262112.571661,2018679.000,540,1,T1,1,100,36.916
1738262112.704667,2018812.000,557,1,T1,1,100,36.786
1738262112.838672,2018946.000,590,1,T1,1,100,36.837
1738262112.971678,2019079.000,606,1,T1,1,100,36.894
1738262113.104683,2019212.000,623,1,T1,1,100,36.919
1738262113.238689,2019346.000,656,1,T1,1,100,36.858
1738262113.371694,2019479.000,672,1,T1,1,100,36.726
1738262113.504700,2019612.000,689,1,T1,1,100,36.775
1738262113.638705,2019746.000,724,1,T1,1,100,36.832
1738262113.771711,2019879.000,740,1,T1,1,100,36.750
1738262113.904716,2020012.000,758,1,T1,1,100,36.679
1738262114.038722,2020146.000,790,1,T1,1,100,36.648
1738262114.171727,2020279.000,806,1,T1,1,100,36.812
1738262114.304733,2020412.000,824,1,T1,1,100,36.848
1738262114.438738,2020546.000,856,1,T1,1,100,36.757
1738262114.571744,2020679.000,873,1,T1,1,100,36.718
1738262114.704749,2020812.000,890,1,T1,1,100,36.700
1738262114.838755,2020946.000,906,1,T1,1,100,36.835
1738262114.971760,2021079.000,941,1,T1,1,100,36.822
1738262115.104766,2021212.000,958,1,T1,1,100,36.852
1738262115.237771,2021345.000,974,1,T1,1,100,36.759
1738262115.371777,2021479.000,1009,1,T1,1,100,36.754
1738262115.504782,2021612.000,1026,1,T1,1,100,36.893
1738262115.637788,2021745.000,1043,1,T1,1,100,36.848
1738262115.771793,2021879.000,1075,1,T1,1,100,36.757
1738262115.904799,2022012.000,1093,1,T1,1,100,36.788
1738262116.037804,2022145.000,1111,1,T1,1,100,36.873
1738262116.171810,2022279.000,1144,1,T1,1,100,36.910
1738262116.304815,2022412.000,1164,1,T1,1,100,36.855
1738262116.437821,2022545.000,1181,1,T1,1,100,36.902
1738262116.571826,2022679.000,1198,1,T1,1,100,36.851
1738262116.704832,2022812.000,1215,1,T1,1,100,36.865
1738262116.837837,2022945.000,1248,1,T1,1,100,36.835
1738262116.971843,2023079.000,1264,1,T1,1,100,36.822
1738262117.104848,2023212.000,1281,1,T1,1,100,36.852
1738262117.237854,2023345.000,1297,1,T1,1,100,36.759
1738262117.371859,2023479.000,1330,1,T1,1,100,36.789
1738262117.504865,2023612.000,1347,1,T1,1,100,36.767
1738262117.637870,2023745.000,1364,1,T1,1,100,36.793
1738262117.771876,2023879.000,1396,1,T1,1,100,36.910
1738262117.904881,2024012.000,1414,1,T1,1,100,36.748
1738262118.037887,2024145.000,1430,1,T1,1,100,36.856
1738262118.171892,2024279.000,1463,1,T1,1,100,36.867
1738262118.304898,2024412.000,1480,1,T1,1,100,36.836
1738262118.437903,2024545.000,1496,1,T1,1,100,36.894
1738262118.571909,2024679.000,1529,1,T1,1,100,36.883
1738262118.704915,2024812.000,1546,1,T1,1,100,36.949
1738262118.837920,2024945.000,1562,1,T1,1,100,36.872
1738262118.971925,2025079.000,1595,1,T1,1,100,36.803
1738262119.104931,2025212.000,1612,1,T1,1,100,36.844
1738262119.237936,2025345.000,1629,1,T1,1,100,36.897
1738262119.370942,2025478.000,1646,1,T1,1,100,36.778
1738262119.504947,2025612.000,1678,1,T1,1,100,36.727
1738262119.637953,2025745.000,1695,1,T1,1,100,36.704
1738262119.770958,2025878.000,1712,1,T1,1,100,36.872
1738262119.904964,2026012.000,1745,1,T1,1,100,36.874
1738262120.037970,2026145.000,1761,1,T1,1,100,36.874
1738262120.170975,2026278.000,1778,1,T1,1,100,36.875
1738262120.304981,2026412.000,1813,1,T1,1,100,36.804
1738262120.437986,2026545.000,1829,1,T1,1,100,36.773
1738262120.570992,2026678.000,1847,1,T1,1,100,36.866
1738262120.704997,2026812.000,1879,1,T1,1,100,36.871
1738262120.838003,2026945.000,1895,1,T1,1,100,36.732
1738262120.971008,2027078.000,1913,1,T1,1,100,36.777
1738262121.105014,2027212.000,1945,1,T1,1,100,36.833
1738262121.238019,2027345.000,1962,1,T1,1,100,36.821
1738262121.371025,2027478.000,1979,1,T1,1,100,36.816
1738262121.505030,2027612.000,2002,1,T1,1,100,36.885
1738262121.638036,2027745.000,2037,1,T1,1,100,36.950
1738262121.771041,2027878.000,2054,1,T1,1,100,36.872
1738262121.905047,2028012.000,2071,1,T1,1,100,36.803
1738262122.038052,2028145.000,2103,1,T1,1,100,36.808
1738262122.171058,2028278.000,2120,1,T1,1,100,36.775
1738262122.304063,2028411.000,2137,1,T1,1,100,36.938
1738262122.438069,2028545.000,2169,1,T1,1,100,36.796
1738262122.571074,2028678.000,2187,1,T1,1,100,36.841
1738262122.704080,2028811.000,2203,1,T1,1,100,36.789
1738262122.838085,2028945.000,2238,1,T1,1,100,36.802
1738262122.971091,2029078.000,2255,1,T1,1,100,36.808
1738262123.104096,2029211.000,2271,1,T1,1,100,36.811
1738262123.238102,2029345.000,2304,1,T1,1,100,36.883
1738262123.371107,2029478.000,2321,1,T1,1,100,36.878
1738262123.504113,2029611.000,2337,1,T1,1,100,36.876
1738262123.638118,2029745.000,2355,1,T1,1,100,36.911
1738262123.771124,2029878.000,2387,1,T1,1,100,36.926
1738262123.904129,2030011.000,2404,1,T1,1,100,36.826
1738262124.038135,2030145.000,2421,1,T1,1,100,36.818
1738262124.171140,2030278.000,2454,1,T1,1,100,36.815
1738262124.304146,2030411.000,2472,1,T1,1,100,36.743
1738262124.438151,2030545.000,2489,1,T1,1,100,36.747
1738262124.571157,2030678.000,2522,1,T1,1,100,36.784
1738262124.704162,2030811.000,2538,1,T1,1,100,36.871
1738262124.838168,2030945.000,2555,1,T1,1,100,36.944
1738262124.971173,2031078.000,2588,1,T1,1,100,36.940
1738262125.104179,2031211.000,2604,1,T1,1,100,36.868
1738262125.238184,2031345.000,2622,1,T1,1,100,36.836
1738262125.371190,2031478.000,2658,1,T1,1,100,36.894
1738262125.504195,2031611.000,2674,1,T1,1,100,36.848
1738262125.637201,2031744.000,2692,1,T1,1,100,36.828
1738262125.771206,2031878.000,2724,1,T1,1,100,36.748
1738262125.904212,2032011.000,2741,1,T1,1,100,36.785
1738262126.037217,2032144.000,2758,1,T1,1,100,36.836
1738262126.171223,2032278.000,2774,1,T1,1,100,36.823
1738262126.304228,2032411.000,2807,1,T1,1,100,36.817
1738262126.437234,2032544.000,2824,1,T1,1,100,36.814
1738262126.571239,2032678.000,2846,1,T1,1,100,36.742
1738262126.704245,2032811.000,2878,1,T1,1,100,36.853
1738262126.837250,2032944.000,2897,1,T1,1,100,36.759
1738262126.971256,2033078.000,2914,1,T1,1,100,36.789
1738262127.104261,2033211.000,2946,1,T1,1,100,36.767
1738262127.237267,2033344.000,2964,1,T1,1,100,36.864
1738262127.371272,2033478.000,2980,1,T1,1,100,36.693
1738262127.504278,2033611.000,2997,1,T1,1,100,36.761
1738262127.637283,2033744.000,3030,1,T1,1,100,36.790
1738262127.771289,2033878.000,3046,1,T1,1,100,36.838
1738262127.904294,2034011.000,3064,1,T1,1,100,36.930
1738262128.037300,2034144.000,3096,1,T1,1,100,36.792
1738262128.171305,2034278.000,3112,1,T1,1,100,36.733
1738262128.304311,2034411.000,3130,1,T1,1,100,36.814
1738262128.437316,2034544.000,3162,1,T1,1,100,36.848
1738262128.571322,2034678.000,3179,1,T1,1,100,36.828
1738262128.704328,2034811.000,3196,1,T1,1,100,36.926
1738262128.837333,2034944.000,3231,1,T1,1,100,36.791
1738262128.971339,2035078.000,3249,1,T1,1,100,36.838
1738262129.104344,2035211.000,3266,1,T1,1,100,37.036
1738262129.237350,2035344.000,3299,1,T1,1,100,36.945
1738262129.370355,2035477.000,3315,1,T1,1,100,36.870
1738262129.504360,2035611.000,3332,1,T1,1,100,36.802
1738262129.637366,2035744.000,3365,1,T1,1,100,36.879
1738262129.770371,2035877.000,3381,1,T1,1,100,36.948
1738262129.904377,2036011.000,3401,1,T1,1,100,36.906
1738262130.037383,2036144.000,3417,1,T1,1,100,36.747
1738262130.170388,2036277.000,3450,1,T1,1,100,36.749
1738262130.304394,2036411.000,3469,1,T1,1,100,36.785
1738262130.437399,2036544.000,3485,1,T1,1,100,36.871
1738262130.570405,2036677.000,3518,1,T1,1,100,36.732
1738262130.704410,2036811.000,3535,1,T1,1,100,36.813
1738262130.837416,2036944.000,3555,1,T1,1,100,36.813
1738262130.970421,2037077.000,3588,1,T1,1,100,36.848
1738262131.104427,2037211.000,3605,1,T1,1,100,36.899
1738262131.237432,2037344.000,3622,1,T1,1,100,36.885
1738262131.370438,2037477.000,3654,1,T1,1,100,36.915
1738262131.504443,2037611.000,3671,1,T1,1,100,36.928
1738262131.637449,2037744.000,3688,1,T1,1,100,36.933
1738262131.770454,2037877.000,3725,1,T1,1,100,36.900
1738262131.904460,2038011.000,3745,1,T1,1,100,36.921
1738262132.037465,2038144.000,3761,1,T1,1,100,36.860
1738262132.170471,2038277.000,3778,1,T1,1,100,36.904
1738262132.303476,2038410.000,3811,1,T1,1,100,36.852
1738262132.437482,2038544.000,3827,1,T1,1,100,36.830
1738262132.570487,2038677.000,3845,1,T1,1,100,36.891
1738262132.703493,2038810.000,3877,1,T1,1,100,36.882
1738262132.837498,2038944.000,3893,1,T1,1,100,36.843
1738262132.970504,2039077.000,3911,1,T1,1,100,36.790
1738262133.103509,2039210.000,3947,1,T1,1,100,36.838
1738262133.237515,2039344.000,3964,1,T1,1,100,36.788
1738262133.370520,2039477.000,3981,1,T1,1,100,36.802
1738262133.503526,2039610.000,4014,1,T1,1,100,36.843
1738262133.637531,2039744.000,4030,1,T1,1,100,36.719
1738262133.770537,2039877.000,4047,1,T1,1,100,36.701
1738262133.903542,2040010.000,4080,1,T1,1,100,36.693
1738262134.037548,2040144.000,4096,1,T1,1,100,36.832
1738262134.170553,2040277.000,4115,1,T1,1,100,36.821
1738262134.303559,2040410.000,4132,1,T1,1,100,36.816
1738262134.437564,2040544.000,4164,1,T1,1,100,36.814
1738262134.570570,2040677.000,4182,1,T1,1,100,36.920
1738262134.703575,2040810.000,4198,1,T1,1,100,36.859
1738262134.837581,2040944.000,4231,1,T1,1,100,36.833
1738262134.970586,2041077.000,4248,1,T1,1,100,36.750
1738262135.103592,2041210.000,4264,1,T1,1,100,36.750
1738262135.236597,2041343.000,4299,1,T1,1,100,36.856
1738262135.370603,2041477.000,4318,1,T1,1,100,36.902
1738262135.503608,2041610.000,4334,1,T1,1,100,36.887
1738262135.637614,2041744.000,4352,1,T1,1,100,36.809
1738262135.770619,2041877.000,4384,1,T1,1,100,36.847
1738262135.903625,2042010.000,4401,1,T1,1,100,36.756
1738262136.037630,2042144.000,4418,1,T1,1,100,36.788
1738262136.170636,2042277.000,4451,1,T1,1,100,36.873
1738262136.303641,2042410.000,4467,1,T1,1,100,36.874
1738262136.436647,2042543.000,4484,1,T1,1,100,36.910
1738262136.570652,2042677.000,4517,1,T1,1,100,36.890
1738262136.703658,2042810.000,4535,1,T1,1,100,36.811
1738262136.836663,2042943.000,4556,1,T1,1,100,36.847
1738262136.970669,2043077.000,4573,1,T1,1,100,36.863
1738262137.103674,2043210.000,4589,1,T1,1,100,36.870
1738262137.236680,2043343.000,4622,1,T1,1,100,36.731
1738262137.370685,2043477.000,4639,1,T1,1,100,36.777
1738262137.503691,2043610.000,4655,1,T1,1,100,36.868
1738262137.636696,2043743.000,4688,1,T1,1,100,36.837
1738262137.770702,2043877.000,4705,1,T1,1,100,36.823
1738262137.903708,2044010.000,4722,1,T1,1,100,36.817
1738262138.036713,2044143.000,4756,1,T1,1,100,36.850
1738262138.170718,2044277.000,4773,1,T1,1,100,36.900
1738262138.303724,2044410.000,4790,1,T1,1,100,36.850
1738262138.436729,2044543.000,4807,1,T1,1,100,36.935
1738262138.570735,2044677.000,4840,1,T1,1,100,36.901
1738262138.703741,2044810.000,4856,1,T1,1,100,36.780
1738262138.836746,2044943.000,4873,1,T1,1,100,36.798
1738262138.969752,2045076.000,4906,1,T1,1,100,36.913
1738262139.103757,2045210.000,4922,1,T1,1,100,36.856
1738262139.236763,2045343.000,4942,1,T1,1,100,36.831
1738262139.369768,2045476.000,4974,1,T1,1,100,36.821
1738262139.503773,2045610.000,4990,1,T1,1,100,36.887
1738262139.636779,2045743.000,5008,1,T1,1,100,36.916
1738262139.769784,2045876.000,5040,1,T1,1,100,36.786
1738262139.903790,2046010.000,5057,1,T1,1,100,36.907
1738262140.036796,2046143.000,5074,1,T1,1,100,36.783
1738262140.169801,2046276.000,5090,1,T1,1,100,36.835
1738262140.303807,2046410.000,5125,1,T1,1,100,36.822
1738262140.436812,2046543.000,5142,1,T1,1,100,36.781
1738262140.569818,2046676.000,5158,1,T1,1,100,36.799
1738262140.703823,2046810.000,5191,1,T1,1,100,36.913
1738262140.836829,2046943.000,5208,1,T1,1,100,36.856
1738262140.969834,2047076.000,5225,1,T1,1,100,36.831
1738262141.103840,2047210.000,5257,1,T1,1,100,36.785
1738262141.236845,2047343.000,5275,1,T1,1,100,36.730
1738262141.369851,2047476.000,5291,1,T1,1,100,36.812
1738262141.503856,2047610.000,5324,1,T1,1,100,36.883
1738262141.636862,2047743.000,5343,1,T1,1,100,36.772
1738262141.769867,2047876.000,5359,1,T1,1,100,36.831
1738262141.902873,2048009.000,5399,1,T1,1,100,36.820
1738262142.036878,2048143.000,5416,1,T1,1,100,36.922
1738262142.169884,2048276.000,5432,1,T1,1,100,36.789
1738262142.302889,2048409.000,5450,1,T1,1,100,36.802
1738262142.436895,2048543.000,5482,1,T1,1,100,36.737
1738262142.569900,2048676.000,5499,1,T1,1,100,36.780
1738262142.703906,2048810.000,5516,1,T1,1,100,36.798
1738262142.836911,2048943.000,5549,1,T1,1,100,36.842
1738262142.969917,2049076.000,5565,1,T1,1,100,36.825
1738262143.102922,2049209.000,5584,1,T1,1,100,36.747
1738262143.236928,2049343.000,5617,1,T1,1,100,36.784
1738262143.369933,2049476.000,5633,1,T1,1,100,36.729
1738262143.502939,2049609.000,5650,1,T1,1,100,36.741
1738262143.636944,2049743.000,5683,1,T1,1,100,36.817
1738262143.769950,2049876.000,5699,1,T1,1,100,36.814
1738262143.902955,2050009.000,5717,1,T1,1,100,36.884
1738262144.036961,2050143.000,5749,1,T1,1,100,36.844
1738262144.169966,2050276.000,5765,1,T1,1,100,36.826
1738262144.302972,2050409.000,5783,1,T1,1,100,36.818
1738262144.436977,2050543.000,5799,1,T1,1,100,36.850
1738262144.569983,2050676.000,5832,1,T1,1,100,36.829
1738262144.702988,2050809.000,5849,1,T1,1,100,36.891
1738262144.836994,2050943.000,5865,1,T1,1,100,36.882
1738262144.969999,2051076.000,5900,1,T1,1,100,36.913
1738262145.103005,2051209.000,5919,1,T1,1,100,36.785
1738262145.236010,2051342.000,5936,1,T1,1,100,36.836
1738262145.370016,2051476.000,5970,1,T1,1,100,36.787
1738262145.503021,2051609.000,5987,1,T1,1,100,36.802
1738262145.637027,2051743.000,6004,1,T1,1,100,36.843
1738262145.770032,2051876.000,6038,1,T1,1,100,36.861
1738262145.903038,2052009.000,6056,1,T1,1,100,36.869
1738262146.036043,2052142.000,6072,1,T1,1,100,36.872
1738262146.170049,2052276.000,6089,1,T1,1,100,36.732
1738262146.303054,2052409.000,6122,1,T1,1,100,36.778
1738262146.436060,2052542.000,6138,1,T1,1,100,36.868
1738262146.570065,2052676.000,6156,1,T1,1,100,36.801
1738262146.703071,2052809.000,6188,1,T1,1,100,36.737
1738262146.836076,2052942.000,6204,1,T1,1,100,36.744
1738262146.970082,2053076.000,6224,1,T1,1,100,36.818
1738262147.103087,2053209.000,6261,1,T1,1,100,36.780
1738262147.236093,2053342.000,6278,1,T1,1,100,36.727
1738262147.370098,2053476.000,6295,1,T1,1,100,36.740
1738262147.503104,2053609.000,6328,1,T1,1,100,36.817
1738262147.636109,2053742.000,6344,1,T1,1,100,36.708
1738262147.770115,2053876.000,6361,1,T1,1,100,36.767
1738262147.903121,2054009.000,6394,1,T1,1,100,36.757
1738262148.036126,2054142.000,6410,1,T1,1,100,36.718
1738262148.170131,2054276.000,6427,1,T1,1,100,36.842
1738262148.303137,2054409.000,6462,1,T1,1,100,36.861
1738262148.436142,2054542.000,6478,1,T1,1,100,36.833
1738262148.570148,2054676.000,6496,1,T1,1,100,36.751
1738262148.703154,2054809.000,6512,1,T1,1,100,36.821
1738262148.836159,2054942.000,6545,1,T1,1,100,36.887
1738262148.969165,2055075.000,6562,1,T1,1,100,36.809
1738262149.103170,2055209.000,6578,1,T1,1,100,36.811
1738262149.236176,2055342.000,6611,1,T1,1,100,36.847
1738262149.369181,2055475.000,6628,1,T1,1,100,36.828
1738262149.503186,2055609.000,6646,1,T1,1,100,36.854
1738262149.636192,2055742.000,6679,1,T1,1,100,36.902
1738262149.769197,2055875.000,6696,1,T1,1,100,36.922
1738262149.903203,2056009.000,6713,1,T1,1,100,36.895
1738262150.036209,2056142.000,6745,1,T1,1,100,36.990
1738262150.169214,2056275.000,6762,1,T1,1,100,36.854
1738262150.303220,2056409.000,6781,1,T1,1,100,36.795
1738262150.436225,2056542.000,6798,1,T1,1,100,36.876
1738262150.569231,2056675.000,6831,1,T1,1,100,36.946
1738262150.703236,2056809.000,6847,1,T1,1,100,36.906
1738262150.836242,2056942.000,6866,1,T1,1,100,36.817
1738262150.969247,2057075.000,6899,1,T1,1,100,36.850
1738262151.103253,2057209.000,6915,1,T1,1,100,36.758
1738262151.236258,2057342.000,6933,1,T1,1,100,36.860
1738262151.369264,2057475.000,6965,1,T1,1,100,36.762
1738262151.503269,2057609.000,6981,1,T1,1,100,36.755
1738262151.636275,2057742.000,6999,1,T1,1,100,36.823
1738262151.769280,2057875.000,7031,1,T1,1,100,36.782
1738262151.903286,2058009.000,7050,1,T1,1,100,36.870
1738262152.036291,2058142.000,7067,1,T1,1,100,36.837
1738262152.169297,2058275.000,7088,1,T1,1,100,36.752
1738262152.303302,2058409.000,7121,1,T1,1,100,36.680
1738262152.436308,2058542.000,7138,1,T1,1,100,36.791
1738262152.569313,2058675.000,7155,1,T1,1,100,36.874
1738262152.702319,2058808.000,7187,1,T1,1,100,36.804
1738262152.836324,2058942.000,7204,1,T1,1,100,36.773
1738262152.969330,2059075.000,7221,1,T1,1,100,36.795
1738262153.102335,2059208.000,7253,1,T1,1,100,36.841
1738262153.236341,2059342.000,7271,1,T1,1,100,36.860
1738262153.369346,2059475.000,7289,1,T1,1,100,36.798
1738262153.502352,2059608.000,7322,1,T1,1,100,36.771
1738262153.636357,2059742.000,7339,1,T1,1,100,36.830
1738262153.769363,2059875.000,7355,1,T1,1,100,36.820
1738262153.902368,2060008.000,7372,1,T1,1,100,36.851
1738262154.036374,2060142.000,7405,1,T1,1,100,36.865
1738262154.169379,2060275.000,7421,1,T1,1,100,36.835
1738262154.302385,2060408.000,7439,1,T1,1,100,36.858
1738262154.436390,2060542.000,7473,1,T1,1,100,36.797
1738262154.569396,2060675.000,7490,1,T1,1,100,36.806
1738262154.702401,2060808.000,7507,1,T1,1,100,36.810
1738262154.836407,2060942.000,7540,1,T1,1,100,36.847
1738262154.969412,2061075.000,7556,1,T1,1,100,36.756
1738262155.102418,2061208.000,7573,1,T1,1,100,36.788
1738262155.235423,2061341.000,7608,1,T1,1,100,36.802
1738262155.369429,2061475.000,7624,1,T1,1,100,36.737
1738262155.502434,2061608.000,7641,1,T1,1,100,36.815
1738262155.635440,2061741.000,7674,1,T1,1,100,36.814
1738262155.769445,2061875.000,7690,1,T1,1,100,36.707
1738262155.902451,2062008.000,7708,1,T1,1,100,36.767
1738262156.035456,2062141.000,7740,1,T1,1,100,36.722
1738262156.169462,2062275.000,7756,1,T1,1,100,36.915
1738262156.302467,2062408.000,7774,1,T1,1,100,36.857
1738262156.435473,2062541.000,7806,1,T1,1,100,36.832
1738262156.569479,2062675.000,7823,1,T1,1,100,36.785
1738262156.702484,2062808.000,7840,1,T1,1,100,36.801
1738262156.835490,2062941.000,7856,1,T1,1,100,36.807
1738262156.969495,2063075.000,7889,1,T1,1,100,36.775
1738262157.102500,2063208.000,7906,1,T1,1,100,36.832
1738262157.235506,2063341.000,7923,1,T1,1,100,36.785
1738262157.369511,2063475.000,7960,1,T1,1,100,36.801
1738262157.502517,2063608.000,7977,1,T1,1,100,36.736
1738262157.635522,2063741.000,7994,1,T1,1,100,36.780
1738262157.769528,2063875.000,8026,1,T1,1,100,36.727
1738262157.902534,2064008.000,8046,1,T1,1,100,36.740
1738262158.035539,2064141.000,8062,1,T1,1,100,36.781
1738262158.169544,2064275.000,8095,1,T1,1,100,36.834
1738262158.302550,2064408.000,8112,1,T1,1,100,36.928
1738262158.435555,2064541.000,8128,1,T1,1,100,36.792
1738262158.569561,2064675.000,8161,1,T1,1,100,36.910
1738262158.702567,2064808.000,8178,1,T1,1,100,36.819
1738262158.835572,2064941.000,8194,1,T1,1,100,36.815
1738262158.969578,2065075.000,8229,1,T1,1,100,36.814
1738262159.102583,2065208.000,8246,1,T1,1,100,36.848
1738262159.235589,2065341.000,8263,1,T1,1,100,36.864
1738262159.368594,2065474.000,8280,1,T1,1,100,36.870
1738262159.502599,2065608.000,8313,1,T1,1,100,36.873
1738262159.635605,2065741.000,8329,1,T1,1,100,36.803
1738262159.768610,2065874.000,8346,1,T1,1,100,36.773
1738262159.902616,2066008.000,8381,1,T1,1,100,36.937
1738262160.035622,2066141.000,8397,1,T1,1,100,36.796
1738262160.168627,2066274.000,8414,1,T1,1,100,36.805
1738262160.302633,2066408.000,8449,1,T1,1,100,36.809
1738262160.435638,2066541.000,8465,1,T1,1,100,36.847
1738262160.568644,2066674.000,8483,1,T1,1,100,36.863
1738262160.702649,2066808.000,8515,1,T1,1,100,36.799
1738262160.835655,2066941.000,8531,1,T1,1,100,36.842
1738262160.968660,2067074.000,8549,1,T1,1,100,36.861
1738262161.102666,2067208.000,8581,1,T1,1,100,36.904
1738262161.235671,2067341.000,8598,1,T1,1,100,36.817
1738262161.368677,2067474.000,8615,1,T1,1,100,36.850
1738262161.502682,2067608.000,8631,1,T1,1,100,36.829
1738262161.635688,2067741.000,8664,1,T1,1,100,36.855
1738262161.768693,2067874.000,8681,1,T1,1,100,36.866
1738262161.901699,2068007.000,8698,1,T1,1,100,36.942
1738262162.035704,2068141.000,8730,1,T1,1,100,36.833
1738262162.168710,2068274.000,8747,1,T1,1,100,36.751
1738262162.301715,2068407.000,8764,1,T1,1,100,36.821
1738262162.435721,2068541.000,8801,1,T1,1,100,36.852
1738262162.568726,2068674.000,8819,1,T1,1,100,36.794
1738262162.701732,2068807.000,8837,1,T1,1,100,36.840
1738262162.835737,2068941.000,8870,1,T1,1,100,36.753
1738262162.968743,2069074.000,8887,1,T1,1,100,36.751
1738262163.101748,2069207.000,8903,1,T1,1,100,36.715
1738262163.235754,2069341.000,8920,1,T1,1,100,36.806
1738262163.368759,2069474.000,8953,1,T1,1,100,36.810
1738262163.501765,2069607.000,8969,1,T1,1,100,36.882
1738262163.635770,2069741.000,8987,1,T1,1,100,36.914
1738262163.768776,2069874.000,9021,1,T1,1,100,36.821
1738262163.901781,2070007.000,9038,1,T1,1,100,36.816
1738262164.035787,2070141.000,9055,1,T1,1,100,36.743
1738262164.168792,2070274.000,9088,1,T1,1,100,36.782
1738262164.301798,2070407.000,9104,1,T1,1,100,36.729
1738262164.435803,2070541.000,9123,1,T1,1,100,36.812
1738262164.568809,2070674.000,9156,1,T1,1,100,36.777
1738262164.701814,2070807.000,9172,1,T1,1,100,36.762
1738262164.835820,2070941.000,9189,1,T1,1,100,36.897
1738262164.968825,2071074.000,9224,1,T1,1,100,36.884
1738262165.101831,2071207.000,9240,1,T1,1,100,36.844
1738262165.234836,2071340.000,9258,1,T1,1,100,36.861
1738262165.368842,2071474.000,9292,1,T1,1,100,36.940
1738262165.501847,2071607.000,9308,1,T1,1,100,36.939
1738262165.634853,2071740.000,9328,1,T1,1,100,36.903
1738262165.768858,2071874.000,9344,1,T1,1,100,36.922
1738262165.901864,2072007.000,9377,1,T1,1,100,36.860
1738262166.034869,2072140.000,9394,1,T1,1,100,36.869
1738262166.168875,2072274.000,9410,1,T1,1,100,36.908
1738262166.301880,2072407.000,9443,1,T1,1,100,36.854
1738262166.435886,2072541.000,9460,1,T1,1,100,36.795
1738262166.568892,2072674.000,9477,1,T1,1,100,36.876
1738262166.701897,2072807.000,9509,1,T1,1,100,36.804
1738262166.834903,2072940.000,9526,1,T1,1,100,36.809
1738262166.968908,2073074.000,9543,1,T1,1,100,36.776
1738262167.101913,2073207.000,9577,1,T1,1,100,36.797
1738262167.234919,2073340.000,9595,1,T1,1,100,36.735
1738262167.368924,2073474.000,9611,1,T1,1,100,36.850
1738262167.501930,2073607.000,9633,1,T1,1,100,36.829
1738262167.634935,2073740.000,9666,1,T1,1,100,36.855
1738262167.768941,2073874.000,9682,1,T1,1,100,36.831
1738262167.901947,2074007.000,9700,1,T1,1,100,36.927
1738262168.034952,2074140.000,9732,1,T1,1,100,36.827
1738262168.168957,2074274.000,9748,1,T1,1,100,36.854
1738262168.301963,2074407.000,9766,1,T1,1,100,36.866
1738262168.434968,2074540.000,9798,1,T1,1,100,36.907
1738262168.568974,2074674.000,9815,1,T1,1,100,36.960
1738262168.701980,2074807.000,9832,1,T1,1,100,36.876
1738262168.834985,2074940.000,9848,1,T1,1,100,36.875
1738262168.967991,2075073.000,9883,1,T1,1,100,36.840
1738262169.101996,2075207.000,9900,1,T1,1,100,36.824
1738262169.235002,2075340.000,9917,1,T1,1,100,36.853
