LocalTimestamp,EmotiBitTimestamp,PacketNumber,DataLength,TypeTag,ProtocolVersion,DataReliability,SF
1738257279.486248,1752552.000,16157,1,SF,1,100,0.0000
1738257279.753259,1752819.000,16207,1,SF,1,100,0.0000
1738257280.153277,1753219.000,16264,1,SF,1,100,0.0000
1738257280.420288,1753486.000,16314,1,SF,1,100,0.0000
1738257280.753303,1753819.000,16364,1,SF,1,100,0.0000
1738257281.153320,1754219.000,16430,1,SF,1,100,0.0000
1738257281.486335,1754552.000,16482,1,SF,1,100,0.0000
1738257281.753347,1754819.000,16531,1,SF,1,100,0.0000
1738257282.086361,1755152.000,16581,1,SF,1,100,0.0000
1738257282.486379,1755552.000,16647,1,SF,1,100,0.0000
1738257282.753390,1755819.000,16697,1,SF,1,100,0.0000
1738257283.086405,1756152.000,16747,1,SF,1,100,0.0000
1738257283.419419,1756485.000,16796,1,SF,1,100,0.0000
1738257283.819437,1756885.000,16862,1,SF,1,100,0.0000
1738257284.086448,1757152.000,16913,1,SF,1,100,0.0000
1738257284.419463,1757485.000,16962,1,SF,1,100,0.0000
1738257284.819481,1757885.000,17028,1,SF,1,100,0.0000
1738257285.086492,1758152.000,17083,1,SF,1,100,0.0000
1738257285.419507,1758485.000,17133,1,SF,1,100,0.0000
1738257285.753521,1758819.000,17183,1,SF,1,100,0.0000
1738257286.152539,1759218.000,17249,1,SF,1,100,0.0000
1738257286.419550,1759485.000,17298,1,SF,1,100,0.0000
1738257286.752565,1759818.000,17350,1,SF,1,100,0.0000
1738257287.152582,1760218.000,17416,1,SF,1,100,0.0000
1738257287.419594,1760485.000,17466,1,SF,1,100,0.0000
1738257287.752609,1760818.000,17518,1,SF,1,100,0.0000
1738257288.086623,1761152.000,17567,1,SF,1,100,0.0000
1738257288.486641,1761552.000,17633,1,SF,1,100,0.0000
1738257288.752652,1761818.000,17684,1,SF,1,100,0.0000
1738257289.085667,1762151.000,17733,1,SF,1,100,0.0000
1738257289.419682,1762485.000,17783,1,SF,1,100,0.0000
1738257289.819699,1762885.000,17849,1,SF,1,100,0.0000
1738257290.085711,1763151.000,17899,1,SF,1,100,0.0000
1738257290.419725,1763485.000,17954,1,SF,1,100,0.0000
1738257290.819743,1763885.000,18020,1,SF,1,100,0.0000
1738257291.085754,1764151.000,18069,1,SF,1,100,0.0000
1738257291.419769,1764485.000,18120,1,SF,1,100,0.0000
1738257291.752784,1764818.000,18171,1,SF,1,100,0.0000
1738257292.152801,1765218.000,18237,1,SF,1,100,0.0000
1738257292.419813,1765485.000,18287,1,SF,1,100,0.0000
1738257292.752827,1765818.000,18336,1,SF,1,100,0.0000
1738257293.152845,1766218.000,18403,1,SF,1,100,0.0000
1738257293.485859,1766551.000,18455,1,SF,1,100,0.0000
1738257293.752871,1766818.000,18504,1,SF,1,100,0.0000
1738257294.085885,1767151.000,18554,1,SF,1,100,0.0000
1738257294.485903,1767551.000,18620,1,SF,1,100,0.0000
1738257294.752914,1767818.000,18670,1,SF,1,100,0.0000
1738257295.085929,1768151.000,18720,1,SF,1,100,0.0000
1738257295.418944,1768484.000,18757,1,SF,1,100,0.0000
1738257295.818961,1768884.000,18823,1,SF,1,100,0.0000
1738257296.085973,1769151.000,18874,1,SF,1,100,0.0000
1738257296.418987,1769484.000,18923,1,SF,1,100,0.0000
1738257296.819005,1769884.000,18991,1,SF,1,100,0.0000
1738257297.086016,1770151.000,19041,1,SF,1,100,0.0000
1738257297.419031,1770484.000,19091,1,SF,1,100,0.0000
1738257297.752046,1770817.000,19141,1,SF,1,100,0.0000
1738257298.152063,1771217.000,19209,1,SF,1,100,0.0000
1738257298.419075,1771484.000,19258,1,SF,1,100,0.0000
1738257298.752089,1771817.000,19308,1,SF,1,100,0.0000
1738257299.152107,1772217.000,19374,1,SF,1,100,0.0000
1738257299.419118,1772484.000,19424,1,SF,1,100,0.0000
1738257299.752133,1772817.000,19474,1,SF,1,100,0.0000
1738257300.085147,1773150.000,19523,1,SF,1,100,0.0000
1738257300.485165,1773550.000,19596,1,SF,1,100,0.0000
1738257300.752177,1773817.000,19647,1,SF,1,100,0.0000
1738257301.085191,1774150.000,19696,1,SF,1,100,0.0000
1738257301.485209,1774550.000,19764,1,SF,1,100,0.0000
1738257301.752220,1774817.000,19814,1,SF,1,100,0.0000
1738257302.085235,1775150.000,19866,1,SF,1,100,0.0000
1738257302.419250,1775484.000,19916,1,SF,1,100,0.0000
1738257302.818267,1775883.000,19982,1,SF,1,100,0.0000
1738257303.085279,1776150.000,20031,1,SF,1,100,0.0000
1738257303.418293,1776483.000,20081,1,SF,1,100,0.0000
1738257303.818310,1776883.000,20148,1,SF,1,100,0.0000
1738257304.152325,1777217.000,20197,1,SF,1,100,0.0000
1738257304.418337,1777483.000,20247,1,SF,1,100,0.0000
1738257304.752351,1777817.000,20296,1,SF,1,100,0.0000
1738257305.152369,1778217.000,20362,1,SF,1,100,0.0000
1738257305.418380,1778483.000,20413,1,SF,1,100,0.0000
1738257305.752395,1778817.000,20467,1,SF,1,100,0.0000
1738257306.085410,1779150.000,20517,1,SF,1,100,0.0000
1738257306.485427,1779550.000,20585,1,SF,1,100,0.0000
1738257306.751439,1779816.000,20635,1,SF,1,100,0.0000
1738257307.085453,1780150.000,20685,1,SF,1,100,0.0000
1738257307.485471,1780550.000,20753,1,SF,1,100,0.0000
1738257307.818485,1780883.000,20802,1,SF,1,100,0.0000
1738257308.085497,1781150.000,20853,1,SF,1,100,0.0000
1738257308.418511,1781483.000,20902,1,SF,1,100,0.0000
1738257308.818529,1781883.000,20968,1,SF,1,100,0.0000
1738257309.085541,1782150.000,21018,1,SF,1,100,0.0000
1738257309.418555,1782483.000,21067,1,SF,1,100,0.0000
1738257309.818573,1782883.000,21134,1,SF,1,100,0.0000
1738257310.151587,1783216.000,21184,1,SF,1,100,0.0000
1738257310.418599,1783483.000,21233,1,SF,1,100,0.0000
1738257310.751613,1783816.000,21289,1,SF,1,100,0.0000
1738257311.151631,1784216.000,21355,1,SF,1,100,0.0000
1738257311.484645,1784549.000,21406,1,SF,1,100,0.0000
1738257311.751657,1784816.000,21456,1,SF,1,100,0.0000
1738257312.084672,1785149.000,21505,1,SF,1,100,0.0000
1738257312.484689,1785549.000,21571,1,SF,1,100,0.0000
1738257312.751701,1785816.000,21622,1,SF,1,100,0.0000
1738257313.084715,1786149.000,21671,1,SF,1,100,0.0000
1738257313.417730,1786482.000,21721,1,SF,1,100,0.0000
1738257313.817747,1786882.000,21787,1,SF,1,100,0.0000
1738257314.084759,1787149.000,21837,1,SF,1,100,0.0000
1738257314.417773,1787482.000,21887,1,SF,1,100,0.0000
1738257314.817791,1787882.000,21953,1,SF,1,100,0.0000
1738257315.084803,1788149.000,22002,1,SF,1,100,0.0000
1738257315.417817,1788482.000,22053,1,SF,1,100,0.0000
1738257315.750832,1788815.000,22108,1,SF,1,100,0.0000
1738257316.084846,1789149.000,22158,1,SF,1,100,0.0000
1738257316.417861,1789482.000,22208,1,SF,1,100,0.0000
1738257316.817878,1789882.000,22276,1,SF,1,100,0.0000
1738257317.084890,1790149.000,22325,1,SF,1,100,0.0000
1738257317.417905,1790482.000,22375,1,SF,1,100,0.0000
1738257317.817922,1790882.000,22442,1,SF,1,100,0.0000
1738257318.150937,1791215.000,22491,1,SF,1,100,0.0000
1738257318.417948,1791482.000,22541,1,SF,1,100,0.0000
1738257318.750963,1791815.000,22592,1,SF,1,100,0.0000
1738257319.150980,1792215.000,22658,1,SF,1,100,0.0000
1738257319.417992,1792482.000,22709,1,SF,1,100,0.0000
1738257319.751007,1792815.000,22758,1,SF,1,100,0.0000
1738257320.151024,1793215.000,22824,1,SF,1,100,0.0000
1738257320.484039,1793548.000,22874,1,SF,1,100,0.0000
1738257320.751050,1793815.000,22924,1,SF,1,100,0.0000
1738257321.151068,1794215.000,22976,1,SF,1,100,0.0000
1738257321.418079,1794482.000,23027,1,SF,1,100,0.0000
1738257321.751094,1794815.000,23078,1,SF,1,100,0.0000
1738257322.084109,1795148.000,23128,1,SF,1,100,0.0000
1738257322.484126,1795548.000,23194,1,SF,1,100,0.0000
1738257322.751138,1795815.000,23244,1,SF,1,100,0.0000
1738257323.084152,1796148.000,23294,1,SF,1,100,0.0000
1738257323.484170,1796548.000,23360,1,SF,1,100,0.0000
1738257323.751181,1796815.000,23409,1,SF,1,100,0.0000
1738257324.084196,1797148.000,23460,1,SF,1,100,0.0000
1738257324.417210,1797481.000,23509,1,SF,1,100,0.0000
1738257324.817228,1797881.000,23575,1,SF,1,100,0.0000
1738257325.084239,1798148.000,23625,1,SF,1,100,0.0000
1738257325.417254,1798481.000,23674,1,SF,1,100,0.0000
1738257325.817271,1798881.000,23743,1,SF,1,100,0.0000
1738257326.084283,1799148.000,23781,1,SF,1,100,0.0000
1738257326.484301,1799548.000,23849,1,SF,1,100,0.0000
1738257326.750312,1799814.000,23900,1,SF,1,100,0.0000
1738257327.084327,1800148.000,23949,1,SF,1,100,0.0000
1738257327.484344,1800548.000,24015,1,SF,1,100,0.0000
1738257327.817359,1800881.000,24065,1,SF,1,100,0.0000
1738257328.084371,1801148.000,24115,1,SF,1,100,0.0000
1738257328.417385,1801481.000,24167,1,SF,1,100,0.0000
1738257328.817403,1801881.000,24233,1,SF,1,100,0.0000
1738257329.150417,1802214.000,24282,1,SF,1,100,0.0000
1738257329.417429,1802481.000,24333,1,SF,1,100,0.0000
1738257329.750443,1802814.000,24382,1,SF,1,100,0.0000
1738257330.150461,1803214.000,24448,1,SF,1,100,0.0000
1738257330.417473,1803481.000,24498,1,SF,1,100,0.0000
1738257330.750487,1803814.000,24549,1,SF,1,100,0.0000
1738257331.150505,1804214.000,24623,1,SF,1,100,0.0000
1738257331.483519,1804547.000,24677,1,SF,1,100,0.0000
1738257331.750531,1804814.000,24726,1,SF,1,100,0.0000
1738257332.083545,1805147.000,24776,1,SF,1,100,0.0000
1738257332.483563,1805547.000,24842,1,SF,1,100,0.0000
1738257332.750575,1805814.000,24892,1,SF,1,100,0.0000
1738257333.083589,1806147.000,24942,1,SF,1,100,0.0000
1738257333.483607,1806547.000,25008,1,SF,1,100,0.0000
1738257333.816621,1806880.000,25057,1,SF,1,100,0.0000
1738257334.083633,1807147.000,25108,1,SF,1,100,0.0000
1738257334.416647,1807480.000,25157,1,SF,1,100,0.0000
1738257334.816665,1807880.000,25223,1,SF,1,100,0.0000
1738257335.083676,1808147.000,25273,1,SF,1,100,0.0000
1738257335.416691,1808480.000,25323,1,SF,1,100,0.0000
1738257335.816708,1808880.000,25389,1,SF,1,100,0.0000
1738257336.149723,1809213.000,25439,1,SF,1,100,0.0000
1738257336.416735,1809480.000,25493,1,SF,1,100,0.0000
1738257336.749749,1809813.000,25545,1,SF,1,100,0.0000
1738257337.149767,1810213.000,25611,1,SF,1,100,0.0000
1738257337.416778,1810480.000,25661,1,SF,1,100,0.0000
1738257337.749793,1810813.000,25711,1,SF,1,100,0.0000
1738257338.083807,1811147.000,25760,1,SF,1,100,0.0000
1738257338.483825,1811547.000,25826,1,SF,1,100,0.0000
1738257338.749836,1811813.000,25877,1,SF,1,100,0.0000
1738257339.083851,1812147.000,25926,1,SF,1,100,0.0000
1738257339.482869,1812546.000,25992,1,SF,1,100,0.0000
1738257339.749880,1812813.000,26042,1,SF,1,100,0.0000
1738257340.082895,1813146.000,26092,1,SF,1,100,0.0000
1738257340.416909,1813480.000,26142,1,SF,1,100,0.0000
1738257340.816927,1813880.000,26208,1,SF,1,100,0.0000
1738257341.082938,1814146.000,26257,1,SF,1,100,0.0000
1738257341.416953,1814480.000,26295,1,SF,1,100,0.0000
1738257341.816971,1814880.000,26364,1,SF,1,100,0.0000
1738257342.149985,1815213.000,26413,1,SF,1,100,0.0000
1738257342.415997,1815479.000,26463,1,SF,1,100,0.0000
1738257342.750011,1815813.000,26512,1,SF,1,100,0.0000
1738257343.150029,1816213.000,26578,1,SF,1,100,0.0000
1738257343.417040,1816480.000,26629,1,SF,1,100,0.0000
1738257343.750055,1816813.000,26678,1,SF,1,100,0.0000
1738257344.083070,1817146.000,26728,1,SF,1,100,0.0000
1738257344.483087,1817546.000,26794,1,SF,1,100,0.0000
1738257344.750099,1817813.000,26844,1,SF,1,100,0.0000
1738257345.083113,1818146.000,26894,1,SF,1,100,0.0000
1738257345.483131,1818546.000,26960,1,SF,1,100,0.0000
1738257345.816145,1818879.000,27009,1,SF,1,100,0.0000
1738257346.083157,1819146.000,27060,1,SF,1,100,0.0000
1738257346.416172,1819479.000,27109,1,SF,1,100,0.0000
1738257346.749186,1819812.000,27168,1,SF,1,100,0.0000
1738257347.083201,1820146.000,27220,1,SF,1,100,0.0000
1738257347.483218,1820546.000,27286,1,SF,1,100,0.0000
1738257347.749230,1820812.000,27336,1,SF,1,100,0.0000
1738257348.083244,1821146.000,27387,1,SF,1,100,0.0000
1738257348.483262,1821546.000,27454,1,SF,1,100,0.0000
1738257348.816276,1821879.000,27506,1,SF,1,100,0.0000
1738257349.082288,1822145.000,27555,1,SF,1,100,0.0000
1738257349.416302,1822479.000,27605,1,SF,1,100,0.0000
1738257349.816320,1822879.000,27671,1,SF,1,100,0.0000
1738257350.082332,1823145.000,27721,1,SF,1,100,0.0000
1738257350.416346,1823479.000,27771,1,SF,1,100,0.0000
1738257350.816364,1823879.000,27837,1,SF,1,100,0.0000
1738257351.149378,1824212.000,27886,1,SF,1,100,0.0000
1738257351.416390,1824479.000,27937,1,SF,1,100,0.0000
1738257351.749404,1824812.000,27993,1,SF,1,100,0.0000
1738257352.149422,1825212.000,28059,1,SF,1,100,0.0000
1738257352.416434,1825479.000,28109,1,SF,1,100,0.0000
1738257352.749448,1825812.000,28158,1,SF,1,100,0.0000
1738257353.149466,1826212.000,28225,1,SF,1,100,0.0000
1738257353.482480,1826545.000,28275,1,SF,1,100,0.0000
1738257353.749492,1826812.000,28324,1,SF,1,100,0.0000
1738257354.082506,1827145.000,28374,1,SF,1,100,0.0000
1738257354.482524,1827545.000,28440,1,SF,1,100,0.0000
1738257354.749536,1827812.000,28490,1,SF,1,100,0.0000
1738257355.082550,1828145.000,28540,1,SF,1,100,0.0000
1738257355.482568,1828545.000,28608,1,SF,1,100,0.0000
1738257355.815582,1828878.000,28657,1,SF,1,100,0.0000
1738257356.082594,1829145.000,28708,1,SF,1,100,0.0000
1738257356.415608,1829478.000,28759,1,SF,1,100,0.0000
1738257356.748623,1829811.000,28816,1,SF,1,100,0.0000
1738257357.148640,1830211.000,28882,1,SF,1,100,0.0000
1738257357.415652,1830478.000,28932,1,SF,1,100,0.0000
1738257357.748667,1830811.000,28984,1,SF,1,100,0.0000
1738257358.148684,1831211.000,29050,1,SF,1,100,0.0000
1738257358.415696,1831478.000,29101,1,SF,1,100,0.0000
1738257358.748710,1831811.000,29152,1,SF,1,100,0.0000
1738257359.082725,1832145.000,29201,1,SF,1,100,0.0000
1738257359.481742,1832544.000,29267,1,SF,1,100,0.0000
1738257359.748754,1832811.000,29317,1,SF,1,100,0.0000
1738257360.081769,1833144.000,29366,1,SF,1,100,0.0000
1738257360.481786,1833544.000,29435,1,SF,1,100,0.0000
1738257360.748798,1833811.000,29485,1,SF,1,100,0.0000
1738257361.081812,1834144.000,29534,1,SF,1,100,0.0000
1738257361.415827,1834478.000,29584,1,SF,1,100,0.0000
1738257361.881847,1834944.000,29655,1,SF,1,100,0.0000
1738257362.081856,1835144.000,29689,1,SF,1,100,0.0000
1738257362.415870,1835478.000,29739,1,SF,1,100,0.0000
1738257362.748885,1835811.000,29788,1,SF,1,100,0.0000
1738257363.148902,1836211.000,29856,1,SF,1,100,0.0000
1738257363.414914,1836477.000,29907,1,SF,1,100,0.0000
1738257363.748929,1836811.000,29956,1,SF,1,100,0.0000
1738257364.148946,1837211.000,30022,1,SF,1,100,0.0000
1738257364.414958,1837477.000,30072,1,SF,1,100,0.0000
1738257364.748972,1837811.000,30122,1,SF,1,100,0.0000
1738257365.081987,1838144.000,30172,1,SF,1,100,0.0000
1738257365.482004,1838544.000,30238,1,SF,1,100,0.0000
1738257365.748016,1838810.000,30287,1,SF,1,100,0.0000
1738257366.082031,1839144.000,30337,1,SF,1,100,0.0000
1738257366.482048,1839544.000,30405,1,SF,1,100,0.0000
1738257366.748060,1839810.000,30455,1,SF,1,100,0.0000
1738257367.148077,1840210.000,30511,1,SF,1,100,0.0000
1738257367.415089,1840477.000,30561,1,SF,1,100,0.0000
1738257367.748103,1840810.000,30610,1,SF,1,100,0.0000
1738257368.082118,1841144.000,30660,1,SF,1,100,0.0000
1738257368.482136,1841544.000,30726,1,SF,1,100,0.0000
1738257368.748147,1841810.000,30776,1,SF,1,100,0.0000
1738257369.081161,1842143.000,30830,1,SF,1,100,0.0000
1738257369.481179,1842543.000,30896,1,SF,1,100,0.0000
1738257369.748191,1842810.000,30947,1,SF,1,100,0.0000
1738257370.081205,1843143.000,30998,1,SF,1,100,0.0000
1738257370.415220,1843477.000,31047,1,SF,1,100,0.0000
1738257370.815237,1843877.000,31113,1,SF,1,100,0.0000
1738257371.081249,1844143.000,31163,1,SF,1,100,0.0000
1738257371.415264,1844477.000,31213,1,SF,1,100,0.0000
1738257371.748278,1844810.000,31267,1,SF,1,100,0.0000
1738257372.148296,1845210.000,31339,1,SF,1,100,0.0000
1738257372.415307,1845477.000,31388,1,SF,1,100,0.0000
1738257372.748322,1845810.000,31439,1,SF,1,100,0.0000
1738257373.081336,1846143.000,31488,1,SF,1,100,0.0000
1738257373.481354,1846543.000,31554,1,SF,1,100,0.0000
1738257373.748365,1846810.000,31604,1,SF,1,100,0.0000
1738257374.081380,1847143.000,31653,1,SF,1,100,0.0000
1738257374.481398,1847543.000,31719,1,SF,1,100,0.0000
1738257374.814412,1847876.000,31770,1,SF,1,100,0.0000
1738257375.081424,1848143.000,31819,1,SF,1,100,0.0000
1738257375.414438,1848476.000,31871,1,SF,1,100,0.0000
1738257375.814456,1848876.000,31937,1,SF,1,100,0.0000
1738257376.081467,1849143.000,31987,1,SF,1,100,0.0000
1738257376.414482,1849476.000,32037,1,SF,1,100,0.0000
1738257376.814499,1849876.000,32105,1,SF,1,100,0.0000
1738257377.081511,1850143.000,32154,1,SF,1,100,0.0000
1738257377.414526,1850476.000,32210,1,SF,1,100,0.0000
1738257377.747540,1850809.000,32259,1,SF,1,100,0.0000
1738257378.147558,1851209.000,32325,1,SF,1,100,0.0000
1738257378.414569,1851476.000,32375,1,SF,1,100,0.0000
1738257378.747584,1851809.000,32425,1,SF,1,100,0.0000
1738257379.080598,1852142.000,32475,1,SF,1,100,0.0000
1738257379.480616,1852542.000,32541,1,SF,1,100,0.0000
1738257379.747627,1852809.000,32590,1,SF,1,100,0.0000
1738257380.080642,1853142.000,32640,1,SF,1,100,0.0000
1738257380.480660,1853542.000,32707,1,SF,1,100,0.0000
1738257380.814674,1853876.000,32756,1,SF,1,100,0.0000
1738257381.081686,1854143.000,32806,1,SF,1,100,0.0000
1738257381.414701,1854476.000,32855,1,SF,1,100,0.0000
1738257381.814718,1854876.000,32923,1,SF,1,100,0.0000
1738257382.080729,1855142.000,32976,1,SF,1,100,0.0000
1738257382.413744,1855475.000,33014,1,SF,1,100,0.0000
1738257382.813761,1855875.000,33082,1,SF,1,100,0.0000
1738257383.080773,1856142.000,33132,1,SF,1,100,0.0000
1738257383.413788,1856475.000,33181,1,SF,1,100,0.0000
1738257383.813805,1856875.000,33247,1,SF,1,100,0.0000
1738257384.080817,1857142.000,33298,1,SF,1,100,0.0000
1738257384.413831,1857475.000,33347,1,SF,1,100,0.0000
1738257384.747846,1857809.000,33397,1,SF,1,100,0.0000
1738257385.147863,1858209.000,33463,1,SF,1,100,0.0000
1738257385.413875,1858475.000,33513,1,SF,1,100,0.0000
1738257385.747890,1858809.000,33563,1,SF,1,100,0.0000
1738257386.146907,1859208.000,33631,1,SF,1,100,0.0000
1738257386.480922,1859542.000,33682,1,SF,1,100,0.0000
1738257386.746933,1859808.000,33735,1,SF,1,100,0.0000
1738257387.080948,1860142.000,33784,1,SF,1,100,0.0000
1738257387.546968,1860608.000,33856,1,SF,1,100,0.0000
1738257387.746977,1860808.000,33890,1,SF,1,100,0.0000
1738257388.146995,1861208.000,33958,1,SF,1,100,0.0000
1738257388.414006,1861475.000,34007,1,SF,1,100,0.0000
1738257388.747021,1861808.000,34057,1,SF,1,100,0.0000
1738257389.147038,1862208.000,34124,1,SF,1,100,0.0000
1738257389.480053,1862541.000,34173,1,SF,1,100,0.0000
1738257389.747064,1862808.000,34223,1,SF,1,100,0.0000
1738257390.080079,1863141.000,34272,1,SF,1,100,0.0000
1738257390.480096,1863541.000,34338,1,SF,1,100,0.0000
1738257390.747108,1863808.000,34389,1,SF,1,100,0.0000
1738257391.080123,1864141.000,34438,1,SF,1,100,0.0000
1738257391.480140,1864541.000,34506,1,SF,1,100,0.0000
1738257391.814155,1864875.000,34556,1,SF,1,100,0.0000
1738257392.080166,1865141.000,34606,1,SF,1,100,0.0000
1738257392.414181,1865475.000,34656,1,SF,1,100,0.0000
1738257392.747195,1865808.000,34710,1,SF,1,100,0.0000
1738257393.147213,1866208.000,34776,1,SF,1,100,0.0000
1738257393.480227,1866541.000,34826,1,SF,1,100,0.0000
1738257393.747239,1866808.000,34875,1,SF,1,100,0.0000
1738257394.080254,1867141.000,34925,1,SF,1,100,0.0000
1738257394.480271,1867541.000,34991,1,SF,1,100,0.0000
1738257394.747283,1867808.000,35041,1,SF,1,100,0.0000
1738257395.080297,1868141.000,35091,1,SF,1,100,0.0000
1738257395.413312,1868474.000,35140,1,SF,1,100,0.0000
1738257395.813329,1868874.000,35206,1,SF,1,100,0.0000
1738257396.080341,1869141.000,35259,1,SF,1,100,0.0000
1738257396.413356,1869474.000,35308,1,SF,1,100,0.0000
1738257396.813373,1869874.000,35376,1,SF,1,100,0.0000
1738257397.080385,1870141.000,35426,1,SF,1,100,0.0000
1738257397.413399,1870474.000,35476,1,SF,1,100,0.0000
1738257397.746414,1870807.000,35531,1,SF,1,100,0.0000
1738257398.080428,1871141.000,35581,1,SF,1,100,0.0000
1738257398.413443,1871474.000,35631,1,SF,1,100,0.0000
1738257398.813461,1871874.000,35697,1,SF,1,100,0.0000
1738257399.080472,1872141.000,35746,1,SF,1,100,0.0000
1738257399.413487,1872474.000,35796,1,SF,1,100,0.0000
1738257399.813504,1872874.000,35864,1,SF,1,100,0.0000
1738257400.079516,1873140.000,35916,1,SF,1,100,0.0000
1738257400.413530,1873474.000,35966,1,SF,1,100,0.0000
1738257400.746545,1873807.000,36015,1,SF,1,100,0.0000
1738257401.146562,1874207.000,36083,1,SF,1,100,0.0000
1738257401.413574,1874474.000,36134,1,SF,1,100,0.0000
1738257401.746589,1874807.000,36185,1,SF,1,100,0.0000
1738257402.146606,1875207.000,36251,1,SF,1,100,0.0000
1738257402.479621,1875540.000,36301,1,SF,1,100,0.0000
1738257402.746632,1875807.000,36351,1,SF,1,100,0.0000
1738257403.079647,1876140.000,36404,1,SF,1,100,0.0000
1738257403.412661,1876473.000,36454,1,SF,1,100,0.0000
1738257403.746676,1876807.000,36504,1,SF,1,100,0.0000
1738257404.146693,1877207.000,36570,1,SF,1,100,0.0000
1738257404.412705,1877473.000,36619,1,SF,1,100,0.0000
1738257404.746720,1877807.000,36671,1,SF,1,100,0.0000
1738257405.146737,1878207.000,36737,1,SF,1,100,0.0000
1738257405.412749,1878473.000,36787,1,SF,1,100,0.0000
1738257405.745763,1878806.000,36837,1,SF,1,100,0.0000
1738257406.079778,1879140.000,36886,1,SF,1,100,0.0000
1738257406.479795,1879540.000,36954,1,SF,1,100,0.0000
1738257406.745807,1879806.000,37005,1,SF,1,100,0.0000
1738257407.079822,1880140.000,37054,1,SF,1,100,0.0000
1738257407.479839,1880540.000,37120,1,SF,1,100,0.0000
1738257407.745851,1880806.000,37170,1,SF,1,100,0.0000
1738257408.145868,1881206.000,37227,1,SF,1,100,0.0000
1738257408.412880,1881473.000,37277,1,SF,1,100,0.0000
1738257408.745894,1881806.000,37326,1,SF,1,100,0.0000
1738257409.145912,1882206.000,37393,1,SF,1,100,0.0000
1738257409.478926,1882539.000,37445,1,SF,1,100,0.0000
1738257409.745938,1882806.000,37494,1,SF,1,100,0.0000
1738257410.078953,1883139.000,37544,1,SF,1,100,0.0000
1738257410.478970,1883539.000,37610,1,SF,1,100,0.0000
1738257410.745982,1883806.000,37662,1,SF,1,100,0.0000
1738257411.078996,1884139.000,37712,1,SF,1,100,0.0000
1738257411.479014,1884539.000,37780,1,SF,1,100,0.0000
1738257411.746026,1884806.000,37829,1,SF,1,100,0.0000
1738257412.079040,1885139.000,37880,1,SF,1,100,0.0000
1738257412.413055,1885473.000,37929,1,SF,1,100,0.0000
1738257412.812072,1885872.000,37995,1,SF,1,100,0.0000
1738257413.146087,1886206.000,38050,1,SF,1,100,0.0000
1738257413.479101,1886539.000,38100,1,SF,1,100,0.0000
1738257413.746113,1886806.000,38150,1,SF,1,100,0.0000
1738257414.079127,1887139.000,38199,1,SF,1,100,0.0000
1738257414.479145,1887539.000,38265,1,SF,1,100,0.0000
1738257414.746156,1887806.000,38316,1,SF,1,100,0.0000
1738257415.079171,1888139.000,38365,1,SF,1,100,0.0000
1738257415.479188,1888539.000,38431,1,SF,1,100,0.0000
1738257415.812203,1888872.000,38483,1,SF,1,100,0.0000
1738257416.079215,1889139.000,38533,1,SF,1,100,0.0000
1738257416.412229,1889472.000,38583,1,SF,1,100,0.0000
1738257416.812247,1889872.000,38651,1,SF,1,100,0.0000
1738257417.079258,1890139.000,38700,1,SF,1,100,0.0000
1738257417.412273,1890472.000,38751,1,SF,1,100,0.0000
1738257417.812290,1890872.000,38817,1,SF,1,100,0.0000
1738257418.145305,1891205.000,38866,1,SF,1,100,0.0000
1738257418.479320,1891539.000,38921,1,SF,1,100,0.0000
1738257418.745331,1891805.000,38971,1,SF,1,100,0.0000
1738257419.079346,1892139.000,39021,1,SF,1,100,0.0000
1738257419.412360,1892472.000,39070,1,SF,1,100,0.0000
1738257419.812378,1892872.000,39136,1,SF,1,100,0.0000
1738257420.078389,1893138.000,39187,1,SF,1,100,0.0000
1738257420.412404,1893472.000,39236,1,SF,1,100,0.0000
1738257420.812422,1893872.000,39302,1,SF,1,100,0.0000
1738257421.078433,1894138.000,39352,1,SF,1,100,0.0000
1738257421.412448,1894472.000,39402,1,SF,1,100,0.0000
1738257421.745462,1894805.000,39454,1,SF,1,100,0.0000
1738257422.145480,1895205.000,39520,1,SF,1,100,0.0000
1738257422.411491,1895471.000,39569,1,SF,1,100,0.0000
1738257422.745506,1895805.000,39619,1,SF,1,100,0.0000
1738257423.145524,1896205.000,39686,1,SF,1,100,0.0000
1738257423.411535,1896471.000,39722,1,SF,1,100,0.0000
1738257423.811553,1896871.000,39790,1,SF,1,100,0.0000
1738257424.078564,1897138.000,39840,1,SF,1,100,0.0000
1738257424.411579,1897471.000,39890,1,SF,1,100,0.0000
1738257424.811596,1897871.000,39956,1,SF,1,100,0.0000
1738257425.145611,1898205.000,40005,1,SF,1,100,0.0000
1738257425.411623,1898471.000,40056,1,SF,1,100,0.0000
1738257425.744637,1898804.000,40105,1,SF,1,100,0.0000
1738257426.145654,1899205.000,40171,1,SF,1,100,0.0000
1738257426.411666,1899471.000,40221,1,SF,1,100,0.0000
1738257426.744681,1899804.000,40272,1,SF,1,100,0.0000
1738257427.144698,1900204.000,40339,1,SF,1,100,0.0000
1738257427.478713,1900538.000,40389,1,SF,1,100,0.0000
1738257427.744724,1900804.000,40438,1,SF,1,100,0.0000
1738257428.078739,1901138.000,40488,1,SF,1,100,0.0000
1738257428.544759,1901604.000,40561,1,SF,1,100,0.0000
1738257428.744768,1901804.000,40594,1,SF,1,100,0.0000
1738257429.144786,1902204.000,40660,1,SF,1,100,0.0000
1738257429.411797,1902471.000,40710,1,SF,1,100,0.0000
1738257429.744812,1902804.000,40760,1,SF,1,100,0.0000
1738257430.144829,1903204.000,40826,1,SF,1,100,0.0000
1738257430.477844,1903537.000,40877,1,SF,1,100,0.0000
1738257430.744855,1903804.000,40928,1,SF,1,100,0.0000
1738257431.077870,1904137.000,40977,1,SF,1,100,0.0000
1738257431.477887,1904537.000,41047,1,SF,1,100,0.0000
1738257431.744899,1904804.000,41097,1,SF,1,100,0.0000
1738257432.077914,1905137.000,41147,1,SF,1,100,0.0000
1738257432.411928,1905471.000,41197,1,SF,1,100,0.0000
1738257432.811946,1905871.000,41263,1,SF,1,100,0.0000
1738257433.077957,1906137.000,41314,1,SF,1,100,0.0000
1738257433.410972,1906470.000,41364,1,SF,1,100,0.0000
1738257433.744987,1906804.000,41419,1,SF,1,100,0.0000
1738257434.078001,1907137.000,41469,1,SF,1,100,0.0000
1738257434.478019,1907537.000,41535,1,SF,1,100,0.0000
1738257434.745030,1907804.000,41585,1,SF,1,100,0.0000
1738257435.078045,1908137.000,41635,1,SF,1,100,0.0000
1738257435.411059,1908470.000,41684,1,SF,1,100,0.0000
1738257435.811077,1908870.000,41750,1,SF,1,100,0.0000
1738257436.078089,1909137.000,41803,1,SF,1,100,0.0000
1738257436.411103,1909470.000,41852,1,SF,1,100,0.0000
1738257436.811121,1909870.000,41920,1,SF,1,100,0.0000
1738257437.078132,1910137.000,41970,1,SF,1,100,0.0000
1738257437.411147,1910470.000,42022,1,SF,1,100,0.0000
1738257437.744161,1910803.000,42072,1,SF,1,100,0.0000
1738257438.144179,1911203.000,42138,1,SF,1,100,0.0000
1738257438.411190,1911470.000,42187,1,SF,1,100,0.0000
1738257438.744205,1911803.000,42242,1,SF,1,100,0.0000
1738257439.077219,1912136.000,42291,1,SF,1,100,0.0000
1738257439.411234,1912470.000,42341,1,SF,1,100,0.0000
1738257439.811252,1912870.000,42407,1,SF,1,100,0.0000
1738257440.077263,1913136.000,42457,1,SF,1,100,0.0000
1738257440.411278,1913470.000,42507,1,SF,1,100,0.0000
1738257440.811295,1913870.000,42573,1,SF,1,100,0.0000
1738257441.077307,1914136.000,42622,1,SF,1,100,0.0000
1738257441.411321,1914470.000,42673,1,SF,1,100,0.0000
1738257441.744336,1914803.000,42724,1,SF,1,100,0.0000
1738257442.144353,1915203.000,42790,1,SF,1,100,0.0000
1738257442.411365,1915470.000,42840,1,SF,1,100,0.0000
1738257442.744380,1915803.000,42891,1,SF,1,100,0.0000
1738257443.144397,1916203.000,42958,1,SF,1,100,0.0000
1738257443.477412,1916536.000,43008,1,SF,1,100,0.0000
1738257443.744423,1916803.000,43057,1,SF,1,100,0.0000
1738257444.077438,1917136.000,43111,1,SF,1,100,0.0000
1738257444.410452,1917469.000,43160,1,SF,1,100,0.0000
1738257444.744467,1917803.000,43212,1,SF,1,100,0.0000
1738257445.144485,1918203.000,43278,1,SF,1,100,0.0000
1738257445.410496,1918469.000,43328,1,SF,1,100,0.0000
1738257445.744511,1918803.000,43378,1,SF,1,100,0.0000
1738257446.143528,1919202.000,43444,1,SF,1,100,0.0000
1738257446.477543,1919536.000,43493,1,SF,1,100,0.0000
1738257446.743554,1919802.000,43546,1,SF,1,100,0.0000
1738257447.077569,1920136.000,43595,1,SF,1,100,0.0000
1738257447.477587,1920536.000,43661,1,SF,1,100,0.0000
1738257447.743598,1920802.000,43713,1,SF,1,100,0.0000
1738257448.077613,1921136.000,43763,1,SF,1,100,0.0000
1738257448.410627,1921469.000,43813,1,SF,1,100,0.0000
1738257448.810645,1921869.000,43879,1,SF,1,100,0.0000
1738257449.143659,1922202.000,43935,1,SF,1,100,0.0000
1738257449.477674,1922536.000,43986,1,SF,1,100,0.0000
1738257449.743685,1922802.000,44035,1,SF,1,100,0.0000
1738257450.077700,1923136.000,44085,1,SF,1,100,0.0000
1738257450.476717,1923535.000,44151,1,SF,1,100,0.0000
1738257450.743729,1923802.000,44201,1,SF,1,100,0.0000
1738257451.076744,1924135.000,44251,1,SF,1,100,0.0000
1738257451.476761,1924535.000,44319,1,SF,1,100,0.0000
1738257451.810776,1924869.000,44368,1,SF,1,100,0.0000
1738257452.076787,1925135.000,44419,1,SF,1,100,0.0000
1738257452.410802,1925469.000,44468,1,SF,1,100,0.0000
1738257452.809819,1925868.000,44534,1,SF,1,100,0.0000
1738257453.076831,1926135.000,44584,1,SF,1,100,0.0000
1738257453.409846,1926468.000,44634,1,SF,1,100,0.0000
1738257453.743860,1926802.000,44684,1,SF,1,100,0.0000
1738257454.143878,1927202.000,44755,1,SF,1,100,0.0000
1738257454.476892,1927535.000,44804,1,SF,1,100,0.0000
1738257454.743904,1927802.000,44855,1,SF,1,100,0.0000
1738257455.076918,1928135.000,44904,1,SF,1,100,0.0000
1738257455.409933,1928468.000,44954,1,SF,1,100,0.0000
1738257455.809950,1928868.000,45020,1,SF,1,100,0.0000
1738257456.076962,1929135.000,45070,1,SF,1,100,0.0000
1738257456.409977,1929468.000,45120,1,SF,1,100,0.0000
1738257456.809994,1929868.000,45188,1,SF,1,100,0.0000
1738257457.077006,1930135.000,45237,1,SF,1,100,0.0000
1738257457.410020,1930468.000,45288,1,SF,1,100,0.0000
1738257457.743035,1930801.000,45337,1,SF,1,100,0.0000
1738257458.143052,1931201.000,45403,1,SF,1,100,0.0000
1738257458.410064,1931468.000,45453,1,SF,1,100,0.0000
1738257458.743078,1931801.000,45502,1,SF,1,100,0.0000
1738257459.143096,1932201.000,45568,1,SF,1,100,0.0000
1738257459.410108,1932468.000,45607,1,SF,1,100,0.0000
1738257459.810125,1932868.000,45674,1,SF,1,100,0.0000
1738257460.143140,1933201.000,45724,1,SF,1,100,0.0000
1738257460.410151,1933468.000,45773,1,SF,1,100,0.0000
1738257460.743166,1933801.000,45825,1,SF,1,100,0.0000
1738257461.143183,1934201.000,45891,1,SF,1,100,0.0000
1738257461.410195,1934468.000,45941,1,SF,1,100,0.0000
1738257461.743210,1934801.000,45993,1,SF,1,100,0.0000
1738257462.076224,1935134.000,46042,1,SF,1,100,0.0000
1738257462.476242,1935534.000,46108,1,SF,1,100,0.0000
1738257462.743253,1935801.000,46159,1,SF,1,100,0.0000
1738257463.076268,1936134.000,46208,1,SF,1,100,0.0000
1738257463.476285,1936534.000,46274,1,SF,1,100,0.0000
1738257463.743297,1936801.000,46324,1,SF,1,100,0.0000
1738257464.076312,1937134.000,46374,1,SF,1,100,0.0000
1738257464.409326,1937467.000,46427,1,SF,1,100,0.0000
1738257464.743341,1937801.000,46476,1,SF,1,100,0.0000
1738257465.143358,1938201.000,46542,1,SF,1,100,0.0000
1738257465.409370,1938467.000,46593,1,SF,1,100,0.0000
1738257465.743384,1938801.000,46642,1,SF,1,100,0.0000
1738257466.076399,1939134.000,46692,1,SF,1,100,0.0000
1738257466.476416,1939534.000,46760,1,SF,1,100,0.0000
1738257466.742428,1939800.000,46810,1,SF,1,100,0.0000
1738257467.076443,1940134.000,46860,1,SF,1,100,0.0000
1738257467.476460,1940534.000,46926,1,SF,1,100,0.0000
1738257467.742472,1940800.000,46975,1,SF,1,100,0.0000
1738257468.076486,1941134.000,47026,1,SF,1,100,0.0000
1738257468.409501,1941467.000,47075,1,SF,1,100,0.0000
1738257468.809518,1941867.000,47141,1,SF,1,100,0.0000
1738257469.075530,1942133.000,47191,1,SF,1,100,0.0000
1738257469.409544,1942467.000,47240,1,SF,1,100,0.0000
1738257469.742559,1942800.000,47298,1,SF,1,100,0.0000
1738257470.075574,1943133.000,47347,1,SF,1,100,0.0000
1738257470.475591,1943533.000,47413,1,SF,1,100,0.0000
1738257470.742603,1943800.000,47464,1,SF,1,100,0.0000
1738257471.075617,1944133.000,47513,1,SF,1,100,0.0000
1738257471.475635,1944533.000,47581,1,SF,1,100,0.0000
1738257471.809649,1944867.000,47631,1,SF,1,100,0.0000
1738257472.075661,1945133.000,47681,1,SF,1,100,0.0000
1738257472.409676,1945467.000,47731,1,SF,1,100,0.0000
1738257472.808693,1945866.000,47797,1,SF,1,100,0.0000
1738257473.075705,1946133.000,47846,1,SF,1,100,0.0000
1738257473.408719,1946466.000,47897,1,SF,1,100,0.0000
1738257473.742734,1946800.000,47946,1,SF,1,100,0.0000
1738257474.142751,1947200.000,48012,1,SF,1,100,0.0000
1738257474.408763,1947466.000,48062,1,SF,1,100,0.0000
1738257474.808780,1947866.000,48117,1,SF,1,100,0.0000
1738257475.075792,1948133.000,48167,1,SF,1,100,0.0000
1738257475.408807,1948466.000,48216,1,SF,1,100,0.0000
1738257475.808824,1948866.000,48282,1,SF,1,100,0.0000
1738257476.075836,1949133.000,48333,1,SF,1,100,0.0000
1738257476.408850,1949466.000,48382,1,SF,1,100,0.0000
1738257476.808868,1949866.000,48450,1,SF,1,100,0.0000
1738257477.141882,1950199.000,48500,1,SF,1,100,0.0000
1738257477.408894,1950466.000,48550,1,SF,1,100,0.0000
1738257477.741909,1950799.000,48602,1,SF,1,100,0.0000
1738257478.141926,1951199.000,48668,1,SF,1,100,0.0000
1738257478.408938,1951466.000,48717,1,SF,1,100,0.0000
1738257478.741952,1951799.000,48767,1,SF,1,100,0.0000
1738257479.141970,1952199.000,48834,1,SF,1,100,0.0000
1738257479.474984,1952532.000,48883,1,SF,1,100,0.0000
1738257479.808999,1952866.000,48938,1,SF,1,100,0.0000
1738257480.075011,1953132.000,48988,1,SF,1,100,0.0000
1738257480.409025,1953466.000,49038,1,SF,1,100,0.0000
1738257480.742040,1953799.000,49087,1,SF,1,100,0.0000
1738257481.142057,1954199.000,49155,1,SF,1,100,0.0000
1738257481.409069,1954466.000,49206,1,SF,1,100,0.0000
1738257481.742083,1954799.000,49257,1,SF,1,100,0.0000
1738257482.142101,1955199.000,49323,1,SF,1,100,0.0000
1738257482.475115,1955532.000,49373,1,SF,1,100,0.0000
1738257482.742127,1955799.000,49423,1,SF,1,100,0.0000
1738257483.075142,1956132.000,49475,1,SF,1,100,0.0000
1738257483.475159,1956532.000,49541,1,SF,1,100,0.0000
1738257483.742171,1956799.000,49590,1,SF,1,100,0.0000
1738257484.075185,1957132.000,49640,1,SF,1,100,0.0000
1738257484.475203,1957532.000,49707,1,SF,1,100,0.0000
1738257484.808217,1957865.000,49756,1,SF,1,100,0.0000
1738257485.142232,1958199.000,49809,1,SF,1,100,0.0000
1738257485.408243,1958465.000,49859,1,SF,1,100,0.0000
1738257485.742258,1958799.000,49909,1,SF,1,100,0.0000
1738257486.141275,1959198.000,49975,1,SF,1,100,0.0000
1738257486.408287,1959465.000,50026,1,SF,1,100,0.0000
1738257486.741302,1959798.000,50079,1,SF,1,100,0.0000
1738257487.075316,1960132.000,50128,1,SF,1,100,0.0000
1738257487.475334,1960532.000,50194,1,SF,1,100,0.0000
1738257487.741345,1960798.000,50244,1,SF,1,100,0.0000
1738257488.075360,1961132.000,50295,1,SF,1,100,0.0000
1738257488.475378,1961532.000,50361,1,SF,1,100,0.0000
1738257488.741389,1961798.000,50412,1,SF,1,100,0.0000
1738257489.074404,1962131.000,50461,1,SF,1,100,0.0000
1738257489.408418,1962465.000,50515,1,SF,1,100,0.0000
1738257489.808436,1962865.000,50581,1,SF,1,100,0.0000
1738257490.141450,1963198.000,50638,1,SF,1,100,0.0000
1738257490.474465,1963531.000,50688,1,SF,1,100,0.0000
1738257490.741477,1963798.000,50740,1,SF,1,100,0.0000
1738257491.074491,1964131.000,50790,1,SF,1,100,0.0000
1738257491.474509,1964531.000,50858,1,SF,1,100,0.0000
1738257491.808523,1964865.000,50907,1,SF,1,100,0.0000
1738257492.074535,1965131.000,50958,1,SF,1,100,0.0000
1738257492.408549,1965465.000,51009,1,SF,1,100,0.0000
1738257492.807567,1965864.000,51077,1,SF,1,100,0.0000
1738257493.074578,1966131.000,51127,1,SF,1,100,0.0000
1738257493.407593,1966464.000,51176,1,SF,1,100,0.0000
1738257493.808610,1966865.000,51243,1,SF,1,100,0.0000
1738257494.141625,1967198.000,51293,1,SF,1,100,0.0000
1738257494.407637,1967464.000,51342,1,SF,1,100,0.0000
1738257494.741651,1967798.000,51392,1,SF,1,100,0.0000
1738257495.140669,1968197.000,51463,1,SF,1,100,0.0000
1738257495.474683,1968531.000,51514,1,SF,1,100,0.0000
1738257495.807698,1968864.000,51564,1,SF,1,100,0.0000
1738257496.074709,1969131.000,51614,1,SF,1,100,0.0000
1738257496.407724,1969464.000,51664,1,SF,1,100,0.0000
1738257496.807741,1969864.000,51732,1,SF,1,100,0.0000
1738257497.074753,1970131.000,51781,1,SF,1,100,0.0000
1738257497.407768,1970464.000,51831,1,SF,1,100,0.0000
1738257497.807785,1970864.000,51898,1,SF,1,100,0.0000
1738257498.074797,1971131.000,51947,1,SF,1,100,0.0000
1738257498.407811,1971464.000,51997,1,SF,1,100,0.0000
1738257498.740826,1971797.000,52046,1,SF,1,100,0.0000
1738257499.140843,1972197.000,52112,1,SF,1,100,0.0000
1738257499.407855,1972464.000,52163,1,SF,1,100,0.0000
1738257499.740870,1972797.000,52214,1,SF,1,100,0.0000
1738257500.140887,1973197.000,52280,1,SF,1,100,0.0000
1738257500.407899,1973464.000,52317,1,SF,1,100,0.0000
1738257500.807916,1973864.000,52383,1,SF,1,100,0.0000
1738257501.140931,1974197.000,52433,1,SF,1,100,0.0000
1738257501.407943,1974464.000,52483,1,SF,1,100,0.0000
1738257501.740957,1974797.000,52535,1,SF,1,100,0.0000
1738257502.140975,1975197.000,52601,1,SF,1,100,0.0000
1738257502.406986,1975463.000,52650,1,SF,1,100,0.0000
1738257502.741001,1975797.000,52701,1,SF,1,100,0.0000
1738257503.074015,1976130.000,52750,1,SF,1,100,0.0000
1738257503.474033,1976530.000,52816,1,SF,1,100,0.0000
1738257503.741044,1976797.000,52866,1,SF,1,100,0.0000
1738257504.074059,1977130.000,52915,1,SF,1,100,0.0000
1738257504.474077,1977530.000,52982,1,SF,1,100,0.0000
1738257504.807091,1977863.000,53032,1,SF,1,100,0.0000
1738257505.074103,1978130.000,53081,1,SF,1,100,0.0000
1738257505.407117,1978463.000,53138,1,SF,1,100,0.0000
1738257505.740132,1978796.000,53187,1,SF,1,100,0.0000
1738257506.074146,1979130.000,53237,1,SF,1,100,0.0000
1738257506.474164,1979530.000,53305,1,SF,1,100,0.0000
1738257506.741175,1979797.000,53355,1,SF,1,100,0.0000
1738257507.074190,1980130.000,53405,1,SF,1,100,0.0000
1738257507.474207,1980530.000,53471,1,SF,1,100,0.0000
1738257507.807222,1980863.000,53520,1,SF,1,100,0.0000
1738257508.074234,1981130.000,53571,1,SF,1,100,0.0000
1738257508.407248,1981463.000,53620,1,SF,1,100,0.0000
1738257508.807266,1981863.000,53688,1,SF,1,100,0.0000
1738257509.074277,1982130.000,53738,1,SF,1,100,0.0000
1738257509.407292,1982463.000,53788,1,SF,1,100,0.0000
1738257509.740306,1982796.000,53840,1,SF,1,100,0.0000
1738257510.140324,1983196.000,53906,1,SF,1,100,0.0000
1738257510.407336,1983463.000,53955,1,SF,1,100,0.0000
1738257510.807353,1983863.000,54011,1,SF,1,100,0.0000
1738257511.073365,1984129.000,54060,1,SF,1,100,0.0000
1738257511.407379,1984463.000,54112,1,SF,1,100,0.0000
1738257511.807397,1984863.000,54180,1,SF,1,100,0.0000
1738257512.073408,1985129.000,54230,1,SF,1,100,0.0000
1738257512.406423,1985462.000,54280,1,SF,1,100,0.0000
1738257512.806440,1985862.000,54346,1,SF,1,100,0.0000
1738257513.140455,1986196.000,54395,1,SF,1,100,0.0000
1738257513.406467,1986462.000,54446,1,SF,1,100,0.0000
1738257513.740481,1986796.000,54495,1,SF,1,100,0.0000
1738257514.140499,1987196.000,54561,1,SF,1,100,0.0000
1738257514.406510,1987462.000,54611,1,SF,1,100,0.0000
1738257514.740525,1987796.000,54660,1,SF,1,100,0.0000
1738257515.140542,1988196.000,54727,1,SF,1,100,0.0000
1738257515.473557,1988529.000,54777,1,SF,1,100,0.0000
1738257515.806571,1988862.000,54831,1,SF,1,100,0.0000
1738257516.073583,1989129.000,54882,1,SF,1,100,0.0000
1738257516.406598,1989462.000,54931,1,SF,1,100,0.0000
1738257516.739612,1989795.000,54983,1,SF,1,100,0.0000
1738257517.139630,1990195.000,55049,1,SF,1,100,0.0000
1738257517.406641,1990462.000,55101,1,SF,1,100,0.0000
1738257517.740656,1990796.000,55151,1,SF,1,100,0.0000
1738257518.139673,1991195.000,55217,1,SF,1,100,0.0000
1738257518.406685,1991462.000,55266,1,SF,1,100,0.0000
1738257518.739700,1991795.000,55319,1,SF,1,100,0.0000
1738257519.072714,1992128.000,55368,1,SF,1,100,0.0000
1738257519.473732,1992529.000,55434,1,SF,1,100,0.0000
1738257519.739743,1992795.000,55484,1,SF,1,100,0.0000
1738257520.072758,1993128.000,55536,1,SF,1,100,0.0000
1738257520.472775,1993528.000,55604,1,SF,1,100,0.0000
1738257520.806790,1993862.000,55659,1,SF,1,100,0.0000
1738257521.139804,1994195.000,55708,1,SF,1,100,0.0000
1738257521.406816,1994462.000,55759,1,SF,1,100,0.0000
1738257521.739831,1994795.000,55810,1,SF,1,100,0.0000
1738257522.072845,1995128.000,55862,1,SF,1,100,0.0000
1738257522.472863,1995528.000,55930,1,SF,1,100,0.0000
1738257522.739874,1995795.000,55980,1,SF,1,100,0.0000
1738257523.072889,1996128.000,56030,1,SF,1,100,0.0000
1738257523.472906,1996528.000,56098,1,SF,1,100,0.0000
1738257523.739918,1996795.000,56147,1,SF,1,100,0.0000
1738257524.072932,1997128.000,56198,1,SF,1,100,0.0000
1738257524.405947,1997461.000,56247,1,SF,1,100,0.0000
1738257524.805965,1997861.000,56313,1,SF,1,100,0.0000
1738257525.072976,1998128.000,56363,1,SF,1,100,0.0000
1738257525.405991,1998461.000,56412,1,SF,1,100,0.0000
1738257525.806008,1998861.000,56479,1,SF,1,100,0.0000
1738257526.073020,1999128.000,56517,1,SF,1,100,0.0000
1738257526.406034,1999461.000,56567,1,SF,1,100,0.0000
1738257526.806052,1999861.000,56635,1,SF,1,100,0.0000
1738257527.073064,2000128.000,56684,1,SF,1,100,0.0000
1738257527.406078,2000461.000,56734,1,SF,1,100,0.0000
1738257527.806096,2000861.000,56801,1,SF,1,100,0.0000
1738257528.073107,2001128.000,56850,1,SF,1,100,0.0000
1738257528.406122,2001461.000,56900,1,SF,1,100,0.0000
1738257528.739136,2001794.000,56949,1,SF,1,100,0.0000
1738257529.139154,2002194.000,57015,1,SF,1,100,0.0000
1738257529.406166,2002461.000,57066,1,SF,1,100,0.0000
1738257529.739180,2002794.000,57115,1,SF,1,100,0.0000
1738257530.139198,2003194.000,57183,1,SF,1,100,0.0000
1738257530.472212,2003527.000,57233,1,SF,1,100,0.0000
1738257530.739224,2003794.000,57283,1,SF,1,100,0.0000
1738257531.072238,2004127.000,57336,1,SF,1,100,0.0000
1738257531.406253,2004461.000,57386,1,SF,1,100,0.0000
1738257531.739268,2004794.000,57438,1,SF,1,100,0.0000
1738257532.139285,2005194.000,57506,1,SF,1,100,0.0000
1738257532.406297,2005461.000,57557,1,SF,1,100,0.0000
1738257532.739311,2005794.000,57607,1,SF,1,100,0.0000
1738257533.139329,2006194.000,57674,1,SF,1,100,0.0000
1738257533.472343,2006527.000,57725,1,SF,1,100,0.0000
1738257533.739355,2006794.000,57775,1,SF,1,100,0.0000
1738257534.072369,2007127.000,57824,1,SF,1,100,0.0000
1738257534.472387,2007527.000,57892,1,SF,1,100,0.0000
1738257534.739398,2007794.000,57943,1,SF,1,100,0.0000
1738257535.072413,2008127.000,57992,1,SF,1,100,0.0000
1738257535.472430,2008527.000,58058,1,SF,1,100,0.0000
1738257535.805445,2008860.000,58108,1,SF,1,100,0.0000
1738257536.072457,2009127.000,58158,1,SF,1,100,0.0000
1738257536.405471,2009460.000,58214,1,SF,1,100,0.0000
1738257536.738486,2009793.000,58268,1,SF,1,100,0.0000
1738257537.072500,2010127.000,58318,1,SF,1,100,0.0000
1738257537.472518,2010527.000,58384,1,SF,1,100,0.0000
1738257537.738530,2010793.000,58433,1,SF,1,100,0.0000
1738257538.072544,2011127.000,58484,1,SF,1,100,0.0000
1738257538.405559,2011460.000,58533,1,SF,1,100,0.0000
1738257538.805576,2011860.000,58599,1,SF,1,100,0.0000
1738257539.072588,2012127.000,58649,1,SF,1,100,0.0000
1738257539.405602,2012460.000,58698,1,SF,1,100,0.0000
1738257539.805620,2012860.000,58765,1,SF,1,100,0.0000
1738257540.138634,2013193.000,58815,1,SF,1,100,0.0000
1738257540.405646,2013460.000,58866,1,SF,1,100,0.0000
1738257540.738661,2013793.000,58916,1,SF,1,100,0.0000
1738257541.138678,2014193.000,58982,1,SF,1,100,0.0000
1738257541.471693,2014526.000,59021,1,SF,1,100,0.0000
1738257541.738704,2014793.000,59073,1,SF,1,100,0.0000
1738257542.071719,2015126.000,59122,1,SF,1,100,0.0000
1738257542.471736,2015526.000,59188,1,SF,1,100,0.0000
1738257542.738748,2015793.000,59239,1,SF,1,100,0.0000
1738257543.071763,2016126.000,59288,1,SF,1,100,0.0000
1738257543.404777,2016459.000,59338,1,SF,1,100,0.0000
1738257543.804795,2016859.000,59404,1,SF,1,100,0.0000
1738257544.071806,2017126.000,59454,1,SF,1,100,0.0000
1738257544.404821,2017459.000,59504,1,SF,1,100,0.0000
1738257544.804838,2017859.000,59570,1,SF,1,100,0.0000
1738257545.071850,2018126.000,59619,1,SF,1,100,0.0000
1738257545.404865,2018459.000,59669,1,SF,1,100,0.0000
1738257545.738879,2018793.000,59719,1,SF,1,100,0.0000
1738257546.138896,2019193.000,59785,1,SF,1,100,0.0000
1738257546.471911,2019526.000,59840,1,SF,1,100,0.0000
1738257546.804926,2019859.000,59892,1,SF,1,100,0.0000
1738257547.071937,2020126.000,59942,1,SF,1,100,0.0000
1738257547.404952,2020459.000,59991,1,SF,1,100,0.0000
1738257547.804969,2020859.000,60061,1,SF,1,100,0.0000
1738257548.071981,2021126.000,60112,1,SF,1,100,0.0000
1738257548.404995,2021459.000,60161,1,SF,1,100,0.0000
1738257548.738010,2021792.000,60213,1,SF,1,100,0.0000
1738257549.138028,2022192.000,60279,1,SF,1,100,0.0000
1738257549.405039,2022459.000,60329,1,SF,1,100,0.0000
1738257549.738054,2022792.000,60379,1,SF,1,100,0.0000
1738257550.138071,2023192.000,60445,1,SF,1,100,0.0000
1738257550.405083,2023459.000,60494,1,SF,1,100,0.0000
1738257550.738097,2023792.000,60545,1,SF,1,100,0.0000
1738257551.071112,2024125.000,60594,1,SF,1,100,0.0000
1738257551.471129,2024525.000,60664,1,SF,1,100,0.0000
1738257551.738141,2024792.000,60703,1,SF,1,100,0.0000
1738257552.138159,2025192.000,60769,1,SF,1,100,0.0000
1738257552.404170,2025458.000,60819,1,SF,1,100,0.0000
1738257552.738185,2025792.000,60868,1,SF,1,100,0.0000
1738257553.138202,2026192.000,60935,1,SF,1,100,0.0000
1738257553.471217,2026525.000,60985,1,SF,1,100,0.0000
1738257553.738229,2026792.000,61034,1,SF,1,100,0.0000
1738257554.071243,2027125.000,61084,1,SF,1,100,0.0000
1738257554.471261,2027525.000,61150,1,SF,1,100,0.0000
1738257554.738272,2027792.000,61200,1,SF,1,100,0.0000
1738257555.071287,2028125.000,61250,1,SF,1,100,0.0000
1738257555.404301,2028458.000,61299,1,SF,1,100,0.0000
1738257555.804319,2028858.000,61365,1,SF,1,100,0.0000
1738257556.071331,2029125.000,61416,1,SF,1,100,0.0000
1738257556.404345,2029458.000,61465,1,SF,1,100,0.0000
1738257556.737360,2029791.000,61524,1,SF,1,100,0.0000
1738257557.071374,2030125.000,61574,1,SF,1,100,0.0000
1738257557.471392,2030525.000,61640,1,SF,1,100,0.0000
1738257557.737403,2030791.000,61690,1,SF,1,100,0.0000
1738257558.071418,2031125.000,61740,1,SF,1,100,0.0000
1738257558.404432,2031458.000,61790,1,SF,1,100,0.0000
1738257558.804450,2031858.000,61856,1,SF,1,100,0.0000
1738257559.071461,2032125.000,61905,1,SF,1,100,0.0000
1738257559.404476,2032458.000,61955,1,SF,1,100,0.0000
1738257559.804494,2032858.000,62023,1,SF,1,100,0.0000
1738257560.070505,2033124.000,62073,1,SF,1,100,0.0000
1738257560.404520,2033458.000,62123,1,SF,1,100,0.0000
1738257560.737534,2033791.000,62172,1,SF,1,100,0.0000
1738257561.137552,2034191.000,62238,1,SF,1,100,0.0000
1738257561.404563,2034458.000,62289,1,SF,1,100,0.0000
1738257561.737578,2034791.000,62340,1,SF,1,100,0.0000
1738257562.070593,2035124.000,62396,1,SF,1,100,0.0000
1738257562.403607,2035457.000,62445,1,SF,1,100,0.0000
1738257562.803625,2035857.000,62513,1,SF,1,100,0.0000
1738257563.070636,2036124.000,62563,1,SF,1,100,0.0000
1738257563.403651,2036457.000,62613,1,SF,1,100,0.0000
1738257563.803668,2036857.000,62679,1,SF,1,100,0.0000
1738257564.137683,2037191.000,62729,1,SF,1,100,0.0000
1738257564.403694,2037457.000,62780,1,SF,1,100,0.0000
1738257564.737709,2037791.000,62830,1,SF,1,100,0.0000
1738257565.137727,2038191.000,62896,1,SF,1,100,0.0000
1738257565.403738,2038457.000,62946,1,SF,1,100,0.0000
1738257565.737753,2038791.000,62996,1,SF,1,100,0.0000
1738257566.136770,2039190.000,63062,1,SF,1,100,0.0000
1738257566.470785,2039524.000,63115,1,SF,1,100,0.0000
1738257566.736796,2039790.000,63166,1,SF,1,100,0.0000
1738257567.136814,2040190.000,63220,1,SF,1,100,0.0000
1738257567.403826,2040457.000,63273,1,SF,1,100,0.0000
1738257567.736840,2040790.000,63322,1,SF,1,100,0.0000
1738257568.136858,2041190.000,63390,1,SF,1,100,0.0000
1738257568.403869,2041457.000,63440,1,SF,1,100,0.0000
1738257568.736884,2041790.000,63489,1,SF,1,100,0.0000
1738257569.136901,2042190.000,63556,1,SF,1,100,0.0000
1738257569.469916,2042523.000,63606,1,SF,1,100,0.0000
1738257569.736928,2042790.000,63655,1,SF,1,100,0.0000
1738257570.069942,2043123.000,63707,1,SF,1,100,0.0000
1738257570.469959,2043523.000,63773,1,SF,1,100,0.0000
1738257570.736971,2043790.000,63823,1,SF,1,100,0.0000
1738257571.069986,2044123.000,63875,1,SF,1,100,0.0000
1738257571.470003,2044523.000,63943,1,SF,1,100,0.0000
1738257571.804018,2044857.000,63992,1,SF,1,100,0.0000
1738257572.137032,2045190.000,64048,1,SF,1,100,0.0000
1738257572.470047,2045523.000,64097,1,SF,1,100,0.0000
1738257572.737059,2045790.000,64148,1,SF,1,100,0.0000
1738257573.070073,2046123.000,64197,1,SF,1,100,0.0000
1738257573.470091,2046523.000,64263,1,SF,1,100,0.0000
1738257573.737102,2046790.000,64313,1,SF,1,100,0.0000
1738257574.070117,2047123.000,64362,1,SF,1,100,0.0000
1738257574.470134,2047523.000,64429,1,SF,1,100,0.0000
1738257574.803149,2047856.000,64479,1,SF,1,100,0.0000
1738257575.070160,2048123.000,64528,1,SF,1,100,0.0000
1738257575.403175,2048456.000,64578,1,SF,1,100,0.0000
1738257575.803192,2048856.000,64646,1,SF,1,100,0.0000
1738257576.070204,2049123.000,64696,1,SF,1,100,0.0000
1738257576.403219,2049456.000,64746,1,SF,1,100,0.0000
1738257576.803236,2049856.000,64814,1,SF,1,100,0.0000
1738257577.136251,2050189.000,64863,1,SF,1,100,0.0000
1738257577.470265,2050523.000,64919,1,SF,1,100,0.0000
1738257577.736277,2050789.000,64968,1,SF,1,100,0.0000
1738257578.070292,2051123.000,65021,1,SF,1,100,0.0000
1738257578.403306,2051456.000,65070,1,SF,1,100,0.0000
1738257578.803324,2051856.000,65136,1,SF,1,100,0.0000
1738257579.070335,2052123.000,65188,1,SF,1,100,0.0000
1738257579.403350,2052456.000,65237,1,SF,1,100,0.0000
1738257579.803367,2052856.000,65303,1,SF,1,100,0.0000
1738257580.136382,2053189.000,65354,1,SF,1,100,0.0000
1738257580.403394,2053456.000,65403,1,SF,1,100,0.0000
1738257580.736408,2053789.000,65453,1,SF,1,100,0.0000
1738257581.136425,2054189.000,65519,1,SF,1,100,0.0000
1738257581.403437,2054456.000,33,1,SF,1,100,0.0000
1738257581.736452,2054789.000,87,1,SF,1,100,0.0000
1738257582.136469,2055189.000,153,1,SF,1,100,0.0000
1738257582.402481,2055455.000,190,1,SF,1,100,0.0000
1738257582.802498,2055855.000,256,1,SF,1,100,0.0000
1738257583.069510,2056122.000,305,1,SF,1,100,0.0000
1738257583.402524,2056455.000,355,1,SF,1,100,0.0000
1738257583.803542,2056856.000,422,1,SF,1,100,0.0000
1738257584.136557,2057189.000,473,1,SF,1,100,0.0000
1738257584.402568,2057455.000,523,1,SF,1,100,0.0000
1738257584.736583,2057789.000,574,1,SF,1,100,0.0000
1738257585.136600,2058189.000,640,1,SF,1,100,0.0000
1738257585.402612,2058455.000,693,1,SF,1,100,0.0000
1738257585.736626,2058789.000,742,1,SF,1,100,0.0000
1738257586.135644,2059188.000,808,1,SF,1,100,0.0000
1738257586.469658,2059522.000,860,1,SF,1,100,0.0000
1738257586.735670,2059788.000,910,1,SF,1,100,0.0000
1738257587.069685,2060122.000,960,1,SF,1,100,0.0000
1738257587.469702,2060522.000,1033,1,SF,1,100,0.0000
1738257587.736714,2060789.000,1082,1,SF,1,100,0.0000
1738257588.069728,2061122.000,1133,1,SF,1,100,0.0000
1738257588.469746,2061522.000,1201,1,SF,1,100,0.0000
1738257588.802760,2061855.000,1250,1,SF,1,100,0.0000
1738257589.068772,2062121.000,1300,1,SF,1,100,0.0000
1738257589.402786,2062455.000,1349,1,SF,1,100,0.0000
1738257589.802804,2062855.000,1415,1,SF,1,100,0.0000
1738257590.069816,2063122.000,1466,1,SF,1,100,0.0000
1738257590.402830,2063455.000,1515,1,SF,1,100,0.0000
1738257590.802848,2063855.000,1581,1,SF,1,100,0.0000
1738257591.135862,2064188.000,1631,1,SF,1,100,0.0000
1738257591.402874,2064455.000,1681,1,SF,1,100,0.0000
1738257591.735888,2064788.000,1733,1,SF,1,100,0.0000
1738257592.135906,2065188.000,1799,1,SF,1,100,0.0000
1738257592.402918,2065455.000,1848,1,SF,1,100,0.0000
1738257592.735932,2065788.000,1904,1,SF,1,100,0.0000
1738257593.068947,2066121.000,1953,1,SF,1,100,0.0000
1738257593.468964,2066521.000,2019,1,SF,1,100,0.0000
1738257593.735976,2066788.000,2069,1,SF,1,100,0.0000
1738257594.068990,2067121.000,2118,1,SF,1,100,0.0000
1738257594.469008,2067521.000,2184,1,SF,1,100,0.0000
1738257594.736020,2067788.000,2235,1,SF,1,100,0.0000
1738257595.069034,2068121.000,2286,1,SF,1,100,0.0000
1738257595.402049,2068454.000,2336,1,SF,1,100,0.0000
1738257595.802066,2068854.000,2402,1,SF,1,100,0.0000
1738257596.069078,2069121.000,2452,1,SF,1,100,0.0000
1738257596.402092,2069454.000,2502,1,SF,1,100,0.0000
1738257596.802110,2069854.000,2570,1,SF,1,100,0.0000
1738257597.069122,2070121.000,2619,1,SF,1,100,0.0000
1738257597.402136,2070454.000,2670,1,SF,1,100,0.0000
1738257597.735151,2070787.000,2726,1,SF,1,100,0.0000
1738257598.135168,2071187.000,2792,1,SF,1,100,0.0000
1738257598.469183,2071521.000,2842,1,SF,1,100,0.0000
1738257598.735194,2071787.000,2892,1,SF,1,100,0.0000
1738257599.069209,2072121.000,2942,1,SF,1,100,0.0000
1738257599.468226,2072520.000,3008,1,SF,1,100,0.0000
1738257599.735238,2072787.000,3059,1,SF,1,100,0.0000
1738257600.068253,2073120.000,3110,1,SF,1,100,0.0000
1738257600.402267,2073454.000,3159,1,SF,1,100,0.0000
1738257600.802284,2073854.000,3227,1,SF,1,100,0.0000
1738257601.068296,2074120.000,3277,1,SF,1,100,0.0000
1738257601.402311,2074454.000,3326,1,SF,1,100,0.0000
1738257601.802328,2074854.000,3397,1,SF,1,100,0.0000
1738257602.135343,2075187.000,3447,1,SF,1,100,0.0000
1738257602.401355,2075453.000,3498,1,SF,1,100,0.0000
1738257602.735369,2075787.000,3553,1,SF,1,100,0.0000
1738257603.068384,2076120.000,3603,1,SF,1,100,0.0000
1738257603.468401,2076520.000,3671,1,SF,1,100,0.0000
1738257603.735413,2076787.000,3721,1,SF,1,100,0.0000
1738257604.068427,2077120.000,3770,1,SF,1,100,0.0000
1738257604.401442,2077453.000,3821,1,SF,1,100,0.0000
1738257604.801459,2077853.000,3887,1,SF,1,100,0.0000
1738257605.068471,2078120.000,3936,1,SF,1,100,0.0000
1738257605.401485,2078453.000,3986,1,SF,1,100,0.0000
1738257605.801503,2078853.000,4054,1,SF,1,100,0.0000
1738257606.068515,2079120.000,4104,1,SF,1,100,0.0000
1738257606.401529,2079453.000,4154,1,SF,1,100,0.0000
1738257606.734544,2079786.000,4205,1,SF,1,100,0.0000
1738257607.135561,2080187.000,4271,1,SF,1,100,0.0000
1738257607.401573,2080453.000,4322,1,SF,1,100,0.0000
1738257607.734587,2080786.000,4373,1,SF,1,100,0.0000
1738257608.134605,2081186.000,4427,1,SF,1,100,0.0000
1738257608.468620,2081520.000,4477,1,SF,1,100,0.0000
1738257608.734631,2081786.000,4527,1,SF,1,100,0.0000
1738257609.067646,2082119.000,4577,1,SF,1,100,0.0000
1738257609.468663,2082520.000,4643,1,SF,1,100,0.0000
1738257609.734675,2082786.000,4692,1,SF,1,100,0.0000
1738257610.067689,2083119.000,4743,1,SF,1,100,0.0000
1738257610.401704,2083453.000,4792,1,SF,1,100,0.0000
1738257610.801721,2083853.000,4858,1,SF,1,100,0.0000
1738257611.067733,2084119.000,4908,1,SF,1,100,0.0000
1738257611.401748,2084453.000,4957,1,SF,1,100,0.0000
1738257611.801765,2084853.000,5025,1,SF,1,100,0.0000
1738257612.067777,2085119.000,5076,1,SF,1,100,0.0000
1738257612.400791,2085452.000,5127,1,SF,1,100,0.0000
1738257612.734806,2085786.000,5177,1,SF,1,100,0.0000
1738257613.134823,2086186.000,5251,1,SF,1,100,0.0000
1738257613.467838,2086519.000,5302,1,SF,1,100,0.0000
1738257613.734849,2086786.000,5352,1,SF,1,100,0.0000
1738257614.067864,2087119.000,5401,1,SF,1,100,0.0000
1738257614.467882,2087519.000,5469,1,SF,1,100,0.0000
1738257614.734893,2087786.000,5520,1,SF,1,100,0.0000
1738257615.067908,2088119.000,5569,1,SF,1,100,0.0000
1738257615.400922,2088452.000,5619,1,SF,1,100,0.0000
1738257615.800940,2088852.000,5685,1,SF,1,100,0.0000
1738257616.067951,2089119.000,5735,1,SF,1,100,0.0000
1738257616.400966,2089452.000,5787,1,SF,1,100,0.0000
1738257616.800983,2089852.000,5855,1,SF,1,100,0.0000
1738257617.067995,2090119.000,5904,1,SF,1,100,0.0000
1738257617.401010,2090452.000,5955,1,SF,1,100,0.0000
1738257617.734024,2090785.000,6004,1,SF,1,100,0.0000
1738257618.134042,2091185.000,6075,1,SF,1,100,0.0000
1738257618.401053,2091452.000,6125,1,SF,1,100,0.0000
1738257618.734068,2091785.000,6174,1,SF,1,100,0.0000
1738257619.134085,2092185.000,6240,1,SF,1,100,0.0000
1738257619.401097,2092452.000,6291,1,SF,1,100,0.0000
1738257619.734112,2092785.000,6340,1,SF,1,100,0.0000
1738257620.067126,2093118.000,6390,1,SF,1,100,0.0000
1738257620.467144,2093518.000,6456,1,SF,1,100,0.0000
1738257620.734155,2093785.000,6506,1,SF,1,100,0.0000
1738257621.067170,2094118.000,6556,1,SF,1,100,0.0000
1738257621.467187,2094518.000,6624,1,SF,1,100,0.0000
1738257621.734199,2094785.000,6673,1,SF,1,100,0.0000
1738257622.067214,2095118.000,6724,1,SF,1,100,0.0000
1738257622.400228,2095451.000,6773,1,SF,1,100,0.0000
1738257622.800246,2095851.000,6839,1,SF,1,100,0.0000
1738257623.067257,2096118.000,6889,1,SF,1,100,0.0000
1738257623.467275,2096518.000,6947,1,SF,1,100,0.0000
1738257623.734286,2096785.000,6996,1,SF,1,100,0.0000
1738257624.067301,2097118.000,7047,1,SF,1,100,0.0000
1738257624.400316,2097451.000,7098,1,SF,1,100,0.0000
1738257624.800333,2097851.000,7164,1,SF,1,100,0.0000
1738257625.067345,2098118.000,7214,1,SF,1,100,0.0000
1738257625.400359,2098451.000,7263,1,SF,1,100,0.0000
1738257625.800377,2098851.000,7331,1,SF,1,100,0.0000
1738257626.067388,2099118.000,7382,1,SF,1,100,0.0000
1738257626.400403,2099451.000,7431,1,SF,1,100,0.0000
1738257626.733418,2099784.000,7483,1,SF,1,100,0.0000
1738257627.133435,2100184.000,7551,1,SF,1,100,0.0000
1738257627.400447,2100451.000,7601,1,SF,1,100,0.0000
1738257627.733461,2100784.000,7653,1,SF,1,100,0.0000
1738257628.133479,2101184.000,7719,1,SF,1,100,0.0000
1738257628.400490,2101451.000,7756,1,SF,1,100,0.0000
1738257628.800508,2101851.000,7822,1,SF,1,100,0.0000
1738257629.133522,2102184.000,7871,1,SF,1,100,0.0000
1738257629.400534,2102451.000,7924,1,SF,1,100,0.0000
1738257629.733548,2102784.000,7973,1,SF,1,100,0.0000
1738257630.133566,2103184.000,8041,1,SF,1,100,0.0000
1738257630.400578,2103451.000,8091,1,SF,1,100,0.0000
1738257630.733592,2103784.000,8141,1,SF,1,100,0.0000
1738257631.133610,2104184.000,8209,1,SF,1,100,0.0000
1738257631.466624,2104517.000,8261,1,SF,1,100,0.0000
1738257631.733636,2104784.000,8310,1,SF,1,100,0.0000
1738257632.066650,2105117.000,8360,1,SF,1,100,0.0000
1738257632.466668,2105517.000,8426,1,SF,1,100,0.0000
1738257632.733680,2105784.000,8476,1,SF,1,100,0.0000
1738257633.066694,2106117.000,8526,1,SF,1,100,0.0000
1738257633.399709,2106450.000,8575,1,SF,1,100,0.0000
1738257633.799726,2106850.000,8650,1,SF,1,100,0.0000
1738257634.066738,2107117.000,8701,1,SF,1,100,0.0000
1738257634.399752,2107450.000,8750,1,SF,1,100,0.0000
1738257634.799770,2107850.000,8816,1,SF,1,100,0.0000
1738257635.133784,2108184.000,8866,1,SF,1,100,0.0000
1738257635.399796,2108450.000,8918,1,SF,1,100,0.0000
1738257635.732810,2108783.000,8968,1,SF,1,100,0.0000
1738257636.133828,2109184.000,9036,1,SF,1,100,0.0000
1738257636.399840,2109450.000,9085,1,SF,1,100,0.0000
1738257636.732854,2109783.000,9138,1,SF,1,100,0.0000
1738257637.066869,2110117.000,9189,1,SF,1,100,0.0000
1738257637.466886,2110517.000,9255,1,SF,1,100,0.0000
1738257637.732898,2110783.000,9305,1,SF,1,100,0.0000
1738257638.066912,2111117.000,9356,1,SF,1,100,0.0000
1738257638.466930,2111517.000,9422,1,SF,1,100,0.0000
1738257638.799945,2111850.000,9480,1,SF,1,100,0.0000
1738257639.065956,2112116.000,9529,1,SF,1,100,0.0000
1738257639.399971,2112450.000,9579,1,SF,1,100,0.0000
1738257639.799988,2112850.000,9645,1,SF,1,100,0.0000
1738257640.066000,2113116.000,9697,1,SF,1,100,0.0000
1738257640.400014,2113450.000,9747,1,SF,1,100,0.0000
1738257640.733029,2113783.000,9796,1,SF,1,100,0.0000
1738257641.133046,2114183.000,9862,1,SF,1,100,0.0000
1738257641.400058,2114450.000,9913,1,SF,1,100,0.0000
1738257641.733073,2114783.000,9964,1,SF,1,100,0.0000
1738257642.133090,2115183.000,10030,1,SF,1,100,0.0000
1738257642.466105,2115516.000,10080,1,SF,1,100,0.0000
1738257642.733116,2115783.000,10130,1,SF,1,100,0.0000
1738257643.066131,2116116.000,10180,1,SF,1,100,0.0000
1738257643.466148,2116516.000,10248,1,SF,1,100,0.0000
1738257643.733160,2116783.000,10302,1,SF,1,100,0.0000
1738257644.066175,2117116.000,10353,1,SF,1,100,0.0000
1738257644.399189,2117449.000,10402,1,SF,1,100,0.0000
1738257644.799207,2117849.000,10468,1,SF,1,100,0.0000
1738257645.066218,2118116.000,10518,1,SF,1,100,0.0000
1738257645.399233,2118449.000,10567,1,SF,1,100,0.0000
1738257645.799250,2118849.000,10634,1,SF,1,100,0.0000
1738257646.066262,2119116.000,10684,1,SF,1,100,0.0000
1738257646.399276,2119449.000,10733,1,SF,1,100,0.0000
1738257646.732291,2119782.000,10785,1,SF,1,100,0.0000
1738257647.132308,2120182.000,10853,1,SF,1,100,0.0000
1738257647.399320,2120449.000,10903,1,SF,1,100,0.0000
1738257647.732335,2120782.000,10953,1,SF,1,100,0.0000
1738257648.132352,2121182.000,11019,1,SF,1,100,0.0000
1738257648.466367,2121516.000,11068,1,SF,1,100,0.0000
1738257648.732378,2121782.000,11124,1,SF,1,100,0.0000
1738257649.065393,2122115.000,11173,1,SF,1,100,0.0000
1738257649.465410,2122515.000,11239,1,SF,1,100,0.0000
1738257649.799425,2122849.000,11289,1,SF,1,100,0.0000
1738257650.065437,2123115.000,11339,1,SF,1,100,0.0000
1738257650.399451,2123449.000,11389,1,SF,1,100,0.0000
1738257650.799469,2123849.000,11457,1,SF,1,100,0.0000
1738257651.065480,2124115.000,11506,1,SF,1,100,0.0000
1738257651.399495,2124449.000,11558,1,SF,1,100,0.0000
1738257651.799512,2124849.000,11627,1,SF,1,100,0.0000
1738257652.132527,2125182.000,11676,1,SF,1,100,0.0000
1738257652.398539,2125448.000,11726,1,SF,1,100,0.0000
1738257652.732553,2125782.000,11775,1,SF,1,100,0.0000
1738257653.132571,2126182.000,11841,1,SF,1,100,0.0000
1738257653.399582,2126449.000,11892,1,SF,1,100,0.0000
1738257653.732597,2126782.000,11941,1,SF,1,100,0.0000
1738257654.065611,2127115.000,11996,1,SF,1,100,0.0000
1738257654.465629,2127515.000,12062,1,SF,1,100,0.0000
1738257654.732641,2127782.000,12112,1,SF,1,100,0.0000
1738257655.065655,2128115.000,12162,1,SF,1,100,0.0000
1738257655.398670,2128448.000,12211,1,SF,1,100,0.0000
1738257655.798687,2128848.000,12277,1,SF,1,100,0.0000
1738257656.065699,2129115.000,12328,1,SF,1,100,0.0000
1738257656.398713,2129448.000,12377,1,SF,1,100,0.0000
1738257656.798731,2129848.000,12445,1,SF,1,100,0.0000
1738257657.065742,2130115.000,12495,1,SF,1,100,0.0000
1738257657.398757,2130448.000,12545,1,SF,1,100,0.0000
1738257657.731772,2130781.000,12597,1,SF,1,100,0.0000
1738257658.131789,2131181.000,12663,1,SF,1,100,0.0000
1738257658.398801,2131448.000,12714,1,SF,1,100,0.0000
1738257658.731815,2131781.000,12764,1,SF,1,100,0.0000
1738257659.131833,2132181.000,12836,1,SF,1,100,0.0000
1738257659.464847,2132514.000,12885,1,SF,1,100,0.0000
1738257659.731859,2132781.000,12935,1,SF,1,100,0.0000
1738257660.064873,2133114.000,12984,1,SF,1,100,0.0000
1738257660.464891,2133514.000,13052,1,SF,1,100,0.0000
1738257660.731903,2133781.000,13103,1,SF,1,100,0.0000
1738257661.064917,2134114.000,13152,1,SF,1,100,0.0000
1738257661.398932,2134448.000,13204,1,SF,1,100,0.0000
1738257661.798949,2134848.000,13272,1,SF,1,100,0.0000
1738257662.064961,2135114.000,13322,1,SF,1,100,0.0000
1738257662.397975,2135447.000,13372,1,SF,1,100,0.0000
1738257662.797993,2135847.000,13440,1,SF,1,100,0.0000
1738257663.065005,2136114.000,13491,1,SF,1,100,0.0000
1738257663.398019,2136447.000,13542,1,SF,1,100,0.0000
1738257663.732034,2136781.000,13591,1,SF,1,100,0.0000
1738257664.132051,2137181.000,13662,1,SF,1,100,0.0000
1738257664.398063,2137447.000,13712,1,SF,1,100,0.0000
1738257664.732077,2137781.000,13761,1,SF,1,100,0.0000
1738257665.132095,2138181.000,13831,1,SF,1,100,0.0000
1738257665.398107,2138447.000,13882,1,SF,1,100,0.0000
1738257665.731121,2138780.000,13933,1,SF,1,100,0.0000
1738257666.065136,2139114.000,13983,1,SF,1,100,0.0000
1738257666.465153,2139514.000,14051,1,SF,1,100,0.0000
1738257666.731165,2139780.000,14101,1,SF,1,100,0.0000
1738257667.065179,2140114.000,14151,1,SF,1,100,0.0000
1738257667.465197,2140514.000,14217,1,SF,1,100,0.0000
1738257667.731209,2140780.000,14266,1,SF,1,100,0.0000
1738257668.065223,2141114.000,14317,1,SF,1,100,0.0000
1738257668.398237,2141447.000,14366,1,SF,1,100,0.0000
1738257668.798255,2141847.000,14432,1,SF,1,100,0.0000
1738257669.065267,2142114.000,14482,1,SF,1,100,0.0000
1738257669.398281,2142447.000,14537,1,SF,1,100,0.0000
1738257669.731296,2142780.000,14587,1,SF,1,100,0.0000
1738257670.064310,2143113.000,14636,1,SF,1,100,0.0000
1738257670.464328,2143513.000,14702,1,SF,1,100,0.0000
1738257670.731339,2143780.000,14753,1,SF,1,100,0.0000
1738257671.064354,2144113.000,14802,1,SF,1,100,0.0000
1738257671.464371,2144513.000,14870,1,SF,1,100,0.0000
1738257671.731383,2144780.000,14920,1,SF,1,100,0.0000
1738257672.064398,2145113.000,14972,1,SF,1,100,0.0000
1738257672.397412,2145446.000,15022,1,SF,1,100,0.0000
1738257672.797430,2145846.000,15090,1,SF,1,100,0.0000
1738257673.064441,2146113.000,15139,1,SF,1,100,0.0000
1738257673.397456,2146446.000,15189,1,SF,1,100,0.0000
1738257673.797473,2146846.000,15255,1,SF,1,100,0.0000
1738257674.064485,2147113.000,15305,1,SF,1,100,0.0000
1738257674.397500,2147446.000,15342,1,SF,1,100,0.0000
1738257674.731514,2147780.000,15391,1,SF,1,100,0.0000
1738257675.131532,2148180.000,15457,1,SF,1,100,0.0000
1738257675.397543,2148446.000,15508,1,SF,1,100,0.0000
1738257675.730558,2148779.000,15557,1,SF,1,100,0.0000
1738257676.064573,2149113.000,15607,1,SF,1,100,0.0000
1738257676.464590,2149513.000,15675,1,SF,1,100,0.0000
1738257676.730602,2149779.000,15725,1,SF,1,100,0.0000
1738257677.064616,2150113.000,15775,1,SF,1,100,0.0000
1738257677.464634,2150513.000,15841,1,SF,1,100,0.0000
1738257677.730645,2150779.000,15890,1,SF,1,100,0.0000
1738257678.064660,2151113.000,15941,1,SF,1,100,0.0000
1738257678.397674,2151446.000,15990,1,SF,1,100,0.0000
1738257678.797692,2151846.000,16056,1,SF,1,100,0.0000
1738257679.064703,2152113.000,16106,1,SF,1,100,0.0000
1738257679.397718,2152446.000,16155,1,SF,1,100,0.0000
1738257679.730733,2152779.000,16211,1,SF,1,100,0.0000
1738257680.063747,2153112.000,16260,1,SF,1,100,0.0000
1738257680.463765,2153512.000,16327,1,SF,1,100,0.0000
1738257680.797779,2153846.000,16377,1,SF,1,100,0.0000
1738257681.063791,2154112.000,16428,1,SF,1,100,0.0000
1738257681.397805,2154446.000,16478,1,SF,1,100,0.0000
1738257681.797823,2154846.000,16546,1,SF,1,100,0.0000
1738257682.063835,2155112.000,16596,1,SF,1,100,0.0000
1738257682.397849,2155446.000,16646,1,SF,1,100,0.0000
1738257682.730864,2155779.000,16695,1,SF,1,100,0.0000
1738257683.130881,2156179.000,16761,1,SF,1,100,0.0000
1738257683.397893,2156446.000,16812,1,SF,1,100,0.0000
1738257683.730907,2156779.000,16863,1,SF,1,100,0.0000
1738257684.130925,2157179.000,16929,1,SF,1,100,0.0000
1738257684.396936,2157445.000,16979,1,SF,1,100,0.0000
1738257684.730951,2157779.000,17036,1,SF,1,100,0.0000
1738257685.063966,2158112.000,17086,1,SF,1,100,0.0000
1738257685.463983,2158512.000,17152,1,SF,1,100,0.0000
1738257685.729995,2158778.000,17201,1,SF,1,100,0.0000
1738257686.064009,2159112.000,17253,1,SF,1,100,0.0000
1738257686.464027,2159512.000,17321,1,SF,1,100,0.0000
1738257686.730038,2159778.000,17371,1,SF,1,100,0.0000
1738257687.064053,2160112.000,17421,1,SF,1,100,0.0000
1738257687.397068,2160445.000,17470,1,SF,1,100,0.0000
1738257687.797085,2160845.000,17538,1,SF,1,100,0.0000
1738257688.064097,2161112.000,17589,1,SF,1,100,0.0000
1738257688.397111,2161445.000,17640,1,SF,1,100,0.0000
1738257688.797129,2161845.000,17706,1,SF,1,100,0.0000
1738257689.064140,2162112.000,17758,1,SF,1,100,0.0000
1738257689.397155,2162445.000,17808,1,SF,1,100,0.0000
1738257689.730170,2162778.000,17863,1,SF,1,100,0.0000
1738257690.130187,2163178.000,17929,1,SF,1,100,0.0000
1738257690.397199,2163445.000,17978,1,SF,1,100,0.0000
1738257690.730213,2163778.000,18028,1,SF,1,100,0.0000
1738257691.130231,2164178.000,18096,1,SF,1,100,0.0000
1738257691.463245,2164511.000,18146,1,SF,1,100,0.0000
1738257691.730257,2164778.000,18200,1,SF,1,100,0.0000
1738257692.063272,2165111.000,18249,1,SF,1,100,0.0000
1738257692.463289,2165511.000,18317,1,SF,1,100,0.0000
1738257692.730301,2165778.000,18368,1,SF,1,100,0.0000
1738257693.063315,2166111.000,18417,1,SF,1,100,0.0000
1738257693.463333,2166511.000,18483,1,SF,1,100,0.0000
1738257693.796347,2166844.000,18533,1,SF,1,100,0.0000
1738257694.063359,2167111.000,18583,1,SF,1,100,0.0000
1738257694.396373,2167444.000,18633,1,SF,1,100,0.0000
1738257694.796391,2167844.000,18699,1,SF,1,100,0.0000
1738257695.130405,2168178.000,18754,1,SF,1,100,0.0000
1738257695.463420,2168511.000,18804,1,SF,1,100,0.0000
1738257695.729432,2168777.000,18853,1,SF,1,100,0.0000
1738257696.063446,2169111.000,18905,1,SF,1,100,0.0000
1738257696.463464,2169511.000,18973,1,SF,1,100,0.0000
1738257696.729475,2169777.000,19023,1,SF,1,100,0.0000
1738257697.063490,2170111.000,19073,1,SF,1,100,0.0000
1738257697.463507,2170511.000,19139,1,SF,1,100,0.0000
1738257697.796522,2170844.000,19188,1,SF,1,100,0.0000
1738257698.063534,2171111.000,19239,1,SF,1,100,0.0000
1738257698.396548,2171444.000,19288,1,SF,1,100,0.0000
1738257698.796566,2171844.000,19354,1,SF,1,100,0.0000
1738257699.129580,2172177.000,19404,1,SF,1,100,0.0000
1738257699.396592,2172444.000,19454,1,SF,1,100,0.0000
1738257699.729606,2172777.000,19504,1,SF,1,100,0.0000
1738257700.062621,2173110.000,19559,1,SF,1,100,0.0000
1738257700.396636,2173444.000,19609,1,SF,1,100,0.0000
1738257700.796653,2173844.000,19675,1,SF,1,100,0.0000
1738257701.062665,2174110.000,19725,1,SF,1,100,0.0000
1738257701.396679,2174444.000,19774,1,SF,1,100,0.0000
1738257701.796697,2174844.000,19843,1,SF,1,100,0.0000
1738257702.129711,2175177.000,19895,1,SF,1,100,0.0000
1738257702.395723,2175443.000,19944,1,SF,1,100,0.0000
1738257702.729737,2175777.000,19996,1,SF,1,100,0.0000
1738257703.129755,2176177.000,20062,1,SF,1,100,0.0000
1738257703.395766,2176443.000,20112,1,SF,1,100,0.0000
1738257703.729781,2176777.000,20162,1,SF,1,100,0.0000
1738257704.062796,2177110.000,20211,1,SF,1,100,0.0000
1738257704.462813,2177510.000,20277,1,SF,1,100,0.0000
1738257704.729825,2177777.000,20330,1,SF,1,100,0.0000
1738257705.062839,2178110.000,20379,1,SF,1,100,0.0000
1738257705.462857,2178510.000,20452,1,SF,1,100,0.0000
1738257705.795871,2178843.000,20502,1,SF,1,100,0.0000
1738257706.062883,2179110.000,20552,1,SF,1,100,0.0000
1738257706.395898,2179443.000,20602,1,SF,1,100,0.0000
1738257706.795915,2179843.000,20670,1,SF,1,100,0.0000
1738257707.062927,2180110.000,20719,1,SF,1,100,0.0000
1738257707.395941,2180443.000,20769,1,SF,1,100,0.0000
1738257707.795959,2180843.000,20836,1,SF,1,100,0.0000
1738257708.128973,2181176.000,20885,1,SF,1,100,0.0000
1738257708.395985,2181443.000,20937,1,SF,1,100,0.0000
1738257708.728999,2181776.000,20986,1,SF,1,100,0.0000
1738257709.129017,2182176.000,21052,1,SF,1,100,0.0000
1738257709.462032,2182509.000,21103,1,SF,1,100,0.0000
1738257709.729043,2182776.000,21152,1,SF,1,100,0.0000
1738257710.062058,2183109.000,21204,1,SF,1,100,0.0000
1738257710.462075,2183509.000,21275,1,SF,1,100,0.0000
1738257710.729087,2183776.000,21325,1,SF,1,100,0.0000
1738257711.062101,2184109.000,21375,1,SF,1,100,0.0000
1738257711.396116,2184443.000,21424,1,SF,1,100,0.0000
1738257711.796134,2184843.000,21494,1,SF,1,100,0.0000
1738257712.062145,2185109.000,21547,1,SF,1,100,0.0000
1738257712.396160,2185443.000,21596,1,SF,1,100,0.0000
1738257712.795177,2185842.000,21662,1,SF,1,100,0.0000
1738257713.062189,2186109.000,21712,1,SF,1,100,0.0000
1738257713.395203,2186442.000,21762,1,SF,1,100,0.0000
1738257713.729218,2186776.000,21812,1,SF,1,100,0.0000
1738257714.129236,2187176.000,21878,1,SF,1,100,0.0000
1738257714.395247,2187442.000,21927,1,SF,1,100,0.0000
1738257714.729262,2187776.000,21979,1,SF,1,100,0.0000
1738257715.062276,2188109.000,22029,1,SF,1,100,0.0000
1738257715.395291,2188442.000,22082,1,SF,1,100,0.0000
1738257715.729305,2188776.000,22133,1,SF,1,100,0.0000
1738257716.062320,2189109.000,22182,1,SF,1,100,0.0000
1738257716.462337,2189509.000,22250,1,SF,1,100,0.0000
1738257716.728349,2189775.000,22301,1,SF,1,100,0.0000
1738257717.062364,2190109.000,22350,1,SF,1,100,0.0000
1738257717.462381,2190509.000,22416,1,SF,1,100,0.0000
1738257717.728393,2190775.000,22466,1,SF,1,100,0.0000
1738257718.062407,2191109.000,22516,1,SF,1,100,0.0000
1738257718.395422,2191442.000,22566,1,SF,1,100,0.0000
1738257718.795439,2191842.000,22632,1,SF,1,100,0.0000
1738257719.062451,2192109.000,22681,1,SF,1,100,0.0000
1738257719.395465,2192442.000,22731,1,SF,1,100,0.0000
1738257719.795483,2192842.000,22798,1,SF,1,100,0.0000
1738257720.128497,2193175.000,22849,1,SF,1,100,0.0000
1738257720.395509,2193442.000,22899,1,SF,1,100,0.0000
1738257720.728524,2193775.000,22955,1,SF,1,100,0.0000
1738257721.128541,2194175.000,23021,1,SF,1,100,0.0000
1738257721.395553,2194442.000,23072,1,SF,1,100,0.0000
1738257721.728567,2194775.000,23123,1,SF,1,100,0.0000
1738257722.061582,2195108.000,23173,1,SF,1,100,0.0000
1738257722.461599,2195508.000,23239,1,SF,1,100,0.0000
1738257722.728611,2195775.000,23289,1,SF,1,100,0.0000
1738257723.061626,2196108.000,23339,1,SF,1,100,0.0000
1738257723.461643,2196508.000,23405,1,SF,1,100,0.0000
1738257723.794658,2196841.000,23454,1,SF,1,100,0.0000
1738257724.061669,2197108.000,23505,1,SF,1,100,0.0000
1738257724.394684,2197441.000,23554,1,SF,1,100,0.0000
1738257724.794701,2197841.000,23620,1,SF,1,100,0.0000
1738257725.061713,2198108.000,23670,1,SF,1,100,0.0000
1738257725.394727,2198441.000,23720,1,SF,1,100,0.0000
1738257725.728742,2198775.000,23775,1,SF,1,100,0.0000
1738257726.127759,2199174.000,23841,1,SF,1,100,0.0000
1738257726.394771,2199441.000,23890,1,SF,1,100,0.0000
1738257726.727786,2199774.000,23942,1,SF,1,100,0.0000
1738257727.127803,2200174.000,24008,1,SF,1,100,0.0000
1738257727.394815,2200441.000,24058,1,SF,1,100,0.0000
1738257727.727829,2200774.000,24108,1,SF,1,100,0.0000
1738257728.061844,2201108.000,24157,1,SF,1,100,0.0000
1738257728.461862,2201508.000,24223,1,SF,1,100,0.0000
1738257728.727873,2201774.000,24274,1,SF,1,100,0.0000
1738257729.060888,2202107.000,24323,1,SF,1,100,0.0000
1738257729.460905,2202507.000,24389,1,SF,1,100,0.0000
1738257729.727917,2202774.000,24439,1,SF,1,100,0.0000
1738257730.060931,2203107.000,24489,1,SF,1,100,0.0000
1738257730.394946,2203441.000,24539,1,SF,1,100,0.0000
1738257730.727961,2203774.000,24593,1,SF,1,100,0.0000
1738257731.127978,2204174.000,24659,1,SF,1,100,0.0000
1738257731.394990,2204441.000,24710,1,SF,1,100,0.0000
1738257731.728004,2204774.000,24761,1,SF,1,100,0.0000
1738257732.128022,2205174.000,24827,1,SF,1,100,0.0000
1738257732.461036,2205507.000,24877,1,SF,1,100,0.0000
1738257732.728048,2205774.000,24927,1,SF,1,100,0.0000
1738257733.061062,2206107.000,24977,1,SF,1,100,0.0000
1738257733.461080,2206507.000,25043,1,SF,1,100,0.0000
1738257733.728091,2206774.000,25094,1,SF,1,100,0.0000
1738257734.061106,2207107.000,25145,1,SF,1,100,0.0000
1738257734.461124,2207507.000,25211,1,SF,1,100,0.0000
1738257734.794138,2207840.000,25260,1,SF,1,100,0.0000
1738257735.061150,2208107.000,25310,1,SF,1,100,0.0000
1738257735.394164,2208440.000,25359,1,SF,1,100,0.0000
1738257735.861185,2208907.000,25429,1,SF,1,100,0.0000
1738257736.061193,2209107.000,25463,1,SF,1,100,0.0000
1738257736.394208,2209440.000,25514,1,SF,1,100,0.0000
1738257736.794225,2209840.000,25582,1,SF,1,100,0.0000
1738257737.127240,2210173.000,25632,1,SF,1,100,0.0000
1738257737.394252,2210440.000,25684,1,SF,1,100,0.0000
1738257737.727266,2210773.000,25734,1,SF,1,100,0.0000
1738257738.127284,2211173.000,25800,1,SF,1,100,0.0000
1738257738.394295,2211440.000,25849,1,SF,1,100,0.0000
1738257738.727310,2211773.000,25900,1,SF,1,100,0.0000
1738257739.061325,2212107.000,25949,1,SF,1,100,0.0000
1738257739.460342,2212506.000,26015,1,SF,1,100,0.0000
1738257739.727354,2212773.000,26067,1,SF,1,100,0.0000
1738257740.060368,2213106.000,26116,1,SF,1,100,0.0000
1738257740.460386,2213506.000,26184,1,SF,1,100,0.0000
1738257740.727397,2213773.000,26235,1,SF,1,100,0.0000
1738257741.127415,2214173.000,26291,1,SF,1,100,0.0000
1738257741.394427,2214440.000,26342,1,SF,1,100,0.0000
1738257741.727441,2214773.000,26393,1,SF,1,100,0.0000
1738257742.127459,2215173.000,26459,1,SF,1,100,0.0000
1738257742.460473,2215506.000,26509,1,SF,1,100,0.0000
1738257742.727485,2215773.000,26559,1,SF,1,100,0.0000
1738257743.060499,2216106.000,26611,1,SF,1,100,0.0000
1738257743.460517,2216506.000,26677,1,SF,1,100,0.0000
1738257743.727528,2216773.000,26728,1,SF,1,100,0.0000
1738257744.060543,2217106.000,26778,1,SF,1,100,0.0000
1738257744.460561,2217506.000,26847,1,SF,1,100,0.0000
1738257744.793575,2217839.000,26896,1,SF,1,100,0.0000
1738257745.060587,2218106.000,26946,1,SF,1,100,0.0000
1738257745.393601,2218439.000,26995,1,SF,1,100,0.0000
1738257745.793619,2218839.000,27061,1,SF,1,100,0.0000
1738257746.060630,2219106.000,27119,1,SF,1,100,0.0000
1738257746.393645,2219439.000,27168,1,SF,1,100,0.0000
1738257746.726660,2219772.000,27220,1,SF,1,100,0.0000
1738257747.126677,2220172.000,27286,1,SF,1,100,0.0000
1738257747.393689,2220439.000,27336,1,SF,1,100,0.0000
1738257747.726703,2220772.000,27386,1,SF,1,100,0.0000
1738257748.126721,2221172.000,27452,1,SF,1,100,0.0000
1738257748.393732,2221439.000,27501,1,SF,1,100,0.0000
1738257748.726747,2221772.000,27552,1,SF,1,100,0.0000
1738257749.059761,2222105.000,27601,1,SF,1,100,0.0000
1738257749.460779,2222506.000,27667,1,SF,1,100,0.0000
1738257749.726790,2222772.000,27717,1,SF,1,100,0.0000
1738257750.059805,2223105.000,27766,1,SF,1,100,0.0000
1738257750.459822,2223505.000,27833,1,SF,1,100,0.0000
1738257750.726834,2223772.000,27883,1,SF,1,100,0.0000
1738257751.059849,2224105.000,27932,1,SF,1,100,0.0000
1738257751.393863,2224439.000,27988,1,SF,1,100,0.0000
1738257751.726878,2224772.000,28039,1,SF,1,100,0.0000
1738257752.126895,2225172.000,28105,1,SF,1,100,0.0000
1738257752.393907,2225439.000,28155,1,SF,1,100,0.0000
1738257752.726922,2225772.000,28204,1,SF,1,100,0.0000
1738257753.126939,2226172.000,28270,1,SF,1,100,0.0000
1738257753.392951,2226438.000,28321,1,SF,1,100,0.0000
1738257753.726965,2226772.000,28372,1,SF,1,100,0.0000
1738257754.059980,2227105.000,28422,1,SF,1,100,0.0000
1738257754.459997,2227505.000,28490,1,SF,1,100,0.0000
1738257754.727009,2227772.000,28540,1,SF,1,100,0.0000
1738257755.060024,2228105.000,28590,1,SF,1,100,0.0000
1738257755.460041,2228505.000,28656,1,SF,1,100,0.0000
1738257755.726053,2228771.000,28707,1,SF,1,100,0.0000
1738257756.060067,2229105.000,28758,1,SF,1,100,0.0000
1738257756.393082,2229438.000,28811,1,SF,1,100,0.0000
1738257756.726096,2229771.000,28862,1,SF,1,100,0.0000
1738257757.126114,2230171.000,28929,1,SF,1,100,0.0000
1738257757.460128,2230505.000,28979,1,SF,1,100,0.0000
1738257757.726140,2230771.000,29030,1,SF,1,100,0.0000
1738257758.060155,2231105.000,29080,1,SF,1,100,0.0000
1738257758.460172,2231505.000,29148,1,SF,1,100,0.0000
1738257758.726184,2231771.000,29200,1,SF,1,100,0.0000
1738257759.060198,2232105.000,29250,1,SF,1,100,0.0000
1738257759.459216,2232504.000,29316,1,SF,1,100,0.0000
1738257759.793230,2232838.000,29365,1,SF,1,100,0.0000
1738257760.059242,2233104.000,29418,1,SF,1,100,0.0000
1738257760.393256,2233438.000,29467,1,SF,1,100,0.0000
1738257760.793274,2233838.000,29533,1,SF,1,100,0.0000
1738257761.059286,2234104.000,29583,1,SF,1,100,0.0000
1738257761.393300,2234438.000,29633,1,SF,1,100,0.0000
1738257761.793318,2234838.000,29708,1,SF,1,100,0.0000
1738257762.126332,2235171.000,29758,1,SF,1,100,0.0000
1738257762.392344,2235437.000,29809,1,SF,1,100,0.0000
1738257762.726358,2235771.000,29859,1,SF,1,100,0.0000
1738257763.126376,2236171.000,29925,1,SF,1,100,0.0000
1738257763.393388,2236438.000,29975,1,SF,1,100,0.0000
1738257763.726402,2236771.000,30025,1,SF,1,100,0.0000
1738257764.059417,2237104.000,30074,1,SF,1,100,0.0000
1738257764.459434,2237504.000,30140,1,SF,1,100,0.0000
1738257764.726446,2237771.000,30193,1,SF,1,100,0.0000
1738257765.059460,2238104.000,30242,1,SF,1,100,0.0000
1738257765.459478,2238504.000,30308,1,SF,1,100,0.0000
1738257765.726490,2238771.000,30358,1,SF,1,100,0.0000
1738257766.059504,2239104.000,30408,1,SF,1,100,0.0000
1738257766.392519,2239437.000,30458,1,SF,1,100,0.0000
1738257766.725533,2239770.000,30517,1,SF,1,100,0.0000
1738257767.059548,2240104.000,30566,1,SF,1,100,0.0000
1738257767.459565,2240504.000,30632,1,SF,1,100,0.0000
1738257767.725577,2240770.000,30684,1,SF,1,100,0.0000
1738257768.059591,2241104.000,30733,1,SF,1,100,0.0000
1738257768.392606,2241437.000,30784,1,SF,1,100,0.0000
1738257768.792624,2241837.000,30852,1,SF,1,100,0.0000
1738257769.058635,2242103.000,30903,1,SF,1,100,0.0000
1738257769.392650,2242437.000,30953,1,SF,1,100,0.0000
1738257769.792667,2242837.000,31019,1,SF,1,100,0.0000
1738257770.059679,2243104.000,31069,1,SF,1,100,0.0000
1738257770.392693,2243437.000,31119,1,SF,1,100,0.0000
1738257770.725708,2243770.000,31168,1,SF,1,100,0.0000
1738257771.125725,2244170.000,31234,1,SF,1,100,0.0000
1738257771.392737,2244437.000,31285,1,SF,1,100,0.0000
1738257771.725752,2244770.000,31343,1,SF,1,100,0.0000
1738257772.125769,2245170.000,31409,1,SF,1,100,0.0000
1738257772.458784,2245503.000,31459,1,SF,1,100,0.0000
1738257772.725795,2245770.000,31509,1,SF,1,100,0.0000
1738257773.058810,2246103.000,31561,1,SF,1,100,0.0000
1738257773.458827,2246503.000,31627,1,SF,1,100,0.0000
1738257773.725839,2246770.000,31676,1,SF,1,100,0.0000
1738257774.058853,2247103.000,31729,1,SF,1,100,0.0000
1738257774.458871,2247503.000,31795,1,SF,1,100,0.0000
1738257774.791886,2247836.000,31844,1,SF,1,100,0.0000
1738257775.058897,2248103.000,31894,1,SF,1,100,0.0000
1738257775.391912,2248436.000,31943,1,SF,1,100,0.0000
1738257775.791929,2248836.000,32009,1,SF,1,100,0.0000
1738257776.058941,2249103.000,32062,1,SF,1,100,0.0000
1738257776.391955,2249436.000,32111,1,SF,1,100,0.0000
1738257776.724970,2249769.000,32165,1,SF,1,100,0.0000
1738257777.058985,2250103.000,32219,1,SF,1,100,0.0000
1738257777.391999,2250436.000,32268,1,SF,1,100,0.0000
1738257777.792017,2250836.000,32334,1,SF,1,100,0.0000
1738257778.059028,2251103.000,32387,1,SF,1,100,0.0000
1738257778.392043,2251436.000,32436,1,SF,1,100,0.0000
1738257778.725057,2251769.000,32488,1,SF,1,100,0.0000
1738257779.125075,2252169.000,32554,1,SF,1,100,0.0000
1738257779.392087,2252436.000,32604,1,SF,1,100,0.0000
1738257779.725101,2252769.000,32654,1,SF,1,100,0.0000
1738257780.125118,2253169.000,32720,1,SF,1,100,0.0000
1738257780.392130,2253436.000,32769,1,SF,1,100,0.0000
1738257780.725145,2253769.000,32820,1,SF,1,100,0.0000
1738257781.058159,2254102.000,32869,1,SF,1,100,0.0000
1738257781.458177,2254502.000,32937,1,SF,1,100,0.0000
1738257781.725188,2254769.000,32989,1,SF,1,100,0.0000
1738257782.125206,2255169.000,33046,1,SF,1,100,0.0000
1738257782.392218,2255436.000,33096,1,SF,1,100,0.0000
1738257782.725232,2255769.000,33148,1,SF,1,100,0.0000
1738257783.058247,2256102.000,33198,1,SF,1,100,0.0000
1738257783.458264,2256502.000,33264,1,SF,1,100,0.0000
1738257783.725276,2256769.000,33313,1,SF,1,100,0.0000
1738257784.058290,2257102.000,33363,1,SF,1,100,0.0000
1738257784.458308,2257502.000,33429,1,SF,1,100,0.0000
1738257784.725319,2257769.000,33479,1,SF,1,100,0.0000
1738257785.058334,2258102.000,33529,1,SF,1,100,0.0000
1738257785.391349,2258435.000,33580,1,SF,1,100,0.0000
1738257785.791366,2258835.000,33646,1,SF,1,100,0.0000
1738257786.058378,2259102.000,33699,1,SF,1,100,0.0000
1738257786.391392,2259435.000,33748,1,SF,1,100,0.0000
1738257786.791410,2259835.000,33818,1,SF,1,100,0.0000
1738257787.124424,2260168.000,33873,1,SF,1,100,0.0000
1738257787.458439,2260502.000,33923,1,SF,1,100,0.0000
1738257787.724451,2260768.000,33975,1,SF,1,100,0.0000
1738257788.058465,2261102.000,34024,1,SF,1,100,0.0000
1738257788.458483,2261502.000,34091,1,SF,1,100,0.0000
1738257788.791497,2261835.000,34141,1,SF,1,100,0.0000
1738257789.057509,2262101.000,34190,1,SF,1,100,0.0000
1738257789.391523,2262435.000,34240,1,SF,1,100,0.0000
1738257789.791541,2262835.000,34308,1,SF,1,100,0.0000
1738257790.057552,2263101.000,34358,1,SF,1,100,0.0000
1738257790.391567,2263435.000,34410,1,SF,1,100,0.0000
1738257790.791584,2263835.000,34476,1,SF,1,100,0.0000
1738257791.124599,2264168.000,34525,1,SF,1,100,0.0000
1738257791.391611,2264435.000,34576,1,SF,1,100,0.0000
1738257791.724625,2264768.000,34627,1,SF,1,100,0.0000
1738257792.124643,2265168.000,34693,1,SF,1,100,0.0000
1738257792.390654,2265434.000,34732,1,SF,1,100,0.0000
1738257792.791672,2265835.000,34798,1,SF,1,100,0.0000
1738257793.057683,2266101.000,34848,1,SF,1,100,0.0000
1738257793.390698,2266434.000,34899,1,SF,1,100,0.0000
1738257793.790715,2266834.000,34965,1,SF,1,100,0.0000
1738257794.057727,2267101.000,35018,1,SF,1,100,0.0000
1738257794.390742,2267434.000,35067,1,SF,1,100,0.0000
1738257794.724756,2267768.000,35117,1,SF,1,100,0.0000
1738257795.124774,2268168.000,35183,1,SF,1,100,0.0000
1738257795.390785,2268434.000,35233,1,SF,1,100,0.0000
1738257795.723800,2268767.000,35285,1,SF,1,100,0.0000
1738257796.123817,2269167.000,35351,1,SF,1,100,0.0000
1738257796.390829,2269434.000,35400,1,SF,1,100,0.0000
1738257796.723844,2269767.000,35453,1,SF,1,100,0.0000
1738257797.057858,2270101.000,35502,1,SF,1,100,0.0000
1738257797.390873,2270434.000,35557,1,SF,1,100,0.0000
1738257797.790890,2270834.000,35625,1,SF,1,100,0.0000
1738257798.057902,2271101.000,35675,1,SF,1,100,0.0000
1738257798.390916,2271434.000,35725,1,SF,1,100,0.0000
1738257798.723931,2271767.000,35776,1,SF,1,100,0.0000
1738257799.123949,2272167.000,35842,1,SF,1,100,0.0000
1738257799.390960,2272434.000,35893,1,SF,1,100,0.0000
1738257799.723975,2272767.000,35942,1,SF,1,100,0.0000
1738257800.123992,2273167.000,36010,1,SF,1,100,0.0000
1738257800.391004,2273434.000,36060,1,SF,1,100,0.0000
1738257800.724018,2273767.000,36110,1,SF,1,100,0.0000
1738257801.057033,2274100.000,36162,1,SF,1,100,0.0000
1738257801.457050,2274500.000,36230,1,SF,1,100,0.0000
1738257801.724062,2274767.000,36279,1,SF,1,100,0.0000
1738257802.057077,2275100.000,36329,1,SF,1,100,0.0000
1738257802.524097,2275567.000,36401,1,SF,1,100,0.0000
1738257802.724106,2275767.000,36434,1,SF,1,100,0.0000
1738257803.124123,2276167.000,36500,1,SF,1,100,0.0000
1738257803.391135,2276434.000,36550,1,SF,1,100,0.0000
1738257803.724149,2276767.000,36602,1,SF,1,100,0.0000
1738257804.057164,2277100.000,36651,1,SF,1,100,0.0000
1738257804.457181,2277500.000,36717,1,SF,1,100,0.0000
1738257804.724193,2277767.000,36768,1,SF,1,100,0.0000
1738257805.057208,2278100.000,36817,1,SF,1,100,0.0000
1738257805.457225,2278500.000,36883,1,SF,1,100,0.0000
1738257805.724237,2278767.000,36933,1,SF,1,100,0.0000
1738257806.057251,2279100.000,36985,1,SF,1,100,0.0000
1738257806.390266,2279433.000,37035,1,SF,1,100,0.0000
1738257806.790283,2279833.000,37103,1,SF,1,100,0.0000
1738257807.057295,2280100.000,37152,1,SF,1,100,0.0000
1738257807.390310,2280433.000,37202,1,SF,1,100,0.0000
1738257807.723324,2280766.000,37259,1,SF,1,100,0.0000
1738257808.057339,2281100.000,37309,1,SF,1,100,0.0000
1738257808.457356,2281500.000,37375,1,SF,1,100,0.0000
1738257808.723368,2281766.000,37425,1,SF,1,100,0.0000
1738257809.056382,2282099.000,37475,1,SF,1,100,0.0000
1738257809.390397,2282433.000,37524,1,SF,1,100,0.0000
1738257809.790414,2282833.000,37590,1,SF,1,100,0.0000
1738257810.056426,2283099.000,37641,1,SF,1,100,0.0000
1738257810.390441,2283433.000,37690,1,SF,1,100,0.0000
1738257810.723455,2283766.000,37740,1,SF,1,100,0.0000
1738257811.123473,2284166.000,37808,1,SF,1,100,0.0000
1738257811.390484,2284433.000,37860,1,SF,1,100,0.0000
1738257811.723499,2284766.000,37914,1,SF,1,100,0.0000
1738257812.123516,2285166.000,37980,1,SF,1,100,0.0000
1738257812.390528,2285433.000,38029,1,SF,1,100,0.0000
1738257812.789546,2285832.000,38087,1,SF,1,100,0.0000
1738257813.056557,2286099.000,38136,1,SF,1,100,0.0000
1738257813.389572,2286432.000,38186,1,SF,1,100,0.0000
1738257813.789589,2286832.000,38254,1,SF,1,100,0.0000
1738257814.056601,2287099.000,38304,1,SF,1,100,0.0000
1738257814.389615,2287432.000,38354,1,SF,1,100,0.0000
1738257814.723630,2287766.000,38403,1,SF,1,100,0.0000
1738257815.123647,2288166.000,38471,1,SF,1,100,0.0000
1738257815.389659,2288432.000,38522,1,SF,1,100,0.0000
1738257815.722674,2288765.000,38571,1,SF,1,100,0.0000
1738257816.122691,2289165.000,38639,1,SF,1,100,0.0000
1738257816.389703,2289432.000,38689,1,SF,1,100,0.0000
1738257816.722717,2289765.000,38743,1,SF,1,100,0.0000
1738257817.122735,2290165.000,38809,1,SF,1,100,0.0000
1738257817.456749,2290499.000,38859,1,SF,1,100,0.0000
1738257817.722761,2290765.000,38908,1,SF,1,100,0.0000
1738257818.056776,2291099.000,38962,1,SF,1,100,0.0000
1738257818.389790,2291432.000,39011,1,SF,1,100,0.0000
1738257818.722805,2291765.000,39061,1,SF,1,100,0.0000
1738257819.122822,2292165.000,39129,1,SF,1,100,0.0000
1738257819.389834,2292432.000,39179,1,SF,1,100,0.0000
1738257819.722848,2292765.000,39231,1,SF,1,100,0.0000
1738257820.122866,2293165.000,39297,1,SF,1,100,0.0000
1738257820.455880,2293498.000,39346,1,SF,1,100,0.0000
1738257820.722892,2293765.000,39399,1,SF,1,100,0.0000
1738257821.055907,2294098.000,39448,1,SF,1,100,0.0000
1738257821.455924,2294498.000,39518,1,SF,1,100,0.0000
1738257821.722936,2294765.000,39568,1,SF,1,100,0.0000
1738257822.055950,2295098.000,39619,1,SF,1,100,0.0000
1738257822.455968,2295498.000,39686,1,SF,1,100,0.0000
1738257822.789982,2295832.000,39736,1,SF,1,100,0.0000
1738257823.122997,2296165.000,39792,1,SF,1,100,0.0000
1738257823.389009,2296431.000,39843,1,SF,1,100,0.0000
1738257823.723023,2296765.000,39892,1,SF,1,100,0.0000
1738257824.056038,2297098.000,39944,1,SF,1,100,0.0000
1738257824.456055,2297498.000,40010,1,SF,1,100,0.0000
1738257824.723067,2297765.000,40060,1,SF,1,100,0.0000
1738257825.056081,2298098.000,40112,1,SF,1,100,0.0000
1738257825.456099,2298498.000,40178,1,SF,1,100,0.0000
1738257825.723110,2298765.000,40229,1,SF,1,100,0.0000
1738257826.056125,2299098.000,40282,1,SF,1,100,0.0000
1738257826.389140,2299431.000,40331,1,SF,1,100,0.0000
1738257826.789157,2299831.000,40399,1,SF,1,100,0.0000
1738257827.056169,2300098.000,40451,1,SF,1,100,0.0000
1738257827.389183,2300431.000,40500,1,SF,1,100,0.0000
1738257827.789201,2300831.000,40567,1,SF,1,100,0.0000
1738257828.122215,2301164.000,40624,1,SF,1,100,0.0000
1738257828.456230,2301498.000,40673,1,SF,1,100,0.0000
1738257828.722241,2301764.000,40724,1,SF,1,100,0.0000
1738257829.055256,2302097.000,40773,1,SF,1,100,0.0000
1738257829.455274,2302497.000,40839,1,SF,1,100,0.0000
1738257829.789288,2302831.000,40889,1,SF,1,100,0.0000
1738257830.055300,2303097.000,40939,1,SF,1,100,0.0000
1738257830.389314,2303431.000,40991,1,SF,1,100,0.0000
1738257830.789332,2303831.000,41059,1,SF,1,100,0.0000
1738257831.055343,2304097.000,41108,1,SF,1,100,0.0000
1738257831.389358,2304431.000,41159,1,SF,1,100,0.0000
1738257831.722373,2304764.000,41210,1,SF,1,100,0.0000
1738257832.122390,2305164.000,41276,1,SF,1,100,0.0000
1738257832.389402,2305431.000,41326,1,SF,1,100,0.0000
1738257832.722416,2305764.000,41375,1,SF,1,100,0.0000
1738257833.122434,2306164.000,41441,1,SF,1,100,0.0000
1738257833.388445,2306430.000,41480,1,SF,1,100,0.0000
1738257833.788463,2306830.000,41548,1,SF,1,100,0.0000
1738257834.055475,2307097.000,41599,1,SF,1,100,0.0000
1738257834.388489,2307430.000,41648,1,SF,1,100,0.0000
1738257834.788507,2307830.000,41714,1,SF,1,100,0.0000
1738257835.122521,2308164.000,41764,1,SF,1,100,0.0000
1738257835.388533,2308430.000,41814,1,SF,1,100,0.0000
1738257835.721547,2308763.000,41866,1,SF,1,100,0.0000
1738257836.122565,2309164.000,41932,1,SF,1,100,0.0000
1738257836.388577,2309430.000,41981,1,SF,1,100,0.0000
1738257836.722591,2309764.000,42033,1,SF,1,100,0.0000
1738257837.121608,2310163.000,42100,1,SF,1,100,0.0000
1738257837.455623,2310497.000,42149,1,SF,1,100,0.0000
1738257837.721635,2310763.000,42201,1,SF,1,100,0.0000
1738257838.055649,2311097.000,42250,1,SF,1,100,0.0000
1738257838.388664,2311430.000,42306,1,SF,1,100,0.0000
1738257838.721678,2311763.000,42355,1,SF,1,100,0.0000
1738257839.121696,2312163.000,42421,1,SF,1,100,0.0000
1738257839.388707,2312430.000,42474,1,SF,1,100,0.0000
1738257839.721722,2312763.000,42523,1,SF,1,100,0.0000
1738257840.121739,2313163.000,42589,1,SF,1,100,0.0000
1738257840.388751,2313430.000,42639,1,SF,1,100,0.0000
1738257840.721766,2313763.000,42691,1,SF,1,100,0.0000
1738257841.054780,2314096.000,42741,1,SF,1,100,0.0000
1738257841.454798,2314496.000,42809,1,SF,1,100,0.0000
1738257841.721809,2314763.000,42858,1,SF,1,100,0.0000
1738257842.054824,2315096.000,42910,1,SF,1,100,0.0000
1738257842.454841,2315496.000,42978,1,SF,1,100,0.0000
1738257842.721853,2315763.000,43028,1,SF,1,100,0.0000
1738257843.054868,2316096.000,43078,1,SF,1,100,0.0000
1738257843.387882,2316429.000,43129,1,SF,1,100,0.0000
1738257843.721897,2316763.000,43185,1,SF,1,100,0.0000
1738257844.054911,2317096.000,43234,1,SF,1,100,0.0000
1738257844.454929,2317496.000,43302,1,SF,1,100,0.0000
1738257844.721941,2317763.000,43353,1,SF,1,100,0.0000
1738257845.054955,2318096.000,43402,1,SF,1,100,0.0000
1738257845.454973,2318496.000,43468,1,SF,1,100,0.0000
1738257845.787987,2318829.000,43518,1,SF,1,100,0.0000
1738257846.054999,2319096.000,43570,1,SF,1,100,0.0000
1738257846.388013,2319429.000,43620,1,SF,1,100,0.0000
1738257846.788031,2319829.000,43688,1,SF,1,100,0.0000
1738257847.055043,2320096.000,43739,1,SF,1,100,0.0000
1738257847.388057,2320429.000,43790,1,SF,1,100,0.0000
1738257847.721071,2320762.000,43839,1,SF,1,100,0.0000
1738257848.121089,2321162.000,43905,1,SF,1,100,0.0000
1738257848.388101,2321429.000,43955,1,SF,1,100,0.0000
1738257848.788118,2321829.000,44010,1,SF,1,100,0.0000
1738257849.054130,2322095.000,44060,1,SF,1,100,0.0000
1738257849.388144,2322429.000,44109,1,SF,1,100,0.0000
1738257849.788162,2322829.000,44175,1,SF,1,100,0.0000
1738257850.055173,2323096.000,44228,1,SF,1,100,0.0000
1738257850.388188,2323429.000,44277,1,SF,1,100,0.0000
1738257850.788205,2323829.000,44343,1,SF,1,100,0.0000
1738257851.121220,2324162.000,44393,1,SF,1,100,0.0000
1738257851.388232,2324429.000,44443,1,SF,1,100,0.0000
1738257851.721246,2324762.000,44495,1,SF,1,100,0.0000
1738257852.121264,2325162.000,44563,1,SF,1,100,0.0000
1738257852.388275,2325429.000,44612,1,SF,1,100,0.0000
1738257852.721290,2325762.000,44663,1,SF,1,100,0.0000
1738257853.054304,2326095.000,44712,1,SF,1,100,0.0000
1738257853.454322,2326495.000,44778,1,SF,1,100,0.0000
1738257853.787337,2326828.000,44833,1,SF,1,100,0.0000
1738257854.054348,2327095.000,44883,1,SF,1,100,0.0000
1738257854.387363,2327428.000,44933,1,SF,1,100,0.0000
1738257854.721377,2327762.000,44984,1,SF,1,100,0.0000
1738257855.121395,2328162.000,45050,1,SF,1,100,0.0000
1738257855.387406,2328428.000,45101,1,SF,1,100,0.0000
1738257855.720421,2328761.000,45150,1,SF,1,100,0.0000
1738257856.121439,2329162.000,45216,1,SF,1,100,0.0000
1738257856.454453,2329495.000,45268,1,SF,1,100,0.0000
1738257856.720465,2329761.000,45320,1,SF,1,100,0.0000
1738257857.054479,2330095.000,45370,1,SF,1,100,0.0000
1738257857.454497,2330495.000,45436,1,SF,1,100,0.0000
1738257857.720508,2330761.000,45485,1,SF,1,100,0.0000
1738257858.054523,2331095.000,45536,1,SF,1,100,0.0000
1738257858.387537,2331428.000,45585,1,SF,1,100,0.0000
1738257858.787555,2331828.000,45653,1,SF,1,100,0.0000
1738257859.054567,2332095.000,45690,1,SF,1,100,0.0000
1738257859.453584,2332494.000,45758,1,SF,1,100,0.0000
1738257859.720596,2332761.000,45808,1,SF,1,100,0.0000
1738257860.053610,2333094.000,45857,1,SF,1,100,0.0000
1738257860.453628,2333494.000,45923,1,SF,1,100,0.0000
1738257860.787642,2333828.000,45974,1,SF,1,100,0.0000
1738257861.053654,2334094.000,46025,1,SF,1,100,0.0000
1738257861.387669,2334428.000,46075,1,SF,1,100,0.0000
1738257861.787686,2334828.000,46143,1,SF,1,100,0.0000
1738257862.053698,2335094.000,46193,1,SF,1,100,0.0000
1738257862.386712,2335427.000,46243,1,SF,1,100,0.0000
1738257862.786730,2335827.000,46311,1,SF,1,100,0.0000
1738257863.120744,2336161.000,46360,1,SF,1,100,0.0000
1738257863.386756,2336427.000,46411,1,SF,1,100,0.0000
1738257863.720770,2336761.000,46460,1,SF,1,100,0.0000
1738257864.053785,2337094.000,46517,1,SF,1,100,0.0000
1738257864.386800,2337427.000,46567,1,SF,1,100,0.0000
1738257864.786817,2337827.000,46633,1,SF,1,100,0.0000
1738257865.053829,2338094.000,46685,1,SF,1,100,0.0000
1738257865.386843,2338427.000,46734,1,SF,1,100,0.0000
1738257865.786861,2338827.000,46800,1,SF,1,100,0.0000
1738257866.053872,2339094.000,46851,1,SF,1,100,0.0000
1738257866.386887,2339427.000,46900,1,SF,1,100,0.0000
1738257866.719902,2339760.000,46952,1,SF,1,100,0.0000
1738257867.119919,2340160.000,47018,1,SF,1,100,0.0000
1738257867.386931,2340427.000,47068,1,SF,1,100,0.0000
1738257867.719945,2340760.000,47120,1,SF,1,100,0.0000
1738257868.119963,2341160.000,47186,1,SF,1,100,0.0000
1738257868.453977,2341494.000,47235,1,SF,1,100,0.0000
1738257868.719989,2341760.000,47288,1,SF,1,100,0.0000
1738257869.053003,2342093.000,47337,1,SF,1,100,0.0000
1738257869.387018,2342427.000,47393,1,SF,1,100,0.0000
1738257869.720032,2342760.000,47442,1,SF,1,100,0.0000
1738257870.120050,2343160.000,47508,1,SF,1,100,0.0000
1738257870.453064,2343493.000,47558,1,SF,1,100,0.0000
1738257870.720076,2343760.000,47610,1,SF,1,100,0.0000
1738257871.053091,2344093.000,47660,1,SF,1,100,0.0000
1738257871.453108,2344493.000,47728,1,SF,1,100,0.0000
1738257871.720120,2344760.000,47779,1,SF,1,100,0.0000
1738257872.053134,2345093.000,47829,1,SF,1,100,0.0000
1738257872.453152,2345493.000,47898,1,SF,1,100,0.0000
1738257872.786166,2345826.000,47947,1,SF,1,100,0.0000
1738257873.053178,2346093.000,47997,1,SF,1,100,0.0000
1738257873.386193,2346426.000,48046,1,SF,1,100,0.0000
1738257873.786210,2346826.000,48114,1,SF,1,100,0.0000
1738257874.053222,2347093.000,48165,1,SF,1,100,0.0000
1738257874.453239,2347493.000,48221,1,SF,1,100,0.0000
1738257874.720251,2347760.000,48272,1,SF,1,100,0.0000
1738257875.053266,2348093.000,48321,1,SF,1,100,0.0000
1738257875.386280,2348426.000,48371,1,SF,1,100,0.0000
1738257875.786298,2348826.000,48437,1,SF,1,100,0.0000
1738257876.053309,2349093.000,48487,1,SF,1,100,0.0000
1738257876.386324,2349426.000,48537,1,SF,1,100,0.0000
1738257876.786341,2349826.000,48607,1,SF,1,100,0.0000
1738257877.053353,2350093.000,48656,1,SF,1,100,0.0000
1738257877.386368,2350426.000,48707,1,SF,1,100,0.0000
1738257877.719382,2350759.000,48756,1,SF,1,100,0.0000
1738257878.119400,2351159.000,48822,1,SF,1,100,0.0000
1738257878.386411,2351426.000,48872,1,SF,1,100,0.0000
1738257878.719426,2351759.000,48921,1,SF,1,100,0.0000
1738257879.119443,2352159.000,48989,1,SF,1,100,0.0000
1738257879.452458,2352492.000,49043,1,SF,1,100,0.0000
1738257879.786472,2352826.000,49092,1,SF,1,100,0.0000
1738257880.052484,2353092.000,49143,1,SF,1,100,0.0000
1738257880.386498,2353426.000,49192,1,SF,1,100,0.0000
1738257880.719513,2353759.000,49242,1,SF,1,100,0.0000
1738257881.119530,2354159.000,49310,1,SF,1,100,0.0000
1738257881.386542,2354426.000,49360,1,SF,1,100,0.0000
1738257881.719557,2354759.000,49412,1,SF,1,100,0.0000
1738257882.119574,2355159.000,49478,1,SF,1,100,0.0000
1738257882.386586,2355426.000,49527,1,SF,1,100,0.0000
1738257882.719600,2355759.000,49580,1,SF,1,100,0.0000
1738257883.052615,2356092.000,49629,1,SF,1,100,0.0000
1738257883.452632,2356492.000,49695,1,SF,1,100,0.0000
1738257883.719644,2356759.000,49745,1,SF,1,100,0.0000
1738257884.052659,2357092.000,49794,1,SF,1,100,0.0000
1738257884.452676,2357492.000,49860,1,SF,1,100,0.0000
1738257884.719688,2357759.000,49901,1,SF,1,100,0.0000
1738257885.119705,2358159.000,49967,1,SF,1,100,0.0000
1738257885.385717,2358425.000,50018,1,SF,1,100,0.0000
1738257885.719732,2358759.000,50067,1,SF,1,100,0.0000
1738257886.052746,2359092.000,50117,1,SF,1,100,0.0000
1738257886.452764,2359492.000,50187,1,SF,1,100,0.0000
1738257886.718775,2359758.000,50237,1,SF,1,100,0.0000
1738257887.052790,2360092.000,50287,1,SF,1,100,0.0000
1738257887.452807,2360492.000,50353,1,SF,1,100,0.0000
1738257887.718819,2360758.000,50402,1,SF,1,100,0.0000
1738257888.052833,2361092.000,50453,1,SF,1,100,0.0000
1738257888.385848,2361425.000,50502,1,SF,1,100,0.0000
1738257888.785866,2361825.000,50568,1,SF,1,100,0.0000
1738257889.051877,2362091.000,50618,1,SF,1,100,0.0000
1738257889.385892,2362425.000,50667,1,SF,1,100,0.0000
1738257889.718906,2362758.000,50723,1,SF,1,100,0.0000
1738257890.051921,2363091.000,50772,1,SF,1,100,0.0000
1738257890.451938,2363491.000,50838,1,SF,1,100,0.0000
1738257890.718950,2363758.000,50891,1,SF,1,100,0.0000
1738257891.051965,2364091.000,50940,1,SF,1,100,0.0000
1738257891.385979,2364425.000,50990,1,SF,1,100,0.0000
1738257891.785996,2364825.000,51058,1,SF,1,100,0.0000
1738257892.052008,2365091.000,51110,1,SF,1,100,0.0000
1738257892.386023,2365425.000,51160,1,SF,1,100,0.0000
1738257892.785040,2365824.000,51226,1,SF,1,100,0.0000
1738257893.052052,2366091.000,51275,1,SF,1,100,0.0000
1738257893.385066,2366424.000,51326,1,SF,1,100,0.0000
1738257893.719081,2366758.000,51375,1,SF,1,100,0.0000
1738257894.119098,2367158.000,51441,1,SF,1,100,0.0000
1738257894.385110,2367424.000,51491,1,SF,1,100,0.0000
1738257894.719125,2367758.000,51542,1,SF,1,100,0.0000
1738257895.052139,2368091.000,51598,1,SF,1,100,0.0000
1738257895.385154,2368424.000,51647,1,SF,1,100,0.0000
1738257895.785171,2368824.000,51713,1,SF,1,100,0.0000
1738257896.052183,2369091.000,51764,1,SF,1,100,0.0000
1738257896.385197,2369424.000,51813,1,SF,1,100,0.0000
1738257896.718212,2369757.000,51865,1,SF,1,100,0.0000
1738257897.118229,2370157.000,51931,1,SF,1,100,0.0000
1738257897.385241,2370424.000,51983,1,SF,1,100,0.0000
1738257897.718256,2370757.000,52033,1,SF,1,100,0.0000
1738257898.118273,2371157.000,52099,1,SF,1,100,0.0000
1738257898.385285,2371424.000,52148,1,SF,1,100,0.0000
1738257898.718299,2371757.000,52201,1,SF,1,100,0.0000
1738257899.052314,2372091.000,52250,1,SF,1,100,0.0000
1738257899.452331,2372491.000,52316,1,SF,1,100,0.0000
1738257899.718343,2372757.000,52366,1,SF,1,100,0.0000
1738257900.118361,2373157.000,52421,1,SF,1,100,0.0000
1738257900.385372,2373424.000,52471,1,SF,1,100,0.0000
1738257900.718387,2373757.000,52520,1,SF,1,100,0.0000
1738257901.118404,2374157.000,52586,1,SF,1,100,0.0000
1738257901.385416,2374424.000,52639,1,SF,1,100,0.0000
1738257901.718431,2374757.000,52690,1,SF,1,100,0.0000
1738257902.051445,2375090.000,52740,1,SF,1,100,0.0000
1738257902.451463,2375490.000,52806,1,SF,1,100,0.0000
1738257902.718474,2375757.000,52856,1,SF,1,100,0.0000
1738257903.051489,2376090.000,52906,1,SF,1,100,0.0000
1738257903.451506,2376490.000,52974,1,SF,1,100,0.0000
1738257903.718518,2376757.000,53023,1,SF,1,100,0.0000
1738257904.051532,2377090.000,53076,1,SF,1,100,0.0000
1738257904.384547,2377423.000,53125,1,SF,1,100,0.0000
1738257904.784564,2377823.000,53191,1,SF,1,100,0.0000
1738257905.117579,2378156.000,53246,1,SF,1,100,0.0000
1738257905.451593,2378490.000,53296,1,SF,1,100,0.0000
1738257905.718605,2378757.000,53346,1,SF,1,100,0.0000
1738257906.051620,2379090.000,53395,1,SF,1,100,0.0000
1738257906.451637,2379490.000,53463,1,SF,1,100,0.0000
1738257906.717649,2379756.000,53516,1,SF,1,100,0.0000
1738257907.051663,2380090.000,53565,1,SF,1,100,0.0000
1738257907.451681,2380490.000,53631,1,SF,1,100,0.0000
1738257907.784695,2380823.000,53681,1,SF,1,100,0.0000
1738257908.051707,2381090.000,53731,1,SF,1,100,0.0000
1738257908.384722,2381423.000,53781,1,SF,1,100,0.0000
1738257908.784739,2381823.000,53847,1,SF,1,100,0.0000
1738257909.050751,2382089.000,53896,1,SF,1,100,0.0000
1738257909.384765,2382423.000,53946,1,SF,1,100,0.0000
1738257909.784783,2382823.000,54013,1,SF,1,100,0.0000
1738257910.117797,2383156.000,54062,1,SF,1,100,0.0000
1738257910.384809,2383423.000,54101,1,SF,1,100,0.0000
1738257910.784827,2383823.000,54169,1,SF,1,100,0.0000
1738257911.050838,2384089.000,54219,1,SF,1,100,0.0000
1738257911.384853,2384423.000,54268,1,SF,1,100,0.0000
1738257911.784870,2384823.000,54336,1,SF,1,100,0.0000
1738257912.050882,2385089.000,54387,1,SF,1,100,0.0000
1738257912.383896,2385422.000,54436,1,SF,1,100,0.0000
1738257912.717911,2385756.000,54488,1,SF,1,100,0.0000
1738257913.117929,2386156.000,54554,1,SF,1,100,0.0000
1738257913.383940,2386422.000,54604,1,SF,1,100,0.0000
1738257913.717955,2386756.000,54654,1,SF,1,100,0.0000
1738257914.117972,2387156.000,54720,1,SF,1,100,0.0000
1738257914.383984,2387422.000,54769,1,SF,1,100,0.0000
1738257914.717998,2387756.000,54819,1,SF,1,100,0.0000
1738257915.051013,2388089.000,54869,1,SF,1,100,0.0000
1738257915.384027,2388422.000,54924,1,SF,1,100,0.0000
1738257915.784045,2388822.000,54990,1,SF,1,100,0.0000
1738257916.051057,2389089.000,55040,1,SF,1,100,0.0000
1738257916.384071,2389422.000,55090,1,SF,1,100,0.0000
1738257916.717086,2389755.000,55143,1,SF,1,100,0.0000
1738257917.117103,2390155.000,55209,1,SF,1,100,0.0000
1738257917.384115,2390422.000,55260,1,SF,1,100,0.0000
1738257917.717129,2390755.000,55309,1,SF,1,100,0.0000
1738257918.117147,2391155.000,55375,1,SF,1,100,0.0000
1738257918.384158,2391422.000,55425,1,SF,1,100,0.0000
1738257918.717173,2391755.000,55475,1,SF,1,100,0.0000
1738257919.051188,2392089.000,55525,1,SF,1,100,0.0000
1738257919.451205,2392489.000,55591,1,SF,1,100,0.0000
1738257919.717217,2392755.000,55640,1,SF,1,100,0.0000
1738257920.050231,2393088.000,55690,1,SF,1,100,0.0000
1738257920.517252,2393555.000,55762,1,SF,1,100,0.0000
1738257920.717260,2393755.000,55795,1,SF,1,100,0.0000
1738257921.117278,2394155.000,55861,1,SF,1,100,0.0000
1738257921.384290,2394422.000,55911,1,SF,1,100,0.0000
1738257921.717304,2394755.000,55963,1,SF,1,100,0.0000
1738257922.117321,2395155.000,56029,1,SF,1,100,0.0000
1738257922.450336,2395488.000,56080,1,SF,1,100,0.0000
1738257922.717348,2395755.000,56131,1,SF,1,100,0.0000
1738257923.050362,2396088.000,56180,1,SF,1,100,0.0000
1738257923.450380,2396488.000,56246,1,SF,1,100,0.0000
1738257923.717391,2396755.000,56296,1,SF,1,100,0.0000
1738257924.050406,2397088.000,56346,1,SF,1,100,0.0000
1738257924.383420,2397421.000,56396,1,SF,1,100,0.0000
1738257924.783438,2397821.000,56462,1,SF,1,100,0.0000
1738257925.050450,2398088.000,56511,1,SF,1,100,0.0000
1738257925.383464,2398421.000,56561,1,SF,1,100,0.0000
1738257925.717479,2398755.000,56616,1,SF,1,100,0.0000
1738257926.050493,2399088.000,56666,1,SF,1,100,0.0000
1738257926.450511,2399488.000,56734,1,SF,1,100,0.0000
1738257926.716522,2399754.000,56784,1,SF,1,100,0.0000
1738257927.050537,2400088.000,56834,1,SF,1,100,0.0000
1738257927.383552,2400421.000,56883,1,SF,1,100,0.0000
1738257927.783569,2400821.000,56949,1,SF,1,100,0.0000
1738257928.050581,2401088.000,57000,1,SF,1,100,0.0000
1738257928.383595,2401421.000,57049,1,SF,1,100,0.0000
1738257928.783613,2401821.000,57115,1,SF,1,100,0.0000
1738257929.050624,2402088.000,57165,1,SF,1,100,0.0000
1738257929.383639,2402421.000,57215,1,SF,1,100,0.0000
1738257929.716654,2402754.000,57265,1,SF,1,100,0.0000
1738257930.116671,2403154.000,57331,1,SF,1,100,0.0000
1738257930.383683,2403421.000,57380,1,SF,1,100,0.0000
1738257930.783700,2403821.000,57433,1,SF,1,100,0.0000
1738257931.049712,2404087.000,57482,1,SF,1,100,0.0000
1738257931.383726,2404421.000,57534,1,SF,1,100,0.0000
1738257931.783744,2404821.000,57602,1,SF,1,100,0.0000
1738257932.049756,2405087.000,57652,1,SF,1,100,0.0000
1738257932.383770,2405421.000,57702,1,SF,1,100,0.0000
1738257932.782788,2405820.000,57768,1,SF,1,100,0.0000
1738257933.116802,2406154.000,57817,1,SF,1,100,0.0000
1738257933.382814,2406420.000,57868,1,SF,1,100,0.0000
1738257933.716828,2406754.000,57917,1,SF,1,100,0.0000
1738257934.116846,2407154.000,57983,1,SF,1,100,0.0000
1738257934.382857,2407420.000,58033,1,SF,1,100,0.0000
1738257934.716872,2407754.000,58083,1,SF,1,100,0.0000
1738257935.049886,2408087.000,58133,1,SF,1,100,0.0000
1738257935.449904,2408487.000,58199,1,SF,1,100,0.0000
1738257935.715916,2408753.000,58248,1,SF,1,100,0.0000
1738257936.049930,2409087.000,58304,1,SF,1,100,0.0000
1738257936.382945,2409420.000,58353,1,SF,1,100,0.0000
1738257936.716959,2409754.000,58405,1,SF,1,100,0.0000
1738257937.115977,2410153.000,58473,1,SF,1,100,0.0000
1738257937.382988,2410420.000,58523,1,SF,1,100,0.0000
1738257937.716003,2410753.000,58573,1,SF,1,100,0.0000
1738257938.116020,2411153.000,58641,1,SF,1,100,0.0000
1738257938.383032,2411420.000,58690,1,SF,1,100,0.0000
1738257938.716047,2411753.000,58741,1,SF,1,100,0.0000
1738257939.050061,2412087.000,58790,1,SF,1,100,0.0000
1738257939.449079,2412486.000,58856,1,SF,1,100,0.0000
1738257939.716090,2412753.000,58906,1,SF,1,100,0.0000
1738257940.049105,2413086.000,58955,1,SF,1,100,0.0000
1738257940.449122,2413486.000,59021,1,SF,1,100,0.0000
1738257940.716134,2413753.000,59072,1,SF,1,100,0.0000
1738257941.116152,2414153.000,59128,1,SF,1,100,0.0000
1738257941.383163,2414420.000,59179,1,SF,1,100,0.0000
1738257941.716178,2414753.000,59230,1,SF,1,100,0.0000
1738257942.116195,2415153.000,59296,1,SF,1,100,0.0000
1738257942.449210,2415486.000,59346,1,SF,1,100,0.0000
1738257942.716221,2415753.000,59396,1,SF,1,100,0.0000
1738257943.049236,2416086.000,59448,1,SF,1,100,0.0000
1738257943.449254,2416486.000,59514,1,SF,1,100,0.0000
1738257943.716265,2416753.000,59563,1,SF,1,100,0.0000
1738257944.049280,2417086.000,59615,1,SF,1,100,0.0000
1738257944.449297,2417486.000,59682,1,SF,1,100,0.0000
1738257944.782312,2417819.000,59731,1,SF,1,100,0.0000
1738257945.049323,2418086.000,59781,1,SF,1,100,0.0000
1738257945.382338,2418419.000,59830,1,SF,1,100,0.0000
1738257945.782355,2418819.000,59896,1,SF,1,100,0.0000
1738257946.115370,2419152.000,59952,1,SF,1,100,0.0000
1738257946.449384,2419486.000,60003,1,SF,1,100,0.0000
1738257946.715396,2419752.000,60054,1,SF,1,100,0.0000
1738257947.049411,2420086.000,60103,1,SF,1,100,0.0000
1738257947.382425,2420419.000,60153,1,SF,1,100,0.0000
1738257947.782443,2420819.000,60219,1,SF,1,100,0.0000
1738257948.049454,2421086.000,60269,1,SF,1,100,0.0000
1738257948.382469,2421419.000,60319,1,SF,1,100,0.0000
1738257948.782486,2421819.000,60385,1,SF,1,100,0.0000
1738257949.115501,2422152.000,60434,1,SF,1,100,0.0000
1738257949.382513,2422419.000,60485,1,SF,1,100,0.0000
1738257949.715527,2422752.000,60534,1,SF,1,100,0.0000
1738257950.115545,2423152.000,60600,1,SF,1,100,0.0000
1738257950.382556,2423419.000,60650,1,SF,1,100,0.0000
1738257950.715571,2423752.000,60699,1,SF,1,100,0.0000
1738257951.115588,2424152.000,60766,1,SF,1,100,0.0000
1738257951.382600,2424419.000,60804,1,SF,1,100,0.0000
1738257951.782618,2424819.000,60873,1,SF,1,100,0.0000
1738257952.115632,2425152.000,60923,1,SF,1,100,0.0000
1738257952.382644,2425419.000,60972,1,SF,1,100,0.0000
1738257952.715658,2425752.000,61022,1,SF,1,100,0.0000
1738257953.115676,2426152.000,61088,1,SF,1,100,0.0000
1738257953.381687,2426418.000,61138,1,SF,1,100,0.0000
1738257953.715702,2426752.000,61188,1,SF,1,100,0.0000
1738257954.048717,2427085.000,61237,1,SF,1,100,0.0000
1738257954.448734,2427485.000,61303,1,SF,1,100,0.0000
1738257954.715746,2427752.000,61354,1,SF,1,100,0.0000
1738257955.048760,2428085.000,61403,1,SF,1,100,0.0000
1738257955.448778,2428485.000,61469,1,SF,1,100,0.0000
1738257955.715789,2428752.000,61519,1,SF,1,100,0.0000
1738257956.048804,2429085.000,61569,1,SF,1,100,0.0000
1738257956.381819,2429418.000,61624,1,SF,1,100,0.0000
1738257956.714833,2429751.000,61675,1,SF,1,100,0.0000
1738257957.114851,2430151.000,61741,1,SF,1,100,0.0000
1738257957.381862,2430418.000,61792,1,SF,1,100,0.0000
1738257957.714877,2430751.000,61841,1,SF,1,100,0.0000
1738257958.048891,2431085.000,61891,1,SF,1,100,0.0000
1738257958.448909,2431485.000,61959,1,SF,1,100,0.0000
1738257958.714920,2431751.000,62009,1,SF,1,100,0.0000
1738257959.048935,2432085.000,62061,1,SF,1,100,0.0000
1738257959.448952,2432485.000,62127,1,SF,1,100,0.0000
1738257959.714964,2432751.000,62176,1,SF,1,100,0.0000
1738257960.047979,2433084.000,62227,1,SF,1,100,0.0000
1738257960.381993,2433418.000,62276,1,SF,1,100,0.0000
1738257960.782011,2433818.000,62342,1,SF,1,100,0.0000
1738257961.048022,2434084.000,62392,1,SF,1,100,0.0000
1738257961.382037,2434418.000,62441,1,SF,1,100,0.0000
1738257961.715051,2434751.000,62499,1,SF,1,100,0.0000
1738257962.048066,2435084.000,62548,1,SF,1,100,0.0000
1738257962.448083,2435484.000,62614,1,SF,1,100,0.0000
1738257962.715095,2435751.000,62665,1,SF,1,100,0.0000
1738257963.048110,2436084.000,62714,1,SF,1,100,0.0000
1738257963.448127,2436484.000,62782,1,SF,1,100,0.0000
1738257963.781142,2436817.000,62832,1,SF,1,100,0.0000
1738257964.048153,2437084.000,62882,1,SF,1,100,0.0000
1738257964.381168,2437417.000,62932,1,SF,1,100,0.0000
1738257964.781185,2437817.000,63000,1,SF,1,100,0.0000
1738257965.048197,2438084.000,63049,1,SF,1,100,0.0000
1738257965.381212,2438417.000,63100,1,SF,1,100,0.0000
1738257965.715226,2438751.000,63149,1,SF,1,100,0.0000
1738257966.114244,2439150.000,63215,1,SF,1,100,0.0000
1738257966.381255,2439417.000,63265,1,SF,1,100,0.0000
1738257966.714270,2439750.000,63320,1,SF,1,100,0.0000
1738257967.048285,2440084.000,63370,1,SF,1,100,0.0000
1738257967.381299,2440417.000,63419,1,SF,1,100,0.0000
1738257967.781317,2440817.000,63485,1,SF,1,100,0.0000
1738257968.048328,2441084.000,63536,1,SF,1,100,0.0000
1738257968.381343,2441417.000,63585,1,SF,1,100,0.0000
1738257968.714357,2441750.000,63635,1,SF,1,100,0.0000
1738257969.114375,2442150.000,63701,1,SF,1,100,0.0000
1738257969.381386,2442417.000,63751,1,SF,1,100,0.0000
1738257969.714401,2442750.000,63801,1,SF,1,100,0.0000
1738257970.114418,2443150.000,63867,1,SF,1,100,0.0000
1738257970.447433,2443483.000,63918,1,SF,1,100,0.0000
1738257970.714445,2443750.000,63969,1,SF,1,100,0.0000
1738257971.047459,2444083.000,64018,1,SF,1,100,0.0000
1738257971.447477,2444483.000,64086,1,SF,1,100,0.0000
1738257971.781491,2444817.000,64143,1,SF,1,100,0.0000
1738257972.114506,2445150.000,64193,1,SF,1,100,0.0000
1738257972.381517,2445417.000,64243,1,SF,1,100,0.0000
1738257972.714532,2445750.000,64294,1,SF,1,100,0.0000
1738257973.114549,2446150.000,64361,1,SF,1,100,0.0000
1738257973.447564,2446483.000,64411,1,SF,1,100,0.0000
1738257973.714576,2446750.000,64460,1,SF,1,100,0.0000
1738257974.047590,2447083.000,64510,1,SF,1,100,0.0000
1738257974.447608,2447483.000,64578,1,SF,1,100,0.0000
1738257974.714619,2447750.000,64628,1,SF,1,100,0.0000
1738257975.047634,2448083.000,64678,1,SF,1,100,0.0000
1738257975.380648,2448416.000,64727,1,SF,1,100,0.0000
1738257975.780666,2448816.000,64793,1,SF,1,100,0.0000
1738257976.047678,2449083.000,64846,1,SF,1,100,0.0000
1738257976.380692,2449416.000,64895,1,SF,1,100,0.0000
1738257976.780710,2449816.000,64963,1,SF,1,100,0.0000
1738257977.047721,2450083.000,65000,1,SF,1,100,0.0000
1738257977.447739,2450483.000,65066,1,SF,1,100,0.0000
1738257977.714750,2450750.000,65116,1,SF,1,100,0.0000
1738257978.047765,2451083.000,65166,1,SF,1,100,0.0000
1738257978.380780,2451416.000,65216,1,SF,1,100,0.0000
1738257978.780797,2451816.000,65282,1,SF,1,100,0.0000
1738257979.047809,2452083.000,65331,1,SF,1,100,0.0000
1738257979.380823,2452416.000,65381,1,SF,1,100,0.0000
1738257979.780841,2452816.000,65447,1,SF,1,100,0.0000
1738257980.046852,2453082.000,65497,1,SF,1,100,0.0000
1738257980.380867,2453416.000,11,1,SF,1,100,0.0000
1738257980.713881,2453749.000,60,1,SF,1,100,0.0000
1738257981.113899,2454149.000,126,1,SF,1,100,0.0000
1738257981.380911,2454416.000,177,1,SF,1,100,0.0000
1738257981.713925,2454749.000,230,1,SF,1,100,0.0000
1738257982.113943,2455149.000,303,1,SF,1,100,0.0000
1738257982.380954,2455416.000,355,1,SF,1,100,0.0000
1738257982.713969,2455749.000,405,1,SF,1,100,0.0000
1738257983.046983,2456082.000,455,1,SF,1,100,0.0000
1738257983.447001,2456482.000,521,1,SF,1,100,0.0000
1738257983.714012,2456749.000,570,1,SF,1,100,0.0000
1738257984.047027,2457082.000,620,1,SF,1,100,0.0000
1738257984.447045,2457482.000,687,1,SF,1,100,0.0000
1738257984.780059,2457815.000,736,1,SF,1,100,0.0000
1738257985.047071,2458082.000,786,1,SF,1,100,0.0000
1738257985.380085,2458415.000,835,1,SF,1,100,0.0000
1738257985.780103,2458815.000,901,1,SF,1,100,0.0000
1738257986.047114,2459082.000,952,1,SF,1,100,0.0000
1738257986.380129,2459415.000,1001,1,SF,1,100,0.0000
1738257986.713144,2459748.000,1053,1,SF,1,100,0.0000
1738257987.113161,2460148.000,1126,1,SF,1,100,0.0000
1738257987.380173,2460415.000,1176,1,SF,1,100,0.0000
1738257987.713187,2460748.000,1226,1,SF,1,100,0.0000
1738257988.113205,2461148.000,1292,1,SF,1,100,0.0000
1738257988.380216,2461415.000,1341,1,SF,1,100,0.0000
1738257988.713231,2461748.000,1394,1,SF,1,100,0.0000
1738257989.046245,2462081.000,1443,1,SF,1,100,0.0000
1738257989.446263,2462481.000,1509,1,SF,1,100,0.0000
1738257989.713274,2462748.000,1559,1,SF,1,100,0.0000
1738257990.046289,2463081.000,1609,1,SF,1,100,0.0000
1738257990.380304,2463415.000,1659,1,SF,1,100,0.0000
1738257990.780321,2463815.000,1725,1,SF,1,100,0.0000
1738257991.046333,2464081.000,1774,1,SF,1,100,0.0000
1738257991.380347,2464415.000,1824,1,SF,1,100,0.0000
1738257991.780365,2464815.000,1892,1,SF,1,100,0.0000
1738257992.046376,2465081.000,1942,1,SF,1,100,0.0000
1738257992.380391,2465415.000,1997,1,SF,1,100,0.0000
1738257992.713406,2465748.000,2046,1,SF,1,100,0.0000
1738257993.113423,2466148.000,2112,1,SF,1,100,0.0000
1738257993.380435,2466415.000,2163,1,SF,1,100,0.0000
1738257993.713449,2466748.000,2212,1,SF,1,100,0.0000
1738257994.046464,2467081.000,2262,1,SF,1,100,0.0000
1738257994.446481,2467481.000,2328,1,SF,1,100,0.0000
1738257994.713493,2467748.000,2378,1,SF,1,100,0.0000
1738257995.046508,2468081.000,2428,1,SF,1,100,0.0000
1738257995.446525,2468481.000,2494,1,SF,1,100,0.0000
1738257995.713537,2468748.000,2543,1,SF,1,100,0.0000
1738257996.046551,2469081.000,2594,1,SF,1,100,0.0000
1738257996.379566,2469414.000,2643,1,SF,1,100,0.0000
1738257996.779583,2469814.000,2711,1,SF,1,100,0.0000
1738257997.046595,2470081.000,2763,1,SF,1,100,0.0000
1738257997.446612,2470481.000,2816,1,SF,1,100,0.0000
1738257997.712624,2470747.000,2865,1,SF,1,100,0.0000
1738257998.046639,2471081.000,2915,1,SF,1,100,0.0000
1738257998.446656,2471481.000,2981,1,SF,1,100,0.0000
1738257998.712668,2471747.000,3031,1,SF,1,100,0.0000
1738257999.045682,2472080.000,3081,1,SF,1,100,0.0000
1738257999.446700,2472481.000,3147,1,SF,1,100,0.0000
1738257999.779714,2472814.000,3196,1,SF,1,100,0.0000
1738258000.045726,2473080.000,3247,1,SF,1,100,0.0000
1738258000.379740,2473414.000,3296,1,SF,1,100,0.0000
1738258000.779758,2473814.000,3362,1,SF,1,100,0.0000
1738258001.045770,2474080.000,3414,1,SF,1,100,0.0000
1738258001.379784,2474414.000,3463,1,SF,1,100,0.0000
1738258001.779802,2474814.000,3532,1,SF,1,100,0.0000
1738258002.112816,2475147.000,3582,1,SF,1,100,0.0000
1738258002.378828,2475413.000,3631,1,SF,1,100,0.0000
1738258002.712842,2475747.000,3690,1,SF,1,100,0.0000
1738258003.112860,2476147.000,3756,1,SF,1,100,0.0000
1738258003.378871,2476413.000,3806,1,SF,1,100,0.0000
1738258003.712886,2476747.000,3856,1,SF,1,100,0.0000
1738258004.112904,2477147.000,3922,1,SF,1,100,0.0000
1738258004.445918,2477480.000,3971,1,SF,1,100,0.0000
1738258004.712930,2477747.000,4022,1,SF,1,100,0.0000
1738258005.045944,2478080.000,4071,1,SF,1,100,0.0000
1738258005.445962,2478480.000,4137,1,SF,1,100,0.0000
1738258005.712974,2478747.000,4187,1,SF,1,100,0.0000
1738258006.045988,2479080.000,4236,1,SF,1,100,0.0000
1738258006.446006,2479480.000,4305,1,SF,1,100,0.0000
1738258006.779020,2479813.000,4355,1,SF,1,100,0.0000
1738258007.046032,2480080.000,4404,1,SF,1,100,0.0000
1738258007.379046,2480413.000,4454,1,SF,1,100,0.0000
1738258007.779064,2480813.000,4525,1,SF,1,100,0.0000
1738258008.046075,2481080.000,4575,1,SF,1,100,0.0000
1738258008.379090,2481413.000,4625,1,SF,1,100,0.0000
1738258008.779108,2481813.000,4691,1,SF,1,100,0.0000
1738258009.112122,2482146.000,4740,1,SF,1,100,0.0000
1738258009.379134,2482413.000,4793,1,SF,1,100,0.0000
1738258009.712148,2482746.000,4842,1,SF,1,100,0.0000
1738258010.112166,2483146.000,4910,1,SF,1,100,0.0000
1738258010.379177,2483413.000,4960,1,SF,1,100,0.0000
1738258010.712192,2483746.000,5009,1,SF,1,100,0.0000
1738258011.112209,2484146.000,5076,1,SF,1,100,0.0000
1738258011.445224,2484479.000,5128,1,SF,1,100,0.0000
1738258011.712236,2484746.000,5177,1,SF,1,100,0.0000
1738258012.045250,2485079.000,5229,1,SF,1,100,0.0000
1738258012.445268,2485479.000,5295,1,SF,1,100,0.0000
1738258012.712279,2485746.000,5350,1,SF,1,100,0.0000
1738258013.045294,2486079.000,5400,1,SF,1,100,0.0000
1738258013.445311,2486479.000,5466,1,SF,1,100,0.0000
1738258013.778326,2486812.000,5515,1,SF,1,100,0.0000
1738258014.045337,2487079.000,5566,1,SF,1,100,0.0000
1738258014.378352,2487412.000,5617,1,SF,1,100,0.0000
1738258014.778370,2487812.000,5683,1,SF,1,100,0.0000
1738258015.045381,2488079.000,5733,1,SF,1,100,0.0000
1738258015.378396,2488412.000,5783,1,SF,1,100,0.0000
1738258015.712410,2488746.000,5833,1,SF,1,100,0.0000
1738258016.111428,2489145.000,5901,1,SF,1,100,0.0000
1738258016.378439,2489412.000,5950,1,SF,1,100,0.0000
1738258016.711454,2489745.000,6002,1,SF,1,100,0.0000
1738258017.111471,2490145.000,6068,1,SF,1,100,0.0000
1738258017.378483,2490412.000,6118,1,SF,1,100,0.0000
1738258017.711498,2490745.000,6168,1,SF,1,100,0.0000
1738258018.111515,2491145.000,6222,1,SF,1,100,0.0000
1738258018.378527,2491412.000,6271,1,SF,1,100,0.0000
1738258018.711541,2491745.000,6322,1,SF,1,100,0.0000
1738258019.045556,2492079.000,6371,1,SF,1,100,0.0000
1738258019.445573,2492479.000,6437,1,SF,1,100,0.0000
1738258019.711585,2492745.000,6487,1,SF,1,100,0.0000
1738258020.044600,2493078.000,6536,1,SF,1,100,0.0000
1738258020.444617,2493478.000,6605,1,SF,1,100,0.0000
1738258020.778632,2493812.000,6655,1,SF,1,100,0.0000
1738258021.044643,2494078.000,6704,1,SF,1,100,0.0000
1738258021.378658,2494412.000,6754,1,SF,1,100,0.0000
1738258021.778675,2494812.000,6822,1,SF,1,100,0.0000
1738258022.044687,2495078.000,6872,1,SF,1,100,0.0000
1738258022.377702,2495411.000,6922,1,SF,1,100,0.0000
1738258022.777719,2495811.000,6988,1,SF,1,100,0.0000
1738258023.111734,2496145.000,7044,1,SF,1,100,0.0000
1738258023.377745,2496411.000,7095,1,SF,1,100,0.0000
1738258023.711760,2496745.000,7144,1,SF,1,100,0.0000
1738258024.111777,2497145.000,7210,1,SF,1,100,0.0000
1738258024.377789,2497411.000,7262,1,SF,1,100,0.0000
1738258024.711803,2497745.000,7311,1,SF,1,100,0.0000
1738258025.111821,2498145.000,7378,1,SF,1,100,0.0000
1738258025.444835,2498478.000,7428,1,SF,1,100,0.0000
1738258025.711847,2498745.000,7477,1,SF,1,100,0.0000
1738258026.044862,2499078.000,7527,1,SF,1,100,0.0000
1738258026.444879,2499478.000,7595,1,SF,1,100,0.0000
1738258026.710891,2499744.000,7645,1,SF,1,100,0.0000
1738258027.044905,2500078.000,7695,1,SF,1,100,0.0000
1738258027.444923,2500478.000,7761,1,SF,1,100,0.0000
1738258027.777937,2500811.000,7810,1,SF,1,100,0.0000
1738258028.044949,2501078.000,7866,1,SF,1,100,0.0000
1738258028.377964,2501411.000,7915,1,SF,1,100,0.0000
1738258028.777981,2501811.000,7981,1,SF,1,100,0.0000
1738258029.044993,2502078.000,8031,1,SF,1,100,0.0000
1738258029.378007,2502411.000,8081,1,SF,1,100,0.0000
1738258029.711022,2502744.000,8131,1,SF,1,100,0.0000
1738258030.111039,2503144.000,8197,1,SF,1,100,0.0000
1738258030.378051,2503411.000,8246,1,SF,1,100,0.0000
1738258030.711066,2503744.000,8296,1,SF,1,100,0.0000
1738258031.111083,2504144.000,8362,1,SF,1,100,0.0000
1738258031.378095,2504411.000,8412,1,SF,1,100,0.0000
1738258031.711109,2504744.000,8464,1,SF,1,100,0.0000
1738258032.044124,2505077.000,8513,1,SF,1,100,0.0000
1738258032.444141,2505477.000,8579,1,SF,1,100,0.0000
1738258032.711153,2505744.000,8630,1,SF,1,100,0.0000
1738258033.044168,2506077.000,8679,1,SF,1,100,0.0000
1738258033.444185,2506477.000,8750,1,SF,1,100,0.0000
1738258033.711197,2506744.000,8800,1,SF,1,100,0.0000
1738258034.044211,2507077.000,8850,1,SF,1,100,0.0000
1738258034.444229,2507477.000,8916,1,SF,1,100,0.0000
1738258034.777243,2507810.000,8966,1,SF,1,100,0.0000
1738258035.044255,2508077.000,9015,1,SF,1,100,0.0000
1738258035.377270,2508410.000,9065,1,SF,1,100,0.0000
1738258035.777287,2508810.000,9131,1,SF,1,100,0.0000
1738258036.044299,2509077.000,9181,1,SF,1,100,0.0000
1738258036.377313,2509410.000,9231,1,SF,1,100,0.0000
1738258036.710328,2509743.000,9282,1,SF,1,100,0.0000
1738258037.110345,2510143.000,9348,1,SF,1,100,0.0000
1738258037.377357,2510410.000,9399,1,SF,1,100,0.0000
1738258037.710371,2510743.000,9448,1,SF,1,100,0.0000
1738258038.110389,2511143.000,9514,1,SF,1,100,0.0000
1738258038.377400,2511410.000,9569,1,SF,1,100,0.0000
1738258038.710415,2511743.000,9619,1,SF,1,100,0.0000
1738258039.043430,2512076.000,9669,1,SF,1,100,0.0000
1738258039.443447,2512476.000,9735,1,SF,1,100,0.0000
1738258039.710459,2512743.000,9784,1,SF,1,100,0.0000
1738258040.043473,2513076.000,9837,1,SF,1,100,0.0000
1738258040.377488,2513410.000,9886,1,SF,1,100,0.0000
1738258040.777505,2513810.000,9952,1,SF,1,100,0.0000
1738258041.043517,2514076.000,10002,1,SF,1,100,0.0000
1738258041.377532,2514410.000,10051,1,SF,1,100,0.0000
1738258041.777549,2514810.000,10119,1,SF,1,100,0.0000
1738258042.043561,2515076.000,10170,1,SF,1,100,0.0000
1738258042.376575,2515409.000,10219,1,SF,1,100,0.0000
1738258042.710590,2515743.000,10269,1,SF,1,100,0.0000
1738258043.110607,2516143.000,10335,1,SF,1,100,0.0000
1738258043.510625,2516543.000,10393,1,SF,1,100,0.0000
1738258043.710634,2516743.000,10427,1,SF,1,100,0.0000
1738258044.110651,2517143.000,10493,1,SF,1,100,0.0000
1738258044.376662,2517409.000,10542,1,SF,1,100,0.0000
1738258044.710677,2517743.000,10593,1,SF,1,100,0.0000
1738258045.043692,2518076.000,10642,1,SF,1,100,0.0000
1738258045.443709,2518476.000,10708,1,SF,1,100,0.0000
1738258045.710721,2518743.000,10758,1,SF,1,100,0.0000
1738258046.043736,2519076.000,10807,1,SF,1,100,0.0000
1738258046.443753,2519476.000,10876,1,SF,1,100,0.0000
1738258046.776767,2519809.000,10928,1,SF,1,100,0.0000
1738258047.043779,2520076.000,10977,1,SF,1,100,0.0000
1738258047.376794,2520409.000,11027,1,SF,1,100,0.0000
1738258047.776811,2520809.000,11093,1,SF,1,100,0.0000
1738258048.043823,2521076.000,11143,1,SF,1,100,0.0000
1738258048.376837,2521409.000,11193,1,SF,1,100,0.0000
1738258048.709852,2521742.000,11247,1,SF,1,100,0.0000
1738258049.109869,2522142.000,11313,1,SF,1,100,0.0000
1738258049.376881,2522409.000,11364,1,SF,1,100,0.0000
1738258049.709896,2522742.000,11413,1,SF,1,100,0.0000
1738258050.109913,2523142.000,11479,1,SF,1,100,0.0000
1738258050.376925,2523409.000,11529,1,SF,1,100,0.0000
1738258050.709939,2523742.000,11579,1,SF,1,100,0.0000
1738258051.042954,2524075.000,11629,1,SF,1,100,0.0000
1738258051.442971,2524475.000,11697,1,SF,1,100,0.0000
1738258051.709983,2524742.000,11746,1,SF,1,100,0.0000
1738258052.042998,2525075.000,11798,1,SF,1,100,0.0000
1738258052.443015,2525475.000,11864,1,SF,1,100,0.0000
1738258052.710027,2525742.000,11914,1,SF,1,100,0.0000
1738258053.043041,2526075.000,11964,1,SF,1,100,0.0000
1738258053.376056,2526408.000,12013,1,SF,1,100,0.0000
1738258053.776073,2526808.000,12084,1,SF,1,100,0.0000
1738258054.043085,2527075.000,12135,1,SF,1,100,0.0000
1738258054.376099,2527408.000,12184,1,SF,1,100,0.0000
1738258054.776117,2527808.000,12250,1,SF,1,100,0.0000
1738258055.110132,2528142.000,12300,1,SF,1,100,0.0000
1738258055.376143,2528408.000,12350,1,SF,1,100,0.0000
1738258055.710158,2528742.000,12400,1,SF,1,100,0.0000
1738258056.110175,2529142.000,12466,1,SF,1,100,0.0000
1738258056.376187,2529408.000,12515,1,SF,1,100,0.0000
1738258056.709201,2529741.000,12567,1,SF,1,100,0.0000
1738258057.109219,2530141.000,12634,1,SF,1,100,0.0000
1738258057.443233,2530475.000,12685,1,SF,1,100,0.0000
1738258057.709245,2530741.000,12735,1,SF,1,100,0.0000
1738258058.043260,2531075.000,12784,1,SF,1,100,0.0000
1738258058.443277,2531475.000,12850,1,SF,1,100,0.0000
1738258058.776292,2531808.000,12906,1,SF,1,100,0.0000
1738258059.042303,2532074.000,12957,1,SF,1,100,0.0000
1738258059.376318,2532408.000,13007,1,SF,1,100,0.0000
1738258059.776335,2532808.000,13073,1,SF,1,100,0.0000
1738258060.042347,2533074.000,13123,1,SF,1,100,0.0000
1738258060.376362,2533408.000,13173,1,SF,1,100,0.0000
1738258060.709376,2533741.000,13224,1,SF,1,100,0.0000
1738258061.109394,2534141.000,13290,1,SF,1,100,0.0000
1738258061.376405,2534408.000,13341,1,SF,1,100,0.0000
1738258061.709420,2534741.000,13392,1,SF,1,100,0.0000
1738258062.042434,2535074.000,13442,1,SF,1,100,0.0000
1738258062.442452,2535474.000,13508,1,SF,1,100,0.0000
1738258062.709463,2535741.000,13560,1,SF,1,100,0.0000
1738258063.042478,2536074.000,13610,1,SF,1,100,0.0000
1738258063.442496,2536474.000,13676,1,SF,1,100,0.0000
1738258063.709507,2536741.000,13725,1,SF,1,100,0.0000
1738258064.109525,2537141.000,13779,1,SF,1,100,0.0000
1738258064.375536,2537407.000,13828,1,SF,1,100,0.0000
1738258064.709551,2537741.000,13878,1,SF,1,100,0.0000
1738258065.109568,2538141.000,13944,1,SF,1,100,0.0000
1738258065.375580,2538407.000,13994,1,SF,1,100,0.0000
1738258065.709594,2538741.000,14046,1,SF,1,100,0.0000
1738258066.042609,2539074.000,14095,1,SF,1,100,0.0000
1738258066.442626,2539474.000,14163,1,SF,1,100,0.0000
1738258066.708638,2539740.000,14214,1,SF,1,100,0.0000
1738258067.042653,2540074.000,14263,1,SF,1,100,0.0000
1738258067.442670,2540474.000,14331,1,SF,1,100,0.0000
1738258067.775685,2540807.000,14381,1,SF,1,100,0.0000
1738258068.042696,2541074.000,14431,1,SF,1,100,0.0000
1738258068.375711,2541407.000,14481,1,SF,1,100,0.0000
1738258068.775728,2541807.000,14547,1,SF,1,100,0.0000
1738258069.108743,2542140.000,14602,1,SF,1,100,0.0000
1738258069.441758,2542473.000,14652,1,SF,1,100,0.0000
1738258069.708769,2542740.000,14702,1,SF,1,100,0.0000
1738258070.041784,2543073.000,14751,1,SF,1,100,0.0000
1738258070.441801,2543473.000,14817,1,SF,1,100,0.0000
1738258070.708813,2543740.000,14870,1,SF,1,100,0.0000
1738258071.041827,2544073.000,14919,1,SF,1,100,0.0000
1738258071.441845,2544473.000,14989,1,SF,1,100,0.0000
1738258071.775860,2544807.000,15039,1,SF,1,100,0.0000
1738258072.041871,2545073.000,15091,1,SF,1,100,0.0000
1738258072.375886,2545407.000,15141,1,SF,1,100,0.0000
1738258072.774903,2545806.000,15209,1,SF,1,100,0.0000
1738258073.041915,2546073.000,15258,1,SF,1,100,0.0000
1738258073.374929,2546406.000,15309,1,SF,1,100,0.0000
1738258073.774947,2546806.000,15377,1,SF,1,100,0.0000
1738258074.108962,2547140.000,15426,1,SF,1,100,0.0000
1738258074.441976,2547473.000,15477,1,SF,1,100,0.0000
1738258074.708988,2547740.000,15527,1,SF,1,100,0.0000
1738258075.042002,2548073.000,15577,1,SF,1,100,0.0000
1738258075.375017,2548406.000,15626,1,SF,1,100,0.0000
1738258075.775034,2548806.000,15692,1,SF,1,100,0.0000
1738258076.042046,2549073.000,15743,1,SF,1,100,0.0000
1738258076.375061,2549406.000,15792,1,SF,1,100,0.0000
1738258076.775078,2549806.000,15860,1,SF,1,100,0.0000
1738258077.042090,2550073.000,15910,1,SF,1,100,0.0000
1738258077.375104,2550406.000,15960,1,SF,1,100,0.0000
1738258077.708119,2550739.000,16010,1,SF,1,100,0.0000
1738258078.108136,2551139.000,16076,1,SF,1,100,0.0000
1738258078.375148,2551406.000,16125,1,SF,1,100,0.0000
1738258078.708162,2551739.000,16175,1,SF,1,100,0.0000
1738258079.108180,2552139.000,16243,1,SF,1,100,0.0000
1738258079.375191,2552406.000,16293,1,SF,1,100,0.0000
1738258079.708206,2552739.000,16343,1,SF,1,100,0.0000
1738258080.041221,2553072.000,16392,1,SF,1,100,0.0000
1738258080.441238,2553472.000,16458,1,SF,1,100,0.0000
1738258080.708250,2553739.000,16509,1,SF,1,100,0.0000
1738258081.041264,2554072.000,16558,1,SF,1,100,0.0000
1738258081.441282,2554472.000,16626,1,SF,1,100,0.0000
1738258081.708293,2554739.000,16676,1,SF,1,100,0.0000
1738258082.041308,2555072.000,16726,1,SF,1,100,0.0000
1738258082.374323,2555405.000,16776,1,SF,1,100,0.0000
1738258082.774340,2555805.000,16842,1,SF,1,100,0.0000
1738258083.041352,2556072.000,16891,1,SF,1,100,0.0000
1738258083.374366,2556405.000,16941,1,SF,1,100,0.0000
1738258083.774384,2556805.000,17007,1,SF,1,100,0.0000
1738258084.041395,2557072.000,17057,1,SF,1,100,0.0000
1738258084.374410,2557405.000,17107,1,SF,1,100,0.0000
1738258084.774427,2557805.000,17173,1,SF,1,100,0.0000
1738258085.108442,2558139.000,17222,1,SF,1,100,0.0000
1738258085.374454,2558405.000,17273,1,SF,1,100,0.0000
1738258085.707468,2558738.000,17322,1,SF,1,100,0.0000
1738258086.107486,2559138.000,17388,1,SF,1,100,0.0000
1738258086.374497,2559405.000,17438,1,SF,1,100,0.0000
1738258086.707512,2559738.000,17490,1,SF,1,100,0.0000
1738258087.107529,2560138.000,17556,1,SF,1,100,0.0000
1738258087.441544,2560472.000,17606,1,SF,1,100,0.0000
1738258087.707556,2560738.000,17655,1,SF,1,100,0.0000
1738258088.041570,2561072.000,17705,1,SF,1,100,0.0000
1738258088.441588,2561472.000,17771,1,SF,1,100,0.0000
1738258088.707599,2561738.000,17821,1,SF,1,100,0.0000
1738258089.040614,2562071.000,17871,1,SF,1,100,0.0000
1738258089.440631,2562471.000,17937,1,SF,1,100,0.0000
1738258089.774646,2562805.000,17986,1,SF,1,100,0.0000
1738258090.040658,2563071.000,18037,1,SF,1,100,0.0000
1738258090.374672,2563405.000,18086,1,SF,1,100,0.0000
1738258090.774689,2563805.000,18154,1,SF,1,100,0.0000
1738258091.040701,2564071.000,18204,1,SF,1,100,0.0000
1738258091.374716,2564405.000,18253,1,SF,1,100,0.0000
1738258091.774733,2564805.000,18322,1,SF,1,100,0.0000
1738258092.107748,2565138.000,18372,1,SF,1,100,0.0000
1738258092.373760,2565404.000,18421,1,SF,1,100,0.0000
1738258092.707774,2565738.000,18473,1,SF,1,100,0.0000
1738258093.107791,2566138.000,18539,1,SF,1,100,0.0000
1738258093.373803,2566404.000,18589,1,SF,1,100,0.0000
1738258093.707818,2566738.000,18639,1,SF,1,100,0.0000
1738258094.107835,2567138.000,18707,1,SF,1,100,0.0000
1738258094.373847,2567404.000,18756,1,SF,1,100,0.0000
1738258094.707861,2567738.000,18809,1,SF,1,100,0.0000
1738258095.040876,2568071.000,18858,1,SF,1,100,0.0000
1738258095.440893,2568471.000,18924,1,SF,1,100,0.0000
1738258095.706905,2568737.000,18974,1,SF,1,100,0.0000
1738258096.040920,2569071.000,19023,1,SF,1,100,0.0000
1738258096.440937,2569471.000,19093,1,SF,1,100,0.0000
1738258096.706949,2569737.000,19144,1,SF,1,100,0.0000
1738258097.040963,2570071.000,19193,1,SF,1,100,0.0000
1738258097.373978,2570404.000,19245,1,SF,1,100,0.0000
1738258097.773995,2570804.000,19311,1,SF,1,100,0.0000
1738258098.041007,2571071.000,19361,1,SF,1,100,0.0000
1738258098.374022,2571404.000,19411,1,SF,1,100,0.0000
1738258098.774039,2571804.000,19479,1,SF,1,100,0.0000
1738258099.040051,2572070.000,19528,1,SF,1,100,0.0000
1738258099.374065,2572404.000,19579,1,SF,1,100,0.0000
1738258099.707080,2572737.000,19630,1,SF,1,100,0.0000
1738258100.107097,2573137.000,19696,1,SF,1,100,0.0000
1738258100.374109,2573404.000,19746,1,SF,1,100,0.0000
1738258100.707124,2573737.000,19795,1,SF,1,100,0.0000
1738258101.107141,2574137.000,19864,1,SF,1,100,0.0000
1738258101.374153,2574404.000,19914,1,SF,1,100,0.0000
1738258101.707167,2574737.000,19965,1,SF,1,100,0.0000
1738258102.040182,2575070.000,20015,1,SF,1,100,0.0000
1738258102.440199,2575470.000,20081,1,SF,1,100,0.0000
1738258102.707211,2575737.000,20131,1,SF,1,100,0.0000
1738258103.040225,2576070.000,20181,1,SF,1,100,0.0000
1738258103.440243,2576470.000,20247,1,SF,1,100,0.0000
1738258103.707254,2576737.000,20296,1,SF,1,100,0.0000
1738258104.040269,2577070.000,20347,1,SF,1,100,0.0000
1738258104.373284,2577403.000,20396,1,SF,1,100,0.0000
1738258104.773301,2577803.000,20458,1,SF,1,100,0.0000
1738258105.040313,2578070.000,20505,1,SF,1,100,0.0000
1738258105.373327,2578403.000,20557,1,SF,1,100,4.1645
1738258105.773345,2578803.000,20621,1,SF,1,100,6.1986
1738258106.040356,2579070.000,20671,1,SF,1,100,8.2091
1738258106.373371,2579403.000,20719,1,SF,1,100,10.1964
1738258106.706386,2579736.000,20768,1,SF,1,100,10.0785
1738258107.106403,2580136.000,20830,1,SF,1,100,9.9619
1738258107.373415,2580403.000,20879,1,SF,1,100,11.9289
1738258107.706429,2580736.000,20926,1,SF,1,100,11.7909
1738258108.106447,2581136.000,20990,1,SF,1,100,11.6545
1738258108.373458,2581403.000,21038,1,SF,1,100,13.6019
1738258108.706473,2581736.000,21086,1,SF,1,100,13.4446
1738258109.039487,2582069.000,21134,1,SF,1,100,13.2891
1738258109.439505,2582469.000,21198,1,SF,1,100,15.2176
1738258109.706517,2582736.000,21249,1,SF,1,100,19.2060
1738258110.039531,2583069.000,21297,1,SF,1,100,18.9839
1738258110.439548,2583469.000,21361,1,SF,1,100,20.8465
1738258110.706560,2583736.000,21411,1,SF,1,100,20.6054
1738258111.039575,2584069.000,21457,1,SF,1,100,20.3670
1738258111.439592,2584469.000,21523,1,SF,1,100,22.2136
1738258111.773607,2584803.000,21574,1,SF,1,100,24.0389
1738258112.039618,2585069.000,21625,1,SF,1,100,27.9253
1738258112.372633,2585402.000,21672,1,SF,1,100,27.6023
1738258112.772650,2585802.000,21738,1,SF,1,100,29.3652
1738258113.039662,2586069.000,21788,1,SF,1,100,33.1901
1738258113.372677,2586402.000,21837,1,SF,1,100,32.8061
1738258113.772694,2586802.000,21904,1,SF,1,100,36.5911
1738258114.106709,2587136.000,21950,1,SF,1,100,36.1678
1738258114.372720,2587402.000,21999,1,SF,1,100,37.8317
1738258114.706735,2587736.000,22047,1,SF,1,100,39.4763
1738258115.106752,2588136.000,22113,1,SF,1,100,41.1019
1738258115.372764,2588402.000,22163,1,SF,1,100,42.7087
1738258115.705779,2588735.000,22209,1,SF,1,100,42.2146
1738258116.105796,2589135.000,22273,1,SF,1,100,41.7263
1738258116.439811,2589469.000,22324,1,SF,1,100,43.3258
1738258116.705822,2589735.000,22373,1,SF,1,100,42.8246
1738258117.039837,2590069.000,22422,1,SF,1,100,44.4115
1738258117.439854,2590469.000,22484,1,SF,1,100,43.8977
1738258117.705866,2590735.000,22532,1,SF,1,100,45.4722
1738258118.039881,2591069.000,22585,1,SF,1,100,49.1106
1738258118.439898,2591469.000,22648,1,SF,1,100,48.5425
1738258118.705910,2591735.000,22696,1,SF,1,100,50.0632
1738258119.038924,2592068.000,22747,1,SF,1,100,53.6486
1738258119.372939,2592402.000,22795,1,SF,1,100,55.1103
1738258119.772956,2592802.000,22857,1,SF,1,100,54.4727
1738258120.038968,2593068.000,22909,1,SF,1,100,55.9248
1738258120.372983,2593402.000,22957,1,SF,1,100,57.3601
1738258120.773000,2593802.000,23019,1,SF,1,100,56.6966
1738258121.039012,2594068.000,23070,1,SF,1,100,58.1230
1738258121.373026,2594402.000,23117,1,SF,1,100,57.4506
1738258121.706041,2594735.000,23168,1,SF,1,100,56.7860
1738258122.106058,2595135.000,23232,1,SF,1,100,58.2114
1738258122.372070,2595401.000,23280,1,SF,1,100,59.6202
1738258122.706084,2595735.000,23329,1,SF,1,100,61.0128
1738258123.106102,2596135.000,23391,1,SF,1,100,60.3070
1738258123.372113,2596401.000,23440,1,SF,1,100,61.6916
1738258123.706128,2596735.000,23487,1,SF,1,100,60.9780
1738258124.039143,2597068.000,23535,1,SF,1,100,62.3548
1738258124.439160,2597468.000,23599,1,SF,1,100,61.6335
1738258124.706172,2597735.000,23651,1,SF,1,100,63.0028
1738258125.039186,2598068.000,23697,1,SF,1,100,62.2739
1738258125.439204,2598468.000,23763,1,SF,1,100,63.6358
1738258125.706216,2598735.000,23812,1,SF,1,100,64.9819
1738258126.039230,2599068.000,23859,1,SF,1,100,64.2302
1738258126.372245,2599401.000,23908,1,SF,1,100,65.5694
1738258126.772262,2599801.000,23974,1,SF,1,100,66.8932
1738258127.039274,2600068.000,24020,1,SF,1,100,66.1193
1738258127.372288,2600401.000,24071,1,SF,1,100,67.4367
1738258127.772306,2600801.000,24133,1,SF,1,100,66.6566
1738258128.039317,2601068.000,24182,1,SF,1,100,65.8855
1738258128.372332,2601401.000,24229,1,SF,1,100,65.1233
1738258128.705347,2601734.000,24281,1,SF,1,100,68.5345
1738258129.105364,2602134.000,24345,1,SF,1,100,67.7417
1738258129.372376,2602401.000,24397,1,SF,1,100,71.1226
1738258129.705390,2602734.000,24445,1,SF,1,100,72.3821
1738258130.105408,2603134.000,24509,1,SF,1,100,71.5447
1738258130.372419,2603401.000,24558,1,SF,1,100,72.7994
1738258130.705434,2603734.000,24604,1,SF,1,100,71.9572
1738258131.105451,2604134.000,24673,1,SF,1,100,75.2893
1738258131.438466,2604467.000,24724,1,SF,1,100,76.5006
1738258131.705478,2604734.000,24770,1,SF,1,100,75.6156
1738258132.038492,2605067.000,24817,1,SF,1,100,74.7409
1738258132.438510,2605467.000,24881,1,SF,1,100,75.9586
1738258132.705521,2605734.000,24928,1,SF,1,100,75.0799
1738258133.038536,2606067.000,24975,1,SF,1,100,74.2113
1738258133.438553,2606467.000,25039,1,SF,1,100,75.4351
1738258133.771568,2606800.000,25087,1,SF,1,100,76.6447
1738258134.038579,2607067.000,25137,1,SF,1,100,77.8403
1738258134.371594,2607400.000,25183,1,SF,1,100,76.9399
1738258134.771612,2607800.000,25245,1,SF,1,100,76.0498
1738258135.038623,2608067.000,25296,1,SF,1,100,77.2523
1738258135.371638,2608400.000,25342,1,SF,1,100,76.3587
1738258135.771655,2608800.000,25409,1,SF,1,100,77.5576
1738258136.104670,2609133.000,25458,1,SF,1,100,78.7427
1738258136.371681,2609400.000,25504,1,SF,1,100,77.8318
1738258136.704696,2609733.000,25557,1,SF,1,100,81.0959
1738258137.104713,2610133.000,25619,1,SF,1,100,80.1578
1738258137.371725,2610400.000,25668,1,SF,1,100,81.3128
1738258137.704740,2610733.000,25715,1,SF,1,100,80.3721
1738258138.104757,2611133.000,25779,1,SF,1,100,81.5246
1738258138.438772,2611467.000,25827,1,SF,1,100,82.6638
1738258138.704783,2611733.000,25875,1,SF,1,100,81.7076
1738258139.038798,2612067.000,25923,1,SF,1,100,82.8446
1738258139.437815,2612466.000,25985,1,SF,1,100,81.8863
1738258139.704827,2612733.000,26036,1,SF,1,100,85.1035
1738258140.037842,2613066.000,26082,1,SF,1,100,84.1190
1738258140.437859,2613466.000,26147,1,SF,1,100,85.2282
1738258140.704871,2613733.000,26196,1,SF,1,100,86.3245
1738258141.037885,2614066.000,26244,1,SF,1,100,87.4081
1738258141.371900,2614400.000,26293,1,SF,1,100,88.4792
1738258141.771917,2614800.000,26357,1,SF,1,100,87.4557
1738258142.037929,2615066.000,26406,1,SF,1,100,88.5263
1738258142.370944,2615399.000,26455,1,SF,1,100,89.5844
1738258142.770961,2615799.000,26519,1,SF,1,100,90.6304
1738258143.037973,2616066.000,26565,1,SF,1,100,89.5820
1738258143.370987,2616399.000,26613,1,SF,1,100,88.5457
1738258143.705002,2616733.000,26663,1,SF,1,100,89.6036
1738258144.105019,2617133.000,26727,1,SF,1,100,90.6493
1738258144.371031,2617399.000,26774,1,SF,1,100,89.6007
1738258144.705045,2617733.000,26820,1,SF,1,100,88.5642
1738258145.105063,2618133.000,26884,1,SF,1,100,89.6219
1738258145.371075,2618399.000,26932,1,SF,1,100,88.5852
1738258145.705089,2618733.000,26982,1,SF,1,100,89.6427
1738258146.038104,2619066.000,27029,1,SF,1,100,88.6057
1738258146.438121,2619466.000,27097,1,SF,1,100,89.6629
1738258146.704133,2619732.000,27146,1,SF,1,100,90.7080
1738258147.038147,2620066.000,27193,1,SF,1,100,89.6587
1738258147.438165,2620466.000,27257,1,SF,1,100,90.7037
1738258147.704177,2620732.000,27303,1,SF,1,100,89.6545
1738258148.038191,2621066.000,27352,1,SF,1,100,90.6996
1738258148.438209,2621466.000,27415,1,SF,1,100,89.6504
1738258148.771223,2621799.000,27463,1,SF,1,100,90.6955
1738258149.037235,2622065.000,27510,1,SF,1,100,89.6464
1738258149.371249,2622399.000,27558,1,SF,1,100,90.6916
1738258149.771267,2622799.000,27620,1,SF,1,100,89.6425
1738258150.037278,2623065.000,27670,1,SF,1,100,90.6877
1738258150.371293,2623399.000,27718,1,SF,1,100,91.7209
1738258150.704308,2623732.000,27765,1,SF,1,100,90.6599
1738258151.104325,2624132.000,27829,1,SF,1,100,91.6934
1738258151.371337,2624399.000,27878,1,SF,1,100,92.7149
1738258151.704351,2624732.000,27927,1,SF,1,100,91.6424
1738258152.104369,2625132.000,27989,1,SF,1,100,90.5822
1738258152.370380,2625398.000,28035,1,SF,1,100,89.5344
1738258152.704395,2625732.000,28083,1,SF,1,100,88.4986
1738258153.104413,2626132.000,28147,1,SF,1,100,89.5571
1738258153.437427,2626465.000,28193,1,SF,1,100,88.5211
1738258153.704439,2626732.000,28242,1,SF,1,100,89.5794
1738258154.037453,2627065.000,28290,1,SF,1,100,90.6254
1738258154.437471,2627465.000,28354,1,SF,1,100,91.6592
1738258154.704482,2627732.000,28404,1,SF,1,100,90.5989
1738258155.037497,2628065.000,28452,1,SF,1,100,91.6331
1738258155.437514,2628465.000,28516,1,SF,1,100,92.6553
1738258155.770529,2628798.000,28567,1,SF,1,100,95.7480
1738258156.037541,2629065.000,28614,1,SF,1,100,94.6404
1738258156.370555,2629398.000,28663,1,SF,1,100,95.6278
1738258156.770573,2629798.000,28729,1,SF,1,100,96.6039
1738258157.037584,2630065.000,28779,1,SF,1,100,99.6508
1738258157.370599,2630398.000,28828,1,SF,1,100,100.5803
1738258157.770616,2630798.000,28893,1,SF,1,100,101.4991
1738258158.103631,2631131.000,28941,1,SF,1,100,102.4072
1738258158.370642,2631398.000,28990,1,SF,1,100,103.3048
1738258158.703657,2631731.000,29036,1,SF,1,100,102.1097
1738258159.103675,2632131.000,29100,1,SF,1,100,103.0108
1738258159.370686,2632398.000,29150,1,SF,1,100,103.9014
1738258159.703701,2632731.000,29198,1,SF,1,100,104.7817
1738258160.103718,2633131.000,29262,1,SF,1,100,105.6518
1738258160.370730,2633398.000,29311,1,SF,1,100,106.5119
1738258160.703744,2633731.000,29360,1,SF,1,100,105.2797
1738258161.036759,2634064.000,29411,1,SF,1,100,108.2264
1738258161.436776,2634464.000,29477,1,SF,1,100,109.0567
1738258161.703788,2634731.000,29523,1,SF,1,100,107.7951
1738258162.036803,2635064.000,29572,1,SF,1,100,108.6304
1738258162.436820,2635464.000,29636,1,SF,1,100,109.4560
1738258162.703832,2635731.000,29687,1,SF,1,100,112.3543
1738258163.036846,2636064.000,29738,1,SF,1,100,113.1368
1738258163.369861,2636397.000,29784,1,SF,1,100,111.8280
1738258163.769878,2636797.000,29848,1,SF,1,100,112.6166
1738258164.036890,2637064.000,29900,1,SF,1,100,115.4784
1738258164.369905,2637397.000,29946,1,SF,1,100,114.1425
1738258164.769922,2637797.000,30014,1,SF,1,100,116.9866
1738258165.036934,2638064.000,30061,1,SF,1,100,115.6333
1738258165.369948,2638397.000,30108,1,SF,1,100,114.2957
1738258165.703963,2638731.000,30157,1,SF,1,100,115.0557
1738258166.102980,2639130.000,30221,1,SF,1,100,115.8070
1738258166.369992,2639397.000,30269,1,SF,1,100,116.5496
1738258166.703007,2639730.000,30318,1,SF,1,100,115.2014
1738258167.103024,2640130.000,30380,1,SF,1,100,113.8687
1738258167.370036,2640397.000,30431,1,SF,1,100,116.7160
1738258167.703050,2640730.000,30478,1,SF,1,100,115.3658
1738258168.037065,2641064.000,30524,1,SF,1,100,114.0312
1738258168.437082,2641464.000,30588,1,SF,1,100,114.7944
1738258168.703094,2641730.000,30638,1,SF,1,100,115.5487
1738258169.036108,2642063.000,30686,1,SF,1,100,116.2942
1738258169.436126,2642463.000,30752,1,SF,1,100,117.0312
1738258169.703138,2642730.000,30799,1,SF,1,100,115.6774
1738258170.036152,2643063.000,30848,1,SF,1,100,116.4214
1738258170.436170,2643463.000,30914,1,SF,1,100,119.2392
1738258170.770184,2643797.000,30963,1,SF,1,100,119.9421
1738258171.036196,2644063.000,31009,1,SF,1,100,118.5546
1738258171.370210,2644397.000,31060,1,SF,1,100,121.3476
1738258171.770228,2644797.000,31124,1,SF,1,100,119.9439
1738258172.036240,2645063.000,31171,1,SF,1,100,118.5564
1738258172.370254,2645397.000,31220,1,SF,1,100,119.2671
1738258172.769272,2645796.000,31286,1,SF,1,100,119.9697
1738258173.103286,2646130.000,31332,1,SF,1,100,118.5819
1738258173.369298,2646396.000,31382,1,SF,1,100,119.2924
1738258173.703312,2646730.000,31428,1,SF,1,100,117.9124
1738258174.103330,2647130.000,31492,1,SF,1,100,118.6306
1738258174.369341,2647396.000,31541,1,SF,1,100,119.3405
1738258174.703356,2647730.000,31589,1,SF,1,100,120.0423
1738258175.103374,2648130.000,31653,1,SF,1,100,120.7359
1738258175.436388,2648463.000,31701,1,SF,1,100,119.3392
1738258175.702400,2648729.000,31751,1,SF,1,100,120.0409
1738258176.036414,2649063.000,31800,1,SF,1,100,120.7345
1738258176.436432,2649463.000,31866,1,SF,1,100,121.4201
1738258176.702443,2649729.000,31915,1,SF,1,100,122.0978
1738258177.036458,2650063.000,31966,1,SF,1,100,122.7676
1738258177.436476,2650463.000,32028,1,SF,1,100,121.3474
1738258177.702487,2650729.000,32076,1,SF,1,100,122.0259
1738258178.036502,2651063.000,32126,1,SF,1,100,122.6965
1738258178.369516,2651396.000,32172,1,SF,1,100,121.2772
1738258178.769534,2651796.000,32234,1,SF,1,100,119.8742
1738258179.035545,2652062.000,32283,1,SF,1,100,120.5698
1738258179.369560,2652396.000,32329,1,SF,1,100,119.1750
1738258179.769577,2652796.000,32393,1,SF,1,100,119.8786
1738258180.035589,2653062.000,32441,1,SF,1,100,118.4919
1738258180.369604,2653396.000,32489,1,SF,1,100,119.2034
1738258180.702618,2653729.000,32536,1,SF,1,100,117.8244
1738258181.102636,2654129.000,32600,1,SF,1,100,118.5437
1738258181.369647,2654396.000,32651,1,SF,1,100,119.2546
1738258181.702662,2654729.000,32702,1,SF,1,100,119.9573
1738258182.102679,2655129.000,32764,1,SF,1,100,118.5697
1738258182.368691,2655395.000,32812,1,SF,1,100,119.2803
1738258182.702705,2655729.000,32862,1,SF,1,100,119.9827
1738258183.035720,2656062.000,32908,1,SF,1,100,118.5947
1738258183.435738,2656462.000,32972,1,SF,1,100,119.3051
1738258183.702749,2656729.000,33021,1,SF,1,100,120.0072
1738258184.035764,2657062.000,33067,1,SF,1,100,118.6189
1738258184.435781,2657462.000,33131,1,SF,1,100,119.3290
1738258184.702793,2657729.000,33179,1,SF,1,100,117.9486
1738258185.035807,2658062.000,33227,1,SF,1,100,118.6664
1738258185.368822,2658395.000,33278,1,SF,1,100,119.3759
1738258185.768839,2658795.000,33342,1,SF,1,100,120.0772
1738258186.035851,2659062.000,33391,1,SF,1,100,120.7704
1738258186.368866,2659395.000,33440,1,SF,1,100,119.3733
1738258186.768883,2659795.000,33506,1,SF,1,100,120.0747
1738258187.035895,2660062.000,33554,1,SF,1,100,120.7679
1738258187.368909,2660395.000,33603,1,SF,1,100,119.3708
1738258187.768927,2660795.000,33668,1,SF,1,100,120.0722
1738258188.101941,2661128.000,33718,1,SF,1,100,120.7655
1738258188.368953,2661395.000,33767,1,SF,1,100,121.4507
1738258188.701967,2661728.000,33815,1,SF,1,100,122.1280
1738258189.101985,2662128.000,33879,1,SF,1,100,122.7974
1738258189.368997,2662395.000,33927,1,SF,1,100,121.3769
1738258189.702011,2662728.000,33975,1,SF,1,100,122.0551
1738258190.102029,2663128.000,34039,1,SF,1,100,122.7254
1738258190.435043,2663461.000,34086,1,SF,1,100,121.3057
1738258190.702055,2663728.000,34135,1,SF,1,100,121.9847
1738258191.035069,2664061.000,34184,1,SF,1,100,122.6558
1738258191.435087,2664461.000,34250,1,SF,1,100,121.2369
1738258191.702099,2664728.000,34298,1,SF,1,100,121.9167
1738258192.035113,2665061.000,34345,1,SF,1,100,120.5063
1738258192.435131,2665461.000,34409,1,SF,1,100,121.1946
1738258192.702142,2665728.000,34458,1,SF,1,100,121.8748
1738258193.035157,2666061.000,34509,1,SF,1,100,122.5472
1738258193.368171,2666394.000,34555,1,SF,1,100,121.1296
1738258193.768189,2666794.000,34617,1,SF,1,100,119.7284
1738258194.035201,2667061.000,34667,1,SF,1,100,120.4256
1738258194.368215,2667394.000,34713,1,SF,1,100,119.0325
1738258194.768233,2667794.000,34777,1,SF,1,100,117.6555
1738258195.035244,2668061.000,34824,1,SF,1,100,116.2945
1738258195.368259,2668394.000,34873,1,SF,1,100,117.0314
1738258195.701273,2668727.000,34922,1,SF,1,100,117.7598
1738258196.101291,2669127.000,34986,1,SF,1,100,118.4799
1738258196.368303,2669394.000,35032,1,SF,1,100,117.1093
1738258196.701317,2669727.000,35083,1,SF,1,100,117.8368
1738258197.101335,2670127.000,35145,1,SF,1,100,116.4736
1738258197.368346,2670394.000,35196,1,SF,1,100,117.2085
1738258197.701361,2670727.000,35245,1,SF,1,100,117.9349
1738258198.035375,2671061.000,35293,1,SF,1,100,118.6529
1738258198.435393,2671461.000,35355,1,SF,1,100,117.2803
1738258198.701404,2671727.000,35405,1,SF,1,100,118.0058
1738258199.034419,2672060.000,35453,1,SF,1,100,118.7230
1738258199.434437,2672460.000,35515,1,SF,1,100,117.3496
1738258199.701448,2672727.000,35566,1,SF,1,100,120.1566
1738258200.034463,2673060.000,35613,1,SF,1,100,118.7666
1738258200.368477,2673394.000,35662,1,SF,1,100,119.4750
1738258200.768495,2673794.000,35728,1,SF,1,100,122.2574
1738258201.034506,2674060.000,35776,1,SF,1,100,122.9254
1738258201.368521,2674394.000,35823,1,SF,1,100,121.5033
1738258201.768538,2674794.000,35887,1,SF,1,100,120.0978
1738258202.034550,2675060.000,35936,1,SF,1,100,120.7907
1738258202.367565,2675393.000,35985,1,SF,1,100,121.4757
1738258202.767582,2675793.000,36047,1,SF,1,100,120.0704
1738258203.101597,2676127.000,36093,1,SF,1,100,118.6815
1738258203.367608,2676393.000,36143,1,SF,1,100,119.3908
1738258203.701623,2676727.000,36191,1,SF,1,100,120.0919
1738258204.101640,2677127.000,36253,1,SF,1,100,118.7027
1738258204.367652,2677393.000,36302,1,SF,1,100,119.4118
1738258204.701667,2677727.000,36350,1,SF,1,100,120.1127
1738258205.101684,2678127.000,36413,1,SF,1,100,118.7232
1738258205.434699,2678460.000,36460,1,SF,1,100,117.3498
1738258205.701710,2678727.000,36508,1,SF,1,100,118.0745
1738258206.034725,2679060.000,36559,1,SF,1,100,118.7909
1738258206.434742,2679460.000,36623,1,SF,1,100,117.4167
1738258206.700754,2679726.000,36674,1,SF,1,100,118.1407
1738258207.034769,2680060.000,36723,1,SF,1,100,118.8563
1738258207.434786,2680460.000,36789,1,SF,1,100,121.6458
1738258207.700798,2680726.000,36835,1,SF,1,100,120.2386
1738258208.034812,2681060.000,36885,1,SF,1,100,120.9300
1738258208.367827,2681393.000,36931,1,SF,1,100,119.5310
1738258208.767844,2681793.000,36995,1,SF,1,100,120.2305
1738258209.033856,2682059.000,37044,1,SF,1,100,120.9220
1738258209.367870,2682393.000,37092,1,SF,1,100,121.6054
1738258209.767888,2682793.000,37156,1,SF,1,100,120.1986
1738258210.033900,2683059.000,37204,1,SF,1,100,118.8082
1738258210.367914,2683393.000,37252,1,SF,1,100,119.5160
1738258210.700929,2683726.000,37301,1,SF,1,100,118.1335
1738258211.100946,2684126.000,37365,1,SF,1,100,118.8491
1738258211.367958,2684393.000,37414,1,SF,1,100,119.5565
1738258211.700972,2684726.000,37463,1,SF,1,100,118.1735
1738258212.100990,2685126.000,37527,1,SF,1,100,118.8887
1738258212.368001,2685393.000,37575,1,SF,1,100,119.5956
1738258212.701016,2685726.000,37625,1,SF,1,100,120.2944
1738258213.034030,2686059.000,37673,1,SF,1,100,118.9028
1738258213.434048,2686459.000,37739,1,SF,1,100,121.6919
1738258213.701060,2686726.000,37786,1,SF,1,100,120.2841
1738258214.034074,2687059.000,37832,1,SF,1,100,118.8927
1738258214.434092,2687459.000,37894,1,SF,1,100,117.5173
1738258214.701103,2687726.000,37946,1,SF,1,100,120.3224
1738258215.034118,2688059.000,37994,1,SF,1,100,121.0127
1738258215.434135,2688459.000,38058,1,SF,1,100,121.6951
1738258215.767150,2688792.000,38107,1,SF,1,100,122.3696
1738258216.034162,2689059.000,38154,1,SF,1,100,120.9540
1738258216.367176,2689392.000,38203,1,SF,1,100,121.6370
1738258216.767194,2689792.000,38269,1,SF,1,100,122.3122
1738258217.034205,2690059.000,38319,1,SF,1,100,122.9795
1738258217.367220,2690392.000,38366,1,SF,1,100,121.5569
1738258217.767237,2690792.000,38431,1,SF,1,100,122.2330
1738258218.100252,2691125.000,38479,1,SF,1,100,120.8190
1738258218.367264,2691392.000,38528,1,SF,1,100,121.5036
1738258218.700278,2691725.000,38576,1,SF,1,100,120.0980
1738258219.100296,2692125.000,38642,1,SF,1,100,120.7909
1738258219.367307,2692392.000,38690,1,SF,1,100,119.3936
1738258219.700322,2692725.000,38738,1,SF,1,100,120.0947
1738258220.100339,2693125.000,38804,1,SF,1,100,120.7877
1738258220.433354,2693458.000,38853,1,SF,1,100,119.3904
1738258220.700366,2693725.000,38902,1,SF,1,100,120.0916
1738258221.033380,2694058.000,38951,1,SF,1,100,118.7023
1738258221.433398,2694458.000,39017,1,SF,1,100,119.4114
1738258221.700409,2694725.000,39063,1,SF,1,100,118.0301
1738258222.033424,2695058.000,39114,1,SF,1,100,118.7469
1738258222.433441,2695458.000,39179,1,SF,1,100,117.3733
1738258222.766456,2695791.000,39227,1,SF,1,100,118.0977
1738258223.033467,2696058.000,39276,1,SF,1,100,118.8138
1738258223.366482,2696391.000,39324,1,SF,1,100,119.5216
1738258223.766500,2696791.000,39388,1,SF,1,100,118.1390
1738258224.033511,2697058.000,39438,1,SF,1,100,118.8546
1738258224.366526,2697391.000,39486,1,SF,1,100,119.5620
1738258224.766543,2697791.000,39552,1,SF,1,100,120.2611
1738258225.100558,2698125.000,39601,1,SF,1,100,120.9522
1738258225.366569,2698391.000,39650,1,SF,1,100,121.6352
1738258225.699584,2698724.000,39699,1,SF,1,100,122.3104
1738258226.099601,2699124.000,39763,1,SF,1,100,122.9778
1738258226.366613,2699391.000,39813,1,SF,1,100,123.6374
1738258226.699628,2699724.000,39862,1,SF,1,100,122.2072
1738258227.099645,2700124.000,39925,1,SF,1,100,120.7935
1738258227.366657,2700391.000,39973,1,SF,1,100,121.4784
1738258227.699671,2700724.000,40022,1,SF,1,100,122.1553
1738258228.033686,2701058.000,40070,1,SF,1,100,122.8245
1738258228.433703,2701458.000,40132,1,SF,1,100,121.4036
1738258228.699715,2701724.000,40180,1,SF,1,100,119.9992
1738258229.032729,2702057.000,40230,1,SF,1,100,120.6933
1738258229.432747,2702457.000,40294,1,SF,1,100,121.3794
1738258229.699759,2702724.000,40343,1,SF,1,100,122.0575
1738258230.032773,2703057.000,40392,1,SF,1,100,122.7278
1738258230.366788,2703391.000,40439,1,SF,1,100,121.3081
1738258230.766805,2703791.000,40505,1,SF,1,100,121.9870
1738258231.032817,2704057.000,40553,1,SF,1,100,122.6581
1738258231.366832,2704391.000,40602,1,SF,1,100,123.3215
1738258231.766849,2704791.000,40670,1,SF,1,100,126.0594
1738258232.032861,2705057.000,40719,1,SF,1,100,126.6834
1738258232.365875,2705390.000,40766,1,SF,1,100,125.2179
1738258232.699890,2705724.000,40814,1,SF,1,100,125.8516
1738258233.099907,2706124.000,40878,1,SF,1,100,126.4780
1738258233.365919,2706390.000,40930,1,SF,1,100,129.1794
1738258233.699933,2706724.000,40976,1,SF,1,100,127.6850
1738258234.099951,2707124.000,41040,1,SF,1,100,128.2902
1738258234.365963,2707390.000,41091,1,SF,1,100,128.8884
1738258234.699977,2707724.000,41140,1,SF,1,100,129.4797
1738258235.032992,2708057.000,41189,1,SF,1,100,130.0641
1738258235.433009,2708457.000,41251,1,SF,1,100,128.5595
1738258235.699021,2708723.000,41301,1,SF,1,100,131.2368
1738258236.033035,2709057.000,41350,1,SF,1,100,131.8009
1738258236.433053,2709457.000,41414,1,SF,1,100,130.2762
1738258236.699064,2709723.000,41461,1,SF,1,100,128.7692
1738258237.033079,2710057.000,41510,1,SF,1,100,127.2796
1738258237.433096,2710457.000,41572,1,SF,1,100,125.8072
1738258237.766111,2710790.000,41622,1,SF,1,100,126.4341
1738258238.033123,2711057.000,41672,1,SF,1,100,127.0537
1738258238.366137,2711390.000,41720,1,SF,1,100,127.6662
1738258238.766155,2711790.000,41782,1,SF,1,100,126.1894
1738258239.033166,2712057.000,41831,1,SF,1,100,126.8119
1738258239.366181,2712390.000,41879,1,SF,1,100,125.3449
1738258239.699195,2712723.000,41927,1,SF,1,100,123.8949
1738258240.099213,2713123.000,41993,1,SF,1,100,126.6262
1738258240.366225,2713390.000,42041,1,SF,1,100,127.2436
1738258240.699239,2713723.000,42090,1,SF,1,100,127.8539
1738258241.099257,2714123.000,42154,1,SF,1,100,126.3749
1738258241.366268,2714390.000,42203,1,SF,1,100,126.9952
1738258241.699283,2714723.000,42252,1,SF,1,100,125.5261
1738258242.099300,2715123.000,42316,1,SF,1,100,126.1563
1738258242.432315,2715456.000,42362,1,SF,1,100,124.6969
1738258242.699327,2715723.000,42414,1,SF,1,100,125.3366
1738258243.032341,2716056.000,42460,1,SF,1,100,123.8867
1738258243.432359,2716456.000,42522,1,SF,1,100,122.4536
1738258243.699370,2716723.000,42571,1,SF,1,100,123.1193
1738258244.032385,2717056.000,42619,1,SF,1,100,123.7773
1738258244.432402,2717456.000,42682,1,SF,1,100,122.3455
1738258244.699414,2717723.000,42731,1,SF,1,100,123.0124
1738258245.032429,2718056.000,42779,1,SF,1,100,123.6716
1738258245.365443,2718389.000,42832,1,SF,1,100,126.4055
1738258245.765460,2718789.000,42894,1,SF,1,100,124.9432
1738258246.032472,2719056.000,42943,1,SF,1,100,125.5801
1738258246.365487,2719389.000,42990,1,SF,1,100,124.1274
1738258246.765504,2719789.000,43056,1,SF,1,100,124.7738
1738258247.032516,2720056.000,43106,1,SF,1,100,127.4949
1738258247.365530,2720389.000,43156,1,SF,1,100,128.1023
1738258247.698545,2720722.000,43202,1,SF,1,100,126.6204
1738258248.098562,2721122.000,43266,1,SF,1,100,127.2379
1738258248.365574,2721389.000,43315,1,SF,1,100,127.8482
1738258248.698589,2721722.000,43363,1,SF,1,100,126.3693
1738258249.098606,2722122.000,43427,1,SF,1,100,126.9897
1738258249.365618,2722389.000,43477,1,SF,1,100,125.5207
1738258249.698632,2722722.000,43523,1,SF,1,100,124.0686
1738258250.031647,2723055.000,43574,1,SF,1,100,126.7979
1738258250.431664,2723455.000,43636,1,SF,1,100,125.3311
1738258250.698676,2723722.000,43685,1,SF,1,100,125.9635
1738258251.031691,2724055.000,43734,1,SF,1,100,126.5886
1738258251.431708,2724455.000,43798,1,SF,1,100,125.1242
1738258251.698720,2724722.000,43846,1,SF,1,100,125.7590
1738258252.031734,2725055.000,43896,1,SF,1,100,126.3865
1738258252.365749,2725389.000,43944,1,SF,1,100,127.0067
1738258252.764766,2725788.000,44008,1,SF,1,100,127.6197
1738258253.031778,2726055.000,44055,1,SF,1,100,126.1434
1738258253.364792,2726388.000,44103,1,SF,1,100,124.6842
1738258253.764810,2726788.000,44169,1,SF,1,100,125.3241
1738258254.031821,2727055.000,44221,1,SF,1,100,128.0388
1738258254.364836,2727388.000,44271,1,SF,1,100,128.6399
1738258254.698851,2727722.000,44320,1,SF,1,100,129.2340
1738258255.098868,2728122.000,44382,1,SF,1,100,127.7391
1738258255.364880,2728388.000,44431,1,SF,1,100,128.3436
1738258255.697894,2728721.000,44480,1,SF,1,100,126.8589
1738258256.097912,2729121.000,44544,1,SF,1,100,127.4737
1738258256.364923,2729388.000,44594,1,SF,1,100,128.0813
1738258256.697938,2729721.000,44644,1,SF,1,100,126.5996
1738258257.097955,2730121.000,44708,1,SF,1,100,127.2174
1738258257.431970,2730455.000,44758,1,SF,1,100,129.9102
1738258257.697982,2730721.000,44807,1,SF,1,100,128.4074
1738258258.031996,2731055.000,44853,1,SF,1,100,126.9220
1738258258.432014,2731455.000,44917,1,SF,1,100,127.5360
1738258258.698025,2731721.000,44965,1,SF,1,100,126.0607
1738258259.032040,2732055.000,45011,1,SF,1,100,124.6024
1738258259.431057,2732454.000,45075,1,SF,1,100,125.2432
1738258259.765072,2732788.000,45122,1,SF,1,100,123.7944
1738258260.031084,2733054.000,45171,1,SF,1,100,122.3624
1738258260.365098,2733388.000,45220,1,SF,1,100,123.0291
1738258260.765116,2733788.000,45284,1,SF,1,100,123.6882
1738258261.031127,2734054.000,45330,1,SF,1,100,122.2573
1738258261.365142,2734388.000,45379,1,SF,1,100,122.9253
1738258261.765159,2734788.000,45444,1,SF,1,100,121.5033
1738258262.098174,2735121.000,45492,1,SF,1,100,122.1800
1738258262.364186,2735387.000,45541,1,SF,1,100,122.8489
1738258262.698200,2735721.000,45589,1,SF,1,100,123.5100
1738258263.098218,2736121.000,45653,1,SF,1,100,122.0812
1738258263.364229,2736387.000,45701,1,SF,1,100,120.6690
1738258263.698244,2736721.000,45749,1,SF,1,100,121.3553
1738258264.098261,2737121.000,45811,1,SF,1,100,119.9515
1738258264.431276,2737454.000,45858,1,SF,1,100,118.5639
1738258264.698287,2737721.000,45907,1,SF,1,100,119.2746
1738258265.031302,2738054.000,45958,1,SF,1,100,122.0593
1738258265.431319,2738454.000,46024,1,SF,1,100,122.7296
1738258265.698331,2738721.000,46070,1,SF,1,100,121.3098
1738258266.031346,2739054.000,46119,1,SF,1,100,121.9887
1738258266.431363,2739454.000,46186,1,SF,1,100,122.6598
1738258266.697375,2739720.000,46232,1,SF,1,100,121.2409
1738258267.031389,2740054.000,46283,1,SF,1,100,124.0029
1738258267.364404,2740387.000,46329,1,SF,1,100,122.5684
1738258267.764421,2740787.000,46393,1,SF,1,100,123.2328
1738258268.031433,2741054.000,46445,1,SF,1,100,125.9717
1738258268.364448,2741387.000,46493,1,SF,1,100,126.5967
1738258268.764465,2741787.000,46557,1,SF,1,100,127.2145
1738258269.030477,2742053.000,46608,1,SF,1,100,127.8251
1738258269.364491,2742387.000,46655,1,SF,1,100,126.3464
1738258269.697506,2742720.000,46704,1,SF,1,100,126.9671
1738258270.097523,2743120.000,46768,1,SF,1,100,127.5806
1738258270.364535,2743387.000,46814,1,SF,1,100,126.1047
1738258270.697550,2743720.000,46861,1,SF,1,100,124.6459
1738258271.097567,2744120.000,46925,1,SF,1,100,125.2863
1738258271.364579,2744387.000,46974,1,SF,1,100,125.9192
1738258271.697593,2744720.000,47023,1,SF,1,100,124.4626
1738258272.030608,2745053.000,47069,1,SF,1,100,123.0228
1738258272.430625,2745453.000,47133,1,SF,1,100,123.6819
1738258272.697637,2745720.000,47181,1,SF,1,100,122.2511
1738258273.030652,2746053.000,47231,1,SF,1,100,122.9192
1738258273.430669,2746453.000,47293,1,SF,1,100,121.4972
1738258273.697681,2746720.000,47344,1,SF,1,100,124.2563
1738258274.030695,2747053.000,47393,1,SF,1,100,124.9011
1738258274.363710,2747386.000,47440,1,SF,1,100,123.4562
1738258274.763727,2747786.000,47506,1,SF,1,100,124.1103
1738258275.030739,2748053.000,47552,1,SF,1,100,122.6746
1738258275.363754,2748386.000,47601,1,SF,1,100,123.3378
1738258275.763771,2748786.000,47669,1,SF,1,100,123.9932
1738258276.030783,2749053.000,47718,1,SF,1,100,124.6411
1738258276.363797,2749386.000,47765,1,SF,1,100,123.1993
1738258276.696812,2749719.000,47815,1,SF,1,100,123.8563
1738258277.096829,2750119.000,47877,1,SF,1,100,122.4236
1738258277.363841,2750386.000,47925,1,SF,1,100,121.0074
1738258277.696855,2750719.000,47973,1,SF,1,100,121.6898
1738258278.096873,2751119.000,48039,1,SF,1,100,122.3643
1738258278.363884,2751386.000,48088,1,SF,1,100,123.0311
1738258278.696899,2751719.000,48137,1,SF,1,100,121.6078
1738258279.029914,2752052.000,48186,1,SF,1,100,122.2833
1738258279.429931,2752452.000,48250,1,SF,1,100,120.8687
1738258279.696943,2752719.000,48300,1,SF,1,100,123.6350
1738258280.029957,2753052.000,48349,1,SF,1,100,122.2048
1738258280.429975,2753452.000,48413,1,SF,1,100,122.8734
1738258280.696986,2753719.000,48462,1,SF,1,100,121.4520
1738258281.030001,2754052.000,48509,1,SF,1,100,120.0470
1738258281.364016,2754386.000,48559,1,SF,1,100,122.8228
1738258281.764033,2754786.000,48625,1,SF,1,100,121.4020
1738258282.030045,2755052.000,48673,1,SF,1,100,119.9976
1738258282.363059,2755385.000,48721,1,SF,1,100,120.6917
1738258282.763077,2755785.000,48785,1,SF,1,100,121.3778
1738258283.030088,2756052.000,48834,1,SF,1,100,122.0559
1738258283.363103,2756385.000,48883,1,SF,1,100,122.7262
1738258283.697118,2756719.000,48930,1,SF,1,100,121.3065
1738258284.097135,2757119.000,48994,1,SF,1,100,119.9032
1738258284.363147,2757385.000,49044,1,SF,1,100,122.6807
1738258284.697161,2757719.000,49091,1,SF,1,100,121.2615
1738258285.097179,2758119.000,49157,1,SF,1,100,121.9410
1738258285.363190,2758385.000,49204,1,SF,1,100,120.5304
1738258285.696205,2758718.000,49255,1,SF,1,100,121.2183
1738258286.096222,2759118.000,49319,1,SF,1,100,121.8983
1738258286.430237,2759452.000,49367,1,SF,1,100,120.4882
1738258286.696249,2759718.000,49417,1,SF,1,100,121.1766
1738258287.030263,2760052.000,49463,1,SF,1,100,119.7749
1738258287.430281,2760452.000,49525,1,SF,1,100,118.3893
1738258287.696292,2760718.000,49574,1,SF,1,100,119.1020
1738258288.030307,2761052.000,49624,1,SF,1,100,121.8887
1738258288.430324,2761452.000,49687,1,SF,1,100,120.4787
1738258288.763339,2761785.000,49738,1,SF,1,100,121.1673
1738258289.029351,2762051.000,49786,1,SF,1,100,121.8478
1738258289.363365,2762385.000,49833,1,SF,1,100,120.4383
1738258289.763383,2762785.000,49895,1,SF,1,100,119.0451
1738258290.029394,2763051.000,49942,1,SF,1,100,117.6679
1738258290.363409,2763385.000,49989,1,SF,1,100,116.3067
1738258290.763426,2763785.000,50053,1,SF,1,100,114.9613
1738258291.029438,2764051.000,50101,1,SF,1,100,115.7137
1738258291.363452,2764385.000,50151,1,SF,1,100,114.3751
1738258291.696467,2764718.000,50201,1,SF,1,100,115.1342
1738258292.096484,2765118.000,50263,1,SF,1,100,113.8024
1738258292.362496,2765384.000,50314,1,SF,1,100,116.6504
1738258292.696511,2765718.000,50364,1,SF,1,100,117.3832
1738258293.096528,2766118.000,50428,1,SF,1,100,118.1076
1738258293.362540,2766384.000,50476,1,SF,1,100,116.7413
1738258293.696554,2766718.000,50524,1,SF,1,100,117.4731
1738258294.029569,2767051.000,50573,1,SF,1,100,118.1964
1738258294.429586,2767451.000,50639,1,SF,1,100,118.9114
1738258294.696598,2767718.000,50688,1,SF,1,100,119.6180
1738258295.029613,2768051.000,50735,1,SF,1,100,118.2343
1738258295.429630,2768451.000,50797,1,SF,1,100,116.8665
1738258295.695642,2768717.000,50845,1,SF,1,100,117.5969
1738258296.029656,2769051.000,50895,1,SF,1,100,118.3188
1738258296.362671,2769384.000,50941,1,SF,1,100,116.9500
1738258296.762688,2769784.000,51007,1,SF,1,100,117.6794
1738258297.029700,2770051.000,51056,1,SF,1,100,118.4003
1738258297.362715,2770384.000,51104,1,SF,1,100,119.1129
1738258297.762732,2770784.000,51166,1,SF,1,100,117.7350
1738258298.029744,2771051.000,51216,1,SF,1,100,118.4553
1738258298.362758,2771384.000,51264,1,SF,1,100,119.1673
1738258298.762776,2771784.000,51328,1,SF,1,100,117.7887
1738258299.095790,2772117.000,51375,1,SF,1,100,116.4261
1738258299.362802,2772384.000,51422,1,SF,1,100,115.0793
1738258299.695817,2772717.000,51471,1,SF,1,100,115.8303
1738258300.095834,2773117.000,51535,1,SF,1,100,116.5726
1738258300.362846,2773384.000,51583,1,SF,1,100,115.2241
1738258300.695860,2773717.000,51630,1,SF,1,100,113.8912
1738258301.095878,2774117.000,51695,1,SF,1,100,112.5737
1738258301.362889,2774384.000,51743,1,SF,1,100,113.3537
1738258301.695904,2774717.000,51794,1,SF,1,100,114.1246
1738258302.028919,2775050.000,51840,1,SF,1,100,112.8044
1738258302.428936,2775450.000,51904,1,SF,1,100,113.5818
1738258302.695948,2775717.000,51956,1,SF,1,100,114.3501
1738258303.028962,2776050.000,52004,1,SF,1,100,115.1095
1738258303.428980,2776450.000,52068,1,SF,1,100,115.8602
1738258303.695991,2776717.000,52119,1,SF,1,100,116.6022
1738258304.029006,2777050.000,52166,1,SF,1,100,115.2533
1738258304.362020,2777383.000,52213,1,SF,1,100,113.9201
1738258304.762038,2777783.000,52277,1,SF,1,100,114.6845
1738258305.029049,2778050.000,52325,1,SF,1,100,115.4400
1738258305.362064,2778383.000,52372,1,SF,1,100,114.1046
1738258305.762081,2778783.000,52436,1,SF,1,100,114.8669
1738258306.029093,2779050.000,52485,1,SF,1,100,115.6204
1738258306.362108,2779383.000,52534,1,SF,1,100,116.3651
1738258306.695122,2779716.000,52582,1,SF,1,100,115.0190
1738258307.095140,2780116.000,52644,1,SF,1,100,113.6885
1738258307.362151,2780383.000,52692,1,SF,1,100,112.3733
1738258307.695166,2780716.000,52738,1,SF,1,100,111.0734
1738258308.095183,2781116.000,52802,1,SF,1,100,109.7885
1738258308.362195,2781383.000,52849,1,SF,1,100,108.5184
1738258308.695210,2781716.000,52898,1,SF,1,100,107.2631
1738258309.028224,2782049.000,52945,1,SF,1,100,106.0222
1738258309.428242,2782449.000,53009,1,SF,1,100,104.7958
1738258309.695253,2782716.000,53055,1,SF,1,100,103.5835
1738258310.028268,2783049.000,53104,1,SF,1,100,102.3852
1738258310.428285,2783449.000,53168,1,SF,1,100,101.2008
1738258310.695297,2783716.000,53215,1,SF,1,100,100.0301
1738258311.028311,2784049.000,53264,1,SF,1,100,100.9552
1738258311.362326,2784383.000,53314,1,SF,1,100,101.8696
1738258311.762344,2784783.000,53378,1,SF,1,100,100.6912
1738258312.028355,2785049.000,53428,1,SF,1,100,101.6086
1738258312.361370,2785382.000,53476,1,SF,1,100,102.5155
1738258312.761387,2785782.000,53542,1,SF,1,100,103.4118
1738258313.028399,2786049.000,53593,1,SF,1,100,104.2978
1738258313.361413,2786382.000,53642,1,SF,1,100,105.1735
1738258313.695428,2786716.000,53691,1,SF,1,100,106.0391
1738258314.095446,2787116.000,53757,1,SF,1,100,106.8947
1738258314.361457,2787382.000,53805,1,SF,1,100,107.7404
1738258314.695472,2787716.000,53854,1,SF,1,100,108.5763
1738258315.095489,2788116.000,53918,1,SF,1,100,107.3203
1738258315.361501,2788382.000,53967,1,SF,1,100,108.1610
1738258315.694515,2788715.000,54020,1,SF,1,100,111.0743
1738258316.028530,2789049.000,54068,1,SF,1,100,111.8717
1738258316.428547,2789449.000,54136,1,SF,1,100,112.6598
1738258316.694559,2789715.000,54184,1,SF,1,100,111.3565
1738258317.028574,2790049.000,54234,1,SF,1,100,112.1506
1738258317.428591,2790449.000,54296,1,SF,1,100,110.8532
1738258317.694603,2790715.000,54347,1,SF,1,100,111.6531
1738258318.028617,2791049.000,54393,1,SF,1,100,110.3615
1738258318.428635,2791449.000,54458,1,SF,1,100,111.1671
1738258318.761649,2791782.000,54509,1,SF,1,100,111.9634
1738258319.027661,2792048.000,54557,1,SF,1,100,112.7504
1738258319.361676,2792382.000,54606,1,SF,1,100,113.5284
1738258319.761693,2792782.000,54670,1,SF,1,100,112.2151
1738258320.027705,2793048.000,54719,1,SF,1,100,112.9992
1738258320.361719,2793382.000,54770,1,SF,1,100,113.7743
1738258320.694734,2793715.000,54818,1,SF,1,100,114.5404
1738258321.094751,2794115.000,54882,1,SF,1,100,113.2154
1738258321.361763,2794382.000,54930,1,SF,1,100,111.9057
1738258321.694777,2794715.000,54982,1,SF,1,100,112.6934
1738258322.094795,2795115.000,55050,1,SF,1,100,115.5543
1738258322.360807,2795381.000,55099,1,SF,1,100,116.2998
1738258322.694821,2795715.000,55148,1,SF,1,100,117.0367
1738258323.094839,2796115.000,55212,1,SF,1,100,117.7650
1738258323.427853,2796448.000,55261,1,SF,1,100,118.4850
1738258323.694865,2796715.000,55309,1,SF,1,100,119.1966
1738258324.027879,2797048.000,55358,1,SF,1,100,119.9000
1738258324.427897,2797448.000,55420,1,SF,1,100,118.5130
1738258324.694909,2797715.000,55469,1,SF,1,100,119.2242
1738258325.027923,2798048.000,55518,1,SF,1,100,119.9273
1738258325.427941,2798448.000,55584,1,SF,1,100,120.6222
1738258325.760955,2798781.000,55630,1,SF,1,100,119.2269
1738258326.027967,2799048.000,55682,1,SF,1,100,119.9299
1738258326.360981,2799381.000,55730,1,SF,1,100,120.6248
1738258326.760999,2799781.000,55794,1,SF,1,100,119.2294
1738258327.028011,2800048.000,55843,1,SF,1,100,119.9324
1738258327.361025,2800381.000,55893,1,SF,1,100,120.6273
1738258327.761043,2800781.000,55957,1,SF,1,100,121.3141
1738258328.028054,2801048.000,56005,1,SF,1,100,119.9107
1738258328.361069,2801381.000,56053,1,SF,1,100,120.6058
1738258328.694083,2801714.000,56102,1,SF,1,100,119.2106
1738258329.094101,2802114.000,56166,1,SF,1,100,119.9139
1738258329.361112,2802381.000,56213,1,SF,1,100,118.5267
1738258329.694127,2802714.000,56262,1,SF,1,100,117.1556
1738258330.094144,2803114.000,56326,1,SF,1,100,117.8826
1738258330.361156,2803381.000,56374,1,SF,1,100,118.6011
1738258330.694171,2803714.000,56426,1,SF,1,100,119.3114
1738258331.027185,2804047.000,56474,1,SF,1,100,120.0135
1738258331.427203,2804447.000,56540,1,SF,1,100,118.6251
1738258331.694214,2804714.000,56587,1,SF,1,100,117.2529
1738258332.027229,2805047.000,56637,1,SF,1,100,117.9787
1738258332.427246,2805447.000,56703,1,SF,1,100,118.6962
1738258332.694258,2805714.000,56751,1,SF,1,100,117.3231
1738258333.027273,2806047.000,56797,1,SF,1,100,115.9659
1738258333.360287,2806380.000,56846,1,SF,1,100,116.7067
1738258333.760305,2806780.000,56908,1,SF,1,100,115.3566
1738258334.027316,2807047.000,56957,1,SF,1,100,114.0222
1738258334.360331,2807380.000,57006,1,SF,1,100,114.7854
1738258334.760348,2807780.000,57068,1,SF,1,100,113.4576
1738258335.027360,2808047.000,57116,1,SF,1,100,114.2273
1738258335.360374,2808380.000,57166,1,SF,1,100,112.9059
1738258335.693389,2808713.000,57214,1,SF,1,100,113.6821
1738258336.093406,2809113.000,57280,1,SF,1,100,114.4492
1738258336.360418,2809380.000,57329,1,SF,1,100,115.2075
1738258336.693433,2809713.000,57377,1,SF,1,100,113.8748
1738258337.093450,2810113.000,57441,1,SF,1,100,114.6398
1738258337.360462,2810380.000,57489,1,SF,1,100,113.3136
1738258337.693476,2810713.000,57535,1,SF,1,100,112.0028
1738258338.027491,2811047.000,57584,1,SF,1,100,112.7894
1738258338.427509,2811447.000,57648,1,SF,1,100,111.4846
1738258338.693520,2811713.000,57697,1,SF,1,100,112.2772
1738258339.027535,2812047.000,57748,1,SF,1,100,113.0606
1738258339.426552,2812446.000,57810,1,SF,1,100,111.7527
1738258339.693564,2812713.000,57858,1,SF,1,100,110.4600
1738258340.026578,2813046.000,57908,1,SF,1,100,111.2644
1738258340.360593,2813380.000,57954,1,SF,1,100,109.9773
1738258340.760610,2813780.000,58018,1,SF,1,100,110.7873
1738258341.026622,2814046.000,58065,1,SF,1,100,109.5057
1738258341.360637,2814380.000,58113,1,SF,1,100,110.3212
1738258341.760654,2814780.000,58177,1,SF,1,100,109.0450
1738258342.026666,2815046.000,58227,1,SF,1,100,109.8658
1738258342.359680,2815379.000,58273,1,SF,1,100,108.5949
1738258342.759698,2815779.000,58337,1,SF,1,100,109.4209
1738258343.093712,2816113.000,58386,1,SF,1,100,110.2374
1738258343.359724,2816379.000,58435,1,SF,1,100,108.9621
1738258343.693738,2816713.000,58484,1,SF,1,100,107.7017
1738258344.093756,2817113.000,58548,1,SF,1,100,108.5380
1738258344.359768,2817379.000,58596,1,SF,1,100,109.3647
1738258344.693782,2817713.000,58645,1,SF,1,100,108.0995
1738258345.093800,2818113.000,58710,1,SF,1,100,108.9313
1738258345.426814,2818446.000,58758,1,SF,1,100,107.6712
1738258345.693826,2818713.000,58807,1,SF,1,100,108.5079
1738258346.026840,2819046.000,58855,1,SF,1,100,109.3349
1738258346.426858,2819446.000,58921,1,SF,1,100,110.1524
1738258346.692870,2819712.000,58971,1,SF,1,100,110.9604
1738258347.026884,2820046.000,59023,1,SF,1,100,111.7590
1738258347.426902,2820446.000,59087,1,SF,1,100,112.5484
1738258347.759916,2820779.000,59138,1,SF,1,100,113.3287
1738258348.026928,2821046.000,59187,1,SF,1,100,114.1000
1738258348.359942,2821379.000,59234,1,SF,1,100,112.7801
1738258348.759960,2821779.000,59300,1,SF,1,100,113.5577
1738258349.025971,2822045.000,59350,1,SF,1,100,114.3263
1738258349.359986,2822379.000,59399,1,SF,1,100,115.0860
1738258349.760004,2822779.000,59464,1,SF,1,100,113.7547
1738258350.026015,2823045.000,59514,1,SF,1,100,114.5210
1738258350.360030,2823379.000,59565,1,SF,1,100,115.2785
1738258350.693044,2823712.000,59611,1,SF,1,100,113.9449
1738258351.093062,2824112.000,59677,1,SF,1,100,114.7090
1738258351.360074,2824379.000,59727,1,SF,1,100,115.4643
1738258351.693088,2824712.000,59775,1,SF,1,100,114.1286
1738258352.093106,2825112.000,59839,1,SF,1,100,112.8084
1738258352.426120,2825445.000,59890,1,SF,1,100,113.5856
1738258352.693132,2825712.000,59939,1,SF,1,100,114.3539
1738258353.026146,2826045.000,59990,1,SF,1,100,115.1133
1738258353.426164,2826445.000,60054,1,SF,1,100,115.8639
1738258353.693175,2826712.000,60104,1,SF,1,100,118.6881
1738258354.026190,2827045.000,60153,1,SF,1,100,117.3151
1738258354.426207,2827445.000,60217,1,SF,1,100,118.0403
1738258354.693219,2827712.000,60266,1,SF,1,100,118.7570
1738258355.026234,2828045.000,60315,1,SF,1,100,117.3832
1738258355.359248,2828378.000,60363,1,SF,1,100,118.1076
1738258355.759266,2828778.000,60427,1,SF,1,100,118.8236
1738258356.026277,2829045.000,60481,1,SF,1,100,121.6135
1738258356.359292,2829378.000,60529,1,SF,1,100,122.2889
1738258356.759309,2829778.000,60593,1,SF,1,100,120.8743
1738258357.026321,2830045.000,60644,1,SF,1,100,121.5583
1738258357.359336,2830378.000,60693,1,SF,1,100,122.2343
1738258357.692350,2830711.000,60740,1,SF,1,100,120.8203
1738258358.092368,2831111.000,60806,1,SF,1,100,121.5049
1738258358.359379,2831378.000,60856,1,SF,1,100,124.2638
1738258358.692394,2831711.000,60903,1,SF,1,100,122.8263
1738258359.092411,2832111.000,60965,1,SF,1,100,121.4055
1738258359.359423,2832378.000,61012,1,SF,1,100,120.0010
1738258359.692437,2832711.000,61061,1,SF,1,100,120.6951
1738258360.025452,2833044.000,61109,1,SF,1,100,121.3811
1738258360.425469,2833444.000,61171,1,SF,1,100,119.9770
1738258360.692481,2833711.000,61221,1,SF,1,100,120.6714
1738258361.025496,2834044.000,61267,1,SF,1,100,119.2754
1738258361.425513,2834444.000,61335,1,SF,1,100,119.9779
1738258361.692525,2834711.000,61384,1,SF,1,100,118.5900
1738258362.025539,2835044.000,61433,1,SF,1,100,119.3004
1738258362.425557,2835444.000,61497,1,SF,1,100,120.0026
1738258362.758571,2835777.000,61546,1,SF,1,100,118.6144
1738258363.025583,2836044.000,61594,1,SF,1,100,117.2422
1738258363.358598,2836377.000,61643,1,SF,1,100,117.9682
1738258363.758615,2836777.000,61709,1,SF,1,100,118.6858
1738258364.025627,2837044.000,61760,1,SF,1,100,119.3951
1738258364.358641,2837377.000,61807,1,SF,1,100,118.0139
1738258364.758659,2837777.000,61871,1,SF,1,100,118.7310
1738258365.092673,2838111.000,61921,1,SF,1,100,119.4397
1738258365.358685,2838377.000,61973,1,SF,1,100,120.1403
1738258365.692700,2838711.000,62021,1,SF,1,100,120.8328
1738258366.091717,2839110.000,62087,1,SF,1,100,121.5172
1738258366.358729,2839377.000,62136,1,SF,1,100,122.1937
1738258366.691743,2839710.000,62186,1,SF,1,100,120.7802
1738258367.091761,2840110.000,62253,1,SF,1,100,121.4653
1738258367.358772,2840377.000,62302,1,SF,1,100,122.1424
1738258367.691787,2840710.000,62350,1,SF,1,100,122.8117
1738258368.025801,2841044.000,62399,1,SF,1,100,121.3910
1738258368.425819,2841444.000,62465,1,SF,1,100,122.0690
1738258368.691831,2841710.000,62512,1,SF,1,100,120.6569
1738258369.024845,2842043.000,62563,1,SF,1,100,121.3434
1738258369.424863,2842443.000,62625,1,SF,1,100,119.9397
1738258369.691874,2842710.000,62673,1,SF,1,100,120.6344
1738258370.024889,2843043.000,62723,1,SF,1,100,119.2389
1738258370.358903,2843377.000,62771,1,SF,1,100,119.9418
1738258370.758921,2843777.000,62835,1,SF,1,100,118.5543
1738258371.024933,2844043.000,62884,1,SF,1,100,119.2651
1738258371.358947,2844377.000,62930,1,SF,1,100,117.8855
1738258371.758965,2844777.000,62996,1,SF,1,100,116.5218
1738258372.024976,2845043.000,63046,1,SF,1,100,117.2561
1738258372.357991,2845376.000,63096,1,SF,1,100,117.9819
1738258372.692005,2845710.000,63147,1,SF,1,100,120.7816
1738258373.092023,2846110.000,63211,1,SF,1,100,119.3844
1738258373.358034,2846376.000,63260,1,SF,1,100,120.0856
1738258373.692049,2846710.000,63307,1,SF,1,100,118.6964
1738258374.092067,2847110.000,63373,1,SF,1,100,119.4056
1738258374.358078,2847376.000,63421,1,SF,1,100,120.1065
1738258374.692093,2847710.000,63471,1,SF,1,100,118.7171
1738258375.092110,2848110.000,63535,1,SF,1,100,119.4261
1738258375.425125,2848443.000,63583,1,SF,1,100,118.0445
1738258375.691136,2848709.000,63632,1,SF,1,100,118.7612
1738258376.025151,2849043.000,63682,1,SF,1,100,119.4697
1738258376.425169,2849443.000,63746,1,SF,1,100,118.0876
1738258376.691180,2849709.000,63794,1,SF,1,100,116.7216
1738258377.025195,2850043.000,63842,1,SF,1,100,117.4536
1738258377.425212,2850443.000,63908,1,SF,1,100,118.1771
1738258377.758227,2850776.000,63957,1,SF,1,100,118.8923
1738258378.025238,2851043.000,64008,1,SF,1,100,119.5992
1738258378.358253,2851376.000,64055,1,SF,1,100,118.2157
1738258378.758271,2851776.000,64117,1,SF,1,100,116.8481
1738258379.024282,2852042.000,64167,1,SF,1,100,117.5787
1738258379.358297,2852376.000,64218,1,SF,1,100,118.3008
1738258379.758314,2852776.000,64283,1,SF,1,100,119.0145
1738258380.091329,2853109.000,64331,1,SF,1,100,119.7200
1738258380.358340,2853376.000,64380,1,SF,1,100,118.3351
1738258380.691355,2853709.000,64426,1,SF,1,100,116.9662
1738258381.091372,2854109.000,64488,1,SF,1,100,115.6131
1738258381.358384,2854376.000,64540,1,SF,1,100,116.3579
1738258381.691399,2854709.000,64590,1,SF,1,100,117.0941
1738258382.091416,2855109.000,64654,1,SF,1,100,115.7396
1738258382.357428,2855375.000,64703,1,SF,1,100,116.4829
1738258382.691442,2855709.000,64754,1,SF,1,100,117.2177
1738258383.024457,2856042.000,64805,1,SF,1,100,117.9440
1738258383.424474,2856442.000,64871,1,SF,1,100,120.7441
1738258383.691486,2856709.000,64917,1,SF,1,100,119.3473
1738258384.024500,2857042.000,64966,1,SF,1,100,120.0490
1738258384.424518,2857442.000,65028,1,SF,1,100,118.6602
1738258384.691530,2857709.000,65079,1,SF,1,100,119.3698
1738258385.024544,2858042.000,65130,1,SF,1,100,120.0712
1738258385.357559,2858375.000,65178,1,SF,1,100,120.7645
1738258385.757576,2858775.000,65244,1,SF,1,100,121.4497
1738258386.024588,2859042.000,65294,1,SF,1,100,122.1270
1738258386.357602,2859375.000,65342,1,SF,1,100,120.7142
1738258386.757620,2859775.000,65408,1,SF,1,100,121.4001
1738258387.024632,2860042.000,65457,1,SF,1,100,122.0779
1738258387.357646,2860375.000,65504,1,SF,1,100,120.6657
1738258387.690661,2860708.000,17,1,SF,1,100,121.3521
1738258388.090678,2861108.000,81,1,SF,1,100,122.0306
1738258388.357690,2861375.000,131,1,SF,1,100,124.7834
1738258388.690704,2861708.000,178,1,SF,1,100,123.3399
1738258389.090722,2862108.000,242,1,SF,1,100,123.9954
1738258389.357733,2862375.000,289,1,SF,1,100,122.5610
1738258389.690748,2862708.000,336,1,SF,1,100,121.1432
1738258390.023762,2863041.000,386,1,SF,1,100,121.8240
1738258390.423780,2863441.000,450,1,SF,1,100,122.4970
1738258390.690792,2863708.000,500,1,SF,1,100,121.0800
1738258391.023806,2864041.000,550,1,SF,1,100,121.7616
1738258391.423824,2864441.000,614,1,SF,1,100,120.3530
1738258391.690835,2864708.000,665,1,SF,1,100,121.0430
1738258392.023850,2865041.000,714,1,SF,1,100,121.7250
1738258392.357865,2865375.000,763,1,SF,1,100,122.3992
1738258392.756882,2865774.000,827,1,SF,1,100,120.9832
1738258393.023894,2866041.000,875,1,SF,1,100,121.6659
1738258393.356908,2866374.000,924,1,SF,1,100,120.2585
1738258393.756926,2866774.000,988,1,SF,1,100,120.9496
1738258394.023937,2867041.000,1039,1,SF,1,100,121.6327
1738258394.356952,2867374.000,1086,1,SF,1,100,120.2256
1738258394.690966,2867708.000,1136,1,SF,1,100,120.9171
1738258395.090984,2868108.000,1200,1,SF,1,100,119.5183
1738258395.356996,2868374.000,1250,1,SF,1,100,120.2180
1738258395.690010,2868707.000,1300,1,SF,1,100,120.9095
1738258396.090028,2869107.000,1364,1,SF,1,100,121.5931
1738258396.357039,2869374.000,1415,1,SF,1,100,122.2688
1738258396.690054,2869707.000,1466,1,SF,1,100,122.9366
1738258397.024068,2870041.000,1517,1,SF,1,100,123.5967
1738258397.424086,2870441.000,1581,1,SF,1,100,124.2492
1738258397.690097,2870707.000,1627,1,SF,1,100,122.8119
1738258398.024112,2871041.000,1680,1,SF,1,100,125.5557
1738258398.424129,2871441.000,1744,1,SF,1,100,126.1855
1738258398.690141,2871707.000,1791,1,SF,1,100,124.7258
1738258399.024156,2872041.000,1838,1,SF,1,100,123.2829
1738258399.357170,2872374.000,1884,1,SF,1,100,121.8568
1738258399.757188,2872774.000,1948,1,SF,1,100,122.5294
1738258400.023199,2873040.000,1996,1,SF,1,100,121.1120
1738258400.357214,2873374.000,2044,1,SF,1,100,121.7932
1738258400.757231,2873774.000,2108,1,SF,1,100,120.3843
1738258401.023243,2874040.000,2157,1,SF,1,100,118.9917
1738258401.357258,2874374.000,2207,1,SF,1,100,119.6974
1738258401.757275,2874774.000,2272,1,SF,1,100,118.3127
1738258402.090290,2875107.000,2323,1,SF,1,100,119.0263
1738258402.356301,2875373.000,2369,1,SF,1,100,117.6494
1738258402.690316,2875707.000,2418,1,SF,1,100,116.2885
1738258403.090333,2876107.000,2484,1,SF,1,100,117.0255
1738258403.356345,2876373.000,2535,1,SF,1,100,117.7540
1738258403.690360,2876707.000,2584,1,SF,1,100,116.3918
1738258404.023374,2877040.000,2632,1,SF,1,100,117.1276
1738258404.423392,2877440.000,2696,1,SF,1,100,117.8549
1738258404.690403,2877707.000,2746,1,SF,1,100,116.4916
1738258405.023418,2878040.000,2796,1,SF,1,100,117.2262
1738258405.423435,2878440.000,2858,1,SF,1,100,115.8702
1738258405.690447,2878707.000,2907,1,SF,1,100,116.6120
1738258406.023462,2879040.000,2958,1,SF,1,100,117.3453
1738258406.356476,2879373.000,3005,1,SF,1,100,115.9878
1738258406.756494,2879773.000,3073,1,SF,1,100,116.7283
1738258407.023505,2880040.000,3123,1,SF,1,100,117.4603
1738258407.356520,2880373.000,3174,1,SF,1,100,120.2660
1738258407.756537,2880773.000,3240,1,SF,1,100,120.9570
1738258408.023549,2881040.000,3291,1,SF,1,100,121.6400
1738258408.356563,2881373.000,3340,1,SF,1,100,122.3151
1738258408.689578,2881706.000,3390,1,SF,1,100,122.9824
1738258409.089596,2882106.000,3454,1,SF,1,100,123.6420
1738258409.356607,2882373.000,3504,1,SF,1,100,122.2117
1738258409.689622,2882706.000,3550,1,SF,1,100,120.7980
1738258410.089639,2883106.000,3614,1,SF,1,100,121.4828
1738258410.356651,2883373.000,3663,1,SF,1,100,120.0775
1738258410.689665,2883706.000,3716,1,SF,1,100,122.8529
1738258411.022680,2884039.000,3765,1,SF,1,100,123.5140
1738258411.422697,2884439.000,3829,1,SF,1,100,122.0852
1738258411.689709,2884706.000,3877,1,SF,1,100,120.6729
1738258412.022724,2885039.000,3928,1,SF,1,100,123.4415
1738258412.422741,2885439.000,3994,1,SF,1,100,124.0957
1738258412.689753,2885706.000,4041,1,SF,1,100,122.6602
1738258413.022767,2886039.000,4090,1,SF,1,100,121.2412
1738258413.422785,2886439.000,4154,1,SF,1,100,121.9210
1738258413.755799,2886772.000,4200,1,SF,1,100,120.5106
1738258414.022811,2887039.000,4248,1,SF,1,100,119.1165
1738258414.355825,2887372.000,4298,1,SF,1,100,119.8208
1738258414.755843,2887772.000,4362,1,SF,1,100,120.5170
1738258415.022855,2888039.000,4409,1,SF,1,100,119.1228
1738258415.355869,2888372.000,4457,1,SF,1,100,117.7448
1738258415.755887,2888772.000,4522,1,SF,1,100,116.3827
1738258416.088901,2889105.000,4573,1,SF,1,100,117.1186
1738258416.355913,2889372.000,4623,1,SF,1,100,117.8461
1738258416.688927,2889705.000,4672,1,SF,1,100,116.4828
1738258417.088945,2890105.000,4740,1,SF,1,100,119.2998
1738258417.355957,2890372.000,4789,1,SF,1,100,117.9198
1738258417.688971,2890705.000,4838,1,SF,1,100,118.6379
1738258418.088989,2891105.000,4904,1,SF,1,100,119.3478
1738258418.423003,2891439.000,4952,1,SF,1,100,120.0494
1738258418.689015,2891705.000,5002,1,SF,1,100,118.6606
1738258419.022029,2892038.000,5050,1,SF,1,100,119.3702
1738258419.422047,2892438.000,5114,1,SF,1,100,120.0716
1738258419.689059,2892705.000,5161,1,SF,1,100,118.6826
1738258420.022073,2893038.000,5209,1,SF,1,100,119.3919
1738258420.422091,2893438.000,5272,1,SF,1,100,118.0108
1738258420.756105,2893772.000,5323,1,SF,1,100,118.7279
1738258421.022117,2894038.000,5373,1,SF,1,100,121.5189
1738258421.356131,2894372.000,5422,1,SF,1,100,122.1954
1738258421.756149,2894772.000,5488,1,SF,1,100,122.8641
1738258422.022161,2895038.000,5535,1,SF,1,100,121.4428
1738258422.355175,2895371.000,5584,1,SF,1,100,122.1202
1738258422.756192,2895772.000,5646,1,SF,1,100,120.7075
1738258423.022204,2896038.000,5694,1,SF,1,100,121.3934
1738258423.355219,2896371.000,5744,1,SF,1,100,122.0714
1738258423.689233,2896705.000,5796,1,SF,1,100,124.8238
1738258424.089251,2897105.000,5860,1,SF,1,100,125.4620
1738258424.355262,2897371.000,5909,1,SF,1,100,124.0107
1738258424.689277,2897705.000,5959,1,SF,1,100,124.6584
1738258425.089294,2898105.000,6022,1,SF,1,100,123.2163
1738258425.422309,2898438.000,6073,1,SF,1,100,123.8732
1738258425.688321,2898704.000,6121,1,SF,1,100,124.5225
1738258426.022335,2899038.000,6170,1,SF,1,100,123.0820
1738258426.422353,2899438.000,6236,1,SF,1,100,123.7404
1738258426.688364,2899704.000,6287,1,SF,1,100,124.3912
1738258427.022379,2900038.000,6338,1,SF,1,100,127.1168
1738258427.422396,2900438.000,6400,1,SF,1,100,125.6463
1738258427.688408,2900704.000,6450,1,SF,1,100,126.2751
1738258428.022423,2901038.000,6502,1,SF,1,100,126.8965
1738258428.355437,2901371.000,6552,1,SF,1,100,129.5931
1738258428.755455,2901771.000,6620,1,SF,1,100,132.2585
1738258429.021466,2902037.000,6671,1,SF,1,100,132.8108
1738258429.355481,2902371.000,6719,1,SF,1,100,131.2744
1738258429.755498,2902771.000,6781,1,SF,1,100,129.7558
1738258430.021510,2903037.000,6833,1,SF,1,100,130.3370
1738258430.355525,2903371.000,6883,1,SF,1,100,130.9115
1738258430.688539,2903704.000,6932,1,SF,1,100,131.4794
1738258431.088557,2904104.000,6996,1,SF,1,100,129.9584
1738258431.355568,2904371.000,7045,1,SF,1,100,128.4551
1738258431.688583,2904704.000,7096,1,SF,1,100,129.0513
1738258432.088600,2905104.000,7116,1,SF,1,100,127.5585
1738258432.355612,2905371.000,7164,1,SF,1,100,128.1651
1738258432.688626,2905704.000,7213,1,SF,1,100,126.6825
1738258433.088644,2906104.000,7279,1,SF,1,100,129.3815
1738258433.354656,2906370.000,7328,1,SF,1,100,129.9671
1738258433.688670,2906704.000,7377,1,SF,1,100,130.5459
1738258434.021685,2907037.000,7425,1,SF,1,100,131.1180
1738258434.421702,2907437.000,7487,1,SF,1,100,129.6012
1738258434.688714,2907704.000,7539,1,SF,1,100,130.1842
1738258435.021728,2908037.000,7587,1,SF,1,100,130.7604
1738258435.421746,2908437.000,7651,1,SF,1,100,131.3300
1738258435.687757,2908703.000,7700,1,SF,1,100,131.8931
1738258436.021772,2909037.000,7749,1,SF,1,100,130.3673
1738258436.354787,2909370.000,7796,1,SF,1,100,128.8592
1738258436.754804,2909770.000,7862,1,SF,1,100,127.3686
1738258437.021816,2910037.000,7910,1,SF,1,100,127.9774
1738258437.354830,2910370.000,7963,1,SF,1,100,128.5792
1738258437.687845,2910703.000,8011,1,SF,1,100,129.1740
1738258438.087862,2911103.000,8077,1,SF,1,100,129.7620
1738258438.354874,2911370.000,8124,1,SF,1,100,128.2609
1738258438.687888,2911703.000,8172,1,SF,1,100,126.7772
1738258439.087906,2912103.000,8236,1,SF,1,100,127.3928
1738258439.354918,2912370.000,8286,1,SF,1,100,125.9192
1738258439.687932,2912703.000,8338,1,SF,1,100,128.6270
1738258440.020947,2913036.000,8385,1,SF,1,100,127.1390
1738258440.420964,2913436.000,8451,1,SF,1,100,127.7505
1738258440.687976,2913703.000,8500,1,SF,1,100,128.3550
1738258441.020990,2914036.000,8549,1,SF,1,100,128.9524
1738258441.421008,2914436.000,8615,1,SF,1,100,129.5429
1738258441.755023,2914770.000,8663,1,SF,1,100,130.1266
1738258442.021034,2915036.000,8713,1,SF,1,100,130.7035
1738258442.354049,2915369.000,8766,1,SF,1,100,129.1915
1738258442.755066,2915770.000,8830,1,SF,1,100,129.7793
1738258443.088081,2916103.000,8879,1,SF,1,100,130.3602
1738258443.354092,2916369.000,8930,1,SF,1,100,130.9345
1738258443.688107,2916703.000,8977,1,SF,1,100,129.4198
1738258444.088124,2917103.000,9043,1,SF,1,100,130.0049
1738258444.354136,2917369.000,9091,1,SF,1,100,130.5833
1738258444.688151,2917703.000,9138,1,SF,1,100,129.0727
1738258445.088168,2918103.000,9205,1,SF,1,100,129.6618
1738258445.421183,2918436.000,9253,1,SF,1,100,130.2441
1738258445.688194,2918703.000,9300,1,SF,1,100,128.7375
1738258446.021209,2919036.000,9352,1,SF,1,100,129.3305
1738258446.421226,2919436.000,9418,1,SF,1,100,129.9166
1738258446.687238,2919702.000,9470,1,SF,1,100,130.4960
1738258447.021253,2920036.000,9516,1,SF,1,100,128.9864
1738258447.421270,2920436.000,9566,1,SF,1,100,127.4943
1738258447.687282,2920702.000,9613,1,SF,1,100,126.0194
1738258448.021296,2921036.000,9659,1,SF,1,100,124.5616
1738258448.421314,2921436.000,9724,1,SF,1,100,125.2029
1738258448.754328,2921769.000,9775,1,SF,1,100,125.8368
1738258449.020340,2922035.000,9821,1,SF,1,100,124.3811
1738258449.354354,2922369.000,9870,1,SF,1,100,125.0246
1738258449.754372,2922769.000,9934,1,SF,1,100,123.5783
1738258450.020384,2923035.000,9983,1,SF,1,100,124.2309
1738258450.354398,2923369.000,10034,1,SF,1,100,124.8761
1738258450.687413,2923702.000,10082,1,SF,1,100,125.5138
1738258451.087430,2924102.000,10144,1,SF,1,100,124.0618
1738258451.354442,2924369.000,10194,1,SF,1,100,124.7089
1738258451.687456,2924702.000,10246,1,SF,1,100,127.4308
1738258452.087474,2925102.000,10310,1,SF,1,100,125.9566
1738258452.354486,2925369.000,10359,1,SF,1,100,126.5818
1738258452.687500,2925702.000,10415,1,SF,1,100,127.1998
1738258453.020515,2926035.000,10462,1,SF,1,100,125.7283
1738258453.420532,2926435.000,10528,1,SF,1,100,126.3561
1738258453.687544,2926702.000,10574,1,SF,1,100,124.8944
1738258454.020558,2927035.000,10625,1,SF,1,100,125.5319
1738258454.420576,2927435.000,10688,1,SF,1,100,124.0797
1738258454.753590,2927768.000,10736,1,SF,1,100,122.6444
1738258455.020602,2928035.000,10783,1,SF,1,100,121.2256
1738258455.353616,2928368.000,10831,1,SF,1,100,121.9055
1738258455.753634,2928768.000,10897,1,SF,1,100,122.5776
1738258456.020646,2929035.000,10947,1,SF,1,100,123.2418
1738258456.353660,2929368.000,10995,1,SF,1,100,123.8984
1738258456.753678,2929768.000,11063,1,SF,1,100,124.5474
1738258457.086692,2930101.000,11110,1,SF,1,100,123.1066
1738258457.353704,2930368.000,11159,1,SF,1,100,123.7648
1738258457.686718,2930701.000,11213,1,SF,1,100,124.4153
1738258458.086736,2931101.000,11277,1,SF,1,100,122.9761
1738258458.353748,2931368.000,11325,1,SF,1,100,123.6357
1738258458.686762,2931701.000,11374,1,SF,1,100,124.2878
1738258459.086780,2932101.000,11439,1,SF,1,100,122.8500
1738258459.419794,2932434.000,11489,1,SF,1,100,125.5934
1738258459.686806,2932701.000,11538,1,SF,1,100,124.1405
1738258460.019820,2933034.000,11586,1,SF,1,100,124.7867
1738258460.419838,2933434.000,11650,1,SF,1,100,123.3431
1738258460.686850,2933701.000,11700,1,SF,1,100,123.9985
1738258461.019864,2934034.000,11748,1,SF,1,100,122.5641
1738258461.353879,2934368.000,11799,1,SF,1,100,123.2285
1738258461.753896,2934768.000,11863,1,SF,1,100,121.8030
1738258462.019908,2935034.000,11910,1,SF,1,100,120.3940
1738258462.352922,2935367.000,11957,1,SF,1,100,119.0013
1738258462.686937,2935701.000,12009,1,SF,1,100,117.6246
1738258463.019951,2936034.000,12058,1,SF,1,100,116.2640
1738258463.419969,2936434.000,12120,1,SF,1,100,114.9190
1738258463.686980,2936701.000,12169,1,SF,1,100,113.5896
1738258464.019995,2937034.000,12215,1,SF,1,100,112.2756
1738258464.420013,2937434.000,12277,1,SF,1,100,110.9768
1738258464.687024,2937701.000,12325,1,SF,1,100,109.6930
1738258465.020039,2938034.000,12371,1,SF,1,100,108.4241
1738258465.353053,2938367.000,12418,1,SF,1,100,107.1698
1738258465.753071,2938767.000,12482,1,SF,1,100,105.9301
1738258466.020082,2939034.000,12531,1,SF,1,100,106.7869
1738258466.353097,2939367.000,12578,1,SF,1,100,105.5516
1738258466.753114,2939767.000,12644,1,SF,1,100,106.4128
1738258467.086129,2940100.000,12690,1,SF,1,100,105.1818
1738258467.353141,2940367.000,12740,1,SF,1,100,106.0473
1738258467.686155,2940700.000,12786,1,SF,1,100,104.8206
1738258468.086173,2941100.000,12837,1,SF,1,100,103.6080
1738258468.353184,2941367.000,12884,1,SF,1,100,102.4095
1738258468.686199,2941700.000,12930,1,SF,1,100,101.2248
1738258469.086216,2942100.000,12994,1,SF,1,100,102.1361
1738258469.353228,2942367.000,13042,1,SF,1,100,100.9545
1738258469.686243,2942700.000,13088,1,SF,1,100,99.7867
1738258470.019257,2943033.000,13135,1,SF,1,100,98.6323
1738258470.419275,2943433.000,13197,1,SF,1,100,97.4914
1738258470.686286,2943700.000,13246,1,SF,1,100,98.4458
1738258471.019301,2944033.000,13293,1,SF,1,100,97.3070
1738258471.419318,2944433.000,13357,1,SF,1,100,96.1814
1738258471.686330,2944700.000,13403,1,SF,1,100,95.0687
1738258472.019345,2945033.000,13453,1,SF,1,100,96.0512
1738258472.352359,2945366.000,13499,1,SF,1,100,94.9401
1738258472.752377,2945766.000,13561,1,SF,1,100,93.8418
1738258473.019388,2946033.000,13617,1,SF,1,100,94.8385
1738258473.352403,2946366.000,13663,1,SF,1,100,93.7414
1738258473.752420,2946766.000,13727,1,SF,1,100,94.7392
1738258474.019432,2947033.000,13775,1,SF,1,100,93.6433
1738258474.352447,2947366.000,13823,1,SF,1,100,94.6423
1738258474.686461,2947700.000,13870,1,SF,1,100,93.5474
1738258475.086478,2948100.000,13934,1,SF,1,100,94.5475
1738258475.352490,2948366.000,13981,1,SF,1,100,93.4538
1738258475.685505,2948699.000,14030,1,SF,1,100,94.4550
1738258476.085522,2949099.000,14094,1,SF,1,100,95.4446
1738258476.352534,2949366.000,14140,1,SF,1,100,94.3405
1738258476.685549,2949699.000,14190,1,SF,1,100,93.2491
1738258477.019563,2950033.000,14236,1,SF,1,100,92.1704
1738258477.419580,2950433.000,14298,1,SF,1,100,91.1042
1738258477.685592,2950699.000,14345,1,SF,1,100,90.0503
1738258478.019607,2951033.000,14398,1,SF,1,100,91.0908
1738258478.419624,2951433.000,14463,1,SF,1,100,92.1193
1738258478.752639,2951766.000,14510,1,SF,1,100,91.0537
1738258479.018650,2952032.000,14558,1,SF,1,100,92.0826
1738258479.352665,2952366.000,14605,1,SF,1,100,91.0174
1738258479.752682,2952766.000,14669,1,SF,1,100,92.0468
1738258480.018694,2953032.000,14716,1,SF,1,100,90.9820
1738258480.352709,2953366.000,14763,1,SF,1,100,89.9295
1738258480.752726,2953766.000,14829,1,SF,1,100,93.0537
1738258481.018738,2954032.000,14875,1,SF,1,100,91.9772
1738258481.352752,2954366.000,14923,1,SF,1,100,90.9132
1738258481.685767,2954699.000,14973,1,SF,1,100,91.9438
1738258482.085784,2955099.000,15035,1,SF,1,100,90.8802
1738258482.352796,2955366.000,15084,1,SF,1,100,91.9111
1738258482.685811,2955699.000,15130,1,SF,1,100,90.8479
1738258483.085828,2956099.000,15200,1,SF,1,100,89.7969
1738258483.418843,2956432.000,15249,1,SF,1,100,90.8404
1738258483.685854,2956699.000,15297,1,SF,1,100,91.8718
1738258484.018869,2957032.000,15349,1,SF,1,100,94.9735
1738258484.351883,2957365.000,15395,1,SF,1,100,93.8749
1738258484.751901,2957765.000,15461,1,SF,1,100,96.9534
1738258485.018913,2958032.000,15510,1,SF,1,100,97.9141
1738258485.351927,2958365.000,15558,1,SF,1,100,96.7814
1738258485.751945,2958765.000,15623,1,SF,1,100,97.7441
1738258486.084959,2959098.000,15672,1,SF,1,100,98.6957
1738258486.351971,2959365.000,15718,1,SF,1,100,97.5539
1738258486.684985,2959698.000,15771,1,SF,1,100,100.5899
1738258487.085003,2960098.000,15833,1,SF,1,100,99.4263
1738258487.352014,2960365.000,15882,1,SF,1,100,100.3584
1738258487.685029,2960698.000,15931,1,SF,1,100,101.2797
1738258488.085047,2961098.000,15995,1,SF,1,100,102.1903
1738258488.419061,2961432.000,16048,1,SF,1,100,103.0904
1738258488.685073,2961698.000,16096,1,SF,1,100,101.8979
1738258489.018087,2962031.000,16144,1,SF,1,100,102.8014
1738258489.418105,2962431.000,16206,1,SF,1,100,101.6122
1738258489.685116,2962698.000,16255,1,SF,1,100,102.5190
1738258490.018131,2963031.000,16304,1,SF,1,100,103.4153
1738258490.352145,2963365.000,16351,1,SF,1,100,102.2190
1738258490.752163,2963765.000,16413,1,SF,1,100,101.0365
1738258491.018175,2964031.000,16461,1,SF,1,100,101.9499
1738258491.352189,2964365.000,16512,1,SF,1,100,102.8528
1738258491.752207,2964765.000,16576,1,SF,1,100,101.6630
1738258492.018218,2965031.000,16627,1,SF,1,100,104.6515
1738258492.352233,2965365.000,16676,1,SF,1,100,105.5231
1738258492.685247,2965698.000,16724,1,SF,1,100,104.3024
1738258493.085265,2966098.000,16788,1,SF,1,100,105.1781
1738258493.418279,2966431.000,16841,1,SF,1,100,103.9614
1738258493.751294,2966764.000,16890,1,SF,1,100,104.8410
1738258494.018306,2967031.000,16939,1,SF,1,100,105.7104
1738258494.351320,2967364.000,16986,1,SF,1,100,104.4876
1738258494.685335,2967698.000,17034,1,SF,1,100,105.3611
1738258495.085352,2968098.000,17096,1,SF,1,100,104.1423
1738258495.351364,2968364.000,17146,1,SF,1,100,105.0198
1738258495.684378,2968697.000,17192,1,SF,1,100,103.8049
1738258496.084396,2969097.000,17256,1,SF,1,100,104.6864
1738258496.351408,2969364.000,17305,1,SF,1,100,105.5576
1738258496.684422,2969697.000,17358,1,SF,1,100,106.4188
1738258497.018437,2970031.000,17407,1,SF,1,100,107.2700
1738258497.418454,2970431.000,17471,1,SF,1,100,108.1113
1738258497.684466,2970697.000,17517,1,SF,1,100,106.8607
1738258498.018480,2971031.000,17566,1,SF,1,100,107.7067
1738258498.418498,2971431.000,17632,1,SF,1,100,108.5430
1738258498.684510,2971697.000,17669,1,SF,1,100,107.2874
1738258499.084527,2972097.000,17733,1,SF,1,100,108.1285
1738258499.351539,2972364.000,17783,1,SF,1,100,108.9600
1738258499.684553,2972697.000,17829,1,SF,1,100,107.6995
1738258500.017568,2973030.000,17878,1,SF,1,100,108.5359
1738258500.417585,2973430.000,17942,1,SF,1,100,109.3626
1738258500.684597,2973697.000,17991,1,SF,1,100,110.1797
1738258501.017612,2974030.000,18040,1,SF,1,100,110.9874
1738258501.417629,2974430.000,18106,1,SF,1,100,109.7035
1738258501.684641,2974697.000,18154,1,SF,1,100,110.5167
1738258502.017655,2975030.000,18204,1,SF,1,100,111.3205
1738258502.350670,2975363.000,18252,1,SF,1,100,112.1150
1738258502.750687,2975763.000,18314,1,SF,1,100,110.8180
1738258503.017699,2976030.000,18363,1,SF,1,100,111.6183
1738258503.350713,2976363.000,18411,1,SF,1,100,112.4094
1738258503.750731,2976763.000,18480,1,SF,1,100,111.1090
1738258504.084745,2977097.000,18530,1,SF,1,100,111.9059
1738258504.350757,2977363.000,18578,1,SF,1,100,112.6936
1738258504.684772,2977697.000,18627,1,SF,1,100,113.4723
1738258505.084789,2978097.000,18691,1,SF,1,100,112.1596
1738258505.350801,2978363.000,18740,1,SF,1,100,112.9444
1738258505.683815,2978696.000,18789,1,SF,1,100,113.7201
1738258506.083833,2979096.000,18853,1,SF,1,100,114.4868
1738258506.417847,2979430.000,18901,1,SF,1,100,113.1624
1738258506.683859,2979696.000,18951,1,SF,1,100,113.9356
1738258507.017874,2980030.000,18999,1,SF,1,100,112.6176
1738258507.417891,2980430.000,19061,1,SF,1,100,111.3148
1738258507.683903,2980696.000,19108,1,SF,1,100,110.0271
1738258508.017917,2981030.000,19155,1,SF,1,100,108.7543
1738258508.350932,2981363.000,19206,1,SF,1,100,111.6607
1738258508.750949,2981763.000,19275,1,SF,1,100,110.3690
1738258509.016961,2982029.000,19323,1,SF,1,100,111.1745
1738258509.350976,2982363.000,19372,1,SF,1,100,111.9707
1738258509.750993,2982763.000,19437,1,SF,1,100,110.6754
1738258510.084008,2983096.000,19485,1,SF,1,100,111.4774
1738258510.351019,2983363.000,19532,1,SF,1,100,110.1878
1738258510.684034,2983696.000,19578,1,SF,1,100,108.9131
1738258511.084051,2984096.000,19642,1,SF,1,100,109.7355
1738258511.351063,2984363.000,19692,1,SF,1,100,110.5483
1738258511.684078,2984696.000,19740,1,SF,1,100,109.2695
1738258512.017092,2985029.000,19789,1,SF,1,100,110.0877
1738258512.417109,2985429.000,19853,1,SF,1,100,110.8964
1738258512.684121,2985696.000,19902,1,SF,1,100,111.6958
1738258513.017136,2986029.000,19951,1,SF,1,100,110.4037
1738258513.417153,2986429.000,20017,1,SF,1,100,113.2911
1738258513.684165,2986696.000,20065,1,SF,1,100,114.0628
1738258514.017179,2987029.000,20103,1,SF,1,100,114.8255
1738258514.417197,2987429.000,20168,1,SF,1,100,113.4972
1738258514.750211,2987762.000,20216,1,SF,1,100,114.2665
1738258515.017223,2988029.000,20263,1,SF,1,100,112.9447
1738258515.350238,2988362.000,20311,1,SF,1,100,113.7204
1738258515.750255,2988762.000,20375,1,SF,1,100,114.4871
1738258516.017267,2989029.000,20425,1,SF,1,100,115.2450
1738258516.350281,2989362.000,20473,1,SF,1,100,115.9941
1738258516.750299,2989762.000,20539,1,SF,1,100,116.7345
1738258517.083313,2990095.000,20588,1,SF,1,100,117.4663
1738258517.350325,2990362.000,20635,1,SF,1,100,116.1075
1738258517.683339,2990695.000,20684,1,SF,1,100,116.8466
1738258518.083357,2991095.000,20748,1,SF,1,100,117.5772
1738258518.350368,2991362.000,20794,1,SF,1,100,116.2170
1738258518.683383,2991695.000,20844,1,SF,1,100,116.9549
1738258519.016398,2992028.000,20897,1,SF,1,100,115.6019
1738258519.416415,2992428.000,20961,1,SF,1,100,116.3469
1738258519.683427,2992695.000,21010,1,SF,1,100,117.0832
1738258520.016441,2993028.000,21059,1,SF,1,100,117.8111
1738258520.350456,2993362.000,21108,1,SF,1,100,118.5305
1738258520.750473,2993762.000,21170,1,SF,1,100,117.1593
1738258521.016485,2994028.000,21216,1,SF,1,100,115.8040
1738258521.350500,2994362.000,21265,1,SF,1,100,116.5466
1738258521.750517,2994762.000,21332,1,SF,1,100,117.2806
1738258522.083532,2995095.000,21378,1,SF,1,100,115.9239
1738258522.349543,2995361.000,21427,1,SF,1,100,116.6652
1738258522.683558,2995695.000,21473,1,SF,1,100,115.3156
1738258523.083575,2996095.000,21537,1,SF,1,100,116.0638
1738258523.350587,2996362.000,21585,1,SF,1,100,114.7212
1738258523.683602,2996695.000,21631,1,SF,1,100,113.3941
1738258524.016616,2997028.000,21678,1,SF,1,100,112.0824
1738258524.349631,2997361.000,21732,1,SF,1,100,112.8680
1738258524.749648,2997761.000,21794,1,SF,1,100,111.5624
1738258525.016660,2998028.000,21843,1,SF,1,100,112.3541
1738258525.349674,2998361.000,21891,1,SF,1,100,113.1366
1738258525.749692,2998761.000,21955,1,SF,1,100,113.9101
1738258526.016704,2999028.000,22003,1,SF,1,100,112.5924
1738258526.349718,2999361.000,22051,1,SF,1,100,113.3721
1738258526.682733,2999694.000,22102,1,SF,1,100,114.1429
1738258527.082750,3000094.000,22166,1,SF,1,100,114.9047
1738258527.349762,3000361.000,22213,1,SF,1,100,113.5755
1738258527.682776,3000694.000,22262,1,SF,1,100,114.3439
1738258528.082794,3001094.000,22326,1,SF,1,100,115.1034
1738258528.349805,3001361.000,22374,1,SF,1,100,115.8541
1738258528.682820,3001694.000,22422,1,SF,1,100,114.5139
1738258529.015835,3002027.000,22470,1,SF,1,100,115.2715
1738258529.415852,3002427.000,22539,1,SF,1,100,113.9380
1738258529.682864,3002694.000,22590,1,SF,1,100,116.7845
1738258530.015878,3003027.000,22638,1,SF,1,100,117.5158
1738258530.415896,3003427.000,22700,1,SF,1,100,116.1563
1738258530.749910,3003761.000,22750,1,SF,1,100,116.8949
1738258531.015922,3004027.000,22798,1,SF,1,100,117.6249
1738258531.349936,3004361.000,22845,1,SF,1,100,116.2642
1738258531.749954,3004761.000,22911,1,SF,1,100,117.0015
1738258532.015966,3005027.000,22960,1,SF,1,100,117.7303
1738258532.349980,3005361.000,23009,1,SF,1,100,118.4506
1738258532.749998,3005761.000,23073,1,SF,1,100,119.1626
1738258533.083012,3006094.000,23123,1,SF,1,100,121.9486
1738258533.349024,3006360.000,23171,1,SF,1,100,120.5379
1738258533.683038,3006694.000,23221,1,SF,1,100,121.2258
1738258534.083056,3007094.000,23285,1,SF,1,100,121.9057
1738258534.349067,3007360.000,23337,1,SF,1,100,120.4955
1738258534.683082,3007694.000,23384,1,SF,1,100,119.1016
1738258535.016097,3008027.000,23433,1,SF,1,100,119.8060
1738258535.416114,3008427.000,23497,1,SF,1,100,118.4201
1738258535.682126,3008693.000,23543,1,SF,1,100,117.0502
1738258536.016140,3009027.000,23594,1,SF,1,100,119.8607
1738258536.416158,3009427.000,23658,1,SF,1,100,118.4741
1738258536.682169,3009693.000,23707,1,SF,1,100,119.1859
1738258537.016184,3010027.000,23756,1,SF,1,100,119.8894
1738258537.349199,3010360.000,23802,1,SF,1,100,118.5025
1738258537.749216,3010760.000,23864,1,SF,1,100,117.1316
1738258538.016228,3011027.000,23914,1,SF,1,100,117.8589
1738258538.349242,3011360.000,23960,1,SF,1,100,116.4955
1738258538.749260,3011760.000,24022,1,SF,1,100,115.1479
1738258539.016271,3012027.000,24073,1,SF,1,100,115.8981
1738258539.349286,3012360.000,24120,1,SF,1,100,114.5574
1738258539.682301,3012693.000,24172,1,SF,1,100,113.2322
1738258540.082318,3013093.000,24236,1,SF,1,100,114.0045
1738258540.349330,3013360.000,24284,1,SF,1,100,114.7680
1738258540.682344,3013693.000,24334,1,SF,1,100,115.5226
1738258541.015359,3014026.000,24382,1,SF,1,100,116.2685
1738258541.415376,3014426.000,24448,1,SF,1,100,117.0057
1738258541.682388,3014693.000,24497,1,SF,1,100,117.7344
1738258542.015403,3015026.000,24545,1,SF,1,100,118.4547
1738258542.415420,3015426.000,24607,1,SF,1,100,117.0844
1738258542.682432,3015693.000,24657,1,SF,1,100,117.8123
1738258543.015446,3016026.000,24705,1,SF,1,100,118.5316
1738258543.348461,3016359.000,24754,1,SF,1,100,119.2427
1738258543.748478,3016759.000,24818,1,SF,1,100,119.9456
1738258544.015490,3017026.000,24865,1,SF,1,100,118.5580
1738258544.348504,3017359.000,24914,1,SF,1,100,119.2688
1738258544.748522,3017759.000,24981,1,SF,1,100,117.8891
1738258545.082536,3018093.000,25029,1,SF,1,100,118.6076
1738258545.348548,3018359.000,25079,1,SF,1,100,119.3178
1738258545.681563,3018692.000,25125,1,SF,1,100,117.9375
1738258546.082580,3019093.000,25189,1,SF,1,100,118.6554
1738258546.348592,3019359.000,25236,1,SF,1,100,117.2828
1738258546.681606,3019692.000,25287,1,SF,1,100,118.0083
1738258547.015621,3020026.000,25334,1,SF,1,100,116.6432
1738258547.415638,3020426.000,25396,1,SF,1,100,115.2939
1738258547.681650,3020692.000,25442,1,SF,1,100,113.9602
1738258548.015665,3021026.000,25493,1,SF,1,100,114.7241
1738258548.415682,3021426.000,25557,1,SF,1,100,115.4792
1738258548.681694,3021692.000,25604,1,SF,1,100,114.1434
1738258549.015708,3022026.000,25653,1,SF,1,100,114.9052
1738258549.348723,3022359.000,25699,1,SF,1,100,113.5760
1738258549.748740,3022759.000,25768,1,SF,1,100,114.3444
1738258550.015752,3023026.000,25818,1,SF,1,100,115.1039
1738258550.348767,3023359.000,25866,1,SF,1,100,115.8546
1738258550.681781,3023692.000,25913,1,SF,1,100,114.5144
1738258551.081799,3024092.000,25977,1,SF,1,100,115.2719
1738258551.348810,3024359.000,26026,1,SF,1,100,116.0207
1738258551.681825,3024692.000,26075,1,SF,1,100,114.6786
1738258552.081842,3025092.000,26139,1,SF,1,100,115.4342
1738258552.348854,3025359.000,26187,1,SF,1,100,116.1811
1738258552.681868,3025692.000,26235,1,SF,1,100,114.8371
1738258553.014883,3026025.000,26283,1,SF,1,100,113.5087
1738258553.414901,3026425.000,26347,1,SF,1,100,114.2778
1738258553.681912,3026692.000,26394,1,SF,1,100,112.9559
1738258554.014927,3027025.000,26440,1,SF,1,100,111.6492
1738258554.414944,3027425.000,26506,1,SF,1,100,112.4399
1738258554.747959,3027758.000,26561,1,SF,1,100,113.2214
1738258555.081973,3028092.000,26607,1,SF,1,100,111.9117
1738258555.347985,3028358.000,26657,1,SF,1,100,112.6993
1738258555.681000,3028691.000,26705,1,SF,1,100,113.4779
1738258556.081017,3029091.000,26769,1,SF,1,100,114.2474
1738258556.348029,3029358.000,26818,1,SF,1,100,115.0080
1738258556.681043,3029691.000,26871,1,SF,1,100,115.7598
1738258557.081061,3030091.000,26935,1,SF,1,100,116.5030
1738258557.415075,3030425.000,26986,1,SF,1,100,117.2375
1738258557.681087,3030691.000,27032,1,SF,1,100,115.8813
1738258558.015101,3031025.000,27083,1,SF,1,100,118.7053
1738258558.415119,3031425.000,27147,1,SF,1,100,119.4143
1738258558.681130,3031691.000,27200,1,SF,1,100,118.0330
1738258559.015145,3032025.000,27249,1,SF,1,100,118.7498
1738258559.414163,3032424.000,27317,1,SF,1,100,119.4583
1738258559.748177,3032758.000,27363,1,SF,1,100,118.0764
1738258560.015189,3033025.000,27403,1,SF,1,100,118.7928
1738258560.348203,3033358.000,27449,1,SF,1,100,117.4186
1738258560.748221,3033758.000,27515,1,SF,1,100,118.1425
1738258561.014232,3034024.000,27562,1,SF,1,100,116.7758
1738258561.348247,3034358.000,27611,1,SF,1,100,117.5072
1738258561.681262,3034691.000,27662,1,SF,1,100,118.2301
1738258562.081279,3035091.000,27724,1,SF,1,100,116.8624
1738258562.347291,3035357.000,27772,1,SF,1,100,117.5928
1738258562.681305,3035691.000,27819,1,SF,1,100,116.2325
1738258563.081323,3036091.000,27881,1,SF,1,100,114.8879
1738258563.347334,3036357.000,27930,1,SF,1,100,115.6411
1738258563.681349,3036691.000,27979,1,SF,1,100,114.3034
1738258564.014364,3037024.000,28027,1,SF,1,100,115.0634
1738258564.414381,3037424.000,28091,1,SF,1,100,113.7323
1738258564.681393,3037691.000,28139,1,SF,1,100,112.4166
1738258565.014407,3038024.000,28194,1,SF,1,100,113.1984
1738258565.414425,3038424.000,28258,1,SF,1,100,111.8890
1738258565.681436,3038691.000,28305,1,SF,1,100,110.5946
1738258566.014451,3039024.000,28354,1,SF,1,100,111.3975
1738258566.347466,3039357.000,28401,1,SF,1,100,110.1089
1738258566.747483,3039757.000,28465,1,SF,1,100,108.8351
1738258567.014495,3040024.000,28513,1,SF,1,100,109.6583
1738258567.347509,3040357.000,28562,1,SF,1,100,110.4721
1738258567.747527,3040757.000,28627,1,SF,1,100,111.2764
1738258568.080541,3041090.000,28675,1,SF,1,100,112.0714
1738258568.347553,3041357.000,28724,1,SF,1,100,112.8572
1738258568.680567,3041690.000,28770,1,SF,1,100,111.5516
1738258569.080585,3042090.000,28835,1,SF,1,100,112.3435
1738258569.413599,3042423.000,28884,1,SF,1,100,113.1261
1738258569.680611,3042690.000,28930,1,SF,1,100,111.8175
1738258570.013626,3043023.000,28977,1,SF,1,100,110.5239
1738258570.347640,3043357.000,29030,1,SF,1,100,109.2454
1738258570.680655,3043690.000,29078,1,SF,1,100,110.0639
1738258571.080672,3044090.000,29144,1,SF,1,100,110.8729
1738258571.347684,3044357.000,29192,1,SF,1,100,109.5903
1738258571.680698,3044690.000,29244,1,SF,1,100,110.4048
1738258572.080716,3045090.000,29306,1,SF,1,100,109.1277
1738258572.413730,3045423.000,29355,1,SF,1,100,109.9475
1738258572.680742,3045690.000,29404,1,SF,1,100,110.7579
1738258573.013757,3046023.000,29453,1,SF,1,100,111.5589
1738258573.413774,3046423.000,29515,1,SF,1,100,110.2684
1738258573.680786,3046690.000,29563,1,SF,1,100,111.0750
1738258574.013800,3047023.000,29611,1,SF,1,100,109.7901
1738258574.413818,3047423.000,29677,1,SF,1,100,112.6846
1738258574.746832,3047756.000,29723,1,SF,1,100,111.3810
1738258575.013844,3048023.000,29772,1,SF,1,100,112.1748
1738258575.346859,3048356.000,29823,1,SF,1,100,110.8772
1738258575.746876,3048756.000,29885,1,SF,1,100,109.5945
1738258576.013888,3049023.000,29935,1,SF,1,100,110.4090
1738258576.346902,3049356.000,29983,1,SF,1,100,111.2140
1738258576.679917,3049689.000,30034,1,SF,1,100,112.0097
1738258577.079934,3050089.000,30098,1,SF,1,100,112.7962
1738258577.346946,3050356.000,30147,1,SF,1,100,113.5737
1738258577.679960,3050689.000,30196,1,SF,1,100,114.3421
1738258578.079978,3051089.000,30260,1,SF,1,100,115.1016
1738258578.346990,3051356.000,30306,1,SF,1,100,113.7701
1738258578.680004,3051689.000,30356,1,SF,1,100,114.5363
1738258579.013019,3052022.000,30404,1,SF,1,100,115.2936
1738258579.413036,3052422.000,30466,1,SF,1,100,113.9598
1738258579.680048,3052689.000,30513,1,SF,1,100,112.6415
1738258580.013062,3053022.000,30559,1,SF,1,100,111.3385
1738258580.413080,3053422.000,30631,1,SF,1,100,112.1328
1738258580.680092,3053689.000,30682,1,SF,1,100,115.0001
1738258581.013106,3054022.000,30730,1,SF,1,100,115.7520
1738258581.347121,3054356.000,30781,1,SF,1,100,116.4953
1738258581.747138,3054756.000,30847,1,SF,1,100,117.2299
1738258582.013150,3055022.000,30896,1,SF,1,100,117.9560
1738258582.346164,3055355.000,30945,1,SF,1,100,118.6738
1738258582.746182,3055755.000,31009,1,SF,1,100,119.3832
1738258583.080196,3056089.000,31055,1,SF,1,100,118.0021
1738258583.346208,3056355.000,31105,1,SF,1,100,116.6371
1738258583.680223,3056689.000,31155,1,SF,1,100,119.4523
1738258584.080240,3057089.000,31219,1,SF,1,100,118.0705
1738258584.346252,3057355.000,31266,1,SF,1,100,116.7046
1738258584.680266,3057689.000,31317,1,SF,1,100,117.4369
1738258585.013281,3058022.000,31366,1,SF,1,100,118.1606
1738258585.480301,3058489.000,31437,1,SF,1,100,116.7937
1738258585.679310,3058688.000,31471,1,SF,1,100,117.5249
1738258586.079327,3059088.000,31535,1,SF,1,100,116.1653
1738258586.346339,3059355.000,31582,1,SF,1,100,114.8215
1738258586.679354,3059688.000,31633,1,SF,1,100,113.4933
1738258587.013368,3060022.000,31682,1,SF,1,100,114.2626
1738258587.413386,3060422.000,31748,1,SF,1,100,115.0231
1738258587.679397,3060688.000,31796,1,SF,1,100,115.7747
1738258588.013412,3061022.000,31845,1,SF,1,100,116.5177
1738258588.413429,3061422.000,31912,1,SF,1,100,119.3343
1738258588.746444,3061755.000,31958,1,SF,1,100,117.9538
1738258589.013456,3062022.000,32009,1,SF,1,100,118.6716
1738258589.346470,3062355.000,32055,1,SF,1,100,117.2988
1738258589.746488,3062755.000,32119,1,SF,1,100,118.0241
1738258590.013499,3063022.000,32167,1,SF,1,100,116.6588
1738258590.346514,3063355.000,32215,1,SF,1,100,117.3915
1738258590.746531,3063755.000,32284,1,SF,1,100,116.0336
1738258591.079546,3064088.000,32335,1,SF,1,100,118.8558
1738258591.346558,3064355.000,32382,1,SF,1,100,117.4808
1738258591.679572,3064688.000,32433,1,SF,1,100,116.1218
1738258592.079590,3065088.000,32495,1,SF,1,100,114.7785
1738258592.346601,3065355.000,32545,1,SF,1,100,115.5330
1738258592.679616,3065688.000,32595,1,SF,1,100,116.2788
1738258593.012630,3066021.000,32641,1,SF,1,100,114.9336
1738258593.412648,3066421.000,32707,1,SF,1,100,115.6863
1738258593.679659,3066688.000,32756,1,SF,1,100,116.4303
1738258594.012674,3067021.000,32804,1,SF,1,100,117.1657
1738258594.412691,3067421.000,32868,1,SF,1,100,117.8926
1738258594.679703,3067688.000,32920,1,SF,1,100,118.6110
1738258595.012718,3068021.000,32966,1,SF,1,100,117.2389
1738258595.345732,3068354.000,33017,1,SF,1,100,120.0472
1738258595.745750,3068754.000,33070,1,SF,1,100,118.6585
1738258596.012761,3069021.000,33119,1,SF,1,100,119.3681
1738258596.345776,3069354.000,33170,1,SF,1,100,122.1517
1738258596.745793,3069754.000,33236,1,SF,1,100,120.7387
1738258597.012805,3070021.000,33284,1,SF,1,100,121.4242
1738258597.345820,3070354.000,33334,1,SF,1,100,122.1018
1738258597.678834,3070687.000,33382,1,SF,1,100,122.7716
1738258598.078852,3071087.000,33444,1,SF,1,100,121.3514
1738258598.345863,3071354.000,33495,1,SF,1,100,119.9476
1738258598.678878,3071687.000,33543,1,SF,1,100,120.6423
1738258599.078895,3072087.000,33605,1,SF,1,100,119.2467
1738258599.345907,3072354.000,33657,1,SF,1,100,119.9495
1738258599.678921,3072687.000,33705,1,SF,1,100,120.6441
1738258600.011936,3073020.000,33752,1,SF,1,100,119.2485
1738258600.411953,3073420.000,33814,1,SF,1,100,117.8690
1738258600.678965,3073687.000,33863,1,SF,1,100,118.5878
1738258601.078983,3074087.000,33914,1,SF,1,100,117.2159
1738258601.345994,3074354.000,33963,1,SF,1,100,117.9422
1738258601.679009,3074687.000,34014,1,SF,1,100,118.6601
1738258602.079026,3075087.000,34076,1,SF,1,100,117.2874
1738258602.346038,3075354.000,34124,1,SF,1,100,118.0129
1738258602.679053,3075687.000,34174,1,SF,1,100,118.7300
1738258603.012067,3076020.000,34222,1,SF,1,100,119.4388
1738258603.412085,3076420.000,34286,1,SF,1,100,120.1393
1738258603.679096,3076687.000,34337,1,SF,1,100,120.8318
1738258604.012111,3077020.000,34385,1,SF,1,100,121.5163
1738258604.412128,3077420.000,34450,1,SF,1,100,122.1928
1738258604.679140,3077687.000,34499,1,SF,1,100,122.8615
1738258605.012155,3078020.000,34547,1,SF,1,100,123.5225
1738258605.345169,3078353.000,34594,1,SF,1,100,122.0936
1738258605.745187,3078753.000,34658,1,SF,1,100,120.6812
1738258606.078201,3079086.000,34712,1,SF,1,100,121.3674
1738258606.412216,3079420.000,34761,1,SF,1,100,119.9634
1738258606.678227,3079686.000,34812,1,SF,1,100,122.7402
1738258607.012242,3080020.000,34859,1,SF,1,100,121.3203
1738258607.412259,3080420.000,34923,1,SF,1,100,121.9991
1738258607.678271,3080686.000,34969,1,SF,1,100,120.5878
1738258608.012285,3081020.000,35019,1,SF,1,100,121.2751
1738258608.345300,3081353.000,35065,1,SF,1,100,119.8722
1738258608.745318,3081753.000,35127,1,SF,1,100,118.4855
1738258609.011329,3082019.000,35174,1,SF,1,100,117.1149
1738258609.345344,3082353.000,35220,1,SF,1,100,115.7601
1738258609.745361,3082753.000,35288,1,SF,1,100,118.5855
1738258610.012373,3083020.000,35340,1,SF,1,100,119.2959
1738258610.345387,3083353.000,35386,1,SF,1,100,117.9159
1738258610.678402,3083686.000,35435,1,SF,1,100,118.6341
1738258611.078419,3084086.000,35504,1,SF,1,100,119.3440
1738258611.411434,3084419.000,35554,1,SF,1,100,120.0456
1738258611.745449,3084753.000,35601,1,SF,1,100,118.6569
1738258612.011460,3085019.000,35650,1,SF,1,100,119.3666
1738258612.345475,3085353.000,35699,1,SF,1,100,120.0680
1738258612.744492,3085752.000,35761,1,SF,1,100,118.6790
1738258613.011504,3086019.000,35809,1,SF,1,100,119.3884
1738258613.344518,3086352.000,35857,1,SF,1,100,118.0073
1738258613.678533,3086686.000,35905,1,SF,1,100,118.7244
1738258614.078551,3087086.000,35969,1,SF,1,100,119.4333
1738258614.344562,3087352.000,36018,1,SF,1,100,120.1339
1738258614.678577,3087686.000,36066,1,SF,1,100,118.7442
1738258615.078594,3088086.000,36131,1,SF,1,100,119.4528
1738258615.411609,3088419.000,36178,1,SF,1,100,118.0710
1738258615.677620,3088685.000,36224,1,SF,1,100,116.7051
1738258616.011635,3089019.000,36273,1,SF,1,100,117.4373
1738258616.344650,3089352.000,36327,1,SF,1,100,118.1610
1738258616.744667,3089752.000,36393,1,SF,1,100,118.8764
1738258617.077682,3090085.000,36442,1,SF,1,100,119.5835
1738258617.344693,3090352.000,36489,1,SF,1,100,118.2001
1738258617.678708,3090686.000,36540,1,SF,1,100,118.9150
1738258618.077725,3091085.000,36602,1,SF,1,100,117.5394
1738258618.344737,3091352.000,36648,1,SF,1,100,116.1797
1738258618.677752,3091685.000,36698,1,SF,1,100,116.9180
1738258619.011766,3092019.000,36746,1,SF,1,100,117.6477
1738258619.410784,3092418.000,36810,1,SF,1,100,118.3690
1738258619.677795,3092685.000,36857,1,SF,1,100,116.9997
1738258620.010810,3093018.000,36905,1,SF,1,100,117.7285
1738258620.410827,3093418.000,36967,1,SF,1,100,116.3666
1738258620.677839,3093685.000,37017,1,SF,1,100,117.1027
1738258621.010854,3094018.000,37063,1,SF,1,100,115.7481
1738258621.344868,3094352.000,37117,1,SF,1,100,116.4914
1738258621.677883,3094685.000,37170,1,SF,1,100,119.3083
1738258622.077900,3095085.000,37234,1,SF,1,100,117.9281
1738258622.344912,3095352.000,37283,1,SF,1,100,118.6462
1738258622.677926,3095685.000,37334,1,SF,1,100,121.4382
1738258623.010941,3096018.000,37383,1,SF,1,100,122.1156
1738258623.410958,3096418.000,37445,1,SF,1,100,120.7030
1738258623.677970,3096685.000,37491,1,SF,1,100,119.3067
1738258624.010984,3097018.000,37540,1,SF,1,100,120.0088
1738258624.411002,3097418.000,37603,1,SF,1,100,118.6205
1738258624.744016,3097751.000,37651,1,SF,1,100,119.3305
1738258625.011028,3098018.000,37700,1,SF,1,100,120.0324
1738258625.344043,3098351.000,37748,1,SF,1,100,120.7261
1738258625.744060,3098751.000,37810,1,SF,1,100,119.3295
1738258626.011072,3099018.000,37860,1,SF,1,100,120.0314
1738258626.344086,3099351.000,37908,1,SF,1,100,120.7251
1738258626.677101,3099684.000,37963,1,SF,1,100,119.3285
1738258627.011116,3100018.000,38011,1,SF,1,100,120.0304
1738258627.411133,3100418.000,38075,1,SF,1,100,120.7241
1738258627.744148,3100751.000,38122,1,SF,1,100,119.3276
1738258628.011159,3101018.000,38171,1,SF,1,100,120.0294
1738258628.344174,3101351.000,38220,1,SF,1,100,120.7232
1738258628.744191,3101751.000,38286,1,SF,1,100,123.4911
1738258629.010203,3102017.000,38332,1,SF,1,100,122.0626
1738258629.344218,3102351.000,38381,1,SF,1,100,122.7328
1738258629.744235,3102751.000,38444,1,SF,1,100,121.3130
1738258630.077250,3103084.000,38490,1,SF,1,100,119.9097
1738258630.344261,3103351.000,38539,1,SF,1,100,120.6048
1738258630.677276,3103684.000,38585,1,SF,1,100,119.2096
1738258631.077293,3104084.000,38649,1,SF,1,100,119.9129
1738258631.344305,3104351.000,38701,1,SF,1,100,122.6902
1738258631.744322,3104751.000,38756,1,SF,1,100,123.3532
1738258632.010334,3105017.000,38804,1,SF,1,100,121.9262
1738258632.344349,3105351.000,38852,1,SF,1,100,122.5980
1738258632.743366,3105750.000,38916,1,SF,1,100,121.1798
1738258633.010378,3106017.000,38965,1,SF,1,100,121.8602
1738258633.343392,3106350.000,39014,1,SF,1,100,122.5328
1738258633.743410,3106750.000,39078,1,SF,1,100,123.1976
1738258634.077424,3107084.000,39129,1,SF,1,100,125.9369
1738258634.343436,3107350.000,39175,1,SF,1,100,124.4801
1738258634.677450,3107684.000,39222,1,SF,1,100,123.0401
1738258635.077468,3108084.000,39286,1,SF,1,100,123.6990
1738258635.343480,3108350.000,39335,1,SF,1,100,124.3503
1738258635.677494,3108684.000,39384,1,SF,1,100,124.9940
1738258636.010509,3109017.000,39432,1,SF,1,100,125.6304
1738258636.410526,3109417.000,39496,1,SF,1,100,124.1771
1738258636.743541,3109750.000,39553,1,SF,1,100,126.9051
1738258637.076555,3110083.000,39601,1,SF,1,100,127.5193
1738258637.343567,3110350.000,39649,1,SF,1,100,126.0441
1738258637.676581,3110683.000,39697,1,SF,1,100,126.6683
1738258638.076599,3111083.000,39761,1,SF,1,100,127.2852
1738258638.343611,3111350.000,39810,1,SF,1,100,127.8951
1738258638.676625,3111683.000,39857,1,SF,1,100,126.4156
1738258639.010640,3112017.000,39904,1,SF,1,100,124.9532
1738258639.409657,3112416.000,39968,1,SF,1,100,123.5077
1738258639.676669,3112683.000,40018,1,SF,1,100,124.1612
1738258640.009683,3113016.000,40067,1,SF,1,100,124.8072
1738258640.409701,3113416.000,40132,1,SF,1,100,123.3634
1738258640.743716,3113750.000,40178,1,SF,1,100,121.9363
1738258641.009727,3114016.000,40227,1,SF,1,100,122.6080
1738258641.343742,3114350.000,40275,1,SF,1,100,123.2719
1738258641.743759,3114750.000,40341,1,SF,1,100,121.8459
1738258642.009771,3115016.000,40378,1,SF,1,100,120.4364
1738258642.409788,3115416.000,40442,1,SF,1,100,121.1254
1738258642.676800,3115683.000,40490,1,SF,1,100,119.7242
1738258643.009815,3116016.000,40536,1,SF,1,100,118.3392
1738258643.342829,3116349.000,40587,1,SF,1,100,121.1348
1738258643.742846,3116749.000,40651,1,SF,1,100,121.8157
1738258644.009858,3117016.000,40700,1,SF,1,100,120.4066
1738258644.342873,3117349.000,40749,1,SF,1,100,121.0959
1738258644.742890,3117749.000,40815,1,SF,1,100,121.7773
1738258645.009902,3118016.000,40861,1,SF,1,100,120.3686
1738258645.342916,3118349.000,40911,1,SF,1,100,121.0584
1738258645.675931,3118682.000,40959,1,SF,1,100,119.6580
1738258646.075948,3119082.000,41023,1,SF,1,100,120.3561
1738258646.342960,3119349.000,41072,1,SF,1,100,121.0460
1738258646.675975,3119682.000,41122,1,SF,1,100,121.7280
1738258647.009989,3120016.000,41177,1,SF,1,100,122.4021
1738258647.343004,3120349.000,41225,1,SF,1,100,123.0684
1738258647.743021,3120749.000,41287,1,SF,1,100,121.6447
1738258648.010033,3121016.000,41339,1,SF,1,100,122.3198
1738258648.343047,3121349.000,41387,1,SF,1,100,122.9871
1738258648.743065,3121749.000,41449,1,SF,1,100,121.5643
1738258649.010077,3122016.000,41498,1,SF,1,100,122.2403
1738258649.343091,3122349.000,41547,1,SF,1,100,122.9085
1738258649.676106,3122682.000,41598,1,SF,1,100,123.5689
1738258650.076123,3123082.000,41662,1,SF,1,100,124.2217
1738258650.343135,3123349.000,41710,1,SF,1,100,124.8670
1738258650.676149,3123682.000,41757,1,SF,1,100,123.4225
1738258651.076167,3124082.000,41821,1,SF,1,100,121.9947
1738258651.343179,3124349.000,41870,1,SF,1,100,122.6657
1738258651.676193,3124682.000,41921,1,SF,1,100,123.3290
1738258652.009208,3125015.000,41971,1,SF,1,100,126.0668
1738258652.342222,3125348.000,42026,1,SF,1,100,126.6907
1738258652.742240,3125748.000,42090,1,SF,1,100,127.3074
1738258653.009251,3126015.000,42140,1,SF,1,100,127.9170
1738258653.342266,3126348.000,42192,1,SF,1,100,130.6017
1738258653.676280,3126682.000,42238,1,SF,1,100,129.0909
1738258654.076298,3127082.000,42302,1,SF,1,100,129.6798
1738258654.342309,3127348.000,42349,1,SF,1,100,128.1797
1738258654.676324,3127682.000,42397,1,SF,1,100,128.7791
1738258655.076342,3128082.000,42461,1,SF,1,100,129.3717
1738258655.342353,3128348.000,42513,1,SF,1,100,129.9573
1738258655.675368,3128681.000,42559,1,SF,1,100,128.4540
1738258656.009382,3129015.000,42608,1,SF,1,100,129.0503
1738258656.409400,3129415.000,42672,1,SF,1,100,127.5574
1738258656.675411,3129681.000,42723,1,SF,1,100,128.1641
1738258657.009426,3130015.000,42772,1,SF,1,100,128.7637
1738258657.342441,3130348.000,42827,1,SF,1,100,129.3564
1738258657.675455,3130681.000,42876,1,SF,1,100,129.9423
1738258658.075473,3131081.000,42940,1,SF,1,100,130.5213
1738258658.342484,3131348.000,42988,1,SF,1,100,129.0115
1738258658.675499,3131681.000,43038,1,SF,1,100,129.6013
1738258659.075516,3132081.000,43102,1,SF,1,100,128.1021
1738258659.408531,3132414.000,43152,1,SF,1,100,130.7847
1738258659.675543,3132681.000,43199,1,SF,1,100,129.2717
1738258660.008557,3133014.000,43247,1,SF,1,100,127.7763
1738258660.408575,3133414.000,43311,1,SF,1,100,128.3804
1738258660.675586,3133681.000,43361,1,SF,1,100,126.8953
1738258661.008601,3134014.000,43409,1,SF,1,100,127.5097
1738258661.342615,3134348.000,43456,1,SF,1,100,126.0346
1738258661.742633,3134748.000,43522,1,SF,1,100,126.6589
1738258662.008645,3135014.000,43571,1,SF,1,100,127.2759
1738258662.341659,3135347.000,43623,1,SF,1,100,127.8858
1738258662.675674,3135681.000,43672,1,SF,1,100,128.4887
1738258663.008688,3136014.000,43723,1,SF,1,100,129.0846
1738258663.408706,3136414.000,43785,1,SF,1,100,127.5913
1738258663.675717,3136681.000,43833,1,SF,1,100,128.1976
1738258664.008732,3137014.000,43882,1,SF,1,100,128.7968
1738258664.341746,3137347.000,43931,1,SF,1,100,129.3892
1738258664.741764,3137747.000,43995,1,SF,1,100,129.9746
1738258665.008775,3138014.000,44044,1,SF,1,100,128.4711
1738258665.341790,3138347.000,44092,1,SF,1,100,129.0672
1738258665.741807,3138747.000,44156,1,SF,1,100,129.6564
1738258666.008819,3139014.000,44206,1,SF,1,100,130.2387
1738258666.341834,3139347.000,44252,1,SF,1,100,128.7321
1738258666.674848,3139680.000,44305,1,SF,1,100,129.3252
1738258667.074866,3140080.000,44369,1,SF,1,100,129.9114
1738258667.341877,3140347.000,44416,1,SF,1,100,128.4086
1738258667.741895,3140747.000,44473,1,SF,1,100,131.0876
1738258668.008907,3141014.000,44522,1,SF,1,100,131.6535
1738258668.341921,3141347.000,44569,1,SF,1,100,130.1305
1738258668.741939,3141747.000,44633,1,SF,1,100,130.7074
1738258669.008950,3142014.000,44681,1,SF,1,100,131.2776
1738258669.341965,3142347.000,44729,1,SF,1,100,129.7590
1738258669.674979,3142680.000,44777,1,SF,1,100,130.3402
1738258670.074997,3143080.000,44841,1,SF,1,100,130.9146
1738258670.342009,3143347.000,44890,1,SF,1,100,131.4825
1738258670.675023,3143680.000,44940,1,SF,1,100,132.0437
1738258671.075041,3144080.000,45006,1,SF,1,100,134.6807
1738258671.342052,3144347.000,45058,1,SF,1,100,135.2050
1738258671.675067,3144680.000,45108,1,SF,1,100,135.7231
1738258672.008081,3145013.000,45159,1,SF,1,100,136.2354
1738258672.408099,3145413.000,45223,1,SF,1,100,136.7416
1738258672.741113,3145746.000,45277,1,SF,1,100,137.2421
1738258673.075128,3146080.000,45326,1,SF,1,100,137.7367
1738258673.341140,3146346.000,45375,1,SF,1,100,138.2256
1738258673.675154,3146680.000,45422,1,SF,1,100,136.6266
1738258674.075172,3147080.000,45484,1,SF,1,100,135.0461
1738258674.341183,3147346.000,45532,1,SF,1,100,135.5661
1738258674.675198,3147680.000,45582,1,SF,1,100,133.9979
1738258675.008212,3148013.000,45630,1,SF,1,100,134.5300
1738258675.408230,3148413.000,45694,1,SF,1,100,132.9738
1738258675.674242,3148679.000,45743,1,SF,1,100,133.5178
1738258676.008256,3149013.000,45791,1,SF,1,100,131.9732
1738258676.408273,3149413.000,45857,1,SF,1,100,132.5288
1738258676.674285,3149679.000,45909,1,SF,1,100,135.1602
1738258677.008300,3150013.000,45955,1,SF,1,100,133.5967
1738258677.341314,3150346.000,46004,1,SF,1,100,134.1335
1738258677.741332,3150746.000,46071,1,SF,1,100,132.5818
1738258678.074346,3151079.000,46119,1,SF,1,100,133.1303
1738258678.408361,3151413.000,46166,1,SF,1,100,131.5903
1738258678.674372,3151679.000,46215,1,SF,1,100,132.1503
1738258679.008387,3152013.000,46262,1,SF,1,100,130.6216
1738258679.408405,3152413.000,46328,1,SF,1,100,133.2751
1738258679.674416,3152679.000,46374,1,SF,1,100,131.7333
1738258680.007431,3153012.000,46424,1,SF,1,100,132.2917
1738258680.407448,3153412.000,46486,1,SF,1,100,130.7613
1738258680.741463,3153746.000,46534,1,SF,1,100,131.3309
1738258681.007474,3154012.000,46585,1,SF,1,100,133.9762
1738258681.341489,3154346.000,46631,1,SF,1,100,132.4263
1738258681.741507,3154746.000,46697,1,SF,1,100,132.9767
1738258682.007518,3155012.000,46747,1,SF,1,100,133.5207
1738258682.340533,3155345.000,46795,1,SF,1,100,134.0583
1738258682.674547,3155679.000,46844,1,SF,1,100,134.5898
1738258683.007562,3156012.000,46898,1,SF,1,100,135.1151
1738258683.407579,3156412.000,46962,1,SF,1,100,135.6343
1738258683.674591,3156679.000,47009,1,SF,1,100,134.0653
1738258684.007606,3157012.000,47058,1,SF,1,100,134.5967
1738258684.407623,3157412.000,47120,1,SF,1,100,133.0397
1738258684.740638,3157745.000,47169,1,SF,1,100,133.5829
1738258685.007649,3158012.000,47217,1,SF,1,100,134.1198
1738258685.340664,3158345.000,47268,1,SF,1,100,136.7328
1738258685.740681,3158745.000,47330,1,SF,1,100,135.1511
1738258686.007693,3159012.000,47379,1,SF,1,100,135.6699
1738258686.340708,3159345.000,47426,1,SF,1,100,134.1005
1738258686.673722,3159678.000,47476,1,SF,1,100,134.6314
1738258687.073740,3160078.000,47540,1,SF,1,100,135.1563
1738258687.340751,3160345.000,47590,1,SF,1,100,135.6750
1738258687.673766,3160678.000,47638,1,SF,1,100,136.1878
1738258688.007780,3161012.000,47688,1,SF,1,100,134.6124
1738258688.340795,3161345.000,47737,1,SF,1,100,135.1374
1738258688.740812,3161745.000,47801,1,SF,1,100,135.6564
1738258689.007824,3162012.000,47848,1,SF,1,100,134.0871
1738258689.340838,3162345.000,47895,1,SF,1,100,132.5360
1738258689.673853,3162678.000,47944,1,SF,1,100,133.0851
1738258690.073870,3163078.000,48006,1,SF,1,100,131.5455
1738258690.340882,3163345.000,48054,1,SF,1,100,132.1060
1738258690.673897,3163678.000,48101,1,SF,1,100,130.5778
1738258691.073914,3164078.000,48166,1,SF,1,100,131.1496
1738258691.406929,3164411.000,48216,1,SF,1,100,131.7147
1738258691.673940,3164678.000,48263,1,SF,1,100,130.1910
1738258692.006955,3165011.000,48311,1,SF,1,100,130.7672
1738258692.406972,3165411.000,48375,1,SF,1,100,131.3367
1738258692.673984,3165678.000,48425,1,SF,1,100,131.8996
1738258693.140004,3166144.000,48481,1,SF,1,100,132.4561
1738258693.340013,3166344.000,48514,1,SF,1,100,133.0060
1738258693.740031,3166744.000,48576,1,SF,1,100,131.4674
1738258694.074045,3167078.000,48625,1,SF,1,100,132.0288
1738258694.340057,3167344.000,48674,1,SF,1,100,132.5838
1738258694.674072,3167678.000,48720,1,SF,1,100,131.0500
1738258695.074089,3168078.000,48782,1,SF,1,100,129.5340
1738258695.340101,3168344.000,48832,1,SF,1,100,130.1178
1738258695.673115,3168677.000,48878,1,SF,1,100,128.6126
1738258696.073133,3169077.000,48940,1,SF,1,100,127.1248
1738258696.407147,3169411.000,48991,1,SF,1,100,127.7365
1738258696.673159,3169677.000,49038,1,SF,1,100,126.2588
1738258697.007173,3170011.000,49087,1,SF,1,100,126.8805
1738258697.407191,3170411.000,49149,1,SF,1,100,125.4127
1738258697.673203,3170677.000,49197,1,SF,1,100,126.0442
1738258698.007217,3171011.000,49249,1,SF,1,100,126.6684
1738258698.340232,3171344.000,49287,1,SF,1,100,127.2853
1738258698.740249,3171744.000,49351,1,SF,1,100,125.8129
1738258699.073264,3172077.000,49400,1,SF,1,100,126.4397
1738258699.340275,3172344.000,49449,1,SF,1,100,124.9770
1738258699.673290,3172677.000,49496,1,SF,1,100,123.5313
1738258700.073307,3173077.000,49562,1,SF,1,100,124.1845
1738258700.340319,3173344.000,49608,1,SF,1,100,122.7480
1738258700.673334,3173677.000,49655,1,SF,1,100,121.3280
1738258701.073351,3174077.000,49722,1,SF,1,100,122.0067
1738258701.406366,3174410.000,49772,1,SF,1,100,122.6776
1738258701.673377,3174677.000,49819,1,SF,1,100,121.2584
1738258702.006392,3175010.000,49869,1,SF,1,100,124.0202
1738258702.406409,3175410.000,49931,1,SF,1,100,122.5855
1738258702.673421,3175677.000,49981,1,SF,1,100,121.1675
1738258703.006435,3176010.000,50029,1,SF,1,100,121.8480
1738258703.339450,3176343.000,50085,1,SF,1,100,124.6030
1738258703.673465,3176677.000,50132,1,SF,1,100,123.1616
1738258704.073482,3177077.000,50198,1,SF,1,100,125.9014
1738258704.339494,3177343.000,50245,1,SF,1,100,124.4449
1738258704.673508,3177677.000,50292,1,SF,1,100,123.0053
1738258705.006523,3178010.000,50341,1,SF,1,100,123.6646
1738258705.406540,3178410.000,50405,1,SF,1,100,124.3163
1738258705.673552,3178677.000,50451,1,SF,1,100,122.8782
1738258706.006567,3179010.000,50500,1,SF,1,100,123.5390
1738258706.406584,3179410.000,50565,1,SF,1,100,122.1099
1738258706.739599,3179743.000,50615,1,SF,1,100,124.8618
1738258707.006610,3180010.000,50664,1,SF,1,100,125.4997
1738258707.339625,3180343.000,50710,1,SF,1,100,124.0479
1738258707.739642,3180743.000,50774,1,SF,1,100,124.6951
1738258708.006654,3181010.000,50824,1,SF,1,100,125.3349
1738258708.339669,3181343.000,50870,1,SF,1,100,123.8850
1738258708.672683,3181676.000,50923,1,SF,1,100,122.4519
1738258709.005697,3182009.000,50971,1,SF,1,100,123.1176
1738258709.405715,3182409.000,51033,1,SF,1,100,121.6934
1738258709.672727,3182676.000,51084,1,SF,1,100,124.4501
1738258710.005741,3183009.000,51132,1,SF,1,100,125.0928
1738258710.405759,3183409.000,51195,1,SF,1,100,123.6457
1738258710.739773,3183743.000,51242,1,SF,1,100,122.2153
1738258711.005785,3184009.000,51290,1,SF,1,100,122.8838
1738258711.339800,3184343.000,51337,1,SF,1,100,121.4622
1738258711.739817,3184743.000,51403,1,SF,1,100,122.1394
1738258712.005829,3185009.000,51452,1,SF,1,100,122.8088
1738258712.339843,3185343.000,51501,1,SF,1,100,121.3881
1738258712.672858,3185676.000,51549,1,SF,1,100,122.0661
1738258713.072875,3186076.000,51613,1,SF,1,100,120.6540
1738258713.338887,3186342.000,51663,1,SF,1,100,121.3406
1738258713.672901,3186676.000,51714,1,SF,1,100,122.0191
1738258714.005916,3187009.000,51764,1,SF,1,100,122.6899
1738258714.338931,3187342.000,51812,1,SF,1,100,123.3528
1738258714.738948,3187742.000,51874,1,SF,1,100,121.9259
1738258715.005960,3188009.000,51925,1,SF,1,100,124.6799
1738258715.338974,3188342.000,51973,1,SF,1,100,123.2376
1738258715.738992,3188742.000,52037,1,SF,1,100,123.8943
1738258716.006003,3189009.000,52087,1,SF,1,100,122.4610
1738258716.339018,3189342.000,52133,1,SF,1,100,121.0444
1738258716.673033,3189676.000,52184,1,SF,1,100,121.7264
1738258717.072050,3190075.000,52246,1,SF,1,100,120.3183
1738258717.339062,3190342.000,52295,1,SF,1,100,121.0087
1738258717.672076,3190675.000,52342,1,SF,1,100,119.6088
1738258718.072094,3191075.000,52406,1,SF,1,100,120.3074
1738258718.339105,3191342.000,52456,1,SF,1,100,120.9980
1738258718.739123,3191742.000,52513,1,SF,1,100,121.6805
1738258719.006135,3192009.000,52559,1,SF,1,100,120.2729
1738258719.339149,3192342.000,52609,1,SF,1,100,118.8816
1738258719.739166,3192742.000,52673,1,SF,1,100,119.5886
1738258720.072181,3193075.000,52719,1,SF,1,100,118.2052
1738258720.339193,3193342.000,52768,1,SF,1,100,118.9200
1738258720.672207,3193675.000,52814,1,SF,1,100,117.5443
1738258721.072225,3194075.000,52878,1,SF,1,100,118.2668
1738258721.339236,3194342.000,52928,1,SF,1,100,118.9810
1738258721.672251,3194675.000,52978,1,SF,1,100,119.6868
1738258722.005265,3195008.000,53025,1,SF,1,100,118.3023
1738258722.405283,3195408.000,53087,1,SF,1,100,116.9338
1738258722.672295,3195675.000,53136,1,SF,1,100,117.6633
1738258723.005309,3196008.000,53185,1,SF,1,100,118.3844
1738258723.405327,3196408.000,53247,1,SF,1,100,117.0150
1738258723.672338,3196675.000,53293,1,SF,1,100,115.6613
1738258724.072356,3197075.000,53348,1,SF,1,100,116.4056
1738258724.338367,3197341.000,53398,1,SF,1,100,119.2235
1738258724.672382,3197675.000,53447,1,SF,1,100,119.9266
1738258725.072399,3198075.000,53512,1,SF,1,100,120.6215
1738258725.338411,3198341.000,53558,1,SF,1,100,119.2262
1738258725.672426,3198675.000,53609,1,SF,1,100,119.9292
1738258726.005440,3199008.000,53655,1,SF,1,100,118.5418
1738258726.405458,3199408.000,53721,1,SF,1,100,119.2528
1738258726.671469,3199674.000,53769,1,SF,1,100,117.8733
1738258727.005484,3200008.000,53817,1,SF,1,100,116.5097
1738258727.405501,3200408.000,53879,1,SF,1,100,115.1619
1738258727.671513,3200674.000,53928,1,SF,1,100,115.9120
1738258728.005527,3201008.000,53975,1,SF,1,100,114.5711
1738258728.338542,3201341.000,54024,1,SF,1,100,115.3280
1738258728.738560,3201741.000,54086,1,SF,1,100,113.9939
1738258729.071574,3202074.000,54137,1,SF,1,100,112.6752
1738258729.404589,3202407.000,54185,1,SF,1,100,111.3717
1738258729.671600,3202674.000,54231,1,SF,1,100,110.0834
1738258730.005615,3203008.000,54280,1,SF,1,100,110.8922
1738258730.404632,3203407.000,54344,1,SF,1,100,111.6916
1738258730.671644,3203674.000,54391,1,SF,1,100,110.3996
1738258731.004659,3204007.000,54442,1,SF,1,100,111.2047
1738258731.404676,3204407.000,54508,1,SF,1,100,112.0005
1738258731.738691,3204741.000,54554,1,SF,1,100,110.7049
1738258732.004702,3205007.000,54606,1,SF,1,100,113.5888
1738258732.338717,3205341.000,54652,1,SF,1,100,112.2748
