LocalTimestamp,EmotiBitTimestamp,PacketNumber,DataLength,TypeTag,ProtocolVersion,DataReliability,T1
1738260741.932627,594465.000,27936,1,T1,1,100,31.013
1738260742.066632,594599.000,27953,1,T1,1,100,30.864
1738260742.199637,594732.000,27970,1,T1,1,100,30.977
1738260742.332642,594865.000,28003,1,T1,1,100,30.919
1738260742.465647,594998.000,28021,1,T1,1,100,30.929
1738260742.599652,595132.000,28036,1,T1,1,100,30.899
1738260742.732657,595265.000,28052,1,T1,1,100,30.921
1738260742.865662,595398.000,28085,1,T1,1,100,31.001
1738260742.999667,595532.000,28100,1,T1,1,100,31.000
1738260743.132672,595665.000,28117,1,T1,1,100,30.929
1738260743.266177,595798.500,28153,2,T1,1,100,30.898
1738260743.399683,595932.000,28153,2,T1,1,100,30.885
1738260743.532687,596065.000,28169,1,T1,1,100,30.986
1738260743.665693,596198.000,28204,1,T1,1,100,30.958
1738260743.799698,596332.000,28219,1,T1,1,100,30.911
1738260743.932703,596465.000,28235,1,T1,1,100,30.926
1738260744.065708,596598.000,28266,1,T1,1,100,30.968
1738260744.199713,596732.000,28281,1,T1,1,100,30.986
1738260744.332718,596865.000,28299,1,T1,1,100,30.994
1738260744.465723,596998.000,28332,1,T1,1,100,30.926
1738260744.599728,597132.000,28347,1,T1,1,100,31.004
1738260744.732733,597265.000,28364,1,T1,1,100,31.037
1738260744.865738,597398.000,28394,1,T1,1,100,30.981
1738260744.999743,597532.000,28411,1,T1,1,100,31.098
1738260745.132748,597665.000,28428,1,T1,1,100,31.078
1738260745.265753,597798.000,28460,1,T1,1,100,31.069
1738260745.399758,597932.000,28476,1,T1,1,100,31.065
1738260745.532763,598065.000,28492,1,T1,1,100,31.170
1738260745.665768,598198.000,28507,1,T1,1,100,31.074
1738260745.798774,598331.000,28540,1,T1,1,100,31.103
1738260745.932779,598465.000,28556,1,T1,1,100,31.080
1738260746.065784,598598.000,28574,1,T1,1,100,31.141
1738260746.198789,598731.000,28606,1,T1,1,100,31.026
1738260746.332794,598865.000,28622,1,T1,1,100,30.940
1738260746.465799,598998.000,28638,1,T1,1,100,30.974
1738260746.598804,599131.000,28670,1,T1,1,100,30.989
1738260746.732809,599265.000,28687,1,T1,1,100,30.995
1738260746.865814,599398.000,28702,1,T1,1,100,30.962
1738260746.998819,599531.000,28733,1,T1,1,100,31.019
1738260747.132824,599665.000,28749,1,T1,1,100,31.044
1738260747.265829,599798.000,28764,1,T1,1,100,31.090
1738260747.398834,599931.000,28797,1,T1,1,100,31.110
1738260747.532839,600065.000,28813,1,T1,1,100,31.189
1738260747.665844,600198.000,28828,1,T1,1,100,31.188
1738260747.798849,600331.000,28861,1,T1,1,100,31.152
1738260747.932854,600465.000,28877,1,T1,1,100,31.101
1738260748.065860,600598.000,28893,1,T1,1,100,31.079
1738260748.198864,600731.000,28909,1,T1,1,100,31.034
1738260748.332870,600865.000,28940,1,T1,1,100,31.050
1738260748.465875,600998.000,28962,1,T1,1,100,31.093
1738260748.598880,601131.000,28980,1,T1,1,100,31.040
1738260748.731885,601264.000,29011,1,T1,1,100,31.053
1738260748.865890,601398.000,29026,1,T1,1,100,30.987
1738260748.998895,601531.000,29042,1,T1,1,100,31.030
1738260749.131900,601664.000,29073,1,T1,1,100,31.048
1738260749.265905,601798.000,29088,1,T1,1,100,30.986
1738260749.398910,601931.000,29105,1,T1,1,100,30.994
1738260749.531915,602064.000,29135,1,T1,1,100,30.962
1738260749.665920,602198.000,29150,1,T1,1,100,31.054
1738260749.798925,602331.000,29167,1,T1,1,100,31.059
1738260749.931930,602464.000,29201,1,T1,1,100,31.026
1738260750.065935,602598.000,29217,1,T1,1,100,31.082
1738260750.198941,602731.000,29233,1,T1,1,100,31.106
1738260750.331945,602864.000,29248,1,T1,1,100,31.117
1738260750.465950,602998.000,29279,1,T1,1,100,31.051
1738260750.598956,603131.000,29295,1,T1,1,100,31.057
1738260750.731961,603264.000,29311,1,T1,1,100,31.025
1738260750.865966,603398.000,29341,1,T1,1,100,31.046
1738260750.998971,603531.000,29357,1,T1,1,100,31.055
1738260751.131976,603664.000,29373,1,T1,1,100,31.024
1738260751.265981,603798.000,29403,1,T1,1,100,31.081
1738260751.398986,603931.000,29420,1,T1,1,100,31.071
1738260751.531991,604064.000,29435,1,T1,1,100,31.101
1738260751.665996,604198.000,29468,1,T1,1,100,31.150
1738260751.799001,604331.000,29484,1,T1,1,100,31.171
1738260751.932006,604464.000,29499,1,T1,1,100,31.145
1738260752.066011,604598.000,29530,1,T1,1,100,31.063
1738260752.199016,604731.000,29546,1,T1,1,100,31.063
1738260752.332021,604864.000,29561,1,T1,1,100,31.027
1738260752.465026,604997.000,29578,1,T1,1,100,31.083
1738260752.599031,605131.000,29612,1,T1,1,100,31.000
1738260752.732037,605264.000,29628,1,T1,1,100,31.071
1738260752.865042,605397.000,29646,1,T1,1,100,31.137
1738260752.999047,605531.000,29677,1,T1,1,100,31.095
1738260753.132052,605664.000,29692,1,T1,1,100,31.147
1738260753.265057,605797.000,29708,1,T1,1,100,31.170
1738260753.399062,605931.000,29741,1,T1,1,100,31.180
1738260753.532067,606064.000,29761,1,T1,1,100,31.007
1738260753.665072,606197.000,29779,1,T1,1,100,31.109
1738260753.799077,606331.000,29810,1,T1,1,100,31.083
1738260753.932082,606464.000,29825,1,T1,1,100,31.107
1738260754.065087,606597.000,29842,1,T1,1,100,31.011
1738260754.199092,606731.000,29872,1,T1,1,100,31.111
1738260754.332097,606864.000,29887,1,T1,1,100,31.154
1738260754.465102,606997.000,29904,1,T1,1,100,31.138
1738260754.599108,607131.000,29919,1,T1,1,100,31.237
1738260754.732112,607264.000,29954,1,T1,1,100,31.173
1738260754.865118,607397.000,29970,1,T1,1,100,31.110
1738260754.999123,607531.000,29987,1,T1,1,100,31.083
1738260755.132128,607664.000,30018,1,T1,1,100,31.036
1738260755.265133,607797.000,30034,1,T1,1,100,31.016
1738260755.399138,607931.000,30052,1,T1,1,100,31.007
1738260755.532143,608064.000,30082,1,T1,1,100,31.109
1738260755.665148,608197.000,30098,1,T1,1,100,31.083
1738260755.798153,608330.000,30114,1,T1,1,100,31.142
1738260755.932158,608464.000,30144,1,T1,1,100,31.132
1738260756.065163,608597.000,30161,1,T1,1,100,31.164
1738260756.198168,608730.000,30176,1,T1,1,100,31.177
1738260756.332173,608864.000,30207,1,T1,1,100,31.148
1738260756.465178,608997.000,30223,1,T1,1,100,31.135
1738260756.598183,609130.000,30240,1,T1,1,100,31.129
1738260756.732188,609264.000,30257,1,T1,1,100,31.127
1738260756.865193,609397.000,30287,1,T1,1,100,31.090
1738260756.998199,609530.000,30302,1,T1,1,100,30.968
1738260757.132204,609664.000,30319,1,T1,1,100,31.093
1738260757.265208,609797.000,30349,1,T1,1,100,31.217
1738260757.398214,609930.000,30365,1,T1,1,100,31.130
1738260757.532219,610064.000,30385,1,T1,1,100,31.091
1738260757.665224,610197.000,30416,1,T1,1,100,31.146
1738260757.798229,610330.000,30431,1,T1,1,100,31.063
1738260757.932234,610464.000,30447,1,T1,1,100,31.098
1738260758.065239,610597.000,30478,1,T1,1,100,31.149
1738260758.198244,610730.000,30493,1,T1,1,100,31.135
1738260758.332249,610864.000,30511,1,T1,1,100,31.165
1738260758.465254,610997.000,30527,1,T1,1,100,31.142
1738260758.598259,611130.000,30562,1,T1,1,100,31.168
1738260758.732264,611264.000,30579,1,T1,1,100,31.214
1738260758.865269,611397.000,30594,1,T1,1,100,31.235
1738260758.998274,611530.000,30625,1,T1,1,100,31.208
1738260759.132279,611664.000,30641,1,T1,1,100,31.196
1738260759.265285,611797.000,30656,1,T1,1,100,31.085
1738260759.398289,611930.000,30689,1,T1,1,100,31.037
1738260759.531295,612063.000,30705,1,T1,1,100,31.051
1738260759.665300,612197.000,30720,1,T1,1,100,31.058
1738260759.798305,612330.000,30751,1,T1,1,100,31.131
1738260759.931310,612463.000,30767,1,T1,1,100,31.128
1738260760.065315,612597.000,30783,1,T1,1,100,31.091
1738260760.198320,612730.000,30799,1,T1,1,100,31.181
1738260760.331325,612863.000,30832,1,T1,1,100,31.114
1738260760.465330,612997.000,30847,1,T1,1,100,31.120
1738260760.598335,613130.000,30863,1,T1,1,100,31.158
1738260760.731340,613263.000,30894,1,T1,1,100,31.104
1738260760.865345,613397.000,30909,1,T1,1,100,31.116
1738260760.998350,613530.000,30925,1,T1,1,100,31.192
1738260761.131355,613663.000,30956,1,T1,1,100,31.154
1738260761.265360,613797.000,30973,1,T1,1,100,31.067
1738260761.398365,613930.000,30990,1,T1,1,100,31.135
1738260761.531370,614063.000,31020,1,T1,1,100,31.236
1738260761.665375,614197.000,31035,1,T1,1,100,31.173
1738260761.798381,614330.000,31052,1,T1,1,100,31.181
1738260761.931386,614463.000,31067,1,T1,1,100,31.185
1738260762.065391,614597.000,31098,1,T1,1,100,31.222
1738260762.198396,614730.000,31116,1,T1,1,100,31.238
1738260762.331401,614863.000,31131,1,T1,1,100,31.209
1738260762.465406,614997.000,31164,1,T1,1,100,31.126
1738260762.598411,615130.000,31180,1,T1,1,100,31.125
1738260762.731416,615263.000,31196,1,T1,1,100,31.090
1738260762.865421,615397.000,31226,1,T1,1,100,31.145
1738260762.998426,615530.000,31242,1,T1,1,100,31.169
1738260763.131431,615663.000,31260,1,T1,1,100,31.073
1738260763.264436,615796.000,31290,1,T1,1,100,31.103
1738260763.398441,615930.000,31307,1,T1,1,100,31.222
1738260763.531446,616063.000,31322,1,T1,1,100,31.131
1738260763.664451,616196.000,31353,1,T1,1,100,31.199
1738260763.798456,616330.000,31374,1,T1,1,100,31.228
1738260763.931462,616463.000,31391,1,T1,1,100,31.169
1738260764.064467,616596.000,31422,1,T1,1,100,31.251
1738260764.198472,616730.000,31438,1,T1,1,100,31.179
1738260764.331477,616863.000,31453,1,T1,1,100,31.219
1738260764.464482,616996.000,31470,1,T1,1,100,31.166
1738260764.598487,617130.000,31502,1,T1,1,100,31.143
1738260764.731492,617263.000,31518,1,T1,1,100,31.133
1738260764.864497,617396.000,31534,1,T1,1,100,31.164
1738260764.998502,617530.000,31565,1,T1,1,100,31.284
1738260765.131507,617663.000,31580,1,T1,1,100,31.300
1738260765.264512,617796.000,31596,1,T1,1,100,31.236
1738260765.397517,617929.000,31627,1,T1,1,100,31.244
1738260765.531522,618063.000,31642,1,T1,1,100,31.141
1738260765.664527,618196.000,31658,1,T1,1,100,31.167
1738260765.797532,618329.000,31689,1,T1,1,100,31.321
1738260765.931537,618463.000,31704,1,T1,1,100,31.245
1738260766.064543,618596.000,31721,1,T1,1,100,31.142
1738260766.197547,618729.000,31753,1,T1,1,100,31.168
1738260766.331553,618863.000,31768,1,T1,1,100,31.143
1738260766.464558,618996.000,31785,1,T1,1,100,31.168
1738260766.597563,619129.000,31800,1,T1,1,100,31.179
1738260766.731568,619263.000,31831,1,T1,1,100,31.148
1738260766.864573,619396.000,31847,1,T1,1,100,31.064
1738260766.997578,619529.000,31864,1,T1,1,100,31.241
1738260767.131583,619663.000,31895,1,T1,1,100,31.175
1738260767.264588,619796.000,31911,1,T1,1,100,31.147
1738260767.397593,619929.000,31927,1,T1,1,100,31.170
1738260767.531598,620063.000,31959,1,T1,1,100,31.251
1738260767.664603,620196.000,31975,1,T1,1,100,31.179
1738260767.797608,620329.000,31991,1,T1,1,100,31.184
1738260767.931613,620463.000,32023,1,T1,1,100,31.257
1738260768.064618,620596.000,32040,1,T1,1,100,31.218
1738260768.197623,620729.000,32055,1,T1,1,100,31.200
1738260768.331629,620863.000,32086,1,T1,1,100,31.193
1738260768.464633,620996.000,32102,1,T1,1,100,31.225
1738260768.597639,621129.000,32117,1,T1,1,100,31.133
1738260768.731644,621263.000,32148,1,T1,1,100,31.235
1738260768.864649,621396.000,32171,1,T1,1,100,31.208
1738260768.997654,621529.000,32188,1,T1,1,100,31.232
1738260769.130659,621662.000,32203,1,T1,1,100,31.313
1738260769.264664,621796.000,32219,1,T1,1,100,31.206
1738260769.397669,621929.000,32235,1,T1,1,100,31.160
1738260769.530674,622062.000,32265,1,T1,1,100,31.211
1738260769.664679,622196.000,32281,1,T1,1,100,31.233
1738260769.797684,622329.000,32299,1,T1,1,100,31.172
1738260769.930689,622462.000,32329,1,T1,1,100,31.110
1738260770.064694,622596.000,32346,1,T1,1,100,31.154
1738260770.197699,622729.000,32361,1,T1,1,100,31.137
1738260770.330704,622862.000,32392,1,T1,1,100,31.237
1738260770.464710,622996.000,32408,1,T1,1,100,31.280
1738260770.597714,623129.000,32423,1,T1,1,100,31.263
1738260770.730720,623262.000,32456,1,T1,1,100,31.362
1738260770.864725,623396.000,32472,1,T1,1,100,31.228
1738260770.997730,623529.000,32487,1,T1,1,100,31.240
1738260771.130735,623662.000,32504,1,T1,1,100,31.352
1738260771.264740,623796.000,32534,1,T1,1,100,31.330
1738260771.397745,623929.000,32550,1,T1,1,100,31.320
1738260771.530750,624062.000,32566,1,T1,1,100,31.280
1738260771.664755,624196.000,32599,1,T1,1,100,31.299
1738260771.797760,624329.000,32614,1,T1,1,100,31.306
1738260771.930765,624462.000,32630,1,T1,1,100,31.239
1738260772.063770,624595.000,32661,1,T1,1,100,31.316
1738260772.197775,624729.000,32676,1,T1,1,100,31.279
1738260772.330780,624862.000,32692,1,T1,1,100,31.191
1738260772.463785,624995.000,32725,1,T1,1,100,31.296
1738260772.597790,625129.000,32742,1,T1,1,100,31.305
1738260772.730795,625262.000,32759,1,T1,1,100,31.203
1738260772.863801,625395.000,32789,1,T1,1,100,31.265
1738260772.997806,625529.000,32804,1,T1,1,100,31.257
1738260773.130811,625662.000,32821,1,T1,1,100,31.182
1738260773.263816,625795.000,32836,1,T1,1,100,31.221
1738260773.397821,625929.000,32867,1,T1,1,100,31.202
1738260773.530826,626062.000,32883,1,T1,1,100,31.229
1738260773.663831,626195.000,32898,1,T1,1,100,31.312
1738260773.797836,626329.000,32931,1,T1,1,100,31.312
1738260773.930841,626462.000,32947,1,T1,1,100,31.171
1738260774.063846,626595.000,32966,1,T1,1,100,31.216
1738260774.197851,626729.000,32982,1,T1,1,100,31.235
1738260774.330856,626862.000,33013,1,T1,1,100,31.173
1738260774.463861,626995.000,33028,1,T1,1,100,31.252
1738260774.597866,627129.000,33044,1,T1,1,100,31.215
1738260774.730871,627262.000,33059,1,T1,1,100,31.270
1738260774.863876,627395.000,33092,1,T1,1,100,31.188
1738260774.997881,627529.000,33108,1,T1,1,100,31.294
1738260775.130887,627662.000,33124,1,T1,1,100,31.305
1738260775.263892,627795.000,33154,1,T1,1,100,31.415
1738260775.396897,627928.000,33171,1,T1,1,100,31.322
1738260775.530902,628062.000,33186,1,T1,1,100,31.352
1738260775.663907,628195.000,33219,1,T1,1,100,31.400
1738260775.797912,628329.000,33235,1,T1,1,100,31.280
1738260775.930917,628462.000,33250,1,T1,1,100,31.263
1738260776.063922,628595.000,33281,1,T1,1,100,31.256
1738260776.196927,628728.000,33297,1,T1,1,100,31.252
1738260776.330932,628862.000,33312,1,T1,1,100,31.357
1738260776.463937,628995.000,33345,1,T1,1,100,31.332
1738260776.596942,629128.000,33361,1,T1,1,100,31.321
1738260776.730947,629262.000,33377,1,T1,1,100,31.245
1738260776.863952,629395.000,33407,1,T1,1,100,31.212
1738260776.996957,629528.000,33423,1,T1,1,100,31.234
1738260777.130962,629662.000,33439,1,T1,1,100,31.314
1738260777.263968,629795.000,33457,1,T1,1,100,31.313
1738260777.396972,629928.000,33488,1,T1,1,100,31.277
1738260777.530978,630062.000,33505,1,T1,1,100,31.262
1738260777.663983,630195.000,33521,1,T1,1,100,31.255
1738260777.796988,630328.000,33552,1,T1,1,100,31.181
1738260777.930993,630462.000,33569,1,T1,1,100,31.185
1738260778.063998,630595.000,33586,1,T1,1,100,31.186
1738260778.197003,630728.000,33616,1,T1,1,100,31.258
1738260778.331008,630862.000,33631,1,T1,1,100,31.218
1738260778.464013,630995.000,33648,1,T1,1,100,31.307
1738260778.597018,631128.000,33680,1,T1,1,100,31.310
1738260778.730023,631261.000,33696,1,T1,1,100,31.382
1738260778.864028,631395.000,33712,1,T1,1,100,31.343
1738260778.997033,631528.000,33727,1,T1,1,100,31.290
1738260779.130038,631661.000,33766,1,T1,1,100,31.232
1738260779.264043,631795.000,33781,1,T1,1,100,31.242
1738260779.397048,631928.000,33800,1,T1,1,100,31.247
1738260779.530053,632061.000,33815,1,T1,1,100,31.213
1738260779.664058,632195.000,33846,1,T1,1,100,31.269
1738260779.797064,632328.000,33862,1,T1,1,100,31.294
1738260779.930069,632461.000,33877,1,T1,1,100,31.198
1738260780.064074,632595.000,33910,1,T1,1,100,31.192
1738260780.197079,632728.000,33926,1,T1,1,100,31.260
1738260780.330084,632861.000,33941,1,T1,1,100,31.290
1738260780.464089,632995.000,33958,1,T1,1,100,31.303
1738260780.597094,633128.000,33988,1,T1,1,100,31.308
1738260780.730099,633261.000,34004,1,T1,1,100,31.204
1738260780.864104,633395.000,34020,1,T1,1,100,31.195
1738260780.997109,633528.000,34053,1,T1,1,100,31.262
1738260781.130114,633661.000,34068,1,T1,1,100,31.220
1738260781.264119,633795.000,34084,1,T1,1,100,31.308
1738260781.397124,633928.000,34115,1,T1,1,100,31.381
1738260781.530129,634061.000,34130,1,T1,1,100,31.378
1738260781.664135,634195.000,34146,1,T1,1,100,31.341
1738260781.797139,634328.000,34179,1,T1,1,100,31.360
1738260781.930145,634461.000,34194,1,T1,1,100,31.369
1738260782.064150,634595.000,34211,1,T1,1,100,31.372
1738260782.197155,634728.000,34226,1,T1,1,100,31.409
1738260782.330160,634861.000,34256,1,T1,1,100,31.354
1738260782.463165,634994.000,34275,1,T1,1,100,31.366
1738260782.597170,635128.000,34290,1,T1,1,100,31.300
1738260782.730175,635261.000,34323,1,T1,1,100,31.307
1738260782.863180,635394.000,34339,1,T1,1,100,31.381
1738260782.997185,635528.000,34354,1,T1,1,100,31.378
1738260783.130190,635661.000,34385,1,T1,1,100,31.305
1738260783.263195,635794.000,34401,1,T1,1,100,31.345
1738260783.397200,635928.000,34417,1,T1,1,100,31.256
1738260783.530205,636061.000,34447,1,T1,1,100,31.323
1738260783.663210,636194.000,34463,1,T1,1,100,31.317
1738260783.797215,636328.000,34481,1,T1,1,100,31.350
1738260783.930220,636461.000,34511,1,T1,1,100,31.293
1738260784.063226,636594.000,34528,1,T1,1,100,31.375
1738260784.197231,636728.000,34543,1,T1,1,100,31.340
1738260784.330236,636861.000,34562,1,T1,1,100,31.431
1738260784.463241,636994.000,34578,1,T1,1,100,31.435
1738260784.597246,637128.000,34608,1,T1,1,100,31.330
1738260784.730251,637261.000,34627,1,T1,1,100,31.355
1738260784.863256,637394.000,34642,1,T1,1,100,31.331
1738260784.997261,637528.000,34673,1,T1,1,100,31.321
1738260785.130266,637661.000,34689,1,T1,1,100,31.351
1738260785.263271,637794.000,34704,1,T1,1,100,31.400
1738260785.397276,637928.000,34735,1,T1,1,100,31.457
1738260785.530281,638061.000,34751,1,T1,1,100,31.446
1738260785.663286,638194.000,34768,1,T1,1,100,31.406
1738260785.796291,638327.000,34799,1,T1,1,100,31.353
1738260785.930296,638461.000,34815,1,T1,1,100,31.436
1738260786.063301,638594.000,34831,1,T1,1,100,31.402
1738260786.196306,638727.000,34847,1,T1,1,100,31.422
1738260786.330312,638861.000,34878,1,T1,1,100,31.431
1738260786.463317,638994.000,34895,1,T1,1,100,31.399
1738260786.596322,639127.000,34911,1,T1,1,100,31.385
1738260786.730327,639261.000,34942,1,T1,1,100,31.380
1738260786.863332,639394.000,34957,1,T1,1,100,31.341
1738260786.996337,639527.000,34973,1,T1,1,100,31.396
1738260787.130342,639661.000,35004,1,T1,1,100,31.349
1738260787.263347,639794.000,35019,1,T1,1,100,31.364
1738260787.396352,639927.000,35036,1,T1,1,100,31.406
1738260787.530357,640061.000,35053,1,T1,1,100,31.353
1738260787.663362,640194.000,35085,1,T1,1,100,31.294
1738260787.796367,640327.000,35102,1,T1,1,100,31.269
1738260787.930372,640461.000,35117,1,T1,1,100,31.329
1738260788.063377,640594.000,35148,1,T1,1,100,31.391
1738260788.196382,640727.000,35164,1,T1,1,100,31.275
1738260788.330387,640861.000,35179,1,T1,1,100,31.403
1738260788.463392,640994.000,35212,1,T1,1,100,31.458
1738260788.596397,641127.000,35228,1,T1,1,100,31.446
1738260788.730403,641261.000,35244,1,T1,1,100,31.441
1738260788.863408,641394.000,35274,1,T1,1,100,31.475
1738260788.996413,641527.000,35290,1,T1,1,100,31.418
1738260789.129418,641660.000,35306,1,T1,1,100,31.500
1738260789.263423,641794.000,35338,1,T1,1,100,31.394
1738260789.396428,641927.000,35360,1,T1,1,100,31.419
1738260789.529433,642060.000,35375,1,T1,1,100,31.358
1738260789.663438,642194.000,35391,1,T1,1,100,31.368
1738260789.796443,642327.000,35407,1,T1,1,100,31.336
1738260789.929448,642460.000,35439,1,T1,1,100,31.394
1738260790.063453,642594.000,35456,1,T1,1,100,31.454
1738260790.196458,642727.000,35471,1,T1,1,100,31.445
1738260790.329463,642860.000,35487,1,T1,1,100,31.370
1738260790.463468,642994.000,35518,1,T1,1,100,31.444
1738260790.596473,643127.000,35533,1,T1,1,100,31.369
1738260790.729478,643260.000,35551,1,T1,1,100,31.408
1738260790.863483,643394.000,35582,1,T1,1,100,31.354
1738260790.996489,643527.000,35597,1,T1,1,100,31.330
1738260791.129494,643660.000,35614,1,T1,1,100,31.320
1738260791.263499,643794.000,35644,1,T1,1,100,31.387
1738260791.396504,643927.000,35662,1,T1,1,100,31.416
1738260791.529509,644060.000,35678,1,T1,1,100,31.463
1738260791.663514,644194.000,35709,1,T1,1,100,31.484
1738260791.796519,644327.000,35724,1,T1,1,100,31.351
1738260791.929524,644460.000,35740,1,T1,1,100,31.400
1738260792.062529,644593.000,35773,1,T1,1,100,31.457
1738260792.196534,644727.000,35788,1,T1,1,100,31.517
1738260792.329539,644860.000,35804,1,T1,1,100,31.401
1738260792.462544,644993.000,35837,1,T1,1,100,31.422
1738260792.596549,645127.000,35852,1,T1,1,100,31.395
1738260792.729554,645260.000,35869,1,T1,1,100,31.419
1738260792.862559,645393.000,35884,1,T1,1,100,31.394
1738260792.996564,645527.000,35917,1,T1,1,100,31.419
1738260793.129570,645660.000,35933,1,T1,1,100,31.465
1738260793.262575,645793.000,35948,1,T1,1,100,31.343
1738260793.396580,645927.000,35979,1,T1,1,100,31.397
1738260793.529585,646060.000,35995,1,T1,1,100,31.420
1738260793.662590,646193.000,36012,1,T1,1,100,31.394
1738260793.796595,646327.000,36043,1,T1,1,100,31.383
1738260793.929600,646460.000,36059,1,T1,1,100,31.343
1738260794.062605,646593.000,36075,1,T1,1,100,31.361
1738260794.196610,646727.000,36105,1,T1,1,100,31.298
1738260794.329615,646860.000,36121,1,T1,1,100,31.377
1738260794.462620,646993.000,36137,1,T1,1,100,31.411
1738260794.596625,647127.000,36161,1,T1,1,100,31.426
1738260794.729630,647260.000,36177,1,T1,1,100,31.433
1738260794.862635,647393.000,36207,1,T1,1,100,31.364
1738260794.996640,647527.000,36223,1,T1,1,100,31.441
1738260795.129645,647660.000,36239,1,T1,1,100,31.581
1738260795.262650,647793.000,36255,1,T1,1,100,31.500
1738260795.396656,647927.000,36288,1,T1,1,100,31.500
1738260795.529661,648060.000,36303,1,T1,1,100,31.571
1738260795.662666,648193.000,36319,1,T1,1,100,31.495
1738260795.795671,648326.000,36350,1,T1,1,100,31.462
1738260795.929676,648460.000,36365,1,T1,1,100,31.377
1738260796.062681,648593.000,36382,1,T1,1,100,31.376
1738260796.195686,648726.000,36412,1,T1,1,100,31.375
1738260796.329691,648860.000,36427,1,T1,1,100,31.411
1738260796.462696,648993.000,36446,1,T1,1,100,31.355
1738260796.595701,649126.000,36476,1,T1,1,100,31.473
1738260796.729706,649260.000,36492,1,T1,1,100,31.453
1738260796.862711,649393.000,36508,1,T1,1,100,31.480
1738260796.995716,649526.000,36539,1,T1,1,100,31.385
1738260797.129721,649660.000,36554,1,T1,1,100,31.450
1738260797.262726,649793.000,36570,1,T1,1,100,31.372
1738260797.395731,649926.000,36605,1,T1,1,100,31.445
1738260797.529737,650060.000,36620,1,T1,1,100,31.547
1738260797.662742,650193.000,36636,1,T1,1,100,31.485
1738260797.795747,650326.000,36652,1,T1,1,100,31.458
1738260797.929752,650460.000,36682,1,T1,1,100,31.446
1738260798.062757,650593.000,36699,1,T1,1,100,31.441
1738260798.195762,650726.000,36716,1,T1,1,100,31.439
1738260798.329767,650860.000,36747,1,T1,1,100,31.509
1738260798.462772,650993.000,36763,1,T1,1,100,31.398
1738260798.595777,651126.000,36778,1,T1,1,100,31.491
1738260798.728782,651259.000,36809,1,T1,1,100,31.425
1738260798.862787,651393.000,36825,1,T1,1,100,31.361
1738260798.995792,651526.000,36842,1,T1,1,100,31.440
1738260799.128797,651659.000,36873,1,T1,1,100,31.545
1738260799.262802,651793.000,36889,1,T1,1,100,31.484
1738260799.395807,651926.000,36905,1,T1,1,100,31.529
1738260799.528812,652059.000,36935,1,T1,1,100,31.406
1738260799.662817,652193.000,36958,1,T1,1,100,31.459
1738260799.795822,652326.000,36973,1,T1,1,100,31.447
1738260799.928828,652459.000,36991,1,T1,1,100,31.406
1738260800.062833,652593.000,37007,1,T1,1,100,31.388
1738260800.195838,652726.000,37037,1,T1,1,100,31.345
1738260800.328843,652859.000,37053,1,T1,1,100,31.327
1738260800.462848,652993.000,37069,1,T1,1,100,31.425
1738260800.595853,653126.000,37085,1,T1,1,100,31.538
1738260800.728858,653259.000,37116,1,T1,1,100,31.517
1738260800.862863,653393.000,37131,1,T1,1,100,31.507
1738260800.995868,653526.000,37149,1,T1,1,100,31.432
1738260801.128873,653659.000,37180,1,T1,1,100,31.506
1738260801.262878,653793.000,37195,1,T1,1,100,31.503
1738260801.395883,653926.000,37212,1,T1,1,100,31.537
1738260801.528888,654059.000,37242,1,T1,1,100,31.551
1738260801.662893,654193.000,37257,1,T1,1,100,31.487
1738260801.795898,654326.000,37274,1,T1,1,100,31.317
1738260801.928903,654459.000,37306,1,T1,1,100,31.492
1738260802.061908,654592.000,37322,1,T1,1,100,31.390
1738260802.195914,654726.000,37338,1,T1,1,100,31.452
1738260802.328919,654859.000,37369,1,T1,1,100,31.479
1738260802.461924,654992.000,37386,1,T1,1,100,31.491
1738260802.595929,655126.000,37402,1,T1,1,100,31.461
1738260802.728934,655259.000,37433,1,T1,1,100,31.448
1738260802.862939,655393.000,37450,1,T1,1,100,31.371
1738260802.995944,655526.000,37466,1,T1,1,100,31.586
1738260803.128949,655659.000,37482,1,T1,1,100,31.502
1738260803.261954,655792.000,37512,1,T1,1,100,31.536
1738260803.395959,655926.000,37529,1,T1,1,100,31.516
1738260803.528964,656059.000,37544,1,T1,1,100,31.436
1738260803.661969,656192.000,37575,1,T1,1,100,31.472
1738260803.795974,656326.000,37591,1,T1,1,100,31.523
1738260803.928979,656459.000,37608,1,T1,1,100,31.475
1738260804.061984,656592.000,37639,1,T1,1,100,31.454
1738260804.195989,656726.000,37655,1,T1,1,100,31.480
1738260804.328995,656859.000,37670,1,T1,1,100,31.420
1738260804.462000,656992.000,37701,1,T1,1,100,31.466
1738260804.596005,657126.000,37719,1,T1,1,100,31.485
1738260804.729010,657259.000,37735,1,T1,1,100,31.529
1738260804.862015,657392.000,37754,1,T1,1,100,31.477
1738260804.996020,657526.000,37769,1,T1,1,100,31.561
1738260805.129025,657659.000,37800,1,T1,1,100,31.526
1738260805.262030,657792.000,37818,1,T1,1,100,31.476
1738260805.395035,657925.000,37836,1,T1,1,100,31.490
1738260805.529040,658059.000,37866,1,T1,1,100,31.460
1738260805.662045,658192.000,37882,1,T1,1,100,31.554
1738260805.795050,658325.000,37898,1,T1,1,100,31.559
1738260805.929055,658459.000,37930,1,T1,1,100,31.525
1738260806.062060,658592.000,37947,1,T1,1,100,31.440
1738260806.195065,658725.000,37962,1,T1,1,100,31.439
1738260806.329070,658859.000,37978,1,T1,1,100,31.473
1738260806.462075,658992.000,38009,1,T1,1,100,31.489
1738260806.595081,659125.000,38024,1,T1,1,100,31.460
1738260806.729086,659259.000,38043,1,T1,1,100,31.518
1738260806.862091,659392.000,38073,1,T1,1,100,31.543
1738260806.995096,659525.000,38088,1,T1,1,100,31.519
1738260807.129101,659659.000,38105,1,T1,1,100,31.544
1738260807.262106,659792.000,38135,1,T1,1,100,31.590
1738260807.395111,659925.000,38153,1,T1,1,100,31.468
1738260807.529116,660059.000,38171,1,T1,1,100,31.522
1738260807.662121,660192.000,38202,1,T1,1,100,31.474
1738260807.795126,660325.000,38217,1,T1,1,100,31.524
1738260807.929131,660459.000,38233,1,T1,1,100,31.475
1738260808.062136,660592.000,38264,1,T1,1,100,31.525
1738260808.195141,660725.000,38281,1,T1,1,100,31.511
1738260808.329146,660859.000,38297,1,T1,1,100,31.611
1738260808.462151,660992.000,38328,1,T1,1,100,31.548
1738260808.595156,661125.000,38343,1,T1,1,100,31.627
1738260808.728161,661258.000,38360,1,T1,1,100,31.590
1738260808.862167,661392.000,38375,1,T1,1,100,31.539
1738260808.995172,661525.000,38408,1,T1,1,100,31.552
1738260809.128177,661658.000,38424,1,T1,1,100,31.558
1738260809.262182,661792.000,38439,1,T1,1,100,31.561
1738260809.395187,661925.000,38470,1,T1,1,100,31.526
1738260809.528192,662058.000,38486,1,T1,1,100,31.511
1738260809.662197,662192.000,38501,1,T1,1,100,31.469
1738260809.795202,662325.000,38532,1,T1,1,100,31.487
1738260809.928207,662458.000,38557,1,T1,1,100,31.494
1738260810.062212,662592.000,38573,1,T1,1,100,31.462
1738260810.195217,662725.000,38589,1,T1,1,100,31.484
1738260810.328222,662858.000,38604,1,T1,1,100,31.528
1738260810.462227,662992.000,38635,1,T1,1,100,31.583
1738260810.595232,663125.000,38651,1,T1,1,100,31.501
1738260810.728237,663258.000,38667,1,T1,1,100,31.465
1738260810.862242,663392.000,38685,1,T1,1,100,31.449
1738260810.995247,663525.000,38715,1,T1,1,100,31.514
1738260811.128253,663658.000,38731,1,T1,1,100,31.506
1738260811.262258,663792.000,38747,1,T1,1,100,31.609
1738260811.395263,663925.000,38778,1,T1,1,100,31.583
1738260811.528268,664058.000,38793,1,T1,1,100,31.571
1738260811.662273,664192.000,38809,1,T1,1,100,31.531
1738260811.795278,664325.000,38842,1,T1,1,100,31.442
1738260811.928283,664458.000,38857,1,T1,1,100,31.440
1738260812.062288,664592.000,38874,1,T1,1,100,31.403
1738260812.195293,664725.000,38904,1,T1,1,100,31.458
1738260812.328298,664858.000,38919,1,T1,1,100,31.446
1738260812.462303,664992.000,38938,1,T1,1,100,31.619
1738260812.595308,665125.000,38968,1,T1,1,100,31.622
1738260812.728313,665258.000,38986,1,T1,1,100,31.588
1738260812.861318,665391.000,39002,1,T1,1,100,31.609
1738260812.995323,665525.000,39033,1,T1,1,100,31.654
1738260813.128328,665658.000,39048,1,T1,1,100,31.637
1738260813.261333,665791.000,39064,1,T1,1,100,31.630
1738260813.395339,665925.000,39079,1,T1,1,100,31.627
1738260813.528344,666058.000,39110,1,T1,1,100,31.555
1738260813.661349,666191.000,39128,1,T1,1,100,31.453
1738260813.795354,666325.000,39144,1,T1,1,100,31.444
1738260813.928359,666458.000,39174,1,T1,1,100,31.511
1738260814.061364,666591.000,39191,1,T1,1,100,31.540
1738260814.195369,666725.000,39206,1,T1,1,100,31.517
1738260814.328374,666858.000,39237,1,T1,1,100,31.508
1738260814.461379,666991.000,39253,1,T1,1,100,31.574
1738260814.595384,667125.000,39270,1,T1,1,100,31.603
1738260814.728389,667258.000,39301,1,T1,1,100,31.615
1738260814.861394,667391.000,39317,1,T1,1,100,31.550
1738260814.995399,667525.000,39332,1,T1,1,100,31.628
1738260815.128404,667658.000,39354,1,T1,1,100,31.626
1738260815.261409,667791.000,39369,1,T1,1,100,31.555
1738260815.395414,667925.000,39402,1,T1,1,100,31.595
1738260815.528419,668058.000,39418,1,T1,1,100,31.612
1738260815.661425,668191.000,39433,1,T1,1,100,31.513
1738260815.794430,668324.000,39464,1,T1,1,100,31.577
1738260815.928435,668458.000,39480,1,T1,1,100,31.569
1738260816.061440,668591.000,39496,1,T1,1,100,31.601
1738260816.194445,668724.000,39528,1,T1,1,100,31.650
1738260816.328450,668858.000,39544,1,T1,1,100,31.600
1738260816.461455,668991.000,39560,1,T1,1,100,31.579
1738260816.594460,669124.000,39576,1,T1,1,100,31.570
1738260816.728465,669258.000,39607,1,T1,1,100,31.566
1738260816.861470,669391.000,39622,1,T1,1,100,31.564
1738260816.994475,669524.000,39638,1,T1,1,100,31.669
1738260817.128480,669658.000,39671,1,T1,1,100,31.644
1738260817.261485,669791.000,39686,1,T1,1,100,31.527
1738260817.394490,669924.000,39703,1,T1,1,100,31.583
1738260817.528495,670058.000,39735,1,T1,1,100,31.607
1738260817.661500,670191.000,39750,1,T1,1,100,31.688
1738260817.794506,670324.000,39767,1,T1,1,100,31.652
1738260817.928511,670458.000,39797,1,T1,1,100,31.601
1738260818.061516,670591.000,39815,1,T1,1,100,31.650
1738260818.194521,670724.000,39831,1,T1,1,100,31.671
1738260818.328526,670858.000,39846,1,T1,1,100,31.787
1738260818.461531,670991.000,39877,1,T1,1,100,31.624
1738260818.594536,671124.000,39893,1,T1,1,100,31.554
1738260818.728541,671258.000,39909,1,T1,1,100,31.630
1738260818.861546,671391.000,39941,1,T1,1,100,31.592
1738260818.994551,671524.000,39957,1,T1,1,100,31.540
1738260819.128556,671658.000,39973,1,T1,1,100,31.588
1738260819.261561,671791.000,40003,1,T1,1,100,31.609
1738260819.394566,671924.000,40020,1,T1,1,100,31.512
1738260819.527571,672057.000,40037,1,T1,1,100,31.541
1738260819.661576,672191.000,40070,1,T1,1,100,31.624
1738260819.794581,672324.000,40086,1,T1,1,100,31.554
1738260819.927586,672457.000,40101,1,T1,1,100,31.488
1738260820.061592,672591.000,40132,1,T1,1,100,31.566
1738260820.194597,672724.000,40155,1,T1,1,100,31.493
1738260820.327602,672857.000,40171,1,T1,1,100,31.710
1738260820.461607,672991.000,40187,1,T1,1,100,31.520
1738260820.594612,673124.000,40202,1,T1,1,100,31.615
1738260820.727617,673257.000,40233,1,T1,1,100,31.621
1738260820.861622,673391.000,40249,1,T1,1,100,31.552
1738260820.994627,673524.000,40264,1,T1,1,100,31.558
1738260821.127632,673657.000,40297,1,T1,1,100,31.631
1738260821.261637,673791.000,40313,1,T1,1,100,31.628
1738260821.394642,673924.000,40329,1,T1,1,100,31.662
1738260821.527647,674057.000,40359,1,T1,1,100,31.641
1738260821.661652,674191.000,40375,1,T1,1,100,31.667
1738260821.794657,674324.000,40391,1,T1,1,100,31.679
1738260821.927662,674457.000,40423,1,T1,1,100,31.684
1738260822.061667,674591.000,40440,1,T1,1,100,31.721
1738260822.194672,674724.000,40455,1,T1,1,100,31.667
1738260822.327677,674857.000,40471,1,T1,1,100,31.749
1738260822.460683,674990.000,40504,1,T1,1,100,31.714
1738260822.594688,675124.000,40519,1,T1,1,100,31.699
1738260822.727693,675257.000,40536,1,T1,1,100,31.586
1738260822.860698,675390.000,40568,1,T1,1,100,31.644
1738260822.994703,675524.000,40583,1,T1,1,100,31.562
1738260823.127708,675657.000,40600,1,T1,1,100,31.527
1738260823.260713,675790.000,40630,1,T1,1,100,31.618
1738260823.394718,675924.000,40646,1,T1,1,100,31.551
1738260823.527723,676057.000,40662,1,T1,1,100,31.522
1738260823.660728,676190.000,40695,1,T1,1,100,31.687
1738260823.794733,676324.000,40710,1,T1,1,100,31.616
1738260823.927738,676457.000,40726,1,T1,1,100,31.621
1738260824.060743,676590.000,40741,1,T1,1,100,31.730
1738260824.194748,676724.000,40772,1,T1,1,100,31.599
1738260824.327753,676857.000,40788,1,T1,1,100,31.543
1738260824.460758,676990.000,40804,1,T1,1,100,31.554
1738260824.594764,677124.000,40836,1,T1,1,100,31.488
1738260824.727769,677257.000,40853,1,T1,1,100,31.601
1738260824.860774,677390.000,40868,1,T1,1,100,31.579
1738260824.994779,677524.000,40899,1,T1,1,100,31.605
1738260825.127784,677657.000,40915,1,T1,1,100,31.652
1738260825.260789,677790.000,40930,1,T1,1,100,31.601
1738260825.393794,677923.000,40952,1,T1,1,100,31.615
1738260825.527799,678057.000,40982,1,T1,1,100,31.621
1738260825.660804,678190.000,40997,1,T1,1,100,31.623
1738260825.793809,678323.000,41014,1,T1,1,100,31.660
1738260825.927814,678457.000,41029,1,T1,1,100,31.640
1738260826.060819,678590.000,41060,1,T1,1,100,31.631
1738260826.193824,678723.000,41076,1,T1,1,100,31.663
1738260826.327829,678857.000,41093,1,T1,1,100,31.642
1738260826.460834,678990.000,41124,1,T1,1,100,31.597
1738260826.593839,679123.000,41140,1,T1,1,100,31.613
1738260826.727844,679257.000,41156,1,T1,1,100,31.691
1738260826.860850,679390.000,41186,1,T1,1,100,31.547
1738260826.993855,679523.000,41202,1,T1,1,100,31.591
1738260827.127860,679657.000,41218,1,T1,1,100,31.646
1738260827.260865,679790.000,41250,1,T1,1,100,31.740
1738260827.393870,679923.000,41267,1,T1,1,100,31.675
1738260827.527875,680057.000,41284,1,T1,1,100,31.611
1738260827.660880,680190.000,41315,1,T1,1,100,31.690
1738260827.793885,680323.000,41331,1,T1,1,100,31.689
1738260827.927890,680457.000,41346,1,T1,1,100,31.688
1738260828.060895,680590.000,41362,1,T1,1,100,31.759
1738260828.193900,680723.000,41395,1,T1,1,100,31.789
1738260828.327905,680857.000,41410,1,T1,1,100,31.731
1738260828.460910,680990.000,41427,1,T1,1,100,31.671
1738260828.593915,681123.000,41457,1,T1,1,100,31.574
1738260828.727920,681257.000,41473,1,T1,1,100,31.674
1738260828.860925,681390.000,41489,1,T1,1,100,31.717
1738260828.993931,681523.000,41522,1,T1,1,100,31.665
1738260829.126935,681656.000,41537,1,T1,1,100,31.607
1738260829.260941,681790.000,41553,1,T1,1,100,31.653
1738260829.393946,681923.000,41584,1,T1,1,100,31.637
1738260829.526951,682056.000,41599,1,T1,1,100,31.666
1738260829.660956,682190.000,41615,1,T1,1,100,31.607
1738260829.793961,682323.000,41648,1,T1,1,100,31.617
1738260829.926966,682456.000,41663,1,T1,1,100,31.657
1738260830.060971,682590.000,41680,1,T1,1,100,31.674
1738260830.193976,682723.000,41710,1,T1,1,100,31.575
1738260830.326981,682856.000,41725,1,T1,1,100,31.674
1738260830.460986,682990.000,41747,1,T1,1,100,31.611
1738260830.593991,683123.000,41762,1,T1,1,100,31.548
1738260830.726996,683256.000,41779,1,T1,1,100,31.592
1738260830.861001,683390.000,41811,1,T1,1,100,31.575
1738260830.994006,683523.000,41826,1,T1,1,100,31.603
1738260831.127011,683656.000,41843,1,T1,1,100,31.651
1738260831.261017,683790.000,41873,1,T1,1,100,31.707
1738260831.394022,683923.000,41889,1,T1,1,100,31.696
1738260831.527027,684056.000,41907,1,T1,1,100,31.656
1738260831.661032,684190.000,41938,1,T1,1,100,31.674
1738260831.794037,684323.000,41953,1,T1,1,100,31.717
1738260831.927042,684456.000,41969,1,T1,1,100,31.700
1738260832.060047,684589.000,41985,1,T1,1,100,31.587
1738260832.194052,684723.000,42015,1,T1,1,100,31.608
1738260832.327057,684856.000,42033,1,T1,1,100,31.653
1738260832.460062,684989.000,42053,1,T1,1,100,31.673
1738260832.594067,685123.000,42083,1,T1,1,100,31.575
1738260832.727072,685256.000,42100,1,T1,1,100,31.639
1738260832.860077,685389.000,42115,1,T1,1,100,31.631
1738260832.994082,685523.000,42148,1,T1,1,100,31.628
1738260833.127087,685656.000,42164,1,T1,1,100,31.626
1738260833.260092,685789.000,42179,1,T1,1,100,31.661
1738260833.394097,685923.000,42210,1,T1,1,100,31.747
1738260833.527102,686056.000,42226,1,T1,1,100,31.678
1738260833.660108,686189.000,42241,1,T1,1,100,31.612
1738260833.794113,686323.000,42258,1,T1,1,100,31.620
1738260833.927118,686456.000,42290,1,T1,1,100,31.694
1738260834.060123,686589.000,42306,1,T1,1,100,31.584
1738260834.194128,686723.000,42322,1,T1,1,100,31.643
1738260834.327133,686856.000,42355,1,T1,1,100,31.739
1738260834.460138,686989.000,42370,1,T1,1,100,31.710
1738260834.594143,687123.000,42386,1,T1,1,100,31.733
1738260834.727148,687256.000,42417,1,T1,1,100,31.707
1738260834.860153,687389.000,42432,1,T1,1,100,31.767
1738260834.994158,687523.000,42448,1,T1,1,100,31.757
1738260835.127163,687656.000,42481,1,T1,1,100,31.753
1738260835.260168,687789.000,42496,1,T1,1,100,31.645
1738260835.394173,687923.000,42513,1,T1,1,100,31.740
1738260835.527178,688056.000,42548,2,T1,1,100,31.746
1738260835.660183,688189.000,42548,2,T1,1,100,31.677
1738260835.793189,688322.000,42579,1,T1,1,100,31.719
1738260835.927194,688456.000,42594,1,T1,1,100,31.665
1738260836.060199,688589.000,42613,1,T1,1,100,31.749
1738260836.193204,688722.000,42643,1,T1,1,100,31.608
1738260836.327209,688856.000,42658,1,T1,1,100,31.653
1738260836.460214,688989.000,42675,1,T1,1,100,31.637
1738260836.593219,689122.000,42705,1,T1,1,100,31.630
1738260836.727224,689256.000,42721,1,T1,1,100,31.663
1738260836.860229,689389.000,42737,1,T1,1,100,31.712
1738260836.993234,689522.000,42770,1,T1,1,100,31.627
1738260837.127239,689656.000,42785,1,T1,1,100,31.626
1738260837.260244,689789.000,42801,1,T1,1,100,31.732
1738260837.393249,689922.000,42834,1,T1,1,100,31.742
1738260837.527254,690056.000,42849,1,T1,1,100,31.711
1738260837.660259,690189.000,42867,1,T1,1,100,31.627
1738260837.793264,690322.000,42883,1,T1,1,100,31.661
1738260837.927269,690456.000,42913,1,T1,1,100,31.676
1738260838.060275,690589.000,42930,1,T1,1,100,31.647
1738260838.193280,690722.000,42945,1,T1,1,100,31.635
1738260838.327285,690856.000,42976,1,T1,1,100,31.665
1738260838.460290,690989.000,42992,1,T1,1,100,31.642
1738260838.593295,691122.000,43009,1,T1,1,100,31.668
1738260838.726300,691255.000,43040,1,T1,1,100,31.644
1738260838.860305,691389.000,43056,1,T1,1,100,31.598
1738260838.993310,691522.000,43071,1,T1,1,100,31.755
1738260839.126315,691655.000,43102,1,T1,1,100,31.717
1738260839.260320,691789.000,43118,1,T1,1,100,31.665
1738260839.393325,691922.000,43134,1,T1,1,100,31.678
1738260839.526330,692055.000,43166,1,T1,1,100,31.683
1738260839.660335,692189.000,43182,1,T1,1,100,31.686
1738260839.793340,692322.000,43198,1,T1,1,100,31.651
1738260839.926345,692455.000,43214,1,T1,1,100,31.672
1738260840.060350,692589.000,43245,1,T1,1,100,31.858
1738260840.193356,692722.000,43260,1,T1,1,100,31.868
1738260840.326360,692855.000,43276,1,T1,1,100,31.765
1738260840.460366,692989.000,43309,1,T1,1,100,31.721
1738260840.593371,693122.000,43324,1,T1,1,100,31.773
1738260840.726376,693255.000,43346,1,T1,1,100,31.724
1738260840.860381,693389.000,43361,1,T1,1,100,31.774
1738260840.993386,693522.000,43377,1,T1,1,100,31.725
1738260841.126391,693655.000,43408,1,T1,1,100,31.739
1738260841.260396,693789.000,43423,1,T1,1,100,31.781
1738260841.393401,693922.000,43442,1,T1,1,100,31.763
1738260841.526406,694055.000,43472,1,T1,1,100,31.791
1738260841.660411,694189.000,43487,1,T1,1,100,31.768
1738260841.793416,694322.000,43504,1,T1,1,100,31.793
1738260841.926421,694455.000,43534,1,T1,1,100,31.769
1738260842.059426,694588.000,43550,1,T1,1,100,31.758
1738260842.193431,694722.000,43568,1,T1,1,100,31.718
1738260842.326436,694855.000,43599,1,T1,1,100,31.594
1738260842.459441,694988.000,43616,1,T1,1,100,31.683
1738260842.593446,695122.000,43632,1,T1,1,100,31.792
1738260842.726452,695255.000,43647,1,T1,1,100,31.697
1738260842.859457,695388.000,43678,1,T1,1,100,31.656
1738260842.993462,695522.000,43694,1,T1,1,100,31.745
1738260843.126467,695655.000,43712,1,T1,1,100,31.712
1738260843.259472,695788.000,43742,1,T1,1,100,31.698
1738260843.393477,695922.000,43759,1,T1,1,100,31.692
1738260843.526482,696055.000,43774,1,T1,1,100,31.760
1738260843.659487,696188.000,43805,1,T1,1,100,31.790
1738260843.793492,696322.000,43821,1,T1,1,100,31.767
1738260843.926497,696455.000,43836,1,T1,1,100,31.722
1738260844.059502,696588.000,43869,1,T1,1,100,31.702
1738260844.193507,696722.000,43885,1,T1,1,100,31.729
1738260844.326512,696855.000,43900,1,T1,1,100,31.706
1738260844.459517,696988.000,43917,1,T1,1,100,31.731
1738260844.593522,697122.000,43947,1,T1,1,100,31.742
1738260844.726527,697255.000,43963,1,T1,1,100,31.711
1738260844.859533,697388.000,43981,1,T1,1,100,31.804
1738260844.993538,697522.000,44012,1,T1,1,100,31.809
1738260845.126543,697655.000,44027,1,T1,1,100,31.846
1738260845.259548,697788.000,44043,1,T1,1,100,31.756
1738260845.393553,697922.000,44074,1,T1,1,100,31.682
1738260845.526558,698055.000,44089,1,T1,1,100,31.756
1738260845.659563,698188.000,44107,1,T1,1,100,31.823
1738260845.793568,698322.000,44131,1,T1,1,100,31.817
1738260845.926573,698455.000,44146,1,T1,1,100,31.850
1738260846.059578,698588.000,44163,1,T1,1,100,31.829
1738260846.192583,698721.000,44178,1,T1,1,100,31.749
1738260846.326588,698855.000,44211,1,T1,1,100,31.749
1738260846.459593,698988.000,44227,1,T1,1,100,31.714
1738260846.592598,699121.000,44242,1,T1,1,100,31.841
1738260846.726603,699255.000,44273,1,T1,1,100,31.860
1738260846.859608,699388.000,44289,1,T1,1,100,31.727
1738260846.992614,699521.000,44306,1,T1,1,100,31.705
1738260847.126619,699655.000,44337,1,T1,1,100,31.766
1738260847.259624,699788.000,44353,1,T1,1,100,31.721
1738260847.392629,699921.000,44369,1,T1,1,100,31.738
1738260847.526634,700055.000,44387,1,T1,1,100,31.709
1738260847.659639,700188.000,44419,1,T1,1,100,31.768
1738260847.792644,700321.000,44435,1,T1,1,100,31.793
1738260847.926649,700455.000,44451,1,T1,1,100,31.769
1738260848.059654,700588.000,44482,1,T1,1,100,31.758
1738260848.192659,700721.000,44497,1,T1,1,100,31.718
1738260848.326664,700855.000,44513,1,T1,1,100,31.843
1738260848.459669,700988.000,44544,1,T1,1,100,31.755
1738260848.592674,701121.000,44559,1,T1,1,100,31.787
1738260848.726679,701255.000,44576,1,T1,1,100,31.873
1738260848.859684,701388.000,44606,1,T1,1,100,31.803
1738260848.992689,701521.000,44621,1,T1,1,100,31.702
1738260849.125695,701654.000,44638,1,T1,1,100,31.836
1738260849.259700,701788.000,44670,1,T1,1,100,31.858
1738260849.392704,701921.000,44686,1,T1,1,100,31.797
1738260849.525710,702054.000,44702,1,T1,1,100,31.841
1738260849.659715,702188.000,44717,1,T1,1,100,31.860
1738260849.792720,702321.000,44748,1,T1,1,100,31.762
1738260849.926725,702455.000,44764,1,T1,1,100,31.755
1738260850.059730,702588.000,44780,1,T1,1,100,31.823
1738260850.192735,702721.000,44812,1,T1,1,100,31.853
1738260850.325740,702854.000,44828,1,T1,1,100,31.688
1738260850.459745,702988.000,44844,1,T1,1,100,31.688
1738260850.592750,703121.000,44874,1,T1,1,100,31.688
1738260850.725755,703254.000,44891,1,T1,1,100,31.794
1738260850.859760,703388.000,44906,1,T1,1,100,31.804
1738260850.992765,703521.000,44927,1,T1,1,100,31.809
1738260851.125770,703654.000,44943,1,T1,1,100,31.846
1738260851.259775,703788.000,44973,1,T1,1,100,31.863
1738260851.392781,703921.000,44990,1,T1,1,100,31.763
1738260851.525785,704054.000,45005,1,T1,1,100,31.720
1738260851.659791,704188.000,45036,1,T1,1,100,31.631
1738260851.792796,704321.000,45052,1,T1,1,100,31.769
1738260851.925801,704454.000,45069,1,T1,1,100,31.829
1738260852.058806,704587.000,45100,1,T1,1,100,31.891
1738260852.192811,704721.000,45116,1,T1,1,100,31.846
1738260852.325816,704854.000,45131,1,T1,1,100,31.934
1738260852.458821,704987.000,45164,1,T1,1,100,31.971
1738260852.592826,705121.000,45180,1,T1,1,100,31.881
1738260852.725831,705254.000,45198,1,T1,1,100,31.878
1738260852.858836,705387.000,45214,1,T1,1,100,31.876
1738260852.992841,705521.000,45244,1,T1,1,100,31.840
1738260853.125846,705654.000,45260,1,T1,1,100,31.789
1738260853.258851,705787.000,45276,1,T1,1,100,31.873
1738260853.392856,705921.000,45307,1,T1,1,100,31.768
1738260853.525861,706054.000,45322,1,T1,1,100,31.687
1738260853.658866,706187.000,45338,1,T1,1,100,31.794
1738260853.792871,706321.000,45371,1,T1,1,100,31.804
1738260853.925877,706454.000,45386,1,T1,1,100,31.809
1738260854.058882,706587.000,45403,1,T1,1,100,31.882
1738260854.192887,706721.000,45433,1,T1,1,100,31.843
1738260854.325892,706854.000,45448,1,T1,1,100,31.861
1738260854.458897,706987.000,45465,1,T1,1,100,31.833
1738260854.592902,707121.000,45497,1,T1,1,100,31.857
1738260854.725907,707254.000,45513,1,T1,1,100,31.832
1738260854.858912,707387.000,45529,1,T1,1,100,31.821
1738260854.992917,707521.000,45544,1,T1,1,100,31.816
1738260855.125922,707654.000,45575,1,T1,1,100,31.814
1738260855.258927,707787.000,45591,1,T1,1,100,31.849
1738260855.391932,707920.000,45606,1,T1,1,100,31.864
1738260855.525937,708054.000,45639,1,T1,1,100,31.870
1738260855.658942,708187.000,45655,1,T1,1,100,31.837
1738260855.791947,708320.000,45671,1,T1,1,100,31.859
1738260855.925952,708454.000,45701,1,T1,1,100,31.868
1738260856.058958,708587.000,45725,1,T1,1,100,31.766
1738260856.191962,708720.000,45740,1,T1,1,100,31.863
1738260856.325968,708854.000,45758,1,T1,1,100,31.834
1738260856.458973,708987.000,45774,1,T1,1,100,31.751
1738260856.591978,709120.000,45804,1,T1,1,100,31.715
1738260856.725983,709254.000,45821,1,T1,1,100,31.735
1738260856.858988,709387.000,45836,1,T1,1,100,31.708
1738260856.991993,709520.000,45869,1,T1,1,100,31.838
1738260857.125998,709654.000,45885,1,T1,1,100,31.824
1738260857.259003,709787.000,45900,1,T1,1,100,31.817
1738260857.392008,709920.000,45933,1,T1,1,100,31.815
1738260857.526013,710054.000,45949,1,T1,1,100,31.849
1738260857.659018,710187.000,45966,1,T1,1,100,31.864
1738260857.792023,710320.000,45997,1,T1,1,100,31.764
1738260857.926028,710454.000,46013,1,T1,1,100,31.827
1738260858.059033,710587.000,46029,1,T1,1,100,31.783
1738260858.192039,710720.000,46045,1,T1,1,100,31.800
1738260858.326044,710854.000,46075,1,T1,1,100,31.807
1738260858.459049,710987.000,46093,1,T1,1,100,31.810
1738260858.592054,711120.000,46109,1,T1,1,100,31.776
1738260858.726059,711254.000,46140,1,T1,1,100,31.832
1738260858.859064,711387.000,46155,1,T1,1,100,31.892
1738260858.992069,711520.000,46171,1,T1,1,100,31.847
1738260859.125074,711653.000,46202,1,T1,1,100,31.792
1738260859.259079,711787.000,46217,1,T1,1,100,31.662
1738260859.392084,711920.000,46236,1,T1,1,100,31.783
1738260859.525089,712053.000,46266,1,T1,1,100,31.764
1738260859.659094,712187.000,46281,1,T1,1,100,31.792
1738260859.792099,712320.000,46298,1,T1,1,100,31.768
1738260859.925104,712453.000,46330,1,T1,1,100,31.829
1738260860.059109,712587.000,46346,1,T1,1,100,31.820
1738260860.192114,712720.000,46362,1,T1,1,100,31.816
1738260860.325119,712853.000,46377,1,T1,1,100,31.814
1738260860.459125,712987.000,46408,1,T1,1,100,31.813
1738260860.592129,713120.000,46424,1,T1,1,100,31.848
1738260860.725135,713253.000,46440,1,T1,1,100,31.828
1738260860.859140,713387.000,46472,1,T1,1,100,31.855
1738260860.992145,713520.000,46488,1,T1,1,100,31.937
1738260861.125150,713653.000,46504,1,T1,1,100,31.831
1738260861.259155,713787.000,46523,1,T1,1,100,31.820
1738260861.392160,713920.000,46556,1,T1,1,100,31.851
1738260861.525165,714053.000,46571,1,T1,1,100,31.865
1738260861.659170,714187.000,46587,1,T1,1,100,31.906
1738260861.792175,714320.000,46603,1,T1,1,100,31.924
1738260861.925180,714453.000,46633,1,T1,1,100,31.861
1738260862.058185,714586.000,46650,1,T1,1,100,31.869
1738260862.192190,714720.000,46667,1,T1,1,100,31.801
1738260862.325195,714853.000,46698,1,T1,1,100,31.772
1738260862.458200,714986.000,46716,1,T1,1,100,31.866
1738260862.592206,715120.000,46731,1,T1,1,100,31.836
1738260862.725210,715253.000,46762,1,T1,1,100,31.823
1738260862.858216,715386.000,46778,1,T1,1,100,31.746
1738260862.992221,715520.000,46795,1,T1,1,100,31.819
1738260863.125226,715653.000,46826,1,T1,1,100,31.815
1738260863.258231,715786.000,46842,1,T1,1,100,31.814
1738260863.392236,715920.000,46858,1,T1,1,100,31.884
1738260863.525241,716053.000,46888,1,T1,1,100,31.843
1738260863.658246,716186.000,46904,1,T1,1,100,31.790
1738260863.792251,716320.000,46920,1,T1,1,100,31.803
1738260863.925256,716453.000,46936,1,T1,1,100,31.844
1738260864.058261,716586.000,46969,1,T1,1,100,31.826
1738260864.192266,716720.000,46984,1,T1,1,100,31.854
1738260864.325271,716853.000,47000,1,T1,1,100,31.937
1738260864.458276,716986.000,47031,1,T1,1,100,31.973
1738260864.592281,717120.000,47046,1,T1,1,100,31.988
1738260864.725286,717253.000,47063,1,T1,1,100,31.995
1738260864.858291,717386.000,47095,1,T1,1,100,31.927
1738260864.992296,717520.000,47110,1,T1,1,100,31.862
1738260865.125302,717653.000,47127,1,T1,1,100,31.869
1738260865.258307,717786.000,47157,1,T1,1,100,31.873
1738260865.391312,717919.000,47173,1,T1,1,100,31.909
1738260865.525317,718053.000,47189,1,T1,1,100,31.854
1738260865.658322,718186.000,47222,1,T1,1,100,31.760
1738260865.792327,718320.000,47237,1,T1,1,100,31.790
1738260865.925332,718453.000,47253,1,T1,1,100,31.874
1738260866.058337,718586.000,47268,1,T1,1,100,31.910
1738260866.191342,718719.000,47299,1,T1,1,100,31.784
1738260866.325347,718853.000,47321,1,T1,1,100,31.835
1738260866.458352,718986.000,47338,1,T1,1,100,31.822
1738260866.591357,719119.000,47354,1,T1,1,100,31.781
1738260866.725362,719253.000,47385,1,T1,1,100,31.834
1738260866.858367,719386.000,47400,1,T1,1,100,31.787
1738260866.991372,719519.000,47416,1,T1,1,100,31.837
1738260867.125377,719653.000,47432,1,T1,1,100,31.823
1738260867.258383,719786.000,47462,1,T1,1,100,31.888
1738260867.391387,719919.000,47481,1,T1,1,100,31.881
1738260867.525393,720053.000,47498,1,T1,1,100,31.948
1738260867.658398,720186.000,47529,1,T1,1,100,31.978
1738260867.791403,720319.000,47545,1,T1,1,100,31.884
1738260867.925408,720453.000,47560,1,T1,1,100,31.843
1738260868.058413,720586.000,47591,1,T1,1,100,31.897
1738260868.191418,720719.000,47607,1,T1,1,100,31.778
1738260868.325423,720853.000,47622,1,T1,1,100,31.798
1738260868.458428,720986.000,47655,1,T1,1,100,31.806
1738260868.591433,721119.000,47671,1,T1,1,100,31.810
1738260868.724438,721252.000,47687,1,T1,1,100,31.882
1738260868.858443,721386.000,47717,1,T1,1,100,31.878
1738260868.991448,721519.000,47733,1,T1,1,100,31.983
1738260869.125453,721653.000,47749,1,T1,1,100,31.922
1738260869.258458,721786.000,47765,1,T1,1,100,31.931
1738260869.391464,721919.000,47800,1,T1,1,100,31.828
1738260869.524468,722052.000,47815,1,T1,1,100,31.748
1738260869.658473,722186.000,47831,1,T1,1,100,31.856
1738260869.791479,722319.000,47862,1,T1,1,100,31.867
1738260869.924484,722452.000,47877,1,T1,1,100,31.836
1738260870.058489,722586.000,47894,1,T1,1,100,31.894
1738260870.191494,722719.000,47924,1,T1,1,100,31.954
1738260870.324499,722852.000,47941,1,T1,1,100,31.803
1738260870.458504,722986.000,47958,1,T1,1,100,31.879
1738260870.591509,723119.000,47988,1,T1,1,100,31.983
1738260870.724514,723252.000,48004,1,T1,1,100,31.957
1738260870.858519,723386.000,48020,1,T1,1,100,31.875
1738260870.991524,723519.000,48051,1,T1,1,100,31.840
1738260871.124529,723652.000,48066,1,T1,1,100,31.931
1738260871.258534,723786.000,48084,1,T1,1,100,31.935
1738260871.391539,723919.000,48099,1,T1,1,100,31.936
1738260871.524544,724052.000,48121,1,T1,1,100,31.901
1738260871.658550,724186.000,48152,1,T1,1,100,31.957
1738260871.791554,724319.000,48167,1,T1,1,100,31.982
1738260871.924560,724452.000,48183,1,T1,1,100,32.063
1738260872.057564,724585.000,48216,1,T1,1,100,31.992
1738260872.191570,724719.000,48231,1,T1,1,100,31.890
1738260872.324575,724852.000,48247,1,T1,1,100,31.917
1738260872.457580,724985.000,48280,1,T1,1,100,31.929
1738260872.591585,725119.000,48295,1,T1,1,100,31.934
1738260872.724590,725252.000,48312,1,T1,1,100,32.042
1738260872.857595,725385.000,48329,1,T1,1,100,31.947
1738260872.991600,725519.000,48359,1,T1,1,100,31.835
1738260873.124605,725652.000,48376,1,T1,1,100,31.751
1738260873.257610,725785.000,48391,1,T1,1,100,31.822
1738260873.391615,725919.000,48422,1,T1,1,100,31.852
1738260873.524620,726052.000,48438,1,T1,1,100,31.830
1738260873.657625,726185.000,48453,1,T1,1,100,31.926
1738260873.791631,726319.000,48486,1,T1,1,100,31.968
1738260873.924635,726452.000,48502,1,T1,1,100,31.951
1738260874.057641,726585.000,48518,1,T1,1,100,31.943
1738260874.191646,726719.000,48548,1,T1,1,100,32.046
1738260874.324651,726852.000,48564,1,T1,1,100,31.914
1738260874.457656,726985.000,48582,1,T1,1,100,31.892
1738260874.591661,727119.000,48612,1,T1,1,100,31.918
1738260874.724666,727252.000,48629,1,T1,1,100,31.929
1738260874.857671,727385.000,48644,1,T1,1,100,31.863
1738260874.991676,727519.000,48660,1,T1,1,100,31.976
1738260875.124681,727652.000,48693,1,T1,1,100,31.954
1738260875.257686,727785.000,48708,1,T1,1,100,31.874
1738260875.390691,727918.000,48725,1,T1,1,100,31.945
1738260875.524696,728052.000,48755,1,T1,1,100,31.941
1738260875.657701,728185.000,48770,1,T1,1,100,31.797
1738260875.790706,728318.000,48787,1,T1,1,100,31.877
1738260875.924711,728452.000,48819,1,T1,1,100,31.876
1738260876.057716,728585.000,48835,1,T1,1,100,31.769
1738260876.190722,728718.000,48851,1,T1,1,100,31.900
1738260876.324727,728852.000,48882,1,T1,1,100,31.921
1738260876.457731,728985.000,48897,1,T1,1,100,31.930
1738260876.590737,729118.000,48920,1,T1,1,100,31.970
1738260876.724742,729252.000,48936,1,T1,1,100,31.952
1738260876.857747,729385.000,48952,1,T1,1,100,31.873
1738260876.990752,729518.000,48983,1,T1,1,100,31.839
1738260877.124757,729652.000,48998,1,T1,1,100,31.824
1738260877.257762,729785.000,49014,1,T1,1,100,31.853
1738260877.390767,729918.000,49049,1,T1,1,100,31.830
1738260877.524772,730052.000,49064,1,T1,1,100,31.785
1738260877.657777,730185.000,49080,1,T1,1,100,31.765
1738260877.790782,730318.000,49111,1,T1,1,100,31.863
1738260877.924787,730452.000,49126,1,T1,1,100,31.941
1738260878.057792,730585.000,49145,1,T1,1,100,31.868
1738260878.190797,730718.000,49160,1,T1,1,100,31.943
1738260878.324802,730852.000,49191,1,T1,1,100,31.904
1738260878.457808,730985.000,49207,1,T1,1,100,31.923
1738260878.590812,731118.000,49222,1,T1,1,100,31.967
1738260878.723818,731251.000,49253,1,T1,1,100,31.915
1738260878.857823,731385.000,49269,1,T1,1,100,31.928
1738260878.990828,731518.000,49286,1,T1,1,100,32.004
1738260879.123833,731651.000,49317,1,T1,1,100,31.895
1738260879.257838,731785.000,49333,1,T1,1,100,31.919
1738260879.390843,731918.000,49349,1,T1,1,100,31.965
1738260879.523848,732051.000,49379,1,T1,1,100,31.914
1738260879.657853,732185.000,49397,1,T1,1,100,31.927
1738260879.790858,732318.000,49413,1,T1,1,100,31.862
1738260879.923863,732451.000,49429,1,T1,1,100,31.834
1738260880.057868,732585.000,49460,1,T1,1,100,31.822
1738260880.190873,732718.000,49475,1,T1,1,100,31.781
1738260880.323878,732851.000,49491,1,T1,1,100,31.870
1738260880.457883,732985.000,49522,1,T1,1,100,31.979
1738260880.590889,733118.000,49537,1,T1,1,100,31.956
1738260880.723893,733251.000,49556,1,T1,1,100,31.945
1738260880.857898,733385.000,49586,1,T1,1,100,31.905
1738260880.990904,733518.000,49601,1,T1,1,100,31.888
1738260881.123909,733651.000,49618,1,T1,1,100,31.881
1738260881.257914,733785.000,49648,1,T1,1,100,31.877
1738260881.390919,733918.000,49664,1,T1,1,100,31.912
1738260881.523924,734051.000,49682,1,T1,1,100,31.926
1738260881.657429,734184.500,49720,2,T1,1,100,31.968
1738260881.790934,734318.000,49720,2,T1,1,100,32.057
1738260881.923939,734451.000,49750,1,T1,1,100,31.954
1738260882.057944,734585.000,49766,1,T1,1,100,31.980
1738260882.190949,734718.000,49782,1,T1,1,100,32.133
1738260882.323954,734851.000,49815,1,T1,1,100,32.022
1738260882.457959,734985.000,49832,1,T1,1,100,32.045
1738260882.590964,735118.000,49848,1,T1,1,100,32.019
1738260882.723969,735251.000,49879,1,T1,1,100,32.008
1738260882.856974,735384.000,49894,1,T1,1,100,31.968
1738260882.990979,735518.000,49910,1,T1,1,100,31.880
1738260883.123985,735651.000,49941,1,T1,1,100,31.877
1738260883.256989,735784.000,49958,1,T1,1,100,31.911
1738260883.390995,735918.000,49975,1,T1,1,100,31.891
1738260883.524000,736051.000,49990,1,T1,1,100,31.953
1738260883.657005,736184.000,50021,1,T1,1,100,32.015
1738260883.791010,736318.000,50037,1,T1,1,100,31.971
1738260883.924015,736451.000,50052,1,T1,1,100,32.058
1738260884.057020,736584.000,50083,1,T1,1,100,32.061
1738260884.191025,736718.000,50099,1,T1,1,100,31.920
1738260884.324030,736851.000,50116,1,T1,1,100,32.036
1738260884.457035,736984.000,50147,1,T1,1,100,31.980
1738260884.591040,737118.000,50163,1,T1,1,100,31.921
1738260884.724045,737251.000,50179,1,T1,1,100,31.895
1738260884.857050,737384.000,50209,1,T1,1,100,31.990
1738260884.991055,737518.000,50225,1,T1,1,100,31.960
1738260885.124060,737651.000,50243,1,T1,1,100,32.018
1738260885.257066,737784.000,50273,1,T1,1,100,32.114
1738260885.391071,737918.000,50290,1,T1,1,100,32.120
1738260885.524076,738051.000,50305,1,T1,1,100,32.088
1738260885.657081,738184.000,50321,1,T1,1,100,31.967
1738260885.790086,738317.000,50352,1,T1,1,100,31.986
1738260885.924091,738451.000,50367,1,T1,1,100,31.958
1738260886.057096,738584.000,50386,1,T1,1,100,31.911
1738260886.190101,738717.000,50416,1,T1,1,100,31.962
1738260886.324106,738851.000,50431,1,T1,1,100,31.948
1738260886.457111,738984.000,50448,1,T1,1,100,31.977
1738260886.590116,739117.000,50478,1,T1,1,100,32.061
1738260886.724121,739251.000,50496,1,T1,1,100,31.956
1738260886.857126,739384.000,50515,1,T1,1,100,31.910
1738260886.990131,739517.000,50530,1,T1,1,100,31.926
1738260887.124136,739651.000,50547,1,T1,1,100,31.932
1738260887.257141,739784.000,50577,1,T1,1,100,31.864
1738260887.390146,739917.000,50593,1,T1,1,100,31.835
1738260887.524152,740051.000,50611,1,T1,1,100,31.964
1738260887.657156,740184.000,50644,1,T1,1,100,31.914
1738260887.790162,740317.000,50659,1,T1,1,100,31.963
1738260887.924167,740451.000,50675,1,T1,1,100,32.019
1738260888.057172,740584.000,50706,1,T1,1,100,32.008
1738260888.190177,740717.000,50721,1,T1,1,100,31.968
1738260888.324182,740851.000,50737,1,T1,1,100,31.986
1738260888.457187,740984.000,50770,1,T1,1,100,32.029
1738260888.590192,741117.000,50785,1,T1,1,100,31.942
1738260888.724197,741251.000,50802,1,T1,1,100,32.010
1738260888.857202,741384.000,50832,1,T1,1,100,32.075
1738260888.990207,741517.000,50847,1,T1,1,100,32.104
1738260889.123212,741650.000,50866,1,T1,1,100,32.116
1738260889.257217,741784.000,50881,1,T1,1,100,32.086
1738260889.390222,741917.000,50912,1,T1,1,100,32.002
1738260889.523227,742050.000,50928,1,T1,1,100,32.036
1738260889.657233,742184.000,50943,1,T1,1,100,31.980
1738260889.790237,742317.000,50976,1,T1,1,100,31.991
1738260889.923243,742450.000,50992,1,T1,1,100,31.961
1738260890.057248,742584.000,51008,1,T1,1,100,32.019
1738260890.190253,742717.000,51038,1,T1,1,100,32.043
1738260890.323258,742850.000,51054,1,T1,1,100,31.983
1738260890.457263,742984.000,51072,1,T1,1,100,31.957
1738260890.590268,743117.000,51102,1,T1,1,100,31.946
1738260890.723273,743250.000,51119,1,T1,1,100,31.906
1738260890.857278,743384.000,51134,1,T1,1,100,31.995
1738260890.990283,743517.000,51165,1,T1,1,100,32.033
1738260891.123288,743650.000,51183,1,T1,1,100,32.085
1738260891.257293,743784.000,51198,1,T1,1,100,32.072
1738260891.390298,743917.000,51214,1,T1,1,100,32.031
1738260891.523303,744050.000,51245,1,T1,1,100,32.014
1738260891.657308,744184.000,51260,1,T1,1,100,32.077
1738260891.790313,744317.000,51277,1,T1,1,100,32.104
1738260891.923318,744450.000,51314,1,T1,1,100,32.151
1738260892.056324,744583.000,51330,1,T1,1,100,32.101
1738260892.190329,744717.000,51346,1,T1,1,100,32.044
1738260892.323334,744850.000,51361,1,T1,1,100,32.054
1738260892.457339,744984.000,51394,1,T1,1,100,32.165
1738260892.590344,745117.000,51410,1,T1,1,100,32.178
1738260892.723349,745250.000,51426,1,T1,1,100,32.148
1738260892.856354,745383.000,51444,1,T1,1,100,31.993
1738260892.990359,745517.000,51474,1,T1,1,100,31.997
1738260893.123364,745650.000,51490,1,T1,1,100,31.999
1738260893.256369,745783.000,51506,1,T1,1,100,31.964
1738260893.390374,745917.000,51537,1,T1,1,100,31.914
1738260893.523379,746050.000,51552,1,T1,1,100,31.856
1738260893.656384,746183.000,51570,1,T1,1,100,31.938
1738260893.790389,746317.000,51601,1,T1,1,100,31.938
1738260893.923394,746450.000,51616,1,T1,1,100,31.973
1738260894.056399,746583.000,51633,1,T1,1,100,32.024
1738260894.190404,746717.000,51648,1,T1,1,100,32.081
1738260894.323410,746850.000,51681,1,T1,1,100,31.929
1738260894.456414,746983.000,51697,1,T1,1,100,31.934
1738260894.590420,747117.000,51712,1,T1,1,100,32.007
1738260894.723425,747250.000,51743,1,T1,1,100,32.003
1738260894.856430,747383.000,51759,1,T1,1,100,31.859
1738260894.990435,747517.000,51774,1,T1,1,100,31.868
1738260895.123440,747650.000,51807,1,T1,1,100,31.978
1738260895.256445,747783.000,51823,1,T1,1,100,31.955
1738260895.389450,747916.000,51839,1,T1,1,100,31.945
1738260895.523455,748050.000,51869,1,T1,1,100,31.976
1738260895.656460,748183.000,51885,1,T1,1,100,32.061
1738260895.790465,748317.000,51901,1,T1,1,100,32.026
1738260895.923470,748450.000,51933,1,T1,1,100,32.118
1738260896.056475,748583.000,51950,1,T1,1,100,32.051
1738260896.189480,748716.000,51965,1,T1,1,100,31.951
1738260896.323485,748850.000,51981,1,T1,1,100,31.943
1738260896.456491,748983.000,52012,1,T1,1,100,31.905
1738260896.589495,749116.000,52027,1,T1,1,100,31.888
1738260896.723500,749250.000,52044,1,T1,1,100,31.951
1738260896.856506,749383.000,52076,1,T1,1,100,31.979
1738260896.989511,749516.000,52091,1,T1,1,100,31.991
1738260897.123516,749650.000,52115,1,T1,1,100,32.067
1738260897.256521,749783.000,52130,1,T1,1,100,32.100
1738260897.389526,749916.000,52146,1,T1,1,100,32.043
1738260897.523531,750050.000,52179,1,T1,1,100,32.054
1738260897.656536,750183.000,52196,1,T1,1,100,32.023
1738260897.789541,750316.000,52213,1,T1,1,100,31.939
1738260897.923546,750450.000,52243,1,T1,1,100,31.974
1738260898.056551,750583.000,52259,1,T1,1,100,31.918
1738260898.189556,750716.000,52275,1,T1,1,100,32.000
1738260898.323561,750850.000,52306,1,T1,1,100,32.000
1738260898.456566,750983.000,52323,1,T1,1,100,31.965
1738260898.589571,751116.000,52339,1,T1,1,100,32.056
1738260898.722576,751249.000,52370,1,T1,1,100,32.095
1738260898.856581,751383.000,52385,1,T1,1,100,32.041
1738260898.989587,751516.000,52401,1,T1,1,100,32.053
1738260899.123592,751650.000,52432,1,T1,1,100,32.058
1738260899.256597,751783.000,52447,1,T1,1,100,32.061
1738260899.389602,751916.000,52466,1,T1,1,100,31.991
1738260899.522607,752049.000,52481,1,T1,1,100,31.996
1738260899.656612,752183.000,52512,1,T1,1,100,32.034
1738260899.789617,752316.000,52528,1,T1,1,100,31.944
1738260899.922622,752449.000,52543,1,T1,1,100,31.976
1738260900.056627,752583.000,52574,1,T1,1,100,32.025
1738260900.189632,752716.000,52592,1,T1,1,100,32.082
1738260900.322637,752849.000,52607,1,T1,1,100,32.035
1738260900.456642,752983.000,52638,1,T1,1,100,32.122
1738260900.589647,753116.000,52654,1,T1,1,100,32.053
1738260900.722652,753249.000,52670,1,T1,1,100,32.094
1738260900.856658,753383.000,52700,1,T1,1,100,31.970
1738260900.989662,753516.000,52718,1,T1,1,100,32.022
1738260901.122668,753649.000,52734,1,T1,1,100,32.010
1738260901.256673,753783.000,52764,1,T1,1,100,32.004
1738260901.389678,753916.000,52781,1,T1,1,100,32.073
1738260901.522683,754049.000,52796,1,T1,1,100,32.031
1738260901.656688,754183.000,52812,1,T1,1,100,32.085
1738260901.789693,754316.000,52845,1,T1,1,100,32.072
1738260901.922698,754449.000,52860,1,T1,1,100,31.960
1738260902.056703,754583.000,52877,1,T1,1,100,32.125
1738260902.189708,754716.000,52912,1,T1,1,100,32.054
1738260902.322713,754849.000,52928,1,T1,1,100,32.059
1738260902.455718,754982.000,52946,1,T1,1,100,32.061
1738260902.589723,755116.000,52961,1,T1,1,100,32.026
1738260902.722728,755249.000,52994,1,T1,1,100,32.011
1738260902.855733,755382.000,53010,1,T1,1,100,32.040
1738260902.989738,755516.000,53025,1,T1,1,100,32.053
1738260903.122743,755649.000,53042,1,T1,1,100,31.987
1738260903.255749,755782.000,53072,1,T1,1,100,32.030
1738260903.389754,755916.000,53088,1,T1,1,100,31.978
1738260903.522758,756049.000,53106,1,T1,1,100,32.061
1738260903.655764,756182.000,53137,1,T1,1,100,32.026
1738260903.789769,756316.000,53152,1,T1,1,100,32.011
1738260903.922774,756449.000,53168,1,T1,1,100,32.040
1738260904.055779,756582.000,53199,1,T1,1,100,32.053
1738260904.189784,756716.000,53216,1,T1,1,100,32.023
1738260904.322789,756849.000,53232,1,T1,1,100,31.974
1738260904.455794,756982.000,53263,1,T1,1,100,31.953
1738260904.589799,757116.000,53278,1,T1,1,100,32.122
1738260904.722804,757249.000,53295,1,T1,1,100,32.088
1738260904.855809,757382.000,53312,1,T1,1,100,32.074
1738260904.989814,757516.000,53343,1,T1,1,100,32.032
1738260905.122819,757649.000,53359,1,T1,1,100,31.978
1738260905.255824,757782.000,53374,1,T1,1,100,32.026
1738260905.389829,757916.000,53405,1,T1,1,100,32.153
1738260905.522835,758049.000,53423,1,T1,1,100,32.066
1738260905.655839,758182.000,53438,1,T1,1,100,32.064
1738260905.788845,758315.000,53469,1,T1,1,100,32.134
1738260905.922850,758449.000,53485,1,T1,1,100,32.129
1738260906.055855,758582.000,53501,1,T1,1,100,32.091
1738260906.188860,758715.000,53531,1,T1,1,100,31.969
1738260906.322865,758849.000,53549,1,T1,1,100,31.986
1738260906.455870,758982.000,53565,1,T1,1,100,31.923
1738260906.588875,759115.000,53581,1,T1,1,100,31.967
1738260906.722880,759249.000,53612,1,T1,1,100,32.057
1738260906.855885,759382.000,53627,1,T1,1,100,32.060
1738260906.988890,759515.000,53643,1,T1,1,100,32.097
1738260907.122895,759649.000,53676,1,T1,1,100,32.113
1738260907.255900,759782.000,53691,1,T1,1,100,31.978
1738260907.388905,759915.000,53711,1,T1,1,100,32.026
1738260907.522910,760049.000,53728,1,T1,1,100,32.118
1738260907.655915,760182.000,53744,1,T1,1,100,32.015
1738260907.788920,760315.000,53775,1,T1,1,100,32.078
1738260907.922925,760449.000,53792,1,T1,1,100,32.104
1738260908.055931,760582.000,53809,1,T1,1,100,32.116
1738260908.188936,760715.000,53839,1,T1,1,100,32.015
1738260908.322941,760849.000,53854,1,T1,1,100,32.042
1738260908.455946,760982.000,53871,1,T1,1,100,32.089
1738260908.588951,761115.000,53901,1,T1,1,100,32.039
1738260908.722956,761249.000,53917,1,T1,1,100,31.981
1738260908.855961,761382.000,53935,1,T1,1,100,32.134
1738260908.988966,761515.000,53966,1,T1,1,100,32.129
1738260909.121971,761648.000,53981,1,T1,1,100,32.020
1738260909.255976,761782.000,53997,1,T1,1,100,31.973
1738260909.388981,761915.000,54012,1,T1,1,100,32.024
1738260909.521986,762048.000,54043,1,T1,1,100,31.939
1738260909.655991,762182.000,54059,1,T1,1,100,32.045
1738260909.788996,762315.000,54077,1,T1,1,100,32.055
1738260909.922001,762448.000,54107,1,T1,1,100,32.059
1738260910.056006,762582.000,54124,1,T1,1,100,32.026
1738260910.189012,762715.000,54139,1,T1,1,100,32.011
1738260910.322017,762848.000,54170,1,T1,1,100,32.040
1738260910.456022,762982.000,54186,1,T1,1,100,32.088
1738260910.589027,763115.000,54201,1,T1,1,100,32.145
1738260910.722032,763248.000,54234,1,T1,1,100,32.098
1738260910.856037,763382.000,54250,1,T1,1,100,32.149
1738260910.989042,763515.000,54265,1,T1,1,100,32.171
1738260911.122047,763648.000,54296,1,T1,1,100,32.074
1738260911.256052,763782.000,54312,1,T1,1,100,32.067
1738260911.389057,763915.000,54328,1,T1,1,100,32.171
1738260911.522062,764048.000,54358,1,T1,1,100,32.145
1738260911.656067,764182.000,54376,1,T1,1,100,32.098
1738260911.789072,764315.000,54392,1,T1,1,100,32.149
1738260911.922077,764448.000,54408,1,T1,1,100,32.171
1738260912.056082,764582.000,54439,1,T1,1,100,32.109
1738260912.189087,764715.000,54454,1,T1,1,100,32.118
1738260912.322093,764848.000,54470,1,T1,1,100,32.051
1738260912.455097,764981.000,54508,1,T1,1,100,32.058
1738260912.589103,765115.000,54525,1,T1,1,100,32.060
1738260912.722108,765248.000,54542,1,T1,1,100,32.062
1738260912.855113,765381.000,54557,1,T1,1,100,32.133
1738260912.989118,765515.000,54588,1,T1,1,100,32.093
1738260913.122123,765648.000,54604,1,T1,1,100,32.076
1738260913.255128,765781.000,54619,1,T1,1,100,32.139
1738260913.389133,765915.000,54636,1,T1,1,100,32.096
1738260913.522138,766048.000,54666,1,T1,1,100,32.148
1738260913.655143,766181.000,54683,1,T1,1,100,32.064
1738260913.789148,766315.000,54700,1,T1,1,100,32.028
1738260913.922153,766448.000,54730,1,T1,1,100,32.083
1738260914.055158,766581.000,54746,1,T1,1,100,32.107
1738260914.189163,766715.000,54762,1,T1,1,100,32.117
1738260914.322168,766848.000,54793,1,T1,1,100,32.051
1738260914.455173,766981.000,54810,1,T1,1,100,32.093
1738260914.589179,767115.000,54826,1,T1,1,100,32.111
1738260914.722183,767248.000,54841,1,T1,1,100,32.084
1738260914.855189,767381.000,54872,1,T1,1,100,32.036
1738260914.989194,767515.000,54888,1,T1,1,100,32.157
1738260915.122199,767648.000,54904,1,T1,1,100,32.068
1738260915.255204,767781.000,54936,1,T1,1,100,32.100
1738260915.389209,767915.000,54953,1,T1,1,100,32.008
1738260915.522214,768048.000,54968,1,T1,1,100,32.110
1738260915.655219,768181.000,54999,1,T1,1,100,32.154
1738260915.788224,768314.000,55015,1,T1,1,100,32.173
1738260915.922229,768448.000,55030,1,T1,1,100,32.181
1738260916.055234,768581.000,55061,1,T1,1,100,32.149
1738260916.188239,768714.000,55079,1,T1,1,100,32.100
1738260916.322244,768848.000,55094,1,T1,1,100,32.043
1738260916.455249,768981.000,55125,1,T1,1,100,32.019
1738260916.588254,769114.000,55141,1,T1,1,100,32.114
1738260916.722260,769248.000,55157,1,T1,1,100,32.156
1738260916.855264,769381.000,55173,1,T1,1,100,32.067
1738260916.988270,769514.000,55205,1,T1,1,100,32.029
1738260917.122275,769648.000,55221,1,T1,1,100,32.154
1738260917.255280,769781.000,55237,1,T1,1,100,32.102
1738260917.388285,769914.000,55270,1,T1,1,100,32.080
1738260917.522290,770048.000,55285,1,T1,1,100,32.141
1738260917.655295,770181.000,55310,1,T1,1,100,32.167
1738260917.788300,770314.000,55326,1,T1,1,100,32.072
1738260917.922305,770448.000,55342,1,T1,1,100,32.031
1738260918.055310,770581.000,55373,1,T1,1,100,32.084
1738260918.188315,770714.000,55388,1,T1,1,100,32.107
1738260918.322320,770848.000,55404,1,T1,1,100,32.188
1738260918.455325,770981.000,55437,1,T1,1,100,32.259
1738260918.588330,771114.000,55452,1,T1,1,100,32.254
1738260918.722335,771248.000,55469,1,T1,1,100,32.216
1738260918.855340,771381.000,55499,1,T1,1,100,32.200
1738260918.988345,771514.000,55514,1,T1,1,100,32.122
1738260919.122350,771648.000,55531,1,T1,1,100,32.159
1738260919.255356,771781.000,55563,1,T1,1,100,32.140
1738260919.388361,771914.000,55579,1,T1,1,100,32.060
1738260919.521366,772047.000,55595,1,T1,1,100,32.133
1738260919.655371,772181.000,55626,1,T1,1,100,32.164
1738260919.788376,772314.000,55641,1,T1,1,100,32.106
1738260919.921381,772447.000,55659,1,T1,1,100,32.117
1738260920.055386,772581.000,55690,1,T1,1,100,32.051
1738260920.188391,772714.000,55705,1,T1,1,100,32.164
1738260920.321396,772847.000,55721,1,T1,1,100,32.106
1738260920.455401,772981.000,55737,1,T1,1,100,32.081
1738260920.588406,773114.000,55767,1,T1,1,100,32.071
1738260920.721411,773247.000,55784,1,T1,1,100,32.137
1738260920.855416,773381.000,55801,1,T1,1,100,32.166
1738260920.988421,773514.000,55832,1,T1,1,100,32.178
1738260921.121426,773647.000,55848,1,T1,1,100,32.148
1738260921.255431,773781.000,55863,1,T1,1,100,32.206
1738260921.388437,773914.000,55894,1,T1,1,100,32.231
1738260921.521442,774047.000,55910,1,T1,1,100,32.135
1738260921.655447,774181.000,55927,1,T1,1,100,32.094
1738260921.788452,774314.000,55958,1,T1,1,100,32.112
1738260921.921457,774447.000,55974,1,T1,1,100,32.119
1738260922.054462,774580.000,55990,1,T1,1,100,32.158
1738260922.188467,774714.000,56020,1,T1,1,100,32.139
1738260922.321472,774847.000,56036,1,T1,1,100,32.096
1738260922.454477,774980.000,56056,1,T1,1,100,32.148
1738260922.588482,775114.000,56072,1,T1,1,100,32.135
1738260922.721487,775247.000,56108,1,T1,1,100,32.129
1738260922.854492,775380.000,56123,1,T1,1,100,32.091
1738260922.988497,775514.000,56139,1,T1,1,100,32.110
1738260923.121502,775647.000,56155,1,T1,1,100,32.225
1738260923.254507,775780.000,56185,1,T1,1,100,32.239
1738260923.388512,775914.000,56204,1,T1,1,100,32.245
1738260923.521518,776047.000,56219,1,T1,1,100,32.177
1738260923.654522,776180.000,56235,1,T1,1,100,32.218
1738260923.788528,776314.000,56266,1,T1,1,100,32.165
1738260923.921533,776447.000,56281,1,T1,1,100,32.142
1738260924.054538,776580.000,56298,1,T1,1,100,32.168
1738260924.188543,776714.000,56328,1,T1,1,100,32.179
1738260924.321548,776847.000,56345,1,T1,1,100,32.219
1738260924.454553,776980.000,56362,1,T1,1,100,32.166
1738260924.588558,777114.000,56392,1,T1,1,100,32.214
1738260924.721563,777247.000,56408,1,T1,1,100,32.092
1738260924.854568,777380.000,56424,1,T1,1,100,32.075
1738260924.987573,777513.000,56455,1,T1,1,100,32.245
1738260925.121578,777647.000,56470,1,T1,1,100,32.142
1738260925.254583,777780.000,56488,1,T1,1,100,32.132
1738260925.388588,777914.000,56519,1,T1,1,100,32.164
1738260925.521593,778047.000,56534,1,T1,1,100,32.142
1738260925.654598,778180.000,56550,1,T1,1,100,32.203
1738260925.787603,778313.000,56566,1,T1,1,100,32.265
1738260925.921608,778447.000,56596,1,T1,1,100,32.257
1738260926.054614,778580.000,56613,1,T1,1,100,32.146
1738260926.187619,778713.000,56630,1,T1,1,100,32.134
1738260926.321624,778847.000,56661,1,T1,1,100,32.094
1738260926.454629,778980.000,56677,1,T1,1,100,32.005
1738260926.587634,779113.000,56692,1,T1,1,100,31.931
1738260926.721639,779247.000,56723,1,T1,1,100,32.112
1738260926.854644,779380.000,56739,1,T1,1,100,32.119
1738260926.987649,779513.000,56754,1,T1,1,100,32.158
1738260927.121654,779647.000,56787,1,T1,1,100,32.104
1738260927.254659,779780.000,56803,1,T1,1,100,32.080
1738260927.387664,779913.000,56819,1,T1,1,100,32.141
1738260927.521669,780047.000,56851,1,T1,1,100,32.097
1738260927.654674,780180.000,56867,1,T1,1,100,32.077
1738260927.787679,780313.000,56883,1,T1,1,100,32.069
1738260927.921685,780447.000,56904,1,T1,1,100,32.101
1738260928.054689,780580.000,56920,1,T1,1,100,32.185
1738260928.187695,780713.000,56950,1,T1,1,100,32.222
1738260928.321700,780847.000,56966,1,T1,1,100,32.202
1738260928.454705,780980.000,56982,1,T1,1,100,32.229
1738260928.587710,781113.000,57014,1,T1,1,100,32.170
1738260928.721715,781247.000,57031,1,T1,1,100,32.251
1738260928.854720,781380.000,57046,1,T1,1,100,32.250
1738260928.987725,781513.000,57077,1,T1,1,100,32.250
1738260929.121730,781647.000,57093,1,T1,1,100,32.215
1738260929.254735,781780.000,57108,1,T1,1,100,32.128
1738260929.387740,781913.000,57124,1,T1,1,100,32.126
1738260929.520745,782046.000,57157,1,T1,1,100,32.090
1738260929.654750,782180.000,57172,1,T1,1,100,32.181
1738260929.787755,782313.000,57189,1,T1,1,100,32.149
1738260929.920760,782446.000,57219,1,T1,1,100,32.135
1738260930.054765,782580.000,57235,1,T1,1,100,32.130
1738260930.187770,782713.000,57251,1,T1,1,100,32.091
1738260930.320776,782846.000,57284,1,T1,1,100,32.146
1738260930.454781,782980.000,57299,1,T1,1,100,32.205
1738260930.587786,783113.000,57315,1,T1,1,100,32.124
1738260930.720791,783246.000,57346,1,T1,1,100,32.125
1738260930.854796,783380.000,57361,1,T1,1,100,32.125
1738260930.987801,783513.000,57377,1,T1,1,100,32.196
1738260931.120806,783646.000,57410,1,T1,1,100,32.085
1738260931.254811,783780.000,57425,1,T1,1,100,32.214
1738260931.387816,783913.000,57442,1,T1,1,100,32.305
1738260931.520821,784046.000,57472,1,T1,1,100,32.168
1738260931.654826,784180.000,57487,1,T1,1,100,32.250
1738260931.787831,784313.000,57504,1,T1,1,100,32.179
1738260931.920836,784446.000,57521,1,T1,1,100,32.255
1738260932.054841,784580.000,57552,1,T1,1,100,32.181
1738260932.187846,784713.000,57568,1,T1,1,100,32.114
1738260932.320851,784846.000,57583,1,T1,1,100,32.085
1738260932.453856,784979.000,57618,1,T1,1,100,32.178
1738260932.587862,785113.000,57634,1,T1,1,100,32.077
1738260932.720867,785246.000,57650,1,T1,1,100,32.104
1738260932.853872,785379.000,57680,1,T1,1,100,32.116
1738260932.987877,785513.000,57704,1,T1,1,100,32.050
1738260933.120882,785646.000,57721,1,T1,1,100,32.164
1738260933.253887,785779.000,57737,1,T1,1,100,32.142
1738260933.387892,785913.000,57753,1,T1,1,100,32.239
1738260933.520897,786046.000,57783,1,T1,1,100,32.103
1738260933.653902,786179.000,57799,1,T1,1,100,32.186
1738260933.787907,786313.000,57815,1,T1,1,100,32.258
1738260933.920912,786446.000,57847,1,T1,1,100,32.183
1738260934.053917,786579.000,57864,1,T1,1,100,32.114
1738260934.187922,786713.000,57879,1,T1,1,100,32.191
1738260934.320927,786846.000,57910,1,T1,1,100,32.189
1738260934.453932,786979.000,57926,1,T1,1,100,32.188
1738260934.587937,787113.000,57941,1,T1,1,100,32.117
1738260934.720942,787246.000,57959,1,T1,1,100,32.157
1738260934.853947,787379.000,57990,1,T1,1,100,32.210
1738260934.987953,787513.000,58005,1,T1,1,100,32.233
1738260935.120958,787646.000,58022,1,T1,1,100,32.207
1738260935.253963,787779.000,58052,1,T1,1,100,32.125
1738260935.387968,787913.000,58068,1,T1,1,100,32.125
1738260935.520973,788046.000,58084,1,T1,1,100,32.090
1738260935.653978,788179.000,58117,1,T1,1,100,32.181
1738260935.786983,788312.000,58132,1,T1,1,100,32.149
1738260935.920988,788446.000,58148,1,T1,1,100,32.277
1738260936.053993,788579.000,58179,1,T1,1,100,32.262
1738260936.186998,788712.000,58194,1,T1,1,100,32.149
1738260936.321003,788846.000,58210,1,T1,1,100,32.171
1738260936.454008,788979.000,58243,1,T1,1,100,32.251
1738260936.587013,789112.000,58258,1,T1,1,100,32.250
1738260936.721018,789246.000,58275,1,T1,1,100,32.179
1738260936.854023,789379.000,58290,1,T1,1,100,32.290
1738260936.987028,789512.000,58320,1,T1,1,100,32.197
1738260937.121033,789646.000,58337,1,T1,1,100,32.227
1738260937.254039,789779.000,58352,1,T1,1,100,32.240
1738260937.387044,789912.000,58387,1,T1,1,100,32.246
1738260937.521049,790046.000,58403,1,T1,1,100,32.213
1738260937.654054,790179.000,58418,1,T1,1,100,32.234
1738260937.787059,790312.000,58449,1,T1,1,100,32.172
1738260937.921064,790446.000,58465,1,T1,1,100,32.216
1738260938.054069,790579.000,58481,1,T1,1,100,32.235
1738260938.187074,790712.000,58502,1,T1,1,100,32.244
1738260938.321079,790846.000,58535,1,T1,1,100,32.212
1738260938.454084,790979.000,58550,1,T1,1,100,32.269
1738260938.587089,791112.000,58566,1,T1,1,100,32.223
1738260938.721094,791246.000,58582,1,T1,1,100,32.274
1738260938.854099,791379.000,58612,1,T1,1,100,32.296
1738260938.987104,791512.000,58628,1,T1,1,100,32.270
1738260939.120109,791645.000,58644,1,T1,1,100,32.223
1738260939.254114,791779.000,58676,1,T1,1,100,32.238
1738260939.387120,791912.000,58693,1,T1,1,100,32.245
1738260939.520125,792045.000,58708,1,T1,1,100,32.283
1738260939.654130,792179.000,58739,1,T1,1,100,32.193
1738260939.787135,792312.000,58755,1,T1,1,100,32.226
1738260939.920140,792445.000,58770,1,T1,1,100,32.204
1738260940.054145,792579.000,58803,1,T1,1,100,32.266
1738260940.187150,792712.000,58819,1,T1,1,100,32.221
1738260940.320155,792845.000,58834,1,T1,1,100,32.167
1738260940.454160,792979.000,58851,1,T1,1,100,32.143
1738260940.587165,793112.000,58881,1,T1,1,100,32.168
1738260940.720170,793245.000,58897,1,T1,1,100,32.215
1738260940.854175,793379.000,58913,1,T1,1,100,32.199
1738260940.987180,793512.000,58946,1,T1,1,100,32.228
1738260941.120185,793645.000,58961,1,T1,1,100,32.276
1738260941.254190,793779.000,58977,1,T1,1,100,32.226
1738260941.387195,793912.000,59008,1,T1,1,100,32.275
1738260941.520200,794045.000,59023,1,T1,1,100,32.190
1738260941.654206,794179.000,59041,1,T1,1,100,32.224
1738260941.787211,794312.000,59072,1,T1,1,100,32.239
1738260941.920216,794445.000,59087,1,T1,1,100,32.245
1738260942.054221,794579.000,59104,1,T1,1,100,32.248
1738260942.187226,794712.000,59119,1,T1,1,100,32.320
1738260942.320231,794845.000,59149,1,T1,1,100,32.245
1738260942.454236,794979.000,59170,1,T1,1,100,32.177
1738260942.587241,795112.000,59185,1,T1,1,100,32.289
1738260942.720246,795245.000,59216,1,T1,1,100,32.232
1738260942.853251,795378.000,59232,1,T1,1,100,32.207
1738260942.987256,795512.000,59247,1,T1,1,100,32.267
1738260943.120261,795645.000,59280,1,T1,1,100,32.222
1738260943.253266,795778.000,59301,1,T1,1,100,32.131
1738260943.387271,795912.000,59317,1,T1,1,100,32.092
1738260943.520276,796045.000,59333,1,T1,1,100,32.182
1738260943.653281,796178.000,59364,1,T1,1,100,32.220
1738260943.787287,796312.000,59381,1,T1,1,100,32.237
1738260943.920292,796445.000,59397,1,T1,1,100,32.174
1738260944.053297,796578.000,59412,1,T1,1,100,32.181
1738260944.187302,796712.000,59443,1,T1,1,100,32.220
1738260944.320307,796845.000,59459,1,T1,1,100,32.202
1738260944.453312,796978.000,59475,1,T1,1,100,32.194
1738260944.587317,797112.000,59507,1,T1,1,100,32.226
1738260944.720322,797245.000,59524,1,T1,1,100,32.133
1738260944.853327,797378.000,59539,1,T1,1,100,32.199
1738260944.987332,797512.000,59570,1,T1,1,100,32.193
1738260945.120337,797645.000,59586,1,T1,1,100,32.190
1738260945.253342,797778.000,59601,1,T1,1,100,32.259
1738260945.386347,797911.000,59634,1,T1,1,100,32.254
1738260945.520352,798045.000,59650,1,T1,1,100,32.323
1738260945.653357,798178.000,59665,1,T1,1,100,32.281
1738260945.787362,798312.000,59682,1,T1,1,100,32.264
1738260945.920367,798445.000,59712,1,T1,1,100,32.256
1738260946.053372,798578.000,59730,1,T1,1,100,32.253
1738260946.187378,798712.000,59746,1,T1,1,100,32.251
1738260946.320383,798845.000,59777,1,T1,1,100,32.180
1738260946.453388,798978.000,59792,1,T1,1,100,32.149
1738260946.586393,799111.000,59808,1,T1,1,100,32.135
1738260946.720398,799245.000,59839,1,T1,1,100,32.200
1738260946.853403,799378.000,59854,1,T1,1,100,32.229
1738260946.986408,799511.000,59872,1,T1,1,100,32.241
1738260947.120413,799645.000,59903,1,T1,1,100,32.281
1738260947.253418,799778.000,59918,1,T1,1,100,32.264
1738260947.386423,799911.000,59935,1,T1,1,100,32.256
1738260947.520428,800045.000,59967,1,T1,1,100,32.288
1738260947.653433,800178.000,59984,1,T1,1,100,32.337
1738260947.786438,800311.000,60001,1,T1,1,100,32.323
1738260947.920443,800445.000,60031,1,T1,1,100,32.246
1738260948.053448,800578.000,60047,1,T1,1,100,32.319
1738260948.186453,800711.000,60063,1,T1,1,100,32.280
1738260948.320458,800845.000,60078,1,T1,1,100,32.298
1738260948.453464,800978.000,60100,1,T1,1,100,32.306
1738260948.586469,801111.000,60132,1,T1,1,100,32.310
1738260948.719474,801244.000,60148,1,T1,1,100,32.240
1738260948.853479,801378.000,60164,1,T1,1,100,32.281
1738260948.986484,801511.000,60195,1,T1,1,100,32.264
1738260949.119489,801644.000,60210,1,T1,1,100,32.291
1738260949.253494,801778.000,60226,1,T1,1,100,32.268
1738260949.386499,801911.000,60259,1,T1,1,100,32.187
1738260949.519504,802044.000,60274,1,T1,1,100,32.223
1738260949.653509,802178.000,60290,1,T1,1,100,32.309
1738260949.786514,802311.000,60306,1,T1,1,100,32.205
1738260949.919519,802444.000,60336,1,T1,1,100,32.337
1738260950.053524,802578.000,60353,1,T1,1,100,32.217
1738260950.186529,802711.000,60368,1,T1,1,100,32.271
1738260950.319534,802844.000,60401,1,T1,1,100,32.188
1738260950.453539,802978.000,60417,1,T1,1,100,32.259
1738260950.586545,803111.000,60432,1,T1,1,100,32.254
1738260950.719550,803244.000,60463,1,T1,1,100,32.287
1738260950.853555,803378.000,60479,1,T1,1,100,32.266
1738260950.986560,803511.000,60494,1,T1,1,100,32.328
1738260951.119565,803644.000,60527,1,T1,1,100,32.319
1738260951.253570,803778.000,60543,1,T1,1,100,32.315
1738260951.386575,803911.000,60559,1,T1,1,100,32.243
1738260951.519580,804044.000,60589,1,T1,1,100,32.282
1738260951.653585,804178.000,60605,1,T1,1,100,32.299
1738260951.786590,804311.000,60621,1,T1,1,100,32.342
1738260951.919595,804444.000,60637,1,T1,1,100,32.325
1738260952.053600,804578.000,60670,1,T1,1,100,32.283
1738260952.186605,804711.000,60685,1,T1,1,100,32.370
1738260952.319610,804844.000,60701,1,T1,1,100,32.302
1738260952.453615,804978.000,60734,1,T1,1,100,32.273
1738260952.586620,805111.000,60749,1,T1,1,100,32.189
1738260952.719625,805244.000,60766,1,T1,1,100,32.188
1738260952.852631,805377.000,60798,1,T1,1,100,32.294
1738260952.986636,805511.000,60813,1,T1,1,100,32.234
1738260953.119641,805644.000,60830,1,T1,1,100,32.172
1738260953.252646,805777.000,60860,1,T1,1,100,32.216
1738260953.386651,805911.000,60876,1,T1,1,100,32.200
1738260953.519656,806044.000,60897,1,T1,1,100,32.228
1738260953.652661,806177.000,60912,1,T1,1,100,32.276
1738260953.786666,806311.000,60931,1,T1,1,100,32.403
1738260953.919671,806444.000,60961,1,T1,1,100,32.281
1738260954.052676,806577.000,60977,1,T1,1,100,32.192
1738260954.186681,806711.000,60993,1,T1,1,100,32.331
1738260954.319686,806844.000,61024,1,T1,1,100,32.392
1738260954.452691,806977.000,61039,1,T1,1,100,32.311
1738260954.586696,807111.000,61057,1,T1,1,100,32.277
1738260954.719701,807244.000,61088,1,T1,1,100,32.261
1738260954.852706,807377.000,61103,1,T1,1,100,32.255
1738260954.986712,807511.000,61119,1,T1,1,100,32.288
1738260955.119717,807644.000,61150,1,T1,1,100,32.302
1738260955.252722,807777.000,61165,1,T1,1,100,32.272
1738260955.385727,807910.000,61182,1,T1,1,100,32.189
1738260955.519732,808044.000,61199,1,T1,1,100,32.117
1738260955.652737,808177.000,61230,1,T1,1,100,32.193
1738260955.786742,808311.000,61246,1,T1,1,100,32.261
1738260955.919747,808444.000,61261,1,T1,1,100,32.361
1738260956.052752,808577.000,61292,1,T1,1,100,32.333
1738260956.185757,808710.000,61308,1,T1,1,100,32.251
1738260956.319762,808844.000,61325,1,T1,1,100,32.215
1738260956.452767,808977.000,61356,1,T1,1,100,32.270
1738260956.585772,809110.000,61372,1,T1,1,100,32.223
1738260956.719777,809244.000,61388,1,T1,1,100,32.238
1738260956.852782,809377.000,61418,1,T1,1,100,32.316
1738260956.985787,809510.000,61434,1,T1,1,100,32.349
1738260957.119792,809644.000,61450,1,T1,1,100,32.258
1738260957.252797,809777.000,61466,1,T1,1,100,32.289
1738260957.385803,809910.000,61499,1,T1,1,100,32.231
1738260957.519808,810044.000,61516,1,T1,1,100,32.242
1738260957.652813,810177.000,61532,1,T1,1,100,32.176
1738260957.785818,810310.000,61563,1,T1,1,100,32.218
1738260957.919823,810444.000,61578,1,T1,1,100,32.236
1738260958.052828,810577.000,61595,1,T1,1,100,32.350
1738260958.185833,810710.000,61627,1,T1,1,100,32.293
1738260958.319838,810844.000,61642,1,T1,1,100,32.269
1738260958.452843,810977.000,61659,1,T1,1,100,32.294
1738260958.585848,811110.000,61680,1,T1,1,100,32.340
1738260958.718853,811243.000,61698,1,T1,1,100,32.324
1738260958.852858,811377.000,61714,1,T1,1,100,32.282
1738260958.985863,811510.000,61729,1,T1,1,100,32.264
1738260959.118868,811643.000,61760,1,T1,1,100,32.291
1738260959.252873,811777.000,61776,1,T1,1,100,32.268
1738260959.385878,811910.000,61794,1,T1,1,100,32.400
1738260959.518883,812043.000,61824,1,T1,1,100,32.244
1738260959.652889,812177.000,61840,1,T1,1,100,32.247
1738260959.785894,812310.000,61856,1,T1,1,100,32.249
1738260959.918899,812443.000,61886,1,T1,1,100,32.320
1738260960.052904,812577.000,61903,1,T1,1,100,32.316
1738260960.185909,812710.000,61920,1,T1,1,100,32.208
1738260960.318914,812843.000,61951,1,T1,1,100,32.373
1738260960.452919,812977.000,61967,1,T1,1,100,32.410
1738260960.585924,813110.000,61982,1,T1,1,100,32.355
1738260960.718929,813243.000,62015,1,T1,1,100,32.295
1738260960.852934,813377.000,62031,1,T1,1,100,32.411
1738260960.985939,813510.000,62046,1,T1,1,100,32.284
1738260961.118944,813643.000,62063,1,T1,1,100,32.265
1738260961.252949,813777.000,62093,1,T1,1,100,32.221
1738260961.385954,813910.000,62109,1,T1,1,100,32.273
1738260961.518959,814043.000,62127,1,T1,1,100,32.295
1738260961.652964,814177.000,62158,1,T1,1,100,32.234
1738260961.785969,814310.000,62173,1,T1,1,100,32.243
1738260961.918975,814443.000,62189,1,T1,1,100,32.353
1738260962.051980,814576.000,62220,1,T1,1,100,32.295
1738260962.185985,814710.000,62235,1,T1,1,100,32.234
1738260962.318990,814843.000,62253,1,T1,1,100,32.243
1738260962.451995,814976.000,62286,1,T1,1,100,32.389
1738260962.586000,815110.000,62301,1,T1,1,100,32.346
1738260962.719005,815243.000,62318,1,T1,1,100,32.327
1738260962.852010,815376.000,62333,1,T1,1,100,32.496
1738260962.986015,815510.000,62363,1,T1,1,100,32.392
1738260963.119020,815643.000,62382,1,T1,1,100,32.276
1738260963.253025,815777.000,62397,1,T1,1,100,32.297
1738260963.386030,815910.000,62428,1,T1,1,100,32.412
1738260963.519035,816043.000,62444,1,T1,1,100,32.426
1738260963.652040,816176.000,62459,1,T1,1,100,32.362
1738260963.786045,816310.000,62481,1,T1,1,100,32.334
1738260963.919050,816443.000,62513,1,T1,1,100,32.322
1738260964.052056,816576.000,62529,1,T1,1,100,32.246
1738260964.186061,816710.000,62545,1,T1,1,100,32.284
1738260964.319066,816843.000,62576,1,T1,1,100,32.194
1738260964.452071,816976.000,62591,1,T1,1,100,32.332
1738260964.586076,817110.000,62607,1,T1,1,100,32.321
1738260964.719081,817243.000,62622,1,T1,1,100,32.316
1738260964.852086,817376.000,62655,1,T1,1,100,32.314
1738260964.986091,817510.000,62671,1,T1,1,100,32.278
1738260965.119096,817643.000,62687,1,T1,1,100,32.368
1738260965.252101,817776.000,62717,1,T1,1,100,32.372
1738260965.385106,817909.000,62734,1,T1,1,100,32.374
1738260965.519111,818043.000,62749,1,T1,1,100,32.339
1738260965.652116,818176.000,62782,1,T1,1,100,32.289
1738260965.785121,818309.000,62798,1,T1,1,100,32.267
1738260965.919126,818443.000,62813,1,T1,1,100,32.399
1738260966.052131,818576.000,62844,1,T1,1,100,32.421
1738260966.185136,818709.000,62860,1,T1,1,100,32.324
1738260966.319142,818843.000,62875,1,T1,1,100,32.317
1738260966.452147,818976.000,62908,1,T1,1,100,32.315
1738260966.585152,819109.000,62924,1,T1,1,100,32.243
1738260966.719157,819243.000,62940,1,T1,1,100,32.282
1738260966.852162,819376.000,62970,1,T1,1,100,32.264
1738260966.985167,819509.000,62986,1,T1,1,100,32.291
1738260967.119172,819643.000,63002,1,T1,1,100,32.197
1738260967.252177,819776.000,63020,1,T1,1,100,32.227
1738260967.385182,819909.000,63053,1,T1,1,100,32.240
1738260967.519187,820043.000,63068,1,T1,1,100,32.317
1738260967.652192,820176.000,63084,1,T1,1,100,32.314
1738260967.785197,820309.000,63115,1,T1,1,100,32.420
1738260967.919202,820443.000,63132,1,T1,1,100,32.323
1738260968.052207,820576.000,63149,1,T1,1,100,32.424
1738260968.185212,820709.000,63179,1,T1,1,100,32.431
1738260968.319217,820843.000,63194,1,T1,1,100,32.258
1738260968.452222,820976.000,63211,1,T1,1,100,32.324
1738260968.585227,821109.000,63241,1,T1,1,100,32.424
1738260968.719233,821243.000,63259,1,T1,1,100,32.325
1738260968.852238,821376.000,63279,1,T1,1,100,32.353
1738260968.985243,821509.000,63294,1,T1,1,100,32.330
1738260969.118248,821642.000,63311,1,T1,1,100,32.320
1738260969.252253,821776.000,63341,1,T1,1,100,32.280
1738260969.385258,821909.000,63357,1,T1,1,100,32.192
1738260969.518263,822042.000,63375,1,T1,1,100,32.296
1738260969.652268,822176.000,63406,1,T1,1,100,32.376
1738260969.785273,822309.000,63421,1,T1,1,100,32.376
1738260969.918278,822442.000,63437,1,T1,1,100,32.269
1738260970.052283,822576.000,63470,1,T1,1,100,32.258
1738260970.185288,822709.000,63485,1,T1,1,100,32.324
1738260970.318293,822842.000,63501,1,T1,1,100,32.247
1738260970.452298,822976.000,63517,1,T1,1,100,32.249
1738260970.585303,823109.000,63547,1,T1,1,100,32.356
1738260970.718308,823242.000,63564,1,T1,1,100,32.402
1738260970.852314,823376.000,63579,1,T1,1,100,32.280
1738260970.985319,823509.000,63612,1,T1,1,100,32.334
1738260971.118324,823642.000,63628,1,T1,1,100,32.393
1738260971.252329,823776.000,63643,1,T1,1,100,32.418
1738260971.385334,823909.000,63674,1,T1,1,100,32.358
1738260971.518339,824042.000,63692,1,T1,1,100,32.297
1738260971.652344,824176.000,63707,1,T1,1,100,32.341
1738260971.785349,824309.000,63738,1,T1,1,100,32.360
1738260971.918354,824442.000,63754,1,T1,1,100,32.191
1738260972.051359,824575.000,63770,1,T1,1,100,32.296
1738260972.185364,824709.000,63802,1,T1,1,100,32.412
1738260972.318369,824842.000,63818,1,T1,1,100,32.355
1738260972.452374,824976.000,63836,1,T1,1,100,32.437
1738260972.585379,825109.000,63852,1,T1,1,100,32.473
1738260972.718384,825242.000,63883,1,T1,1,100,32.311
1738260972.851389,825375.000,63900,1,T1,1,100,32.383
1738260972.985394,825509.000,63916,1,T1,1,100,32.378
1738260973.118400,825642.000,63947,1,T1,1,100,32.235
1738260973.251405,825775.000,63962,1,T1,1,100,32.172
1738260973.385410,825909.000,63979,1,T1,1,100,32.287
1738260973.518415,826042.000,64011,1,T1,1,100,32.195
1738260973.651420,826175.000,64026,1,T1,1,100,32.297
1738260973.785425,826309.000,64043,1,T1,1,100,32.270
1738260973.918430,826442.000,64080,2,T1,1,100,32.294
1738260974.051435,826575.000,64080,2,T1,1,100,32.269
1738260974.185440,826709.000,64110,1,T1,1,100,32.436
1738260974.318445,826842.000,64127,1,T1,1,100,32.437
1738260974.451450,826975.000,64144,1,T1,1,100,32.437
1738260974.585455,827109.000,64174,1,T1,1,100,32.366
1738260974.718460,827242.000,64190,1,T1,1,100,32.371
1738260974.851465,827375.000,64206,1,T1,1,100,32.409
1738260974.985470,827509.000,64239,1,T1,1,100,32.354
1738260975.118475,827642.000,64254,1,T1,1,100,32.472
1738260975.251481,827775.000,64270,1,T1,1,100,32.382
1738260975.384485,827908.000,64285,1,T1,1,100,32.378
1738260975.518491,828042.000,64316,1,T1,1,100,32.341
1738260975.651496,828175.000,64332,1,T1,1,100,32.396
1738260975.785501,828309.000,64350,1,T1,1,100,32.455
1738260975.918506,828442.000,64380,1,T1,1,100,32.445
1738260976.051511,828575.000,64397,1,T1,1,100,32.370
1738260976.185516,828709.000,64412,1,T1,1,100,32.373
1738260976.318521,828842.000,64445,1,T1,1,100,32.409
1738260976.451526,828975.000,64461,1,T1,1,100,32.284
1738260976.584531,829108.000,64476,1,T1,1,100,32.406
1738260976.718536,829242.000,64507,1,T1,1,100,32.389
1738260976.851541,829375.000,64523,1,T1,1,100,32.345
1738260976.984546,829508.000,64538,1,T1,1,100,32.327
1738260977.118551,829642.000,64571,1,T1,1,100,32.319
1738260977.251556,829775.000,64587,1,T1,1,100,32.386
1738260977.384561,829908.000,64603,1,T1,1,100,32.415
1738260977.518567,830042.000,64621,1,T1,1,100,32.428
1738260977.651572,830175.000,64651,1,T1,1,100,32.362
1738260977.784577,830308.000,64667,1,T1,1,100,32.370
1738260977.918582,830442.000,64685,1,T1,1,100,32.337
1738260978.051587,830575.000,64716,1,T1,1,100,32.323
1738260978.184592,830708.000,64731,1,T1,1,100,32.317
1738260978.318597,830842.000,64747,1,T1,1,100,32.421
1738260978.451602,830975.000,64778,1,T1,1,100,32.430
1738260978.584607,831108.000,64793,1,T1,1,100,32.257
1738260978.717612,831241.000,64812,1,T1,1,100,32.359
1738260978.851617,831375.000,64842,1,T1,1,100,32.333
1738260978.984622,831508.000,64857,1,T1,1,100,32.357
1738260979.117627,831641.000,64877,1,T1,1,100,32.332
1738260979.251632,831775.000,64892,1,T1,1,100,32.392
1738260979.384637,831908.000,64908,1,T1,1,100,32.311
1738260979.517642,832041.000,64941,1,T1,1,100,32.312
1738260979.651647,832175.000,64956,1,T1,1,100,32.312
1738260979.784652,832308.000,64973,1,T1,1,100,32.312
1738260979.917658,832441.000,65003,1,T1,1,100,32.383
1738260980.051663,832575.000,65019,1,T1,1,100,32.379
1738260980.184668,832708.000,65035,1,T1,1,100,32.341
1738260980.317673,832841.000,65068,1,T1,1,100,32.431
1738260980.451678,832975.000,65083,1,T1,1,100,32.328
1738260980.584683,833108.000,65099,1,T1,1,100,32.284
1738260980.717688,833241.000,65130,1,T1,1,100,32.194
1738260980.851693,833375.000,65145,1,T1,1,100,32.438
1738260980.984698,833508.000,65161,1,T1,1,100,32.367
1738260981.117703,833641.000,65177,1,T1,1,100,32.372
1738260981.251708,833775.000,65209,1,T1,1,100,32.338
1738260981.384713,833908.000,65226,1,T1,1,100,32.394
1738260981.517718,834041.000,65241,1,T1,1,100,32.383
1738260981.651723,834175.000,65272,1,T1,1,100,32.379
1738260981.784728,834308.000,65288,1,T1,1,100,32.377
1738260981.917733,834441.000,65303,1,T1,1,100,32.376
1738260982.050739,834574.000,65334,1,T1,1,100,32.340
1738260982.184744,834708.000,65350,1,T1,1,100,32.360
1738260982.317749,834841.000,65367,1,T1,1,100,32.439
1738260982.450754,834974.000,65400,1,T1,1,100,32.367
1738260982.584759,835108.000,65416,1,T1,1,100,32.372
1738260982.717764,835241.000,65432,1,T1,1,100,32.267
1738260982.850769,835374.000,65462,1,T1,1,100,32.328
1738260982.984774,835508.000,65478,1,T1,1,100,32.284
1738260983.117779,835641.000,65494,1,T1,1,100,32.336
1738260983.250784,835774.000,65512,1,T1,1,100,32.393
1738260983.384789,835908.000,7,1,T1,1,100,32.348
1738260983.517794,836041.000,22,1,T1,1,100,32.399
1738260983.650799,836174.000,38,1,T1,1,100,32.385
1738260983.784804,836308.000,69,1,T1,1,100,32.308
1738260983.917809,836441.000,84,1,T1,1,100,32.382
1738260984.050814,836574.000,103,1,T1,1,100,32.449
1738260984.184819,836708.000,138,1,T1,1,100,32.336
1738260984.317825,836841.000,154,1,T1,1,100,32.394
1738260984.450830,836974.000,170,1,T1,1,100,32.454
1738260984.584835,837108.000,185,1,T1,1,100,32.409
1738260984.717840,837241.000,201,1,T1,1,100,32.461
1738260984.850845,837374.000,234,1,T1,1,100,32.483
1738260984.984850,837508.000,249,1,T1,1,100,32.457
1738260985.117855,837641.000,266,1,T1,1,100,32.446
1738260985.250860,837774.000,296,1,T1,1,100,32.370
1738260985.384865,837908.000,312,1,T1,1,100,32.408
1738260985.517870,838041.000,328,1,T1,1,100,32.389
1738260985.650875,838174.000,361,1,T1,1,100,32.310
1738260985.783880,838307.000,376,1,T1,1,100,32.276
1738260985.917885,838441.000,392,1,T1,1,100,32.368
1738260986.050890,838574.000,423,1,T1,1,100,32.301
1738260986.184895,838708.000,438,1,T1,1,100,32.343
1738260986.317900,838841.000,454,1,T1,1,100,32.397
1738260986.450906,838974.000,487,1,T1,1,100,32.349
1738260986.583910,839107.000,502,1,T1,1,100,32.364
1738260986.717916,839241.000,519,1,T1,1,100,32.335
1738260986.850921,839374.000,534,1,T1,1,100,32.287
1738260986.983926,839507.000,565,1,T1,1,100,32.372
1738260987.117931,839641.000,583,1,T1,1,100,32.338
1738260987.250936,839774.000,598,1,T1,1,100,32.395
1738260987.383941,839907.000,631,1,T1,1,100,32.454
1738260987.517946,840041.000,647,1,T1,1,100,32.480
1738260987.650951,840174.000,662,1,T1,1,100,32.350
1738260987.783956,840307.000,695,1,T1,1,100,32.329
1738260987.917961,840441.000,711,1,T1,1,100,32.461
1738260988.050966,840574.000,727,1,T1,1,100,32.377
1738260988.183971,840707.000,757,1,T1,1,100,32.376
1738260988.317976,840841.000,773,1,T1,1,100,32.234
1738260988.450981,840974.000,789,1,T1,1,100,32.349
1738260988.583986,841107.000,819,1,T1,1,100,32.435
1738260988.717991,841241.000,838,1,T1,1,100,32.259
1738260988.850996,841374.000,853,1,T1,1,100,32.254
1738260988.984002,841507.000,869,1,T1,1,100,32.181
1738260989.117007,841640.000,900,1,T1,1,100,32.185
1738260989.251012,841774.000,915,1,T1,1,100,32.328
1738260989.384017,841907.000,935,1,T1,1,100,32.355
1738260989.517022,842040.000,950,1,T1,1,100,32.366
1738260989.651027,842174.000,983,1,T1,1,100,32.336
1738260989.784032,842307.000,999,1,T1,1,100,32.323
1738260989.917037,842440.000,1014,1,T1,1,100,32.423
1738260990.051042,842574.000,1045,1,T1,1,100,32.431
1738260990.184047,842707.000,1061,1,T1,1,100,32.364
1738260990.317052,842840.000,1078,1,T1,1,100,32.264
1738260990.451057,842974.000,1095,1,T1,1,100,32.433
1738260990.584062,843107.000,1125,1,T1,1,100,32.436
1738260990.717067,843240.000,1141,1,T1,1,100,32.401
1738260990.851072,843374.000,1157,1,T1,1,100,32.386
1738260990.984077,843507.000,1188,1,T1,1,100,32.486
1738260991.117083,843640.000,1203,1,T1,1,100,32.352
1738260991.251088,843774.000,1221,1,T1,1,100,32.436
1738260991.384093,843907.000,1252,1,T1,1,100,32.401
1738260991.517098,844040.000,1267,1,T1,1,100,32.386
1738260991.651103,844174.000,1283,1,T1,1,100,32.451
1738260991.784108,844307.000,1314,1,T1,1,100,32.479
1738260991.917113,844440.000,1329,1,T1,1,100,32.314
1738260992.051118,844574.000,1346,1,T1,1,100,32.490
1738260992.184123,844707.000,1378,1,T1,1,100,32.567
1738260992.317128,844840.000,1393,1,T1,1,100,32.493
1738260992.450133,844973.000,1412,1,T1,1,100,32.462
1738260992.584138,845107.000,1427,1,T1,1,100,32.483
1738260992.717143,845240.000,1458,1,T1,1,100,32.457
1738260992.850148,845373.000,1474,1,T1,1,100,32.446
1738260992.984153,845507.000,1489,1,T1,1,100,32.477
1738260993.117158,845640.000,1522,1,T1,1,100,32.419
1738260993.250164,845773.000,1538,1,T1,1,100,32.465
1738260993.384169,845907.000,1554,1,T1,1,100,32.308
1738260993.517174,846040.000,1584,1,T1,1,100,32.452
1738260993.650179,846173.000,1600,1,T1,1,100,32.408
1738260993.784184,846307.000,1616,1,T1,1,100,32.460
1738260993.917189,846440.000,1646,1,T1,1,100,32.412
1738260994.050194,846573.000,1665,1,T1,1,100,32.497
1738260994.184199,846707.000,1680,1,T1,1,100,32.428
1738260994.317204,846840.000,1711,1,T1,1,100,32.362
1738260994.450209,846973.000,1734,1,T1,1,100,32.440
1738260994.584214,847107.000,1749,1,T1,1,100,32.439
1738260994.717219,847240.000,1766,1,T1,1,100,32.474
1738260994.850224,847373.000,1781,1,T1,1,100,32.524
1738260994.984229,847507.000,1814,1,T1,1,100,32.510
1738260995.117234,847640.000,1830,1,T1,1,100,32.434
1738260995.250239,847773.000,1845,1,T1,1,100,32.436
1738260995.383245,847906.000,1876,1,T1,1,100,32.401
1738260995.517250,848040.000,1892,1,T1,1,100,32.351
1738260995.650254,848173.000,1907,1,T1,1,100,32.435
1738260995.783260,848306.000,1940,1,T1,1,100,32.366
1738260995.917265,848440.000,1956,1,T1,1,100,32.371
1738260996.050270,848573.000,1972,1,T1,1,100,32.373
1738260996.183275,848706.000,1988,1,T1,1,100,32.516
1738260996.317280,848840.000,2019,1,T1,1,100,32.436
1738260996.450285,848973.000,2034,1,T1,1,100,32.437
1738260996.583290,849106.000,2050,1,T1,1,100,32.402
1738260996.717295,849240.000,2083,1,T1,1,100,32.458
1738260996.850300,849373.000,2098,1,T1,1,100,32.482
1738260996.983305,849506.000,2114,1,T1,1,100,32.421
1738260997.117310,849640.000,2145,1,T1,1,100,32.360
1738260997.250315,849773.000,2160,1,T1,1,100,32.368
1738260997.383320,849906.000,2177,1,T1,1,100,32.337
1738260997.517325,850040.000,2211,1,T1,1,100,32.394
1738260997.650331,850173.000,2226,1,T1,1,100,32.490
1738260997.783335,850306.000,2243,1,T1,1,100,32.425
1738260997.917341,850440.000,2258,1,T1,1,100,32.396
1738260998.050346,850573.000,2289,1,T1,1,100,32.491
1738260998.183351,850706.000,2305,1,T1,1,100,32.390
1738260998.317356,850840.000,2320,1,T1,1,100,32.346
1738260998.450361,850973.000,2353,1,T1,1,100,32.398
1738260998.583366,851106.000,2369,1,T1,1,100,32.349
1738260998.716371,851239.000,2385,1,T1,1,100,32.328
1738260998.850376,851373.000,2415,1,T1,1,100,32.390
1738260998.983381,851506.000,2431,1,T1,1,100,32.311
1738260999.116386,851639.000,2447,1,T1,1,100,32.454
1738260999.250391,851773.000,2479,1,T1,1,100,32.480
1738260999.383396,851906.000,2496,1,T1,1,100,32.420
1738260999.516401,852039.000,2511,1,T1,1,100,32.359
1738260999.650406,852173.000,2532,1,T1,1,100,32.439
1738260999.783411,852306.000,2563,1,T1,1,100,32.474
1738260999.916416,852439.000,2578,1,T1,1,100,32.453
1738261000.050421,852573.000,2595,1,T1,1,100,32.409
1738261000.183427,852706.000,2627,1,T1,1,100,32.354
1738261000.316432,852839.000,2642,1,T1,1,100,32.260
1738261000.450437,852973.000,2659,1,T1,1,100,32.361
1738261000.583442,853106.000,2674,1,T1,1,100,32.369
1738261000.716447,853239.000,2705,1,T1,1,100,32.408
1738261000.850452,853373.000,2721,1,T1,1,100,32.389
1738261000.983457,853506.000,2738,1,T1,1,100,32.417
1738261001.116462,853639.000,2769,1,T1,1,100,32.428
1738261001.250467,853773.000,2785,1,T1,1,100,32.398
1738261001.383472,853906.000,2801,1,T1,1,100,32.456
1738261001.516477,854039.000,2833,1,T1,1,100,32.445
1738261001.650482,854173.000,2849,1,T1,1,100,32.441
1738261001.783487,854306.000,2865,1,T1,1,100,32.474
1738261001.916492,854439.000,2895,1,T1,1,100,32.418
1738261002.049497,854572.000,2912,1,T1,1,100,32.465
1738261002.183502,854706.000,2929,1,T1,1,100,32.556
1738261002.316508,854839.000,2960,1,T1,1,100,32.524
1738261002.449512,854972.000,2978,1,T1,1,100,32.546
1738261002.583518,855106.000,2993,1,T1,1,100,32.484
1738261002.716523,855239.000,3009,1,T1,1,100,32.493
1738261002.849528,855372.000,3042,1,T1,1,100,32.497
1738261002.983533,855506.000,3057,1,T1,1,100,32.392
1738261003.116538,855639.000,3074,1,T1,1,100,32.347
1738261003.249543,855772.000,3104,1,T1,1,100,32.434
1738261003.383548,855906.000,3120,1,T1,1,100,32.365
1738261003.516553,856039.000,3136,1,T1,1,100,32.406
1738261003.649558,856172.000,3169,1,T1,1,100,32.318
1738261003.783563,856306.000,3184,1,T1,1,100,32.421
1738261003.916568,856439.000,3200,1,T1,1,100,32.430
1738261004.049573,856572.000,3231,1,T1,1,100,32.505
1738261004.183578,856706.000,3246,1,T1,1,100,32.396
1738261004.316583,856839.000,3262,1,T1,1,100,32.526
1738261004.449589,856972.000,3295,1,T1,1,100,32.476
1738261004.583594,857106.000,3310,1,T1,1,100,32.490
1738261004.716599,857239.000,3332,1,T1,1,100,32.460
1738261004.849604,857372.000,3347,1,T1,1,100,32.447
1738261004.983609,857506.000,3377,1,T1,1,100,32.477
1738261005.116614,857639.000,3394,1,T1,1,100,32.455
1738261005.249619,857772.000,3409,1,T1,1,100,32.480
1738261005.383624,857906.000,3442,1,T1,1,100,32.598
1738261005.516629,858039.000,3458,1,T1,1,100,32.578
1738261005.649634,858172.000,3473,1,T1,1,100,32.463
1738261005.782639,858305.000,3504,1,T1,1,100,32.484
1738261005.916644,858439.000,3520,1,T1,1,100,32.528
1738261006.049649,858572.000,3536,1,T1,1,100,32.548
1738261006.182654,858705.000,3568,1,T1,1,100,32.521
1738261006.316659,858839.000,3584,1,T1,1,100,32.438
1738261006.449664,858972.000,3600,1,T1,1,100,32.402
1738261006.582669,859105.000,3630,1,T1,1,100,32.351
1738261006.716675,859239.000,3647,1,T1,1,100,32.365
1738261006.849679,859372.000,3662,1,T1,1,100,32.406
1738261006.982685,859505.000,3693,1,T1,1,100,32.424
1738261007.116690,859639.000,3711,1,T1,1,100,32.503
1738261007.249695,859772.000,3726,1,T1,1,100,32.430
1738261007.382700,859905.000,3742,1,T1,1,100,32.470
1738261007.516705,860039.000,3775,1,T1,1,100,32.522
1738261007.649710,860172.000,3790,1,T1,1,100,32.474
1738261007.782715,860305.000,3807,1,T1,1,100,32.418
1738261007.916720,860439.000,3839,1,T1,1,100,32.464
1738261008.049725,860572.000,3855,1,T1,1,100,32.414
1738261008.182730,860705.000,3871,1,T1,1,100,32.498
1738261008.316735,860839.000,3902,1,T1,1,100,32.499
1738261008.449740,860972.000,3917,1,T1,1,100,32.500
1738261008.582745,861105.000,3933,1,T1,1,100,32.500
1738261008.715750,861238.000,3966,1,T1,1,100,32.464
1738261008.849756,861372.000,3981,1,T1,1,100,32.449
1738261008.982760,861505.000,3997,1,T1,1,100,32.584
1738261009.115766,861638.000,4028,1,T1,1,100,32.466
1738261009.249771,861772.000,4043,1,T1,1,100,32.485
1738261009.382776,861905.000,4060,1,T1,1,100,32.529
1738261009.515781,862038.000,4090,1,T1,1,100,32.442
1738261009.649786,862172.000,4107,1,T1,1,100,32.439
1738261009.782791,862305.000,4129,1,T1,1,100,32.332
1738261009.915796,862438.000,4144,1,T1,1,100,32.498
1738261010.049801,862572.000,4160,1,T1,1,100,32.570
1738261010.182806,862705.000,4191,1,T1,1,100,32.353
1738261010.315811,862838.000,4206,1,T1,1,100,32.366
1738261010.449816,862972.000,4223,1,T1,1,100,32.477
1738261010.582821,863105.000,4255,1,T1,1,100,32.490
1738261010.715826,863238.000,4271,1,T1,1,100,32.389
1738261010.849831,863372.000,4287,1,T1,1,100,32.417
1738261010.982836,863505.000,4318,1,T1,1,100,32.570
1738261011.115841,863638.000,4333,1,T1,1,100,32.495
1738261011.249846,863772.000,4349,1,T1,1,100,32.533
1738261011.382852,863905.000,4382,1,T1,1,100,32.585
1738261011.515857,864038.000,4397,1,T1,1,100,32.572
1738261011.649862,864172.000,4413,1,T1,1,100,32.496
1738261011.782867,864305.000,4444,1,T1,1,100,32.534
1738261011.915872,864438.000,4459,1,T1,1,100,32.621
1738261012.048877,864571.000,4476,1,T1,1,100,32.623
1738261012.182882,864705.000,4508,1,T1,1,100,32.518
1738261012.315887,864838.000,4523,1,T1,1,100,32.508
1738261012.448892,864971.000,4542,1,T1,1,100,32.503
1738261012.582897,865105.000,4557,1,T1,1,100,32.537
1738261012.715902,865238.000,4588,1,T1,1,100,32.445
1738261012.848907,865371.000,4604,1,T1,1,100,32.405
1738261012.982912,865505.000,4619,1,T1,1,100,32.494
1738261013.115917,865638.000,4650,1,T1,1,100,32.498
1738261013.248922,865771.000,4668,1,T1,1,100,32.499
1738261013.382927,865905.000,4684,1,T1,1,100,32.535
1738261013.515933,866038.000,4700,1,T1,1,100,32.551
1738261013.649938,866172.000,4730,1,T1,1,100,32.557
1738261013.782943,866305.000,4746,1,T1,1,100,32.525
1738261013.915948,866438.000,4762,1,T1,1,100,32.475
1738261014.048953,866571.000,4793,1,T1,1,100,32.525
1738261014.182958,866705.000,4810,1,T1,1,100,32.511
1738261014.315963,866838.000,4826,1,T1,1,100,32.505
1738261014.448968,866971.000,4857,1,T1,1,100,32.502
1738261014.582973,867105.000,4872,1,T1,1,100,32.501
1738261014.715978,867238.000,4889,1,T1,1,100,32.571
1738261014.849483,867371.500,4926,2,T1,1,100,32.602
1738261014.982988,867505.000,4926,2,T1,1,100,32.544
1738261015.115993,867638.000,4943,1,T1,1,100,32.590
1738261015.248998,867771.000,4973,1,T1,1,100,32.468
1738261015.382003,867904.000,4989,1,T1,1,100,32.486
1738261015.516008,868038.000,5005,1,T1,1,100,32.529
1738261015.649014,868171.000,5038,1,T1,1,100,32.477
1738261015.782018,868304.000,5053,1,T1,1,100,32.490
1738261015.916023,868438.000,5069,1,T1,1,100,32.496
1738261016.049029,868571.000,5100,1,T1,1,100,32.534
1738261016.182034,868704.000,5115,1,T1,1,100,32.550
1738261016.316039,868838.000,5131,1,T1,1,100,32.451
1738261016.449044,868971.000,5164,1,T1,1,100,32.479
1738261016.582049,869104.000,5179,1,T1,1,100,32.526
1738261016.716054,869238.000,5196,1,T1,1,100,32.476
1738261016.849059,869371.000,5226,1,T1,1,100,32.490
1738261016.982064,869504.000,5243,1,T1,1,100,32.460
1738261017.116069,869638.000,5260,1,T1,1,100,32.483
1738261017.249074,869771.000,5290,1,T1,1,100,32.493
1738261017.382079,869904.000,5306,1,T1,1,100,32.532
1738261017.516084,870038.000,5324,1,T1,1,100,32.585
1738261017.649089,870171.000,5339,1,T1,1,100,32.537
1738261017.782094,870304.000,5372,1,T1,1,100,32.551
1738261017.916100,870438.000,5388,1,T1,1,100,32.416
1738261018.049104,870571.000,5404,1,T1,1,100,32.464
1738261018.182110,870704.000,5434,1,T1,1,100,32.555
1738261018.316115,870838.000,5450,1,T1,1,100,32.524
1738261018.449120,870971.000,5466,1,T1,1,100,32.581
1738261018.582125,871104.000,5498,1,T1,1,100,32.535
1738261018.716130,871238.000,5515,1,T1,1,100,32.409
1738261018.849135,871371.000,5530,1,T1,1,100,32.496
1738261018.982140,871504.000,5561,1,T1,1,100,32.498
1738261019.115145,871637.000,5577,1,T1,1,100,32.535
1738261019.249150,871771.000,5592,1,T1,1,100,32.550
1738261019.382155,871904.000,5625,1,T1,1,100,32.557
1738261019.515160,872037.000,5641,1,T1,1,100,32.525
1738261019.649165,872171.000,5656,1,T1,1,100,32.511
1738261019.782170,872304.000,5673,1,T1,1,100,32.505
1738261019.915175,872437.000,5703,1,T1,1,100,32.502
1738261020.049180,872571.000,5724,1,T1,1,100,32.536
1738261020.182185,872704.000,5740,1,T1,1,100,32.480
1738261020.315191,872837.000,5773,1,T1,1,100,32.491
1738261020.449196,872971.000,5788,1,T1,1,100,32.461
1738261020.582201,873104.000,5804,1,T1,1,100,32.483
1738261020.715206,873237.000,5835,1,T1,1,100,32.493
1738261020.849211,873371.000,5850,1,T1,1,100,32.497
1738261020.982216,873504.000,5866,1,T1,1,100,32.463
1738261021.115221,873637.000,5897,1,T1,1,100,32.555
1738261021.249226,873771.000,5914,1,T1,1,100,32.595
1738261021.382231,873904.000,5931,1,T1,1,100,32.506
1738261021.515236,874037.000,5961,1,T1,1,100,32.538
1738261021.649241,874171.000,5976,1,T1,1,100,32.516
1738261021.782246,874304.000,5993,1,T1,1,100,32.507
1738261021.915251,874437.000,6008,1,T1,1,100,32.574
1738261022.049256,874571.000,6041,1,T1,1,100,32.497
1738261022.182261,874704.000,6057,1,T1,1,100,32.640
1738261022.315266,874837.000,6072,1,T1,1,100,32.596
1738261022.448272,874970.000,6105,1,T1,1,100,32.542
1738261022.582277,875104.000,6121,1,T1,1,100,32.483
1738261022.715281,875237.000,6137,1,T1,1,100,32.528
1738261022.848287,875370.000,6167,1,T1,1,100,32.548
1738261022.982292,875504.000,6183,1,T1,1,100,32.450
1738261023.115297,875637.000,6201,1,T1,1,100,32.478
1738261023.248302,875770.000,6231,1,T1,1,100,32.491
1738261023.382307,875904.000,6248,1,T1,1,100,32.496
1738261023.515312,876037.000,6263,1,T1,1,100,32.498
1738261023.648317,876170.000,6294,1,T1,1,100,32.606
1738261023.782322,876304.000,6310,1,T1,1,100,32.581
1738261023.915327,876437.000,6325,1,T1,1,100,32.535
1738261024.048332,876570.000,6343,1,T1,1,100,32.515
1738261024.182337,876704.000,6374,1,T1,1,100,32.613
1738261024.315342,876837.000,6389,1,T1,1,100,32.549
1738261024.448347,876970.000,6406,1,T1,1,100,32.521
1738261024.582352,877104.000,6436,1,T1,1,100,32.509
1738261024.715358,877237.000,6454,1,T1,1,100,32.469
1738261024.848362,877370.000,6470,1,T1,1,100,32.557
1738261024.982368,877504.000,6501,1,T1,1,100,32.525
1738261025.115373,877637.000,6522,1,T1,1,100,32.511
1738261025.248378,877770.000,6537,1,T1,1,100,32.611
1738261025.381383,877903.000,6554,1,T1,1,100,32.513
1738261025.515388,878037.000,6584,1,T1,1,100,32.505
1738261025.648393,878170.000,6599,1,T1,1,100,32.573
1738261025.782398,878304.000,6616,1,T1,1,100,32.532
1738261025.915403,878437.000,6631,1,T1,1,100,32.549
1738261026.048408,878570.000,6664,1,T1,1,100,32.557
1738261026.181413,878703.000,6680,1,T1,1,100,32.525
1738261026.315418,878837.000,6695,1,T1,1,100,32.475
1738261026.448423,878970.000,6726,1,T1,1,100,32.489
1738261026.581428,879103.000,6744,1,T1,1,100,32.389
1738261026.715433,879237.000,6760,1,T1,1,100,32.487
1738261026.848439,879370.000,6790,1,T1,1,100,32.495
1738261026.981443,879503.000,6806,1,T1,1,100,32.498
1738261027.115448,879637.000,6822,1,T1,1,100,32.534
1738261027.248454,879770.000,6852,1,T1,1,100,32.550
1738261027.381459,879903.000,6869,1,T1,1,100,32.486
1738261027.515464,880037.000,6886,1,T1,1,100,32.565
1738261027.648469,880170.000,6917,1,T1,1,100,32.493
1738261027.781474,880303.000,6933,1,T1,1,100,32.568
1738261027.915479,880437.000,6948,1,T1,1,100,32.529
1738261028.048484,880570.000,6964,1,T1,1,100,32.548
1738261028.181489,880703.000,6995,1,T1,1,100,32.556
1738261028.315494,880837.000,7010,1,T1,1,100,32.560
1738261028.448499,880970.000,7027,1,T1,1,100,32.632
1738261028.581504,881103.000,7059,1,T1,1,100,32.593
1738261028.714509,881236.000,7075,1,T1,1,100,32.540
1738261028.848514,881370.000,7091,1,T1,1,100,32.588
1738261028.981519,881503.000,7122,1,T1,1,100,32.538
1738261029.114524,881636.000,7137,1,T1,1,100,32.446
1738261029.248529,881770.000,7153,1,T1,1,100,32.476
1738261029.381535,881903.000,7186,1,T1,1,100,32.490
1738261029.514539,882036.000,7201,1,T1,1,100,32.567
1738261029.648545,882170.000,7217,1,T1,1,100,32.493
1738261029.781550,882303.000,7248,1,T1,1,100,32.533
1738261029.914555,882436.000,7263,1,T1,1,100,32.620
1738261030.048560,882570.000,7280,1,T1,1,100,32.623
1738261030.181565,882703.000,7315,2,T1,1,100,32.482
1738261030.314570,882836.000,7315,2,T1,1,100,32.492
1738261030.448575,882970.000,7332,1,T1,1,100,32.568
1738261030.581580,883103.000,7362,1,T1,1,100,32.529
1738261030.714585,883236.000,7378,1,T1,1,100,32.513
1738261030.848590,883370.000,7394,1,T1,1,100,32.505
1738261030.981595,883503.000,7425,1,T1,1,100,32.502
1738261031.114600,883636.000,7442,1,T1,1,100,32.466
1738261031.248605,883770.000,7458,1,T1,1,100,32.521
1738261031.381610,883903.000,7489,1,T1,1,100,32.580
1738261031.514616,884036.000,7504,1,T1,1,100,32.464
1738261031.648621,884170.000,7520,1,T1,1,100,32.555
1738261031.781626,884303.000,7551,1,T1,1,100,32.524
1738261031.914631,884436.000,7566,1,T1,1,100,32.546
1738261032.047636,884569.000,7583,1,T1,1,100,32.520
1738261032.181641,884703.000,7613,1,T1,1,100,32.615
1738261032.314646,884836.000,7628,1,T1,1,100,32.550
1738261032.447651,884969.000,7647,1,T1,1,100,32.592
1738261032.581656,885103.000,7662,1,T1,1,100,32.540
1738261032.714661,885236.000,7695,1,T1,1,100,32.553
1738261032.847666,885369.000,7711,1,T1,1,100,32.629
1738261032.981671,885503.000,7726,1,T1,1,100,32.591
1738261033.114676,885636.000,7757,1,T1,1,100,32.610
1738261033.247681,885769.000,7773,1,T1,1,100,32.619
1738261033.381686,885903.000,7789,1,T1,1,100,32.658
1738261033.514691,886036.000,7821,1,T1,1,100,32.604
1738261033.647696,886169.000,7837,1,T1,1,100,32.580
1738261033.781702,886303.000,7853,1,T1,1,100,32.535
1738261033.914706,886436.000,7883,1,T1,1,100,32.621
1738261034.047712,886569.000,7900,1,T1,1,100,32.553
1738261034.181717,886703.000,7915,1,T1,1,100,32.594
1738261034.314722,886836.000,7948,1,T1,1,100,32.541
1738261034.447727,886969.000,7964,1,T1,1,100,32.553
1738261034.581732,887103.000,7979,1,T1,1,100,32.558
1738261034.714737,887236.000,7995,1,T1,1,100,32.525
1738261034.847742,887369.000,8026,1,T1,1,100,32.511
1738261034.981747,887503.000,8043,1,T1,1,100,32.469
1738261035.114752,887636.000,8060,1,T1,1,100,32.558
1738261035.247757,887769.000,8090,1,T1,1,100,32.525
1738261035.380762,887902.000,8111,1,T1,1,100,32.546
1738261035.514767,888036.000,8127,1,T1,1,100,32.520
1738261035.647772,888169.000,8142,1,T1,1,100,32.650
1738261035.780777,888302.000,8173,1,T1,1,100,32.636
1738261035.914783,888436.000,8189,1,T1,1,100,32.701
1738261036.047787,888569.000,8207,1,T1,1,100,32.729
1738261036.180793,888702.000,8223,1,T1,1,100,32.599
1738261036.314798,888836.000,8254,1,T1,1,100,32.543
1738261036.447803,888969.000,8269,1,T1,1,100,32.519
1738261036.580808,889102.000,8285,1,T1,1,100,32.614
1738261036.714813,889236.000,8316,1,T1,1,100,32.585
1738261036.847818,889369.000,8331,1,T1,1,100,32.572
1738261036.981823,889503.000,8349,1,T1,1,100,32.496
1738261037.114828,889636.000,8380,1,T1,1,100,32.569
1738261037.247833,889769.000,8395,1,T1,1,100,32.565
1738261037.380838,889902.000,8412,1,T1,1,100,32.564
1738261037.514843,890036.000,8444,1,T1,1,100,32.669
1738261037.647848,890169.000,8459,1,T1,1,100,32.573
1738261037.780853,890302.000,8476,1,T1,1,100,32.603
1738261037.914858,890436.000,8508,1,T1,1,100,32.651
1738261038.047863,890569.000,8524,1,T1,1,100,32.636
1738261038.180868,890702.000,8540,1,T1,1,100,32.594
1738261038.314873,890836.000,8555,1,T1,1,100,32.541
1738261038.447879,890969.000,8586,1,T1,1,100,32.589
1738261038.580884,891102.000,8602,1,T1,1,100,32.680
1738261038.713889,891235.000,8618,1,T1,1,100,32.684
1738261038.847894,891369.000,8650,1,T1,1,100,32.651
1738261038.980899,891502.000,8666,1,T1,1,100,32.601
1738261039.113904,891635.000,8682,1,T1,1,100,32.685
1738261039.247909,891769.000,8712,1,T1,1,100,32.651
1738261039.380914,891902.000,8729,1,T1,1,100,32.565
1738261039.513919,892035.000,8744,1,T1,1,100,32.635
1738261039.647924,892169.000,8775,1,T1,1,100,32.594
1738261039.780929,892302.000,8791,1,T1,1,100,32.541
1738261039.913934,892435.000,8808,1,T1,1,100,32.518
1738261040.047939,892569.000,8839,1,T1,1,100,32.579
1738261040.180944,892702.000,8855,1,T1,1,100,32.569
1738261040.313949,892835.000,8870,1,T1,1,100,32.495
1738261040.447954,892969.000,8887,1,T1,1,100,32.462
1738261040.580960,893102.000,8907,1,T1,1,100,32.519
1738261040.713964,893235.000,8938,1,T1,1,100,32.579
1738261040.847970,893369.000,8956,1,T1,1,100,32.499
1738261040.980975,893502.000,8971,1,T1,1,100,32.499
1738261041.113980,893635.000,9002,1,T1,1,100,32.571
1738261041.247985,893769.000,9018,1,T1,1,100,32.637
1738261041.380990,893902.000,9034,1,T1,1,100,32.559
1738261041.513995,894035.000,9066,1,T1,1,100,32.490
1738261041.648000,894169.000,9082,1,T1,1,100,32.567
1738261041.781005,894302.000,9098,1,T1,1,100,32.564
1738261041.914010,894435.000,9128,1,T1,1,100,32.563
1738261042.048015,894569.000,9145,1,T1,1,100,32.669
1738261042.181020,894702.000,9160,1,T1,1,100,32.680
1738261042.314025,894835.000,9178,1,T1,1,100,32.613
1738261042.447030,894968.000,9211,1,T1,1,100,32.549
1738261042.581035,895102.000,9226,1,T1,1,100,32.557
1738261042.714041,895235.000,9242,1,T1,1,100,32.631
1738261042.847045,895368.000,9273,1,T1,1,100,32.628
1738261042.981050,895502.000,9288,1,T1,1,100,32.555
1738261043.114056,895635.000,9307,1,T1,1,100,32.630
1738261043.247061,895768.000,9337,1,T1,1,100,32.556
1738261043.381066,895902.000,9353,1,T1,1,100,32.560
1738261043.514071,896035.000,9369,1,T1,1,100,32.561
1738261043.647076,896168.000,9400,1,T1,1,100,32.562
1738261043.781081,896302.000,9417,1,T1,1,100,32.562
1738261043.914086,896435.000,9433,1,T1,1,100,32.633
1738261044.047091,896568.000,9464,1,T1,1,100,32.664
1738261044.181096,896702.000,9479,1,T1,1,100,32.642
1738261044.314101,896835.000,9495,1,T1,1,100,32.739
1738261044.447106,896968.000,9511,1,T1,1,100,32.674
1738261044.581111,897102.000,9541,1,T1,1,100,32.646
1738261044.714116,897235.000,9558,1,T1,1,100,32.563
1738261044.847121,897368.000,9575,1,T1,1,100,32.563
1738261044.981127,897502.000,9606,1,T1,1,100,32.527
1738261045.114131,897635.000,9622,1,T1,1,100,32.583
1738261045.247137,897768.000,9637,1,T1,1,100,32.607
1738261045.381142,897902.000,9668,1,T1,1,100,32.511
1738261045.514147,898035.000,9684,1,T1,1,100,32.505
1738261045.647152,898168.000,9707,1,T1,1,100,32.608
1738261045.781157,898302.000,9723,1,T1,1,100,32.582
1738261045.914162,898435.000,9739,1,T1,1,100,32.642
1738261046.047167,898568.000,9770,1,T1,1,100,32.703
1738261046.180172,898701.000,9785,1,T1,1,100,32.694
1738261046.314177,898835.000,9801,1,T1,1,100,32.690
1738261046.447182,898968.000,9834,1,T1,1,100,32.582
1738261046.580187,899101.000,9849,1,T1,1,100,32.536
1738261046.714192,899235.000,9866,1,T1,1,100,32.586
1738261046.847197,899368.000,9896,1,T1,1,100,32.537
1738261046.980202,899501.000,9911,1,T1,1,100,32.516
1738261047.114208,899635.000,9928,1,T1,1,100,32.578
1738261047.247212,899768.000,9958,1,T1,1,100,32.605
1738261047.380218,899901.000,9974,1,T1,1,100,32.616
1738261047.514223,900035.000,9992,1,T1,1,100,32.621
1738261047.647228,900168.000,10023,1,T1,1,100,32.623
1738261047.780233,900301.000,10038,1,T1,1,100,32.624
1738261047.914238,900435.000,10054,1,T1,1,100,32.625
1738261048.047243,900568.000,10085,1,T1,1,100,32.660
1738261048.180248,900701.000,10100,1,T1,1,100,32.640
1738261048.314253,900835.000,10118,1,T1,1,100,32.596
1738261048.447258,900968.000,10134,1,T1,1,100,32.648
1738261048.580263,901101.000,10164,1,T1,1,100,32.599
1738261048.713268,901234.000,10181,1,T1,1,100,32.649
1738261048.847273,901368.000,10196,1,T1,1,100,32.706
1738261048.980278,901501.000,10227,1,T1,1,100,32.625
1738261049.114283,901635.000,10243,1,T1,1,100,32.589
1738261049.247288,901768.000,10258,1,T1,1,100,32.716
1738261049.380293,901901.000,10289,1,T1,1,100,32.664
1738261049.513299,902034.000,10305,1,T1,1,100,32.571
1738261049.647304,902168.000,10320,1,T1,1,100,32.602
1738261049.780308,902301.000,10353,1,T1,1,100,32.579
1738261049.913314,902434.000,10369,1,T1,1,100,32.570
1738261050.047319,902568.000,10385,1,T1,1,100,32.530
1738261050.180324,902701.000,10415,1,T1,1,100,32.478
1738261050.313329,902834.000,10431,1,T1,1,100,32.668
1738261050.447334,902968.000,10447,1,T1,1,100,32.643
1738261050.580339,903101.000,10463,1,T1,1,100,32.633
1738261050.713344,903234.000,10503,1,T1,1,100,32.628
1738261050.847349,903368.000,10518,1,T1,1,100,32.697
1738261050.980354,903501.000,10534,1,T1,1,100,32.656
1738261051.113359,903634.000,10565,1,T1,1,100,32.603
1738261051.247364,903768.000,10580,1,T1,1,100,32.509
1738261051.380369,903901.000,10597,1,T1,1,100,32.646
1738261051.513374,904034.000,10629,1,T1,1,100,32.563
1738261051.647379,904168.000,10644,1,T1,1,100,32.598
1738261051.780385,904301.000,10661,1,T1,1,100,32.649
1738261051.913389,904434.000,10691,1,T1,1,100,32.706
1738261052.047395,904568.000,10707,1,T1,1,100,32.696
1738261052.180400,904701.000,10723,1,T1,1,100,32.691
1738261052.313405,904834.000,10756,1,T1,1,100,32.689
1738261052.447410,904968.000,10773,1,T1,1,100,32.653
1738261052.580415,905101.000,10789,1,T1,1,100,32.637
1738261052.713420,905234.000,10804,1,T1,1,100,32.666
1738261052.846425,905367.000,10835,1,T1,1,100,32.643
1738261052.980430,905501.000,10851,1,T1,1,100,32.668
1738261053.113435,905634.000,10867,1,T1,1,100,32.679
1738261053.246440,905767.000,10899,1,T1,1,100,32.648
1738261053.380445,905901.000,10916,1,T1,1,100,32.600
1738261053.513450,906034.000,10931,1,T1,1,100,32.543
1738261053.646455,906167.000,10962,1,T1,1,100,32.554
1738261053.780460,906301.000,10978,1,T1,1,100,32.594
1738261053.913465,906434.000,10995,1,T1,1,100,32.718
1738261054.046470,906567.000,11026,1,T1,1,100,32.630
1738261054.180475,906701.000,11042,1,T1,1,100,32.627
1738261054.313481,906834.000,11057,1,T1,1,100,32.555
1738261054.446486,906967.000,11088,1,T1,1,100,32.595
1738261054.580491,907101.000,11106,1,T1,1,100,32.541
1738261054.713496,907234.000,11122,1,T1,1,100,32.482
1738261054.846501,907367.000,11138,1,T1,1,100,32.528
1738261054.980506,907501.000,11168,1,T1,1,100,32.547
1738261055.113511,907634.000,11184,1,T1,1,100,32.556
1738261055.246516,907767.000,11200,1,T1,1,100,32.631
1738261055.380521,907901.000,11233,1,T1,1,100,32.698
1738261055.513526,908034.000,11248,1,T1,1,100,32.728
1738261055.646531,908167.000,11264,1,T1,1,100,32.705
1738261055.780036,908300.500,11298,2,T1,1,100,32.624
1738261055.913541,908434.000,11298,2,T1,1,100,32.766
1738261056.046546,908567.000,11331,1,T1,1,100,32.722
1738261056.180552,908701.000,11347,1,T1,1,100,32.596
1738261056.313556,908834.000,11362,1,T1,1,100,32.683
1738261056.446562,908967.000,11395,1,T1,1,100,32.615
1738261056.579567,909100.000,11411,1,T1,1,100,32.656
1738261056.713572,909234.000,11427,1,T1,1,100,32.603
1738261056.846577,909367.000,11443,1,T1,1,100,32.580
1738261056.979582,909500.000,11474,1,T1,1,100,32.606
1738261057.113587,909634.000,11489,1,T1,1,100,32.617
1738261057.246592,909767.000,11505,1,T1,1,100,32.657
1738261057.379597,909900.000,11540,1,T1,1,100,32.674
1738261057.513602,910034.000,11555,1,T1,1,100,32.646
1738261057.646607,910167.000,11571,1,T1,1,100,32.705
1738261057.779612,910300.000,11602,1,T1,1,100,32.731
1738261057.913617,910434.000,11617,1,T1,1,100,32.671
1738261058.046622,910567.000,11634,1,T1,1,100,32.645
1738261058.179627,910700.000,11666,1,T1,1,100,32.704
1738261058.313632,910834.000,11681,1,T1,1,100,32.659
1738261058.446637,910967.000,11698,1,T1,1,100,32.746
1738261058.579643,911100.000,11728,1,T1,1,100,32.784
1738261058.713648,911234.000,11744,1,T1,1,100,32.729
1738261058.846653,911367.000,11760,1,T1,1,100,32.741
1738261058.979658,911500.000,11775,1,T1,1,100,32.782
1738261059.112663,911633.000,11808,1,T1,1,100,32.728
1738261059.246668,911767.000,11824,1,T1,1,100,32.705
1738261059.379673,911900.000,11840,1,T1,1,100,32.695
1738261059.512678,912033.000,11870,1,T1,1,100,32.620
1738261059.646683,912167.000,11886,1,T1,1,100,32.658
1738261059.779688,912300.000,11902,1,T1,1,100,32.675
1738261059.912693,912433.000,11934,1,T1,1,100,32.576
1738261060.046698,912567.000,11951,1,T1,1,100,32.675
1738261060.179703,912700.000,11966,1,T1,1,100,32.576
1738261060.312708,912833.000,11997,1,T1,1,100,32.533
1738261060.446713,912967.000,12013,1,T1,1,100,32.550
1738261060.579718,913100.000,12030,1,T1,1,100,32.628
1738261060.712723,913233.000,12061,1,T1,1,100,32.626
1738261060.846729,913367.000,12077,1,T1,1,100,32.626
1738261060.979733,913500.000,12099,1,T1,1,100,32.554
1738261061.112739,913633.000,12114,1,T1,1,100,32.665
1738261061.246744,913767.000,12130,1,T1,1,100,32.572
1738261061.379749,913900.000,12163,1,T1,1,100,32.637
1738261061.512754,914033.000,12178,1,T1,1,100,32.595
1738261061.646759,914167.000,12194,1,T1,1,100,32.683
1738261061.779764,914300.000,12225,1,T1,1,100,32.579
1738261061.912769,914433.000,12240,1,T1,1,100,32.534
1738261062.045774,914566.000,12257,1,T1,1,100,32.621
1738261062.179779,914700.000,12289,1,T1,1,100,32.659
1738261062.312784,914833.000,12304,1,T1,1,100,32.640
1738261062.445789,914966.000,12323,1,T1,1,100,32.773
1738261062.579794,915100.000,12338,1,T1,1,100,32.689
1738261062.712799,915233.000,12369,1,T1,1,100,32.617
1738261062.846804,915367.000,12387,1,T1,1,100,32.622
1738261062.979810,915500.000,12402,1,T1,1,100,32.659
1738261063.112814,915633.000,12433,1,T1,1,100,32.675
1738261063.246819,915767.000,12449,1,T1,1,100,32.682
1738261063.379825,915900.000,12465,1,T1,1,100,32.650
1738261063.512830,916033.000,12495,1,T1,1,100,32.636
1738261063.645835,916166.000,12511,1,T1,1,100,32.665
1738261063.779840,916300.000,12529,1,T1,1,100,32.642
1738261063.912845,916433.000,12559,1,T1,1,100,32.739
1738261064.045850,916566.000,12576,1,T1,1,100,32.639
1738261064.179855,916700.000,12591,1,T1,1,100,32.631
1738261064.312860,916833.000,12622,1,T1,1,100,32.628
1738261064.445865,916966.000,12638,1,T1,1,100,32.626
1738261064.579870,917100.000,12655,1,T1,1,100,32.625
1738261064.712875,917233.000,12686,1,T1,1,100,32.732
1738261064.845880,917366.000,12702,1,T1,1,100,32.636
1738261064.979885,917500.000,12717,1,T1,1,100,32.665
1738261065.112890,917633.000,12734,1,T1,1,100,32.784
1738261065.245895,917766.000,12764,1,T1,1,100,32.729
1738261065.379900,917900.000,12780,1,T1,1,100,32.599
1738261065.512906,918033.000,12798,1,T1,1,100,32.649
1738261065.645911,918166.000,12829,1,T1,1,100,32.706
1738261065.778916,918299.000,12844,1,T1,1,100,32.696
1738261065.912921,918433.000,12860,1,T1,1,100,32.620
1738261066.045926,918566.000,12898,1,T1,1,100,32.694
1738261066.178931,918699.000,12915,1,T1,1,100,32.690
1738261066.312936,918833.000,12931,1,T1,1,100,32.653
1738261066.445941,918966.000,12962,1,T1,1,100,32.637
1738261066.578946,919099.000,12977,1,T1,1,100,32.595
1738261066.712951,919233.000,12994,1,T1,1,100,32.541
1738261066.845956,919366.000,13009,1,T1,1,100,32.660
1738261066.978961,919499.000,13039,1,T1,1,100,32.675
1738261067.112966,919633.000,13056,1,T1,1,100,32.682
1738261067.245971,919766.000,13073,1,T1,1,100,32.721
1738261067.378976,919899.000,13106,1,T1,1,100,32.666
1738261067.512981,920033.000,13122,1,T1,1,100,32.643
1738261067.645987,920166.000,13137,1,T1,1,100,32.704
1738261067.778992,920299.000,13168,1,T1,1,100,32.694
1738261067.912997,920433.000,13184,1,T1,1,100,32.655
1738261068.046002,920566.000,13202,1,T1,1,100,32.603
1738261068.179007,920699.000,13232,1,T1,1,100,32.757
1738261068.313012,920833.000,13248,1,T1,1,100,32.718
1738261068.446017,920966.000,13264,1,T1,1,100,32.701
1738261068.579022,921099.000,13294,1,T1,1,100,32.729
1738261068.713027,921233.000,13311,1,T1,1,100,32.705
1738261068.846032,921366.000,13328,1,T1,1,100,32.766
1738261068.979037,921499.000,13359,1,T1,1,100,32.722
1738261069.112042,921632.000,13375,1,T1,1,100,32.773
1738261069.246047,921766.000,13390,1,T1,1,100,32.831
1738261069.379052,921899.000,13406,1,T1,1,100,32.714
1738261069.512057,922032.000,13437,1,T1,1,100,32.699
1738261069.646062,922166.000,13452,1,T1,1,100,32.586
1738261069.779068,922299.000,13471,1,T1,1,100,32.608
1738261069.912072,922432.000,13501,1,T1,1,100,32.653
1738261070.046077,922566.000,13517,1,T1,1,100,32.602
1738261070.179083,922699.000,13533,1,T1,1,100,32.686
1738261070.312088,922832.000,13564,1,T1,1,100,32.722
1738261070.446093,922966.000,13579,1,T1,1,100,32.632
1738261070.579098,923099.000,13597,1,T1,1,100,32.628
1738261070.712103,923232.000,13628,1,T1,1,100,32.555
1738261070.846108,923366.000,13643,1,T1,1,100,32.595
1738261070.979113,923499.000,13659,1,T1,1,100,32.576
1738261071.112118,923632.000,13695,1,T1,1,100,32.604
1738261071.246123,923766.000,13712,1,T1,1,100,32.651
1738261071.379128,923899.000,13729,1,T1,1,100,32.601
1738261071.512133,924032.000,13744,1,T1,1,100,32.686
1738261071.646138,924166.000,13775,1,T1,1,100,32.651
1738261071.779143,924299.000,13791,1,T1,1,100,32.707
1738261071.912148,924432.000,13806,1,T1,1,100,32.802
1738261072.046154,924566.000,13837,1,T1,1,100,32.737
1738261072.179158,924699.000,13855,1,T1,1,100,32.780
1738261072.312164,924832.000,13870,1,T1,1,100,32.692
1738261072.445169,924965.000,13887,1,T1,1,100,32.760
1738261072.579174,925099.000,13919,1,T1,1,100,32.684
1738261072.712179,925232.000,13935,1,T1,1,100,32.650
1738261072.845184,925365.000,13951,1,T1,1,100,32.636
1738261072.979189,925499.000,13984,1,T1,1,100,32.630
1738261073.112194,925632.000,13999,1,T1,1,100,32.733
1738261073.245199,925765.000,14015,1,T1,1,100,32.672
1738261073.379204,925899.000,14046,1,T1,1,100,32.752
1738261073.512209,926032.000,14061,1,T1,1,100,32.644
1738261073.645214,926165.000,14077,1,T1,1,100,32.704
1738261073.779219,926299.000,14110,1,T1,1,100,32.766
1738261073.912224,926432.000,14125,1,T1,1,100,32.721
1738261074.045229,926565.000,14142,1,T1,1,100,32.667
1738261074.179235,926699.000,14172,1,T1,1,100,32.678
1738261074.312239,926832.000,14187,1,T1,1,100,32.648
1738261074.445245,926965.000,14204,1,T1,1,100,32.670
1738261074.579250,927099.000,14219,1,T1,1,100,32.787
1738261074.712255,927232.000,14252,1,T1,1,100,32.624
1738261074.845260,927365.000,14268,1,T1,1,100,32.731
1738261074.979265,927499.000,14283,1,T1,1,100,32.813
1738261075.112270,927632.000,14314,1,T1,1,100,32.777
1738261075.245275,927765.000,14330,1,T1,1,100,32.726
1738261075.378280,927898.000,14346,1,T1,1,100,32.740
1738261075.512285,928032.000,14378,1,T1,1,100,32.781
1738261075.645290,928165.000,14394,1,T1,1,100,32.693
1738261075.778295,928298.000,14410,1,T1,1,100,32.654
1738261075.912300,928432.000,14440,1,T1,1,100,32.709
1738261076.045305,928565.000,14457,1,T1,1,100,32.590
1738261076.178310,928698.000,14472,1,T1,1,100,32.681
1738261076.312315,928832.000,14494,1,T1,1,100,32.578
1738261076.445320,928965.000,14510,1,T1,1,100,32.569
1738261076.578326,929098.000,14525,1,T1,1,100,32.601
1738261076.712331,929232.000,14556,1,T1,1,100,32.685
1738261076.845336,929365.000,14572,1,T1,1,100,32.580
1738261076.978341,929498.000,14587,1,T1,1,100,32.747
1738261077.112346,929632.000,14618,1,T1,1,100,32.713
1738261077.245351,929765.000,14636,1,T1,1,100,32.663
1738261077.378356,929898.000,14652,1,T1,1,100,32.677
1738261077.512361,930032.000,14684,1,T1,1,100,32.718
1738261077.645366,930165.000,14700,1,T1,1,100,32.772
1738261077.778371,930298.000,14716,1,T1,1,100,32.689
1738261077.912376,930432.000,14732,1,T1,1,100,32.617
1738261078.045381,930565.000,14765,1,T1,1,100,32.728
1738261078.178386,930698.000,14780,1,T1,1,100,32.776
1738261078.312391,930832.000,14796,1,T1,1,100,32.690
1738261078.445396,930965.000,14827,1,T1,1,100,32.760
1738261078.578401,931098.000,14842,1,T1,1,100,32.719
1738261078.711406,931231.000,14859,1,T1,1,100,32.736
1738261078.845412,931365.000,14889,1,T1,1,100,32.673
1738261078.978417,931498.000,14906,1,T1,1,100,32.717
1738261079.111422,931631.000,14923,1,T1,1,100,32.842
1738261079.245427,931765.000,14953,1,T1,1,100,32.790
1738261079.378432,931898.000,14969,1,T1,1,100,32.767
1738261079.511437,932031.000,14985,1,T1,1,100,32.757
1738261079.645442,932165.000,15000,1,T1,1,100,32.682
1738261079.778447,932298.000,15031,1,T1,1,100,32.650
1738261079.911452,932431.000,15049,1,T1,1,100,32.671
1738261080.045457,932565.000,15064,1,T1,1,100,32.680
1738261080.178462,932698.000,15095,1,T1,1,100,32.684
1738261080.311467,932831.000,15111,1,T1,1,100,32.686
1738261080.445472,932965.000,15127,1,T1,1,100,32.651
1738261080.578477,933098.000,15157,1,T1,1,100,32.672
1738261080.711482,933231.000,15176,1,T1,1,100,32.645
1738261080.845487,933365.000,15191,1,T1,1,100,32.634
1738261080.978492,933498.000,15222,1,T1,1,100,32.593
1738261081.111497,933631.000,15238,1,T1,1,100,32.540
1738261081.245502,933765.000,15253,1,T1,1,100,32.624
1738261081.378508,933898.000,15289,2,T1,1,100,32.660
1738261081.511513,934031.000,15289,2,T1,1,100,32.676
1738261081.645518,934165.000,15322,1,T1,1,100,32.647
1738261081.778523,934298.000,15338,1,T1,1,100,32.670
1738261081.911528,934431.000,15353,1,T1,1,100,32.715
1738261082.044533,934564.000,15384,1,T1,1,100,32.735
1738261082.178538,934698.000,15400,1,T1,1,100,32.673
1738261082.311543,934831.000,15415,1,T1,1,100,32.575
1738261082.444548,934964.000,15448,1,T1,1,100,32.710
1738261082.578553,935098.000,15466,1,T1,1,100,32.662
1738261082.711558,935231.000,15482,1,T1,1,100,32.747
1738261082.844563,935364.000,15512,1,T1,1,100,32.642
1738261082.978568,935498.000,15528,1,T1,1,100,32.633
1738261083.111573,935631.000,15544,1,T1,1,100,32.628
1738261083.245579,935765.000,15560,1,T1,1,100,32.626
1738261083.378583,935898.000,15593,1,T1,1,100,32.732
1738261083.511589,936031.000,15608,1,T1,1,100,32.636
1738261083.644594,936164.000,15624,1,T1,1,100,32.807
1738261083.778599,936298.000,15655,1,T1,1,100,32.810
1738261083.911604,936431.000,15670,1,T1,1,100,32.741
1738261084.044609,936564.000,15687,1,T1,1,100,32.746
1738261084.178614,936698.000,15717,1,T1,1,100,32.784
1738261084.311619,936831.000,15734,1,T1,1,100,32.729
1738261084.444624,936964.000,15751,1,T1,1,100,32.706
1738261084.578629,937098.000,15781,1,T1,1,100,32.731
1738261084.711634,937231.000,15797,1,T1,1,100,32.706
1738261084.844639,937364.000,15813,1,T1,1,100,32.731
1738261084.978644,937498.000,15844,1,T1,1,100,32.742
1738261085.111649,937631.000,15859,1,T1,1,100,32.817
1738261085.244654,937764.000,15877,1,T1,1,100,32.708
1738261085.377659,937897.000,15892,1,T1,1,100,32.696
1738261085.511664,938031.000,15923,1,T1,1,100,32.691
1738261085.644670,938164.000,15939,1,T1,1,100,32.760
1738261085.777675,938297.000,15955,1,T1,1,100,32.861
1738261085.911680,938431.000,15985,1,T1,1,100,32.762
1738261086.044685,938564.000,16004,1,T1,1,100,32.720
1738261086.177690,938697.000,16019,1,T1,1,100,32.737
1738261086.311695,938831.000,16050,1,T1,1,100,32.673
1738261086.444700,938964.000,16066,1,T1,1,100,32.611
1738261086.577705,939097.000,16087,1,T1,1,100,32.690
1738261086.711710,939231.000,16103,1,T1,1,100,32.724
1738261086.844715,939364.000,16119,1,T1,1,100,32.668
1738261086.977720,939497.000,16151,1,T1,1,100,32.750
1738261087.111725,939631.000,16167,1,T1,1,100,32.644
1738261087.244730,939764.000,16183,1,T1,1,100,32.704
1738261087.377735,939897.000,16216,1,T1,1,100,32.695
1738261087.511740,940031.000,16231,1,T1,1,100,32.726
1738261087.644745,940164.000,16247,1,T1,1,100,32.704
1738261087.777750,940297.000,16280,1,T1,1,100,32.695
1738261087.911756,940431.000,16295,1,T1,1,100,32.726
1738261088.044761,940564.000,16312,1,T1,1,100,32.633
1738261088.177766,940697.000,16342,1,T1,1,100,32.629
1738261088.311771,940831.000,16357,1,T1,1,100,32.768
1738261088.444776,940964.000,16374,1,T1,1,100,32.793
1738261088.577781,941097.000,16389,1,T1,1,100,32.733
1738261088.711786,941231.000,16422,1,T1,1,100,32.814
1738261088.844791,941364.000,16438,1,T1,1,100,32.778
1738261088.977796,941497.000,16453,1,T1,1,100,32.762
1738261089.110801,941630.000,16484,1,T1,1,100,32.684
1738261089.244806,941764.000,16500,1,T1,1,100,32.722
1738261089.377811,941897.000,16516,1,T1,1,100,32.773
1738261089.510816,942030.000,16548,1,T1,1,100,32.654
1738261089.644821,942164.000,16564,1,T1,1,100,32.673
1738261089.777826,942297.000,16580,1,T1,1,100,32.646
1738261089.910831,942430.000,16610,1,T1,1,100,32.634
1738261090.044837,942564.000,16627,1,T1,1,100,32.700
1738261090.177841,942697.000,16642,1,T1,1,100,32.693
1738261090.310847,942830.000,16673,1,T1,1,100,32.761
1738261090.444852,942964.000,16691,1,T1,1,100,32.684
1738261090.577857,943097.000,16706,1,T1,1,100,32.721
1738261090.710862,943230.000,16722,1,T1,1,100,32.773
1738261090.844867,943364.000,16753,1,T1,1,100,32.689
1738261090.977872,943497.000,16768,1,T1,1,100,32.653
1738261091.110877,943630.000,16787,1,T1,1,100,32.602
1738261091.244882,943764.000,16817,1,T1,1,100,32.686
1738261091.377887,943897.000,16833,1,T1,1,100,32.758
1738261091.510892,944030.000,16849,1,T1,1,100,32.824
1738261091.644897,944164.000,16887,1,T1,1,100,32.818
1738261091.777902,944297.000,16902,1,T1,1,100,32.744
1738261091.910907,944430.000,16918,1,T1,1,100,32.712
1738261092.044912,944564.000,16936,1,T1,1,100,32.663
1738261092.177917,944697.000,16966,1,T1,1,100,32.712
1738261092.310922,944830.000,16982,1,T1,1,100,32.805
1738261092.443928,944963.000,17000,1,T1,1,100,32.845
1738261092.577933,945097.000,17030,1,T1,1,100,32.755
1738261092.710938,945230.000,17047,1,T1,1,100,32.681
1738261092.843943,945363.000,17064,1,T1,1,100,32.756
1738261092.977948,945497.000,17095,1,T1,1,100,32.753
1738261093.110953,945630.000,17111,1,T1,1,100,32.751
1738261093.243958,945763.000,17126,1,T1,1,100,32.715
1738261093.377963,945897.000,17142,1,T1,1,100,32.735
1738261093.510968,946030.000,17173,1,T1,1,100,32.673
1738261093.644973,946164.000,17188,1,T1,1,100,32.716
1738261093.777978,946297.000,17205,1,T1,1,100,32.771
1738261093.910983,946430.000,17237,1,T1,1,100,32.759
1738261094.043988,946563.000,17253,1,T1,1,100,32.718
1738261094.177993,946697.000,17269,1,T1,1,100,32.772
1738261094.310998,946830.000,17300,1,T1,1,100,32.724
1738261094.444003,946963.000,17315,1,T1,1,100,32.703
1738261094.578008,947097.000,17333,1,T1,1,100,32.694
1738261094.711014,947230.000,17364,1,T1,1,100,32.690
1738261094.844019,947363.000,17379,1,T1,1,100,32.760
1738261094.978024,947497.000,17395,1,T1,1,100,32.825
1738261095.111029,947630.000,17426,1,T1,1,100,32.712
1738261095.244034,947763.000,17441,1,T1,1,100,32.804
1738261095.377039,947896.000,17458,1,T1,1,100,32.773
1738261095.511044,948030.000,17473,1,T1,1,100,32.725
1738261095.644049,948163.000,17505,1,T1,1,100,32.775
1738261095.777054,948296.000,17522,1,T1,1,100,32.690
1738261095.911059,948430.000,17537,1,T1,1,100,32.759
1738261096.044064,948563.000,17568,1,T1,1,100,32.825
1738261096.177069,948696.000,17586,1,T1,1,100,32.605
1738261096.311074,948830.000,17601,1,T1,1,100,32.652
1738261096.444079,948963.000,17632,1,T1,1,100,32.708
1738261096.577084,949096.000,17648,1,T1,1,100,32.696
1738261096.711089,949230.000,17664,1,T1,1,100,32.762
1738261096.844095,949363.000,17683,1,T1,1,100,32.720
1738261096.977100,949496.000,17698,1,T1,1,100,32.701
1738261097.111105,949630.000,17731,1,T1,1,100,32.729
1738261097.244110,949763.000,17747,1,T1,1,100,32.635
1738261097.377115,949896.000,17763,1,T1,1,100,32.736
1738261097.511120,950030.000,17795,1,T1,1,100,32.779
1738261097.644125,950163.000,17811,1,T1,1,100,32.798
1738261097.777130,950296.000,17827,1,T1,1,100,32.700
1738261097.911135,950430.000,17859,1,T1,1,100,32.728
1738261098.044140,950563.000,17876,1,T1,1,100,32.705
1738261098.177145,950696.000,17891,1,T1,1,100,32.695
1738261098.311150,950830.000,17922,1,T1,1,100,32.655
1738261098.444155,950963.000,17938,1,T1,1,100,32.780
1738261098.577160,951096.000,17953,1,T1,1,100,32.798
1738261098.710165,951229.000,17969,1,T1,1,100,32.806
1738261098.844170,951363.000,18002,1,T1,1,100,32.703
1738261098.977175,951496.000,18017,1,T1,1,100,32.765
1738261099.110181,951629.000,18034,1,T1,1,100,32.828
1738261099.244186,951763.000,18064,1,T1,1,100,32.748
1738261099.377191,951896.000,18082,1,T1,1,100,32.749
1738261099.510196,952029.000,18098,1,T1,1,100,32.643
1738261099.644201,952163.000,18129,1,T1,1,100,32.668
1738261099.777206,952296.000,18144,1,T1,1,100,32.644
1738261099.911211,952430.000,18160,1,T1,1,100,32.633
1738261100.044216,952563.000,18193,1,T1,1,100,32.770
1738261100.177221,952696.000,18208,1,T1,1,100,32.723
1738261100.310226,952829.000,18224,1,T1,1,100,32.738
1738261100.444231,952963.000,18255,1,T1,1,100,32.780
1738261100.577236,953096.000,18270,1,T1,1,100,32.799
1738261100.710241,953229.000,18287,1,T1,1,100,32.736
1738261100.844246,953363.000,18319,1,T1,1,100,32.779
1738261100.977251,953496.000,18334,1,T1,1,100,32.727
1738261101.111256,953630.000,18351,1,T1,1,100,32.811
1738261101.244262,953763.000,18366,1,T1,1,100,32.812
1738261101.377266,953896.000,18397,1,T1,1,100,32.741
1738261101.510272,954029.000,18413,1,T1,1,100,32.817
1738261101.644277,954163.000,18428,1,T1,1,100,32.779
1738261101.777282,954296.000,18459,1,T1,1,100,32.798
1738261101.910287,954429.000,18484,1,T1,1,100,32.771
1738261102.044292,954563.000,18500,1,T1,1,100,32.724
1738261102.177297,954696.000,18516,1,T1,1,100,32.809
1738261102.310302,954829.000,18547,1,T1,1,100,32.740
1738261102.443307,954962.000,18566,1,T1,1,100,32.781
1738261102.577312,955096.000,18582,1,T1,1,100,32.764
1738261102.710317,955229.000,18613,1,T1,1,100,32.720
1738261102.843322,955362.000,18628,1,T1,1,100,32.773
1738261102.977327,955496.000,18644,1,T1,1,100,32.653
1738261103.110332,955629.000,18675,1,T1,1,100,32.637
1738261103.243337,955762.000,18692,1,T1,1,100,32.595
1738261103.377342,955896.000,18709,1,T1,1,100,32.612
1738261103.510347,956029.000,18739,1,T1,1,100,32.655
1738261103.643353,956162.000,18754,1,T1,1,100,32.673
1738261103.777358,956296.000,18771,1,T1,1,100,32.717
1738261103.910363,956429.000,18801,1,T1,1,100,32.629
1738261104.043368,956562.000,18817,1,T1,1,100,32.698
1738261104.177373,956696.000,18833,1,T1,1,100,32.727
1738261104.310378,956829.000,18848,1,T1,1,100,32.669
1738261104.443383,956962.000,18881,1,T1,1,100,32.609
1738261104.577388,957096.000,18897,1,T1,1,100,32.724
1738261104.710393,957229.000,18913,1,T1,1,100,32.668
1738261104.843398,957362.000,18943,1,T1,1,100,32.715
1738261104.977403,957496.000,18959,1,T1,1,100,32.699
1738261105.110408,957629.000,18977,1,T1,1,100,32.799
1738261105.243413,957762.000,19007,1,T1,1,100,32.807
1738261105.376418,957895.000,19024,1,T1,1,100,32.810
1738261105.510423,958029.000,19039,1,T1,1,100,32.776
1738261105.643428,958162.000,19070,1,T1,1,100,32.726
1738261105.776433,958295.000,19086,1,T1,1,100,32.740
1738261105.910439,958429.000,19103,1,T1,1,100,32.745
1738261106.043444,958562.000,19134,1,T1,1,100,32.748
1738261106.176449,958695.000,19150,1,T1,1,100,32.785
1738261106.310454,958829.000,19165,1,T1,1,100,32.836
1738261106.443459,958962.000,19182,1,T1,1,100,32.787
1738261106.576464,959095.000,19212,1,T1,1,100,32.731
1738261106.710469,959229.000,19230,1,T1,1,100,32.742
1738261106.843474,959362.000,19246,1,T1,1,100,32.640
1738261106.976479,959495.000,19282,1,T1,1,100,32.702
1738261107.110484,959629.000,19297,1,T1,1,100,32.694
1738261107.243489,959762.000,19313,1,T1,1,100,32.868
1738261107.376494,959895.000,19346,1,T1,1,100,32.765
1738261107.510499,960029.000,19361,1,T1,1,100,32.721
1738261107.643504,960162.000,19377,1,T1,1,100,32.773
1738261107.776509,960295.000,19410,1,T1,1,100,32.760
1738261107.910514,960429.000,19425,1,T1,1,100,32.754
1738261108.043519,960562.000,19442,1,T1,1,100,32.752
1738261108.176525,960695.000,19472,1,T1,1,100,32.680
1738261108.310530,960829.000,19487,1,T1,1,100,32.755
1738261108.443535,960962.000,19506,1,T1,1,100,32.752
1738261108.576540,961095.000,19521,1,T1,1,100,32.822
1738261108.710545,961229.000,19552,1,T1,1,100,32.781
1738261108.843550,961362.000,19568,1,T1,1,100,32.763
1738261108.976555,961495.000,19583,1,T1,1,100,32.756
1738261109.110560,961629.000,19614,1,T1,1,100,32.788
1738261109.243565,961762.000,19632,1,T1,1,100,32.802
1738261109.376570,961895.000,19648,1,T1,1,100,32.808
1738261109.509575,962028.000,19678,1,T1,1,100,32.811
1738261109.643580,962162.000,19694,1,T1,1,100,32.705
1738261109.776585,962295.000,19710,1,T1,1,100,32.766
1738261109.909590,962428.000,19740,1,T1,1,100,32.792
1738261110.043595,962562.000,19759,1,T1,1,100,32.697
1738261110.176600,962695.000,19774,1,T1,1,100,32.656
1738261110.309606,962828.000,19805,1,T1,1,100,32.709
1738261110.443611,962962.000,19821,1,T1,1,100,32.697
1738261110.576616,963095.000,19836,1,T1,1,100,32.727
1738261110.709621,963228.000,19869,1,T1,1,100,32.705
1738261110.843626,963362.000,19885,1,T1,1,100,32.766
1738261110.976631,963495.000,19900,1,T1,1,100,32.615
1738261111.109636,963628.000,19917,1,T1,1,100,32.692
1738261111.243641,963762.000,19947,1,T1,1,100,32.689
1738261111.376646,963895.000,19963,1,T1,1,100,32.724
1738261111.509651,964028.000,19979,1,T1,1,100,32.668
1738261111.643656,964162.000,20010,1,T1,1,100,32.679
1738261111.776661,964295.000,20027,1,T1,1,100,32.755
1738261111.909666,964428.000,20043,1,T1,1,100,32.858
1738261112.042671,964561.000,20079,1,T1,1,100,32.868
1738261112.176676,964695.000,20094,1,T1,1,100,32.730
1738261112.309681,964828.000,20110,1,T1,1,100,32.777
1738261112.443686,964962.000,20128,1,T1,1,100,32.762
1738261112.576691,965095.000,20144,1,T1,1,100,32.861
1738261112.709697,965228.000,20177,1,T1,1,100,32.727
1738261112.842702,965361.000,20192,1,T1,1,100,32.776
1738261112.976707,965495.000,20208,1,T1,1,100,32.761
1738261113.109712,965628.000,20239,1,T1,1,100,32.755
1738261113.242717,965761.000,20254,1,T1,1,100,32.788
1738261113.376722,965895.000,20271,1,T1,1,100,32.837
1738261113.509727,966028.000,20303,1,T1,1,100,32.823
1738261113.642732,966161.000,20318,1,T1,1,100,32.711
1738261113.776737,966295.000,20335,1,T1,1,100,32.768
1738261113.909742,966428.000,20365,1,T1,1,100,32.829
1738261114.042747,966561.000,20381,1,T1,1,100,32.749
1738261114.176752,966695.000,20397,1,T1,1,100,32.785
1738261114.309757,966828.000,20428,1,T1,1,100,32.801
1738261114.442762,966961.000,20443,1,T1,1,100,32.843
1738261114.576767,967095.000,20461,1,T1,1,100,32.719
1738261114.709772,967228.000,20476,1,T1,1,100,32.701
1738261114.842777,967361.000,20507,1,T1,1,100,32.835
1738261114.976783,967495.000,20523,1,T1,1,100,32.858
1738261115.109788,967628.000,20539,1,T1,1,100,32.832
1738261115.242793,967761.000,20569,1,T1,1,100,32.786
1738261115.376798,967895.000,20588,1,T1,1,100,32.765
1738261115.509803,968028.000,20603,1,T1,1,100,32.792
1738261115.642808,968161.000,20634,1,T1,1,100,32.768
1738261115.776813,968295.000,20650,1,T1,1,100,32.687
1738261115.909818,968428.000,20665,1,T1,1,100,32.758
1738261116.042823,968561.000,20696,1,T1,1,100,32.789
1738261116.175828,968694.000,20714,1,T1,1,100,32.767
1738261116.309833,968828.000,20729,1,T1,1,100,32.722
1738261116.442838,968961.000,20760,1,T1,1,100,32.738
1738261116.575843,969094.000,20776,1,T1,1,100,32.816
1738261116.709848,969228.000,20792,1,T1,1,100,32.743
1738261116.842853,969361.000,20808,1,T1,1,100,32.853
1738261116.975858,969494.000,20839,1,T1,1,100,32.830
1738261117.109864,969628.000,20856,1,T1,1,100,32.714
1738261117.242869,969761.000,20877,1,T1,1,100,32.699
1738261117.375874,969894.000,20910,1,T1,1,100,32.622
1738261117.509879,970028.000,20925,1,T1,1,100,32.730
1738261117.642884,970161.000,20941,1,T1,1,100,32.706
1738261117.775889,970294.000,20972,1,T1,1,100,32.695
1738261117.909894,970428.000,20989,1,T1,1,100,32.797
1738261118.042899,970561.000,21006,1,T1,1,100,32.806
1738261118.175904,970694.000,21036,1,T1,1,100,32.845
1738261118.309909,970828.000,21051,1,T1,1,100,32.791
1738261118.442914,970961.000,21068,1,T1,1,100,32.803
1738261118.575919,971094.000,21100,1,T1,1,100,32.844
1738261118.709924,971228.000,21116,1,T1,1,100,32.720
1738261118.842929,971361.000,21132,1,T1,1,100,32.701
1738261118.975934,971494.000,21147,1,T1,1,100,32.764
1738261119.109939,971628.000,21178,1,T1,1,100,32.792
1738261119.242944,971761.000,21194,1,T1,1,100,32.874
1738261119.375950,971894.000,21210,1,T1,1,100,32.804
1738261119.508955,972027.000,21242,1,T1,1,100,32.951
1738261119.642960,972161.000,21258,1,T1,1,100,32.837
1738261119.775965,972294.000,21274,1,T1,1,100,32.858
1738261119.908970,972427.000,21304,1,T1,1,100,32.797
1738261120.042975,972561.000,21321,1,T1,1,100,32.735
1738261120.175980,972694.000,21336,1,T1,1,100,32.814
1738261120.308985,972827.000,21369,1,T1,1,100,32.813
1738261120.442990,972961.000,21385,1,T1,1,100,32.777
1738261120.575995,973094.000,21400,1,T1,1,100,32.726
1738261120.709000,973227.000,21431,1,T1,1,100,32.775
1738261120.843005,973361.000,21447,1,T1,1,100,32.725
1738261120.976010,973494.000,21462,1,T1,1,100,32.775
1738261121.109015,973627.000,21481,1,T1,1,100,32.796
1738261121.243020,973761.000,21511,1,T1,1,100,32.805
1738261121.376025,973894.000,21527,1,T1,1,100,32.774
1738261121.509031,974027.000,21543,1,T1,1,100,32.796
1738261121.643036,974161.000,21558,1,T1,1,100,32.912
1738261121.776041,974294.000,21589,1,T1,1,100,32.855
1738261121.909046,974427.000,21607,1,T1,1,100,32.760
1738261122.043051,974561.000,21623,1,T1,1,100,32.825
1738261122.176056,974694.000,21653,1,T1,1,100,32.783
1738261122.309061,974827.000,21673,1,T1,1,100,32.658
1738261122.442066,974960.000,21691,1,T1,1,100,32.746
1738261122.576071,975094.000,21706,1,T1,1,100,32.748
1738261122.709076,975227.000,21723,1,T1,1,100,32.749
1738261122.842081,975360.000,21755,1,T1,1,100,32.679
1738261122.976086,975494.000,21770,1,T1,1,100,32.755
1738261123.109091,975627.000,21787,1,T1,1,100,32.752
1738261123.242096,975760.000,21802,1,T1,1,100,32.751
1738261123.376101,975894.000,21833,1,T1,1,100,32.750
1738261123.509106,976027.000,21849,1,T1,1,100,32.750
1738261123.642111,976160.000,21864,1,T1,1,100,32.821
1738261123.776116,976294.000,21897,1,T1,1,100,32.816
1738261123.909122,976427.000,21913,1,T1,1,100,32.708
1738261124.042127,976560.000,21929,1,T1,1,100,32.803
1738261124.176132,976694.000,21959,1,T1,1,100,32.808
1738261124.309137,976827.000,21975,1,T1,1,100,32.775
1738261124.442142,976960.000,21991,1,T1,1,100,32.725
1738261124.576147,977094.000,22023,1,T1,1,100,32.775
1738261124.709152,977227.000,22040,1,T1,1,100,32.832
1738261124.842157,977360.000,22055,1,T1,1,100,32.892
1738261124.976162,977494.000,22086,1,T1,1,100,32.847
1738261125.109167,977627.000,22102,1,T1,1,100,32.792
1738261125.242172,977760.000,22117,1,T1,1,100,32.733
1738261125.375177,977893.000,22133,1,T1,1,100,32.742
1738261125.509182,978027.000,22164,1,T1,1,100,32.676
1738261125.642187,978160.000,22181,1,T1,1,100,32.718
1738261125.775192,978293.000,22198,1,T1,1,100,32.736
1738261125.909197,978427.000,22228,1,T1,1,100,32.638
1738261126.042202,978560.000,22244,1,T1,1,100,32.772
1738261126.175208,978693.000,22260,1,T1,1,100,32.795
1738261126.309213,978827.000,22291,1,T1,1,100,32.840
1738261126.442218,978960.000,22308,1,T1,1,100,32.789
1738261126.575223,979093.000,22324,1,T1,1,100,32.731
1738261126.709228,979227.000,22355,1,T1,1,100,32.777
1738261126.842233,979360.000,22370,1,T1,1,100,32.797
1738261126.975238,979493.000,22388,1,T1,1,100,32.806
1738261127.109243,979627.000,22419,1,T1,1,100,32.774
1738261127.242248,979760.000,22434,1,T1,1,100,32.796
1738261127.375253,979893.000,22451,1,T1,1,100,32.770
1738261127.509258,980027.000,22473,1,T1,1,100,32.900
1738261127.642263,980160.000,22489,1,T1,1,100,32.886
1738261127.775268,980293.000,22522,1,T1,1,100,32.880
1738261127.909273,980427.000,22537,1,T1,1,100,32.735
1738261128.042278,980560.000,22554,1,T1,1,100,32.815
1738261128.175283,980693.000,22584,1,T1,1,100,32.849
1738261128.309289,980827.000,22601,1,T1,1,100,32.828
1738261128.442294,980960.000,22618,1,T1,1,100,32.784
1738261128.575299,981093.000,22648,1,T1,1,100,32.765
1738261128.708304,981226.000,22664,1,T1,1,100,32.792
1738261128.842309,981360.000,22680,1,T1,1,100,32.768
1738261128.975314,981493.000,22697,1,T1,1,100,32.864
1738261129.108319,981626.000,22728,1,T1,1,100,32.799
1738261129.242324,981760.000,22744,1,T1,1,100,32.878
1738261129.375329,981893.000,22760,1,T1,1,100,32.770
1738261129.508334,982026.000,22790,1,T1,1,100,32.794
1738261129.642339,982160.000,22806,1,T1,1,100,32.769
1738261129.775344,982293.000,22824,1,T1,1,100,32.723
1738261129.908349,982426.000,22854,1,T1,1,100,32.774
1738261130.042354,982560.000,22871,1,T1,1,100,32.760
1738261130.175359,982693.000,22886,1,T1,1,100,32.684
1738261130.308364,982826.000,22917,1,T1,1,100,32.899
1738261130.442369,982960.000,22935,1,T1,1,100,32.814
1738261130.575375,983093.000,22950,1,T1,1,100,32.742
1738261130.708380,983226.000,22981,1,T1,1,100,32.782
1738261130.842385,983360.000,22997,1,T1,1,100,32.799
1738261130.975390,983493.000,23012,1,T1,1,100,32.807
1738261131.108395,983626.000,23029,1,T1,1,100,32.775
1738261131.242400,983760.000,23061,1,T1,1,100,32.832
1738261131.375405,983893.000,23077,1,T1,1,100,32.785
1738261131.508410,984026.000,23093,1,T1,1,100,32.765
1738261131.642415,984160.000,23124,1,T1,1,100,32.757
1738261131.775420,984293.000,23139,1,T1,1,100,32.753
1738261131.908425,984426.000,23155,1,T1,1,100,32.787
1738261132.041430,984559.000,23188,1,T1,1,100,32.837
1738261132.175435,984693.000,23203,1,T1,1,100,32.681
1738261132.308440,984826.000,23219,1,T1,1,100,32.720
1738261132.442445,984960.000,23252,1,T1,1,100,32.702
1738261132.575450,985093.000,23273,1,T1,1,100,32.835
1738261132.708455,985226.000,23289,1,T1,1,100,32.893
1738261132.841460,985359.000,23305,1,T1,1,100,32.918
1738261132.975466,985493.000,23320,1,T1,1,100,32.858
1738261133.108471,985626.000,23351,1,T1,1,100,32.726
1738261133.241476,985759.000,23369,1,T1,1,100,32.740
1738261133.375481,985893.000,23385,1,T1,1,100,32.745
1738261133.508486,986026.000,23415,1,T1,1,100,32.713
1738261133.641491,986159.000,23431,1,T1,1,100,32.698
1738261133.775496,986293.000,23447,1,T1,1,100,32.728
1738261133.908501,986426.000,23465,1,T1,1,100,32.740
1738261134.041506,986559.000,23496,1,T1,1,100,32.710
1738261134.175511,986693.000,23511,1,T1,1,100,32.804
1738261134.308516,986826.000,23527,1,T1,1,100,32.844
1738261134.441521,986959.000,23558,1,T1,1,100,32.791
1738261134.575526,987093.000,23573,1,T1,1,100,32.732
1738261134.708531,987226.000,23590,1,T1,1,100,32.778
1738261134.841536,987359.000,23622,1,T1,1,100,32.833
1738261134.975541,987493.000,23637,1,T1,1,100,32.928
1738261135.108546,987626.000,23654,1,T1,1,100,32.933
1738261135.241552,987759.000,23684,1,T1,1,100,32.900
1738261135.375557,987893.000,23700,1,T1,1,100,32.850
1738261135.508562,988026.000,23716,1,T1,1,100,32.829
1738261135.641567,988159.000,23747,1,T1,1,100,32.855
1738261135.774572,988292.000,23762,1,T1,1,100,32.831
1738261135.908577,988426.000,23780,1,T1,1,100,32.785
1738261136.041582,988559.000,23795,1,T1,1,100,32.765
1738261136.174587,988692.000,23826,1,T1,1,100,32.721
1738261136.308592,988826.000,23842,1,T1,1,100,32.737
1738261136.441597,988959.000,23858,1,T1,1,100,32.851
1738261136.574602,989092.000,23890,1,T1,1,100,32.758
1738261136.708607,989226.000,23907,1,T1,1,100,32.754
1738261136.841612,989359.000,23922,1,T1,1,100,32.893
1738261136.974617,989492.000,23953,1,T1,1,100,32.847
1738261137.108622,989626.000,23969,1,T1,1,100,32.792
1738261137.241627,989759.000,23984,1,T1,1,100,32.733
1738261137.374633,989892.000,24017,1,T1,1,100,32.743
1738261137.508638,990026.000,24035,1,T1,1,100,32.782
1738261137.641643,990159.000,24050,1,T1,1,100,32.728
1738261137.774648,990292.000,24088,1,T1,1,100,32.776
1738261137.908653,990426.000,24104,1,T1,1,100,32.832
1738261138.041658,990559.000,24120,1,T1,1,100,32.821
1738261138.174663,990692.000,24150,1,T1,1,100,32.887
1738261138.308668,990826.000,24166,1,T1,1,100,32.880
1738261138.441673,990959.000,24184,1,T1,1,100,32.913
1738261138.574678,991092.000,24200,1,T1,1,100,32.962
1738261138.708683,991226.000,24231,1,T1,1,100,32.913
1738261138.841688,991359.000,24246,1,T1,1,100,32.785
1738261138.974693,991492.000,24262,1,T1,1,100,32.801
1738261139.108698,991626.000,24293,1,T1,1,100,32.878
1738261139.241703,991759.000,24308,1,T1,1,100,32.876
1738261139.374708,991892.000,24327,1,T1,1,100,32.876
1738261139.507714,992025.000,24357,1,T1,1,100,32.804
1738261139.641719,992159.000,24372,1,T1,1,100,32.703
1738261139.774724,992292.000,24389,1,T1,1,100,32.765
1738261139.907729,992425.000,24419,1,T1,1,100,32.827
1738261140.041734,992559.000,24435,1,T1,1,100,32.925
1738261140.174739,992692.000,24451,1,T1,1,100,32.826
1738261140.307744,992825.000,24466,1,T1,1,100,32.818
1738261140.441749,992959.000,24499,1,T1,1,100,32.709
1738261140.574754,993092.000,24515,1,T1,1,100,32.768
1738261140.707759,993225.000,24530,1,T1,1,100,32.793
1738261140.841764,993359.000,24561,1,T1,1,100,32.804
1738261140.974769,993492.000,24579,1,T1,1,100,32.738
1738261141.107774,993625.000,24595,1,T1,1,100,32.816
1738261141.241779,993759.000,24625,1,T1,1,100,32.814
1738261141.374784,993892.000,24642,1,T1,1,100,32.778
1738261141.507789,994025.000,24657,1,T1,1,100,32.762
1738261141.641794,994159.000,24688,1,T1,1,100,32.826
1738261141.774800,994292.000,24704,1,T1,1,100,32.818
1738261141.907804,994425.000,24719,1,T1,1,100,32.780
1738261142.040810,994558.000,24752,1,T1,1,100,32.834
1738261142.174815,994692.000,24768,1,T1,1,100,32.857
1738261142.307820,994825.000,24783,1,T1,1,100,32.832
1738261142.440825,994958.000,24816,1,T1,1,100,32.856
1738261142.574830,995092.000,24832,1,T1,1,100,32.831
1738261142.707835,995225.000,24848,1,T1,1,100,32.785
1738261142.840840,995358.000,24869,1,T1,1,100,32.730
1738261142.974845,995492.000,24885,1,T1,1,100,32.812
1738261143.107850,995625.000,24901,1,T1,1,100,32.777
1738261143.240855,995758.000,24931,1,T1,1,100,32.797
1738261143.374860,995892.000,24948,1,T1,1,100,32.806
1738261143.507865,996025.000,24963,1,T1,1,100,32.845
1738261143.640870,996158.000,24979,1,T1,1,100,32.862
1738261143.774875,996292.000,25012,1,T1,1,100,32.834
1738261143.907880,996425.000,25027,1,T1,1,100,32.857
1738261144.040885,996558.000,25044,1,T1,1,100,32.867
1738261144.174891,996692.000,25074,1,T1,1,100,32.872
1738261144.307896,996825.000,25089,1,T1,1,100,32.803
1738261144.440901,996958.000,25106,1,T1,1,100,32.808
1738261144.574906,997092.000,25138,1,T1,1,100,32.740
1738261144.707911,997225.000,25154,1,T1,1,100,32.710
1738261144.840916,997358.000,25170,1,T1,1,100,32.768
1738261144.974921,997492.000,25201,1,T1,1,100,32.793
1738261145.107926,997625.000,25216,1,T1,1,100,32.875
1738261145.240931,997758.000,25232,1,T1,1,100,32.911
1738261145.374936,997892.000,25263,1,T1,1,100,32.926
1738261145.507941,998025.000,25278,1,T1,1,100,32.968
1738261145.640946,998158.000,25296,1,T1,1,100,32.915
1738261145.773951,998291.000,25312,1,T1,1,100,32.928
1738261145.907956,998425.000,25342,1,T1,1,100,32.898
1738261146.040961,998558.000,25359,1,T1,1,100,32.885
1738261146.173966,998691.000,25374,1,T1,1,100,32.879
1738261146.307971,998825.000,25407,1,T1,1,100,32.735
1738261146.440977,998958.000,25423,1,T1,1,100,32.708
1738261146.573982,999091.000,25438,1,T1,1,100,32.838
1738261146.707987,999225.000,25469,1,T1,1,100,32.859
1738261146.840992,999358.000,25485,1,T1,1,100,32.797
1738261146.973997,999491.000,25500,1,T1,1,100,32.841
1738261147.108002,999625.000,25531,1,T1,1,100,32.719
1738261147.241007,999758.000,25549,1,T1,1,100,32.701
1738261147.374012,999891.000,25565,1,T1,1,100,32.764
1738261147.508017,1000025.000,25597,1,T1,1,100,32.827
1738261147.641022,1000158.000,25613,1,T1,1,100,32.854
1738261147.774027,1000291.000,25629,1,T1,1,100,32.901
1738261147.907532,1000424.500,25666,2,T1,1,100,32.851
1738261148.041037,1000558.000,25666,2,T1,1,100,32.865
1738261148.174042,1000691.000,25698,1,T1,1,100,32.835
1738261148.308047,1000825.000,25713,1,T1,1,100,32.822
1738261148.441052,1000958.000,25730,1,T1,1,100,32.888
1738261148.574058,1001091.000,25760,1,T1,1,100,32.880
1738261148.707062,1001224.000,25776,1,T1,1,100,32.842
1738261148.841068,1001358.000,25792,1,T1,1,100,32.861
1738261148.974073,1001491.000,25825,1,T1,1,100,32.869
1738261149.107078,1001624.000,25840,1,T1,1,100,32.801
1738261149.241083,1001758.000,25856,1,T1,1,100,32.808
1738261149.374088,1001891.000,25871,1,T1,1,100,32.775
1738261149.507093,1002024.000,25902,1,T1,1,100,32.761
1738261149.641098,1002158.000,25918,1,T1,1,100,32.755
1738261149.774103,1002291.000,25934,1,T1,1,100,32.787
1738261149.907108,1002424.000,25966,1,T1,1,100,32.802
1738261150.041113,1002558.000,25983,1,T1,1,100,32.701
1738261150.174118,1002691.000,25998,1,T1,1,100,32.800
1738261150.307123,1002824.000,26029,1,T1,1,100,32.843
1738261150.441128,1002958.000,26045,1,T1,1,100,32.790
1738261150.574133,1003091.000,26062,1,T1,1,100,32.838
1738261150.707139,1003224.000,26093,1,T1,1,100,32.824
1738261150.841144,1003358.000,26109,1,T1,1,100,32.853
1738261150.974149,1003491.000,26124,1,T1,1,100,32.794
1738261151.107154,1003624.000,26155,1,T1,1,100,32.769
1738261151.241159,1003758.000,26171,1,T1,1,100,32.758
1738261151.374164,1003891.000,26189,1,T1,1,100,32.860
1738261151.507169,1004024.000,26205,1,T1,1,100,32.762
1738261151.641174,1004158.000,26236,1,T1,1,100,32.897
1738261151.774179,1004291.000,26251,1,T1,1,100,32.849
1738261151.907184,1004424.000,26267,1,T1,1,100,32.864
1738261152.040189,1004557.000,26298,1,T1,1,100,32.799
1738261152.174194,1004691.000,26313,1,T1,1,100,32.807
1738261152.307199,1004824.000,26329,1,T1,1,100,32.845
1738261152.440204,1004957.000,26364,1,T1,1,100,32.933
1738261152.574209,1005091.000,26379,1,T1,1,100,32.829
1738261152.707214,1005224.000,26396,1,T1,1,100,32.820
1738261152.840219,1005357.000,26426,1,T1,1,100,32.780
1738261152.974225,1005491.000,26441,1,T1,1,100,32.834
1738261153.107229,1005624.000,26465,1,T1,1,100,32.857
1738261153.241235,1005758.000,26480,1,T1,1,100,32.796
1738261153.374240,1005891.000,26497,1,T1,1,100,32.912
1738261153.507245,1006024.000,26527,1,T1,1,100,32.926
1738261153.640250,1006157.000,26542,1,T1,1,100,32.755
1738261153.774255,1006291.000,26559,1,T1,1,100,32.752
1738261153.907260,1006424.000,26589,1,T1,1,100,32.822
1738261154.040265,1006557.000,26605,1,T1,1,100,32.923
1738261154.174270,1006691.000,26621,1,T1,1,100,32.931
1738261154.307275,1006824.000,26638,1,T1,1,100,32.935
1738261154.440280,1006957.000,26669,1,T1,1,100,32.901
1738261154.574285,1007091.000,26685,1,T1,1,100,32.851
1738261154.707290,1007224.000,26700,1,T1,1,100,32.829
1738261154.840295,1007357.000,26731,1,T1,1,100,32.784
1738261154.974300,1007491.000,26747,1,T1,1,100,32.729
1738261155.107305,1007624.000,26765,1,T1,1,100,32.847
1738261155.240310,1007757.000,26795,1,T1,1,100,32.828
1738261155.373316,1007890.000,26812,1,T1,1,100,32.854
1738261155.507321,1008024.000,26827,1,T1,1,100,32.866
1738261155.640326,1008157.000,26858,1,T1,1,100,32.907
1738261155.773331,1008290.000,26874,1,T1,1,100,32.818
1738261155.907336,1008424.000,26889,1,T1,1,100,32.815
1738261156.040341,1008557.000,26922,1,T1,1,100,32.884
1738261156.173346,1008690.000,26938,1,T1,1,100,32.915
1738261156.307351,1008824.000,26953,1,T1,1,100,32.821
1738261156.440356,1008957.000,26970,1,T1,1,100,32.816
1738261156.573361,1009090.000,27000,1,T1,1,100,32.779
1738261156.707366,1009224.000,27016,1,T1,1,100,32.833
1738261156.840371,1009357.000,27032,1,T1,1,100,32.822
1738261156.973376,1009490.000,27065,1,T1,1,100,32.816
1738261157.107381,1009624.000,27080,1,T1,1,100,32.708
1738261157.240386,1009757.000,27096,1,T1,1,100,32.767
1738261157.373391,1009890.000,27129,1,T1,1,100,32.793
1738261157.507396,1010024.000,27144,1,T1,1,100,32.804
1738261157.640402,1010157.000,27160,1,T1,1,100,32.773
1738261157.773407,1010290.000,27193,1,T1,1,100,32.760
1738261157.907412,1010424.000,27208,1,T1,1,100,32.790
1738261158.040417,1010557.000,27225,1,T1,1,100,32.803
1738261158.173422,1010690.000,27262,1,T1,1,100,32.879
1738261158.307427,1010824.000,27277,1,T1,1,100,32.877
1738261158.440432,1010957.000,27294,1,T1,1,100,32.840
1738261158.573437,1011090.000,27309,1,T1,1,100,32.825
1738261158.707442,1011224.000,27342,1,T1,1,100,32.782
1738261158.840447,1011357.000,27358,1,T1,1,100,32.870
1738261158.973452,1011490.000,27373,1,T1,1,100,32.908
1738261159.106457,1011623.000,27404,1,T1,1,100,32.960
1738261159.240462,1011757.000,27420,1,T1,1,100,32.876
1738261159.373467,1011890.000,27436,1,T1,1,100,32.840
1738261159.506472,1012023.000,27466,1,T1,1,100,32.860
1738261159.640477,1012157.000,27482,1,T1,1,100,32.833
1738261159.773483,1012290.000,27500,1,T1,1,100,32.821
1738261159.906487,1012423.000,27530,1,T1,1,100,32.781
1738261160.040493,1012557.000,27547,1,T1,1,100,32.799
1738261160.173498,1012690.000,27562,1,T1,1,100,32.736
1738261160.306503,1012823.000,27593,1,T1,1,100,32.779
1738261160.440508,1012957.000,27611,1,T1,1,100,32.727
1738261160.573513,1013090.000,27626,1,T1,1,100,32.776
1738261160.706518,1013223.000,27642,1,T1,1,100,32.903
1738261160.840523,1013357.000,27673,1,T1,1,100,32.852
1738261160.973528,1013490.000,27688,1,T1,1,100,32.794
1738261161.106533,1013623.000,27705,1,T1,1,100,32.875
1738261161.240538,1013757.000,27735,1,T1,1,100,32.840
1738261161.373543,1013890.000,27753,1,T1,1,100,32.824
1738261161.506548,1014023.000,27769,1,T1,1,100,32.818
1738261161.640553,1014157.000,27800,1,T1,1,100,32.921
1738261161.773558,1014290.000,27815,1,T1,1,100,32.789
1738261161.906564,1014423.000,27831,1,T1,1,100,32.873
1738261162.039568,1014556.000,27862,1,T1,1,100,32.910
1738261162.173573,1014690.000,27879,1,T1,1,100,32.819
1738261162.306579,1014823.000,27895,1,T1,1,100,32.922
1738261162.439584,1014956.000,27928,1,T1,1,100,32.895
1738261162.573589,1015090.000,27943,1,T1,1,100,32.919
1738261162.706594,1015223.000,27960,1,T1,1,100,32.894
1738261162.839599,1015356.000,27990,1,T1,1,100,32.883
1738261162.973604,1015490.000,28005,1,T1,1,100,32.879
1738261163.106609,1015623.000,28024,1,T1,1,100,32.877
1738261163.239614,1015756.000,28039,1,T1,1,100,32.805
1738261163.373619,1015890.000,28059,1,T1,1,100,32.809
1738261163.506624,1016023.000,28074,1,T1,1,100,32.847
1738261163.639629,1016156.000,28105,1,T1,1,100,32.863
1738261163.773634,1016290.000,28121,1,T1,1,100,32.905
1738261163.906639,1016423.000,28138,1,T1,1,100,32.817
1738261164.039644,1016556.000,28169,1,T1,1,100,32.779
1738261164.173650,1016690.000,28185,1,T1,1,100,32.904
1738261164.306654,1016823.000,28200,1,T1,1,100,32.888
1738261164.439660,1016956.000,28217,1,T1,1,100,32.845
1738261164.573665,1017090.000,28247,1,T1,1,100,32.827
1738261164.706670,1017223.000,28263,1,T1,1,100,32.854
1738261164.839675,1017356.000,28281,1,T1,1,100,32.830
1738261164.973680,1017490.000,28312,1,T1,1,100,32.785
1738261165.106685,1017623.000,28327,1,T1,1,100,32.871
1738261165.239690,1017756.000,28343,1,T1,1,100,32.980
1738261165.372695,1017889.000,28374,1,T1,1,100,32.885
1738261165.506700,1018023.000,28389,1,T1,1,100,32.808
1738261165.639705,1018156.000,28407,1,T1,1,100,32.917
1738261165.772710,1018289.000,28438,1,T1,1,100,32.964
1738261165.906715,1018423.000,28453,1,T1,1,100,32.843
1738261166.039720,1018556.000,28470,1,T1,1,100,32.896
1738261166.172725,1018689.000,28500,1,T1,1,100,32.884
1738261166.306730,1018823.000,28515,1,T1,1,100,32.808
1738261166.439735,1018956.000,28534,1,T1,1,100,32.811
1738261166.572741,1019089.000,28549,1,T1,1,100,32.812
1738261166.706746,1019223.000,28580,1,T1,1,100,32.848
1738261166.839751,1019356.000,28596,1,T1,1,100,32.828
1738261166.972756,1019489.000,28611,1,T1,1,100,32.961
1738261167.106761,1019623.000,28642,1,T1,1,100,32.912
1738261167.239766,1019756.000,28658,1,T1,1,100,32.891
1738261167.372771,1019889.000,28676,1,T1,1,100,32.847
1738261167.506776,1020023.000,28708,1,T1,1,100,32.827
1738261167.639781,1020156.000,28724,1,T1,1,100,32.819
1738261167.772786,1020289.000,28740,1,T1,1,100,32.815
1738261167.906791,1020423.000,28770,1,T1,1,100,32.814
1738261168.039796,1020556.000,28787,1,T1,1,100,32.919
1738261168.172801,1020689.000,28802,1,T1,1,100,32.823
1738261168.306806,1020823.000,28835,1,T1,1,100,32.853
1738261168.439811,1020956.000,28856,1,T1,1,100,32.901
1738261168.572816,1021089.000,28871,1,T1,1,100,32.851
1738261168.706821,1021223.000,28888,1,T1,1,100,32.794
1738261168.839827,1021356.000,28903,1,T1,1,100,32.840
1738261168.972831,1021489.000,28936,1,T1,1,100,32.895
1738261169.105837,1021622.000,28952,1,T1,1,100,32.919
1738261169.239842,1021756.000,28967,1,T1,1,100,32.965
1738261169.372847,1021889.000,28983,1,T1,1,100,32.914
1738261169.506852,1022023.000,29014,1,T1,1,100,32.892
1738261169.639857,1022156.000,29029,1,T1,1,100,32.847
1738261169.772862,1022289.000,29048,1,T1,1,100,32.827
1738261169.905867,1022422.000,29078,1,T1,1,100,32.819
1738261170.039872,1022556.000,29094,1,T1,1,100,32.780
1738261170.172877,1022689.000,29110,1,T1,1,100,32.834
1738261170.305882,1022822.000,29141,1,T1,1,100,32.893
1738261170.439887,1022956.000,29156,1,T1,1,100,32.883
1738261170.572892,1023089.000,29172,1,T1,1,100,32.843
1738261170.705897,1023222.000,29205,1,T1,1,100,32.932
1738261170.839902,1023356.000,29220,1,T1,1,100,32.971
1738261170.972908,1023489.000,29236,1,T1,1,100,32.845
1738261171.105912,1023622.000,29267,1,T1,1,100,32.791
1738261171.239918,1023756.000,29282,1,T1,1,100,32.839
1738261171.372923,1023889.000,29299,1,T1,1,100,32.788
1738261171.505928,1024022.000,29316,1,T1,1,100,32.838
1738261171.639933,1024156.000,29346,1,T1,1,100,32.752
1738261171.772938,1024289.000,29363,1,T1,1,100,32.893
1738261171.905943,1024422.000,29378,1,T1,1,100,32.847
1738261172.038948,1024555.000,29409,1,T1,1,100,32.969
1738261172.172953,1024689.000,29427,1,T1,1,100,32.809
1738261172.305958,1024822.000,29442,1,T1,1,100,32.882
1738261172.438963,1024955.000,29475,1,T1,1,100,32.984
1738261172.572968,1025089.000,29491,1,T1,1,100,32.887
1738261172.705973,1025222.000,29507,1,T1,1,100,32.880
1738261172.838978,1025355.000,29537,1,T1,1,100,32.913
1738261172.972983,1025489.000,29555,1,T1,1,100,32.820
1738261173.105989,1025622.000,29571,1,T1,1,100,32.922
1738261173.238993,1025755.000,29601,1,T1,1,100,32.754
1738261173.372998,1025889.000,29618,1,T1,1,100,32.822
1738261173.506004,1026022.000,29633,1,T1,1,100,32.817
1738261173.639009,1026155.000,29654,1,T1,1,100,32.779
1738261173.773014,1026289.000,29670,1,T1,1,100,32.763
1738261173.906019,1026422.000,29688,1,T1,1,100,32.897
1738261174.039024,1026555.000,29719,1,T1,1,100,32.920
1738261174.173029,1026689.000,29734,1,T1,1,100,32.965
1738261174.306034,1026822.000,29750,1,T1,1,100,32.914
1738261174.439039,1026955.000,29781,1,T1,1,100,32.892
1738261174.573044,1027089.000,29796,1,T1,1,100,32.882
1738261174.706049,1027222.000,29815,1,T1,1,100,32.878
1738261174.839054,1027355.000,29845,1,T1,1,100,32.947
1738261174.973059,1027489.000,29860,1,T1,1,100,32.906
1738261175.106064,1027622.000,29877,1,T1,1,100,32.818
1738261175.239069,1027755.000,29907,1,T1,1,100,32.850
1738261175.372074,1027888.000,29925,1,T1,1,100,32.935
1738261175.506079,1028022.000,29941,1,T1,1,100,32.972
1738261175.639085,1028155.000,29972,1,T1,1,100,32.881
1738261175.772089,1028288.000,29987,1,T1,1,100,32.842
1738261175.906095,1028422.000,30003,1,T1,1,100,32.825
1738261176.039100,1028555.000,30018,1,T1,1,100,32.854
1738261176.172105,1028688.000,30049,1,T1,1,100,32.795
1738261176.306110,1028822.000,30065,1,T1,1,100,32.734
1738261176.439115,1028955.000,30083,1,T1,1,100,32.779
1738261176.572120,1029088.000,30113,1,T1,1,100,32.762
1738261176.706125,1029222.000,30130,1,T1,1,100,32.755
1738261176.839130,1029355.000,30145,1,T1,1,100,32.752
1738261176.972135,1029488.000,30178,1,T1,1,100,32.893
1738261177.106140,1029622.000,30194,1,T1,1,100,32.776
1738261177.239145,1029755.000,30209,1,T1,1,100,32.797
1738261177.372150,1029888.000,30242,1,T1,1,100,32.877
1738261177.506155,1030022.000,30258,1,T1,1,100,32.840
1738261177.639160,1030155.000,30273,1,T1,1,100,32.718
1738261177.772166,1030288.000,30306,1,T1,1,100,32.772
1738261177.906171,1030422.000,30322,1,T1,1,100,32.830
1738261178.039176,1030555.000,30338,1,T1,1,100,32.785
1738261178.172181,1030688.000,30368,1,T1,1,100,32.800
1738261178.306186,1030822.000,30384,1,T1,1,100,32.878
1738261178.439191,1030955.000,30400,1,T1,1,100,32.841
1738261178.572196,1031088.000,30416,1,T1,1,100,32.967
1738261178.706201,1031222.000,30454,1,T1,1,100,32.915
1738261178.839206,1031355.000,30469,1,T1,1,100,32.928
1738261178.972211,1031488.000,30485,1,T1,1,100,32.898
1738261179.105216,1031621.000,30501,1,T1,1,100,32.956
1738261179.239221,1031755.000,30531,1,T1,1,100,32.945
1738261179.372226,1031888.000,30548,1,T1,1,100,32.835
1738261179.505231,1032021.000,30565,1,T1,1,100,32.857
1738261179.639236,1032155.000,30581,1,T1,1,100,32.797
1738261179.772241,1032288.000,30612,1,T1,1,100,32.841
1738261179.905246,1032421.000,30627,1,T1,1,100,32.825
1738261180.039252,1032555.000,30644,1,T1,1,100,32.889
1738261180.172256,1032688.000,30676,1,T1,1,100,32.845
1738261180.306262,1032822.000,30691,1,T1,1,100,32.862
1738261180.439267,1032955.000,30708,1,T1,1,100,32.940
1738261180.572272,1033088.000,30738,1,T1,1,100,32.903
1738261180.705277,1033221.000,30754,1,T1,1,100,32.887
1738261180.839282,1033355.000,30770,1,T1,1,100,32.845
1738261180.972287,1033488.000,30803,1,T1,1,100,32.862
1738261181.105292,1033621.000,30818,1,T1,1,100,32.834
1738261181.239297,1033755.000,30834,1,T1,1,100,32.857
1738261181.372302,1033888.000,30865,1,T1,1,100,32.938
1738261181.505307,1034021.000,30880,1,T1,1,100,32.973
1738261181.639312,1034155.000,30896,1,T1,1,100,32.918
1738261181.772317,1034288.000,30912,1,T1,1,100,32.822
1738261181.905322,1034421.000,30944,1,T1,1,100,32.817
1738261182.038327,1034554.000,30961,1,T1,1,100,32.921
1738261182.172333,1034688.000,30976,1,T1,1,100,32.895
1738261182.305337,1034821.000,31007,1,T1,1,100,32.848
1738261182.439342,1034955.000,31025,1,T1,1,100,32.828
1738261182.572348,1035088.000,31042,1,T1,1,100,32.890
1738261182.705353,1035221.000,31073,1,T1,1,100,32.811
1738261182.839358,1035355.000,31089,1,T1,1,100,32.847
1738261182.972363,1035488.000,31104,1,T1,1,100,32.898
1738261183.105368,1035621.000,31135,1,T1,1,100,32.850
1738261183.238373,1035754.000,31151,1,T1,1,100,32.758
1738261183.372378,1035888.000,31169,1,T1,1,100,32.718
1738261183.505383,1036021.000,31199,1,T1,1,100,32.772
1738261183.638388,1036154.000,31215,1,T1,1,100,32.866
1738261183.772393,1036288.000,31231,1,T1,1,100,32.906
1738261183.905398,1036421.000,31254,1,T1,1,100,32.924
1738261184.038403,1036554.000,31285,1,T1,1,100,32.896
1738261184.172408,1036688.000,31300,1,T1,1,100,32.884
1738261184.305413,1036821.000,31316,1,T1,1,100,32.914
1738261184.438418,1036954.000,31349,1,T1,1,100,32.786
1738261184.572423,1037088.000,31364,1,T1,1,100,32.836
1738261184.705429,1037221.000,31381,1,T1,1,100,33.000
1738261184.838434,1037354.000,31411,1,T1,1,100,32.894
1738261184.972439,1037488.000,31426,1,T1,1,100,32.812
1738261185.105444,1037621.000,31443,1,T1,1,100,32.848
1738261185.238449,1037754.000,31475,1,T1,1,100,32.899
1738261185.371454,1037887.000,31491,1,T1,1,100,32.850
1738261185.505459,1038021.000,31507,1,T1,1,100,32.793
1738261185.638464,1038154.000,31538,1,T1,1,100,32.840
1738261185.771469,1038287.000,31553,1,T1,1,100,32.895
1738261185.905474,1038421.000,31569,1,T1,1,100,32.813
1738261186.038479,1038554.000,31586,1,T1,1,100,32.742
1738261186.171484,1038687.000,31617,1,T1,1,100,32.711
1738261186.305489,1038821.000,31633,1,T1,1,100,32.769
1738261186.438494,1038954.000,31649,1,T1,1,100,32.900
1738261186.571499,1039087.000,31679,1,T1,1,100,32.921
1738261186.705504,1039221.000,31696,1,T1,1,100,32.930
1738261186.838510,1039354.000,31711,1,T1,1,100,32.864
1738261186.971514,1039487.000,31744,1,T1,1,100,32.905
1738261187.105520,1039621.000,31760,1,T1,1,100,32.888
1738261187.238525,1039754.000,31775,1,T1,1,100,32.881
1738261187.371530,1039887.000,31808,1,T1,1,100,32.807
1738261187.505535,1040021.000,31824,1,T1,1,100,32.845
1738261187.638540,1040154.000,31839,1,T1,1,100,32.827
1738261187.771545,1040287.000,31872,1,T1,1,100,32.783
1738261187.905550,1040421.000,31888,1,T1,1,100,32.871
1738261188.038555,1040554.000,31904,1,T1,1,100,32.802
1738261188.171560,1040687.000,31934,1,T1,1,100,32.914
1738261188.305565,1040821.000,31950,1,T1,1,100,32.998
1738261188.438570,1040954.000,31966,1,T1,1,100,32.928
1738261188.571575,1041087.000,31982,1,T1,1,100,32.898
1738261188.705580,1041221.000,32015,1,T1,1,100,32.920
1738261188.838585,1041354.000,32030,1,T1,1,100,32.895
1738261188.971591,1041487.000,32050,1,T1,1,100,32.777
1738261189.104595,1041620.000,32066,1,T1,1,100,32.797
1738261189.238600,1041754.000,32081,1,T1,1,100,32.806
1738261189.371606,1041887.000,32114,1,T1,1,100,32.845
1738261189.504611,1042020.000,32130,1,T1,1,100,32.862
1738261189.638616,1042154.000,32145,1,T1,1,100,32.869
1738261189.771621,1042287.000,32176,1,T1,1,100,32.837
1738261189.904626,1042420.000,32192,1,T1,1,100,32.894
1738261190.038631,1042554.000,32208,1,T1,1,100,32.883
1738261190.171636,1042687.000,32224,1,T1,1,100,32.772
1738261190.304641,1042820.000,32256,1,T1,1,100,32.795
1738261190.438646,1042954.000,32272,1,T1,1,100,32.805
1738261190.571651,1043087.000,32288,1,T1,1,100,32.916
1738261190.704656,1043220.000,32319,1,T1,1,100,32.893
1738261190.838661,1043354.000,32334,1,T1,1,100,32.847
1738261190.971666,1043487.000,32352,1,T1,1,100,32.863
1738261191.104671,1043620.000,32383,1,T1,1,100,32.834
1738261191.238677,1043754.000,32398,1,T1,1,100,32.822
1738261191.371681,1043887.000,32415,1,T1,1,100,32.958
1738261191.504687,1044020.000,32445,1,T1,1,100,32.911
1738261191.638692,1044154.000,32460,1,T1,1,100,32.820
1738261191.771697,1044287.000,32477,1,T1,1,100,32.887
1738261191.904702,1044420.000,32509,1,T1,1,100,32.915
1738261192.038707,1044554.000,32525,1,T1,1,100,32.999
1738261192.171712,1044687.000,32541,1,T1,1,100,32.964
1738261192.304717,1044820.000,32556,1,T1,1,100,32.914
1738261192.437722,1044953.000,32589,1,T1,1,100,32.892
1738261192.571727,1045087.000,32605,1,T1,1,100,32.811
1738261192.704732,1045220.000,32621,1,T1,1,100,32.918
1738261192.837737,1045353.000,32653,1,T1,1,100,32.929
1738261192.971742,1045487.000,32669,1,T1,1,100,32.828
1738261193.104747,1045620.000,32685,1,T1,1,100,32.890
1738261193.237752,1045753.000,32715,1,T1,1,100,32.811
1738261193.371758,1045887.000,32732,1,T1,1,100,32.812
1738261193.504762,1046020.000,32749,1,T1,1,100,32.848
1738261193.637768,1046153.000,32780,1,T1,1,100,32.828
1738261193.771773,1046287.000,32796,1,T1,1,100,32.784
1738261193.904778,1046420.000,32811,1,T1,1,100,32.800
1738261194.038283,1046553.500,32852,2,T1,1,100,32.878
1738261194.171788,1046687.000,32852,2,T1,1,100,32.841
1738261194.304793,1046820.000,32883,1,T1,1,100,32.931
1738261194.437798,1046953.000,32898,1,T1,1,100,32.864
1738261194.571803,1047087.000,32914,1,T1,1,100,32.835
1738261194.704808,1047220.000,32945,1,T1,1,100,32.822
1738261194.837813,1047353.000,32960,1,T1,1,100,32.817
1738261194.971818,1047487.000,32976,1,T1,1,100,32.885
1738261195.104823,1047620.000,33007,1,T1,1,100,32.879
1738261195.237828,1047753.000,33022,1,T1,1,100,32.877
1738261195.370833,1047886.000,33039,1,T1,1,100,32.840
1738261195.504838,1048020.000,33054,1,T1,1,100,32.966
1738261195.637843,1048153.000,33084,1,T1,1,100,32.879
1738261195.771848,1048287.000,33101,1,T1,1,100,32.877
1738261195.904854,1048420.000,33116,1,T1,1,100,32.840
1738261196.037858,1048553.000,33149,1,T1,1,100,32.825
1738261196.170864,1048686.000,33165,1,T1,1,100,32.889
1738261196.304869,1048820.000,33180,1,T1,1,100,32.845
1738261196.437874,1048953.000,33211,1,T1,1,100,32.827
1738261196.570879,1049086.000,33227,1,T1,1,100,32.925
1738261196.704884,1049220.000,33245,1,T1,1,100,32.755
1738261196.837889,1049353.000,33275,1,T1,1,100,32.717
1738261196.970894,1049486.000,33291,1,T1,1,100,32.842
1738261197.104899,1049620.000,33307,1,T1,1,100,32.825
1738261197.237904,1049753.000,33337,1,T1,1,100,32.889
1738261197.370909,1049886.000,33356,1,T1,1,100,32.881
1738261197.504914,1050020.000,33373,1,T1,1,100,32.878
1738261197.637919,1050153.000,33389,1,T1,1,100,32.912
1738261197.770924,1050286.000,33420,1,T1,1,100,32.820
1738261197.904929,1050420.000,33435,1,T1,1,100,32.922
1738261198.037935,1050553.000,33452,1,T1,1,100,32.895
1738261198.170939,1050686.000,33482,1,T1,1,100,32.848
1738261198.304945,1050820.000,33497,1,T1,1,100,32.828
1738261198.437950,1050953.000,33516,1,T1,1,100,32.855
1738261198.570955,1051086.000,33546,1,T1,1,100,32.866
1738261198.703960,1051219.000,33562,1,T1,1,100,32.836
1738261198.837965,1051353.000,33578,1,T1,1,100,32.858
1738261198.970970,1051486.000,33609,1,T1,1,100,32.832
1738261199.103975,1051619.000,33624,1,T1,1,100,32.821
1738261199.237980,1051753.000,33647,1,T1,1,100,32.852
1738261199.370985,1051886.000,33663,1,T1,1,100,32.794
1738261199.503990,1052019.000,33679,1,T1,1,100,32.875
1738261199.637995,1052153.000,33710,1,T1,1,100,32.769
1738261199.771000,1052286.000,33725,1,T1,1,100,32.794
1738261199.904005,1052419.000,33741,1,T1,1,100,32.840
1738261200.038010,1052553.000,33774,1,T1,1,100,32.860
1738261200.171016,1052686.000,33789,1,T1,1,100,32.762
1738261200.304020,1052819.000,33805,1,T1,1,100,32.897
1738261200.438025,1052953.000,33836,1,T1,1,100,32.920
1738261200.571031,1053086.000,33851,1,T1,1,100,32.894
1738261200.704036,1053219.000,33868,1,T1,1,100,32.919
1738261200.838041,1053353.000,33885,1,T1,1,100,32.894
1738261200.971046,1053486.000,33915,1,T1,1,100,32.919
1738261201.104051,1053619.000,33932,1,T1,1,100,32.894
1738261201.238056,1053753.000,33947,1,T1,1,100,32.883
1738261201.371061,1053886.000,33978,1,T1,1,100,32.914
1738261201.504066,1054019.000,33994,1,T1,1,100,32.892
1738261201.638071,1054153.000,34009,1,T1,1,100,32.989
1738261201.771076,1054286.000,34042,1,T1,1,100,32.960
1738261201.904081,1054419.000,34058,1,T1,1,100,32.805
1738261202.037086,1054552.000,34074,1,T1,1,100,32.987
1738261202.171091,1054686.000,34104,1,T1,1,100,32.923
1738261202.304096,1054819.000,34120,1,T1,1,100,32.931
1738261202.438102,1054953.000,34140,1,T1,1,100,32.864
1738261202.571106,1055086.000,34170,1,T1,1,100,32.977
1738261202.704112,1055219.000,34187,1,T1,1,100,32.883
1738261202.837116,1055352.000,34202,1,T1,1,100,32.843
1738261202.971122,1055486.000,34218,1,T1,1,100,32.861
1738261203.104127,1055619.000,34249,1,T1,1,100,32.905
1738261203.237132,1055752.000,34266,1,T1,1,100,32.817
1738261203.371137,1055886.000,34283,1,T1,1,100,32.814
1738261203.504142,1056019.000,34313,1,T1,1,100,32.813
1738261203.637147,1056152.000,34328,1,T1,1,100,32.919
1738261203.771152,1056286.000,34345,1,T1,1,100,32.894
1738261203.904157,1056419.000,34375,1,T1,1,100,32.812
1738261204.037162,1056552.000,34393,1,T1,1,100,32.777
1738261204.171167,1056686.000,34409,1,T1,1,100,32.939
1738261204.304172,1056819.000,34443,1,T1,1,100,32.974
1738261204.437177,1056952.000,34458,1,T1,1,100,32.918
1738261204.571182,1057086.000,34474,1,T1,1,100,33.000
1738261204.704187,1057219.000,34490,1,T1,1,100,32.894
1738261204.837193,1057352.000,34508,1,T1,1,100,32.812
1738261204.971198,1057486.000,34539,1,T1,1,100,32.883
1738261205.104203,1057619.000,34554,1,T1,1,100,32.985
1738261205.237208,1057752.000,34570,1,T1,1,100,32.958
1738261205.370213,1057885.000,34601,1,T1,1,100,32.840
1738261205.504218,1058019.000,34618,1,T1,1,100,32.789
1738261205.637223,1058152.000,34634,1,T1,1,100,32.944
1738261205.770228,1058285.000,34665,1,T1,1,100,32.940
1738261205.904233,1058419.000,34680,1,T1,1,100,32.832
1738261206.037238,1058552.000,34697,1,T1,1,100,32.857
1738261206.170243,1058685.000,34727,1,T1,1,100,32.973
1738261206.304248,1058819.000,34744,1,T1,1,100,32.953
1738261206.437253,1058952.000,34761,1,T1,1,100,32.873
1738261206.570258,1059085.000,34776,1,T1,1,100,32.839
1738261206.704263,1059219.000,34807,1,T1,1,100,32.930
1738261206.837268,1059352.000,34823,1,T1,1,100,32.934
1738261206.970273,1059485.000,34838,1,T1,1,100,32.901
1738261207.104279,1059619.000,34871,1,T1,1,100,32.992
1738261207.237283,1059752.000,34887,1,T1,1,100,32.926
1738261207.370289,1059885.000,34903,1,T1,1,100,33.003
1738261207.504294,1060019.000,34935,1,T1,1,100,32.860
1738261207.637299,1060152.000,34951,1,T1,1,100,32.939
1738261207.770304,1060285.000,34967,1,T1,1,100,32.974
1738261207.904309,1060419.000,34999,1,T1,1,100,32.989
1738261208.037314,1060552.000,35016,1,T1,1,100,32.924
1738261208.170319,1060685.000,35031,1,T1,1,100,32.932
1738261208.304324,1060819.000,35062,1,T1,1,100,32.935
1738261208.437329,1060952.000,35078,1,T1,1,100,32.901
1738261208.570334,1061085.000,35093,1,T1,1,100,32.957
1738261208.703339,1061218.000,35111,1,T1,1,100,32.911
1738261208.837344,1061352.000,35142,1,T1,1,100,32.890
1738261208.970349,1061485.000,35157,1,T1,1,100,32.846
1738261209.103354,1061618.000,35174,1,T1,1,100,32.933
1738261209.237360,1061752.000,35204,1,T1,1,100,32.900
1738261209.370364,1061885.000,35220,1,T1,1,100,32.886
1738261209.503370,1062018.000,35245,1,T1,1,100,32.844
1738261209.637375,1062152.000,35260,1,T1,1,100,32.862
1738261209.770380,1062285.000,35291,1,T1,1,100,32.798
1738261209.903385,1062418.000,35307,1,T1,1,100,32.842
1738261210.037390,1062552.000,35323,1,T1,1,100,32.825
1738261210.170395,1062685.000,35355,1,T1,1,100,32.924
1738261210.303400,1062818.000,35371,1,T1,1,100,32.967
1738261210.437405,1062952.000,35387,1,T1,1,100,32.915
1738261210.570410,1063085.000,35403,1,T1,1,100,32.928
1738261210.703415,1063218.000,35434,1,T1,1,100,32.898
1738261210.837420,1063352.000,35449,1,T1,1,100,32.885
1738261210.970425,1063485.000,35465,1,T1,1,100,32.950
1738261211.103430,1063618.000,35498,1,T1,1,100,32.872
1738261211.237435,1063752.000,35513,1,T1,1,100,32.838
1738261211.370440,1063885.000,35530,1,T1,1,100,32.895
1738261211.503445,1064018.000,35560,1,T1,1,100,32.848
1738261211.637450,1064152.000,35575,1,T1,1,100,32.899
1738261211.770456,1064285.000,35592,1,T1,1,100,32.921
1738261211.903461,1064418.000,35624,1,T1,1,100,32.930
1738261212.037466,1064552.000,35640,1,T1,1,100,32.934
1738261212.170471,1064685.000,35656,1,T1,1,100,32.830
1738261212.303476,1064818.000,35671,1,T1,1,100,32.820
1738261212.436481,1064951.000,35704,1,T1,1,100,32.851
1738261212.570486,1065085.000,35720,1,T1,1,100,32.865
1738261212.703491,1065218.000,35737,1,T1,1,100,32.835
1738261212.836496,1065351.000,35768,1,T1,1,100,32.893
1738261212.970501,1065485.000,35784,1,T1,1,100,32.883
1738261213.103506,1065618.000,35800,1,T1,1,100,32.807
1738261213.236511,1065751.000,35830,1,T1,1,100,32.739
1738261213.370516,1065885.000,35849,1,T1,1,100,32.781
1738261213.503521,1066018.000,35864,1,T1,1,100,32.799
1738261213.636526,1066151.000,35895,1,T1,1,100,32.807
1738261213.770531,1066285.000,35911,1,T1,1,100,32.810
1738261213.903537,1066418.000,35926,1,T1,1,100,32.882
1738261214.036541,1066551.000,35957,1,T1,1,100,32.914
1738261214.170547,1066685.000,35975,1,T1,1,100,32.892
1738261214.303552,1066818.000,35990,1,T1,1,100,32.918
1738261214.436557,1066951.000,36007,1,T1,1,100,32.964
1738261214.570562,1067085.000,36042,1,T1,1,100,32.914
1738261214.703567,1067218.000,36058,1,T1,1,100,32.856
1738261214.836572,1067351.000,36074,1,T1,1,100,32.902
1738261214.970577,1067485.000,36089,1,T1,1,100,32.993
1738261215.103582,1067618.000,36122,1,T1,1,100,32.926
1738261215.236587,1067751.000,36138,1,T1,1,100,32.933
1738261215.369592,1067884.000,36154,1,T1,1,100,32.935
1738261215.503597,1068018.000,36184,1,T1,1,100,32.937
1738261215.636602,1068151.000,36202,1,T1,1,100,33.008
1738261215.769607,1068284.000,36218,1,T1,1,100,32.933
1738261215.903612,1068418.000,36234,1,T1,1,100,32.935
1738261216.036618,1068551.000,36265,1,T1,1,100,32.901
1738261216.169622,1068684.000,36280,1,T1,1,100,32.886
1738261216.303627,1068818.000,36296,1,T1,1,100,32.915
1738261216.436633,1068951.000,36329,1,T1,1,100,32.857
1738261216.569638,1069084.000,36344,1,T1,1,100,32.938
1738261216.703643,1069218.000,36361,1,T1,1,100,32.938
1738261216.836648,1069351.000,36376,1,T1,1,100,33.009
1738261216.969653,1069484.000,36406,1,T1,1,100,32.933
1738261217.103658,1069618.000,36423,1,T1,1,100,32.900
1738261217.236663,1069751.000,36438,1,T1,1,100,32.850
1738261217.369668,1069884.000,36471,1,T1,1,100,32.900
1738261217.503673,1070018.000,36489,1,T1,1,100,32.992
1738261217.636678,1070151.000,36504,1,T1,1,100,32.926
1738261217.769683,1070284.000,36535,1,T1,1,100,32.897
1738261217.903688,1070418.000,36551,1,T1,1,100,32.920
1738261218.036693,1070551.000,36567,1,T1,1,100,32.824
1738261218.169698,1070684.000,36599,1,T1,1,100,32.817
1738261218.303704,1070818.000,36615,1,T1,1,100,32.744
1738261218.436708,1070951.000,36631,1,T1,1,100,32.925
1738261218.569714,1071084.000,36661,1,T1,1,100,32.967
1738261218.702719,1071217.000,36678,1,T1,1,100,32.915
1738261218.836724,1071351.000,36693,1,T1,1,100,32.928
1738261218.969729,1071484.000,36726,1,T1,1,100,32.933
1738261219.102734,1071617.000,36742,1,T1,1,100,32.936
1738261219.236739,1071751.000,36757,1,T1,1,100,32.901
1738261219.369744,1071884.000,36774,1,T1,1,100,32.922
1738261219.502749,1072017.000,36804,1,T1,1,100,32.931
1738261219.636754,1072151.000,36819,1,T1,1,100,32.828
1738261219.769759,1072284.000,36843,1,T1,1,100,32.819
1738261219.902764,1072417.000,36858,1,T1,1,100,32.851
1738261220.036769,1072551.000,36889,1,T1,1,100,32.971
1738261220.169774,1072684.000,36905,1,T1,1,100,32.952
1738261220.302779,1072817.000,36920,1,T1,1,100,32.908
1738261220.436785,1072951.000,36951,1,T1,1,100,32.889
1738261220.569789,1073084.000,36969,1,T1,1,100,32.881
1738261220.702795,1073217.000,36985,1,T1,1,100,32.913
1738261220.836800,1073351.000,37001,1,T1,1,100,32.892
1738261220.969805,1073484.000,37031,1,T1,1,100,32.882
1738261221.102810,1073617.000,37047,1,T1,1,100,32.914
1738261221.236815,1073751.000,37063,1,T1,1,100,32.856
1738261221.369820,1073884.000,37096,1,T1,1,100,32.831
1738261221.502825,1074017.000,37111,1,T1,1,100,32.892
1738261221.636830,1074151.000,37127,1,T1,1,100,32.811
1738261221.769835,1074284.000,37158,1,T1,1,100,32.883
1738261221.902840,1074417.000,37173,1,T1,1,100,32.807
1738261222.036845,1074551.000,37192,1,T1,1,100,32.881
1738261222.169850,1074684.000,37222,1,T1,1,100,32.878
1738261222.302855,1074817.000,37237,1,T1,1,100,32.841
1738261222.435860,1074950.000,37256,1,T1,1,100,33.002
1738261222.569865,1075084.000,37286,1,T1,1,100,32.894
1738261222.702870,1075217.000,37302,1,T1,1,100,32.883
1738261222.835876,1075350.000,37318,1,T1,1,100,32.808
1738261222.969881,1075484.000,37333,1,T1,1,100,32.881
1738261223.102886,1075617.000,37366,1,T1,1,100,32.878
1738261223.235891,1075750.000,37382,1,T1,1,100,32.805
1738261223.369896,1075884.000,37398,1,T1,1,100,32.738
1738261223.502901,1076017.000,37428,1,T1,1,100,32.816
1738261223.635906,1076150.000,37446,1,T1,1,100,32.849
1738261223.769911,1076284.000,37462,1,T1,1,100,32.864
1738261223.902916,1076417.000,37492,1,T1,1,100,32.870
1738261224.035921,1076550.000,37509,1,T1,1,100,32.944
1738261224.169926,1076684.000,37524,1,T1,1,100,33.011
1738261224.302931,1076817.000,37555,1,T1,1,100,32.934
1738261224.435936,1076950.000,37571,1,T1,1,100,32.865
1738261224.569941,1077084.000,37588,1,T1,1,100,32.906
1738261224.702946,1077217.000,37604,1,T1,1,100,32.888
1738261224.835951,1077350.000,37640,1,T1,1,100,32.916
1738261224.969956,1077484.000,37656,1,T1,1,100,32.964
1738261225.102962,1077617.000,37672,1,T1,1,100,32.984
1738261225.235966,1077750.000,37687,1,T1,1,100,32.993
1738261225.369972,1077884.000,37720,1,T1,1,100,32.962
1738261225.502977,1078017.000,37736,1,T1,1,100,32.912
1738261225.635982,1078150.000,37751,1,T1,1,100,32.891
1738261225.769987,1078284.000,37782,1,T1,1,100,32.917
1738261225.902992,1078417.000,37798,1,T1,1,100,33.000
1738261226.035997,1078550.000,37814,1,T1,1,100,32.894
1738261226.169002,1078683.000,37832,1,T1,1,100,32.883
1738261226.303007,1078817.000,37863,1,T1,1,100,32.878
1738261226.436012,1078950.000,37878,1,T1,1,100,32.841
1738261226.569017,1079083.000,37894,1,T1,1,100,32.860
1738261226.703022,1079217.000,37925,1,T1,1,100,32.904
1738261226.836027,1079350.000,37942,1,T1,1,100,32.852
1738261226.969032,1079483.000,37958,1,T1,1,100,32.901
1738261227.103037,1079617.000,37989,1,T1,1,100,32.886
1738261227.236042,1079750.000,38004,1,T1,1,100,32.880
1738261227.369047,1079883.000,38021,1,T1,1,100,32.913
1738261227.503052,1080017.000,38053,1,T1,1,100,32.927
1738261227.636058,1080150.000,38068,1,T1,1,100,32.933
1738261227.769063,1080283.000,38087,1,T1,1,100,32.865
1738261227.903068,1080417.000,38117,1,T1,1,100,32.835
1738261228.036073,1080550.000,38133,1,T1,1,100,32.893
1738261228.169078,1080683.000,38149,1,T1,1,100,32.989
1738261228.303083,1080817.000,38164,1,T1,1,100,32.960
1738261228.436088,1080950.000,38195,1,T1,1,100,32.876
1738261228.569093,1081083.000,38211,1,T1,1,100,32.876
1738261228.702098,1081216.000,38229,1,T1,1,100,32.875
1738261228.836103,1081350.000,38259,1,T1,1,100,32.911
1738261228.969108,1081483.000,38275,1,T1,1,100,32.926
1738261229.102113,1081616.000,38291,1,T1,1,100,33.003
1738261229.236118,1081750.000,38323,1,T1,1,100,33.037
1738261229.369123,1081883.000,38340,1,T1,1,100,32.945
1738261229.502128,1082016.000,38355,1,T1,1,100,33.047
1738261229.636133,1082150.000,38386,1,T1,1,100,32.843
1738261229.769139,1082283.000,38402,1,T1,1,100,32.968
1738261229.902144,1082416.000,38417,1,T1,1,100,32.915
1738261230.036149,1082550.000,38439,1,T1,1,100,32.892
1738261230.169154,1082683.000,38456,1,T1,1,100,32.918
1738261230.302159,1082816.000,38487,1,T1,1,100,32.929
1738261230.436164,1082950.000,38503,1,T1,1,100,32.934
1738261230.569169,1083083.000,38518,1,T1,1,100,32.971
1738261230.702174,1083216.000,38549,1,T1,1,100,33.023
1738261230.836179,1083350.000,38565,1,T1,1,100,32.939
1738261230.969184,1083483.000,38580,1,T1,1,100,33.009
1738261231.102189,1083616.000,38613,1,T1,1,100,32.968
1738261231.236194,1083750.000,38629,1,T1,1,100,33.057
1738261231.369199,1083883.000,38645,1,T1,1,100,32.954
1738261231.502204,1084016.000,38675,1,T1,1,100,32.909
1738261231.636209,1084150.000,38691,1,T1,1,100,32.996
1738261231.769214,1084283.000,38709,1,T1,1,100,33.034
1738261231.902220,1084416.000,38725,1,T1,1,100,32.979
1738261232.035225,1084549.000,38756,1,T1,1,100,32.956
1738261232.169230,1084683.000,38771,1,T1,1,100,32.839
1738261232.302235,1084816.000,38787,1,T1,1,100,32.966
1738261232.436240,1084950.000,38822,1,T1,1,100,33.021
1738261232.569245,1085083.000,38837,1,T1,1,100,32.973
1738261232.702250,1085216.000,38854,1,T1,1,100,32.953
1738261232.835255,1085349.000,38884,1,T1,1,100,33.015
1738261232.969260,1085483.000,38899,1,T1,1,100,32.936
1738261233.102265,1085616.000,38916,1,T1,1,100,32.866
1738261233.235270,1085749.000,38946,1,T1,1,100,32.906
1738261233.369275,1085883.000,38962,1,T1,1,100,32.995
1738261233.502280,1086016.000,38980,1,T1,1,100,32.927
1738261233.635285,1086149.000,39011,1,T1,1,100,32.933
1738261233.769290,1086283.000,39026,1,T1,1,100,33.006
1738261233.902295,1086416.000,39042,1,T1,1,100,32.932
1738261234.035300,1086549.000,39057,1,T1,1,100,32.935
1738261234.169306,1086683.000,39088,1,T1,1,100,32.901
1738261234.302311,1086816.000,39104,1,T1,1,100,32.922
1738261234.435316,1086949.000,39120,1,T1,1,100,32.895
1738261234.569321,1087083.000,39150,1,T1,1,100,32.919
1738261234.702326,1087216.000,39167,1,T1,1,100,32.823
1738261234.835331,1087349.000,39184,1,T1,1,100,32.924
1738261234.969336,1087483.000,39215,1,T1,1,100,32.967
1738261235.102341,1087616.000,39236,1,T1,1,100,32.915
1738261235.235346,1087749.000,39251,1,T1,1,100,32.963
1738261235.368351,1087882.000,39270,1,T1,1,100,33.020
1738261235.502356,1088016.000,39285,1,T1,1,100,33.079
1738261235.635361,1088149.000,39316,1,T1,1,100,32.999
1738261235.768366,1088282.000,39332,1,T1,1,100,32.893
1738261235.902371,1088416.000,39347,1,T1,1,100,32.989
1738261236.035376,1088549.000,39380,1,T1,1,100,32.924
1738261236.168381,1088682.000,39396,1,T1,1,100,32.861
1738261236.302387,1088816.000,39411,1,T1,1,100,32.833
1738261236.435391,1088949.000,39442,1,T1,1,100,32.857
1738261236.568397,1089082.000,39458,1,T1,1,100,32.832
1738261236.702402,1089216.000,39474,1,T1,1,100,32.785
1738261236.835407,1089349.000,39506,1,T1,1,100,32.872
1738261236.968412,1089482.000,39522,1,T1,1,100,32.980
1738261237.102417,1089616.000,39538,1,T1,1,100,32.991
1738261237.235422,1089749.000,39554,1,T1,1,100,32.961
1738261237.368427,1089882.000,39585,1,T1,1,100,32.948
1738261237.502432,1090016.000,39602,1,T1,1,100,33.048
1738261237.635437,1090149.000,39620,1,T1,1,100,33.056
1738261237.768442,1090282.000,39651,1,T1,1,100,33.024
1738261237.902447,1090416.000,39666,1,T1,1,100,33.046
1738261238.035452,1090549.000,39683,1,T1,1,100,32.949
1738261238.168457,1090682.000,39713,1,T1,1,100,32.942
1738261238.302462,1090816.000,39730,1,T1,1,100,32.940
1738261238.435467,1090949.000,39747,1,T1,1,100,32.974
1738261238.568472,1091082.000,39777,1,T1,1,100,32.989
1738261238.702477,1091216.000,39793,1,T1,1,100,32.960
1738261238.835483,1091349.000,39809,1,T1,1,100,33.018
1738261238.968488,1091482.000,39840,1,T1,1,100,33.043
1738261239.101493,1091615.000,39855,1,T1,1,100,32.983
1738261239.235498,1091749.000,39871,1,T1,1,100,32.922
1738261239.368503,1091882.000,39902,1,T1,1,100,32.966
1738261239.501508,1092015.000,39917,1,T1,1,100,32.879
1738261239.635513,1092149.000,39933,1,T1,1,100,32.912
1738261239.768518,1092282.000,39949,1,T1,1,100,32.856
1738261239.901523,1092415.000,39981,1,T1,1,100,32.867
1738261240.035528,1092549.000,39998,1,T1,1,100,32.942
1738261240.168533,1092682.000,40013,1,T1,1,100,32.869
1738261240.301538,1092815.000,40034,1,T1,1,100,32.908
1738261240.435543,1092949.000,40065,1,T1,1,100,32.925
1738261240.568548,1093082.000,40080,1,T1,1,100,33.003
1738261240.701553,1093215.000,40097,1,T1,1,100,32.966
1738261240.835558,1093349.000,40129,1,T1,1,100,32.914
1738261240.968564,1093482.000,40144,1,T1,1,100,32.998
1738261241.101569,1093615.000,40161,1,T1,1,100,33.035
1738261241.235574,1093749.000,40176,1,T1,1,100,33.050
1738261241.368579,1093882.000,40207,1,T1,1,100,33.022
1738261241.501584,1094015.000,40223,1,T1,1,100,33.045
1738261241.635589,1094149.000,40240,1,T1,1,100,33.055
1738261241.768594,1094282.000,40271,1,T1,1,100,33.024
1738261241.901599,1094415.000,40287,1,T1,1,100,32.975
1738261242.034604,1094548.000,40303,1,T1,1,100,32.954
1738261242.168609,1094682.000,40319,1,T1,1,100,32.944
1738261242.301614,1094815.000,40351,1,T1,1,100,33.011
1738261242.434619,1094948.000,40369,1,T1,1,100,33.005
1738261242.568624,1095082.000,40385,1,T1,1,100,33.038
1738261242.701629,1095215.000,40416,1,T1,1,100,33.016
1738261242.834634,1095348.000,40431,1,T1,1,100,33.042
1738261242.968639,1095482.000,40447,1,T1,1,100,33.018
1738261243.101645,1095615.000,40480,1,T1,1,100,33.043
1738261243.234650,1095748.000,40495,1,T1,1,100,32.983
1738261243.368655,1095882.000,40512,1,T1,1,100,32.922
1738261243.501660,1096015.000,40542,1,T1,1,100,33.037
1738261243.634665,1096148.000,40557,1,T1,1,100,32.945
1738261243.768670,1096282.000,40574,1,T1,1,100,32.870
1738261243.901675,1096415.000,40606,1,T1,1,100,32.908
1738261244.034680,1096548.000,40622,1,T1,1,100,32.996
1738261244.168685,1096682.000,40638,1,T1,1,100,32.998
1738261244.301690,1096815.000,40653,1,T1,1,100,32.964
1738261244.434695,1096948.000,40686,1,T1,1,100,32.949
1738261244.568700,1097082.000,40702,1,T1,1,100,32.978
1738261244.701705,1097215.000,40718,1,T1,1,100,33.097
1738261244.834710,1097348.000,40748,1,T1,1,100,33.006
1738261244.968715,1097482.000,40764,1,T1,1,100,33.038
1738261245.101720,1097615.000,40780,1,T1,1,100,32.946
1738261245.234725,1097748.000,40817,2,T1,1,100,33.012
1738261245.367730,1097881.000,40817,2,T1,1,100,32.970
1738261245.501736,1098015.000,40832,1,T1,1,100,32.916
1738261245.634741,1098148.000,40848,1,T1,1,100,32.857
1738261245.768746,1098282.000,40879,1,T1,1,100,32.974
1738261245.901751,1098415.000,40894,1,T1,1,100,33.024
1738261246.034756,1098548.000,40913,1,T1,1,100,33.046
1738261246.167761,1098681.000,40943,1,T1,1,100,32.949
1738261246.301766,1098815.000,40958,1,T1,1,100,32.978
1738261246.434771,1098948.000,40975,1,T1,1,100,32.990
1738261246.567776,1099081.000,41005,1,T1,1,100,32.889
1738261246.701781,1099215.000,41021,1,T1,1,100,32.952
1738261246.834786,1099348.000,41037,1,T1,1,100,32.873
1738261246.967791,1099481.000,41070,1,T1,1,100,32.910
1738261247.101796,1099615.000,41085,1,T1,1,100,32.890
1738261247.234801,1099748.000,41101,1,T1,1,100,32.988
1738261247.367806,1099881.000,41134,1,T1,1,100,32.995
1738261247.501812,1100015.000,41149,1,T1,1,100,32.962
1738261247.634816,1100148.000,41165,1,T1,1,100,32.948
1738261247.767822,1100281.000,41183,1,T1,1,100,33.013
1738261247.901827,1100415.000,41213,1,T1,1,100,32.970
1738261248.034832,1100548.000,41230,1,T1,1,100,32.987
1738261248.167837,1100681.000,41245,1,T1,1,100,33.101
1738261248.301842,1100815.000,41276,1,T1,1,100,33.115
1738261248.434847,1100948.000,41292,1,T1,1,100,32.908
1738261248.567852,1101081.000,41307,1,T1,1,100,32.960
1738261248.701857,1101215.000,41340,1,T1,1,100,32.983
1738261248.834862,1101348.000,41356,1,T1,1,100,32.993
1738261248.967867,1101481.000,41371,1,T1,1,100,33.032
1738261249.101872,1101615.000,41402,1,T1,1,100,32.978
1738261249.234877,1101748.000,41418,1,T1,1,100,33.133
1738261249.367882,1101881.000,41434,1,T1,1,100,33.022
1738261249.500887,1102014.000,41450,1,T1,1,100,32.939
1738261249.634892,1102148.000,41482,1,T1,1,100,32.973
1738261249.767897,1102281.000,41498,1,T1,1,100,32.988
1738261249.900903,1102414.000,41514,1,T1,1,100,33.066
1738261250.034908,1102548.000,41545,1,T1,1,100,32.958
1738261250.167913,1102681.000,41562,1,T1,1,100,32.911
1738261250.300918,1102814.000,41578,1,T1,1,100,32.961
1738261250.434423,1102947.500,41616,2,T1,1,100,32.912
1738261250.567928,1103081.000,41616,2,T1,1,100,32.962
1738261250.700933,1103214.000,41647,1,T1,1,100,32.984
1738261250.834938,1103348.000,41662,1,T1,1,100,33.028
1738261250.967943,1103481.000,41678,1,T1,1,100,33.012
1738261251.100948,1103614.000,41711,1,T1,1,100,33.005
1738261251.234953,1103748.000,41726,1,T1,1,100,33.073
1738261251.367958,1103881.000,41743,1,T1,1,100,33.103
1738261251.500963,1104014.000,41773,1,T1,1,100,33.009
1738261251.634968,1104148.000,41788,1,T1,1,100,32.933
1738261251.767973,1104281.000,41805,1,T1,1,100,33.006
1738261251.900978,1104414.000,41837,1,T1,1,100,33.038
1738261252.033983,1104547.000,41853,1,T1,1,100,32.946
1738261252.167989,1104681.000,41869,1,T1,1,100,32.941
1738261252.300994,1104814.000,41900,1,T1,1,100,33.010
1738261252.434999,1104948.000,41917,1,T1,1,100,33.004
1738261252.568004,1105081.000,41933,1,T1,1,100,33.002
1738261252.701009,1105214.000,41950,1,T1,1,100,32.894
1738261252.834014,1105347.000,41981,1,T1,1,100,32.954
1738261252.968019,1105481.000,41997,1,T1,1,100,32.838
1738261253.101024,1105614.000,42013,1,T1,1,100,32.859
1738261253.234029,1105747.000,42043,1,T1,1,100,32.833
1738261253.368034,1105881.000,42060,1,T1,1,100,32.892
1738261253.501039,1106014.000,42075,1,T1,1,100,32.953
1738261253.634044,1106147.000,42108,1,T1,1,100,32.944
1738261253.768049,1106281.000,42124,1,T1,1,100,32.905
1738261253.901054,1106414.000,42139,1,T1,1,100,33.030
1738261254.034059,1106547.000,42170,1,T1,1,100,33.048
1738261254.168064,1106681.000,42186,1,T1,1,100,32.985
1738261254.301069,1106814.000,42201,1,T1,1,100,33.100
1738261254.434075,1106947.000,42232,1,T1,1,100,33.114
1738261254.568080,1107081.000,42250,1,T1,1,100,33.014
1738261254.701085,1107214.000,42266,1,T1,1,100,32.971
1738261254.834090,1107347.000,42296,1,T1,1,100,33.058
1738261254.968095,1107481.000,42312,1,T1,1,100,33.096
1738261255.101100,1107614.000,42328,1,T1,1,100,32.935
1738261255.234105,1107747.000,42346,1,T1,1,100,32.937
1738261255.368110,1107881.000,42377,1,T1,1,100,32.937
1738261255.501115,1108014.000,42392,1,T1,1,100,32.937
1738261255.634120,1108147.000,42413,1,T1,1,100,32.937
1738261255.767125,1108280.000,42429,1,T1,1,100,32.937
1738261255.901130,1108414.000,42459,1,T1,1,100,32.973
1738261256.034135,1108547.000,42478,1,T1,1,100,32.988
1738261256.167140,1108680.000,42493,1,T1,1,100,33.030
1738261256.301145,1108814.000,42524,1,T1,1,100,32.978
1738261256.434150,1108947.000,42540,1,T1,1,100,33.026
1738261256.567155,1109080.000,42555,1,T1,1,100,32.869
1738261256.701161,1109214.000,42571,1,T1,1,100,32.908
1738261256.834166,1109347.000,42602,1,T1,1,100,32.960
1738261256.967171,1109480.000,42619,1,T1,1,100,32.947
1738261257.101176,1109614.000,42636,1,T1,1,100,33.013
1738261257.234181,1109747.000,42666,1,T1,1,100,33.112
1738261257.367186,1109880.000,42682,1,T1,1,100,33.084
1738261257.501191,1110014.000,42700,1,T1,1,100,33.072
1738261257.634196,1110147.000,42733,1,T1,1,100,33.031
1738261257.767201,1110280.000,42748,1,T1,1,100,32.943
1738261257.901206,1110414.000,42764,1,T1,1,100,32.940
1738261258.034211,1110547.000,42795,1,T1,1,100,32.974
1738261258.167216,1110680.000,42810,1,T1,1,100,32.918
1738261258.301221,1110814.000,42826,1,T1,1,100,32.894
1738261258.434226,1110947.000,42857,1,T1,1,100,32.918
1738261258.567231,1111080.000,42872,1,T1,1,100,32.965
1738261258.700236,1111213.000,42889,1,T1,1,100,32.985
1738261258.834241,1111347.000,42919,1,T1,1,100,32.958
1738261258.967247,1111480.000,42934,1,T1,1,100,33.053
1738261259.100252,1111613.000,42951,1,T1,1,100,33.023
1738261259.234257,1111747.000,42966,1,T1,1,100,33.010
1738261259.367262,1111880.000,42997,1,T1,1,100,32.969
1738261259.500267,1112013.000,43013,1,T1,1,100,33.093
1738261259.634272,1112147.000,43028,1,T1,1,100,33.040
1738261259.767277,1112280.000,43059,1,T1,1,100,33.088
1738261259.900282,1112413.000,43075,1,T1,1,100,33.003
1738261260.034287,1112547.000,43091,1,T1,1,100,33.037
1738261260.167292,1112680.000,43123,1,T1,1,100,32.980
1738261260.300297,1112813.000,43139,1,T1,1,100,32.992
1738261260.434302,1112947.000,43155,1,T1,1,100,33.032
1738261260.567307,1113080.000,43185,1,T1,1,100,33.049
1738261260.700312,1113213.000,43207,1,T1,1,100,33.057
1738261260.834317,1113347.000,43224,1,T1,1,100,32.918
1738261260.967322,1113480.000,43240,1,T1,1,100,32.965
1738261261.100327,1113613.000,43256,1,T1,1,100,33.127
1738261261.234333,1113747.000,43286,1,T1,1,100,33.055
1738261261.367338,1113880.000,43303,1,T1,1,100,32.882
1738261261.500343,1114013.000,43318,1,T1,1,100,32.949
1738261261.634348,1114147.000,43351,1,T1,1,100,33.049
1738261261.767353,1114280.000,43367,1,T1,1,100,32.986
1738261261.900358,1114413.000,43382,1,T1,1,100,33.029
1738261262.034363,1114547.000,43413,1,T1,1,100,33.048
1738261262.167368,1114680.000,43429,1,T1,1,100,33.056
1738261262.300373,1114813.000,43446,1,T1,1,100,33.024
1738261262.433378,1114946.000,43463,1,T1,1,100,32.940
1738261262.567383,1115080.000,43495,1,T1,1,100,32.974
1738261262.700388,1115213.000,43511,1,T1,1,100,33.060
1738261262.833393,1115346.000,43527,1,T1,1,100,32.990
1738261262.967398,1115480.000,43560,1,T1,1,100,32.960
1738261263.100403,1115613.000,43575,1,T1,1,100,32.841
1738261263.233408,1115746.000,43591,1,T1,1,100,32.967
1738261263.367414,1115880.000,43622,1,T1,1,100,32.986
1738261263.500419,1116013.000,43637,1,T1,1,100,32.958
1738261263.633424,1116146.000,43653,1,T1,1,100,32.946
1738261263.767429,1116280.000,43686,1,T1,1,100,32.977
1738261263.900434,1116413.000,43701,1,T1,1,100,32.919
1738261264.033439,1116546.000,43718,1,T1,1,100,32.965
1738261264.167444,1116680.000,43748,1,T1,1,100,33.091
1738261264.300449,1116813.000,43763,1,T1,1,100,33.075
1738261264.433454,1116946.000,43780,1,T1,1,100,32.962
1738261264.567459,1117080.000,43795,1,T1,1,100,33.054
1738261264.700464,1117213.000,43828,1,T1,1,100,32.988
1738261264.833469,1117346.000,43844,1,T1,1,100,32.924
1738261264.967474,1117480.000,43859,1,T1,1,100,33.003
1738261265.100479,1117613.000,43890,1,T1,1,100,33.037
1738261265.233484,1117746.000,43906,1,T1,1,100,33.016
1738261265.366489,1117879.000,43922,1,T1,1,100,32.900
1738261265.500494,1118013.000,43952,1,T1,1,100,32.815
1738261265.633500,1118146.000,43970,1,T1,1,100,32.849
1738261265.766505,1118279.000,43986,1,T1,1,100,33.041
1738261265.900510,1118413.000,44007,1,T1,1,100,32.982
1738261266.033515,1118546.000,44038,1,T1,1,100,32.921
1738261266.166520,1118679.000,44053,1,T1,1,100,33.037
1738261266.300525,1118813.000,44069,1,T1,1,100,33.087
1738261266.433530,1118946.000,44085,1,T1,1,100,33.002
1738261266.566535,1119079.000,44117,1,T1,1,100,33.001
1738261266.700540,1119213.000,44134,1,T1,1,100,33.071
1738261266.833545,1119346.000,44149,1,T1,1,100,33.031
1738261266.966550,1119479.000,44180,1,T1,1,100,33.013
1738261267.100555,1119613.000,44196,1,T1,1,100,33.041
1738261267.233560,1119746.000,44211,1,T1,1,100,33.089
1738261267.366565,1119879.000,44244,1,T1,1,100,33.145
1738261267.500570,1120013.000,44260,1,T1,1,100,32.992
1738261267.633575,1120146.000,44277,1,T1,1,100,33.032
1738261267.766580,1120279.000,44308,1,T1,1,100,33.049
1738261267.900586,1120413.000,44324,1,T1,1,100,33.021
1738261268.033591,1120546.000,44340,1,T1,1,100,32.974
1738261268.166596,1120679.000,44370,1,T1,1,100,32.953
1738261268.300601,1120813.000,44386,1,T1,1,100,33.015
1738261268.433606,1120946.000,44404,1,T1,1,100,33.042
1738261268.566611,1121079.000,44420,1,T1,1,100,33.054
1738261268.700616,1121213.000,44451,1,T1,1,100,33.165
1738261268.833621,1121346.000,44466,1,T1,1,100,33.142
1738261268.966626,1121479.000,44482,1,T1,1,100,33.097
1738261269.099631,1121612.000,44513,1,T1,1,100,33.042
1738261269.233636,1121746.000,44528,1,T1,1,100,32.983
1738261269.366641,1121879.000,44547,1,T1,1,100,33.028
1738261269.499646,1122012.000,44577,1,T1,1,100,33.048
1738261269.633651,1122146.000,44592,1,T1,1,100,32.985
1738261269.766656,1122279.000,44609,1,T1,1,100,32.994
1738261269.899661,1122412.000,44639,1,T1,1,100,33.068
1738261270.033666,1122546.000,44657,1,T1,1,100,33.029
1738261270.166672,1122679.000,44673,1,T1,1,100,32.942
1738261270.299677,1122812.000,44688,1,T1,1,100,33.046
1738261270.433682,1122946.000,44719,1,T1,1,100,33.020
1738261270.566687,1123079.000,44735,1,T1,1,100,32.973
1738261270.699692,1123212.000,44751,1,T1,1,100,33.024
1738261270.833697,1123346.000,44783,1,T1,1,100,33.046
1738261270.966702,1123479.000,44805,1,T1,1,100,32.984
1738261271.099707,1123612.000,44820,1,T1,1,100,33.100
1738261271.233712,1123746.000,44836,1,T1,1,100,32.972
1738261271.366717,1123879.000,44867,1,T1,1,100,33.023
1738261271.499722,1124012.000,44882,1,T1,1,100,33.046
1738261271.633727,1124146.000,44898,1,T1,1,100,33.055
1738261271.766732,1124279.000,44931,1,T1,1,100,32.988
1738261271.899737,1124412.000,44946,1,T1,1,100,33.030
1738261272.032742,1124545.000,44963,1,T1,1,100,33.013
1738261272.166747,1124679.000,44978,1,T1,1,100,32.970
1738261272.299752,1124812.000,45008,1,T1,1,100,32.987
1738261272.432758,1124945.000,45027,1,T1,1,100,32.994
1738261272.566763,1125079.000,45042,1,T1,1,100,32.998
1738261272.699768,1125212.000,45075,1,T1,1,100,32.928
1738261272.832773,1125345.000,45091,1,T1,1,100,32.969
1738261272.966778,1125479.000,45106,1,T1,1,100,33.022
1738261273.099783,1125612.000,45137,1,T1,1,100,33.010
1738261273.232788,1125745.000,45153,1,T1,1,100,32.969
1738261273.366793,1125879.000,45171,1,T1,1,100,33.057
1738261273.499798,1126012.000,45201,1,T1,1,100,33.096
1738261273.632803,1126145.000,45217,1,T1,1,100,33.006
1738261273.766808,1126279.000,45233,1,T1,1,100,33.003
1738261273.899813,1126412.000,45263,1,T1,1,100,33.037
1738261274.032818,1126545.000,45282,1,T1,1,100,32.980
1738261274.166823,1126679.000,45297,1,T1,1,100,32.956
1738261274.299828,1126812.000,45328,1,T1,1,100,32.946
1738261274.432833,1126945.000,45344,1,T1,1,100,33.118
1738261274.566839,1127079.000,45359,1,T1,1,100,33.087
1738261274.699844,1127212.000,45375,1,T1,1,100,33.073
1738261274.832849,1127345.000,45406,1,T1,1,100,32.961
1738261274.966854,1127479.000,45421,1,T1,1,100,32.983
1738261275.099859,1127612.000,45438,1,T1,1,100,33.064
1738261275.232864,1127745.000,45470,1,T1,1,100,33.063
1738261275.366869,1127879.000,45486,1,T1,1,100,32.992
1738261275.499874,1128012.000,45502,1,T1,1,100,33.067
1738261275.632879,1128145.000,45533,1,T1,1,100,33.029
1738261275.765884,1128278.000,45548,1,T1,1,100,32.977
1738261275.899889,1128412.000,45564,1,T1,1,100,32.990
1738261276.032894,1128545.000,45602,2,T1,1,100,32.996
1738261276.165899,1128678.000,45602,2,T1,1,100,32.927
1738261276.299904,1128812.000,45633,1,T1,1,100,32.862
1738261276.432909,1128945.000,45648,1,T1,1,100,32.976
1738261276.565914,1129078.000,45664,1,T1,1,100,33.060
1738261276.699919,1129212.000,45695,1,T1,1,100,32.991
1738261276.832925,1129345.000,45710,1,T1,1,100,33.031
1738261276.965930,1129478.000,45726,1,T1,1,100,33.049
1738261277.099935,1129612.000,45759,1,T1,1,100,33.163
1738261277.232940,1129745.000,45774,1,T1,1,100,33.071
1738261277.365945,1129878.000,45791,1,T1,1,100,32.995
1738261277.499950,1130012.000,45823,1,T1,1,100,33.033
1738261277.632955,1130145.000,45838,1,T1,1,100,32.979
1738261277.765960,1130278.000,45857,1,T1,1,100,32.991
1738261277.899965,1130412.000,45872,1,T1,1,100,33.032
1738261278.032970,1130545.000,45903,1,T1,1,100,33.049
1738261278.165975,1130678.000,45919,1,T1,1,100,33.057
1738261278.299980,1130812.000,45934,1,T1,1,100,33.060
1738261278.432985,1130945.000,45965,1,T1,1,100,33.061
1738261278.565990,1131078.000,45981,1,T1,1,100,33.133
1738261278.699995,1131212.000,45999,1,T1,1,100,33.164
1738261278.833000,1131345.000,46029,1,T1,1,100,33.106
1738261278.966005,1131478.000,46045,1,T1,1,100,33.011
1738261279.099010,1131611.000,46061,1,T1,1,100,33.040
1738261279.233016,1131745.000,46091,1,T1,1,100,33.017
1738261279.366021,1131878.000,46108,1,T1,1,100,32.937
1738261279.499026,1132011.000,46125,1,T1,1,100,32.937
1738261279.633031,1132145.000,46156,1,T1,1,100,32.973
1738261279.766036,1132278.000,46172,1,T1,1,100,32.988
1738261279.899041,1132411.000,46187,1,T1,1,100,32.959
1738261280.033046,1132545.000,46203,1,T1,1,100,33.089
1738261280.166051,1132678.000,46234,1,T1,1,100,33.038
1738261280.299056,1132811.000,46251,1,T1,1,100,32.946
1738261280.433061,1132945.000,46268,1,T1,1,100,32.977
1738261280.566066,1133078.000,46298,1,T1,1,100,33.025
1738261280.699071,1133211.000,46314,1,T1,1,100,32.975
1738261280.833076,1133345.000,46330,1,T1,1,100,32.989
1738261280.966081,1133478.000,46361,1,T1,1,100,32.960
1738261281.099086,1133611.000,46376,1,T1,1,100,32.983
1738261281.233091,1133745.000,46399,1,T1,1,100,32.993
1738261281.366096,1133878.000,46415,1,T1,1,100,33.068
1738261281.499102,1134011.000,46431,1,T1,1,100,33.065
1738261281.633107,1134145.000,46462,1,T1,1,100,33.028
1738261281.766112,1134278.000,46477,1,T1,1,100,33.048
1738261281.899117,1134411.000,46493,1,T1,1,100,33.127
1738261282.032122,1134544.000,46526,1,T1,1,100,33.090
1738261282.166127,1134678.000,46541,1,T1,1,100,33.110
1738261282.299132,1134811.000,46557,1,T1,1,100,33.154
1738261282.433137,1134945.000,46590,1,T1,1,100,33.067
1738261282.566142,1135078.000,46605,1,T1,1,100,33.064
1738261282.699147,1135211.000,46622,1,T1,1,100,33.063
1738261282.832152,1135344.000,46637,1,T1,1,100,32.956
1738261282.966157,1135478.000,46667,1,T1,1,100,32.981
1738261283.099162,1135611.000,46684,1,T1,1,100,33.027
1738261283.232167,1135744.000,46699,1,T1,1,100,33.047
1738261283.366172,1135878.000,46730,1,T1,1,100,33.020
1738261283.499177,1136011.000,46746,1,T1,1,100,33.151
1738261283.632183,1136144.000,46761,1,T1,1,100,33.207
1738261283.766188,1136278.000,46794,1,T1,1,100,33.125
1738261283.899193,1136411.000,46810,1,T1,1,100,33.019
1738261284.032198,1136544.000,46826,1,T1,1,100,32.973
1738261284.166203,1136678.000,46856,1,T1,1,100,32.988
1738261284.299208,1136811.000,46872,1,T1,1,100,32.924
1738261284.432213,1136944.000,46888,1,T1,1,100,32.932
1738261284.566218,1137078.000,46918,1,T1,1,100,32.970
1738261284.699223,1137211.000,46937,1,T1,1,100,33.023
1738261284.832228,1137344.000,46952,1,T1,1,100,33.116
1738261284.966233,1137478.000,46983,1,T1,1,100,33.086
1738261285.099238,1137611.000,46999,1,T1,1,100,33.143
1738261285.232243,1137744.000,47014,1,T1,1,100,33.062
1738261285.366248,1137878.000,47030,1,T1,1,100,33.133
1738261285.499253,1138011.000,47061,1,T1,1,100,33.058
1738261285.632258,1138144.000,47076,1,T1,1,100,32.954
1738261285.765264,1138277.000,47093,1,T1,1,100,33.086
1738261285.899269,1138411.000,47123,1,T1,1,100,33.108
1738261286.032274,1138544.000,47139,1,T1,1,100,33.047
1738261286.165279,1138677.000,47155,1,T1,1,100,33.056
1738261286.299284,1138811.000,47191,1,T1,1,100,32.989
1738261286.432289,1138944.000,47206,1,T1,1,100,32.924
1738261286.565294,1139077.000,47222,1,T1,1,100,32.932
1738261286.699299,1139211.000,47238,1,T1,1,100,33.077
1738261286.832304,1139344.000,47268,1,T1,1,100,33.104
1738261286.965309,1139477.000,47286,1,T1,1,100,33.010
1738261287.099314,1139611.000,47302,1,T1,1,100,33.040
1738261287.232319,1139744.000,47318,1,T1,1,100,33.053
1738261287.365324,1139877.000,47349,1,T1,1,100,33.094
1738261287.499329,1140011.000,47366,1,T1,1,100,33.111
1738261287.632334,1140144.000,47382,1,T1,1,100,32.977
1738261287.765339,1140277.000,47415,1,T1,1,100,33.026
1738261287.899344,1140411.000,47430,1,T1,1,100,33.047
1738261288.032350,1140544.000,47447,1,T1,1,100,32.985
1738261288.165354,1140677.000,47477,1,T1,1,100,33.029
1738261288.299360,1140811.000,47492,1,T1,1,100,33.012
1738261288.432365,1140944.000,47509,1,T1,1,100,33.041
1738261288.565370,1141077.000,47541,1,T1,1,100,32.982
1738261288.699375,1141211.000,47557,1,T1,1,100,32.957
1738261288.832380,1141344.000,47573,1,T1,1,100,33.052
1738261288.965385,1141477.000,47604,1,T1,1,100,32.987
1738261289.098390,1141610.000,47619,1,T1,1,100,32.994
1738261289.232395,1141744.000,47635,1,T1,1,100,33.033
1738261289.365400,1141877.000,47652,1,T1,1,100,33.156
1738261289.498405,1142010.000,47683,1,T1,1,100,33.068
1738261289.632410,1142144.000,47699,1,T1,1,100,32.994
1738261289.765415,1142277.000,47715,1,T1,1,100,32.997
1738261289.898420,1142410.000,47745,1,T1,1,100,32.999
1738261290.032425,1142544.000,47764,1,T1,1,100,33.070
1738261290.165430,1142677.000,47779,1,T1,1,100,33.066
1738261290.298435,1142810.000,47810,1,T1,1,100,33.064
1738261290.432441,1142944.000,47826,1,T1,1,100,33.028
1738261290.565446,1143077.000,47841,1,T1,1,100,32.977
1738261290.698451,1143210.000,47872,1,T1,1,100,33.061
1738261290.832456,1143344.000,47890,1,T1,1,100,33.062
1738261290.965461,1143477.000,47905,1,T1,1,100,33.027
1738261291.098466,1143610.000,47936,1,T1,1,100,33.082
1738261291.232471,1143744.000,47952,1,T1,1,100,32.965
1738261291.365476,1143877.000,47968,1,T1,1,100,33.091
1738261291.498481,1144010.000,47987,1,T1,1,100,33.181
1738261291.632486,1144144.000,48002,1,T1,1,100,33.114
1738261291.765491,1144277.000,48035,1,T1,1,100,33.120
1738261291.898496,1144410.000,48051,1,T1,1,100,33.158
1738261292.031501,1144543.000,48067,1,T1,1,100,33.104
1738261292.165506,1144677.000,48097,1,T1,1,100,33.116
1738261292.298511,1144810.000,48113,1,T1,1,100,33.050
1738261292.431516,1144943.000,48133,1,T1,1,100,33.093
1738261292.565521,1145077.000,48163,1,T1,1,100,33.076
1738261292.698527,1145210.000,48180,1,T1,1,100,32.997
1738261292.831532,1145343.000,48195,1,T1,1,100,33.034
1738261292.965537,1145477.000,48211,1,T1,1,100,33.050
1738261293.098542,1145610.000,48242,1,T1,1,100,33.057
1738261293.231547,1145743.000,48259,1,T1,1,100,33.025
1738261293.365552,1145877.000,48276,1,T1,1,100,33.082
1738261293.498557,1146010.000,48306,1,T1,1,100,33.106
1738261293.631562,1146143.000,48321,1,T1,1,100,33.046
1738261293.765567,1146277.000,48338,1,T1,1,100,33.020
1738261293.898572,1146410.000,48368,1,T1,1,100,33.186
1738261294.031577,1146543.000,48386,1,T1,1,100,33.080
1738261294.165582,1146677.000,48404,1,T1,1,100,33.070
1738261294.298587,1146810.000,48435,1,T1,1,100,33.066
1738261294.431592,1146943.000,48450,1,T1,1,100,33.028
1738261294.565597,1147077.000,48466,1,T1,1,100,33.048
1738261294.698602,1147210.000,48499,1,T1,1,100,32.985
1738261294.831608,1147343.000,48514,1,T1,1,100,33.065
1738261294.965613,1147477.000,48530,1,T1,1,100,33.063
1738261295.098618,1147610.000,48546,1,T1,1,100,33.027
1738261295.231623,1147743.000,48576,1,T1,1,100,33.083
1738261295.364628,1147876.000,48593,1,T1,1,100,33.071
1738261295.498633,1148010.000,48610,1,T1,1,100,32.995
1738261295.631638,1148143.000,48641,1,T1,1,100,33.033
1738261295.764643,1148276.000,48657,1,T1,1,100,32.944
1738261295.898648,1148410.000,48672,1,T1,1,100,32.905
1738261296.031653,1148543.000,48703,1,T1,1,100,32.959
1738261296.164658,1148676.000,48719,1,T1,1,100,33.053
1738261296.298663,1148810.000,48736,1,T1,1,100,33.094
1738261296.431668,1148943.000,48767,1,T1,1,100,33.112
1738261296.564673,1149076.000,48790,1,T1,1,100,33.155
1738261296.698678,1149210.000,48806,1,T1,1,100,33.067
1738261296.831683,1149343.000,48822,1,T1,1,100,32.993
1738261296.964689,1149476.000,48837,1,T1,1,100,33.033
1738261297.098694,1149610.000,48870,1,T1,1,100,33.050
1738261297.231699,1149743.000,48886,1,T1,1,100,33.092
1738261297.364704,1149876.000,48902,1,T1,1,100,33.075
1738261297.498709,1150010.000,48920,1,T1,1,100,33.104
1738261297.631714,1150143.000,48951,1,T1,1,100,33.116
1738261297.764719,1150276.000,48968,1,T1,1,100,33.121
1738261297.898724,1150410.000,48984,1,T1,1,100,33.088
1738261298.031729,1150543.000,49015,1,T1,1,100,33.109
1738261298.164734,1150676.000,49030,1,T1,1,100,33.083
1738261298.298739,1150810.000,49046,1,T1,1,100,33.036
1738261298.431744,1150943.000,49077,1,T1,1,100,32.980
1738261298.564749,1151076.000,49094,1,T1,1,100,33.027
1738261298.698754,1151210.000,49111,1,T1,1,100,33.083
1738261298.831759,1151343.000,49141,1,T1,1,100,33.071
1738261298.964764,1151476.000,49156,1,T1,1,100,33.137
1738261299.098769,1151610.000,49173,1,T1,1,100,33.130
1738261299.231775,1151743.000,49188,1,T1,1,100,33.127
1738261299.364779,1151876.000,49219,1,T1,1,100,33.055
1738261299.498785,1152010.000,49235,1,T1,1,100,32.988
1738261299.631790,1152143.000,49250,1,T1,1,100,33.066
1738261299.764795,1152276.000,49283,1,T1,1,100,33.064
1738261299.897800,1152409.000,49299,1,T1,1,100,33.028
1738261300.031805,1152543.000,49315,1,T1,1,100,33.047
1738261300.164810,1152676.000,49345,1,T1,1,100,33.021
1738261300.297815,1152809.000,49363,1,T1,1,100,32.938
1738261300.431820,1152943.000,49379,1,T1,1,100,33.009
1738261300.564825,1153076.000,49409,1,T1,1,100,33.039
1738261300.697830,1153209.000,49426,1,T1,1,100,32.981
1738261300.831835,1153343.000,49441,1,T1,1,100,32.992
1738261300.964840,1153476.000,49472,1,T1,1,100,33.032
1738261301.097845,1153609.000,49490,1,T1,1,100,33.085
1738261301.231850,1153743.000,49505,1,T1,1,100,33.108
1738261301.364855,1153876.000,49521,1,T1,1,100,33.082
1738261301.497860,1154009.000,49552,1,T1,1,100,33.106
1738261301.631866,1154143.000,49567,1,T1,1,100,33.117
1738261301.764871,1154276.000,49589,1,T1,1,100,33.086
1738261301.897876,1154409.000,49604,1,T1,1,100,33.002
1738261302.030881,1154542.000,49635,1,T1,1,100,33.036
1738261302.164886,1154676.000,49651,1,T1,1,100,33.051
1738261302.297891,1154809.000,49666,1,T1,1,100,33.022
1738261302.430896,1154942.000,49699,1,T1,1,100,33.116
1738261302.564901,1155076.000,49715,1,T1,1,100,33.121
1738261302.697906,1155209.000,49733,1,T1,1,100,33.088
1738261302.831911,1155343.000,49749,1,T1,1,100,33.038
1738261302.964916,1155476.000,49780,1,T1,1,100,33.123
1738261303.097921,1155609.000,49795,1,T1,1,100,33.089
1738261303.230926,1155742.000,49811,1,T1,1,100,33.180
1738261303.364931,1155876.000,49844,1,T1,1,100,33.184
1738261303.497936,1156009.000,49859,1,T1,1,100,33.151
1738261303.630941,1156142.000,49875,1,T1,1,100,33.136
1738261303.764946,1156276.000,49906,1,T1,1,100,33.094
1738261303.897952,1156409.000,49921,1,T1,1,100,32.970
1738261304.030957,1156542.000,49940,1,T1,1,100,32.987
1738261304.164962,1156676.000,49970,1,T1,1,100,33.101
1738261304.297967,1156809.000,49985,1,T1,1,100,33.115
1738261304.430972,1156942.000,50002,1,T1,1,100,33.050
1738261304.564977,1157076.000,50032,1,T1,1,100,33.021
1738261304.697982,1157209.000,50048,1,T1,1,100,33.080
1738261304.830987,1157342.000,50064,1,T1,1,100,33.070
1738261304.964992,1157476.000,50097,1,T1,1,100,33.030
1738261305.097997,1157609.000,50112,1,T1,1,100,33.049
1738261305.231002,1157742.000,50128,1,T1,1,100,33.056
1738261305.364007,1157875.000,50143,1,T1,1,100,32.989
1738261305.498012,1158009.000,50174,1,T1,1,100,32.960
1738261305.631017,1158142.000,50190,1,T1,1,100,33.018
1738261305.765022,1158276.000,50208,1,T1,1,100,33.043
1738261305.898027,1158409.000,50238,1,T1,1,100,33.090
1738261306.031033,1158542.000,50255,1,T1,1,100,33.110
1738261306.164037,1158675.000,50270,1,T1,1,100,33.118
1738261306.298043,1158809.000,50301,1,T1,1,100,33.158
1738261306.431048,1158942.000,50319,1,T1,1,100,33.033
1738261306.564053,1159075.000,50334,1,T1,1,100,32.979
1738261306.698058,1159209.000,50365,1,T1,1,100,32.991
1738261306.831063,1159342.000,50386,1,T1,1,100,32.996
1738261306.964068,1159475.000,50402,1,T1,1,100,32.998
1738261307.098073,1159609.000,50418,1,T1,1,100,32.999
1738261307.231078,1159742.000,50433,1,T1,1,100,33.071
1738261307.364083,1159875.000,50468,1,T1,1,100,33.101
1738261307.498088,1160009.000,50484,1,T1,1,100,33.044
1738261307.631093,1160142.000,50499,1,T1,1,100,32.984
1738261307.764098,1160275.000,50530,1,T1,1,100,33.028
1738261307.898103,1160409.000,50546,1,T1,1,100,33.012
1738261308.031108,1160542.000,50564,1,T1,1,100,32.970
1738261308.164114,1160675.000,50594,1,T1,1,100,33.022
1738261308.298119,1160809.000,50610,1,T1,1,100,33.116
1738261308.431123,1160942.000,50626,1,T1,1,100,33.086
1738261308.564129,1161075.000,50656,1,T1,1,100,33.108
1738261308.698134,1161209.000,50673,1,T1,1,100,33.189
1738261308.831139,1161342.000,50688,1,T1,1,100,33.188
1738261308.964144,1161475.000,50706,1,T1,1,100,33.152
1738261309.097149,1161608.000,50737,1,T1,1,100,33.030
1738261309.231154,1161742.000,50752,1,T1,1,100,33.049
1738261309.364159,1161875.000,50769,1,T1,1,100,33.021
1738261309.497164,1162008.000,50799,1,T1,1,100,33.080
1738261309.631169,1162142.000,50814,1,T1,1,100,32.999
1738261309.764174,1162275.000,50831,1,T1,1,100,33.035
1738261309.897179,1162408.000,50863,1,T1,1,100,33.051
1738261310.031184,1162542.000,50879,1,T1,1,100,32.986
1738261310.164189,1162675.000,50895,1,T1,1,100,32.994
1738261310.297194,1162808.000,50926,1,T1,1,100,33.033
1738261310.431200,1162942.000,50943,1,T1,1,100,33.121
1738261310.564204,1163075.000,50959,1,T1,1,100,33.017
1738261310.697210,1163208.000,50990,1,T1,1,100,33.114
1738261310.831215,1163342.000,51005,1,T1,1,100,33.085
1738261310.964220,1163475.000,51021,1,T1,1,100,33.037
1738261311.097225,1163608.000,51052,1,T1,1,100,33.051
1738261311.231230,1163742.000,51069,1,T1,1,100,33.058
1738261311.364235,1163875.000,51086,1,T1,1,100,33.060
1738261311.497240,1164008.000,51101,1,T1,1,100,32.991
1738261311.631245,1164142.000,51132,1,T1,1,100,33.067
1738261311.764250,1164275.000,51148,1,T1,1,100,33.064
1738261311.897255,1164408.000,51163,1,T1,1,100,33.063
1738261312.030260,1164541.000,51185,1,T1,1,100,33.027
1738261312.164265,1164675.000,51217,1,T1,1,100,33.083
1738261312.297270,1164808.000,51232,1,T1,1,100,33.178
1738261312.430275,1164941.000,51251,1,T1,1,100,33.183
1738261312.564280,1165075.000,51266,1,T1,1,100,33.150
1738261312.697285,1165208.000,51297,1,T1,1,100,33.100
1738261312.830291,1165341.000,51313,1,T1,1,100,33.079
1738261312.964296,1165475.000,51330,1,T1,1,100,33.070
1738261313.097301,1165608.000,51361,1,T1,1,100,33.030
1738261313.230306,1165741.000,51377,1,T1,1,100,32.942
1738261313.364311,1165875.000,51393,1,T1,1,100,33.010
1738261313.497316,1166008.000,51423,1,T1,1,100,33.040
1738261313.630321,1166141.000,51441,1,T1,1,100,33.053
1738261313.764326,1166275.000,51457,1,T1,1,100,32.952
1738261313.897331,1166408.000,51487,1,T1,1,100,33.050
1738261314.030336,1166541.000,51504,1,T1,1,100,33.057
1738261314.164341,1166675.000,51519,1,T1,1,100,33.096
1738261314.297346,1166808.000,51535,1,T1,1,100,33.041
1738261314.430351,1166941.000,51566,1,T1,1,100,33.089
1738261314.564356,1167075.000,51581,1,T1,1,100,33.003
1738261314.697361,1167208.000,51600,1,T1,1,100,33.037
1738261314.830366,1167341.000,51630,1,T1,1,100,33.051
1738261314.964371,1167475.000,51645,1,T1,1,100,33.058
1738261315.097377,1167608.000,51662,1,T1,1,100,33.060
1738261315.230381,1167741.000,51696,1,T1,1,100,33.026
1738261315.363387,1167874.000,51712,1,T1,1,100,33.047
1738261315.497392,1168008.000,51728,1,T1,1,100,32.985
1738261315.630397,1168141.000,51759,1,T1,1,100,33.029
1738261315.763402,1168274.000,51774,1,T1,1,100,33.119
1738261315.897407,1168408.000,51792,1,T1,1,100,33.051
1738261316.030412,1168541.000,51807,1,T1,1,100,33.129
1738261316.163417,1168674.000,51838,1,T1,1,100,33.091
1738261316.297422,1168808.000,51854,1,T1,1,100,33.039
1738261316.430427,1168941.000,51870,1,T1,1,100,33.053
1738261316.563432,1169074.000,51902,1,T1,1,100,33.058
1738261316.697437,1169208.000,51919,1,T1,1,100,33.167
1738261316.830442,1169341.000,51934,1,T1,1,100,33.072
1738261316.963947,1169474.500,51971,2,T1,1,100,33.102
1738261317.097452,1169608.000,51971,2,T1,1,100,33.044
1738261317.230458,1169741.000,51986,1,T1,1,100,33.055
1738261317.363462,1169874.000,52002,1,T1,1,100,33.130
1738261317.497468,1170008.000,52037,1,T1,1,100,33.163
1738261317.630473,1170141.000,52052,1,T1,1,100,33.106
1738261317.763478,1170274.000,52069,1,T1,1,100,33.081
1738261317.897483,1170408.000,52099,1,T1,1,100,32.929
1738261318.030488,1170541.000,52115,1,T1,1,100,32.969
1738261318.163493,1170674.000,52131,1,T1,1,100,33.058
1738261318.297498,1170808.000,52162,1,T1,1,100,33.025
1738261318.430503,1170941.000,52177,1,T1,1,100,33.046
1738261318.563508,1171074.000,52193,1,T1,1,100,33.055
1738261318.696513,1171207.000,52226,1,T1,1,100,32.989
1738261318.830518,1171341.000,52241,1,T1,1,100,33.101
1738261318.963523,1171474.000,52257,1,T1,1,100,33.186
1738261319.096528,1171607.000,52273,1,T1,1,100,33.151
1738261319.230533,1171741.000,52303,1,T1,1,100,33.136
1738261319.363539,1171874.000,52320,1,T1,1,100,33.130
1738261319.496543,1172007.000,52335,1,T1,1,100,33.198
1738261319.630548,1172141.000,52366,1,T1,1,100,33.121
1738261319.763554,1172274.000,52384,1,T1,1,100,33.017
1738261319.897559,1172408.000,52399,1,T1,1,100,32.972
1738261320.030564,1172541.000,52430,1,T1,1,100,33.094
1738261320.163569,1172674.000,52446,1,T1,1,100,32.970
1738261320.296574,1172807.000,52461,1,T1,1,100,33.058
1738261320.430579,1172941.000,52478,1,T1,1,100,33.025
1738261320.563584,1173074.000,52508,1,T1,1,100,33.153
1738261320.696589,1173207.000,52526,1,T1,1,100,33.102
1738261320.830594,1173341.000,52542,1,T1,1,100,33.115
1738261320.963599,1173474.000,52573,1,T1,1,100,33.050
1738261321.096604,1173607.000,52588,1,T1,1,100,33.057
1738261321.230609,1173741.000,52604,1,T1,1,100,33.060
1738261321.363614,1173874.000,52637,1,T1,1,100,33.097
1738261321.496619,1174007.000,52652,1,T1,1,100,33.006
1738261321.630625,1174141.000,52668,1,T1,1,100,33.145
1738261321.763629,1174274.000,52699,1,T1,1,100,33.098
1738261321.896635,1174407.000,52714,1,T1,1,100,32.936
1738261322.029639,1174540.000,52731,1,T1,1,100,33.008
1738261322.163145,1174673.500,52768,2,T1,1,100,33.145
1738261322.296650,1174807.000,52768,2,T1,1,100,33.134
1738261322.429655,1174940.000,52801,1,T1,1,100,33.235
1738261322.563660,1175074.000,52816,1,T1,1,100,33.066
1738261322.696665,1175207.000,52833,1,T1,1,100,33.100
1738261322.829670,1175340.000,52863,1,T1,1,100,33.079
1738261322.963675,1175474.000,52878,1,T1,1,100,32.963
1738261323.096680,1175607.000,52895,1,T1,1,100,33.126
1738261323.229685,1175740.000,52927,1,T1,1,100,33.054
1738261323.363690,1175874.000,52943,1,T1,1,100,33.024
1738261323.496695,1176007.000,52959,1,T1,1,100,33.046
1738261323.629700,1176140.000,52990,1,T1,1,100,33.055
1738261323.763705,1176274.000,53005,1,T1,1,100,33.059
1738261323.896710,1176407.000,53023,1,T1,1,100,33.026
1738261324.029716,1176540.000,53054,1,T1,1,100,33.047
1738261324.163721,1176674.000,53069,1,T1,1,100,33.091
1738261324.296726,1176807.000,53085,1,T1,1,100,33.110
1738261324.429731,1176940.000,53101,1,T1,1,100,33.119
1738261324.563736,1177074.000,53131,1,T1,1,100,33.087
1738261324.696741,1177207.000,53150,1,T1,1,100,33.073
1738261324.829746,1177340.000,53165,1,T1,1,100,33.067
1738261324.963751,1177474.000,53196,1,T1,1,100,32.994
1738261325.096756,1177607.000,53212,1,T1,1,100,32.962
1738261325.229761,1177740.000,53227,1,T1,1,100,33.054
1738261325.362766,1177873.000,53258,1,T1,1,100,33.059
1738261325.496771,1178007.000,53274,1,T1,1,100,32.990
1738261325.629776,1178140.000,53291,1,T1,1,100,33.031
1738261325.762781,1178273.000,53322,1,T1,1,100,33.049
1738261325.896786,1178407.000,53338,1,T1,1,100,32.986
1738261326.029791,1178540.000,53354,1,T1,1,100,32.994
1738261326.162796,1178673.000,53384,1,T1,1,100,33.139
1738261326.296802,1178807.000,53402,1,T1,1,100,33.096
1738261326.429806,1178940.000,53418,1,T1,1,100,33.041
1738261326.562812,1179073.000,53434,1,T1,1,100,33.053
1738261326.696817,1179207.000,53465,1,T1,1,100,33.129
1738261326.829822,1179340.000,53480,1,T1,1,100,33.056
1738261326.962827,1179473.000,53496,1,T1,1,100,33.060
1738261327.096832,1179607.000,53527,1,T1,1,100,33.061
1738261327.229837,1179740.000,53544,1,T1,1,100,33.133
1738261327.362842,1179873.000,53566,1,T1,1,100,33.093
1738261327.496847,1180007.000,53583,1,T1,1,100,33.111
1738261327.629852,1180140.000,53614,1,T1,1,100,33.084
1738261327.762857,1180273.000,53630,1,T1,1,100,33.072
1738261327.896862,1180407.000,53645,1,T1,1,100,32.996
1738261328.029867,1180540.000,53678,1,T1,1,100,32.963
1738261328.162872,1180673.000,53694,1,T1,1,100,33.055
1738261328.296877,1180807.000,53709,1,T1,1,100,33.059
1738261328.429883,1180940.000,53726,1,T1,1,100,33.097
1738261328.562887,1181073.000,53756,1,T1,1,100,33.077
1738261328.695893,1181206.000,53772,1,T1,1,100,33.175
1738261328.829898,1181340.000,53788,1,T1,1,100,33.111
1738261328.962903,1181473.000,53821,1,T1,1,100,33.084
1738261329.095908,1181606.000,53836,1,T1,1,100,33.072
1738261329.229913,1181740.000,53852,1,T1,1,100,33.066
1738261329.362918,1181873.000,53883,1,T1,1,100,33.100
1738261329.495923,1182006.000,53898,1,T1,1,100,33.043
1738261329.629928,1182140.000,53914,1,T1,1,100,32.983
1738261329.762933,1182273.000,53947,1,T1,1,100,33.028
1738261329.895938,1182406.000,53962,1,T1,1,100,33.012
1738261330.029943,1182540.000,53979,1,T1,1,100,32.970
1738261330.162948,1182673.000,53994,1,T1,1,100,33.058
1738261330.295953,1182806.000,54024,1,T1,1,100,33.096
1738261330.429958,1182940.000,54041,1,T1,1,100,33.077
1738261330.562963,1183073.000,54056,1,T1,1,100,33.033
1738261330.695968,1183206.000,54089,1,T1,1,100,33.121
1738261330.829973,1183340.000,54105,1,T1,1,100,33.123
1738261330.962979,1183473.000,54120,1,T1,1,100,33.053
1738261331.095984,1183606.000,54151,1,T1,1,100,33.023
1738261331.229989,1183740.000,54167,1,T1,1,100,33.081
1738261331.362994,1183873.000,54183,1,T1,1,100,33.141
1738261331.495999,1184006.000,54213,1,T1,1,100,33.097
1738261331.630004,1184140.000,54231,1,T1,1,100,33.148
1738261331.763009,1184273.000,54247,1,T1,1,100,33.206
1738261331.896014,1184406.000,54263,1,T1,1,100,33.266
1738261332.029019,1184539.000,54294,1,T1,1,100,33.115
1738261332.163024,1184673.000,54309,1,T1,1,100,32.944
1738261332.296029,1184806.000,54325,1,T1,1,100,33.046
1738261332.430034,1184940.000,54365,1,T1,1,100,33.091
1738261332.563039,1185073.000,54380,1,T1,1,100,33.039
1738261332.696044,1185206.000,54397,1,T1,1,100,33.017
1738261332.829049,1185339.000,54412,1,T1,1,100,33.114
1738261332.963054,1185473.000,54428,1,T1,1,100,32.943
1738261333.096060,1185606.000,54459,1,T1,1,100,33.011
1738261333.229064,1185739.000,54474,1,T1,1,100,33.005
1738261333.363070,1185873.000,54491,1,T1,1,100,33.073
1738261333.496075,1186006.000,54523,1,T1,1,100,33.067
1738261333.629080,1186139.000,54538,1,T1,1,100,32.994
1738261333.763085,1186273.000,54555,1,T1,1,100,32.962
1738261333.896090,1186406.000,54585,1,T1,1,100,33.054
1738261334.029095,1186539.000,54601,1,T1,1,100,33.024
1738261334.163100,1186673.000,54619,1,T1,1,100,33.152
1738261334.296105,1186806.000,54650,1,T1,1,100,33.101
1738261334.429110,1186939.000,54665,1,T1,1,100,33.079
1738261334.563115,1187073.000,54681,1,T1,1,100,33.070
1738261334.696120,1187206.000,54712,1,T1,1,100,32.959
1738261334.829125,1187339.000,54727,1,T1,1,100,32.982
1738261334.963130,1187473.000,54743,1,T1,1,100,33.134
1738261335.096135,1187606.000,54776,1,T1,1,100,33.200
1738261335.229141,1187739.000,54791,1,T1,1,100,33.122
1738261335.362145,1187872.000,54808,1,T1,1,100,33.195
1738261335.496150,1188006.000,54823,1,T1,1,100,33.120
1738261335.629156,1188139.000,54854,1,T1,1,100,33.087
1738261335.762161,1188272.000,54870,1,T1,1,100,33.073
1738261335.896166,1188406.000,54885,1,T1,1,100,33.103
1738261336.029171,1188539.000,54918,1,T1,1,100,33.115
1738261336.162176,1188672.000,54934,1,T1,1,100,33.014
1738261336.296181,1188806.000,54949,1,T1,1,100,33.042
1738261336.429186,1188939.000,54980,1,T1,1,100,33.124
1738261336.562191,1189072.000,54996,1,T1,1,100,33.089
1738261336.696196,1189206.000,55012,1,T1,1,100,33.003
1738261336.829201,1189339.000,55044,1,T1,1,100,33.001
1738261336.962206,1189472.000,55060,1,T1,1,100,33.072
1738261337.096211,1189606.000,55076,1,T1,1,100,33.066
1738261337.229216,1189739.000,55106,1,T1,1,100,33.064
1738261337.362221,1189872.000,55123,1,T1,1,100,33.063
1738261337.496227,1190006.000,55140,1,T1,1,100,33.063
1738261337.629231,1190139.000,55161,1,T1,1,100,33.098
1738261337.762237,1190272.000,55179,1,T1,1,100,33.007
1738261337.896242,1190406.000,55195,1,T1,1,100,33.145
1738261338.029247,1190539.000,55226,1,T1,1,100,33.027
1738261338.162252,1190672.000,55241,1,T1,1,100,33.047
1738261338.296257,1190806.000,55257,1,T1,1,100,33.091
1738261338.429262,1190939.000,55288,1,T1,1,100,33.040
1738261338.562267,1191072.000,55303,1,T1,1,100,33.017
1738261338.695272,1191205.000,55322,1,T1,1,100,33.043
1738261338.829277,1191339.000,55352,1,T1,1,100,33.019
1738261338.962282,1191472.000,55367,1,T1,1,100,33.008
1738261339.095287,1191605.000,55384,1,T1,1,100,33.110
1738261339.229292,1191739.000,55414,1,T1,1,100,33.083
1738261339.362297,1191872.000,55432,1,T1,1,100,33.178
1738261339.495302,1192005.000,55448,1,T1,1,100,33.148
1738261339.629308,1192139.000,55479,1,T1,1,100,33.099
1738261339.762312,1192272.000,55494,1,T1,1,100,33.078
1738261339.895318,1192405.000,55510,1,T1,1,100,33.069
1738261340.029323,1192539.000,55525,1,T1,1,100,33.065
1738261340.162328,1192672.000,55556,1,T1,1,100,32.993
1738261340.295333,1192805.000,55574,1,T1,1,100,33.032
1738261340.429338,1192939.000,55590,1,T1,1,100,33.156
1738261340.562343,1193072.000,55620,1,T1,1,100,33.209
1738261340.695348,1193205.000,55637,1,T1,1,100,33.091
1738261340.829353,1193339.000,55652,1,T1,1,100,33.146
1738261340.962358,1193472.000,55683,1,T1,1,100,33.169
1738261341.095363,1193605.000,55699,1,T1,1,100,33.144
1738261341.229368,1193739.000,55716,1,T1,1,100,33.133
1738261341.362373,1193872.000,55747,1,T1,1,100,33.200
1738261341.495378,1194005.000,55763,1,T1,1,100,33.122
1738261341.629383,1194139.000,55778,1,T1,1,100,33.053
1738261341.762388,1194272.000,55809,1,T1,1,100,33.094
1738261341.895393,1194405.000,55825,1,T1,1,100,33.111
1738261342.028399,1194538.000,55841,1,T1,1,100,33.084
1738261342.162404,1194672.000,55873,1,T1,1,100,33.001
1738261342.295408,1194805.000,55889,1,T1,1,100,33.071
1738261342.428414,1194938.000,55907,1,T1,1,100,32.960
1738261342.562419,1195072.000,55923,1,T1,1,100,33.124
1738261342.695424,1195205.000,55959,1,T1,1,100,33.018
1738261342.828429,1195338.000,55976,1,T1,1,100,33.079
1738261342.962434,1195472.000,55992,1,T1,1,100,33.034
1738261343.095439,1195605.000,56008,1,T1,1,100,33.121
1738261343.228444,1195738.000,56038,1,T1,1,100,33.088
1738261343.362449,1195872.000,56055,1,T1,1,100,33.038
1738261343.495454,1196005.000,56070,1,T1,1,100,33.052
1738261343.628459,1196138.000,56086,1,T1,1,100,33.093
1738261343.762464,1196272.000,56119,1,T1,1,100,33.111
1738261343.895469,1196405.000,56134,1,T1,1,100,33.190
1738261344.028474,1196538.000,56151,1,T1,1,100,33.224
1738261344.162479,1196672.000,56181,1,T1,1,100,33.203
1738261344.295485,1196805.000,56196,1,T1,1,100,33.123
1738261344.428489,1196938.000,56213,1,T1,1,100,33.195
1738261344.562495,1197072.000,56243,1,T1,1,100,33.226
1738261344.695500,1197205.000,56261,1,T1,1,100,33.169
1738261344.828505,1197338.000,56277,1,T1,1,100,33.109
1738261344.962510,1197472.000,56308,1,T1,1,100,33.047
1738261345.095515,1197605.000,56323,1,T1,1,100,33.091
1738261345.228520,1197738.000,56339,1,T1,1,100,33.181
1738261345.361525,1197871.000,56354,1,T1,1,100,33.149
1738261345.495530,1198005.000,56385,1,T1,1,100,33.029
1738261345.628535,1198138.000,56403,1,T1,1,100,33.048
1738261345.761540,1198271.000,56419,1,T1,1,100,33.092
1738261345.895545,1198405.000,56449,1,T1,1,100,33.075
1738261346.028550,1198538.000,56466,1,T1,1,100,33.068
1738261346.161555,1198671.000,56483,1,T1,1,100,33.065
1738261346.295560,1198805.000,56514,1,T1,1,100,32.993
1738261346.428566,1198938.000,56530,1,T1,1,100,33.032
1738261346.561570,1199071.000,56547,1,T1,1,100,33.120
1738261346.695575,1199205.000,56578,1,T1,1,100,33.123
1738261346.828581,1199338.000,56594,1,T1,1,100,33.195
1738261346.961586,1199471.000,56611,1,T1,1,100,33.191
1738261347.095591,1199605.000,56642,1,T1,1,100,33.260
1738261347.228596,1199738.000,56658,1,T1,1,100,33.183
1738261347.361601,1199871.000,56674,1,T1,1,100,33.079
1738261347.495606,1200005.000,56692,1,T1,1,100,33.034
1738261347.628611,1200138.000,56725,1,T1,1,100,33.157
1738261347.761616,1200271.000,56740,1,T1,1,100,33.103
1738261347.895621,1200405.000,56761,1,T1,1,100,33.116
1738261348.028626,1200538.000,56777,1,T1,1,100,33.121
1738261348.161631,1200671.000,56807,1,T1,1,100,33.123
1738261348.295636,1200805.000,56825,1,T1,1,100,33.089
1738261348.428641,1200938.000,56841,1,T1,1,100,33.074
1738261348.561646,1201071.000,56871,1,T1,1,100,33.174
1738261348.695652,1201205.000,56888,1,T1,1,100,33.252
1738261348.828656,1201338.000,56903,1,T1,1,100,33.180
1738261348.961662,1201471.000,56919,1,T1,1,100,33.113
1738261349.095667,1201605.000,56950,1,T1,1,100,33.191
1738261349.228672,1201738.000,56965,1,T1,1,100,33.154
1738261349.361677,1201871.000,56984,1,T1,1,100,33.031
1738261349.494682,1202004.000,57014,1,T1,1,100,33.084
1738261349.628687,1202138.000,57029,1,T1,1,100,33.178
1738261349.761692,1202271.000,57046,1,T1,1,100,33.113
1738261349.894697,1202404.000,57076,1,T1,1,100,33.191
1738261350.028702,1202538.000,57094,1,T1,1,100,33.153
1738261350.161707,1202671.000,57110,1,T1,1,100,33.173
1738261350.294712,1202804.000,57141,1,T1,1,100,33.252
1738261350.428717,1202938.000,57156,1,T1,1,100,33.109
1738261350.561722,1203071.000,57174,1,T1,1,100,33.012
1738261350.694727,1203204.000,57189,1,T1,1,100,33.076
1738261350.828732,1203338.000,57220,1,T1,1,100,33.104
1738261350.961737,1203471.000,57236,1,T1,1,100,33.116
1738261351.094743,1203604.000,57252,1,T1,1,100,33.015
1738261351.228748,1203738.000,57282,1,T1,1,100,33.077
1738261351.361753,1203871.000,57299,1,T1,1,100,33.069
1738261351.494758,1204004.000,57316,1,T1,1,100,33.065
1738261351.628763,1204138.000,57347,1,T1,1,100,33.135
1738261351.761768,1204271.000,57363,1,T1,1,100,33.094
1738261351.894773,1204404.000,57378,1,T1,1,100,33.111
1738261352.027778,1204537.000,57409,1,T1,1,100,33.155
1738261352.161783,1204671.000,57425,1,T1,1,100,33.067
1738261352.294788,1204804.000,57440,1,T1,1,100,33.100
1738261352.427793,1204937.000,57475,1,T1,1,100,33.150
1738261352.561798,1205071.000,57491,1,T1,1,100,33.100
1738261352.694803,1205204.000,57507,1,T1,1,100,33.079
1738261352.828808,1205338.000,57537,1,T1,1,100,33.070
1738261352.961813,1205471.000,57559,1,T1,1,100,33.101
1738261353.094818,1205604.000,57574,1,T1,1,100,33.079
1738261353.227823,1205737.000,57592,1,T1,1,100,33.105
1738261353.361829,1205871.000,57608,1,T1,1,100,33.116
1738261353.494833,1206004.000,57638,1,T1,1,100,33.121
1738261353.627839,1206137.000,57654,1,T1,1,100,33.017
1738261353.761844,1206271.000,57670,1,T1,1,100,33.114
1738261353.894849,1206404.000,57700,1,T1,1,100,33.120
1738261354.027854,1206537.000,57717,1,T1,1,100,33.087
1738261354.161859,1206671.000,57734,1,T1,1,100,33.144
1738261354.294864,1206804.000,57765,1,T1,1,100,33.098
1738261354.427869,1206937.000,57781,1,T1,1,100,33.149
1738261354.561874,1207071.000,57796,1,T1,1,100,33.029
1738261354.694879,1207204.000,57827,1,T1,1,100,33.083
1738261354.827884,1207337.000,57843,1,T1,1,100,33.107
1738261354.961889,1207471.000,57860,1,T1,1,100,33.117
1738261355.094894,1207604.000,57877,1,T1,1,100,33.086
1738261355.227899,1207737.000,57907,1,T1,1,100,33.073
1738261355.360904,1207870.000,57923,1,T1,1,100,33.138
1738261355.494910,1208004.000,57939,1,T1,1,100,33.131
1738261355.627914,1208137.000,57970,1,T1,1,100,33.163
1738261355.760920,1208270.000,57987,1,T1,1,100,33.070
1738261355.894925,1208404.000,58003,1,T1,1,100,33.101
1738261356.027930,1208537.000,58034,1,T1,1,100,33.008
1738261356.160935,1208670.000,58049,1,T1,1,100,33.039
1738261356.294940,1208804.000,58065,1,T1,1,100,33.052
1738261356.427945,1208937.000,58081,1,T1,1,100,33.058
1738261356.560950,1209070.000,58111,1,T1,1,100,33.025
1738261356.694955,1209204.000,58130,1,T1,1,100,33.082
1738261356.827960,1209337.000,58145,1,T1,1,100,33.213
1738261356.960965,1209470.000,58176,1,T1,1,100,33.198
1738261357.094970,1209604.000,58192,1,T1,1,100,33.157
1738261357.227975,1209737.000,58207,1,T1,1,100,33.068
1738261357.360980,1209870.000,58242,1,T1,1,100,33.171
1738261357.494985,1210004.000,58258,1,T1,1,100,33.110
1738261357.627990,1210137.000,58273,1,T1,1,100,33.047
1738261357.760995,1210270.000,58304,1,T1,1,100,33.021
1738261357.895000,1210404.000,58320,1,T1,1,100,33.080
1738261358.028006,1210537.000,58338,1,T1,1,100,33.070
1738261358.161011,1210670.000,58359,1,T1,1,100,33.101
1738261358.295016,1210804.000,58374,1,T1,1,100,33.150
1738261358.428021,1210937.000,58405,1,T1,1,100,33.171
1738261358.561026,1211070.000,58421,1,T1,1,100,33.110
1738261358.694031,1211203.000,58437,1,T1,1,100,33.118
1738261358.828036,1211337.000,58467,1,T1,1,100,33.087
1738261358.961041,1211470.000,58483,1,T1,1,100,33.073
1738261359.094046,1211603.000,58501,1,T1,1,100,33.102
1738261359.228051,1211737.000,58531,1,T1,1,100,33.044
1738261359.361056,1211870.000,58548,1,T1,1,100,33.090
1738261359.494061,1212003.000,58563,1,T1,1,100,33.110
1738261359.628066,1212137.000,58594,1,T1,1,100,33.083
1738261359.761071,1212270.000,58610,1,T1,1,100,33.071
1738261359.894076,1212403.000,58625,1,T1,1,100,33.244
1738261360.028081,1212537.000,58643,1,T1,1,100,33.212
1738261360.161087,1212670.000,58674,1,T1,1,100,33.163
1738261360.294091,1212803.000,58689,1,T1,1,100,33.106
1738261360.428097,1212937.000,58706,1,T1,1,100,33.117
1738261360.561102,1213070.000,58736,1,T1,1,100,33.157
1738261360.694107,1213203.000,58752,1,T1,1,100,33.103
1738261360.828112,1213337.000,58768,1,T1,1,100,33.116
1738261360.961117,1213470.000,58801,1,T1,1,100,33.121
1738261361.094122,1213603.000,58816,1,T1,1,100,33.123
1738261361.228127,1213737.000,58832,1,T1,1,100,33.160
1738261361.361132,1213870.000,58863,1,T1,1,100,33.140
1738261361.494137,1214003.000,58878,1,T1,1,100,33.202
1738261361.628142,1214137.000,58894,1,T1,1,100,33.158
1738261361.761147,1214270.000,58927,1,T1,1,100,33.104
1738261361.894152,1214403.000,58942,1,T1,1,100,33.187
1738261362.028157,1214537.000,58959,1,T1,1,100,33.152
1738261362.161162,1214670.000,58974,1,T1,1,100,33.137
1738261362.294168,1214803.000,59005,1,T1,1,100,33.024
1738261362.427172,1214936.000,59023,1,T1,1,100,33.046
1738261362.561177,1215070.000,59038,1,T1,1,100,33.091
1738261362.694183,1215203.000,59071,1,T1,1,100,33.181
1738261362.827188,1215336.000,59087,1,T1,1,100,33.114
1738261362.961193,1215470.000,59102,1,T1,1,100,33.085
1738261363.094198,1215603.000,59133,1,T1,1,100,33.108
1738261363.227203,1215736.000,59154,1,T1,1,100,33.117
1738261363.361208,1215870.000,59170,1,T1,1,100,33.157
1738261363.494213,1216003.000,59186,1,T1,1,100,33.139
1738261363.627218,1216136.000,59201,1,T1,1,100,33.096
1738261363.761223,1216270.000,59234,1,T1,1,100,33.148
1738261363.894228,1216403.000,59250,1,T1,1,100,33.064
1738261364.027233,1216536.000,59266,1,T1,1,100,33.134
1738261364.161238,1216670.000,59296,1,T1,1,100,33.023
1738261364.294243,1216803.000,59312,1,T1,1,100,33.010
1738261364.427248,1216936.000,59328,1,T1,1,100,33.075
1738261364.561254,1217070.000,59360,1,T1,1,100,33.245
1738261364.694258,1217203.000,59377,1,T1,1,100,33.177
1738261364.827264,1217336.000,59392,1,T1,1,100,33.077
1738261364.961269,1217470.000,59423,1,T1,1,100,33.104
1738261365.094274,1217603.000,59439,1,T1,1,100,33.187
1738261365.227279,1217736.000,59454,1,T1,1,100,33.116
1738261365.360284,1217869.000,59470,1,T1,1,100,33.086
1738261365.494289,1218003.000,59501,1,T1,1,100,33.073
1738261365.627294,1218136.000,59518,1,T1,1,100,33.067
1738261365.760299,1218269.000,59535,1,T1,1,100,33.064
1738261365.894304,1218403.000,59565,1,T1,1,100,33.063
1738261366.027309,1218536.000,59581,1,T1,1,100,32.992
1738261366.160314,1218669.000,59597,1,T1,1,100,33.103
1738261366.294319,1218803.000,59628,1,T1,1,100,33.080
1738261366.427324,1218936.000,59643,1,T1,1,100,33.070
1738261366.560329,1219069.000,59659,1,T1,1,100,33.137
1738261366.694335,1219203.000,59692,1,T1,1,100,33.130
1738261366.827339,1219336.000,59707,1,T1,1,100,33.021
1738261366.960345,1219469.000,59723,1,T1,1,100,32.974
1738261367.094350,1219603.000,59754,1,T1,1,100,33.059
1738261367.227355,1219736.000,59769,1,T1,1,100,33.061
1738261367.360360,1219869.000,59786,1,T1,1,100,33.062
1738261367.494365,1220003.000,59803,1,T1,1,100,33.169
1738261367.627370,1220136.000,59836,1,T1,1,100,33.144
1738261367.760375,1220269.000,59852,1,T1,1,100,33.204
1738261367.894380,1220403.000,59867,1,T1,1,100,33.124
1738261368.027385,1220536.000,59898,1,T1,1,100,33.160
1738261368.160390,1220669.000,59914,1,T1,1,100,33.140
1738261368.294395,1220803.000,59929,1,T1,1,100,33.132
1738261368.427400,1220936.000,59951,1,T1,1,100,33.163
1738261368.560405,1221069.000,59981,1,T1,1,100,33.035
1738261368.694410,1221203.000,59997,1,T1,1,100,33.193
1738261368.827415,1221336.000,60013,1,T1,1,100,33.261
1738261368.960420,1221469.000,60028,1,T1,1,100,33.148
1738261369.093426,1221602.000,60059,1,T1,1,100,33.277
1738261369.227431,1221736.000,60075,1,T1,1,100,33.120
1738261369.360436,1221869.000,60092,1,T1,1,100,33.123
1738261369.493441,1222002.000,60123,1,T1,1,100,33.124
1738261369.627446,1222136.000,60139,1,T1,1,100,33.160
1738261369.760451,1222269.000,60155,1,T1,1,100,33.140
1738261369.893456,1222402.000,60185,1,T1,1,100,33.167
1738261370.027461,1222536.000,60204,1,T1,1,100,33.108
1738261370.160466,1222669.000,60219,1,T1,1,100,33.118
1738261370.293471,1222802.000,60250,1,T1,1,100,33.051
1738261370.427476,1222936.000,60266,1,T1,1,100,33.093
1738261370.560481,1223069.000,60281,1,T1,1,100,33.111
1738261370.693486,1223202.000,60297,1,T1,1,100,33.084
1738261370.827491,1223336.000,60330,1,T1,1,100,33.072
1738261370.960496,1223469.000,60345,1,T1,1,100,33.031
1738261371.093501,1223602.000,60362,1,T1,1,100,33.049
1738261371.227506,1223736.000,60392,1,T1,1,100,33.163
1738261371.360512,1223869.000,60408,1,T1,1,100,33.141
1738261371.493516,1224002.000,60426,1,T1,1,100,33.097
1738261371.627522,1224136.000,60457,1,T1,1,100,33.184
1738261371.760527,1224269.000,60472,1,T1,1,100,33.186
1738261371.893532,1224402.000,60488,1,T1,1,100,33.187
1738261372.026537,1224535.000,60519,1,T1,1,100,33.116
1738261372.160542,1224669.000,60536,1,T1,1,100,33.121
1738261372.293547,1224802.000,60552,1,T1,1,100,33.230
1738261372.427552,1224936.000,60585,1,T1,1,100,33.206
1738261372.560557,1225069.000,60600,1,T1,1,100,33.231
1738261372.693562,1225202.000,60617,1,T1,1,100,33.242
1738261372.826567,1225335.000,60632,1,T1,1,100,33.246
1738261372.960572,1225469.000,60664,1,T1,1,100,33.107
1738261373.093577,1225602.000,60681,1,T1,1,100,33.082
1738261373.226582,1225735.000,60696,1,T1,1,100,33.106
1738261373.360587,1225869.000,60727,1,T1,1,100,33.081
1738261373.493593,1226002.000,60749,1,T1,1,100,33.142
1738261373.626597,1226135.000,60764,1,T1,1,100,33.168
1738261373.760602,1226269.000,60781,1,T1,1,100,33.214
1738261373.893608,1226402.000,60798,1,T1,1,100,33.199
1738261374.026613,1226535.000,60829,1,T1,1,100,33.228
1738261374.160618,1226669.000,60845,1,T1,1,100,33.170
1738261374.293623,1226802.000,60860,1,T1,1,100,33.109
1738261374.426628,1226935.000,60891,1,T1,1,100,33.118
1738261374.560633,1227069.000,60907,1,T1,1,100,33.087
1738261374.693638,1227202.000,60923,1,T1,1,100,33.073
1738261374.826643,1227335.000,60955,1,T1,1,100,33.067
1738261374.960648,1227469.000,60971,1,T1,1,100,33.100
1738261375.093653,1227602.000,60987,1,T1,1,100,33.079
1738261375.226658,1227735.000,61003,1,T1,1,100,33.069
1738261375.360663,1227869.000,61034,1,T1,1,100,33.101
1738261375.493668,1228002.000,61049,1,T1,1,100,33.115
1738261375.626673,1228135.000,61067,1,T1,1,100,33.121
1738261375.760679,1228269.000,61098,1,T1,1,100,33.265
1738261375.893683,1228402.000,61113,1,T1,1,100,33.327
1738261376.026689,1228535.000,61130,1,T1,1,100,33.283
1738261376.159694,1228668.000,61160,1,T1,1,100,33.264
1738261376.293699,1228802.000,61175,1,T1,1,100,33.256
1738261376.426704,1228935.000,61192,1,T1,1,100,33.146
1738261376.559709,1229068.000,61224,1,T1,1,100,33.134
1738261376.693714,1229202.000,61240,1,T1,1,100,33.129
1738261376.826719,1229335.000,61256,1,T1,1,100,33.162
1738261376.959724,1229468.000,61271,1,T1,1,100,33.212
1738261377.093729,1229602.000,61302,1,T1,1,100,33.056
1738261377.226734,1229735.000,61318,1,T1,1,100,33.024
1738261377.359739,1229868.000,61334,1,T1,1,100,33.117
1738261377.493744,1230002.000,61368,1,T1,1,100,33.157
1738261377.626749,1230135.000,61384,1,T1,1,100,33.139
1738261377.759754,1230268.000,61400,1,T1,1,100,33.096
1738261377.893759,1230402.000,61430,1,T1,1,100,33.254
1738261378.026764,1230535.000,61447,1,T1,1,100,33.252
1738261378.159770,1230668.000,61462,1,T1,1,100,33.251
1738261378.293775,1230802.000,61495,1,T1,1,100,33.179
1738261378.426780,1230935.000,61511,1,T1,1,100,33.219
1738261378.560285,1231068.500,61531,2,T1,1,100,33.130
1738261378.693790,1231202.000,61531,2,T1,1,100,33.127
1738261378.826795,1231335.000,61562,1,T1,1,100,33.339
1738261378.959800,1231468.000,61577,1,T1,1,100,33.217
1738261379.093805,1231602.000,61594,1,T1,1,100,33.165
1738261379.226810,1231735.000,61626,1,T1,1,100,33.142
1738261379.359815,1231868.000,61642,1,T1,1,100,33.203
1738261379.492820,1232001.000,61658,1,T1,1,100,33.230
1738261379.626825,1232135.000,61689,1,T1,1,100,33.206
1738261379.759830,1232268.000,61704,1,T1,1,100,33.089
1738261379.892835,1232401.000,61720,1,T1,1,100,33.145
1738261380.026840,1232535.000,61753,1,T1,1,100,33.134
1738261380.159845,1232668.000,61768,1,T1,1,100,33.093
1738261380.292850,1232801.000,61784,1,T1,1,100,33.147
1738261380.426856,1232935.000,61815,1,T1,1,100,33.134
1738261380.559861,1233068.000,61830,1,T1,1,100,33.129
1738261380.692866,1233201.000,61847,1,T1,1,100,33.127
1738261380.826871,1233335.000,61862,1,T1,1,100,33.161
1738261380.959876,1233468.000,61892,1,T1,1,100,33.212
1738261381.092881,1233601.000,61911,1,T1,1,100,33.162
1738261381.226886,1233735.000,61926,1,T1,1,100,33.106
1738261381.359891,1233868.000,61957,1,T1,1,100,33.081
1738261381.492896,1234001.000,61973,1,T1,1,100,33.142
1738261381.626901,1234135.000,61988,1,T1,1,100,33.239
1738261381.759906,1234268.000,62019,1,T1,1,100,33.174
1738261381.892911,1234401.000,62037,1,T1,1,100,33.111
1738261382.025916,1234534.000,62053,1,T1,1,100,33.225
1738261382.159921,1234668.000,62083,1,T1,1,100,33.239
1738261382.292926,1234801.000,62099,1,T1,1,100,33.104
1738261382.425931,1234934.000,62117,1,T1,1,100,33.151
1738261382.559937,1235068.000,62147,1,T1,1,100,33.136
1738261382.692941,1235201.000,62166,1,T1,1,100,33.165
1738261382.825947,1235334.000,62181,1,T1,1,100,33.036
1738261382.959952,1235468.000,62212,1,T1,1,100,33.157
1738261383.092957,1235601.000,62228,1,T1,1,100,33.174
1738261383.225962,1235734.000,62243,1,T1,1,100,33.217
1738261383.359967,1235868.000,62259,1,T1,1,100,33.165
1738261383.492972,1236001.000,62292,1,T1,1,100,33.071
1738261383.625977,1236134.000,62307,1,T1,1,100,33.031
1738261383.759982,1236268.000,62331,1,T1,1,100,33.049
1738261383.892987,1236401.000,62346,1,T1,1,100,33.057
1738261384.025992,1236534.000,62377,1,T1,1,100,33.131
1738261384.159997,1236668.000,62395,1,T1,1,100,33.234
1738261384.293002,1236801.000,62410,1,T1,1,100,33.208
1738261384.426007,1236934.000,62427,1,T1,1,100,33.196
1738261384.560012,1237068.000,62457,1,T1,1,100,33.227
1738261384.693017,1237201.000,62473,1,T1,1,100,33.134
1738261384.826022,1237334.000,62489,1,T1,1,100,33.164
1738261384.960027,1237468.000,62522,1,T1,1,100,33.106
1738261385.093033,1237601.000,62537,1,T1,1,100,33.117
1738261385.226038,1237734.000,62553,1,T1,1,100,33.157
1738261385.359043,1237867.000,62584,1,T1,1,100,33.103
1738261385.493048,1238001.000,62599,1,T1,1,100,33.116
1738261385.626053,1238134.000,62615,1,T1,1,100,33.192
1738261385.759058,1238267.000,62648,1,T1,1,100,33.189
1738261385.893063,1238401.000,62663,1,T1,1,100,33.117
1738261386.026068,1238534.000,62680,1,T1,1,100,33.193
1738261386.159073,1238667.000,62710,1,T1,1,100,33.225
1738261386.293078,1238801.000,62727,1,T1,1,100,33.204
1738261386.426083,1238934.000,62744,1,T1,1,100,33.124
1738261386.559088,1239067.000,62759,1,T1,1,100,33.089
1738261386.693093,1239201.000,62790,1,T1,1,100,33.109
1738261386.826098,1239334.000,62806,1,T1,1,100,33.083
1738261386.959103,1239467.000,62823,1,T1,1,100,33.071
1738261387.093108,1239601.000,62856,1,T1,1,100,33.173
1738261387.226114,1239734.000,62872,1,T1,1,100,33.146
1738261387.359119,1239867.000,62888,1,T1,1,100,33.134
1738261387.493124,1240001.000,62920,1,T1,1,100,33.129
1738261387.626129,1240134.000,62936,1,T1,1,100,33.162
1738261387.759134,1240267.000,62952,1,T1,1,100,33.070
1738261387.893139,1240401.000,62984,1,T1,1,100,33.101
1738261388.026144,1240534.000,63001,1,T1,1,100,33.079
1738261388.159149,1240667.000,63016,1,T1,1,100,33.141
1738261388.293154,1240801.000,63032,1,T1,1,100,33.096
1738261388.426159,1240934.000,63063,1,T1,1,100,33.148
1738261388.559164,1241067.000,63078,1,T1,1,100,33.241
1738261388.692169,1241200.000,63095,1,T1,1,100,33.317
1738261388.826174,1241334.000,63132,1,T1,1,100,33.208
1738261388.959179,1241467.000,63148,1,T1,1,100,33.055
1738261389.092184,1241600.000,63164,1,T1,1,100,33.201
1738261389.226189,1241734.000,63179,1,T1,1,100,33.193
1738261389.359195,1241867.000,63195,1,T1,1,100,33.190
1738261389.492200,1242000.000,63228,1,T1,1,100,33.189
1738261389.626205,1242134.000,63243,1,T1,1,100,33.259
1738261389.759210,1242267.000,63260,1,T1,1,100,33.183
1738261389.892215,1242400.000,63290,1,T1,1,100,33.186
1738261390.026220,1242534.000,63306,1,T1,1,100,33.080
1738261390.159225,1242667.000,63322,1,T1,1,100,33.070
1738261390.292230,1242800.000,63353,1,T1,1,100,33.137
1738261390.426235,1242934.000,63370,1,T1,1,100,33.130
1738261390.559240,1243067.000,63386,1,T1,1,100,33.127
1738261390.692245,1243200.000,63417,1,T1,1,100,33.161
1738261390.826250,1243334.000,63432,1,T1,1,100,33.105
1738261390.959255,1243467.000,63448,1,T1,1,100,33.152
1738261391.092260,1243600.000,63479,1,T1,1,100,33.172
1738261391.226265,1243734.000,63494,1,T1,1,100,33.181
1738261391.359270,1243867.000,63513,1,T1,1,100,33.220
1738261391.492275,1244000.000,63543,1,T1,1,100,33.202
1738261391.626281,1244134.000,63558,1,T1,1,100,33.194
1738261391.759286,1244267.000,63575,1,T1,1,100,33.261
1738261391.892291,1244400.000,63590,1,T1,1,100,33.184
1738261392.026296,1244534.000,63621,1,T1,1,100,33.221
1738261392.159301,1244667.000,63637,1,T1,1,100,33.238
1738261392.292306,1244800.000,63652,1,T1,1,100,33.316
1738261392.425311,1244933.000,63687,1,T1,1,100,33.207
1738261392.559316,1245067.000,63703,1,T1,1,100,33.161
1738261392.692321,1245200.000,63719,1,T1,1,100,33.247
1738261392.825326,1245333.000,63749,1,T1,1,100,33.284
1738261392.959331,1245467.000,63765,1,T1,1,100,33.158
1738261393.092336,1245600.000,63781,1,T1,1,100,33.175
1738261393.225341,1245733.000,63811,1,T1,1,100,33.147
1738261393.359346,1245867.000,63828,1,T1,1,100,33.134
1738261393.492351,1246000.000,63845,1,T1,1,100,33.129
1738261393.625356,1246133.000,63861,1,T1,1,100,33.162
1738261393.759362,1246267.000,63892,1,T1,1,100,33.247
1738261393.892366,1246400.000,63907,1,T1,1,100,33.249
1738261394.025372,1246533.000,63929,1,T1,1,100,33.179
1738261394.159377,1246667.000,63944,1,T1,1,100,33.148
1738261394.292382,1246800.000,63975,1,T1,1,100,33.170
1738261394.425387,1246933.000,63993,1,T1,1,100,33.145
1738261394.559392,1247067.000,64008,1,T1,1,100,33.098
1738261394.692397,1247200.000,64039,1,T1,1,100,33.149
1738261394.825402,1247333.000,64055,1,T1,1,100,33.206
1738261394.959407,1247467.000,64070,1,T1,1,100,33.231
1738261395.092412,1247600.000,64087,1,T1,1,100,33.206
1738261395.225417,1247733.000,64117,1,T1,1,100,33.267
1738261395.359422,1247867.000,64135,1,T1,1,100,33.257
1738261395.492427,1248000.000,64151,1,T1,1,100,33.253
1738261395.625432,1248133.000,64182,1,T1,1,100,33.251
1738261395.758437,1248266.000,64197,1,T1,1,100,33.251
1738261395.892442,1248400.000,64213,1,T1,1,100,33.286
1738261396.025447,1248533.000,64244,1,T1,1,100,33.265
1738261396.158453,1248666.000,64259,1,T1,1,100,33.186
1738261396.292458,1248800.000,64277,1,T1,1,100,33.116
1738261396.425463,1248933.000,64308,1,T1,1,100,33.121
1738261396.558468,1249066.000,64323,1,T1,1,100,33.088
1738261396.692473,1249200.000,64340,1,T1,1,100,33.003
1738261396.825478,1249333.000,64370,1,T1,1,100,33.072
1738261396.958483,1249466.000,64385,1,T1,1,100,33.102
1738261397.092488,1249600.000,64402,1,T1,1,100,33.080
1738261397.225493,1249733.000,64419,1,T1,1,100,33.070
1738261397.358498,1249866.000,64450,1,T1,1,100,33.137
1738261397.492503,1250000.000,64468,1,T1,1,100,33.130
1738261397.625508,1250133.000,64483,1,T1,1,100,33.163
1738261397.758513,1250266.000,64514,1,T1,1,100,33.106
1738261397.892518,1250400.000,64532,1,T1,1,100,33.188
1738261398.025523,1250533.000,64548,1,T1,1,100,33.152
1738261398.158528,1250666.000,64578,1,T1,1,100,33.137
1738261398.292533,1250800.000,64594,1,T1,1,100,33.095
1738261398.425539,1250933.000,64610,1,T1,1,100,33.183
1738261398.558544,1251066.000,64640,1,T1,1,100,33.150
1738261398.692549,1251200.000,64657,1,T1,1,100,33.029
1738261398.825554,1251333.000,64672,1,T1,1,100,33.225
1738261398.958559,1251466.000,64703,1,T1,1,100,33.239
1738261399.092564,1251600.000,64724,1,T1,1,100,33.210
1738261399.225569,1251733.000,64739,1,T1,1,100,33.197
1738261399.358574,1251866.000,64758,1,T1,1,100,33.085
1738261399.491579,1251999.000,64773,1,T1,1,100,33.143
1738261399.625584,1252133.000,64804,1,T1,1,100,33.204
1738261399.758589,1252266.000,64820,1,T1,1,100,33.124
1738261399.891594,1252399.000,64835,1,T1,1,100,33.195
1738261400.025599,1252533.000,64868,1,T1,1,100,33.226
1738261400.158604,1252666.000,64884,1,T1,1,100,33.240
1738261400.291609,1252799.000,64899,1,T1,1,100,33.175
1738261400.425614,1252933.000,64930,1,T1,1,100,33.182
1738261400.558619,1253066.000,64946,1,T1,1,100,33.150
1738261400.691625,1253199.000,64962,1,T1,1,100,33.065
1738261400.825630,1253333.000,64978,1,T1,1,100,33.063
1738261400.958635,1253466.000,65010,1,T1,1,100,33.205
1738261401.091640,1253599.000,65026,1,T1,1,100,33.124
1738261401.225645,1253733.000,65042,1,T1,1,100,33.089
1738261401.358650,1253866.000,65073,1,T1,1,100,33.251
1738261401.491655,1253999.000,65088,1,T1,1,100,33.286
1738261401.625660,1254133.000,65104,1,T1,1,100,33.301
1738261401.758665,1254266.000,65137,1,T1,1,100,33.166
1738261401.891670,1254399.000,65152,1,T1,1,100,33.107
1738261402.024675,1254532.000,65169,1,T1,1,100,33.295
1738261402.158680,1254666.000,65199,1,T1,1,100,33.198
1738261402.291685,1254799.000,65214,1,T1,1,100,33.050
1738261402.425690,1254933.000,65233,1,T1,1,100,33.128
1738261402.558695,1255066.000,65263,1,T1,1,100,33.162
1738261402.691700,1255199.000,65281,1,T1,1,100,33.105
1738261402.825706,1255333.000,65297,1,T1,1,100,33.117
1738261402.958711,1255466.000,65328,1,T1,1,100,33.192
1738261403.091716,1255599.000,65343,1,T1,1,100,33.154
1738261403.224721,1255732.000,65359,1,T1,1,100,33.138
1738261403.358726,1255866.000,65374,1,T1,1,100,33.201
1738261403.491731,1255999.000,65407,1,T1,1,100,33.229
1738261403.624736,1256132.000,65423,1,T1,1,100,33.170
1738261403.758741,1256266.000,65439,1,T1,1,100,33.251
1738261403.891746,1256399.000,65469,1,T1,1,100,33.109
1738261404.024751,1256532.000,65486,1,T1,1,100,33.118
1738261404.158756,1256666.000,65501,1,T1,1,100,33.193
1738261404.291761,1256799.000,65522,1,T1,1,100,33.154
1738261404.424766,1256932.000,19,1,T1,1,100,33.173
1738261404.558771,1257066.000,34,1,T1,1,100,33.217
1738261404.691776,1257199.000,51,1,T1,1,100,33.129
1738261404.824781,1257332.000,66,1,T1,1,100,33.162
1738261404.958786,1257466.000,96,1,T1,1,100,33.141
1738261405.091791,1257599.000,113,1,T1,1,100,33.167
1738261405.224797,1257732.000,128,1,T1,1,100,33.250
1738261405.358802,1257866.000,161,1,T1,1,100,33.250
1738261405.491807,1257999.000,177,1,T1,1,100,33.250
1738261405.624812,1258132.000,192,1,T1,1,100,33.250
1738261405.757817,1258265.000,223,1,T1,1,100,33.179
1738261405.891822,1258399.000,239,1,T1,1,100,33.148
1738261406.024827,1258532.000,255,1,T1,1,100,33.171
1738261406.157832,1258665.000,285,1,T1,1,100,33.180
1738261406.291837,1258799.000,303,1,T1,1,100,33.184
1738261406.424842,1258932.000,319,1,T1,1,100,33.186
1738261406.557847,1259065.000,349,1,T1,1,100,33.187
1738261406.691852,1259199.000,366,1,T1,1,100,33.116
1738261406.824857,1259332.000,381,1,T1,1,100,33.086
1738261406.957862,1259465.000,397,1,T1,1,100,33.179
1738261407.091867,1259599.000,428,1,T1,1,100,33.184
1738261407.224872,1259732.000,443,1,T1,1,100,33.221
1738261407.357877,1259865.000,459,1,T1,1,100,33.131
1738261407.491883,1259999.000,494,1,T1,1,100,33.092
1738261407.624888,1260132.000,509,1,T1,1,100,33.146
1738261407.757893,1260265.000,526,1,T1,1,100,33.170
1738261407.891898,1260399.000,556,1,T1,1,100,33.180
1738261408.024903,1260532.000,572,1,T1,1,100,33.149
1738261408.157908,1260665.000,588,1,T1,1,100,33.206
1738261408.291913,1260799.000,621,1,T1,1,100,33.231
1738261408.424918,1260932.000,636,1,T1,1,100,33.171
1738261408.557923,1261065.000,652,1,T1,1,100,33.251
1738261408.690928,1261198.000,683,1,T1,1,100,33.286
1738261408.824933,1261332.000,698,1,T1,1,100,33.230
1738261408.957938,1261465.000,714,1,T1,1,100,33.170
1738261409.091943,1261599.000,730,1,T1,1,100,33.287
1738261409.224948,1261732.000,762,1,T1,1,100,33.230
1738261409.357953,1261865.000,782,1,T1,1,100,33.241
1738261409.490958,1261998.000,797,1,T1,1,100,33.175
1738261409.624964,1262132.000,813,1,T1,1,100,33.218
1738261409.757969,1262265.000,844,1,T1,1,100,33.236
1738261409.890974,1262398.000,859,1,T1,1,100,33.244
1738261410.024979,1262532.000,876,1,T1,1,100,33.176
1738261410.157984,1262665.000,908,1,T1,1,100,33.147
1738261410.290989,1262798.000,923,1,T1,1,100,33.135
1738261410.424994,1262932.000,940,1,T1,1,100,33.094
1738261410.557999,1263065.000,955,1,T1,1,100,33.111
1738261410.691004,1263198.000,986,1,T1,1,100,33.155
1738261410.825009,1263332.000,1002,1,T1,1,100,33.173
1738261410.958014,1263465.000,1017,1,T1,1,100,33.217
1738261411.091019,1263598.000,1050,1,T1,1,100,33.236
1738261411.225024,1263732.000,1066,1,T1,1,100,33.315
1738261411.358029,1263865.000,1082,1,T1,1,100,33.243
1738261411.491034,1263998.000,1112,1,T1,1,100,33.176
1738261411.625039,1264132.000,1128,1,T1,1,100,33.147
1738261411.758044,1264265.000,1144,1,T1,1,100,33.312
1738261411.891050,1264398.000,1176,1,T1,1,100,33.206
1738261412.024055,1264531.000,1193,1,T1,1,100,33.125
1738261412.158060,1264665.000,1208,1,T1,1,100,33.196
1738261412.291065,1264798.000,1239,1,T1,1,100,33.227
1738261412.425070,1264932.000,1257,1,T1,1,100,33.240
1738261412.558075,1265065.000,1274,1,T1,1,100,33.317
1738261412.691080,1265198.000,1305,1,T1,1,100,33.314
1738261412.824085,1265331.000,1321,1,T1,1,100,33.278
1738261412.958090,1265465.000,1336,1,T1,1,100,33.191
1738261413.091095,1265598.000,1353,1,T1,1,100,33.260
1738261413.224100,1265731.000,1383,1,T1,1,100,33.254
1738261413.358105,1265865.000,1401,1,T1,1,100,33.181
1738261413.491110,1265998.000,1417,1,T1,1,100,33.114
1738261413.624115,1266131.000,1448,1,T1,1,100,33.156
1738261413.758120,1266265.000,1463,1,T1,1,100,33.245
1738261413.891125,1266398.000,1479,1,T1,1,100,33.212
1738261414.024130,1266531.000,1512,1,T1,1,100,33.127
1738261414.158136,1266665.000,1527,1,T1,1,100,33.091
1738261414.291141,1266798.000,1543,1,T1,1,100,33.216
1738261414.424146,1266931.000,1581,1,T1,1,100,33.129
1738261414.558151,1267065.000,1596,1,T1,1,100,33.198
1738261414.691156,1267198.000,1613,1,T1,1,100,33.263
1738261414.824161,1267331.000,1645,1,T1,1,100,33.220
1738261414.958166,1267465.000,1660,1,T1,1,100,33.202
1738261415.091171,1267598.000,1677,1,T1,1,100,33.158
1738261415.224176,1267731.000,1692,1,T1,1,100,33.246
1738261415.358181,1267865.000,1723,1,T1,1,100,33.071
1738261415.491186,1267998.000,1739,1,T1,1,100,33.172
1738261415.624191,1268131.000,1754,1,T1,1,100,33.110
1738261415.757196,1268264.000,1787,1,T1,1,100,33.260
1738261415.891201,1268398.000,1803,1,T1,1,100,33.148
1738261416.024206,1268531.000,1819,1,T1,1,100,33.135
1738261416.157211,1268664.000,1849,1,T1,1,100,33.094
1738261416.291216,1268798.000,1865,1,T1,1,100,33.112
1738261416.424222,1268931.000,1881,1,T1,1,100,33.155
1738261416.557227,1269064.000,1913,1,T1,1,100,33.173
1738261416.691232,1269198.000,1930,1,T1,1,100,33.110
1738261416.824237,1269331.000,1945,1,T1,1,100,33.261
1738261416.957242,1269464.000,1976,1,T1,1,100,33.077
1738261417.091247,1269598.000,1992,1,T1,1,100,33.104
1738261417.224252,1269731.000,2007,1,T1,1,100,33.187
1738261417.357257,1269864.000,2042,1,T1,1,100,33.187
1738261417.491262,1269998.000,2058,1,T1,1,100,33.223
1738261417.624267,1270131.000,2073,1,T1,1,100,33.309
1738261417.757272,1270264.000,2090,1,T1,1,100,33.276
1738261417.891277,1270398.000,2120,1,T1,1,100,33.190
1738261418.024282,1270531.000,2136,1,T1,1,100,33.153
1738261418.157287,1270664.000,2152,1,T1,1,100,33.137
1738261418.291292,1270798.000,2185,1,T1,1,100,33.201
1738261418.424297,1270931.000,2200,1,T1,1,100,33.229
1738261418.557302,1271064.000,2216,1,T1,1,100,33.276
1738261418.691308,1271198.000,2247,1,T1,1,100,33.297
1738261418.824313,1271331.000,2262,1,T1,1,100,33.306
1738261418.957318,1271464.000,2278,1,T1,1,100,33.310
1738261419.090323,1271597.000,2309,1,T1,1,100,33.382
1738261419.224328,1271731.000,2326,1,T1,1,100,33.236
1738261419.357333,1271864.000,2343,1,T1,1,100,33.244
1738261419.490338,1271997.000,2378,1,T1,1,100,33.212
1738261419.624343,1272131.000,2393,1,T1,1,100,33.163
1738261419.757348,1272264.000,2410,1,T1,1,100,33.141
1738261419.890353,1272397.000,2425,1,T1,1,100,33.203
1738261420.024358,1272531.000,2456,1,T1,1,100,33.230
1738261420.157363,1272664.000,2472,1,T1,1,100,33.170
1738261420.290368,1272797.000,2489,1,T1,1,100,33.357
1738261420.424373,1272931.000,2520,1,T1,1,100,33.296
1738261420.557378,1273064.000,2536,1,T1,1,100,33.235
1738261420.690383,1273197.000,2552,1,T1,1,100,33.208
1738261420.824389,1273331.000,2582,1,T1,1,100,33.196
1738261420.957394,1273464.000,2598,1,T1,1,100,33.227
1738261421.090399,1273597.000,2614,1,T1,1,100,33.169
1738261421.224404,1273731.000,2646,1,T1,1,100,33.180
1738261421.357409,1273864.000,2663,1,T1,1,100,33.290
1738261421.490414,1273997.000,2678,1,T1,1,100,33.303
1738261421.624419,1274131.000,2694,1,T1,1,100,33.273
1738261421.757424,1274264.000,2725,1,T1,1,100,33.260
1738261421.890429,1274397.000,2740,1,T1,1,100,33.254
1738261422.023434,1274530.000,2757,1,T1,1,100,33.181
1738261422.157439,1274664.000,2789,1,T1,1,100,33.220
1738261422.290444,1274797.000,2804,1,T1,1,100,33.166
1738261422.424449,1274931.000,2823,1,T1,1,100,33.214
1738261422.557454,1275064.000,2853,1,T1,1,100,33.270
1738261422.690459,1275197.000,2869,1,T1,1,100,33.188
1738261422.823464,1275330.000,2885,1,T1,1,100,33.329
1738261422.957469,1275464.000,2918,1,T1,1,100,33.213
1738261423.090475,1275597.000,2933,1,T1,1,100,33.270
1738261423.223480,1275730.000,2949,1,T1,1,100,33.329
1738261423.357485,1275864.000,2980,1,T1,1,100,33.320
1738261423.490490,1275997.000,2995,1,T1,1,100,33.316
1738261423.623495,1276130.000,3011,1,T1,1,100,33.207
1738261423.757500,1276264.000,3044,1,T1,1,100,33.161
1738261423.890505,1276397.000,3059,1,T1,1,100,33.140
1738261424.023510,1276530.000,3076,1,T1,1,100,33.132
1738261424.157515,1276664.000,3091,1,T1,1,100,33.199
1738261424.290520,1276797.000,3122,1,T1,1,100,33.263
1738261424.423525,1276930.000,3138,1,T1,1,100,33.256
1738261424.557530,1277064.000,3153,1,T1,1,100,33.217
1738261424.690535,1277197.000,3177,1,T1,1,100,33.236
1738261424.823540,1277330.000,3207,1,T1,1,100,33.279
1738261424.957545,1277464.000,3222,1,T1,1,100,33.227
1738261425.090550,1277597.000,3239,1,T1,1,100,33.205
1738261425.223555,1277730.000,3269,1,T1,1,100,33.230
1738261425.356560,1277863.000,3285,1,T1,1,100,33.277
1738261425.490566,1277997.000,3301,1,T1,1,100,33.262
1738261425.623571,1278130.000,3334,1,T1,1,100,33.113
1738261425.757576,1278264.000,3349,1,T1,1,100,33.226
1738261425.890581,1278397.000,3365,1,T1,1,100,33.240
1738261426.023586,1278530.000,3380,1,T1,1,100,33.175
1738261426.156591,1278663.000,3411,1,T1,1,100,33.111
1738261426.290596,1278797.000,3427,1,T1,1,100,33.083
1738261426.423601,1278930.000,3445,1,T1,1,100,33.107
1738261426.556606,1279063.000,3475,1,T1,1,100,33.046
1738261426.690611,1279197.000,3492,1,T1,1,100,33.055
1738261426.823616,1279330.000,3507,1,T1,1,100,33.059
1738261426.956621,1279463.000,3538,1,T1,1,100,33.097
1738261427.090626,1279597.000,3556,1,T1,1,100,33.077
1738261427.223631,1279730.000,3571,1,T1,1,100,33.140
1738261427.356636,1279863.000,3604,1,T1,1,100,33.131
1738261427.490641,1279997.000,3620,1,T1,1,100,33.092
1738261427.623646,1280130.000,3635,1,T1,1,100,33.182
1738261427.756652,1280263.000,3668,1,T1,1,100,33.256
1738261427.890657,1280397.000,3684,1,T1,1,100,33.182
1738261428.023662,1280530.000,3700,1,T1,1,100,33.256
1738261428.156667,1280663.000,3716,1,T1,1,100,33.323
1738261428.290672,1280797.000,3746,1,T1,1,100,33.246
1738261428.423677,1280930.000,3762,1,T1,1,100,33.213
1738261428.556682,1281063.000,3780,1,T1,1,100,33.269
1738261428.690687,1281197.000,3811,1,T1,1,100,33.223
1738261428.823692,1281330.000,3826,1,T1,1,100,33.238
1738261428.956697,1281463.000,3842,1,T1,1,100,33.245
1738261429.089702,1281596.000,3873,1,T1,1,100,33.283
1738261429.223707,1281730.000,3888,1,T1,1,100,33.193
1738261429.356712,1281863.000,3905,1,T1,1,100,33.155
1738261429.489717,1281996.000,3937,1,T1,1,100,33.209
1738261429.623722,1282130.000,3952,1,T1,1,100,33.197
1738261429.756727,1282263.000,3974,1,T1,1,100,33.262
1738261429.889733,1282396.000,3989,1,T1,1,100,33.184
1738261430.023738,1282530.000,4020,1,T1,1,100,33.186
1738261430.156743,1282663.000,4036,1,T1,1,100,33.151
1738261430.289748,1282796.000,4053,1,T1,1,100,33.172
1738261430.423753,1282930.000,4084,1,T1,1,100,33.145
1738261430.556758,1283063.000,4100,1,T1,1,100,33.205
1738261430.689763,1283196.000,4116,1,T1,1,100,33.124
1738261430.823768,1283330.000,4132,1,T1,1,100,33.160
1738261430.956773,1283463.000,4162,1,T1,1,100,33.034
1738261431.089778,1283596.000,4178,1,T1,1,100,33.192
1738261431.223783,1283730.000,4196,1,T1,1,100,33.154
1738261431.356788,1283863.000,4227,1,T1,1,100,33.138
1738261431.489793,1283996.000,4242,1,T1,1,100,33.237
1738261431.623798,1284130.000,4258,1,T1,1,100,33.351
1738261431.756803,1284263.000,4289,1,T1,1,100,33.294
1738261431.889808,1284396.000,4304,1,T1,1,100,33.198
1738261432.022814,1284529.000,4321,1,T1,1,100,33.192
1738261432.156819,1284663.000,4353,1,T1,1,100,33.189
1738261432.289824,1284796.000,4368,1,T1,1,100,33.047
1738261432.422829,1284929.000,4387,1,T1,1,100,33.056
1738261432.556834,1285063.000,4417,1,T1,1,100,33.166
1738261432.689839,1285196.000,4433,1,T1,1,100,33.143
1738261432.822844,1285329.000,4449,1,T1,1,100,33.168
1738261432.956849,1285463.000,4482,1,T1,1,100,33.144
1738261433.089854,1285596.000,4497,1,T1,1,100,33.169
1738261433.222859,1285729.000,4513,1,T1,1,100,33.179
1738261433.356864,1285863.000,4528,1,T1,1,100,33.219
1738261433.489869,1285996.000,4559,1,T1,1,100,33.166
1738261433.622874,1286129.000,4575,1,T1,1,100,33.249
1738261433.756879,1286263.000,4591,1,T1,1,100,33.179
1738261433.889884,1286396.000,4621,1,T1,1,100,33.113
1738261434.022889,1286529.000,4640,1,T1,1,100,33.120
1738261434.156894,1286663.000,4655,1,T1,1,100,33.194
1738261434.289900,1286796.000,4686,1,T1,1,100,33.155
1738261434.422904,1286929.000,4702,1,T1,1,100,33.138
1738261434.556910,1287063.000,4717,1,T1,1,100,33.201
1738261434.689915,1287196.000,4748,1,T1,1,100,33.264
1738261434.822920,1287329.000,4769,2,T1,1,100,33.292
1738261434.955925,1287462.000,4769,2,T1,1,100,33.197
1738261435.089930,1287596.000,4786,1,T1,1,100,33.227
1738261435.222935,1287729.000,4816,1,T1,1,100,33.205
1738261435.355940,1287862.000,4832,1,T1,1,100,33.230
1738261435.489945,1287996.000,4848,1,T1,1,100,33.171
1738261435.622950,1288129.000,4879,1,T1,1,100,33.180
1738261435.755955,1288262.000,4894,1,T1,1,100,33.184
1738261435.889960,1288396.000,4912,1,T1,1,100,33.222
1738261436.022965,1288529.000,4943,1,T1,1,100,33.096
1738261436.155970,1288662.000,4958,1,T1,1,100,33.148
1738261436.289975,1288796.000,4974,1,T1,1,100,33.170
1738261436.422980,1288929.000,5005,1,T1,1,100,33.109
1738261436.555985,1289062.000,5020,1,T1,1,100,33.118
1738261436.689991,1289196.000,5037,1,T1,1,100,33.157
1738261436.822996,1289329.000,5069,1,T1,1,100,33.175
1738261436.956001,1289462.000,5084,1,T1,1,100,33.146
1738261437.090006,1289596.000,5101,1,T1,1,100,33.347
1738261437.223011,1289729.000,5116,1,T1,1,100,33.292
1738261437.356016,1289862.000,5147,1,T1,1,100,33.268
1738261437.490021,1289996.000,5165,1,T1,1,100,33.222
1738261437.623026,1290129.000,5182,1,T1,1,100,33.238
1738261437.756031,1290262.000,5213,1,T1,1,100,33.280
1738261437.890036,1290396.000,5229,1,T1,1,100,33.263
1738261438.023041,1290529.000,5245,1,T1,1,100,33.256
1738261438.156046,1290662.000,5275,1,T1,1,100,33.252
1738261438.290051,1290796.000,5291,1,T1,1,100,33.287
1738261438.423056,1290929.000,5307,1,T1,1,100,33.266
1738261438.556061,1291062.000,5339,1,T1,1,100,33.292
1738261438.690066,1291196.000,5356,1,T1,1,100,33.339
1738261438.823071,1291329.000,5371,1,T1,1,100,33.289
1738261438.956077,1291462.000,5387,1,T1,1,100,33.231
1738261439.089082,1291595.000,5420,1,T1,1,100,33.171
1738261439.223087,1291729.000,5435,1,T1,1,100,33.180
1738261439.356092,1291862.000,5452,1,T1,1,100,33.184
1738261439.489097,1291995.000,5482,1,T1,1,100,33.151
1738261439.623102,1292129.000,5497,1,T1,1,100,33.136
1738261439.756107,1292262.000,5514,1,T1,1,100,33.130
1738261439.889112,1292395.000,5546,1,T1,1,100,33.127
1738261440.023117,1292529.000,5569,1,T1,1,100,33.161
1738261440.156122,1292662.000,5585,1,T1,1,100,33.141
1738261440.289127,1292795.000,5616,1,T1,1,100,33.238
1738261440.423132,1292929.000,5631,1,T1,1,100,33.245
1738261440.556137,1293062.000,5649,1,T1,1,100,33.248
1738261440.689142,1293195.000,5664,1,T1,1,100,33.285
1738261440.823147,1293329.000,5695,1,T1,1,100,33.265
1738261440.956152,1293462.000,5711,1,T1,1,100,33.256
1738261441.089158,1293595.000,5727,1,T1,1,100,33.146
1738261441.223163,1293729.000,5759,1,T1,1,100,33.134
1738261441.356168,1293862.000,5776,1,T1,1,100,33.164
1738261441.489173,1293995.000,5791,1,T1,1,100,33.213
1738261441.623178,1294129.000,5822,1,T1,1,100,33.199
1738261441.756183,1294262.000,5838,1,T1,1,100,33.157
1738261441.889188,1294395.000,5853,1,T1,1,100,33.210
1738261442.022193,1294528.000,5884,1,T1,1,100,33.197
1738261442.156198,1294662.000,5902,1,T1,1,100,33.121
1738261442.289203,1294795.000,5917,1,T1,1,100,33.159
1738261442.422208,1294928.000,5950,1,T1,1,100,33.210
1738261442.556213,1295062.000,5966,1,T1,1,100,33.233
1738261442.689218,1295195.000,5982,1,T1,1,100,33.314
1738261442.822223,1295328.000,6012,1,T1,1,100,33.207
1738261442.956228,1295462.000,6030,1,T1,1,100,33.231
1738261443.089233,1295595.000,6046,1,T1,1,100,33.277
1738261443.222239,1295728.000,6062,1,T1,1,100,33.262
1738261443.356244,1295862.000,6093,1,T1,1,100,33.220
1738261443.489249,1295995.000,6108,1,T1,1,100,33.131
1738261443.622254,1296128.000,6124,1,T1,1,100,33.127
1738261443.756259,1296262.000,6155,1,T1,1,100,33.232
1738261443.889264,1296395.000,6172,1,T1,1,100,33.207
1738261444.022269,1296528.000,6189,1,T1,1,100,33.196
1738261444.156274,1296662.000,6219,1,T1,1,100,33.156
1738261444.289279,1296795.000,6234,1,T1,1,100,33.245
1738261444.422284,1296928.000,6251,1,T1,1,100,33.212
1738261444.556289,1297062.000,6281,1,T1,1,100,33.269
1738261444.689294,1297195.000,6297,1,T1,1,100,33.187
1738261444.822299,1297328.000,6315,1,T1,1,100,33.294
1738261444.956304,1297462.000,6346,1,T1,1,100,33.233
1738261445.089309,1297595.000,6366,1,T1,1,100,33.207
1738261445.222314,1297728.000,6382,1,T1,1,100,33.125
1738261445.355319,1297861.000,6398,1,T1,1,100,33.267
1738261445.489325,1297995.000,6428,1,T1,1,100,33.186
1738261445.622329,1298128.000,6444,1,T1,1,100,33.187
1738261445.755335,1298261.000,6462,1,T1,1,100,33.223
1738261445.889340,1298395.000,6492,1,T1,1,100,33.167
1738261446.022345,1298528.000,6509,1,T1,1,100,33.143
1738261446.155350,1298661.000,6524,1,T1,1,100,33.133
1738261446.289355,1298795.000,6540,1,T1,1,100,33.235
1738261446.422360,1298928.000,6571,1,T1,1,100,33.243
1738261446.555365,1299061.000,6586,1,T1,1,100,33.176
1738261446.689370,1299195.000,6605,1,T1,1,100,33.147
1738261446.822375,1299328.000,6635,1,T1,1,100,33.170
1738261446.955380,1299461.000,6650,1,T1,1,100,33.144
1738261447.089385,1299595.000,6667,1,T1,1,100,33.240
1738261447.222390,1299728.000,6697,1,T1,1,100,33.281
1738261447.355395,1299861.000,6713,1,T1,1,100,33.263
1738261447.489400,1299995.000,6731,1,T1,1,100,33.220
1738261447.622405,1300128.000,6764,1,T1,1,100,33.202
1738261447.755410,1300261.000,6779,1,T1,1,100,33.265
1738261447.889416,1300395.000,6795,1,T1,1,100,33.256
1738261448.022421,1300528.000,6810,1,T1,1,100,33.288
1738261448.155426,1300661.000,6841,1,T1,1,100,33.231
1738261448.289431,1300795.000,6857,1,T1,1,100,33.277
1738261448.422436,1300928.000,6873,1,T1,1,100,33.297
1738261448.555441,1301061.000,6905,1,T1,1,100,33.200
1738261448.689446,1301195.000,6922,1,T1,1,100,33.228
1738261448.822451,1301328.000,6937,1,T1,1,100,33.276
1738261448.955456,1301461.000,6968,1,T1,1,100,33.368
1738261449.089461,1301595.000,6984,1,T1,1,100,33.195
1738261449.222466,1301728.000,6999,1,T1,1,100,33.226
1738261449.355471,1301861.000,7032,1,T1,1,100,33.275
1738261449.489476,1301995.000,7048,1,T1,1,100,33.296
1738261449.622481,1302128.000,7063,1,T1,1,100,33.270
1738261449.755486,1302261.000,7094,1,T1,1,100,33.223
1738261449.888491,1302394.000,7110,1,T1,1,100,33.274
1738261450.022496,1302528.000,7128,1,T1,1,100,33.154
1738261450.155502,1302661.000,7144,1,T1,1,100,33.138
1738261450.288507,1302794.000,7180,1,T1,1,100,33.130
1738261450.422512,1302928.000,7195,1,T1,1,100,33.127
1738261450.555517,1303061.000,7211,1,T1,1,100,33.232
1738261450.688522,1303194.000,7242,1,T1,1,100,33.171
1738261450.822527,1303328.000,7259,1,T1,1,100,33.181
1738261450.955532,1303461.000,7275,1,T1,1,100,33.255
1738261451.088537,1303594.000,7306,1,T1,1,100,33.181
1738261451.222542,1303728.000,7321,1,T1,1,100,33.220
1738261451.355547,1303861.000,7338,1,T1,1,100,33.166
1738261451.488552,1303994.000,7370,1,T1,1,100,33.249
1738261451.622557,1304128.000,7385,1,T1,1,100,33.285
1738261451.755562,1304261.000,7402,1,T1,1,100,33.230
1738261451.888567,1304394.000,7417,1,T1,1,100,33.241
1738261452.022572,1304528.000,7448,1,T1,1,100,33.317
1738261452.155577,1304661.000,7466,1,T1,1,100,33.350
1738261452.288583,1304794.000,7481,1,T1,1,100,33.329
1738261452.421587,1304927.000,7514,1,T1,1,100,33.355
1738261452.555593,1305061.000,7530,1,T1,1,100,33.295
1738261452.688598,1305194.000,7546,1,T1,1,100,33.199
1738261452.821603,1305327.000,7578,1,T1,1,100,33.157
1738261452.955608,1305461.000,7594,1,T1,1,100,33.174
1738261453.088613,1305594.000,7610,1,T1,1,100,33.146
1738261453.221618,1305727.000,7640,1,T1,1,100,33.170
1738261453.355623,1305861.000,7657,1,T1,1,100,33.180
1738261453.488628,1305994.000,7674,1,T1,1,100,33.255
1738261453.621633,1306127.000,7690,1,T1,1,100,33.288
1738261453.755638,1306261.000,7721,1,T1,1,100,33.266
1738261453.888643,1306394.000,7736,1,T1,1,100,33.151
1738261454.021648,1306527.000,7753,1,T1,1,100,33.242
1738261454.155653,1306661.000,7783,1,T1,1,100,33.247
1738261454.288658,1306794.000,7800,1,T1,1,100,33.107
1738261454.421664,1306927.000,7817,1,T1,1,100,33.117
1738261454.555669,1307061.000,7847,1,T1,1,100,33.193
1738261454.688673,1307194.000,7863,1,T1,1,100,33.225
1738261454.821679,1307327.000,7879,1,T1,1,100,33.168
1738261454.955684,1307461.000,7910,1,T1,1,100,33.321
1738261455.088689,1307594.000,7927,1,T1,1,100,33.281
1738261455.221694,1307727.000,7943,1,T1,1,100,33.263
1738261455.355199,1307860.500,7977,2,T1,1,100,33.256
1738261455.488704,1307994.000,7977,2,T1,1,100,33.288
1738261455.621709,1308127.000,8008,1,T1,1,100,33.160
1738261455.754714,1308260.000,8023,1,T1,1,100,33.176
1738261455.888719,1308394.000,8039,1,T1,1,100,33.147
1738261456.021724,1308527.000,8072,1,T1,1,100,33.134
1738261456.154729,1308660.000,8087,1,T1,1,100,33.094
1738261456.288734,1308794.000,8103,1,T1,1,100,33.111
1738261456.421739,1308927.000,8134,1,T1,1,100,33.155
1738261456.554744,1309060.000,8149,1,T1,1,100,33.173
1738261456.688750,1309194.000,8166,1,T1,1,100,33.217
1738261456.821754,1309327.000,8198,1,T1,1,100,33.165
1738261456.954760,1309460.000,8213,1,T1,1,100,33.178
1738261457.088765,1309594.000,8230,1,T1,1,100,33.183
1738261457.221770,1309727.000,8245,1,T1,1,100,33.079
1738261457.354775,1309860.000,8278,1,T1,1,100,33.070
1738261457.488780,1309994.000,8294,1,T1,1,100,33.137
1738261457.621785,1310127.000,8311,1,T1,1,100,33.165
1738261457.754790,1310260.000,8342,1,T1,1,100,33.178
1738261457.888795,1310394.000,8358,1,T1,1,100,33.148
1738261458.021800,1310527.000,8374,1,T1,1,100,33.277
1738261458.154805,1310660.000,8404,1,T1,1,100,33.226
1738261458.288810,1310794.000,8420,1,T1,1,100,33.169
1738261458.421815,1310927.000,8436,1,T1,1,100,33.215
1738261458.554820,1311060.000,8468,1,T1,1,100,33.270
1738261458.688825,1311194.000,8485,1,T1,1,100,33.259
1738261458.821830,1311327.000,8500,1,T1,1,100,33.254
1738261458.954835,1311460.000,8531,1,T1,1,100,33.216
1738261459.087841,1311593.000,8547,1,T1,1,100,33.235
1738261459.221846,1311727.000,8562,1,T1,1,100,33.279
1738261459.354851,1311860.000,8579,1,T1,1,100,33.156
1738261459.487856,1311993.000,8611,1,T1,1,100,33.139
1738261459.621861,1312127.000,8626,1,T1,1,100,33.237
1738261459.754866,1312260.000,8643,1,T1,1,100,33.174
1738261459.887871,1312393.000,8673,1,T1,1,100,33.111
1738261460.021876,1312527.000,8689,1,T1,1,100,33.154
1738261460.154881,1312660.000,8705,1,T1,1,100,33.138
1738261460.287886,1312793.000,8736,1,T1,1,100,33.166
1738261460.421891,1312927.000,8753,1,T1,1,100,33.249
1738261460.554896,1313060.000,8776,1,T1,1,100,33.321
1738261460.687901,1313193.000,8807,1,T1,1,100,33.387
1738261460.821906,1313327.000,8822,1,T1,1,100,33.274
1738261460.954911,1313460.000,8838,1,T1,1,100,33.225
1738261461.087916,1313593.000,8854,1,T1,1,100,33.204
1738261461.221921,1313727.000,8884,1,T1,1,100,33.230
1738261461.354927,1313860.000,8901,1,T1,1,100,33.206
1738261461.487931,1313993.000,8918,1,T1,1,100,33.266
1738261461.621937,1314127.000,8949,1,T1,1,100,33.293
1738261461.754942,1314260.000,8965,1,T1,1,100,33.268
1738261461.887947,1314393.000,8980,1,T1,1,100,33.187
1738261462.020952,1314526.000,9011,1,T1,1,100,33.258
1738261462.154957,1314660.000,9027,1,T1,1,100,33.254
1738261462.287962,1314793.000,9042,1,T1,1,100,33.322
1738261462.420967,1314926.000,9077,1,T1,1,100,33.246
1738261462.554972,1315060.000,9093,1,T1,1,100,33.355
1738261462.687977,1315193.000,9109,1,T1,1,100,33.260
1738261462.820982,1315326.000,9125,1,T1,1,100,33.183
1738261462.954987,1315460.000,9155,1,T1,1,100,33.150
1738261463.087992,1315593.000,9171,1,T1,1,100,33.171
1738261463.220997,1315726.000,9187,1,T1,1,100,33.145
1738261463.355002,1315860.000,9220,1,T1,1,100,33.240
1738261463.488008,1315993.000,9235,1,T1,1,100,33.210
1738261463.621012,1316126.000,9251,1,T1,1,100,33.197
1738261463.755018,1316260.000,9282,1,T1,1,100,33.227
1738261463.888023,1316393.000,9297,1,T1,1,100,33.098
1738261464.021028,1316526.000,9314,1,T1,1,100,33.184
1738261464.155033,1316660.000,9346,1,T1,1,100,33.222
1738261464.288038,1316793.000,9361,1,T1,1,100,33.238
1738261464.421043,1316926.000,9378,1,T1,1,100,33.209
1738261464.555048,1317060.000,9408,1,T1,1,100,33.339
1738261464.688053,1317193.000,9424,1,T1,1,100,33.324
1738261464.821058,1317326.000,9440,1,T1,1,100,33.353
1738261464.955063,1317460.000,9473,1,T1,1,100,33.330
1738261465.088068,1317593.000,9488,1,T1,1,100,33.285
1738261465.221073,1317726.000,9504,1,T1,1,100,33.265
1738261465.354078,1317859.000,9519,1,T1,1,100,33.256
1738261465.488083,1317993.000,9550,1,T1,1,100,33.253
1738261465.621089,1318126.000,9571,1,T1,1,100,33.216
1738261465.754093,1318259.000,9587,1,T1,1,100,33.271
1738261465.888098,1318393.000,9619,1,T1,1,100,33.259
1738261466.021104,1318526.000,9636,1,T1,1,100,33.289
1738261466.154109,1318659.000,9651,1,T1,1,100,33.338
1738261466.288114,1318793.000,9682,1,T1,1,100,33.288
1738261466.421119,1318926.000,9698,1,T1,1,100,33.266
1738261466.554124,1319059.000,9713,1,T1,1,100,33.257
1738261466.688129,1319193.000,9746,1,T1,1,100,33.289
1738261466.821134,1319326.000,9762,1,T1,1,100,33.196
1738261466.954139,1319459.000,9777,1,T1,1,100,33.227
1738261467.088144,1319593.000,9794,1,T1,1,100,33.204
1738261467.221149,1319726.000,9824,1,T1,1,100,33.301
1738261467.354154,1319859.000,9842,1,T1,1,100,33.201
1738261467.488159,1319993.000,9860,1,T1,1,100,33.229
1738261467.621164,1320126.000,9891,1,T1,1,100,33.170
1738261467.754169,1320259.000,9906,1,T1,1,100,33.180
1738261467.888175,1320393.000,9922,1,T1,1,100,33.113
1738261468.021179,1320526.000,9953,1,T1,1,100,33.155
1738261468.154185,1320659.000,9970,1,T1,1,100,33.245
1738261468.288190,1320793.000,9987,1,T1,1,100,33.248
1738261468.421195,1320926.000,10002,1,T1,1,100,33.320
1738261468.554200,1321059.000,10018,1,T1,1,100,33.174
1738261468.688205,1321193.000,10034,1,T1,1,100,33.217
1738261468.821210,1321326.000,10050,1,T1,1,100,33.307
1738261468.954215,1321459.000,10083,1,T1,1,100,33.275
1738261469.087220,1321592.000,10098,1,T1,1,100,33.261
1738261469.221225,1321726.000,10114,1,T1,1,100,33.290
1738261469.354230,1321859.000,10145,1,T1,1,100,33.196
1738261469.488235,1321993.000,10160,1,T1,1,100,33.120
1738261469.621240,1322126.000,10176,1,T1,1,100,33.229
1738261469.754245,1322259.000,10209,1,T1,1,100,33.241
1738261469.887250,1322392.000,10224,1,T1,1,100,33.317
1738261470.021255,1322526.000,10241,1,T1,1,100,33.102
1738261470.154260,1322659.000,10271,1,T1,1,100,33.257
1738261470.287266,1322792.000,10286,1,T1,1,100,33.253
1738261470.421271,1322926.000,10303,1,T1,1,100,33.251
1738261470.554276,1323059.000,10318,1,T1,1,100,33.144
1738261470.687281,1323192.000,10356,1,T1,1,100,33.133
1738261470.821286,1323326.000,10372,1,T1,1,100,33.200
1738261470.954291,1323459.000,10387,1,T1,1,100,33.157
1738261471.087296,1323592.000,10418,1,T1,1,100,33.103
1738261471.221301,1323726.000,10434,1,T1,1,100,33.151
1738261471.354306,1323859.000,10450,1,T1,1,100,33.207
1738261471.487311,1323992.000,10484,1,T1,1,100,33.161
1738261471.621316,1324126.000,10500,1,T1,1,100,33.211
1738261471.754321,1324259.000,10516,1,T1,1,100,33.269
1738261471.887326,1324392.000,10546,1,T1,1,100,33.294
1738261472.021331,1324526.000,10563,1,T1,1,100,33.304
1738261472.154336,1324659.000,10578,1,T1,1,100,33.203
1738261472.287341,1324792.000,10594,1,T1,1,100,33.265
1738261472.420346,1324925.000,10629,1,T1,1,100,33.256
1738261472.554352,1325059.000,10644,1,T1,1,100,33.111
1738261472.687356,1325192.000,10661,1,T1,1,100,33.119
1738261472.820362,1325325.000,10691,1,T1,1,100,33.193
1738261472.954367,1325459.000,10706,1,T1,1,100,33.119
1738261473.087372,1325592.000,10723,1,T1,1,100,33.193
1738261473.220377,1325725.000,10755,1,T1,1,100,33.190
1738261473.354382,1325859.000,10771,1,T1,1,100,33.153
1738261473.487387,1325992.000,10787,1,T1,1,100,33.173
1738261473.620392,1326125.000,10818,1,T1,1,100,33.217
1738261473.754397,1326259.000,10833,1,T1,1,100,33.129
1738261473.887402,1326392.000,10849,1,T1,1,100,33.233
1738261474.020407,1326525.000,10882,1,T1,1,100,33.172
1738261474.154412,1326659.000,10897,1,T1,1,100,33.145
1738261474.287417,1326792.000,10913,1,T1,1,100,33.205
1738261474.420422,1326925.000,10944,1,T1,1,100,33.266
1738261474.554427,1327059.000,10959,1,T1,1,100,33.257
1738261474.687433,1327192.000,10976,1,T1,1,100,33.218
1738261474.820437,1327325.000,10991,1,T1,1,100,33.236
1738261474.954443,1327459.000,11021,1,T1,1,100,33.279
1738261475.087448,1327592.000,11040,1,T1,1,100,33.263
1738261475.220453,1327725.000,11055,1,T1,1,100,33.220
1738261475.354458,1327859.000,11086,1,T1,1,100,33.272
1738261475.487463,1327992.000,11102,1,T1,1,100,33.260
1738261475.620468,1328125.000,11117,1,T1,1,100,33.254
1738261475.753473,1328258.000,11148,1,T1,1,100,33.216
1738261475.887478,1328392.000,11169,1,T1,1,100,33.129
1738261476.020483,1328525.000,11187,1,T1,1,100,33.269
1738261476.153488,1328658.000,11203,1,T1,1,100,33.258
1738261476.287493,1328792.000,11234,1,T1,1,100,33.218
1738261476.420498,1328925.000,11249,1,T1,1,100,33.307
1738261476.553503,1329058.000,11265,1,T1,1,100,33.239
1738261476.687508,1329192.000,11296,1,T1,1,100,33.174
1738261476.820513,1329325.000,11311,1,T1,1,100,33.146
1738261476.953518,1329458.000,11329,1,T1,1,100,33.205
1738261477.087523,1329592.000,11360,1,T1,1,100,33.266
1738261477.220529,1329725.000,11375,1,T1,1,100,33.221
1738261477.353534,1329858.000,11392,1,T1,1,100,33.309
1738261477.487539,1329992.000,11424,1,T1,1,100,33.275
1738261477.620544,1330125.000,11439,1,T1,1,100,33.296
1738261477.753549,1330258.000,11458,1,T1,1,100,33.235
1738261477.887554,1330392.000,11473,1,T1,1,100,33.350
1738261478.020559,1330525.000,11504,1,T1,1,100,33.258
1738261478.153564,1330658.000,11520,1,T1,1,100,33.253
1738261478.287569,1330792.000,11535,1,T1,1,100,33.216
1738261478.420574,1330925.000,11566,1,T1,1,100,33.271
1738261478.553579,1331058.000,11584,1,T1,1,100,33.188
1738261478.686584,1331191.000,11600,1,T1,1,100,33.259
1738261478.820589,1331325.000,11630,1,T1,1,100,33.147
1738261478.953594,1331458.000,11646,1,T1,1,100,33.170
1738261479.087600,1331592.000,11662,1,T1,1,100,33.180
1738261479.220604,1331725.000,11692,1,T1,1,100,33.220
1738261479.353610,1331858.000,11711,1,T1,1,100,33.095
1738261479.486614,1331991.000,11726,1,T1,1,100,33.183
1738261479.620620,1332125.000,11757,1,T1,1,100,33.150
1738261479.753625,1332258.000,11773,1,T1,1,100,33.171
1738261479.886630,1332391.000,11788,1,T1,1,100,33.180
1738261480.020635,1332525.000,11806,1,T1,1,100,33.291
1738261480.153640,1332658.000,11837,1,T1,1,100,33.268
1738261480.286645,1332791.000,11852,1,T1,1,100,33.258
1738261480.420650,1332925.000,11869,1,T1,1,100,33.218
1738261480.553655,1333058.000,11899,1,T1,1,100,33.272
1738261480.686660,1333191.000,11915,1,T1,1,100,33.259
1738261480.820665,1333325.000,11933,1,T1,1,100,33.289
1738261480.953670,1333458.000,11969,1,T1,1,100,33.267
1738261481.086675,1333591.000,11984,1,T1,1,100,33.222
1738261481.220680,1333725.000,12000,1,T1,1,100,33.238
1738261481.353685,1333858.000,12031,1,T1,1,100,33.209
1738261481.486691,1333991.000,12046,1,T1,1,100,33.268
1738261481.620696,1334125.000,12062,1,T1,1,100,33.293
1738261481.753700,1334258.000,12095,1,T1,1,100,33.304
1738261481.886706,1334391.000,12110,1,T1,1,100,33.238
1738261482.020711,1334525.000,12127,1,T1,1,100,33.209
1738261482.153716,1334658.000,12142,1,T1,1,100,33.268
1738261482.286721,1334791.000,12172,1,T1,1,100,33.151
1738261482.420726,1334925.000,12193,1,T1,1,100,33.136
1738261482.553731,1335058.000,12208,1,T1,1,100,33.272
1738261482.686736,1335191.000,12239,1,T1,1,100,33.224
1738261482.820741,1335325.000,12255,1,T1,1,100,33.203
1738261482.953746,1335458.000,12270,1,T1,1,100,33.301
1738261483.086751,1335591.000,12301,1,T1,1,100,33.272
1738261483.219756,1335724.000,12317,1,T1,1,100,33.189
1738261483.353761,1335858.000,12335,1,T1,1,100,33.153
1738261483.486766,1335991.000,12365,1,T1,1,100,33.243
1738261483.619771,1336124.000,12381,1,T1,1,100,33.283
1738261483.753777,1336258.000,12397,1,T1,1,100,33.264
1738261483.886781,1336391.000,12427,1,T1,1,100,33.256
1738261484.019787,1336524.000,12444,1,T1,1,100,33.253
1738261484.153792,1336658.000,12459,1,T1,1,100,33.180
1738261484.286797,1336791.000,12477,1,T1,1,100,33.255
1738261484.419802,1336924.000,12508,1,T1,1,100,33.181
1738261484.553807,1337058.000,12523,1,T1,1,100,33.220
1738261484.686812,1337191.000,12539,1,T1,1,100,33.202
1738261484.819817,1337324.000,12570,1,T1,1,100,33.158
1738261484.953822,1337458.000,12585,1,T1,1,100,33.139
1738261485.086827,1337591.000,12602,1,T1,1,100,33.238
1738261485.219832,1337724.000,12634,1,T1,1,100,33.245
1738261485.352837,1337857.000,12650,1,T1,1,100,33.141
1738261485.486842,1337991.000,12666,1,T1,1,100,33.203
1738261485.619847,1338124.000,12697,1,T1,1,100,33.265
1738261485.752852,1338257.000,12712,1,T1,1,100,33.186
1738261485.886858,1338391.000,12728,1,T1,1,100,33.151
1738261486.019862,1338524.000,12766,1,T1,1,100,33.101
1738261486.153867,1338658.000,12781,1,T1,1,100,33.185
1738261486.286873,1338791.000,12797,1,T1,1,100,33.222
1738261486.419878,1338924.000,12813,1,T1,1,100,33.167
1738261486.552883,1339057.000,12843,1,T1,1,100,33.179
1738261486.686888,1339191.000,12860,1,T1,1,100,33.255
1738261486.819893,1339324.000,12875,1,T1,1,100,33.217
1738261486.952898,1339457.000,12908,1,T1,1,100,33.200
1738261487.086903,1339591.000,12924,1,T1,1,100,33.264
1738261487.219908,1339724.000,12939,1,T1,1,100,33.256
1738261487.352913,1339857.000,12972,1,T1,1,100,33.146
1738261487.486918,1339991.000,12988,1,T1,1,100,33.063
1738261487.619923,1340124.000,13003,1,T1,1,100,33.098
1738261487.752928,1340257.000,13034,1,T1,1,100,33.113
1738261487.886933,1340391.000,13050,1,T1,1,100,33.120
1738261488.019938,1340524.000,13068,1,T1,1,100,33.194
1738261488.152943,1340657.000,13084,1,T1,1,100,33.261
1738261488.286948,1340791.000,13114,1,T1,1,100,33.255
1738261488.419954,1340924.000,13130,1,T1,1,100,33.252
1738261488.552958,1341057.000,13146,1,T1,1,100,33.215
1738261488.685964,1341190.000,13177,1,T1,1,100,33.306
1738261488.819969,1341324.000,13192,1,T1,1,100,33.132
1738261488.952974,1341457.000,13210,1,T1,1,100,33.164
1738261489.085979,1341590.000,13241,1,T1,1,100,33.284
1738261489.219984,1341724.000,13256,1,T1,1,100,33.194
1738261489.352989,1341857.000,13273,1,T1,1,100,33.155
1738261489.485994,1341990.000,13303,1,T1,1,100,33.209
1738261489.619999,1342124.000,13318,1,T1,1,100,33.126
1738261489.753004,1342257.000,13335,1,T1,1,100,33.125
1738261489.886009,1342390.000,13367,1,T1,1,100,33.054
1738261490.020014,1342524.000,13383,1,T1,1,100,33.023
1738261490.153019,1342657.000,13399,1,T1,1,100,33.117
1738261490.286024,1342790.000,13430,1,T1,1,100,33.157
1738261490.420029,1342924.000,13445,1,T1,1,100,33.103
1738261490.553035,1343057.000,13461,1,T1,1,100,33.187
1738261490.686039,1343190.000,13476,1,T1,1,100,33.258
1738261490.820045,1343324.000,13509,1,T1,1,100,33.183
1738261490.953050,1343457.000,13525,1,T1,1,100,33.221
1738261491.086055,1343590.000,13541,1,T1,1,100,33.273
1738261491.220060,1343724.000,13562,1,T1,1,100,33.295
1738261491.353065,1343857.000,13593,1,T1,1,100,33.270
1738261491.486070,1343990.000,13608,1,T1,1,100,33.152
1738261491.620075,1344124.000,13624,1,T1,1,100,33.208
1738261491.753080,1344257.000,13655,1,T1,1,100,33.232
1738261491.886085,1344390.000,13670,1,T1,1,100,33.136
1738261492.020090,1344524.000,13687,1,T1,1,100,33.307
1738261492.153095,1344657.000,13717,1,T1,1,100,33.310
1738261492.286100,1344790.000,13732,1,T1,1,100,33.276
1738261492.419105,1344923.000,13751,1,T1,1,100,33.190
1738261492.553110,1345057.000,13781,1,T1,1,100,33.189
1738261492.686116,1345190.000,13797,1,T1,1,100,33.223
1738261492.819120,1345323.000,13813,1,T1,1,100,33.274
1738261492.953125,1345457.000,13828,1,T1,1,100,33.260
1738261493.086131,1345590.000,13861,1,T1,1,100,33.148
1738261493.219136,1345723.000,13877,1,T1,1,100,33.064
1738261493.353141,1345857.000,13893,1,T1,1,100,33.099
1738261493.486146,1345990.000,13923,1,T1,1,100,33.078
1738261493.619151,1346123.000,13939,1,T1,1,100,33.140
1738261493.753156,1346257.000,13955,1,T1,1,100,33.167
1738261493.886161,1346390.000,13987,1,T1,1,100,33.179
1738261494.019166,1346523.000,14004,1,T1,1,100,33.219
1738261494.153171,1346657.000,14019,1,T1,1,100,33.237
1738261494.286176,1346790.000,14050,1,T1,1,100,33.244
1738261494.419181,1346923.000,14066,1,T1,1,100,33.212
1738261494.553186,1347057.000,14081,1,T1,1,100,33.127
1738261494.686191,1347190.000,14114,1,T1,1,100,33.197
1738261494.819196,1347323.000,14130,1,T1,1,100,33.121
1738261494.953202,1347457.000,14145,1,T1,1,100,33.123
1738261495.086206,1347590.000,14162,1,T1,1,100,33.195
1738261495.219212,1347723.000,14192,1,T1,1,100,33.262
1738261495.352216,1347856.000,14208,1,T1,1,100,33.255
1738261495.486222,1347990.000,14224,1,T1,1,100,33.288
1738261495.619227,1348123.000,14255,1,T1,1,100,33.302
1738261495.753232,1348257.000,14272,1,T1,1,100,33.272
1738261495.886237,1348390.000,14288,1,T1,1,100,33.189
1738261496.019242,1348523.000,14319,1,T1,1,100,33.117
1738261496.152247,1348656.000,14334,1,T1,1,100,33.122
1738261496.286252,1348790.000,14350,1,T1,1,100,33.194
1738261496.419257,1348923.000,14370,1,T1,1,100,33.191
1738261496.552262,1349056.000,14385,1,T1,1,100,33.224
1738261496.686267,1349190.000,14418,1,T1,1,100,33.274
1738261496.819272,1349323.000,14434,1,T1,1,100,33.296
1738261496.952277,1349456.000,14449,1,T1,1,100,33.234
1738261497.086282,1349590.000,14480,1,T1,1,100,33.208
1738261497.219287,1349723.000,14496,1,T1,1,100,33.196
1738261497.352293,1349856.000,14512,1,T1,1,100,33.191
1738261497.486298,1349990.000,14544,1,T1,1,100,33.189
1738261497.619303,1350123.000,14562,1,T1,1,100,33.117
1738261497.752308,1350256.000,14578,1,T1,1,100,33.157
1738261497.886313,1350390.000,14608,1,T1,1,100,33.245
1738261498.019318,1350523.000,14625,1,T1,1,100,33.283
1738261498.152323,1350656.000,14640,1,T1,1,100,33.158
1738261498.286328,1350790.000,14656,1,T1,1,100,33.246
1738261498.419333,1350923.000,14689,1,T1,1,100,33.248
1738261498.552338,1351056.000,14704,1,T1,1,100,33.249
1738261498.685343,1351189.000,14720,1,T1,1,100,33.179
1738261498.819348,1351323.000,14751,1,T1,1,100,33.113
1738261498.952353,1351456.000,14766,1,T1,1,100,33.226
1738261499.085358,1351589.000,14783,1,T1,1,100,33.275
1738261499.219363,1351723.000,14813,1,T1,1,100,33.261
1738261499.352368,1351856.000,14831,1,T1,1,100,33.326
1738261499.485373,1351989.000,14847,1,T1,1,100,33.283
1738261499.619379,1352123.000,14878,1,T1,1,100,33.193
1738261499.752383,1352256.000,14893,1,T1,1,100,33.225
1738261499.885389,1352389.000,14909,1,T1,1,100,33.381
1738261500.019394,1352523.000,14940,1,T1,1,100,33.307
1738261500.152399,1352656.000,14955,1,T1,1,100,33.204
1738261500.285404,1352789.000,14973,1,T1,1,100,33.301
1738261500.419409,1352923.000,14989,1,T1,1,100,33.237
1738261500.552414,1353056.000,15019,1,T1,1,100,33.209
1738261500.685419,1353189.000,15036,1,T1,1,100,33.232
1738261500.819424,1353323.000,15051,1,T1,1,100,33.242
1738261500.952429,1353456.000,15082,1,T1,1,100,33.282
1738261501.085434,1353589.000,15098,1,T1,1,100,33.158
1738261501.219439,1353723.000,15115,1,T1,1,100,33.175
1738261501.352444,1353856.000,15146,1,T1,1,100,33.253
1738261501.485449,1353989.000,15169,1,T1,1,100,33.287
1738261501.619454,1354123.000,15184,1,T1,1,100,33.230
1738261501.752460,1354256.000,15215,1,T1,1,100,33.242
1738261501.885464,1354389.000,15231,1,T1,1,100,33.282
1738261502.019469,1354523.000,15247,1,T1,1,100,33.228
1738261502.152475,1354656.000,15265,1,T1,1,100,33.347
1738261502.285480,1354789.000,15296,1,T1,1,100,33.327
1738261502.418485,1354922.000,15313,1,T1,1,100,33.390
1738261502.552490,1355056.000,15329,1,T1,1,100,33.346
1738261502.685495,1355189.000,15360,1,T1,1,100,33.292
1738261502.818500,1355322.000,15375,1,T1,1,100,33.233
1738261502.952505,1355456.000,15391,1,T1,1,100,33.242
1738261503.085510,1355589.000,15424,1,T1,1,100,33.247
1738261503.218515,1355722.000,15439,1,T1,1,100,33.213
1738261503.352520,1355856.000,15456,1,T1,1,100,33.199
1738261503.485525,1355989.000,15486,1,T1,1,100,33.192
1738261503.618530,1356122.000,15501,1,T1,1,100,33.154
1738261503.752535,1356256.000,15518,1,T1,1,100,33.138
1738261503.885540,1356389.000,15548,1,T1,1,100,33.201
1738261504.018545,1356522.000,15566,1,T1,1,100,33.123
1738261504.152550,1356656.000,15582,1,T1,1,100,33.088
1738261504.285556,1356789.000,15597,1,T1,1,100,33.180
1738261504.418561,1356922.000,15628,1,T1,1,100,33.220
1738261504.552566,1357056.000,15644,1,T1,1,100,33.166
1738261504.685571,1357189.000,15660,1,T1,1,100,33.143
1738261504.818576,1357322.000,15690,1,T1,1,100,33.275
1738261504.952581,1357456.000,15708,1,T1,1,100,33.190
1738261505.085586,1357589.000,15724,1,T1,1,100,33.188
1738261505.218591,1357722.000,15754,1,T1,1,100,33.152
1738261505.351596,1357855.000,15771,1,T1,1,100,33.172
1738261505.485601,1357989.000,15786,1,T1,1,100,33.252
1738261505.618606,1358122.000,15817,1,T1,1,100,33.109
1738261505.752611,1358256.000,15833,1,T1,1,100,33.189
1738261505.885616,1358389.000,15850,1,T1,1,100,33.188
1738261506.018621,1358522.000,15866,1,T1,1,100,33.117
1738261506.151626,1358655.000,15897,1,T1,1,100,33.086
1738261506.285631,1358789.000,15912,1,T1,1,100,33.073
1738261506.418637,1358922.000,15929,1,T1,1,100,33.173
1738261506.551641,1359055.000,15964,1,T1,1,100,33.181
1738261506.685647,1359189.000,15980,1,T1,1,100,33.149
1738261506.818652,1359322.000,15998,1,T1,1,100,33.171
1738261506.951657,1359455.000,16029,1,T1,1,100,33.180
1738261507.085662,1359589.000,16044,1,T1,1,100,33.149
1738261507.218667,1359722.000,16060,1,T1,1,100,33.206
1738261507.351672,1359855.000,16093,1,T1,1,100,33.125
1738261507.485677,1359989.000,16108,1,T1,1,100,33.125
1738261507.618682,1360122.000,16124,1,T1,1,100,33.160
1738261507.751687,1360255.000,16157,1,T1,1,100,33.211
1738261507.885692,1360389.000,16172,1,T1,1,100,33.269
1738261508.018697,1360522.000,16189,1,T1,1,100,33.294
1738261508.151702,1360655.000,16219,1,T1,1,100,33.304
1738261508.285707,1360789.000,16234,1,T1,1,100,33.273
1738261508.418712,1360922.000,16251,1,T1,1,100,33.225
1738261508.551718,1361055.000,16266,1,T1,1,100,33.168
1738261508.685723,1361189.000,16299,1,T1,1,100,33.215
1738261508.818727,1361322.000,16315,1,T1,1,100,33.235
1738261508.951733,1361455.000,16330,1,T1,1,100,33.279
1738261509.084738,1361588.000,16361,1,T1,1,100,33.298
1738261509.218743,1361722.000,16377,1,T1,1,100,33.164
1738261509.351748,1361855.000,16393,1,T1,1,100,33.177
1738261509.484753,1361988.000,16425,1,T1,1,100,33.219
1738261509.618758,1362122.000,16441,1,T1,1,100,33.201
1738261509.751763,1362255.000,16457,1,T1,1,100,33.300
1738261509.884768,1362388.000,16487,1,T1,1,100,33.272
1738261510.018773,1362522.000,16504,1,T1,1,100,33.259
1738261510.151778,1362655.000,16519,1,T1,1,100,33.183
1738261510.284783,1362788.000,16552,1,T1,1,100,33.150
1738261510.418788,1362922.000,16568,1,T1,1,100,33.207
1738261510.551793,1363055.000,16583,1,T1,1,100,33.231
1738261510.684798,1363188.000,16599,1,T1,1,100,33.242
1738261510.818804,1363322.000,16630,1,T1,1,100,33.176
1738261510.951808,1363455.000,16647,1,T1,1,100,33.218
1738261511.084814,1363588.000,16664,1,T1,1,100,33.236
1738261511.218819,1363722.000,16694,1,T1,1,100,33.244
1738261511.351824,1363855.000,16710,1,T1,1,100,33.247
1738261511.484829,1363988.000,16726,1,T1,1,100,33.178
1738261511.618834,1364122.000,16764,1,T1,1,100,33.148
1738261511.751839,1364255.000,16779,1,T1,1,100,33.170
1738261511.884844,1364388.000,16795,1,T1,1,100,33.180
1738261512.017849,1364521.000,16811,1,T1,1,100,33.184
1738261512.151854,1364655.000,16841,1,T1,1,100,33.222
1738261512.284859,1364788.000,16857,1,T1,1,100,33.273
1738261512.417864,1364921.000,16875,1,T1,1,100,33.225
1738261512.551869,1365055.000,16907,1,T1,1,100,33.274
1738261512.684874,1365188.000,16924,1,T1,1,100,33.190
1738261512.817879,1365321.000,16939,1,T1,1,100,33.153
1738261512.951885,1365455.000,16970,1,T1,1,100,33.137
1738261513.084889,1365588.000,16988,1,T1,1,100,33.095
1738261513.217895,1365721.000,17003,1,T1,1,100,33.112
1738261513.351900,1365855.000,17034,1,T1,1,100,33.119
1738261513.484905,1365988.000,17050,1,T1,1,100,33.193
1738261513.617910,1366121.000,17065,1,T1,1,100,33.119
1738261513.751915,1366255.000,17096,1,T1,1,100,33.193
1738261513.884920,1366388.000,17114,1,T1,1,100,33.155
1738261514.017925,1366521.000,17130,1,T1,1,100,33.280
1738261514.151930,1366655.000,17146,1,T1,1,100,33.298
1738261514.284935,1366788.000,17176,1,T1,1,100,33.200
1738261514.417940,1366921.000,17194,1,T1,1,100,33.051
1738261514.551945,1367055.000,17210,1,T1,1,100,33.164
1738261514.684950,1367188.000,17241,1,T1,1,100,33.213
1738261514.817955,1367321.000,17256,1,T1,1,100,33.163
1738261514.951960,1367455.000,17272,1,T1,1,100,33.212
1738261515.084965,1367588.000,17303,1,T1,1,100,33.269
1738261515.217970,1367721.000,17320,1,T1,1,100,33.152
1738261515.350976,1367854.000,17337,1,T1,1,100,33.208
1738261515.484981,1367988.000,17367,1,T1,1,100,33.125
1738261515.617986,1368121.000,17382,1,T1,1,100,33.196
1738261515.751991,1368255.000,17399,1,T1,1,100,33.191
1738261515.884996,1368388.000,17429,1,T1,1,100,33.225
1738261516.018001,1368521.000,17445,1,T1,1,100,33.274
1738261516.151006,1368654.000,17463,1,T1,1,100,33.154
1738261516.285011,1368788.000,17478,1,T1,1,100,33.102
1738261516.418016,1368921.000,17513,1,T1,1,100,33.151
1738261516.551021,1369054.000,17529,1,T1,1,100,33.172
1738261516.685026,1369188.000,17545,1,T1,1,100,33.216
1738261516.818031,1369321.000,17579,1,T1,1,100,33.200
1738261516.951036,1369454.000,17597,1,T1,1,100,33.193
1738261517.085041,1369588.000,17613,1,T1,1,100,33.261
1738261517.218046,1369721.000,17628,1,T1,1,100,33.290
1738261517.351051,1369854.000,17661,1,T1,1,100,33.267
1738261517.485056,1369988.000,17677,1,T1,1,100,33.222
1738261517.618062,1370121.000,17694,1,T1,1,100,33.202
1738261517.751066,1370254.000,17711,1,T1,1,100,33.229
1738261517.885072,1370388.000,17741,1,T1,1,100,33.135
1738261518.018077,1370521.000,17757,1,T1,1,100,33.200
1738261518.151082,1370654.000,17773,1,T1,1,100,33.193
1738261518.285087,1370788.000,17806,1,T1,1,100,33.190
1738261518.418092,1370921.000,17821,1,T1,1,100,33.366
1738261518.551097,1371054.000,17837,1,T1,1,100,33.265
1738261518.684102,1371187.000,17868,1,T1,1,100,33.256
1738261518.818107,1371321.000,17883,1,T1,1,100,33.217
1738261518.951112,1371454.000,17899,1,T1,1,100,33.165
1738261519.084117,1371587.000,17932,1,T1,1,100,33.320
1738261519.218122,1371721.000,17947,1,T1,1,100,33.316
1738261519.351127,1371854.000,17964,1,T1,1,100,33.172
1738261519.485132,1371988.000,17994,1,T1,1,100,33.216
1738261519.618137,1372121.000,18009,1,T1,1,100,33.271
1738261519.751143,1372254.000,18026,1,T1,1,100,33.259
1738261519.885148,1372388.000,18043,1,T1,1,100,33.218
1738261520.018152,1372521.000,18074,1,T1,1,100,33.201
1738261520.151158,1372654.000,18090,1,T1,1,100,33.229
1738261520.284163,1372787.000,18105,1,T1,1,100,33.170
1738261520.418168,1372921.000,18136,1,T1,1,100,33.109
1738261520.551173,1373054.000,18152,1,T1,1,100,33.118
1738261520.684178,1373187.000,18170,1,T1,1,100,33.193
1738261520.818183,1373321.000,18200,1,T1,1,100,33.225
1738261520.951188,1373454.000,18216,1,T1,1,100,33.204
1738261521.084193,1373587.000,18232,1,T1,1,100,33.195
1738261521.218198,1373721.000,18262,1,T1,1,100,33.297
1738261521.351203,1373854.000,18281,1,T1,1,100,33.270
1738261521.484208,1373987.000,18296,1,T1,1,100,33.259
1738261521.618213,1374121.000,18327,1,T1,1,100,33.183
1738261521.751218,1374254.000,18343,1,T1,1,100,33.221
1738261521.884223,1374387.000,18358,1,T1,1,100,33.167
1738261522.018229,1374521.000,18398,1,T1,1,100,33.214
1738261522.151233,1374654.000,18414,1,T1,1,100,33.305
1738261522.284239,1374787.000,18429,1,T1,1,100,33.238
1738261522.417244,1374920.000,18446,1,T1,1,100,33.245
1738261522.551249,1375054.000,18478,1,T1,1,100,33.141
1738261522.684254,1375187.000,18494,1,T1,1,100,33.132
1738261522.817259,1375320.000,18512,1,T1,1,100,33.128
1738261522.951264,1375454.000,18543,1,T1,1,100,33.162
1738261523.084269,1375587.000,18558,1,T1,1,100,33.176
1738261523.217274,1375720.000,18574,1,T1,1,100,33.147
1738261523.351279,1375854.000,18605,1,T1,1,100,33.135
1738261523.484284,1375987.000,18620,1,T1,1,100,33.165
1738261523.617289,1376120.000,18638,1,T1,1,100,33.213
1738261523.751294,1376254.000,18669,1,T1,1,100,33.269
1738261523.884299,1376387.000,18684,1,T1,1,100,33.223
1738261524.017304,1376520.000,18701,1,T1,1,100,33.203
1738261524.151309,1376654.000,18733,1,T1,1,100,33.265
1738261524.284314,1376787.000,18748,1,T1,1,100,33.221
1738261524.417320,1376920.000,18765,1,T1,1,100,33.202
1738261524.551325,1377054.000,18780,1,T1,1,100,33.158
1738261524.684330,1377187.000,18811,1,T1,1,100,33.139
1738261524.817335,1377320.000,18827,1,T1,1,100,33.238
1738261524.951340,1377454.000,18844,1,T1,1,100,33.174
1738261525.084345,1377587.000,18875,1,T1,1,100,33.252
1738261525.217350,1377720.000,18891,1,T1,1,100,33.180
1738261525.350355,1377853.000,18907,1,T1,1,100,33.255
1738261525.484360,1377987.000,18937,1,T1,1,100,33.181
1738261525.617365,1378120.000,18955,1,T1,1,100,33.185
1738261525.750370,1378253.000,18971,1,T1,1,100,33.186
1738261525.884375,1378387.000,19001,1,T1,1,100,33.152
1738261526.017380,1378520.000,19018,1,T1,1,100,33.101
1738261526.150385,1378653.000,19033,1,T1,1,100,33.221
1738261526.284390,1378787.000,19066,1,T1,1,100,33.237
1738261526.417395,1378920.000,19082,1,T1,1,100,33.209
1738261526.550400,1379053.000,19097,1,T1,1,100,33.197
1738261526.684406,1379187.000,19128,1,T1,1,100,33.262
1738261526.817411,1379320.000,19144,1,T1,1,100,33.184
1738261526.950416,1379453.000,19161,1,T1,1,100,33.222
1738261527.084421,1379587.000,19183,1,T1,1,100,33.167
1738261527.217426,1379720.000,19213,1,T1,1,100,33.179
1738261527.350431,1379853.000,19229,1,T1,1,100,33.255
1738261527.484436,1379987.000,19247,1,T1,1,100,33.217
1738261527.617441,1380120.000,19280,1,T1,1,100,33.129
1738261527.750446,1380253.000,19295,1,T1,1,100,33.162
1738261527.884451,1380387.000,19311,1,T1,1,100,33.177
1738261528.017456,1380520.000,19326,1,T1,1,100,33.218
1738261528.150461,1380653.000,19357,1,T1,1,100,33.201
1738261528.284466,1380787.000,19373,1,T1,1,100,33.158
1738261528.417471,1380920.000,19391,1,T1,1,100,33.210
1738261528.550476,1381053.000,19421,1,T1,1,100,33.197
1738261528.683481,1381186.000,19438,1,T1,1,100,33.121
1738261528.817487,1381320.000,19453,1,T1,1,100,33.123
1738261528.950491,1381453.000,19484,1,T1,1,100,33.195
1738261529.084497,1381587.000,19500,1,T1,1,100,33.120
1738261529.217502,1381720.000,19517,1,T1,1,100,33.087
1738261529.350507,1381853.000,19548,1,T1,1,100,33.109
1738261529.484512,1381987.000,19564,1,T1,1,100,33.224
1738261529.617517,1382120.000,19579,1,T1,1,100,33.381
1738261529.750522,1382253.000,19612,1,T1,1,100,33.307
1738261529.883527,1382386.000,19628,1,T1,1,100,33.274
1738261530.017532,1382520.000,19644,1,T1,1,100,33.154
1738261530.150537,1382653.000,19660,1,T1,1,100,33.138
1738261530.283542,1382786.000,19691,1,T1,1,100,33.130
1738261530.417547,1382920.000,19706,1,T1,1,100,33.163
1738261530.550552,1383053.000,19722,1,T1,1,100,33.212
1738261530.683557,1383186.000,19755,1,T1,1,100,33.234
1738261530.817562,1383320.000,19770,1,T1,1,100,33.243
1738261530.950567,1383453.000,19786,1,T1,1,100,33.247
1738261531.083572,1383586.000,19817,1,T1,1,100,33.213
1738261531.217577,1383720.000,19832,1,T1,1,100,33.128
1738261531.350583,1383853.000,19851,1,T1,1,100,33.197
1738261531.483588,1383986.000,19881,1,T1,1,100,33.298
1738261531.617593,1384120.000,19896,1,T1,1,100,33.235
1738261531.750598,1384253.000,19913,1,T1,1,100,33.315
1738261531.883603,1384386.000,19928,1,T1,1,100,33.207
1738261532.017608,1384520.000,19961,1,T1,1,100,33.231
1738261532.150613,1384653.000,19982,1,T1,1,100,33.206
1738261532.283618,1384786.000,19997,1,T1,1,100,33.125
1738261532.417623,1384920.000,20014,1,T1,1,100,33.196
1738261532.550628,1385053.000,20046,1,T1,1,100,33.227
1738261532.683633,1385186.000,20062,1,T1,1,100,33.169
1738261532.816638,1385319.000,20078,1,T1,1,100,33.250
1738261532.950643,1385453.000,20109,1,T1,1,100,33.215
1738261533.083648,1385586.000,20126,1,T1,1,100,33.093
1738261533.216653,1385719.000,20142,1,T1,1,100,33.147
1738261533.350658,1385853.000,20173,1,T1,1,100,33.205
1738261533.483664,1385986.000,20188,1,T1,1,100,33.160
1738261533.616669,1386119.000,20204,1,T1,1,100,33.105
1738261533.750674,1386253.000,20235,1,T1,1,100,33.152
1738261533.883679,1386386.000,20250,1,T1,1,100,33.207
1738261534.016684,1386519.000,20267,1,T1,1,100,33.196
1738261534.150689,1386653.000,20299,1,T1,1,100,33.227
1738261534.283694,1386786.000,20314,1,T1,1,100,33.204
1738261534.416699,1386919.000,20331,1,T1,1,100,33.159
1738261534.550704,1387053.000,20361,1,T1,1,100,33.104
1738261534.683709,1387186.000,20377,1,T1,1,100,33.222
1738261534.816714,1387319.000,20393,1,T1,1,100,33.132
1738261534.950719,1387453.000,20408,1,T1,1,100,33.199
1738261535.083724,1387586.000,20441,1,T1,1,100,33.263
1738261535.216729,1387719.000,20457,1,T1,1,100,33.256
1738261535.349734,1387852.000,20473,1,T1,1,100,33.288
1738261535.483739,1387986.000,20503,1,T1,1,100,33.231
1738261535.616745,1388119.000,20519,1,T1,1,100,33.171
1738261535.749750,1388252.000,20535,1,T1,1,100,33.180
1738261535.883755,1388386.000,20565,1,T1,1,100,33.113
1738261536.016760,1388519.000,20582,1,T1,1,100,33.191
1738261536.149765,1388652.000,20599,1,T1,1,100,33.224
1738261536.283770,1388786.000,20630,1,T1,1,100,33.133
1738261536.416775,1388919.000,20646,1,T1,1,100,33.093
1738261536.549780,1389052.000,20661,1,T1,1,100,33.111
1738261536.683785,1389186.000,20677,1,T1,1,100,33.119
1738261536.816790,1389319.000,20710,1,T1,1,100,33.229
1738261536.950795,1389453.000,20725,1,T1,1,100,33.205
1738261537.083800,1389586.000,20742,1,T1,1,100,33.231
1738261537.216805,1389719.000,20777,1,T1,1,100,33.171
1738261537.349810,1389852.000,20795,1,T1,1,100,33.251
1738261537.483815,1389986.000,20813,1,T1,1,100,33.215
1738261537.616820,1390119.000,20828,1,T1,1,100,33.270
1738261537.749825,1390252.000,20859,1,T1,1,100,33.223
1738261537.883831,1390386.000,20875,1,T1,1,100,33.132
1738261538.016836,1390519.000,20893,1,T1,1,100,33.199
1738261538.149841,1390652.000,20923,1,T1,1,100,33.228
1738261538.283846,1390786.000,20939,1,T1,1,100,33.099
1738261538.416851,1390919.000,20955,1,T1,1,100,33.291
1738261538.549856,1391052.000,20985,1,T1,1,100,33.339
1738261538.682861,1391185.000,21004,1,T1,1,100,33.288
1738261538.816866,1391319.000,21019,1,T1,1,100,33.196
1738261538.949871,1391452.000,21050,1,T1,1,100,33.226
1738261539.083876,1391586.000,21066,1,T1,1,100,33.275
1738261539.216881,1391719.000,21081,1,T1,1,100,33.261
1738261539.349886,1391852.000,21097,1,T1,1,100,33.290
1738261539.482891,1391985.000,21130,1,T1,1,100,33.232
1738261539.616896,1392119.000,21145,1,T1,1,100,33.136
1738261539.749901,1392252.000,21162,1,T1,1,100,33.165
1738261539.882906,1392385.000,21192,1,T1,1,100,33.213
1738261540.016912,1392519.000,21208,1,T1,1,100,33.199
1738261540.149916,1392652.000,21224,1,T1,1,100,33.192
1738261540.282922,1392785.000,21257,1,T1,1,100,33.261
1738261540.416927,1392919.000,21272,1,T1,1,100,33.184
1738261540.549932,1393052.000,21288,1,T1,1,100,33.221
1738261540.682937,1393185.000,21319,1,T1,1,100,33.167
1738261540.816942,1393319.000,21334,1,T1,1,100,33.143
1738261540.949947,1393452.000,21350,1,T1,1,100,33.204
1738261541.082952,1393585.000,21383,1,T1,1,100,33.195
1738261541.216957,1393719.000,21398,1,T1,1,100,33.120
1738261541.349962,1393852.000,21415,1,T1,1,100,33.123
1738261541.482967,1393985.000,21430,1,T1,1,100,33.159
1738261541.616972,1394119.000,21460,1,T1,1,100,33.140
1738261541.749977,1394252.000,21479,1,T1,1,100,33.167
1738261541.882982,1394385.000,21494,1,T1,1,100,33.214
1738261542.016987,1394519.000,21525,1,T1,1,100,33.234
1738261542.149992,1394652.000,21541,1,T1,1,100,33.208
1738261542.282997,1394785.000,21556,1,T1,1,100,33.125
1738261542.416003,1394918.000,21578,1,T1,1,100,33.161
1738261542.550008,1395052.000,21596,1,T1,1,100,33.211
1738261542.683013,1395185.000,21629,1,T1,1,100,33.198
1738261542.816018,1395318.000,21644,1,T1,1,100,33.192
1738261542.950023,1395452.000,21660,1,T1,1,100,33.119
1738261543.083028,1395585.000,21691,1,T1,1,100,33.087
1738261543.216033,1395718.000,21706,1,T1,1,100,33.179
1738261543.350038,1395852.000,21725,1,T1,1,100,33.184
1738261543.483043,1395985.000,21755,1,T1,1,100,33.186
1738261543.616048,1396118.000,21770,1,T1,1,100,33.151
1738261543.750053,1396252.000,21787,1,T1,1,100,33.172
1738261543.883058,1396385.000,21817,1,T1,1,100,33.145
1738261544.016063,1396518.000,21835,1,T1,1,100,33.205
1738261544.150068,1396652.000,21851,1,T1,1,100,33.124
1738261544.283073,1396785.000,21866,1,T1,1,100,33.160
1738261544.416078,1396918.000,21897,1,T1,1,100,33.140
1738261544.550083,1397052.000,21913,1,T1,1,100,33.096
1738261544.683089,1397185.000,21929,1,T1,1,100,33.183
1738261544.816094,1397318.000,21961,1,T1,1,100,33.221
1738261544.950099,1397452.000,21977,1,T1,1,100,33.167
1738261545.083104,1397585.000,21993,1,T1,1,100,33.249
1738261545.216109,1397718.000,22023,1,T1,1,100,33.214
1738261545.349114,1397851.000,22040,1,T1,1,100,33.235
1738261545.483119,1397985.000,22055,1,T1,1,100,33.137
1738261545.616124,1398118.000,22088,1,T1,1,100,33.201
1738261545.749129,1398251.000,22104,1,T1,1,100,33.193
1738261545.883134,1398385.000,22119,1,T1,1,100,33.225
1738261546.016139,1398518.000,22150,1,T1,1,100,33.204
1738261546.149144,1398651.000,22166,1,T1,1,100,33.230
1738261546.283149,1398785.000,22181,1,T1,1,100,33.241
1738261546.416154,1398918.000,22198,1,T1,1,100,33.211
1738261546.549159,1399051.000,22230,1,T1,1,100,33.198
1738261546.683164,1399185.000,22246,1,T1,1,100,33.192
1738261546.816170,1399318.000,22262,1,T1,1,100,33.118
1738261546.949175,1399451.000,22293,1,T1,1,100,33.158
1738261547.083180,1399585.000,22308,1,T1,1,100,33.175
1738261547.216185,1399718.000,22324,1,T1,1,100,33.217
1738261547.349190,1399851.000,22357,1,T1,1,100,33.236
1738261547.483195,1399985.000,22379,1,T1,1,100,33.173
1738261547.616200,1400118.000,22395,1,T1,1,100,33.181
1738261547.749205,1400251.000,22426,1,T1,1,100,33.185
1738261547.883210,1400385.000,22441,1,T1,1,100,33.222
1738261548.016215,1400518.000,22458,1,T1,1,100,33.238
1738261548.149220,1400651.000,22473,1,T1,1,100,33.174
1738261548.283225,1400785.000,22503,1,T1,1,100,33.252
1738261548.416230,1400918.000,22522,1,T1,1,100,33.287
1738261548.549235,1401051.000,22537,1,T1,1,100,33.266
1738261548.683240,1401185.000,22568,1,T1,1,100,33.186
1738261548.816245,1401318.000,22584,1,T1,1,100,33.222
1738261548.949250,1401451.000,22599,1,T1,1,100,33.273
1738261549.082255,1401584.000,22630,1,T1,1,100,33.225
1738261549.216261,1401718.000,22646,1,T1,1,100,33.204
1738261549.349266,1401851.000,22662,1,T1,1,100,33.194
1738261549.482271,1401984.000,22692,1,T1,1,100,33.191
1738261549.616276,1402118.000,22708,1,T1,1,100,33.153
1738261549.749281,1402251.000,22724,1,T1,1,100,33.244
1738261549.882286,1402384.000,22754,1,T1,1,100,33.141
1738261550.016291,1402518.000,22771,1,T1,1,100,33.238
1738261550.149296,1402651.000,22786,1,T1,1,100,33.068
1738261550.282301,1402784.000,22819,1,T1,1,100,33.171
1738261550.416306,1402918.000,22835,1,T1,1,100,33.216
1738261550.549311,1403051.000,22850,1,T1,1,100,33.200
1738261550.682316,1403184.000,22866,1,T1,1,100,33.299
1738261550.816321,1403318.000,22897,1,T1,1,100,33.307
1738261550.949326,1403451.000,22912,1,T1,1,100,33.310
1738261551.082331,1403584.000,22929,1,T1,1,100,33.276
1738261551.216336,1403718.000,22961,1,T1,1,100,33.261
1738261551.349341,1403851.000,22977,1,T1,1,100,33.184
1738261551.482347,1403984.000,22993,1,T1,1,100,33.151
1738261551.616352,1404118.000,23024,1,T1,1,100,33.136
1738261551.749357,1404251.000,23039,1,T1,1,100,33.094
1738261551.882362,1404384.000,23055,1,T1,1,100,33.218
1738261552.015367,1404517.000,23088,1,T1,1,100,33.201
1738261552.149372,1404651.000,23103,1,T1,1,100,33.158
1738261552.282377,1404784.000,23119,1,T1,1,100,33.246
1738261552.415382,1404917.000,23152,1,T1,1,100,33.213
1738261552.549387,1405051.000,23167,1,T1,1,100,33.234
1738261552.682392,1405184.000,23189,1,T1,1,100,33.172
1738261552.815397,1405317.000,23221,1,T1,1,100,33.323
1738261552.949402,1405451.000,23236,1,T1,1,100,33.246
1738261553.082407,1405584.000,23253,1,T1,1,100,33.106
1738261553.215412,1405717.000,23268,1,T1,1,100,33.117
1738261553.349417,1405851.000,23299,1,T1,1,100,33.122
1738261553.482422,1405984.000,23315,1,T1,1,100,33.088
1738261553.615427,1406117.000,23330,1,T1,1,100,33.074
1738261553.749433,1406251.000,23361,1,T1,1,100,33.103
1738261553.882438,1406384.000,23377,1,T1,1,100,33.151
1738261554.015443,1406517.000,23393,1,T1,1,100,33.207
1738261554.149448,1406651.000,23423,1,T1,1,100,33.161
1738261554.282453,1406784.000,23439,1,T1,1,100,33.211
1738261554.415458,1406917.000,23455,1,T1,1,100,33.198
1738261554.549463,1407051.000,23485,1,T1,1,100,33.192
1738261554.682468,1407184.000,23502,1,T1,1,100,33.154
1738261554.815473,1407317.000,23517,1,T1,1,100,33.173
1738261554.949478,1407451.000,23548,1,T1,1,100,33.288
1738261555.082483,1407584.000,23566,1,T1,1,100,33.302
1738261555.215488,1407717.000,23581,1,T1,1,100,33.237
1738261555.349493,1407851.000,23612,1,T1,1,100,33.244
1738261555.482498,1407984.000,23628,1,T1,1,100,33.283
1738261555.615503,1408117.000,23643,1,T1,1,100,33.229
1738261555.748508,1408250.000,23660,1,T1,1,100,33.205
1738261555.882514,1408384.000,23694,1,T1,1,100,33.231
1738261556.015519,1408517.000,23710,1,T1,1,100,33.171
1738261556.148524,1408650.000,23726,1,T1,1,100,33.180
1738261556.282529,1408784.000,23757,1,T1,1,100,33.149
1738261556.415534,1408917.000,23772,1,T1,1,100,33.206
1738261556.548539,1409050.000,23788,1,T1,1,100,33.231
1738261556.682544,1409184.000,23819,1,T1,1,100,33.242
1738261556.815549,1409317.000,23834,1,T1,1,100,33.211
1738261556.948554,1409450.000,23850,1,T1,1,100,33.233
1738261557.082559,1409584.000,23881,1,T1,1,100,33.136
1738261557.215564,1409717.000,23896,1,T1,1,100,33.201
1738261557.348569,1409850.000,23913,1,T1,1,100,33.158
1738261557.482574,1409984.000,23945,1,T1,1,100,33.246
1738261557.615579,1410117.000,23962,1,T1,1,100,33.284
1738261557.748584,1410250.000,23984,1,T1,1,100,33.229
1738261557.882589,1410384.000,23999,1,T1,1,100,33.170
1738261558.015594,1410517.000,24030,1,T1,1,100,33.251
1738261558.148600,1410650.000,24046,1,T1,1,100,33.250
1738261558.282605,1410784.000,24061,1,T1,1,100,33.250
1738261558.415610,1410917.000,24092,1,T1,1,100,33.356
1738261558.548615,1411050.000,24108,1,T1,1,100,33.225
1738261558.681620,1411183.000,24126,1,T1,1,100,33.239
1738261558.815625,1411317.000,24156,1,T1,1,100,33.210
1738261558.948630,1411450.000,24172,1,T1,1,100,33.126
1738261559.081635,1411583.000,24190,1,T1,1,100,33.090
1738261559.215640,1411717.000,24220,1,T1,1,100,33.181
1738261559.348645,1411850.000,24237,1,T1,1,100,33.185
1738261559.481650,1411983.000,24252,1,T1,1,100,33.257
1738261559.615655,1412117.000,24285,1,T1,1,100,33.182
1738261559.748660,1412250.000,24301,1,T1,1,100,33.114
1738261559.881665,1412383.000,24316,1,T1,1,100,33.191
1738261560.015670,1412517.000,24332,1,T1,1,100,33.225
1738261560.148675,1412650.000,24365,1,T1,1,100,33.168
1738261560.281680,1412783.000,24380,1,T1,1,100,33.250
1738261560.415686,1412917.000,24397,1,T1,1,100,33.285
1738261560.548691,1413050.000,24427,1,T1,1,100,33.265
1738261560.681696,1413183.000,24443,1,T1,1,100,33.150
1738261560.815701,1413317.000,24461,1,T1,1,100,33.171
1738261560.948706,1413450.000,24492,1,T1,1,100,33.181
1738261561.081711,1413583.000,24507,1,T1,1,100,33.184
1738261561.215716,1413717.000,24523,1,T1,1,100,33.293
1738261561.348721,1413850.000,24556,1,T1,1,100,33.268
1738261561.481726,1413983.000,24571,1,T1,1,100,33.293
1738261561.615731,1414117.000,24587,1,T1,1,100,33.411
1738261561.748736,1414250.000,24620,1,T1,1,100,33.319
1738261561.881741,1414383.000,24635,1,T1,1,100,33.280
1738261562.015746,1414517.000,24652,1,T1,1,100,33.369
1738261562.148751,1414650.000,24682,1,T1,1,100,33.195
1738261562.281756,1414783.000,24697,1,T1,1,100,33.262
1738261562.414761,1414916.000,24716,1,T1,1,100,33.255
1738261562.548766,1415050.000,24731,1,T1,1,100,33.288
1738261562.681772,1415183.000,24762,1,T1,1,100,33.195
1738261562.814777,1415316.000,24778,1,T1,1,100,33.191
1738261562.948782,1415450.000,24798,1,T1,1,100,33.224
1738261563.081787,1415583.000,24815,1,T1,1,100,33.168
1738261563.214792,1415716.000,24845,1,T1,1,100,33.179
1738261563.348797,1415850.000,24861,1,T1,1,100,33.148
1738261563.481802,1415983.000,24877,1,T1,1,100,33.241
1738261563.614807,1416116.000,24908,1,T1,1,100,33.211
1738261563.748812,1416250.000,24923,1,T1,1,100,33.198
1738261563.881817,1416383.000,24941,1,T1,1,100,33.192
1738261564.014822,1416516.000,24972,1,T1,1,100,33.225
1738261564.148827,1416650.000,24987,1,T1,1,100,33.204
1738261564.281832,1416783.000,25003,1,T1,1,100,33.265
1738261564.414837,1416916.000,25034,1,T1,1,100,33.221
1738261564.548842,1417050.000,25051,1,T1,1,100,33.273
1738261564.681847,1417183.000,25068,1,T1,1,100,33.260
1738261564.814852,1417316.000,25083,1,T1,1,100,33.325
1738261564.948858,1417450.000,25113,1,T1,1,100,33.212
1738261565.081863,1417583.000,25130,1,T1,1,100,33.375
1738261565.214868,1417716.000,25145,1,T1,1,100,33.304
1738261565.348873,1417850.000,25178,1,T1,1,100,33.309
1738261565.481878,1417983.000,25194,1,T1,1,100,33.275
1738261565.614883,1418116.000,25209,1,T1,1,100,33.332
1738261565.748888,1418250.000,25240,1,T1,1,100,33.321
1738261565.881893,1418383.000,25256,1,T1,1,100,33.316
1738261566.014898,1418516.000,25272,1,T1,1,100,33.243
1738261566.147903,1418649.000,25304,1,T1,1,100,33.247
1738261566.281908,1418783.000,25320,1,T1,1,100,33.249
1738261566.414913,1418916.000,25336,1,T1,1,100,33.285
1738261566.547918,1419049.000,25366,1,T1,1,100,33.230
1738261566.681923,1419183.000,25383,1,T1,1,100,33.277
1738261566.814928,1419316.000,25400,1,T1,1,100,33.226
1738261566.947933,1419449.000,25431,1,T1,1,100,33.240
1738261567.081939,1419583.000,25447,1,T1,1,100,33.175
1738261567.214944,1419716.000,25462,1,T1,1,100,33.217
1738261567.347949,1419849.000,25478,1,T1,1,100,33.271
1738261567.481954,1419983.000,25511,1,T1,1,100,33.330
1738261567.614959,1420116.000,25526,1,T1,1,100,33.356
1738261567.747964,1420249.000,25543,1,T1,1,100,33.296
1738261567.881969,1420383.000,25573,1,T1,1,100,33.199
1738261568.014974,1420516.000,25594,1,T1,1,100,33.157
1738261568.147979,1420649.000,25610,1,T1,1,100,33.281
1738261568.281984,1420783.000,25643,1,T1,1,100,33.263
1738261568.414989,1420916.000,25658,1,T1,1,100,33.185
1738261568.547994,1421049.000,25674,1,T1,1,100,33.186
1738261568.680999,1421182.000,25705,1,T1,1,100,33.258
1738261568.815004,1421316.000,25720,1,T1,1,100,33.289
1738261568.948009,1421449.000,25736,1,T1,1,100,33.231
1738261569.081014,1421582.000,25767,1,T1,1,100,33.277
1738261569.215019,1421716.000,25784,1,T1,1,100,33.297
1738261569.348025,1421849.000,25801,1,T1,1,100,33.235
1738261569.481030,1421982.000,25816,1,T1,1,100,33.173
1738261569.615035,1422116.000,25846,1,T1,1,100,33.252
1738261569.748040,1422249.000,25863,1,T1,1,100,33.144
1738261569.881045,1422382.000,25878,1,T1,1,100,33.240
1738261570.015050,1422516.000,25909,1,T1,1,100,33.210
1738261570.148055,1422649.000,25925,1,T1,1,100,33.233
1738261570.281060,1422782.000,25940,1,T1,1,100,33.313
1738261570.415065,1422916.000,25973,1,T1,1,100,33.277
1738261570.548070,1423049.000,25989,1,T1,1,100,33.120
1738261570.681075,1423182.000,26005,1,T1,1,100,33.194
1738261570.815080,1423316.000,26035,1,T1,1,100,33.261
1738261570.948085,1423449.000,26051,1,T1,1,100,33.148
1738261571.081090,1423582.000,26067,1,T1,1,100,33.206
1738261571.215095,1423716.000,26097,1,T1,1,100,33.337
1738261571.348100,1423849.000,26114,1,T1,1,100,33.323
1738261571.481105,1423982.000,26129,1,T1,1,100,33.282
1738261571.615111,1424116.000,26160,1,T1,1,100,33.264
1738261571.748116,1424249.000,26176,1,T1,1,100,33.362
1738261571.881121,1424382.000,26191,1,T1,1,100,33.440
1738261572.015126,1424516.000,26209,1,T1,1,100,33.297
1738261572.148131,1424649.000,26240,1,T1,1,100,33.306
1738261572.281136,1424782.000,26255,1,T1,1,100,33.310
1738261572.414141,1424915.000,26274,1,T1,1,100,33.276
1738261572.548146,1425049.000,26306,1,T1,1,100,33.190
1738261572.681151,1425182.000,26322,1,T1,1,100,33.224
1738261572.814156,1425315.000,26338,1,T1,1,100,33.203
1738261572.948161,1425449.000,26371,1,T1,1,100,33.265
1738261573.081166,1425582.000,26391,1,T1,1,100,33.150
1738261573.214171,1425715.000,26407,1,T1,1,100,33.100
1738261573.348176,1425849.000,26438,1,T1,1,100,33.221
1738261573.481181,1425982.000,26453,1,T1,1,100,33.202
1738261573.614186,1426115.000,26469,1,T1,1,100,33.123
1738261573.748191,1426249.000,26502,1,T1,1,100,33.160
1738261573.881196,1426382.000,26517,1,T1,1,100,33.175
1738261574.014202,1426515.000,26534,1,T1,1,100,33.218
1738261574.148207,1426649.000,26564,1,T1,1,100,33.342
1738261574.281212,1426782.000,26579,1,T1,1,100,33.219
1738261574.414217,1426915.000,26598,1,T1,1,100,33.308
1738261574.548222,1427049.000,26613,1,T1,1,100,33.169
1738261574.681227,1427182.000,26644,1,T1,1,100,33.179
1738261574.814232,1427315.000,26660,1,T1,1,100,33.255
1738261574.948237,1427449.000,26675,1,T1,1,100,33.252
1738261575.081242,1427582.000,26706,1,T1,1,100,33.215
1738261575.214247,1427715.000,26724,1,T1,1,100,33.164
1738261575.347252,1427848.000,26740,1,T1,1,100,33.248
1738261575.481257,1427982.000,26770,1,T1,1,100,33.285
1738261575.614262,1428115.000,26786,1,T1,1,100,33.230
1738261575.748267,1428249.000,26802,1,T1,1,100,33.277
1738261575.881272,1428382.000,26832,1,T1,1,100,33.332
1738261576.014277,1428515.000,26851,1,T1,1,100,33.286
1738261576.147283,1428648.000,26866,1,T1,1,100,33.265
1738261576.281288,1428782.000,26897,1,T1,1,100,33.257
1738261576.414293,1428915.000,26913,1,T1,1,100,33.324
1738261576.547298,1429048.000,26928,1,T1,1,100,33.317
1738261576.681303,1429182.000,26944,1,T1,1,100,33.279
1738261576.814308,1429315.000,26975,1,T1,1,100,33.227
1738261576.947313,1429448.000,26990,1,T1,1,100,33.240
1738261577.081318,1429582.000,27009,1,T1,1,100,33.281
1738261577.214323,1429715.000,27039,1,T1,1,100,33.157
1738261577.347328,1429848.000,27055,1,T1,1,100,33.210
1738261577.481333,1429982.000,27073,1,T1,1,100,33.162
1738261577.614338,1430115.000,27106,1,T1,1,100,33.212
1738261577.747343,1430248.000,27121,1,T1,1,100,33.198
1738261577.881348,1430382.000,27137,1,T1,1,100,33.263
1738261578.014353,1430515.000,27168,1,T1,1,100,33.291
1738261578.147358,1430648.000,27183,1,T1,1,100,33.268
1738261578.281363,1430782.000,27206,1,T1,1,100,33.222
1738261578.414369,1430915.000,27237,1,T1,1,100,33.309
1738261578.547374,1431048.000,27252,1,T1,1,100,33.311
1738261578.681379,1431182.000,27269,1,T1,1,100,33.276
1738261578.814384,1431315.000,27284,1,T1,1,100,33.368
1738261578.947389,1431448.000,27315,1,T1,1,100,33.372
1738261579.081394,1431582.000,27331,1,T1,1,100,33.232
1738261579.214399,1431715.000,27346,1,T1,1,100,33.313
1738261579.347404,1431848.000,27377,1,T1,1,100,33.206
1738261579.481409,1431982.000,27393,1,T1,1,100,33.302
1738261579.614414,1432115.000,27408,1,T1,1,100,33.308
1738261579.747419,1432248.000,27439,1,T1,1,100,33.311
1738261579.880424,1432381.000,27455,1,T1,1,100,33.276
1738261580.014429,1432515.000,27471,1,T1,1,100,33.261
1738261580.147434,1432648.000,27501,1,T1,1,100,33.290
1738261580.280439,1432781.000,27517,1,T1,1,100,33.267
1738261580.414444,1432915.000,27533,1,T1,1,100,33.187
1738261580.547450,1433048.000,27551,1,T1,1,100,33.329
1738261580.680454,1433181.000,27582,1,T1,1,100,33.284
1738261580.814460,1433315.000,27597,1,T1,1,100,33.158
1738261580.947465,1433448.000,27613,1,T1,1,100,33.104
1738261581.080470,1433581.000,27644,1,T1,1,100,33.222
1738261581.214475,1433715.000,27659,1,T1,1,100,33.203
1738261581.347480,1433848.000,27676,1,T1,1,100,33.194
1738261581.480485,1433981.000,27706,1,T1,1,100,33.190
1738261581.614490,1434115.000,27721,1,T1,1,100,33.331
1738261581.747495,1434248.000,27738,1,T1,1,100,33.285
1738261581.880500,1434381.000,27770,1,T1,1,100,33.230
1738261582.014505,1434515.000,27786,1,T1,1,100,33.277
1738261582.147510,1434648.000,27802,1,T1,1,100,33.368
1738261582.280515,1434781.000,27833,1,T1,1,100,33.301
1738261582.414520,1434915.000,27850,1,T1,1,100,33.272
1738261582.547525,1435048.000,27866,1,T1,1,100,33.295
1738261582.680530,1435181.000,27883,1,T1,1,100,33.269
1738261582.814536,1435315.000,27914,1,T1,1,100,33.188
1738261582.947541,1435448.000,27930,1,T1,1,100,33.294
1738261583.080546,1435581.000,27946,1,T1,1,100,33.269
1738261583.213551,1435714.000,27976,1,T1,1,100,33.223
1738261583.347556,1435848.000,27998,1,T1,1,100,33.238
1738261583.480561,1435981.000,28014,1,T1,1,100,33.209
1738261583.613566,1436114.000,28029,1,T1,1,100,33.162
1738261583.747571,1436248.000,28046,1,T1,1,100,33.247
1738261583.880576,1436381.000,28076,1,T1,1,100,33.178
1738261584.013581,1436514.000,28092,1,T1,1,100,33.148
1738261584.147586,1436648.000,28110,1,T1,1,100,33.170
1738261584.280591,1436781.000,28141,1,T1,1,100,33.216
1738261584.413596,1436914.000,28156,1,T1,1,100,33.164
1738261584.547601,1437048.000,28172,1,T1,1,100,33.213
1738261584.680606,1437181.000,28203,1,T1,1,100,33.234
1738261584.813611,1437314.000,28218,1,T1,1,100,33.314
1738261584.947616,1437448.000,28236,1,T1,1,100,33.313
1738261585.080621,1437581.000,28252,1,T1,1,100,33.277
1738261585.213627,1437714.000,28282,1,T1,1,100,33.297
1738261585.346632,1437847.000,28299,1,T1,1,100,33.235
1738261585.480637,1437981.000,28314,1,T1,1,100,33.173
1738261585.613642,1438114.000,28345,1,T1,1,100,33.287
1738261585.746647,1438247.000,28361,1,T1,1,100,33.337
1738261585.880652,1438381.000,28376,1,T1,1,100,33.217
1738261586.013657,1438514.000,28407,1,T1,1,100,33.236
1738261586.146662,1438647.000,28423,1,T1,1,100,33.244
1738261586.280667,1438781.000,28438,1,T1,1,100,33.212
1738261586.413672,1438914.000,28471,1,T1,1,100,33.233
1738261586.546677,1439047.000,28487,1,T1,1,100,33.172
1738261586.680682,1439181.000,28503,1,T1,1,100,33.287
1738261586.813687,1439314.000,28533,1,T1,1,100,33.266
1738261586.946692,1439447.000,28549,1,T1,1,100,33.257
1738261587.080697,1439581.000,28565,1,T1,1,100,33.147
1738261587.213702,1439714.000,28581,1,T1,1,100,33.241
1738261587.346708,1439847.000,28614,1,T1,1,100,33.246
1738261587.480713,1439981.000,28631,1,T1,1,100,33.319
1738261587.613718,1440114.000,28647,1,T1,1,100,33.174
1738261587.746723,1440247.000,28678,1,T1,1,100,33.323
1738261587.880728,1440381.000,28693,1,T1,1,100,33.282
1738261588.013733,1440514.000,28710,1,T1,1,100,33.264
1738261588.146738,1440647.000,28742,1,T1,1,100,33.220
1738261588.280743,1440781.000,28757,1,T1,1,100,33.237
1738261588.413748,1440914.000,28774,1,T1,1,100,33.244
1738261588.546753,1441047.000,28811,1,T1,1,100,33.212
1738261588.679758,1441180.000,28827,1,T1,1,100,33.127
1738261588.813763,1441314.000,28843,1,T1,1,100,33.232
1738261588.946768,1441447.000,28876,1,T1,1,100,33.242
1738261589.079773,1441580.000,28891,1,T1,1,100,33.282
1738261589.213778,1441714.000,28907,1,T1,1,100,33.299
1738261589.346783,1441847.000,28938,1,T1,1,100,33.307
1738261589.479789,1441980.000,28953,1,T1,1,100,33.275
1738261589.613794,1442114.000,28969,1,T1,1,100,33.296
1738261589.746799,1442247.000,28985,1,T1,1,100,33.305
1738261589.879804,1442380.000,29015,1,T1,1,100,33.274
1738261590.013809,1442514.000,29032,1,T1,1,100,33.260
1738261590.146814,1442647.000,29047,1,T1,1,100,33.184
1738261590.279819,1442780.000,29078,1,T1,1,100,33.257
1738261590.413824,1442914.000,29094,1,T1,1,100,33.253
1738261590.546829,1443047.000,29109,1,T1,1,100,33.251
1738261590.679834,1443180.000,29140,1,T1,1,100,33.286
1738261590.813839,1443314.000,29156,1,T1,1,100,33.266
1738261590.946844,1443447.000,29171,1,T1,1,100,33.257
1738261591.079849,1443580.000,29202,1,T1,1,100,33.253
1738261591.213854,1443714.000,29220,1,T1,1,100,33.145
1738261591.346859,1443847.000,29236,1,T1,1,100,33.240
1738261591.479864,1443980.000,29266,1,T1,1,100,33.246
1738261591.613869,1444114.000,29282,1,T1,1,100,33.177
1738261591.746875,1444247.000,29298,1,T1,1,100,33.219
1738261591.879879,1444380.000,29328,1,T1,1,100,33.343
1738261592.013885,1444514.000,29347,1,T1,1,100,33.326
1738261592.146890,1444647.000,29362,1,T1,1,100,33.247
1738261592.279895,1444780.000,29378,1,T1,1,100,33.320
1738261592.412900,1444913.000,29411,1,T1,1,100,33.316
1738261592.546905,1445047.000,29426,1,T1,1,100,33.349
1738261592.679910,1445180.000,29443,1,T1,1,100,33.222
1738261592.812915,1445313.000,29475,1,T1,1,100,33.273
1738261592.946920,1445447.000,29490,1,T1,1,100,33.296
1738261593.079925,1445580.000,29507,1,T1,1,100,33.305
1738261593.212930,1445713.000,29537,1,T1,1,100,33.274
1738261593.346935,1445847.000,29553,1,T1,1,100,33.225
1738261593.479940,1445980.000,29569,1,T1,1,100,33.204
1738261593.612945,1446113.000,29605,1,T1,1,100,33.194
1738261593.746950,1446247.000,29620,1,T1,1,100,33.191
1738261593.879955,1446380.000,29636,1,T1,1,100,33.331
1738261594.012960,1446513.000,29669,1,T1,1,100,33.285
1738261594.146966,1446647.000,29684,1,T1,1,100,33.194
1738261594.279971,1446780.000,29700,1,T1,1,100,33.190
1738261594.412976,1446913.000,29716,1,T1,1,100,33.295
1738261594.546981,1447047.000,29746,1,T1,1,100,33.270
1738261594.679986,1447180.000,29763,1,T1,1,100,33.152
1738261594.812991,1447313.000,29778,1,T1,1,100,33.208
1738261594.946996,1447447.000,29811,1,T1,1,100,33.303
1738261595.080001,1447580.000,29827,1,T1,1,100,33.273
1738261595.213006,1447713.000,29842,1,T1,1,100,33.260
1738261595.346011,1447846.000,29873,1,T1,1,100,33.254
1738261595.480016,1447980.000,29889,1,T1,1,100,33.216
1738261595.613021,1448113.000,29906,1,T1,1,100,33.235
1738261595.746026,1448246.000,29937,1,T1,1,100,33.244
1738261595.880031,1448380.000,29953,1,T1,1,100,33.283
1738261596.013036,1448513.000,29969,1,T1,1,100,33.335
1738261596.146041,1448646.000,29999,1,T1,1,100,33.287
1738261596.280046,1448780.000,30017,1,T1,1,100,33.266
1738261596.413052,1448913.000,30033,1,T1,1,100,33.257
1738261596.546057,1449046.000,30049,1,T1,1,100,33.182
1738261596.680062,1449180.000,30080,1,T1,1,100,33.150
1738261596.813067,1449313.000,30095,1,T1,1,100,33.100
1738261596.946072,1449446.000,30111,1,T1,1,100,33.221
1738261597.080077,1449580.000,30142,1,T1,1,100,33.237
1738261597.213082,1449713.000,30159,1,T1,1,100,33.315
1738261597.346087,1449846.000,30176,1,T1,1,100,33.314
1738261597.480092,1449980.000,30208,1,T1,1,100,33.313
1738261597.613097,1450113.000,30223,1,T1,1,100,33.313
1738261597.746102,1450246.000,30240,1,T1,1,100,33.313
1738261597.880107,1450380.000,30270,1,T1,1,100,33.242
1738261598.013112,1450513.000,30288,1,T1,1,100,33.282
1738261598.146117,1450646.000,30304,1,T1,1,100,33.299
1738261598.280122,1450780.000,30335,1,T1,1,100,33.236
1738261598.413127,1450913.000,30350,1,T1,1,100,33.315
1738261598.546133,1451046.000,30368,1,T1,1,100,33.313
1738261598.680138,1451180.000,30404,1,T1,1,100,33.277
1738261598.813143,1451313.000,30419,1,T1,1,100,33.333
1738261598.946148,1451446.000,30435,1,T1,1,100,33.392
1738261599.079153,1451579.000,30451,1,T1,1,100,33.418
1738261599.213158,1451713.000,30483,1,T1,1,100,33.323
1738261599.346163,1451846.000,30500,1,T1,1,100,33.246
1738261599.479168,1451979.000,30515,1,T1,1,100,33.284
1738261599.613173,1452113.000,30546,1,T1,1,100,33.265
1738261599.746178,1452246.000,30562,1,T1,1,100,33.150
1738261599.879183,1452379.000,30577,1,T1,1,100,33.207
1738261600.013188,1452513.000,30610,1,T1,1,100,33.338
1738261600.146193,1452646.000,30626,1,T1,1,100,33.288
1738261600.279198,1452779.000,30641,1,T1,1,100,33.337
1738261600.413203,1452913.000,30672,1,T1,1,100,33.288
1738261600.546208,1453046.000,30688,1,T1,1,100,33.302
1738261600.679214,1453179.000,30706,1,T1,1,100,33.379
1738261600.813219,1453313.000,30722,1,T1,1,100,33.341
1738261600.946223,1453446.000,30753,1,T1,1,100,33.254
1738261601.079229,1453579.000,30768,1,T1,1,100,33.358
1738261601.213234,1453713.000,30784,1,T1,1,100,33.332
1738261601.346239,1453846.000,30815,1,T1,1,100,33.286
1738261601.479244,1453979.000,30830,1,T1,1,100,33.265
1738261601.613249,1454113.000,30848,1,T1,1,100,33.292
1738261601.746254,1454246.000,30879,1,T1,1,100,33.304
1738261601.879259,1454379.000,30894,1,T1,1,100,33.202
1738261602.012264,1454512.000,30911,1,T1,1,100,33.300
1738261602.146269,1454646.000,30943,1,T1,1,100,33.272
1738261602.279274,1454779.000,30958,1,T1,1,100,33.224
1738261602.412279,1454912.000,30977,1,T1,1,100,33.310
1738261602.546284,1455046.000,30992,1,T1,1,100,33.311
1738261602.679289,1455179.000,31023,1,T1,1,100,33.241
1738261602.812294,1455312.000,31039,1,T1,1,100,33.246
1738261602.946300,1455446.000,31054,1,T1,1,100,33.177
1738261603.079304,1455579.000,31085,1,T1,1,100,33.254
1738261603.212310,1455712.000,31101,1,T1,1,100,33.287
1738261603.346315,1455846.000,31117,1,T1,1,100,33.231
1738261603.479320,1455979.000,31147,1,T1,1,100,33.313
1738261603.613325,1456113.000,31163,1,T1,1,100,33.313
1738261603.746330,1456246.000,31179,1,T1,1,100,33.383
1738261603.879335,1456379.000,31200,1,T1,1,100,33.272
1738261604.012340,1456512.000,31217,1,T1,1,100,33.189
1738261604.146345,1456646.000,31247,1,T1,1,100,33.223
1738261604.279350,1456779.000,31262,1,T1,1,100,33.132
1738261604.412355,1456912.000,31279,1,T1,1,100,33.234
1738261604.546360,1457046.000,31311,1,T1,1,100,33.314
1738261604.679365,1457179.000,31327,1,T1,1,100,33.384
1738261604.812370,1457312.000,31343,1,T1,1,100,33.344
1738261604.946375,1457446.000,31358,1,T1,1,100,33.361
1738261605.079380,1457579.000,31389,1,T1,1,100,33.369
1738261605.212385,1457712.000,31405,1,T1,1,100,33.372
1738261605.346390,1457846.000,31422,1,T1,1,100,33.197
1738261605.479396,1457979.000,31455,1,T1,1,100,33.227
1738261605.612401,1458112.000,31471,1,T1,1,100,33.311
1738261605.745406,1458245.000,31487,1,T1,1,100,33.312
1738261605.879411,1458379.000,31517,1,T1,1,100,33.312
1738261606.012416,1458512.000,31536,1,T1,1,100,33.206
1738261606.145421,1458645.000,31551,1,T1,1,100,33.196
1738261606.279426,1458779.000,31582,1,T1,1,100,33.156
1738261606.412431,1458912.000,31598,1,T1,1,100,33.174
1738261606.545436,1459045.000,31613,1,T1,1,100,33.146
1738261606.679441,1459179.000,31646,1,T1,1,100,33.311
1738261606.812446,1459312.000,31662,1,T1,1,100,33.277
1738261606.945451,1459445.000,31677,1,T1,1,100,33.226
1738261607.079456,1459579.000,31694,1,T1,1,100,33.240
1738261607.212461,1459712.000,31724,1,T1,1,100,33.210
1738261607.345466,1459845.000,31740,1,T1,1,100,33.197
1738261607.479471,1459979.000,31760,1,T1,1,100,33.227
1738261607.612477,1460112.000,31791,1,T1,1,100,33.276
1738261607.745481,1460245.000,31806,1,T1,1,100,33.261
1738261607.879487,1460379.000,31822,1,T1,1,100,33.219
1738261608.012492,1460512.000,31853,1,T1,1,100,33.272
1738261608.145497,1460645.000,31868,1,T1,1,100,33.295
1738261608.279502,1460779.000,31886,1,T1,1,100,33.305
1738261608.412507,1460912.000,31917,1,T1,1,100,33.380
1738261608.545512,1461045.000,31932,1,T1,1,100,33.377
1738261608.678517,1461178.000,31949,1,T1,1,100,33.341
1738261608.812522,1461312.000,31979,1,T1,1,100,33.431
1738261608.945527,1461445.000,32003,1,T1,1,100,33.364
1738261609.078532,1461578.000,32018,1,T1,1,100,33.228
1738261609.212537,1461712.000,32034,1,T1,1,100,33.276
1738261609.345542,1461845.000,32050,1,T1,1,100,33.261
1738261609.478547,1461978.000,32080,1,T1,1,100,33.290
1738261609.612552,1462112.000,32096,1,T1,1,100,33.197
1738261609.745558,1462245.000,32112,1,T1,1,100,33.262
1738261609.878562,1462378.000,32144,1,T1,1,100,33.220
1738261610.012568,1462512.000,32161,1,T1,1,100,33.272
1738261610.145573,1462645.000,32176,1,T1,1,100,33.224
1738261610.278578,1462778.000,32192,1,T1,1,100,33.274
1738261610.412583,1462912.000,32223,1,T1,1,100,33.296
1738261610.545588,1463045.000,32240,1,T1,1,100,33.270
1738261610.678593,1463178.000,32257,1,T1,1,100,33.259
1738261610.812598,1463312.000,32287,1,T1,1,100,33.325
1738261610.945603,1463445.000,32302,1,T1,1,100,33.282
1738261611.078608,1463578.000,32319,1,T1,1,100,33.264
1738261611.212613,1463712.000,32349,1,T1,1,100,33.185
1738261611.345618,1463845.000,32367,1,T1,1,100,33.257
1738261611.478623,1463978.000,32383,1,T1,1,100,33.182
1738261611.612628,1464112.000,32414,1,T1,1,100,33.256
1738261611.745633,1464245.000,32429,1,T1,1,100,33.359
1738261611.878639,1464378.000,32445,1,T1,1,100,33.404
1738261612.012644,1464512.000,32478,1,T1,1,100,33.246
1738261612.145648,1464645.000,32493,1,T1,1,100,33.319
1738261612.278654,1464778.000,32509,1,T1,1,100,33.351
1738261612.411659,1464911.000,32525,1,T1,1,100,33.329
1738261612.545664,1465045.000,32557,1,T1,1,100,33.320
1738261612.678669,1465178.000,32574,1,T1,1,100,33.351
1738261612.811674,1465311.000,32589,1,T1,1,100,33.329
1738261612.945679,1465445.000,32622,1,T1,1,100,33.355
1738261613.078684,1465578.000,32638,1,T1,1,100,33.225
1738261613.211689,1465711.000,32653,1,T1,1,100,33.239
1738261613.345694,1465845.000,32684,1,T1,1,100,33.281
1738261613.478699,1465978.000,32700,1,T1,1,100,33.228
1738261613.611704,1466111.000,32715,1,T1,1,100,33.205
1738261613.745709,1466245.000,32746,1,T1,1,100,33.160
1738261613.878714,1466378.000,32764,1,T1,1,100,33.353
1738261614.011719,1466511.000,32780,1,T1,1,100,33.294
1738261614.145725,1466645.000,32801,1,T1,1,100,33.305
1738261614.278729,1466778.000,32816,1,T1,1,100,33.274
1738261614.411735,1466911.000,32847,1,T1,1,100,33.296
1738261614.545740,1467045.000,32863,1,T1,1,100,33.305
1738261614.678745,1467178.000,32881,1,T1,1,100,33.309
1738261614.811750,1467311.000,32911,1,T1,1,100,33.311
1738261614.945755,1467445.000,32927,1,T1,1,100,33.276
1738261615.078760,1467578.000,32945,1,T1,1,100,33.297
1738261615.211765,1467711.000,32975,1,T1,1,100,33.306
1738261615.345770,1467845.000,32992,1,T1,1,100,33.274
1738261615.478775,1467978.000,33007,1,T1,1,100,33.402
1738261615.611780,1468111.000,33038,1,T1,1,100,33.316
1738261615.744785,1468244.000,33054,1,T1,1,100,33.279
1738261615.878790,1468378.000,33069,1,T1,1,100,33.262
1738261616.011795,1468511.000,33100,1,T1,1,100,33.291
1738261616.145800,1468645.000,33116,1,T1,1,100,33.268
1738261616.278805,1468778.000,33133,1,T1,1,100,33.293
1738261616.411810,1468911.000,33150,1,T1,1,100,33.304
1738261616.544816,1469044.000,33180,1,T1,1,100,33.238
1738261616.678821,1469178.000,33196,1,T1,1,100,33.138
1738261616.811826,1469311.000,33212,1,T1,1,100,33.166
1738261616.944831,1469444.000,33243,1,T1,1,100,33.249
1738261617.078836,1469578.000,33258,1,T1,1,100,33.250
1738261617.211841,1469711.000,33274,1,T1,1,100,33.214
1738261617.344846,1469844.000,33307,1,T1,1,100,33.270
1738261617.478851,1469978.000,33322,1,T1,1,100,33.259
1738261617.611856,1470111.000,33338,1,T1,1,100,33.289
1738261617.744861,1470244.000,33369,1,T1,1,100,33.302
1738261617.878866,1470378.000,33384,1,T1,1,100,33.308
1738261618.011871,1470511.000,33401,1,T1,1,100,33.417
1738261618.144876,1470644.000,33431,1,T1,1,100,33.393
1738261618.278881,1470778.000,33448,1,T1,1,100,33.276
1738261618.411886,1470911.000,33465,1,T1,1,100,33.297
1738261618.544891,1471044.000,33480,1,T1,1,100,33.377
1738261618.678896,1471178.000,33511,1,T1,1,100,33.340
1738261618.811902,1471311.000,33529,1,T1,1,100,33.325
1738261618.944906,1471444.000,33544,1,T1,1,100,33.389
1738261619.078912,1471578.000,33575,1,T1,1,100,33.416
1738261619.211917,1471711.000,33598,1,T1,1,100,33.357
1738261619.344922,1471844.000,33614,1,T1,1,100,33.261
1738261619.477927,1471977.000,33630,1,T1,1,100,33.326
1738261619.611932,1472111.000,33645,1,T1,1,100,33.247
1738261619.744937,1472244.000,33678,1,T1,1,100,33.320
1738261619.877942,1472377.000,33694,1,T1,1,100,33.209
1738261620.011947,1472511.000,33709,1,T1,1,100,33.268
1738261620.144952,1472644.000,33740,1,T1,1,100,33.293
1738261620.277957,1472777.000,33756,1,T1,1,100,33.269
1738261620.411962,1472911.000,33772,1,T1,1,100,33.329
1738261620.544967,1473044.000,33804,1,T1,1,100,33.320
1738261620.677972,1473177.000,33821,1,T1,1,100,33.316
1738261620.811977,1473311.000,33836,1,T1,1,100,33.349
1738261620.944983,1473444.000,33867,1,T1,1,100,33.258
1738261621.077987,1473577.000,33883,1,T1,1,100,33.289
1738261621.211993,1473711.000,33898,1,T1,1,100,33.302
1738261621.344998,1473844.000,33931,1,T1,1,100,33.308
1738261621.478003,1473977.000,33947,1,T1,1,100,33.240
1738261621.612008,1474111.000,33962,1,T1,1,100,33.281
1738261621.745013,1474244.000,33993,1,T1,1,100,33.334
1738261621.878018,1474377.000,34009,1,T1,1,100,33.393
1738261622.011023,1474510.000,34027,1,T1,1,100,33.312
1738261622.145028,1474644.000,34043,1,T1,1,100,33.312
1738261622.278033,1474777.000,34073,1,T1,1,100,33.277
1738261622.411038,1474910.000,34091,1,T1,1,100,33.333
1738261622.545043,1475044.000,34107,1,T1,1,100,33.321
1738261622.678048,1475177.000,34138,1,T1,1,100,33.281
1738261622.811053,1475310.000,34153,1,T1,1,100,33.299
1738261622.945058,1475444.000,34169,1,T1,1,100,33.271
1738261623.078063,1475577.000,34202,1,T1,1,100,33.295
1738261623.212069,1475711.000,34217,1,T1,1,100,33.305
1738261623.345073,1475844.000,34234,1,T1,1,100,33.380
1738261623.478079,1475977.000,34264,1,T1,1,100,33.342
1738261623.611084,1476110.000,34279,1,T1,1,100,33.325
1738261623.745089,1476244.000,34296,1,T1,1,100,33.318
1738261623.878094,1476377.000,34328,1,T1,1,100,33.315
1738261624.011099,1476510.000,34344,1,T1,1,100,33.314
1738261624.145104,1476644.000,34360,1,T1,1,100,33.277
1738261624.278109,1476777.000,34375,1,T1,1,100,33.333
1738261624.411114,1476910.000,34395,1,T1,1,100,33.286
1738261624.545119,1477044.000,34427,1,T1,1,100,33.301
1738261624.678124,1477177.000,34443,1,T1,1,100,33.308
1738261624.811129,1477310.000,34459,1,T1,1,100,33.346
1738261624.945134,1477444.000,34490,1,T1,1,100,33.362
1738261625.078139,1477577.000,34505,1,T1,1,100,33.370
1738261625.211144,1477710.000,34523,1,T1,1,100,33.373
1738261625.345150,1477844.000,34538,1,T1,1,100,33.303
1738261625.478154,1477977.000,34569,1,T1,1,100,33.308
1738261625.611160,1478110.000,34585,1,T1,1,100,33.311
1738261625.745165,1478244.000,34601,1,T1,1,100,33.383
1738261625.878170,1478377.000,34631,1,T1,1,100,33.414
1738261626.011175,1478510.000,34648,1,T1,1,100,33.356
1738261626.144180,1478643.000,34665,1,T1,1,100,33.331
1738261626.278185,1478777.000,34696,1,T1,1,100,33.285
1738261626.411190,1478910.000,34712,1,T1,1,100,33.230
1738261626.544195,1479043.000,34727,1,T1,1,100,33.241
1738261626.678200,1479177.000,34760,1,T1,1,100,33.317
1738261626.811205,1479310.000,34776,1,T1,1,100,33.315
1738261626.944210,1479443.000,34791,1,T1,1,100,33.349
1738261627.078215,1479577.000,34822,1,T1,1,100,33.328
1738261627.211220,1479710.000,34838,1,T1,1,100,33.390
1738261627.344225,1479843.000,34854,1,T1,1,100,33.417
1738261627.478230,1479977.000,34876,1,T1,1,100,33.393
1738261627.611235,1480110.000,34906,1,T1,1,100,33.347
1738261627.744241,1480243.000,34922,1,T1,1,100,33.328
1738261627.878246,1480377.000,34938,1,T1,1,100,33.354
1738261628.011250,1480510.000,34969,1,T1,1,100,33.366
1738261628.144256,1480643.000,34986,1,T1,1,100,33.336
1738261628.278261,1480777.000,35002,1,T1,1,100,33.429
1738261628.411266,1480910.000,35033,1,T1,1,100,33.327
1738261628.544271,1481043.000,35048,1,T1,1,100,33.213
1738261628.677276,1481176.000,35065,1,T1,1,100,33.340
1738261628.811281,1481310.000,35097,1,T1,1,100,33.324
1738261628.944286,1481443.000,35112,1,T1,1,100,33.282
1738261629.077291,1481576.000,35129,1,T1,1,100,33.299
1738261629.211296,1481710.000,35159,1,T1,1,100,33.307
1738261629.344301,1481843.000,35175,1,T1,1,100,33.381
1738261629.477306,1481976.000,35200,1,T1,1,100,33.271
1738261629.611311,1482110.000,35215,1,T1,1,100,33.259
1738261629.744316,1482243.000,35232,1,T1,1,100,33.360
1738261629.877321,1482376.000,35262,1,T1,1,100,33.333
1738261630.011327,1482510.000,35278,1,T1,1,100,33.321
1738261630.144331,1482643.000,35294,1,T1,1,100,33.281
1738261630.277337,1482776.000,35327,1,T1,1,100,33.263
1738261630.411342,1482910.000,35342,1,T1,1,100,33.291
1738261630.544347,1483043.000,35358,1,T1,1,100,33.161
1738261630.677352,1483176.000,35389,1,T1,1,100,33.247
1738261630.811357,1483310.000,35404,1,T1,1,100,33.320
1738261630.944362,1483443.000,35420,1,T1,1,100,33.316
1738261631.077367,1483576.000,35436,1,T1,1,100,33.349
1738261631.211372,1483710.000,35466,1,T1,1,100,33.293
1738261631.344377,1483843.000,35483,1,T1,1,100,33.375
1738261631.477382,1483976.000,35498,1,T1,1,100,33.375
1738261631.611387,1484110.000,35529,1,T1,1,100,33.340
1738261631.744392,1484243.000,35545,1,T1,1,100,33.395
1738261631.877397,1484376.000,35560,1,T1,1,100,33.384
1738261632.011402,1484510.000,35593,1,T1,1,100,33.343
1738261632.144408,1484643.000,35609,1,T1,1,100,33.290
1738261632.277412,1484776.000,35624,1,T1,1,100,33.338
1738261632.410418,1484909.000,35657,1,T1,1,100,33.324
1738261632.544423,1485043.000,35673,1,T1,1,100,33.317
1738261632.677428,1485176.000,35689,1,T1,1,100,33.279
1738261632.810433,1485309.000,35719,1,T1,1,100,33.263
1738261632.944438,1485443.000,35737,1,T1,1,100,33.362
1738261633.077443,1485576.000,35753,1,T1,1,100,33.334
1738261633.210448,1485709.000,35783,1,T1,1,100,33.286
1738261633.344453,1485843.000,35800,1,T1,1,100,33.372
1738261633.477458,1485976.000,35815,1,T1,1,100,33.303
1738261633.610463,1486109.000,35831,1,T1,1,100,33.308
1738261633.744468,1486243.000,35862,1,T1,1,100,33.275
1738261633.877473,1486376.000,35877,1,T1,1,100,33.296
1738261634.010478,1486509.000,35896,1,T1,1,100,33.306
1738261634.144483,1486643.000,35926,1,T1,1,100,33.274
1738261634.277488,1486776.000,35941,1,T1,1,100,33.331
1738261634.410493,1486909.000,35958,1,T1,1,100,33.356
1738261634.544498,1487043.000,35993,1,T1,1,100,33.331
1738261634.677504,1487176.000,36009,1,T1,1,100,33.321
1738261634.810508,1487309.000,36025,1,T1,1,100,33.316
1738261634.944514,1487443.000,36040,1,T1,1,100,33.420
1738261635.077519,1487576.000,36057,1,T1,1,100,33.395
1738261635.210524,1487709.000,36087,1,T1,1,100,33.383
1738261635.343529,1487842.000,36103,1,T1,1,100,33.343
1738261635.477534,1487976.000,36119,1,T1,1,100,33.361
1738261635.610539,1488109.000,36150,1,T1,1,100,33.334
1738261635.743544,1488242.000,36167,1,T1,1,100,33.322
1738261635.877549,1488376.000,36183,1,T1,1,100,33.246
1738261636.010554,1488509.000,36214,1,T1,1,100,33.213
1738261636.144559,1488643.000,36229,1,T1,1,100,33.305
1738261636.277564,1488776.000,36245,1,T1,1,100,33.274
1738261636.410569,1488909.000,36276,1,T1,1,100,33.296
1738261636.543574,1489042.000,36291,1,T1,1,100,33.341
1738261636.677579,1489176.000,36310,1,T1,1,100,33.360
1738261636.810585,1489309.000,36340,1,T1,1,100,33.262
1738261636.943589,1489442.000,36355,1,T1,1,100,33.291
1738261637.077595,1489576.000,36372,1,T1,1,100,33.303
1738261637.210600,1489709.000,36389,1,T1,1,100,33.238
1738261637.343605,1489842.000,36420,1,T1,1,100,33.245
1738261637.477610,1489976.000,36438,1,T1,1,100,33.319
1738261637.610615,1490109.000,36453,1,T1,1,100,33.280
1738261637.743620,1490242.000,36484,1,T1,1,100,33.369
1738261637.877625,1490376.000,36500,1,T1,1,100,33.337
1738261638.010630,1490509.000,36516,1,T1,1,100,33.323
1738261638.143635,1490642.000,36546,1,T1,1,100,33.282
1738261638.277640,1490776.000,36562,1,T1,1,100,33.299
1738261638.410645,1490909.000,36578,1,T1,1,100,33.271
1738261638.543650,1491042.000,36608,1,T1,1,100,33.366
1738261638.677655,1491176.000,36625,1,T1,1,100,33.300
1738261638.810660,1491309.000,36640,1,T1,1,100,33.272
1738261638.943666,1491442.000,36671,1,T1,1,100,33.259
1738261639.077671,1491576.000,36687,1,T1,1,100,33.360
1738261639.210675,1491709.000,36702,1,T1,1,100,33.404
1738261639.343681,1491842.000,36720,1,T1,1,100,33.317
1738261639.476686,1491975.000,36751,1,T1,1,100,33.385
1738261639.610691,1492109.000,36766,1,T1,1,100,33.415
1738261639.743696,1492242.000,36788,1,T1,1,100,33.392
1738261639.876701,1492375.000,36803,1,T1,1,100,33.312
1738261640.010706,1492509.000,36836,1,T1,1,100,33.418
1738261640.143711,1492642.000,36852,1,T1,1,100,33.358
1738261640.276716,1492775.000,36867,1,T1,1,100,33.332
1738261640.410721,1492909.000,36884,1,T1,1,100,33.250
1738261640.543726,1493042.000,36914,1,T1,1,100,33.321
1738261640.676731,1493175.000,36930,1,T1,1,100,33.281
1738261640.810736,1493309.000,36946,1,T1,1,100,33.228
1738261640.943741,1493442.000,36977,1,T1,1,100,33.276
1738261641.076746,1493575.000,36994,1,T1,1,100,33.368
1738261641.210752,1493709.000,37010,1,T1,1,100,33.301
1738261641.343756,1493842.000,37041,1,T1,1,100,33.307
1738261641.476762,1493975.000,37056,1,T1,1,100,33.275
1738261641.610767,1494109.000,37072,1,T1,1,100,33.261
1738261641.743772,1494242.000,37103,1,T1,1,100,33.290
1738261641.876777,1494375.000,37118,1,T1,1,100,33.196
1738261642.010782,1494509.000,37135,1,T1,1,100,33.333
1738261642.143787,1494642.000,37165,1,T1,1,100,33.286
1738261642.276792,1494775.000,37180,1,T1,1,100,33.407
1738261642.410797,1494909.000,37199,1,T1,1,100,33.389
1738261642.543802,1495042.000,37214,1,T1,1,100,33.487
1738261642.676807,1495175.000,37245,1,T1,1,100,33.353
1738261642.809812,1495308.000,37261,1,T1,1,100,33.294
1738261642.943817,1495442.000,37276,1,T1,1,100,33.305
1738261643.076822,1495575.000,37307,1,T1,1,100,33.345
1738261643.209827,1495708.000,37323,1,T1,1,100,33.291
1738261643.343832,1495842.000,37339,1,T1,1,100,33.303
1738261643.476837,1495975.000,37369,1,T1,1,100,33.273
1738261643.610842,1496109.000,37385,1,T1,1,100,33.295
1738261643.743848,1496242.000,37401,1,T1,1,100,33.305
1738261643.876853,1496375.000,37433,1,T1,1,100,33.274
1738261644.009858,1496508.000,37450,1,T1,1,100,33.260
1738261644.143863,1496642.000,37465,1,T1,1,100,33.396
1738261644.276868,1496775.000,37498,1,T1,1,100,33.384
1738261644.409873,1496908.000,37514,1,T1,1,100,33.414
1738261644.543878,1497042.000,37529,1,T1,1,100,33.428
1738261644.676883,1497175.000,37545,1,T1,1,100,33.433
1738261644.809888,1497308.000,37579,1,T1,1,100,33.365
1738261644.943893,1497442.000,37595,1,T1,1,100,33.264
1738261645.076898,1497575.000,37611,1,T1,1,100,33.221
1738261645.209903,1497708.000,37626,1,T1,1,100,33.308
1738261645.343908,1497842.000,37659,1,T1,1,100,33.240
1738261645.476913,1497975.000,37675,1,T1,1,100,33.281
1738261645.609918,1498108.000,37690,1,T1,1,100,33.263
1738261645.743923,1498242.000,37707,1,T1,1,100,33.362
1738261645.876929,1498375.000,37737,1,T1,1,100,33.334
1738261646.009933,1498508.000,37757,1,T1,1,100,33.322
1738261646.142939,1498641.000,37773,1,T1,1,100,33.387
1738261646.276944,1498775.000,37804,1,T1,1,100,33.416
1738261646.409949,1498908.000,37819,1,T1,1,100,33.251
1738261646.542954,1499041.000,37835,1,T1,1,100,33.250
1738261646.676959,1499175.000,37866,1,T1,1,100,33.357
1738261646.809964,1499308.000,37881,1,T1,1,100,33.261
1738261646.942969,1499441.000,37897,1,T1,1,100,33.290
1738261647.076974,1499575.000,37928,1,T1,1,100,33.267
1738261647.209979,1499708.000,37943,1,T1,1,100,33.293
1738261647.342984,1499841.000,37960,1,T1,1,100,33.269
1738261647.476989,1499975.000,37994,1,T1,1,100,33.293
1738261647.609994,1500108.000,38009,1,T1,1,100,33.304
1738261647.742999,1500241.000,38026,1,T1,1,100,33.415
1738261647.877004,1500375.000,38041,1,T1,1,100,33.357
1738261648.010010,1500508.000,38072,1,T1,1,100,33.261
1738261648.143014,1500641.000,38090,1,T1,1,100,33.290
1738261648.277020,1500775.000,38105,1,T1,1,100,33.338
1738261648.410025,1500908.000,38136,1,T1,1,100,33.395
1738261648.543030,1501041.000,38152,1,T1,1,100,33.313
1738261648.676035,1501174.000,38168,1,T1,1,100,33.277
1738261648.810040,1501308.000,38200,1,T1,1,100,33.333
1738261648.943045,1501441.000,38216,1,T1,1,100,33.215
1738261649.077050,1501575.000,38232,1,T1,1,100,33.270
1738261649.210055,1501708.000,38262,1,T1,1,100,33.401
1738261649.343060,1501841.000,38281,1,T1,1,100,33.386
1738261649.476065,1501974.000,38296,1,T1,1,100,33.415
1738261649.610070,1502108.000,38312,1,T1,1,100,33.428
1738261649.743075,1502241.000,38343,1,T1,1,100,33.433
1738261649.876080,1502374.000,38358,1,T1,1,100,33.294
1738261650.010085,1502508.000,38382,1,T1,1,100,33.304
1738261650.143090,1502641.000,38397,1,T1,1,100,33.274
1738261650.276095,1502774.000,38428,1,T1,1,100,33.367
1738261650.410100,1502908.000,38444,1,T1,1,100,33.336
1738261650.543106,1503041.000,38459,1,T1,1,100,33.358
1738261650.676111,1503174.000,38490,1,T1,1,100,33.368
1738261650.810116,1503308.000,38506,1,T1,1,100,33.372
1738261650.943121,1503441.000,38523,1,T1,1,100,33.374
1738261651.076126,1503574.000,38540,1,T1,1,100,33.303
1738261651.210131,1503708.000,38570,1,T1,1,100,33.344
1738261651.343136,1503841.000,38586,1,T1,1,100,33.291
1738261651.476141,1503974.000,38602,1,T1,1,100,33.339
1738261651.610146,1504108.000,38633,1,T1,1,100,33.359
1738261651.743151,1504241.000,38648,1,T1,1,100,33.262
1738261651.876156,1504374.000,38664,1,T1,1,100,33.255
1738261652.009161,1504507.000,38697,1,T1,1,100,33.323
1738261652.143166,1504641.000,38712,1,T1,1,100,33.388
1738261652.276171,1504774.000,38728,1,T1,1,100,33.452
1738261652.410177,1504908.000,38763,1,T1,1,100,33.444
1738261652.543181,1505041.000,38778,1,T1,1,100,33.334
1738261652.676187,1505174.000,38795,1,T1,1,100,33.251
1738261652.809191,1505307.000,38810,1,T1,1,100,33.357
1738261652.943197,1505441.000,38840,1,T1,1,100,33.403
1738261653.076202,1505574.000,38859,1,T1,1,100,33.316
1738261653.209207,1505707.000,38874,1,T1,1,100,33.314
1738261653.343212,1505841.000,38905,1,T1,1,100,33.384
1738261653.476217,1505974.000,38921,1,T1,1,100,33.343
1738261653.609222,1506107.000,38936,1,T1,1,100,33.255
1738261653.743227,1506241.000,38967,1,T1,1,100,33.288
1738261653.876232,1506374.000,38983,1,T1,1,100,33.266
1738261654.009237,1506507.000,39001,1,T1,1,100,33.363
1738261654.143242,1506641.000,39031,1,T1,1,100,33.335
1738261654.276247,1506774.000,39047,1,T1,1,100,33.357
1738261654.409252,1506907.000,39063,1,T1,1,100,33.367
1738261654.543257,1507041.000,39093,1,T1,1,100,33.336
1738261654.676262,1507174.000,39112,1,T1,1,100,33.287
1738261654.809268,1507307.000,39127,1,T1,1,100,33.266
1738261654.943273,1507441.000,39143,1,T1,1,100,33.328
1738261655.076277,1507574.000,39179,1,T1,1,100,33.319
1738261655.209283,1507707.000,39196,1,T1,1,100,33.315
1738261655.342288,1507840.000,39213,1,T1,1,100,33.349
1738261655.476293,1507974.000,39228,1,T1,1,100,33.364
1738261655.609298,1508107.000,39259,1,T1,1,100,33.370
1738261655.742303,1508240.000,39275,1,T1,1,100,33.302
1738261655.876308,1508374.000,39290,1,T1,1,100,33.237
1738261656.009313,1508507.000,39308,1,T1,1,100,33.315
1738261656.143318,1508641.000,39339,1,T1,1,100,33.314
1738261656.276323,1508774.000,39354,1,T1,1,100,33.384
1738261656.409328,1508907.000,39373,1,T1,1,100,33.485
1738261656.542333,1509040.000,39403,1,T1,1,100,33.494
1738261656.676338,1509174.000,39419,1,T1,1,100,33.391
1738261656.809343,1509307.000,39435,1,T1,1,100,33.311
1738261656.942348,1509440.000,39466,1,T1,1,100,33.454
1738261657.076354,1509574.000,39481,1,T1,1,100,33.374
1738261657.209358,1509707.000,39497,1,T1,1,100,33.374
1738261657.342364,1509840.000,39530,1,T1,1,100,33.304
1738261657.476369,1509974.000,39545,1,T1,1,100,33.380
1738261657.609374,1510107.000,39563,1,T1,1,100,33.342
1738261657.742379,1510240.000,39594,1,T1,1,100,33.325
1738261657.876384,1510374.000,39609,1,T1,1,100,33.353
1738261658.009389,1510507.000,39626,1,T1,1,100,33.330
1738261658.142394,1510640.000,39641,1,T1,1,100,33.320
1738261658.276399,1510774.000,39672,1,T1,1,100,33.316
1738261658.409404,1510907.000,39688,1,T1,1,100,33.420
1738261658.542409,1511040.000,39705,1,T1,1,100,33.359
1738261658.675414,1511173.000,39736,1,T1,1,100,33.368
1738261658.809419,1511307.000,39752,1,T1,1,100,33.337
1738261658.942424,1511440.000,39767,1,T1,1,100,33.394
1738261659.075429,1511573.000,39798,1,T1,1,100,33.454
1738261659.209435,1511707.000,39814,1,T1,1,100,33.409
1738261659.342439,1511840.000,39830,1,T1,1,100,33.319
1738261659.475445,1511973.000,39862,1,T1,1,100,33.457
1738261659.609450,1512107.000,39878,1,T1,1,100,33.446
1738261659.742455,1512240.000,39894,1,T1,1,100,33.406
1738261659.875460,1512373.000,39924,1,T1,1,100,33.353
1738261660.009465,1512507.000,39941,1,T1,1,100,33.365
1738261660.142470,1512640.000,39956,1,T1,1,100,33.264
1738261660.275475,1512773.000,39979,1,T1,1,100,33.292
1738261660.409480,1512907.000,39995,1,T1,1,100,33.304
1738261660.542485,1513040.000,40025,1,T1,1,100,33.344
1738261660.675490,1513173.000,40042,1,T1,1,100,33.291
1738261660.809495,1513307.000,40057,1,T1,1,100,33.339
1738261660.942500,1513440.000,40090,1,T1,1,100,33.324
1738261661.075505,1513573.000,40106,1,T1,1,100,33.424
1738261661.209510,1513707.000,40121,1,T1,1,100,33.396
1738261661.342515,1513840.000,40137,1,T1,1,100,33.455
1738261661.475520,1513973.000,40168,1,T1,1,100,33.303
1738261661.609525,1514107.000,40185,1,T1,1,100,33.379
1738261661.742531,1514240.000,40202,1,T1,1,100,33.412
1738261661.875536,1514373.000,40232,1,T1,1,100,33.498
1738261662.009541,1514507.000,40248,1,T1,1,100,33.357
1738261662.142546,1514640.000,40264,1,T1,1,100,33.367
1738261662.275551,1514773.000,40299,1,T1,1,100,33.336
1738261662.408556,1514906.000,40316,1,T1,1,100,33.323
1738261662.542561,1515040.000,40332,1,T1,1,100,33.423
1738261662.675566,1515173.000,40363,1,T1,1,100,33.538
1738261662.808571,1515306.000,40378,1,T1,1,100,33.445
1738261662.942576,1515440.000,40396,1,T1,1,100,33.441
1738261663.075581,1515573.000,40427,1,T1,1,100,33.439
1738261663.208586,1515706.000,40442,1,T1,1,100,33.261
1738261663.342591,1515840.000,40459,1,T1,1,100,33.290
1738261663.475596,1515973.000,40474,1,T1,1,100,33.232
1738261663.608601,1516106.000,40504,1,T1,1,100,33.278
1738261663.742606,1516240.000,40521,1,T1,1,100,33.262
1738261663.875612,1516373.000,40538,1,T1,1,100,33.255
1738261664.008616,1516506.000,40569,1,T1,1,100,33.288
1738261664.142622,1516640.000,40585,1,T1,1,100,33.302
1738261664.275627,1516773.000,40600,1,T1,1,100,33.272
1738261664.408632,1516906.000,40631,1,T1,1,100,33.295
1738261664.542637,1517040.000,40649,1,T1,1,100,33.199
1738261664.675642,1517173.000,40665,1,T1,1,100,33.334
1738261664.808647,1517306.000,40695,1,T1,1,100,33.322
1738261664.942652,1517440.000,40711,1,T1,1,100,33.281
1738261665.075657,1517573.000,40727,1,T1,1,100,33.263
1738261665.208662,1517706.000,40759,1,T1,1,100,33.398
1738261665.342667,1517840.000,40779,1,T1,1,100,33.420
1738261665.475672,1517973.000,40794,1,T1,1,100,33.359
1738261665.608677,1518106.000,40810,1,T1,1,100,33.368
1738261665.741682,1518239.000,40826,1,T1,1,100,33.407
1738261665.875687,1518373.000,40856,1,T1,1,100,33.389
1738261666.008693,1518506.000,40873,1,T1,1,100,33.346
1738261666.141697,1518639.000,40890,1,T1,1,100,33.469
1738261666.275702,1518773.000,40921,1,T1,1,100,33.451
1738261666.408708,1518906.000,40937,1,T1,1,100,33.408
1738261666.541713,1519039.000,40952,1,T1,1,100,33.354
1738261666.675718,1519173.000,40983,1,T1,1,100,33.366
1738261666.808723,1519306.000,40999,1,T1,1,100,33.336
1738261666.941728,1519439.000,41014,1,T1,1,100,33.322
1738261667.075733,1519573.000,41033,1,T1,1,100,33.281
1738261667.208738,1519706.000,41063,1,T1,1,100,33.334
1738261667.341743,1519839.000,41079,1,T1,1,100,33.287
1738261667.475748,1519973.000,41097,1,T1,1,100,33.337
1738261667.608753,1520106.000,41128,1,T1,1,100,33.394
1738261667.741758,1520239.000,41143,1,T1,1,100,33.348
1738261667.875763,1520373.000,41159,1,T1,1,100,33.363
1738261668.008768,1520506.000,41190,1,T1,1,100,33.405
1738261668.141773,1520639.000,41205,1,T1,1,100,33.317
1738261668.275779,1520773.000,41221,1,T1,1,100,33.421
1738261668.408783,1520906.000,41252,1,T1,1,100,33.395
1738261668.541789,1521039.000,41267,1,T1,1,100,33.384
1738261668.675794,1521173.000,41284,1,T1,1,100,33.485
1738261668.808799,1521306.000,41299,1,T1,1,100,33.458
1738261668.941804,1521439.000,41331,1,T1,1,100,33.375
1738261669.075809,1521573.000,41348,1,T1,1,100,33.375
1738261669.208814,1521706.000,41363,1,T1,1,100,33.481
1738261669.341819,1521839.000,41394,1,T1,1,100,33.492
1738261669.475824,1521973.000,41410,1,T1,1,100,33.390
1738261669.608829,1522106.000,41425,1,T1,1,100,33.417
1738261669.741834,1522239.000,41456,1,T1,1,100,33.429
1738261669.874839,1522372.000,41472,1,T1,1,100,33.363
1738261670.008844,1522506.000,41488,1,T1,1,100,33.334
1738261670.141849,1522639.000,41520,1,T1,1,100,33.322
1738261670.274854,1522772.000,41536,1,T1,1,100,33.317
1738261670.408859,1522906.000,41552,1,T1,1,100,33.350
1738261670.541864,1523039.000,41575,1,T1,1,100,33.329
1738261670.674870,1523172.000,41591,1,T1,1,100,33.319
1738261670.808875,1523306.000,41623,1,T1,1,100,33.316
1738261670.941880,1523439.000,41639,1,T1,1,100,33.349
1738261671.074885,1523572.000,41655,1,T1,1,100,33.328
1738261671.208890,1523706.000,41671,1,T1,1,100,33.355
1738261671.341895,1523839.000,41702,1,T1,1,100,33.402
1738261671.474900,1523972.000,41719,1,T1,1,100,33.351
1738261671.608905,1524106.000,41735,1,T1,1,100,33.329
1738261671.741910,1524239.000,41766,1,T1,1,100,33.391
1738261671.874915,1524372.000,41781,1,T1,1,100,33.275
1738261672.007920,1524505.000,41798,1,T1,1,100,33.296
1738261672.141925,1524639.000,41828,1,T1,1,100,33.270
1738261672.274930,1524772.000,41843,1,T1,1,100,33.365
1738261672.408935,1524906.000,41864,1,T1,1,100,33.335
1738261672.541940,1525039.000,41894,1,T1,1,100,33.322
1738261672.674945,1525172.000,41910,1,T1,1,100,33.352
1738261672.807950,1525305.000,41926,1,T1,1,100,33.401
1738261672.941956,1525439.000,41941,1,T1,1,100,33.386
1738261673.074961,1525572.000,41972,1,T1,1,100,33.309
1738261673.208966,1525706.000,41988,1,T1,1,100,33.205
1738261673.341971,1525839.000,42003,1,T1,1,100,33.372
1738261673.474976,1525972.000,42034,1,T1,1,100,33.303
1738261673.607981,1526105.000,42050,1,T1,1,100,33.237
1738261673.741986,1526239.000,42066,1,T1,1,100,33.245
1738261673.874991,1526372.000,42096,1,T1,1,100,33.283
1738261674.007996,1526505.000,42113,1,T1,1,100,33.229
1738261674.142001,1526639.000,42130,1,T1,1,100,33.170
1738261674.275006,1526772.000,42161,1,T1,1,100,33.322
1738261674.408011,1526905.000,42177,1,T1,1,100,33.281
1738261674.542016,1527039.000,42192,1,T1,1,100,33.263
1738261674.675021,1527172.000,42223,1,T1,1,100,33.362
1738261674.808026,1527305.000,42239,1,T1,1,100,33.369
1738261674.942031,1527439.000,42254,1,T1,1,100,33.302
1738261675.075037,1527572.000,42285,1,T1,1,100,33.272
1738261675.208041,1527705.000,42303,1,T1,1,100,33.295
1738261675.342047,1527839.000,42319,1,T1,1,100,33.340
1738261675.475052,1527972.000,42335,1,T1,1,100,33.466
1738261675.608057,1528105.000,42371,1,T1,1,100,33.379
1738261675.741062,1528238.000,42388,1,T1,1,100,33.377
1738261675.875067,1528372.000,42404,1,T1,1,100,33.340
1738261676.008072,1528505.000,42420,1,T1,1,100,33.360
1738261676.141077,1528638.000,42450,1,T1,1,100,33.369
1738261676.275082,1528772.000,42466,1,T1,1,100,33.337
1738261676.408087,1528905.000,42482,1,T1,1,100,33.358
1738261676.541092,1529038.000,42500,1,T1,1,100,33.332
1738261676.675097,1529172.000,42531,1,T1,1,100,33.321
1738261676.808102,1529305.000,42546,1,T1,1,100,33.316
1738261676.941107,1529438.000,42562,1,T1,1,100,33.350
1738261677.075112,1529572.000,42593,1,T1,1,100,33.399
1738261677.208117,1529705.000,42608,1,T1,1,100,33.350
1738261677.341122,1529838.000,42625,1,T1,1,100,33.400
1738261677.475127,1529972.000,42659,1,T1,1,100,33.421
1738261677.608133,1530105.000,42674,1,T1,1,100,33.360
1738261677.741138,1530238.000,42691,1,T1,1,100,33.297
1738261677.875143,1530372.000,42721,1,T1,1,100,33.412
1738261678.008148,1530505.000,42737,1,T1,1,100,33.427
1738261678.141153,1530638.000,42753,1,T1,1,100,33.362
1738261678.275158,1530772.000,42784,1,T1,1,100,33.369
1738261678.408163,1530905.000,42801,1,T1,1,100,33.408
1738261678.541168,1531038.000,42817,1,T1,1,100,33.425
1738261678.675173,1531172.000,42848,1,T1,1,100,33.432
1738261678.808178,1531305.000,42863,1,T1,1,100,33.400
1738261678.941183,1531438.000,42879,1,T1,1,100,33.350
1738261679.074188,1531571.000,42895,1,T1,1,100,33.400
1738261679.208193,1531705.000,42927,1,T1,1,100,33.350
1738261679.341198,1531838.000,42944,1,T1,1,100,33.258
1738261679.474203,1531971.000,42959,1,T1,1,100,33.289
1738261679.608208,1532105.000,42990,1,T1,1,100,33.267
1738261679.741214,1532238.000,43006,1,T1,1,100,33.257
1738261679.874219,1532371.000,43021,1,T1,1,100,33.218
1738261680.008224,1532505.000,43052,1,T1,1,100,33.342
1738261680.141229,1532638.000,43068,1,T1,1,100,33.255
1738261680.274234,1532771.000,43085,1,T1,1,100,33.252
1738261680.408239,1532905.000,43116,1,T1,1,100,33.357
1738261680.541244,1533038.000,43132,1,T1,1,100,33.332
1738261680.674249,1533171.000,43148,1,T1,1,100,33.321
1738261680.808254,1533305.000,43167,1,T1,1,100,33.316
1738261680.941259,1533438.000,43182,1,T1,1,100,33.385
1738261681.074264,1533571.000,43215,1,T1,1,100,33.379
1738261681.208269,1533705.000,43231,1,T1,1,100,33.341
1738261681.341274,1533838.000,43247,1,T1,1,100,33.360
1738261681.474279,1533971.000,43277,1,T1,1,100,33.333
1738261681.608284,1534105.000,43293,1,T1,1,100,33.357
1738261681.741289,1534238.000,43309,1,T1,1,100,33.367
1738261681.874295,1534371.000,43341,1,T1,1,100,33.407
1738261682.008300,1534505.000,43358,1,T1,1,100,33.389
1738261682.141305,1534638.000,43373,1,T1,1,100,33.452
1738261682.274310,1534771.000,43404,1,T1,1,100,33.373
1738261682.408315,1534905.000,43422,1,T1,1,100,33.339
1738261682.541320,1535038.000,43437,1,T1,1,100,33.395
1738261682.674325,1535171.000,43453,1,T1,1,100,33.454
1738261682.807330,1535304.000,43484,1,T1,1,100,33.374
1738261682.941335,1535438.000,43501,1,T1,1,100,33.339
1738261683.074340,1535571.000,43518,1,T1,1,100,33.324
1738261683.207345,1535704.000,43548,1,T1,1,100,33.317
1738261683.341350,1535838.000,43564,1,T1,1,100,33.208
1738261683.474355,1535971.000,43580,1,T1,1,100,33.267
1738261683.607360,1536104.000,43611,1,T1,1,100,33.293
1738261683.741365,1536238.000,43626,1,T1,1,100,33.304
1738261683.874370,1536371.000,43642,1,T1,1,100,33.309
1738261684.007375,1536504.000,43673,1,T1,1,100,33.382
1738261684.141381,1536638.000,43688,1,T1,1,100,33.413
1738261684.274386,1536771.000,43704,1,T1,1,100,33.463
1738261684.407391,1536904.000,43735,1,T1,1,100,33.377
1738261684.541396,1537038.000,43750,1,T1,1,100,33.341
1738261684.674401,1537171.000,43767,1,T1,1,100,33.360
1738261684.807406,1537304.000,43797,1,T1,1,100,33.369
1738261684.941411,1537438.000,43812,1,T1,1,100,33.301
1738261685.074416,1537571.000,43829,1,T1,1,100,33.272
1738261685.207421,1537704.000,43844,1,T1,1,100,33.260
1738261685.341426,1537838.000,43875,1,T1,1,100,33.290
1738261685.474431,1537971.000,43891,1,T1,1,100,33.303
1738261685.607436,1538104.000,43906,1,T1,1,100,33.308
1738261685.740441,1538237.000,43939,1,T1,1,100,33.382
1738261685.874446,1538371.000,43960,1,T1,1,100,33.342
1738261686.007451,1538504.000,43976,1,T1,1,100,33.290
1738261686.140456,1538637.000,43992,1,T1,1,100,33.267
1738261686.274462,1538771.000,44023,1,T1,1,100,33.328
1738261686.407466,1538904.000,44038,1,T1,1,100,33.355
1738261686.540472,1539037.000,44054,1,T1,1,100,33.260
1738261686.674477,1539171.000,44072,1,T1,1,100,33.290
1738261686.807482,1539304.000,44102,1,T1,1,100,33.303
1738261686.940487,1539437.000,44118,1,T1,1,100,33.273
1738261687.074492,1539571.000,44134,1,T1,1,100,33.260
1738261687.207497,1539704.000,44166,1,T1,1,100,33.361
1738261687.340502,1539837.000,44183,1,T1,1,100,33.262
1738261687.474507,1539971.000,44200,1,T1,1,100,33.291
1738261687.607512,1540104.000,44231,1,T1,1,100,33.303
1738261687.740517,1540237.000,44247,1,T1,1,100,33.308
1738261687.874522,1540371.000,44262,1,T1,1,100,33.240
1738261688.007527,1540504.000,44293,1,T1,1,100,33.246
1738261688.140532,1540637.000,44309,1,T1,1,100,33.319
1738261688.274537,1540771.000,44324,1,T1,1,100,33.351
1738261688.407542,1540904.000,44341,1,T1,1,100,33.400
1738261688.540547,1541037.000,44371,1,T1,1,100,33.350
1738261688.674552,1541171.000,44387,1,T1,1,100,33.435
1738261688.807558,1541304.000,44403,1,T1,1,100,33.437
1738261688.940563,1541437.000,44434,1,T1,1,100,33.437
1738261689.073568,1541570.000,44451,1,T1,1,100,33.295
1738261689.207573,1541704.000,44467,1,T1,1,100,33.305
1738261689.340578,1541837.000,44498,1,T1,1,100,33.416
1738261689.473583,1541970.000,44513,1,T1,1,100,33.393
1738261689.607588,1542104.000,44529,1,T1,1,100,33.241
1738261689.740593,1542237.000,44562,1,T1,1,100,33.281
1738261689.873598,1542370.000,44577,1,T1,1,100,33.299
1738261690.007603,1542504.000,44594,1,T1,1,100,33.271
1738261690.140608,1542637.000,44624,1,T1,1,100,33.295
1738261690.273613,1542770.000,44639,1,T1,1,100,33.305
1738261690.407618,1542904.000,44656,1,T1,1,100,33.345
1738261690.540623,1543037.000,44673,1,T1,1,100,33.326
1738261690.673628,1543170.000,44704,1,T1,1,100,33.319
1738261690.807633,1543304.000,44720,1,T1,1,100,33.386
1738261690.940639,1543437.000,44735,1,T1,1,100,33.415
1738261691.073644,1543570.000,44759,1,T1,1,100,33.392
1738261691.207649,1543704.000,44774,1,T1,1,100,33.418
1738261691.340654,1543837.000,44805,1,T1,1,100,33.358
1738261691.473659,1543970.000,44821,1,T1,1,100,33.297
1738261691.607664,1544104.000,44836,1,T1,1,100,33.306
1738261691.740669,1544237.000,44867,1,T1,1,100,33.416
1738261691.873674,1544370.000,44883,1,T1,1,100,33.428
1738261692.007679,1544504.000,44899,1,T1,1,100,33.433
1738261692.140684,1544637.000,44929,1,T1,1,100,33.365
1738261692.273689,1544770.000,44945,1,T1,1,100,33.335
1738261692.406694,1544903.000,44963,1,T1,1,100,33.322
1738261692.540699,1545037.000,44995,1,T1,1,100,33.352
1738261692.673704,1545170.000,45012,1,T1,1,100,33.294
1738261692.806709,1545303.000,45027,1,T1,1,100,33.269
1738261692.940714,1545437.000,45058,1,T1,1,100,33.294
1738261693.073720,1545570.000,45074,1,T1,1,100,33.340
1738261693.206725,1545703.000,45091,1,T1,1,100,33.289
1738261693.340730,1545837.000,45107,1,T1,1,100,33.338
1738261693.473735,1545970.000,45138,1,T1,1,100,33.288
1738261693.606740,1546103.000,45153,1,T1,1,100,33.302
1738261693.740745,1546237.000,45170,1,T1,1,100,33.272
1738261693.873750,1546370.000,45200,1,T1,1,100,33.402
1738261694.006755,1546503.000,45216,1,T1,1,100,33.351
1738261694.140760,1546637.000,45232,1,T1,1,100,33.436
1738261694.273765,1546770.000,45265,1,T1,1,100,33.366
1738261694.406770,1546903.000,45280,1,T1,1,100,33.300
1738261694.540775,1547037.000,45296,1,T1,1,100,33.343
1738261694.673780,1547170.000,45327,1,T1,1,100,33.326
1738261694.806785,1547303.000,45342,1,T1,1,100,33.389
1738261694.940790,1547437.000,45358,1,T1,1,100,33.452
1738261695.073795,1547570.000,45391,1,T1,1,100,33.479
1738261695.206800,1547703.000,45406,1,T1,1,100,33.385
1738261695.340806,1547837.000,45423,1,T1,1,100,33.450
1738261695.473811,1547970.000,45438,1,T1,1,100,33.514
1738261695.606816,1548103.000,45470,1,T1,1,100,33.435
1738261695.740821,1548237.000,45487,1,T1,1,100,33.401
1738261695.873826,1548370.000,45502,1,T1,1,100,33.493
1738261696.006831,1548503.000,45533,1,T1,1,100,33.426
1738261696.139836,1548636.000,45554,1,T1,1,100,33.362
1738261696.273841,1548770.000,45571,1,T1,1,100,33.405
1738261696.406846,1548903.000,45588,1,T1,1,100,33.352
1738261696.539851,1549036.000,45618,1,T1,1,100,33.401
1738261696.673856,1549170.000,45634,1,T1,1,100,33.315
1738261696.806861,1549303.000,45650,1,T1,1,100,33.314
1738261696.939866,1549436.000,45665,1,T1,1,100,33.313
1738261697.073871,1549570.000,45696,1,T1,1,100,33.313
1738261697.206876,1549703.000,45714,1,T1,1,100,33.313
1738261697.339881,1549836.000,45730,1,T1,1,100,33.348
1738261697.473886,1549970.000,45762,1,T1,1,100,33.363
1738261697.606891,1550103.000,45778,1,T1,1,100,33.370
1738261697.739897,1550236.000,45794,1,T1,1,100,33.337
1738261697.873902,1550370.000,45826,1,T1,1,100,33.430
1738261698.006907,1550503.000,45843,1,T1,1,100,33.399
1738261698.139912,1550636.000,45858,1,T1,1,100,33.314
1738261698.273917,1550770.000,45889,1,T1,1,100,33.384
1738261698.406922,1550903.000,45905,1,T1,1,100,33.379
1738261698.539927,1551036.000,45920,1,T1,1,100,33.448
1738261698.673932,1551170.000,45951,1,T1,1,100,33.406
1738261698.806937,1551303.000,45969,1,T1,1,100,33.424
1738261698.939942,1551436.000,45984,1,T1,1,100,33.432
1738261699.073947,1551570.000,46001,1,T1,1,100,33.470
1738261699.206952,1551703.000,46031,1,T1,1,100,33.487
1738261699.339957,1551836.000,46047,1,T1,1,100,33.353
1738261699.473962,1551970.000,46063,1,T1,1,100,33.365
1738261699.606967,1552103.000,46096,1,T1,1,100,33.371
1738261699.739972,1552236.000,46111,1,T1,1,100,33.302
1738261699.872977,1552369.000,46127,1,T1,1,100,33.308
1738261700.006983,1552503.000,46158,1,T1,1,100,33.346
1738261700.139988,1552636.000,46173,1,T1,1,100,33.292
1738261700.272993,1552769.000,46189,1,T1,1,100,33.233
1738261700.406998,1552903.000,46220,1,T1,1,100,33.278
1738261700.540003,1553036.000,46235,1,T1,1,100,33.368
1738261700.673008,1553169.000,46254,1,T1,1,100,33.337
1738261700.807013,1553303.000,46284,1,T1,1,100,33.394
1738261700.940018,1553436.000,46299,1,T1,1,100,33.348
1738261701.073023,1553569.000,46316,1,T1,1,100,33.363
1738261701.207028,1553703.000,46331,1,T1,1,100,33.334
1738261701.340033,1553836.000,46351,1,T1,1,100,33.287
1738261701.473038,1553969.000,46383,1,T1,1,100,33.337
1738261701.607043,1554103.000,46398,1,T1,1,100,33.358
1738261701.740048,1554236.000,46415,1,T1,1,100,33.403
1738261701.873053,1554369.000,46445,1,T1,1,100,33.316
1738261702.007058,1554503.000,46461,1,T1,1,100,33.314
1738261702.140064,1554636.000,46479,1,T1,1,100,33.313
1738261702.273069,1554769.000,46510,1,T1,1,100,33.313
1738261702.407074,1554903.000,46527,1,T1,1,100,33.348
1738261702.540079,1555036.000,46543,1,T1,1,100,33.434
1738261702.673084,1555169.000,46574,1,T1,1,100,33.365
1738261702.806089,1555302.000,46589,1,T1,1,100,33.335
1738261702.940094,1555436.000,46605,1,T1,1,100,33.322
1738261703.073099,1555569.000,46621,1,T1,1,100,33.388
1738261703.206104,1555702.000,46651,1,T1,1,100,33.380
1738261703.340109,1555836.000,46670,1,T1,1,100,33.342
1738261703.473114,1555969.000,46685,1,T1,1,100,33.361
1738261703.606119,1556102.000,46716,1,T1,1,100,33.333
1738261703.740124,1556236.000,46732,1,T1,1,100,33.286
1738261703.873129,1556369.000,46749,1,T1,1,100,33.337
1738261704.006134,1556502.000,46780,1,T1,1,100,33.323
1738261704.140139,1556636.000,46796,1,T1,1,100,33.282
1738261704.273144,1556769.000,46811,1,T1,1,100,33.335
1738261704.406150,1556902.000,46842,1,T1,1,100,33.322
1738261704.540155,1557036.000,46858,1,T1,1,100,33.281
1738261704.673160,1557169.000,46874,1,T1,1,100,33.476
1738261704.806165,1557302.000,46906,1,T1,1,100,33.419
1738261704.940170,1557436.000,46922,1,T1,1,100,33.500
1738261705.073175,1557569.000,46938,1,T1,1,100,33.465
1738261705.206180,1557702.000,46954,1,T1,1,100,33.485
1738261705.340185,1557836.000,46985,1,T1,1,100,33.458
1738261705.473190,1557969.000,47000,1,T1,1,100,33.305
1738261705.606195,1558102.000,47016,1,T1,1,100,33.309
1738261705.739200,1558235.000,47049,1,T1,1,100,33.311
1738261705.873205,1558369.000,47064,1,T1,1,100,33.454
1738261706.006210,1558502.000,47081,1,T1,1,100,33.267
1738261706.139215,1558635.000,47111,1,T1,1,100,33.364
1738261706.273220,1558769.000,47126,1,T1,1,100,33.299
1738261706.406225,1558902.000,47150,1,T1,1,100,33.342
1738261706.539230,1559035.000,47165,1,T1,1,100,33.254
1738261706.673236,1559169.000,47184,1,T1,1,100,33.358
1738261706.806241,1559302.000,47214,1,T1,1,100,33.332
1738261706.939246,1559435.000,47229,1,T1,1,100,33.321
1738261707.073251,1559569.000,47246,1,T1,1,100,33.352
1738261707.206256,1559702.000,47276,1,T1,1,100,33.365
1738261707.339261,1559835.000,47292,1,T1,1,100,33.335
1738261707.473266,1559969.000,47310,1,T1,1,100,33.393
1738261707.606271,1560102.000,47343,1,T1,1,100,33.312
1738261707.739276,1560235.000,47358,1,T1,1,100,33.348
1738261707.873281,1560369.000,47374,1,T1,1,100,33.363
1738261708.006286,1560502.000,47405,1,T1,1,100,33.228
1738261708.139291,1560635.000,47420,1,T1,1,100,33.311
1738261708.273296,1560769.000,47436,1,T1,1,100,33.454
1738261708.406301,1560902.000,47452,1,T1,1,100,33.445
1738261708.539306,1561035.000,47482,1,T1,1,100,33.334
1738261708.672311,1561168.000,47499,1,T1,1,100,33.393
1738261708.806316,1561302.000,47516,1,T1,1,100,33.454
1738261708.939322,1561435.000,47547,1,T1,1,100,33.444
1738261709.072327,1561568.000,47563,1,T1,1,100,33.476
1738261709.206332,1561702.000,47578,1,T1,1,100,33.419
1738261709.339337,1561835.000,47609,1,T1,1,100,33.358
1738261709.473342,1561969.000,47625,1,T1,1,100,33.368
1738261709.606347,1562102.000,47642,1,T1,1,100,33.336
1738261709.739352,1562235.000,47673,1,T1,1,100,33.358
1738261709.872357,1562368.000,47689,1,T1,1,100,33.439
1738261710.006362,1562502.000,47705,1,T1,1,100,33.438
1738261710.139367,1562635.000,47735,1,T1,1,100,33.402
1738261710.272372,1562768.000,47751,1,T1,1,100,33.351
1738261710.406377,1562902.000,47767,1,T1,1,100,33.400
1738261710.539382,1563035.000,47783,1,T1,1,100,33.350
1738261710.672387,1563168.000,47814,1,T1,1,100,33.364
1738261710.806392,1563302.000,47831,1,T1,1,100,33.335
1738261710.939397,1563435.000,47847,1,T1,1,100,33.322
1738261711.072402,1563568.000,47878,1,T1,1,100,33.317
1738261711.206408,1563702.000,47893,1,T1,1,100,33.243
1738261711.339413,1563835.000,47910,1,T1,1,100,33.389
1738261711.472418,1563968.000,47947,1,T1,1,100,33.346
1738261711.606423,1564102.000,47963,1,T1,1,100,33.362
1738261711.739428,1564235.000,47979,1,T1,1,100,33.405
1738261711.872433,1564368.000,47994,1,T1,1,100,33.317
1738261712.006438,1564502.000,48010,1,T1,1,100,33.279
1738261712.139443,1564635.000,48041,1,T1,1,100,33.333
1738261712.272448,1564768.000,48058,1,T1,1,100,33.463
1738261712.405453,1564901.000,48077,1,T1,1,100,33.484
1738261712.539458,1565035.000,48107,1,T1,1,100,33.387
1738261712.672463,1565168.000,48123,1,T1,1,100,33.345
1738261712.805468,1565301.000,48139,1,T1,1,100,33.326
1738261712.939473,1565435.000,48170,1,T1,1,100,33.354
1738261713.072478,1565568.000,48185,1,T1,1,100,33.330
1738261713.205483,1565701.000,48201,1,T1,1,100,33.285
1738261713.339489,1565835.000,48236,1,T1,1,100,33.371
1738261713.472494,1565968.000,48251,1,T1,1,100,33.409
1738261713.605499,1566101.000,48267,1,T1,1,100,33.390
1738261713.739504,1566235.000,48283,1,T1,1,100,33.346
1738261713.872509,1566368.000,48313,1,T1,1,100,33.327
1738261714.005514,1566501.000,48330,1,T1,1,100,33.283
1738261714.139519,1566635.000,48347,1,T1,1,100,33.300
1738261714.272524,1566768.000,48378,1,T1,1,100,33.307
1738261714.405529,1566901.000,48394,1,T1,1,100,33.346
1738261714.539534,1567035.000,48409,1,T1,1,100,33.398
1738261714.672539,1567168.000,48440,1,T1,1,100,33.385
1738261714.805544,1567301.000,48458,1,T1,1,100,33.379
1738261714.939549,1567435.000,48473,1,T1,1,100,33.412
1738261715.072554,1567568.000,48504,1,T1,1,100,33.391
1738261715.205559,1567701.000,48520,1,T1,1,100,33.417
1738261715.338564,1567834.000,48536,1,T1,1,100,33.429
1738261715.472569,1567968.000,48552,1,T1,1,100,33.434
1738261715.605575,1568101.000,48585,1,T1,1,100,33.365
1738261715.738580,1568234.000,48600,1,T1,1,100,33.229
1738261715.872585,1568368.000,48616,1,T1,1,100,33.347
1738261716.005590,1568501.000,48647,1,T1,1,100,33.434
1738261716.138595,1568634.000,48662,1,T1,1,100,33.400
1738261716.272600,1568768.000,48678,1,T1,1,100,33.351
1738261716.405605,1568901.000,48711,1,T1,1,100,33.364
1738261716.538610,1569034.000,48726,1,T1,1,100,33.335
1738261716.672615,1569168.000,48748,1,T1,1,100,33.287
1738261716.805620,1569301.000,48763,1,T1,1,100,33.372
1738261716.939625,1569435.000,48779,1,T1,1,100,33.374
1738261717.072630,1569568.000,48810,1,T1,1,100,33.410
1738261717.205635,1569701.000,48827,1,T1,1,100,33.355
1738261717.338640,1569834.000,48844,1,T1,1,100,33.366
1738261717.472645,1569968.000,48876,1,T1,1,100,33.407
1738261717.605650,1570101.000,48891,1,T1,1,100,33.353
1738261717.738655,1570234.000,48908,1,T1,1,100,33.330
1738261717.872661,1570368.000,48938,1,T1,1,100,33.320
1738261718.005666,1570501.000,48956,1,T1,1,100,33.316
1738261718.138671,1570634.000,48972,1,T1,1,100,33.385
1738261718.272676,1570768.000,49003,1,T1,1,100,33.308
1738261718.405681,1570901.000,49018,1,T1,1,100,33.382
1738261718.538686,1571034.000,49034,1,T1,1,100,33.484
1738261718.672691,1571168.000,49067,1,T1,1,100,33.316
1738261718.805696,1571301.000,49082,1,T1,1,100,33.349
1738261718.938701,1571434.000,49098,1,T1,1,100,33.470
1738261719.071706,1571567.000,49114,1,T1,1,100,33.345
1738261719.205711,1571701.000,49144,1,T1,1,100,33.362
1738261719.338716,1571834.000,49161,1,T1,1,100,33.263
1738261719.472721,1571968.000,49176,1,T1,1,100,33.327
1738261719.605726,1572101.000,49209,1,T1,1,100,33.496
1738261719.738731,1572234.000,49225,1,T1,1,100,33.498
1738261719.871736,1572367.000,49240,1,T1,1,100,33.428
1738261720.005741,1572501.000,49271,1,T1,1,100,33.398
1738261720.138747,1572634.000,49287,1,T1,1,100,33.385
1738261720.271752,1572767.000,49302,1,T1,1,100,33.415
1738261720.405757,1572901.000,49335,1,T1,1,100,33.357
1738261720.538762,1573034.000,49351,1,T1,1,100,33.332
1738261720.671767,1573167.000,49367,1,T1,1,100,33.321
1738261720.805772,1573301.000,49397,1,T1,1,100,33.210
1738261720.938777,1573434.000,49415,1,T1,1,100,33.303
1738261721.071782,1573567.000,49431,1,T1,1,100,33.380
1738261721.205787,1573701.000,49447,1,T1,1,100,33.412
1738261721.338792,1573834.000,49478,1,T1,1,100,33.427
1738261721.471797,1573967.000,49493,1,T1,1,100,33.397
1738261721.605802,1574101.000,49509,1,T1,1,100,33.420
1738261721.738807,1574234.000,49545,1,T1,1,100,33.359
1738261721.871812,1574367.000,49562,1,T1,1,100,33.333
1738261722.005817,1574501.000,49579,1,T1,1,100,33.463
1738261722.138822,1574634.000,49594,1,T1,1,100,33.519
1738261722.271827,1574767.000,49610,1,T1,1,100,33.438
1738261722.405833,1574901.000,49643,1,T1,1,100,33.331
1738261722.538838,1575034.000,49658,1,T1,1,100,33.356
1738261722.671843,1575167.000,49675,1,T1,1,100,33.296
1738261722.804848,1575300.000,49707,1,T1,1,100,33.234
1738261722.938853,1575434.000,49722,1,T1,1,100,33.243
1738261723.071858,1575567.000,49739,1,T1,1,100,33.318
1738261723.204863,1575700.000,49769,1,T1,1,100,33.315
1738261723.338868,1575834.000,49785,1,T1,1,100,33.278
1738261723.471873,1575967.000,49801,1,T1,1,100,33.298
1738261723.604878,1576100.000,49834,1,T1,1,100,33.448
1738261723.738883,1576234.000,49849,1,T1,1,100,33.407
1738261723.871888,1576367.000,49865,1,T1,1,100,33.353
1738261724.004893,1576500.000,49896,1,T1,1,100,33.188
1738261724.138898,1576634.000,49911,1,T1,1,100,33.294
1738261724.271903,1576767.000,49927,1,T1,1,100,33.305
1738261724.404908,1576900.000,49943,1,T1,1,100,33.415
1738261724.538913,1577034.000,49973,1,T1,1,100,33.428
1738261724.671919,1577167.000,49992,1,T1,1,100,33.469
1738261724.804924,1577300.000,50007,1,T1,1,100,33.380
1738261724.938929,1577434.000,50038,1,T1,1,100,33.377
1738261725.071934,1577567.000,50054,1,T1,1,100,33.270
1738261725.204939,1577700.000,50069,1,T1,1,100,33.365
1738261725.337944,1577833.000,50102,1,T1,1,100,33.371
1738261725.471949,1577967.000,50118,1,T1,1,100,33.373
1738261725.604954,1578100.000,50133,1,T1,1,100,33.410
1738261725.737959,1578233.000,50164,1,T1,1,100,33.461
1738261725.871964,1578367.000,50180,1,T1,1,100,33.448
1738261726.004969,1578500.000,50196,1,T1,1,100,33.265
1738261726.137974,1578633.000,50226,1,T1,1,100,33.363
1738261726.271979,1578767.000,50244,1,T1,1,100,33.334
1738261726.404984,1578900.000,50260,1,T1,1,100,33.357
1738261726.537989,1579033.000,50276,1,T1,1,100,33.296
1738261726.671994,1579167.000,50307,1,T1,1,100,33.412
1738261726.805000,1579300.000,50322,1,T1,1,100,33.320
1738261726.938004,1579433.000,50345,1,T1,1,100,33.280
1738261727.072010,1579567.000,50361,1,T1,1,100,33.334
1738261727.205015,1579700.000,50391,1,T1,1,100,33.393
1738261727.338020,1579833.000,50408,1,T1,1,100,33.383
1738261727.472025,1579967.000,50425,1,T1,1,100,33.343
1738261727.605030,1580100.000,50456,1,T1,1,100,33.432
1738261727.738035,1580233.000,50472,1,T1,1,100,33.435
1738261727.872040,1580367.000,50489,1,T1,1,100,33.366
1738261728.005045,1580500.000,50505,1,T1,1,100,33.406
1738261728.138050,1580633.000,50536,1,T1,1,100,33.424
1738261728.272055,1580767.000,50551,1,T1,1,100,33.432
1738261728.405060,1580900.000,50568,1,T1,1,100,33.293
1738261728.538065,1581033.000,50598,1,T1,1,100,33.304
1738261728.671070,1581166.000,50614,1,T1,1,100,33.344
1738261728.805075,1581300.000,50630,1,T1,1,100,33.468
1738261728.938080,1581433.000,50661,1,T1,1,100,33.522
1738261729.071085,1581566.000,50676,1,T1,1,100,33.368
1738261729.205091,1581700.000,50692,1,T1,1,100,33.514
1738261729.338096,1581833.000,50725,1,T1,1,100,33.470
1738261729.471101,1581966.000,50740,1,T1,1,100,33.416
1738261729.605106,1582100.000,50756,1,T1,1,100,33.357
1738261729.738111,1582233.000,50787,1,T1,1,100,33.332
1738261729.871116,1582366.000,50802,1,T1,1,100,33.392
1738261730.005121,1582500.000,50819,1,T1,1,100,33.347
1738261730.138126,1582633.000,50834,1,T1,1,100,33.327
1738261730.271131,1582766.000,50867,1,T1,1,100,33.354
1738261730.405136,1582900.000,50883,1,T1,1,100,33.295
1738261730.538141,1583033.000,50898,1,T1,1,100,33.305
1738261730.671146,1583166.000,50929,1,T1,1,100,33.309
1738261730.805151,1583300.000,50945,1,T1,1,100,33.382
1738261730.938156,1583433.000,50960,1,T1,1,100,33.307
1738261731.071161,1583566.000,50993,1,T1,1,100,33.275
1738261731.205166,1583700.000,51009,1,T1,1,100,33.332
1738261731.338171,1583833.000,51025,1,T1,1,100,33.356
1738261731.471177,1583966.000,51055,1,T1,1,100,33.331
1738261731.605182,1584100.000,51071,1,T1,1,100,33.285
1738261731.738187,1584233.000,51087,1,T1,1,100,33.336
1738261731.871192,1584366.000,51119,1,T1,1,100,33.323
1738261732.005197,1584500.000,51141,1,T1,1,100,33.281
1738261732.138202,1584633.000,51156,1,T1,1,100,33.228
1738261732.271207,1584766.000,51172,1,T1,1,100,33.276
1738261732.404212,1584899.000,51190,1,T1,1,100,33.297
1738261732.538217,1585033.000,51220,1,T1,1,100,33.377
1738261732.671222,1585166.000,51237,1,T1,1,100,33.305
1738261732.804227,1585299.000,51252,1,T1,1,100,33.309
1738261732.938232,1585433.000,51283,1,T1,1,100,33.382
1738261733.071237,1585566.000,51299,1,T1,1,100,33.343
1738261733.204242,1585699.000,51314,1,T1,1,100,33.290
1738261733.338247,1585833.000,51330,1,T1,1,100,33.409
1738261733.471252,1585966.000,51363,1,T1,1,100,33.425
1738261733.604258,1586099.000,51378,1,T1,1,100,33.361
1738261733.738263,1586233.000,51395,1,T1,1,100,33.334
1738261733.871268,1586366.000,51425,1,T1,1,100,33.428
1738261734.004273,1586499.000,51441,1,T1,1,100,33.327
1738261734.138278,1586633.000,51459,1,T1,1,100,33.354
1738261734.271283,1586766.000,51490,1,T1,1,100,33.437
1738261734.404288,1586899.000,51505,1,T1,1,100,33.366
1738261734.538293,1587033.000,51521,1,T1,1,100,33.407
1738261734.671298,1587166.000,51554,1,T1,1,100,33.460
1738261734.804303,1587299.000,51569,1,T1,1,100,33.376
1738261734.938308,1587433.000,51585,1,T1,1,100,33.376
1738261735.071313,1587566.000,51616,1,T1,1,100,33.340
1738261735.204318,1587699.000,51631,1,T1,1,100,33.360
1738261735.337323,1587832.000,51650,1,T1,1,100,33.368
1738261735.471328,1587966.000,51665,1,T1,1,100,33.372
1738261735.604333,1588099.000,51696,1,T1,1,100,33.374
1738261735.737339,1588232.000,51712,1,T1,1,100,33.339
1738261735.871344,1588366.000,51727,1,T1,1,100,33.324
1738261736.004349,1588499.000,51758,1,T1,1,100,33.353
1738261736.137354,1588632.000,51774,1,T1,1,100,33.401
1738261736.271359,1588766.000,51791,1,T1,1,100,33.315
1738261736.404364,1588899.000,51822,1,T1,1,100,33.278
1738261736.537369,1589032.000,51838,1,T1,1,100,33.298
1738261736.671374,1589166.000,51854,1,T1,1,100,33.412
1738261736.804379,1589299.000,51884,1,T1,1,100,33.320
1738261736.937384,1589432.000,51900,1,T1,1,100,33.316
1738261737.071389,1589566.000,51916,1,T1,1,100,33.314
1738261737.204394,1589699.000,51939,1,T1,1,100,33.278
1738261737.337399,1589832.000,51955,1,T1,1,100,33.297
1738261737.471404,1589966.000,51973,1,T1,1,100,33.377
1738261737.604409,1590099.000,52003,1,T1,1,100,33.376
1738261737.737414,1590232.000,52019,1,T1,1,100,33.340
1738261737.871419,1590366.000,52035,1,T1,1,100,33.395
1738261738.004425,1590499.000,52068,1,T1,1,100,33.490
1738261738.137429,1590632.000,52083,1,T1,1,100,33.389
1738261738.271435,1590766.000,52099,1,T1,1,100,33.381
1738261738.404440,1590899.000,52130,1,T1,1,100,33.378
1738261738.537445,1591032.000,52145,1,T1,1,100,33.305
1738261738.670450,1591165.000,52162,1,T1,1,100,33.451
1738261738.804455,1591299.000,52194,1,T1,1,100,33.337
1738261738.937460,1591432.000,52209,1,T1,1,100,33.394
1738261739.070465,1591565.000,52226,1,T1,1,100,33.348
1738261739.204470,1591699.000,52256,1,T1,1,100,33.363
1738261739.337475,1591832.000,52272,1,T1,1,100,33.334
1738261739.471480,1591966.000,52288,1,T1,1,100,33.322
1738261739.604485,1592099.000,52319,1,T1,1,100,33.423
1738261739.737490,1592232.000,52334,1,T1,1,100,33.325
1738261739.870495,1592365.000,52350,1,T1,1,100,33.353
1738261740.004500,1592499.000,52365,1,T1,1,100,33.401
1738261740.137505,1592632.000,52396,1,T1,1,100,33.386
1738261740.270510,1592765.000,52412,1,T1,1,100,33.344
1738261740.404516,1592899.000,52430,1,T1,1,100,33.255
1738261740.537521,1593032.000,52460,1,T1,1,100,33.394
1738261740.670526,1593165.000,52477,1,T1,1,100,33.348
1738261740.804531,1593299.000,52492,1,T1,1,100,33.363
1738261740.937536,1593432.000,52523,1,T1,1,100,33.370
1738261741.070541,1593565.000,52539,1,T1,1,100,33.373
1738261741.204546,1593699.000,52554,1,T1,1,100,33.339
1738261741.337551,1593832.000,52585,1,T1,1,100,33.430
1738261741.470556,1593965.000,52603,1,T1,1,100,33.470
1738261741.604561,1594099.000,52618,1,T1,1,100,33.416
1738261741.737566,1594232.000,52649,1,T1,1,100,33.464
1738261741.870571,1594365.000,52665,1,T1,1,100,33.413
1738261742.004576,1594499.000,52681,1,T1,1,100,33.427
1738261742.137581,1594632.000,52711,1,T1,1,100,33.468
1738261742.270586,1594765.000,52735,1,T1,1,100,33.415
1738261742.403591,1594898.000,52752,1,T1,1,100,33.251
1738261742.537596,1595032.000,52768,1,T1,1,100,33.250
1738261742.670602,1595165.000,52784,1,T1,1,100,33.356
1738261742.803607,1595298.000,52814,1,T1,1,100,33.402
1738261742.937612,1595432.000,52830,1,T1,1,100,33.351
1738261743.070617,1595565.000,52846,1,T1,1,100,33.329
1738261743.203622,1595698.000,52876,1,T1,1,100,33.355
1738261743.337627,1595832.000,52893,1,T1,1,100,33.366
1738261743.470632,1595965.000,52908,1,T1,1,100,33.371
1738261743.603637,1596098.000,52941,1,T1,1,100,33.409
1738261743.737642,1596232.000,52957,1,T1,1,100,33.461
1738261743.870647,1596365.000,52972,1,T1,1,100,33.306
1738261744.003652,1596498.000,52988,1,T1,1,100,33.203
1738261744.137657,1596632.000,53019,1,T1,1,100,33.301
1738261744.270662,1596765.000,53034,1,T1,1,100,33.236
1738261744.403667,1596898.000,53053,1,T1,1,100,33.280
1738261744.537672,1597032.000,53083,1,T1,1,100,33.298
1738261744.670677,1597165.000,53099,1,T1,1,100,33.306
1738261744.803683,1597298.000,53115,1,T1,1,100,33.381
1738261744.937688,1597432.000,53146,1,T1,1,100,33.448
1738261745.070693,1597565.000,53161,1,T1,1,100,33.407
1738261745.203698,1597698.000,53177,1,T1,1,100,33.424
1738261745.336703,1597831.000,53208,1,T1,1,100,33.396
1738261745.470708,1597965.000,53223,1,T1,1,100,33.313
1738261745.603713,1598098.000,53239,1,T1,1,100,33.384
1738261745.737718,1598232.000,53270,1,T1,1,100,33.450
1738261745.870723,1598365.000,53285,1,T1,1,100,33.443
1738261746.003728,1598498.000,53302,1,T1,1,100,33.369
1738261746.136733,1598631.000,53317,1,T1,1,100,33.479
1738261746.270738,1598765.000,53348,1,T1,1,100,33.314
1738261746.403743,1598898.000,53364,1,T1,1,100,33.277
1738261746.536748,1599031.000,53379,1,T1,1,100,33.226
1738261746.670753,1599165.000,53410,1,T1,1,100,33.311
1738261746.803758,1599298.000,53426,1,T1,1,100,33.347
1738261746.936764,1599431.000,53441,1,T1,1,100,33.292
1738261747.070769,1599565.000,53472,1,T1,1,100,33.339
1738261747.203773,1599698.000,53488,1,T1,1,100,33.359
1738261747.336779,1599831.000,53504,1,T1,1,100,33.404
1738261747.470784,1599965.000,53525,1,T1,1,100,33.387
1738261747.603789,1600098.000,53540,1,T1,1,100,33.416
1738261747.736794,1600231.000,53573,1,T1,1,100,33.464
1738261747.870799,1600365.000,53589,1,T1,1,100,33.342
1738261748.003804,1600498.000,53605,1,T1,1,100,33.396
1738261748.136809,1600631.000,53635,1,T1,1,100,33.349
1738261748.270814,1600765.000,53651,1,T1,1,100,33.328
1738261748.403819,1600898.000,53667,1,T1,1,100,33.390
1738261748.536824,1601031.000,53697,1,T1,1,100,33.417
1738261748.669829,1601164.000,53714,1,T1,1,100,33.393
1738261748.803834,1601298.000,53729,1,T1,1,100,33.454
1738261748.936839,1601431.000,53760,1,T1,1,100,33.374
1738261749.070844,1601565.000,53776,1,T1,1,100,33.339
1738261749.203850,1601698.000,53791,1,T1,1,100,33.253
1738261749.336854,1601831.000,53809,1,T1,1,100,33.358
1738261749.469860,1601964.000,53840,1,T1,1,100,33.403
1738261749.603865,1602098.000,53855,1,T1,1,100,33.316
1738261749.736870,1602231.000,53872,1,T1,1,100,33.420
1738261749.869875,1602364.000,53902,1,T1,1,100,33.430
1738261750.003880,1602498.000,53918,1,T1,1,100,33.363
1738261750.136885,1602631.000,53934,1,T1,1,100,33.335
1738261750.269890,1602764.000,53967,1,T1,1,100,33.393
1738261750.403895,1602898.000,53982,1,T1,1,100,33.454
1738261750.536900,1603031.000,53998,1,T1,1,100,33.374
1738261750.669905,1603164.000,54031,1,T1,1,100,33.339
1738261750.803910,1603298.000,54046,1,T1,1,100,33.324
1738261750.936915,1603431.000,54062,1,T1,1,100,33.317
1738261751.069920,1603564.000,54093,1,T1,1,100,33.315
1738261751.203925,1603698.000,54108,1,T1,1,100,33.349
1738261751.336930,1603831.000,54127,1,T1,1,100,33.435
1738261751.469935,1603964.000,54157,1,T1,1,100,33.436
1738261751.603940,1604098.000,54172,1,T1,1,100,33.402
1738261751.736946,1604231.000,54189,1,T1,1,100,33.351
1738261751.869951,1604364.000,54204,1,T1,1,100,33.400
1738261752.003956,1604498.000,54235,1,T1,1,100,33.350
1738261752.136961,1604631.000,54251,1,T1,1,100,33.329
1738261752.269966,1604764.000,54268,1,T1,1,100,33.391
1738261752.403971,1604898.000,54301,1,T1,1,100,33.488
1738261752.536976,1605031.000,54322,1,T1,1,100,33.424
1738261752.669981,1605164.000,54338,1,T1,1,100,33.361
1738261752.802986,1605297.000,54354,1,T1,1,100,33.262
1738261752.936991,1605431.000,54387,1,T1,1,100,33.362
1738261753.069996,1605564.000,54402,1,T1,1,100,33.369
1738261753.203001,1605697.000,54418,1,T1,1,100,33.337
1738261753.337006,1605831.000,54433,1,T1,1,100,33.430
1738261753.470011,1605964.000,54464,1,T1,1,100,33.434
1738261753.603016,1606097.000,54482,1,T1,1,100,33.365
1738261753.737021,1606231.000,54498,1,T1,1,100,33.406
1738261753.870027,1606364.000,54528,1,T1,1,100,33.424
1738261754.003031,1606497.000,54545,1,T1,1,100,33.325
1738261754.137037,1606631.000,54560,1,T1,1,100,33.318
1738261754.270042,1606764.000,54591,1,T1,1,100,33.350
1738261754.403047,1606897.000,54607,1,T1,1,100,33.329
1738261754.537052,1607031.000,54622,1,T1,1,100,33.284
1738261754.670057,1607164.000,54655,1,T1,1,100,33.336
1738261754.803062,1607297.000,54671,1,T1,1,100,33.358
1738261754.937067,1607431.000,54686,1,T1,1,100,33.368
1738261755.070072,1607564.000,54705,1,T1,1,100,33.443
1738261755.203077,1607697.000,54735,1,T1,1,100,33.404
1738261755.336082,1607830.000,54751,1,T1,1,100,33.352
1738261755.470087,1607964.000,54767,1,T1,1,100,33.330
1738261755.603092,1608097.000,54798,1,T1,1,100,33.320
1738261755.736097,1608230.000,54815,1,T1,1,100,33.209
1738261755.870102,1608364.000,54831,1,T1,1,100,33.268
1738261756.003108,1608497.000,54862,1,T1,1,100,33.329
1738261756.136112,1608630.000,54877,1,T1,1,100,33.390
1738261756.270118,1608764.000,54893,1,T1,1,100,33.311
1738261756.403123,1608897.000,54924,1,T1,1,100,33.312
1738261756.536128,1609030.000,54941,1,T1,1,100,33.383
1738261756.670133,1609164.000,54958,1,T1,1,100,33.343
1738261756.803138,1609297.000,54988,1,T1,1,100,33.361
1738261756.936143,1609430.000,55003,1,T1,1,100,33.369
1738261757.070148,1609564.000,55020,1,T1,1,100,33.408
1738261757.203153,1609697.000,55035,1,T1,1,100,33.318
1738261757.336158,1609830.000,55066,1,T1,1,100,33.315
1738261757.470163,1609964.000,55084,1,T1,1,100,33.420
1738261757.603168,1610097.000,55099,1,T1,1,100,33.324
1738261757.736173,1610230.000,55123,1,T1,1,100,33.317
1738261757.870178,1610364.000,55153,1,T1,1,100,33.350
1738261758.003183,1610497.000,55169,1,T1,1,100,33.435
1738261758.136189,1610630.000,55185,1,T1,1,100,33.366
1738261758.270194,1610764.000,55216,1,T1,1,100,33.406
1738261758.403198,1610897.000,55231,1,T1,1,100,33.459
1738261758.536204,1611030.000,55247,1,T1,1,100,33.447
1738261758.669209,1611163.000,55262,1,T1,1,100,33.406
1738261758.803214,1611297.000,55293,1,T1,1,100,33.282
1738261758.936219,1611430.000,55309,1,T1,1,100,33.335
1738261759.070224,1611564.000,55325,1,T1,1,100,33.358
1738261759.203229,1611697.000,55357,1,T1,1,100,33.438
1738261759.336234,1611830.000,55374,1,T1,1,100,33.261
1738261759.469239,1611963.000,55389,1,T1,1,100,33.326
1738261759.603244,1612097.000,55420,1,T1,1,100,33.389
1738261759.736249,1612230.000,55436,1,T1,1,100,33.381
1738261759.869254,1612363.000,55451,1,T1,1,100,33.342
1738261760.003259,1612497.000,55482,1,T1,1,100,33.503
1738261760.136264,1612630.000,55498,1,T1,1,100,33.501
1738261760.269269,1612763.000,55513,1,T1,1,100,33.430
1738261760.403275,1612897.000,55544,1,T1,1,100,33.328
1738261760.536279,1613030.000,55560,1,T1,1,100,33.425
1738261760.669285,1613163.000,55576,1,T1,1,100,33.361
1738261760.803290,1613297.000,55594,1,T1,1,100,33.369
1738261760.936295,1613430.000,55624,1,T1,1,100,33.337
1738261761.069300,1613563.000,55640,1,T1,1,100,33.394
1738261761.203305,1613697.000,55656,1,T1,1,100,33.348
1738261761.336310,1613830.000,55687,1,T1,1,100,33.399
1738261761.469315,1613963.000,55702,1,T1,1,100,33.350
1738261761.603320,1614097.000,55718,1,T1,1,100,33.435
1738261761.736325,1614230.000,55751,1,T1,1,100,33.366
1738261761.869330,1614363.000,55766,1,T1,1,100,33.229
1738261762.002335,1614496.000,55783,1,T1,1,100,33.241
1738261762.136340,1614630.000,55813,1,T1,1,100,33.352
1738261762.269345,1614763.000,55828,1,T1,1,100,33.401
1738261762.403350,1614897.000,55849,1,T1,1,100,33.386
1738261762.536355,1615030.000,55879,1,T1,1,100,33.486
1738261762.669360,1615163.000,55895,1,T1,1,100,33.459
1738261762.802366,1615296.000,55914,1,T1,1,100,33.482
1738261762.936371,1615430.000,55929,1,T1,1,100,33.457
1738261763.069376,1615563.000,55946,1,T1,1,100,33.446
1738261763.202381,1615696.000,55976,1,T1,1,100,33.370
1738261763.336386,1615830.000,55992,1,T1,1,100,33.373
1738261763.469391,1615963.000,56010,1,T1,1,100,33.374
1738261763.602396,1616096.000,56041,1,T1,1,100,33.410
1738261763.736401,1616230.000,56056,1,T1,1,100,33.319
1738261763.869406,1616363.000,56072,1,T1,1,100,33.386
1738261764.002411,1616496.000,56103,1,T1,1,100,33.344
1738261764.136416,1616630.000,56120,1,T1,1,100,33.397
1738261764.269421,1616763.000,56136,1,T1,1,100,33.420
1738261764.402426,1616896.000,56167,1,T1,1,100,33.359
1738261764.536431,1617030.000,56182,1,T1,1,100,33.333
1738261764.669436,1617163.000,56199,1,T1,1,100,33.357
1738261764.802441,1617296.000,56216,1,T1,1,100,33.367
1738261764.936446,1617430.000,56246,1,T1,1,100,33.265
1738261765.069452,1617563.000,56263,1,T1,1,100,33.327
1738261765.202456,1617696.000,56278,1,T1,1,100,33.354
1738261765.336462,1617830.000,56309,1,T1,1,100,33.437
1738261765.469467,1617963.000,56325,1,T1,1,100,33.295
1738261765.602472,1618096.000,56340,1,T1,1,100,33.305
1738261765.735477,1618229.000,56371,1,T1,1,100,33.309
1738261765.869482,1618363.000,56389,1,T1,1,100,33.276
1738261766.002487,1618496.000,56405,1,T1,1,100,33.403
1738261766.135492,1618629.000,56435,1,T1,1,100,33.423
1738261766.269497,1618763.000,56453,1,T1,1,100,33.502
1738261766.402502,1618896.000,56469,1,T1,1,100,33.430
1738261766.535507,1619029.000,56499,1,T1,1,100,33.328
1738261766.669512,1619163.000,56516,1,T1,1,100,33.390
1738261766.802517,1619296.000,56531,1,T1,1,100,33.311
1738261766.935522,1619429.000,56547,1,T1,1,100,33.383
1738261767.069527,1619563.000,56578,1,T1,1,100,33.378
1738261767.202533,1619696.000,56595,1,T1,1,100,33.341
1738261767.335537,1619829.000,56612,1,T1,1,100,33.289
1738261767.469543,1619963.000,56644,1,T1,1,100,33.409
1738261767.602548,1620096.000,56659,1,T1,1,100,33.319
1738261767.735553,1620229.000,56676,1,T1,1,100,33.386
1738261767.869058,1620362.500,56715,2,T1,1,100,33.486
1738261768.002563,1620496.000,56715,2,T1,1,100,33.459
1738261768.135568,1620629.000,56746,1,T1,1,100,33.376
1738261768.269573,1620763.000,56761,1,T1,1,100,33.446
1738261768.402578,1620896.000,56778,1,T1,1,100,33.477
1738261768.535583,1621029.000,56808,1,T1,1,100,33.384
1738261768.668588,1621162.000,56824,1,T1,1,100,33.450
1738261768.802593,1621296.000,56842,1,T1,1,100,33.407
1738261768.935598,1621429.000,56873,1,T1,1,100,33.389
1738261769.068603,1621562.000,56888,1,T1,1,100,33.346
1738261769.202608,1621696.000,56904,1,T1,1,100,33.398
1738261769.335613,1621829.000,56937,1,T1,1,100,33.420
1738261769.468618,1621962.000,56952,1,T1,1,100,33.253
1738261769.602623,1622096.000,56968,1,T1,1,100,33.358
1738261769.735629,1622229.000,56999,1,T1,1,100,33.438
1738261769.868634,1622362.000,57014,1,T1,1,100,33.473
1738261770.002639,1622496.000,57031,1,T1,1,100,33.382
1738261770.135644,1622629.000,57046,1,T1,1,100,33.414
1738261770.268649,1622762.000,57077,1,T1,1,100,33.463
1738261770.402654,1622896.000,57093,1,T1,1,100,33.484
1738261770.535659,1623029.000,57108,1,T1,1,100,33.387
1738261770.668664,1623162.000,57139,1,T1,1,100,33.345
1738261770.802669,1623296.000,57155,1,T1,1,100,33.362
1738261770.935674,1623429.000,57170,1,T1,1,100,33.440
1738261771.068679,1623562.000,57203,1,T1,1,100,33.474
1738261771.202684,1623696.000,57219,1,T1,1,100,33.382
1738261771.335689,1623829.000,57235,1,T1,1,100,33.414
1738261771.468694,1623962.000,57265,1,T1,1,100,33.356
1738261771.602700,1624096.000,57281,1,T1,1,100,33.331
1738261771.735704,1624229.000,57297,1,T1,1,100,33.392
1738261771.868710,1624362.000,57329,1,T1,1,100,33.453
1738261772.002715,1624496.000,57346,1,T1,1,100,33.480
1738261772.135720,1624629.000,57361,1,T1,1,100,33.420
1738261772.268725,1624762.000,57377,1,T1,1,100,33.430
1738261772.401730,1624895.000,57410,1,T1,1,100,33.399
1738261772.535735,1625029.000,57425,1,T1,1,100,33.385
1738261772.668740,1625162.000,57442,1,T1,1,100,33.415
1738261772.801745,1625295.000,57472,1,T1,1,100,33.463
1738261772.935750,1625429.000,57487,1,T1,1,100,33.449
1738261773.068755,1625562.000,57507,1,T1,1,100,33.371
1738261773.202760,1625696.000,57522,1,T1,1,100,33.232
1738261773.335765,1625829.000,57555,1,T1,1,100,33.384
1738261773.468770,1625962.000,57571,1,T1,1,100,33.414
1738261773.602775,1626096.000,57586,1,T1,1,100,33.357
1738261773.735780,1626229.000,57617,1,T1,1,100,33.473
1738261773.868785,1626362.000,57633,1,T1,1,100,33.488
1738261774.001791,1626495.000,57649,1,T1,1,100,33.389
1738261774.135796,1626629.000,57667,1,T1,1,100,33.345
1738261774.268800,1626762.000,57697,1,T1,1,100,33.362
1738261774.401806,1626895.000,57713,1,T1,1,100,33.476
1738261774.535811,1627029.000,57729,1,T1,1,100,33.383
1738261774.668816,1627162.000,57760,1,T1,1,100,33.379
1738261774.801821,1627295.000,57777,1,T1,1,100,33.341
1738261774.935826,1627429.000,57793,1,T1,1,100,33.431
1738261775.068831,1627562.000,57824,1,T1,1,100,33.364
1738261775.201836,1627695.000,57839,1,T1,1,100,33.299
1738261775.335841,1627829.000,57856,1,T1,1,100,33.413
1738261775.468846,1627962.000,57886,1,T1,1,100,33.498
1738261775.601851,1628095.000,57903,1,T1,1,100,33.428
1738261775.735856,1628229.000,57920,1,T1,1,100,33.398
1738261775.868861,1628362.000,57935,1,T1,1,100,33.456
1738261776.001866,1628495.000,57968,1,T1,1,100,33.481
1738261776.134871,1628628.000,57984,1,T1,1,100,33.492
1738261776.268877,1628762.000,57999,1,T1,1,100,33.390
1738261776.401881,1628895.000,58032,1,T1,1,100,33.382
1738261776.535887,1629029.000,58048,1,T1,1,100,33.378
1738261776.668892,1629162.000,58064,1,T1,1,100,33.412
1738261776.801897,1629295.000,58094,1,T1,1,100,33.462
1738261776.934902,1629428.000,58110,1,T1,1,100,33.377
1738261777.068907,1629562.000,58128,1,T1,1,100,33.340
1738261777.201912,1629695.000,58158,1,T1,1,100,33.325
1738261777.334917,1629828.000,58175,1,T1,1,100,33.282
1738261777.468922,1629962.000,58192,1,T1,1,100,33.406
1738261777.601927,1630095.000,58223,1,T1,1,100,33.353
1738261777.734932,1630228.000,58239,1,T1,1,100,33.365
1738261777.868937,1630362.000,58254,1,T1,1,100,33.406
1738261778.001942,1630495.000,58285,1,T1,1,100,33.459
1738261778.134947,1630628.000,58310,1,T1,1,100,33.482
1738261778.268952,1630762.000,58326,1,T1,1,100,33.386
1738261778.401958,1630895.000,58342,1,T1,1,100,33.309
1738261778.534962,1631028.000,58357,1,T1,1,100,33.417
1738261778.667968,1631161.000,58390,1,T1,1,100,33.358
1738261778.801973,1631295.000,58406,1,T1,1,100,33.332
1738261778.934978,1631428.000,58421,1,T1,1,100,33.427
1738261779.067983,1631561.000,58452,1,T1,1,100,33.504
1738261779.201988,1631695.000,58468,1,T1,1,100,33.431
1738261779.334993,1631828.000,58484,1,T1,1,100,33.364
1738261779.468998,1631962.000,58514,1,T1,1,100,33.335
1738261779.602003,1632095.000,58530,1,T1,1,100,33.464
1738261779.735008,1632228.000,58546,1,T1,1,100,33.378
1738261779.868013,1632361.000,58562,1,T1,1,100,33.341
1738261780.002018,1632495.000,58593,1,T1,1,100,33.431
1738261780.135023,1632628.000,58608,1,T1,1,100,33.399
1738261780.268028,1632761.000,58626,1,T1,1,100,33.350
1738261780.402033,1632895.000,58657,1,T1,1,100,33.364
1738261780.535038,1633028.000,58672,1,T1,1,100,33.406
1738261780.668043,1633161.000,58689,1,T1,1,100,33.424
1738261780.802048,1633295.000,58719,1,T1,1,100,33.396
1738261780.935054,1633428.000,58734,1,T1,1,100,33.313
1738261781.068058,1633561.000,58751,1,T1,1,100,33.348
1738261781.202064,1633695.000,58781,1,T1,1,100,33.363
1738261781.335069,1633828.000,58797,1,T1,1,100,33.335
1738261781.468074,1633961.000,58813,1,T1,1,100,33.357
1738261781.602079,1634095.000,58828,1,T1,1,100,33.403
1738261781.735084,1634228.000,58859,1,T1,1,100,33.458
1738261781.868089,1634361.000,58877,1,T1,1,100,33.446
1738261782.001094,1634494.000,58892,1,T1,1,100,33.441
1738261782.135099,1634628.000,58923,1,T1,1,100,33.439
1738261782.268104,1634761.000,58941,1,T1,1,100,33.332
1738261782.401109,1634894.000,58959,1,T1,1,100,33.321
1738261782.535114,1635028.000,58989,1,T1,1,100,33.422
1738261782.668119,1635161.000,59006,1,T1,1,100,33.289
1738261782.801124,1635294.000,59021,1,T1,1,100,33.373
1738261782.935129,1635428.000,59054,1,T1,1,100,33.374
1738261783.068135,1635561.000,59070,1,T1,1,100,33.410
1738261783.201139,1635694.000,59085,1,T1,1,100,33.355
1738261783.335145,1635828.000,59107,1,T1,1,100,33.331
1738261783.468150,1635961.000,59122,1,T1,1,100,33.320
1738261783.601155,1636094.000,59153,1,T1,1,100,33.422
1738261783.735160,1636228.000,59169,1,T1,1,100,33.325
1738261783.868165,1636361.000,59184,1,T1,1,100,33.389
1738261784.001170,1636494.000,59217,1,T1,1,100,33.345
1738261784.135175,1636628.000,59233,1,T1,1,100,33.327
1738261784.268180,1636761.000,59248,1,T1,1,100,33.425
1738261784.401185,1636894.000,59281,1,T1,1,100,33.397
1738261784.535190,1637028.000,59297,1,T1,1,100,33.349
1738261784.668195,1637161.000,59313,1,T1,1,100,33.506
1738261784.801200,1637294.000,59343,1,T1,1,100,33.467
1738261784.935205,1637428.000,59359,1,T1,1,100,33.450
1738261785.068210,1637561.000,59375,1,T1,1,100,33.478
1738261785.201216,1637694.000,59391,1,T1,1,100,33.526
1738261785.335221,1637828.000,59422,1,T1,1,100,33.511
1738261785.468225,1637961.000,59439,1,T1,1,100,33.540
1738261785.601231,1638094.000,59455,1,T1,1,100,33.482
1738261785.734236,1638227.000,59486,1,T1,1,100,33.457
1738261785.868241,1638361.000,59501,1,T1,1,100,33.410
1738261786.001246,1638494.000,59518,1,T1,1,100,33.319
1738261786.134251,1638627.000,59550,1,T1,1,100,33.457
1738261786.268256,1638761.000,59565,1,T1,1,100,33.482
1738261786.401261,1638894.000,59582,1,T1,1,100,33.350
1738261786.534266,1639027.000,59612,1,T1,1,100,33.400
1738261786.668271,1639161.000,59628,1,T1,1,100,33.421
1738261786.801276,1639294.000,59644,1,T1,1,100,33.360
1738261786.934281,1639427.000,59677,1,T1,1,100,33.333
1738261787.068286,1639561.000,59694,1,T1,1,100,33.357
1738261787.201291,1639694.000,59710,1,T1,1,100,33.367
1738261787.334296,1639827.000,59743,1,T1,1,100,33.443
1738261787.468302,1639961.000,59758,1,T1,1,100,33.511
1738261787.601306,1640094.000,59774,1,T1,1,100,33.434
1738261787.734312,1640227.000,59792,1,T1,1,100,33.436
1738261787.868317,1640361.000,59822,1,T1,1,100,33.437
1738261788.001322,1640494.000,59839,1,T1,1,100,33.402
1738261788.134327,1640627.000,59854,1,T1,1,100,33.245
1738261788.268332,1640761.000,59885,1,T1,1,100,33.283
1738261788.401337,1640894.000,59904,1,T1,1,100,33.229
1738261788.534342,1641027.000,59919,1,T1,1,100,33.241
1738261788.667347,1641160.000,59936,1,T1,1,100,33.282
1738261788.801352,1641294.000,59968,1,T1,1,100,33.370
1738261788.934357,1641427.000,59983,1,T1,1,100,33.444
1738261789.067362,1641560.000,60000,1,T1,1,100,33.405
1738261789.201367,1641694.000,60015,1,T1,1,100,33.423
1738261789.334372,1641827.000,60048,1,T1,1,100,33.396
1738261789.467377,1641960.000,60064,1,T1,1,100,33.384
1738261789.601382,1642094.000,60079,1,T1,1,100,33.379
1738261789.734387,1642227.000,60110,1,T1,1,100,33.377
1738261789.867393,1642360.000,60126,1,T1,1,100,33.340
1738261790.001398,1642494.000,60142,1,T1,1,100,33.395
1738261790.134403,1642627.000,60174,1,T1,1,100,33.384
1738261790.267408,1642760.000,60190,1,T1,1,100,33.414
1738261790.401413,1642894.000,60206,1,T1,1,100,33.463
1738261790.534418,1643027.000,60236,1,T1,1,100,33.484
1738261790.667423,1643160.000,60253,1,T1,1,100,33.422
1738261790.801428,1643294.000,60268,1,T1,1,100,33.466
1738261790.934433,1643427.000,60301,1,T1,1,100,33.485
1738261791.067438,1643560.000,60317,1,T1,1,100,33.494
1738261791.201443,1643694.000,60332,1,T1,1,100,33.391
1738261791.334448,1643827.000,60348,1,T1,1,100,33.382
1738261791.467453,1643960.000,60379,1,T1,1,100,33.413
1738261791.601458,1644094.000,60394,1,T1,1,100,33.356
1738261791.734463,1644227.000,60411,1,T1,1,100,33.438
1738261791.867468,1644360.000,60443,1,T1,1,100,33.438
1738261792.000473,1644493.000,60459,1,T1,1,100,33.402
1738261792.134479,1644627.000,60475,1,T1,1,100,33.387
1738261792.267483,1644760.000,60506,1,T1,1,100,33.486
1738261792.400489,1644893.000,60523,1,T1,1,100,33.459
1738261792.534494,1645027.000,60541,1,T1,1,100,33.340
1738261792.667499,1645160.000,60572,1,T1,1,100,33.395
1738261792.800504,1645293.000,60587,1,T1,1,100,33.384
1738261792.934509,1645427.000,60603,1,T1,1,100,33.414
1738261793.067514,1645560.000,60619,1,T1,1,100,33.427
1738261793.200519,1645693.000,60649,1,T1,1,100,33.291
1738261793.334524,1645827.000,60668,1,T1,1,100,33.374
1738261793.467529,1645960.000,60683,1,T1,1,100,33.375
1738261793.600534,1646093.000,60706,1,T1,1,100,33.375
1738261793.734539,1646227.000,60737,1,T1,1,100,33.410
1738261793.867544,1646360.000,60752,1,T1,1,100,33.461
1738261794.000549,1646493.000,60771,1,T1,1,100,33.412
1738261794.134554,1646627.000,60801,1,T1,1,100,33.427
1738261794.267560,1646760.000,60816,1,T1,1,100,33.362
1738261794.400564,1646893.000,60833,1,T1,1,100,33.511
1738261794.534570,1647027.000,60848,1,T1,1,100,33.505
1738261794.667575,1647160.000,60879,1,T1,1,100,33.431
1738261794.800580,1647293.000,60895,1,T1,1,100,33.435
1738261794.934585,1647427.000,60910,1,T1,1,100,33.472
1738261795.067590,1647560.000,60941,1,T1,1,100,33.488
1738261795.200595,1647693.000,60957,1,T1,1,100,33.424
1738261795.333600,1647826.000,60973,1,T1,1,100,33.467
1738261795.467605,1647960.000,61003,1,T1,1,100,33.486
1738261795.600610,1648093.000,61019,1,T1,1,100,33.423
1738261795.733615,1648226.000,61037,1,T1,1,100,33.467
1738261795.867620,1648360.000,61067,1,T1,1,100,33.521
1738261796.000625,1648493.000,61084,1,T1,1,100,33.403
1738261796.133630,1648626.000,61099,1,T1,1,100,33.422
1738261796.267635,1648760.000,61130,1,T1,1,100,33.396
1738261796.400640,1648893.000,61146,1,T1,1,100,33.348
1738261796.533645,1649026.000,61161,1,T1,1,100,33.328
1738261796.667650,1649160.000,61177,1,T1,1,100,33.390
1738261796.800656,1649293.000,61210,1,T1,1,100,33.382
1738261796.933661,1649426.000,61225,1,T1,1,100,33.342
1738261797.067666,1649560.000,61242,1,T1,1,100,33.361
1738261797.200671,1649693.000,61272,1,T1,1,100,33.440
1738261797.333676,1649826.000,61292,1,T1,1,100,33.368
1738261797.467681,1649960.000,61310,1,T1,1,100,33.407
1738261797.600686,1650093.000,61341,1,T1,1,100,33.460
1738261797.733691,1650226.000,61356,1,T1,1,100,33.341
1738261797.867696,1650360.000,61372,1,T1,1,100,33.396
1738261798.000701,1650493.000,61403,1,T1,1,100,33.526
1738261798.133706,1650626.000,61420,1,T1,1,100,33.440
1738261798.267711,1650760.000,61436,1,T1,1,100,33.439
1738261798.400716,1650893.000,61467,1,T1,1,100,33.509
1738261798.533721,1651026.000,61482,1,T1,1,100,33.575
1738261798.666726,1651159.000,61504,1,T1,1,100,33.532
1738261798.800731,1651293.000,61519,1,T1,1,100,33.479
1738261798.933737,1651426.000,61537,1,T1,1,100,33.455
1738261799.066741,1651559.000,61568,1,T1,1,100,33.552
1738261799.200747,1651693.000,61583,1,T1,1,100,33.416
1738261799.333752,1651826.000,61600,1,T1,1,100,33.428
1738261799.466757,1651959.000,61630,1,T1,1,100,33.433
1738261799.600762,1652093.000,61645,1,T1,1,100,33.365
1738261799.733767,1652226.000,61662,1,T1,1,100,33.442
1738261799.866772,1652359.000,61694,1,T1,1,100,33.404
1738261800.000777,1652493.000,61710,1,T1,1,100,33.423
1738261800.133782,1652626.000,61726,1,T1,1,100,33.360
1738261800.266787,1652759.000,61741,1,T1,1,100,33.404
1738261800.400792,1652893.000,61774,1,T1,1,100,33.388
1738261800.533797,1653026.000,61790,1,T1,1,100,33.451
1738261800.666802,1653159.000,61806,1,T1,1,100,33.443
1738261800.800807,1653293.000,61836,1,T1,1,100,33.440
1738261800.933812,1653426.000,61852,1,T1,1,100,33.439
1738261801.066818,1653559.000,61868,1,T1,1,100,33.438
1738261801.200823,1653693.000,61898,1,T1,1,100,33.402
1738261801.333827,1653826.000,61917,1,T1,1,100,33.458
1738261801.466833,1653959.000,61932,1,T1,1,100,33.375
1738261801.600838,1654093.000,61963,1,T1,1,100,33.446
1738261801.733843,1654226.000,61979,1,T1,1,100,33.548
1738261801.866848,1654359.000,61996,1,T1,1,100,33.414
1738261801.999853,1654492.000,62012,1,T1,1,100,33.463
1738261802.133858,1654626.000,62043,1,T1,1,100,33.484
1738261802.266863,1654759.000,62058,1,T1,1,100,33.351
1738261802.400868,1654893.000,62075,1,T1,1,100,33.329
1738261802.533873,1655026.000,62107,1,T1,1,100,33.497
1738261802.666878,1655159.000,62125,1,T1,1,100,33.392
1738261802.799883,1655292.000,62141,1,T1,1,100,33.418
1738261802.933888,1655426.000,62172,1,T1,1,100,33.323
1738261803.066893,1655559.000,62187,1,T1,1,100,33.281
1738261803.199898,1655692.000,62203,1,T1,1,100,33.335
1738261803.333904,1655826.000,62234,1,T1,1,100,33.322
1738261803.466908,1655959.000,62249,1,T1,1,100,33.281
1738261803.599914,1656092.000,62265,1,T1,1,100,33.405
1738261803.733419,1656225.500,62301,2,T1,1,100,33.424
1738261803.866924,1656359.000,62301,2,T1,1,100,33.467
1738261803.999929,1656492.000,62332,1,T1,1,100,33.415
1738261804.133934,1656626.000,62347,1,T1,1,100,33.392
1738261804.266939,1656759.000,62363,1,T1,1,100,33.418
1738261804.399944,1656892.000,62394,1,T1,1,100,33.429
1738261804.533949,1657026.000,62409,1,T1,1,100,33.398
1738261804.666954,1657159.000,62426,1,T1,1,100,33.385
1738261804.799959,1657292.000,62441,1,T1,1,100,33.344
1738261804.933964,1657426.000,62471,1,T1,1,100,33.397
1738261805.066969,1657559.000,62488,1,T1,1,100,33.455
1738261805.199974,1657692.000,62505,1,T1,1,100,33.481
1738261805.333979,1657826.000,62536,1,T1,1,100,33.492
1738261805.466985,1657959.000,62552,1,T1,1,100,33.425
1738261805.599989,1658092.000,62567,1,T1,1,100,33.468
1738261805.732995,1658225.000,62598,1,T1,1,100,33.557
1738261805.867000,1658359.000,62614,1,T1,1,100,33.489
1738261806.000005,1658492.000,62632,1,T1,1,100,33.460
1738261806.133010,1658625.000,62662,1,T1,1,100,33.518
1738261806.267015,1658759.000,62678,1,T1,1,100,33.437
1738261806.400020,1658892.000,62694,1,T1,1,100,33.402
1738261806.534025,1659026.000,62710,1,T1,1,100,33.351
1738261806.667030,1659159.000,62741,1,T1,1,100,33.436
1738261806.800035,1659292.000,62756,1,T1,1,100,33.366
1738261806.933040,1659425.000,62772,1,T1,1,100,33.406
1738261807.067045,1659559.000,62803,1,T1,1,100,33.353
1738261807.200050,1659692.000,62818,1,T1,1,100,33.472
1738261807.333055,1659825.000,62835,1,T1,1,100,33.417
1738261807.467060,1659959.000,62867,1,T1,1,100,33.358
1738261807.600065,1660092.000,62882,1,T1,1,100,33.332
1738261807.733070,1660225.000,62899,1,T1,1,100,33.392
1738261807.867075,1660359.000,62929,1,T1,1,100,33.489
1738261808.000081,1660492.000,62945,1,T1,1,100,33.460
1738261808.133086,1660625.000,62963,1,T1,1,100,33.447
1738261808.267091,1660759.000,62994,1,T1,1,100,33.477
1738261808.400096,1660892.000,63009,1,T1,1,100,33.455
1738261808.533101,1661025.000,63025,1,T1,1,100,33.409
1738261808.666106,1661158.000,63040,1,T1,1,100,33.425
1738261808.800111,1661292.000,63071,1,T1,1,100,33.432
1738261808.933116,1661425.000,63093,1,T1,1,100,33.471
1738261809.066121,1661558.000,63108,1,T1,1,100,33.381
1738261809.200126,1661692.000,63124,1,T1,1,100,33.378
1738261809.333131,1661825.000,63157,1,T1,1,100,33.447
1738261809.466136,1661958.000,63172,1,T1,1,100,33.371
1738261809.600141,1662092.000,63188,1,T1,1,100,33.373
1738261809.733146,1662225.000,63219,1,T1,1,100,33.445
1738261809.866151,1662358.000,63234,1,T1,1,100,33.512
1738261810.000156,1662492.000,63253,1,T1,1,100,33.399
1738261810.133162,1662625.000,63268,1,T1,1,100,33.350
1738261810.266166,1662758.000,63298,1,T1,1,100,33.506
1738261810.400172,1662892.000,63315,1,T1,1,100,33.503
1738261810.533177,1663025.000,63330,1,T1,1,100,33.466
1738261810.666182,1663158.000,63361,1,T1,1,100,33.450
1738261810.800187,1663292.000,63379,1,T1,1,100,33.478
1738261810.933192,1663425.000,63394,1,T1,1,100,33.526
1738261811.066197,1663558.000,63425,1,T1,1,100,33.547
1738261811.200202,1663692.000,63441,1,T1,1,100,33.449
1738261811.333207,1663825.000,63457,1,T1,1,100,33.549
1738261811.466212,1663958.000,63487,1,T1,1,100,33.450
1738261811.600217,1664092.000,63503,1,T1,1,100,33.372
1738261811.733222,1664225.000,63519,1,T1,1,100,33.480
1738261811.866227,1664358.000,63549,1,T1,1,100,33.491
1738261811.999232,1664491.000,63566,1,T1,1,100,33.496
1738261812.133237,1664625.000,63581,1,T1,1,100,33.392
1738261812.266243,1664758.000,63597,1,T1,1,100,33.453
1738261812.399247,1664891.000,63632,1,T1,1,100,33.480
1738261812.533252,1665025.000,63647,1,T1,1,100,33.456
1738261812.666258,1665158.000,63663,1,T1,1,100,33.375
1738261812.799263,1665291.000,63694,1,T1,1,100,33.481
1738261812.933268,1665425.000,63709,1,T1,1,100,33.421
1738261813.066273,1665558.000,63728,1,T1,1,100,33.395
1738261813.199278,1665691.000,63758,1,T1,1,100,33.419
1738261813.333283,1665825.000,63774,1,T1,1,100,33.430
1738261813.466288,1665958.000,63790,1,T1,1,100,33.505
1738261813.599293,1666091.000,63821,1,T1,1,100,33.573
1738261813.733298,1666225.000,63836,1,T1,1,100,33.425
1738261813.866303,1666358.000,63852,1,T1,1,100,33.468
1738261813.999808,1666491.500,63886,2,T1,1,100,33.451
1738261814.133313,1666625.000,63886,2,T1,1,100,33.408
1738261814.266318,1666758.000,63916,1,T1,1,100,33.496
1738261814.399323,1666891.000,63932,1,T1,1,100,33.427
1738261814.533329,1667025.000,63948,1,T1,1,100,33.433
1738261814.666333,1667158.000,63979,1,T1,1,100,33.436
1738261814.799339,1667291.000,63994,1,T1,1,100,33.437
1738261814.933344,1667425.000,64010,1,T1,1,100,33.473
1738261815.066349,1667558.000,64041,1,T1,1,100,33.453
1738261815.199354,1667691.000,64056,1,T1,1,100,33.338
1738261815.333359,1667825.000,64073,1,T1,1,100,33.394
1738261815.466364,1667958.000,64105,1,T1,1,100,33.454
1738261815.599369,1668091.000,64120,1,T1,1,100,33.409
1738261815.732374,1668224.000,64137,1,T1,1,100,33.390
1738261815.866379,1668358.000,64167,1,T1,1,100,33.452
1738261815.999384,1668491.000,64183,1,T1,1,100,33.479
1738261816.132389,1668624.000,64199,1,T1,1,100,33.385
1738261816.266394,1668758.000,64214,1,T1,1,100,33.379
1738261816.399399,1668891.000,64245,1,T1,1,100,33.341
1738261816.532404,1669024.000,64261,1,T1,1,100,33.360
1738261816.666409,1669158.000,64277,1,T1,1,100,33.404
1738261816.799414,1669291.000,64309,1,T1,1,100,33.388
1738261816.932420,1669424.000,64325,1,T1,1,100,33.451
1738261817.066425,1669558.000,64341,1,T1,1,100,33.408
1738261817.199430,1669691.000,64371,1,T1,1,100,33.389
1738261817.332435,1669824.000,64390,1,T1,1,100,33.452
1738261817.466440,1669958.000,64407,1,T1,1,100,33.444
1738261817.599445,1670091.000,64423,1,T1,1,100,33.405
1738261817.732450,1670224.000,64454,1,T1,1,100,33.352
1738261817.866455,1670358.000,64469,1,T1,1,100,33.330
1738261817.999460,1670491.000,64485,1,T1,1,100,33.462
1738261818.132465,1670624.000,64518,1,T1,1,100,33.413
1738261818.266470,1670758.000,64533,1,T1,1,100,33.356
1738261818.399475,1670891.000,64550,1,T1,1,100,33.509
1738261818.532480,1671024.000,64580,1,T1,1,100,33.468
1738261818.665485,1671157.000,64596,1,T1,1,100,33.522
1738261818.799490,1671291.000,64612,1,T1,1,100,33.403
1738261818.932495,1671424.000,64643,1,T1,1,100,33.423
1738261819.065500,1671557.000,64658,1,T1,1,100,33.360
1738261819.199506,1671691.000,64681,1,T1,1,100,33.404
1738261819.332511,1671824.000,64697,1,T1,1,100,33.423
1738261819.465516,1671957.000,64713,1,T1,1,100,33.431
1738261819.599521,1672091.000,64728,1,T1,1,100,33.470
1738261819.732526,1672224.000,64761,1,T1,1,100,33.416
1738261819.865531,1672357.000,64777,1,T1,1,100,33.357
1738261819.999536,1672491.000,64793,1,T1,1,100,33.438
1738261820.132541,1672624.000,64823,1,T1,1,100,33.438
1738261820.265546,1672757.000,64839,1,T1,1,100,33.473
1738261820.399551,1672891.000,64855,1,T1,1,100,33.524
1738261820.532556,1673024.000,64885,1,T1,1,100,33.439
1738261820.665561,1673157.000,64904,1,T1,1,100,33.403
1738261820.799566,1673291.000,64919,1,T1,1,100,33.423
1738261820.932571,1673424.000,64950,1,T1,1,100,33.431
1738261821.065576,1673557.000,64966,1,T1,1,100,33.506
1738261821.199581,1673691.000,64981,1,T1,1,100,33.502
1738261821.332587,1673824.000,65014,1,T1,1,100,33.572
1738261821.465591,1673957.000,65030,1,T1,1,100,33.567
1738261821.599597,1674091.000,65045,1,T1,1,100,33.564
1738261821.732602,1674224.000,65062,1,T1,1,100,33.457
1738261821.865607,1674357.000,65092,1,T1,1,100,33.446
1738261821.998612,1674490.000,65110,1,T1,1,100,33.477
1738261822.132617,1674624.000,65126,1,T1,1,100,33.490
1738261822.265622,1674757.000,65157,1,T1,1,100,33.460
1738261822.398627,1674890.000,65174,1,T1,1,100,33.447
1738261822.532632,1675024.000,65190,1,T1,1,100,33.442
1738261822.665637,1675157.000,65223,1,T1,1,100,33.439
1738261822.798642,1675290.000,65238,1,T1,1,100,33.367
1738261822.932647,1675424.000,65254,1,T1,1,100,33.443
1738261823.065652,1675557.000,65285,1,T1,1,100,33.440
1738261823.198657,1675690.000,65300,1,T1,1,100,33.332
1738261823.332662,1675824.000,65317,1,T1,1,100,33.392
1738261823.465667,1675957.000,65347,1,T1,1,100,33.489
1738261823.598672,1676090.000,65362,1,T1,1,100,33.495
1738261823.732677,1676224.000,65379,1,T1,1,100,33.533
1738261823.865683,1676357.000,65394,1,T1,1,100,33.444
1738261823.998688,1676490.000,65427,1,T1,1,100,33.369
1738261824.132693,1676624.000,65443,1,T1,1,100,33.337
1738261824.265698,1676757.000,65458,1,T1,1,100,33.394
1738261824.398703,1676890.000,65480,1,T1,1,100,33.419
1738261824.532708,1677024.000,65512,1,T1,1,100,33.465
1738261824.665713,1677157.000,65528,1,T1,1,100,33.485
1738261824.798718,1677290.000,8,1,T1,1,100,33.423
1738261824.932723,1677424.000,39,1,T1,1,100,33.466
1738261825.065728,1677557.000,54,1,T1,1,100,33.521
1738261825.198733,1677690.000,70,1,T1,1,100,33.403
1738261825.332738,1677824.000,101,1,T1,1,100,33.458
1738261825.465743,1677957.000,118,1,T1,1,100,33.375
1738261825.598748,1678090.000,134,1,T1,1,100,33.411
1738261825.731753,1678223.000,150,1,T1,1,100,33.461
1738261825.865758,1678357.000,180,1,T1,1,100,33.412
1738261825.998764,1678490.000,199,1,T1,1,100,33.498
1738261826.132769,1678624.000,214,1,T1,1,100,33.463
1738261826.265774,1678757.000,245,1,T1,1,100,33.520
1738261826.398779,1678890.000,261,1,T1,1,100,33.402
1738261826.531784,1679023.000,276,1,T1,1,100,33.529
1738261826.665789,1679157.000,307,1,T1,1,100,33.477
1738261826.798794,1679290.000,323,1,T1,1,100,33.384
1738261826.931799,1679423.000,340,1,T1,1,100,33.379
1738261827.065804,1679557.000,371,1,T1,1,100,33.377
1738261827.198809,1679690.000,387,1,T1,1,100,33.411
1738261827.331814,1679823.000,403,1,T1,1,100,33.355
1738261827.465819,1679957.000,423,1,T1,1,100,33.402
1738261827.598824,1680090.000,454,1,T1,1,100,33.422
1738261827.731829,1680223.000,469,1,T1,1,100,33.466
1738261827.865834,1680357.000,485,1,T1,1,100,33.521
1738261827.998839,1680490.000,516,1,T1,1,100,33.438
1738261828.131845,1680623.000,533,1,T1,1,100,33.402
1738261828.265850,1680757.000,549,1,T1,1,100,33.422
1738261828.398855,1680890.000,580,1,T1,1,100,33.431
1738261828.531860,1681023.000,595,1,T1,1,100,33.435
1738261828.664865,1681156.000,612,1,T1,1,100,33.507
1738261828.798870,1681290.000,642,1,T1,1,100,33.468
1738261828.931875,1681423.000,659,1,T1,1,100,33.451
1738261829.064880,1681556.000,676,1,T1,1,100,33.443
1738261829.198885,1681690.000,691,1,T1,1,100,33.440
1738261829.331890,1681823.000,722,1,T1,1,100,33.509
1738261829.464895,1681956.000,743,1,T1,1,100,33.469
1738261829.598900,1682090.000,758,1,T1,1,100,33.451
1738261829.731905,1682223.000,789,1,T1,1,100,33.479
1738261829.864910,1682356.000,807,1,T1,1,100,33.526
1738261829.998915,1682490.000,823,1,T1,1,100,33.511
1738261830.131920,1682623.000,853,1,T1,1,100,33.434
1738261830.264925,1682756.000,869,1,T1,1,100,33.471
1738261830.398931,1682890.000,885,1,T1,1,100,33.452
1738261830.531936,1683023.000,915,1,T1,1,100,33.408
1738261830.664941,1683156.000,932,1,T1,1,100,33.354
1738261830.798946,1683290.000,947,1,T1,1,100,33.401
1738261830.931951,1683423.000,978,1,T1,1,100,33.386
1738261831.064956,1683556.000,994,1,T1,1,100,33.451
1738261831.198961,1683690.000,1009,1,T1,1,100,33.479
1738261831.331966,1683823.000,1042,1,T1,1,100,33.491
1738261831.464971,1683956.000,1058,1,T1,1,100,33.461
1738261831.598976,1684090.000,1073,1,T1,1,100,33.412
1738261831.731981,1684223.000,1090,1,T1,1,100,33.497
1738261831.864986,1684356.000,1120,1,T1,1,100,33.428
1738261831.997991,1684489.000,1136,1,T1,1,100,33.433
1738261832.131996,1684623.000,1154,1,T1,1,100,33.436
1738261832.265001,1684756.000,1185,1,T1,1,100,33.401
1738261832.398006,1684889.000,1202,1,T1,1,100,33.493
1738261832.532012,1685023.000,1218,1,T1,1,100,33.497
1738261832.665016,1685156.000,1249,1,T1,1,100,33.499
1738261832.798022,1685289.000,1264,1,T1,1,100,33.499
1738261832.932027,1685423.000,1280,1,T1,1,100,33.464
1738261833.065032,1685556.000,1311,1,T1,1,100,33.485
1738261833.198037,1685689.000,1326,1,T1,1,100,33.387
1738261833.332042,1685823.000,1343,1,T1,1,100,33.487
1738261833.465047,1685956.000,1358,1,T1,1,100,33.423
1738261833.598052,1686089.000,1390,1,T1,1,100,33.502
1738261833.732057,1686223.000,1407,1,T1,1,100,33.466
1738261833.865062,1686356.000,1422,1,T1,1,100,33.556
1738261833.998067,1686489.000,1453,1,T1,1,100,33.560
1738261834.132072,1686623.000,1469,1,T1,1,100,33.561
1738261834.265077,1686756.000,1486,1,T1,1,100,33.456
1738261834.398082,1686889.000,1519,1,T1,1,100,33.445
1738261834.532087,1687023.000,1540,1,T1,1,100,33.405
1738261834.665092,1687156.000,1556,1,T1,1,100,33.424
1738261834.798097,1687289.000,1586,1,T1,1,100,33.467
1738261834.932102,1687423.000,1602,1,T1,1,100,33.450
1738261835.065108,1687556.000,1618,1,T1,1,100,33.478
1738261835.198113,1687689.000,1636,1,T1,1,100,33.420
1738261835.332118,1687823.000,1667,1,T1,1,100,33.430
1738261835.465123,1687956.000,1682,1,T1,1,100,33.399
1738261835.598128,1688089.000,1698,1,T1,1,100,33.350
1738261835.732133,1688223.000,1729,1,T1,1,100,33.400
1738261835.865138,1688356.000,1746,1,T1,1,100,33.386
1738261835.998143,1688489.000,1763,1,T1,1,100,33.521
1738261836.131148,1688622.000,1793,1,T1,1,100,33.474
1738261836.265153,1688756.000,1808,1,T1,1,100,33.382
1738261836.398158,1688889.000,1825,1,T1,1,100,33.378
1738261836.531163,1689022.000,1855,1,T1,1,100,33.412
1738261836.665168,1689156.000,1873,1,T1,1,100,33.426
1738261836.798173,1689289.000,1889,1,T1,1,100,33.433
1738261836.931178,1689422.000,1920,1,T1,1,100,33.471
1738261837.065183,1689556.000,1935,1,T1,1,100,33.487
1738261837.198189,1689689.000,1951,1,T1,1,100,33.459
1738261837.331194,1689822.000,1966,1,T1,1,100,33.411
1738261837.465199,1689956.000,2001,1,T1,1,100,33.426
1738261837.598204,1690089.000,2017,1,T1,1,100,33.433
1738261837.731209,1690222.000,2033,1,T1,1,100,33.471
1738261837.865214,1690356.000,2063,1,T1,1,100,33.452
1738261837.998219,1690489.000,2080,1,T1,1,100,33.479
1738261838.131224,1690622.000,2095,1,T1,1,100,33.420
1738261838.265229,1690756.000,2126,1,T1,1,100,33.465
1738261838.398234,1690889.000,2144,1,T1,1,100,33.520
1738261838.531239,1691022.000,2159,1,T1,1,100,33.544
1738261838.664244,1691155.000,2190,1,T1,1,100,33.484
1738261838.798249,1691289.000,2206,1,T1,1,100,33.458
1738261838.931254,1691422.000,2223,1,T1,1,100,33.446
1738261839.064259,1691555.000,2254,1,T1,1,100,33.477
1738261839.198264,1691689.000,2270,1,T1,1,100,33.384
1738261839.331270,1691822.000,2286,1,T1,1,100,33.308
1738261839.464275,1691955.000,2316,1,T1,1,100,33.381
1738261839.597780,1692088.500,2338,2,T1,1,100,33.449
1738261839.731285,1692222.000,2338,2,T1,1,100,33.478
1738261839.864290,1692355.000,2370,1,T1,1,100,33.455
1738261839.998295,1692489.000,2387,1,T1,1,100,33.445
1738261840.131300,1692622.000,2402,1,T1,1,100,33.512
1738261840.264305,1692755.000,2433,1,T1,1,100,33.399
1738261840.398310,1692889.000,2449,1,T1,1,100,33.421
1738261840.531315,1693022.000,2466,1,T1,1,100,33.430
1738261840.664320,1693155.000,2497,1,T1,1,100,33.434
1738261840.798325,1693289.000,2513,1,T1,1,100,33.543
1738261840.931330,1693422.000,2528,1,T1,1,100,33.412
1738261841.064335,1693555.000,2545,1,T1,1,100,33.426
1738261841.198340,1693689.000,2575,1,T1,1,100,33.326
1738261841.331345,1693822.000,2593,1,T1,1,100,33.389
1738261841.464350,1693955.000,2609,1,T1,1,100,33.452
1738261841.598356,1694089.000,2640,1,T1,1,100,33.586
1738261841.731361,1694222.000,2655,1,T1,1,100,33.466
1738261841.864366,1694355.000,2671,1,T1,1,100,33.485
1738261841.998371,1694489.000,2702,1,T1,1,100,33.529
1738261842.131376,1694622.000,2717,1,T1,1,100,33.584
1738261842.264381,1694755.000,2735,1,T1,1,100,33.394
1738261842.397386,1694888.000,2768,1,T1,1,100,33.383
1738261842.531391,1695022.000,2783,1,T1,1,100,33.308
1738261842.664396,1695155.000,2800,1,T1,1,100,33.488
1738261842.797401,1695288.000,2830,1,T1,1,100,33.388
1738261842.931406,1695422.000,2845,1,T1,1,100,33.381
1738261843.064411,1695555.000,2862,1,T1,1,100,33.377
1738261843.197416,1695688.000,2877,1,T1,1,100,33.412
1738261843.331421,1695822.000,2908,1,T1,1,100,33.462
1738261843.464426,1695955.000,2924,1,T1,1,100,33.377
1738261843.597431,1696088.000,2939,1,T1,1,100,33.447
1738261843.731436,1696222.000,2970,1,T1,1,100,33.442
1738261843.864441,1696355.000,2986,1,T1,1,100,33.368
1738261843.997447,1696488.000,3002,1,T1,1,100,33.408
1738261844.131452,1696622.000,3032,1,T1,1,100,33.425
1738261844.264457,1696755.000,3048,1,T1,1,100,33.467
1738261844.397462,1696888.000,3064,1,T1,1,100,33.450
1738261844.531467,1697022.000,3094,1,T1,1,100,33.443
1738261844.664472,1697155.000,3111,1,T1,1,100,33.511
1738261844.797477,1697288.000,3132,1,T1,1,100,33.540
1738261844.931482,1697422.000,3147,1,T1,1,100,33.517
1738261845.064487,1697555.000,3164,1,T1,1,100,33.578
1738261845.197492,1697688.000,3194,1,T1,1,100,33.534
1738261845.331497,1697822.000,3210,1,T1,1,100,33.408
1738261845.464502,1697955.000,3226,1,T1,1,100,33.460
1738261845.597507,1698088.000,3257,1,T1,1,100,33.376
1738261845.730512,1698221.000,3274,1,T1,1,100,33.376
1738261845.864517,1698355.000,3290,1,T1,1,100,33.482
1738261845.997522,1698488.000,3321,1,T1,1,100,33.386
1738261846.130527,1698621.000,3336,1,T1,1,100,33.415
1738261846.264533,1698755.000,3352,1,T1,1,100,33.463
1738261846.397538,1698888.000,3368,1,T1,1,100,33.449
1738261846.530543,1699021.000,3398,1,T1,1,100,33.407
1738261846.664548,1699155.000,3415,1,T1,1,100,33.460
1738261846.797553,1699288.000,3430,1,T1,1,100,33.376
1738261846.930558,1699421.000,3461,1,T1,1,100,33.411
1738261847.064563,1699555.000,3477,1,T1,1,100,33.320
1738261847.197568,1699688.000,3494,1,T1,1,100,33.457
1738261847.330573,1699821.000,3527,1,T1,1,100,33.482
1738261847.464578,1699955.000,3543,1,T1,1,100,33.457
1738261847.597583,1700088.000,3558,1,T1,1,100,33.446
1738261847.730588,1700221.000,3589,1,T1,1,100,33.477
1738261847.864593,1700355.000,3607,1,T1,1,100,33.490
1738261847.997598,1700488.000,3623,1,T1,1,100,33.389
1738261848.130603,1700621.000,3653,1,T1,1,100,33.452
1738261848.264608,1700755.000,3669,1,T1,1,100,33.515
1738261848.397614,1700888.000,3685,1,T1,1,100,33.435
1738261848.530619,1701021.000,3701,1,T1,1,100,33.508
1738261848.664624,1701155.000,3732,1,T1,1,100,33.397
1738261848.797629,1701288.000,3747,1,T1,1,100,33.420
1738261848.930634,1701421.000,3763,1,T1,1,100,33.430
1738261849.064639,1701555.000,3794,1,T1,1,100,33.576
1738261849.197644,1701688.000,3809,1,T1,1,100,33.427
1738261849.330649,1701821.000,3826,1,T1,1,100,33.397
1738261849.463654,1701954.000,3856,1,T1,1,100,33.349
1738261849.597659,1702088.000,3871,1,T1,1,100,33.399
1738261849.730664,1702221.000,3888,1,T1,1,100,33.350
1738261849.864169,1702354.500,3923,2,T1,1,100,33.364
1738261849.997674,1702488.000,3923,2,T1,1,100,33.370
1738261850.130679,1702621.000,3954,1,T1,1,100,33.408
1738261850.263684,1702754.000,3969,1,T1,1,100,33.460
1738261850.397689,1702888.000,3986,1,T1,1,100,33.483
1738261850.530694,1703021.000,4018,1,T1,1,100,33.351
1738261850.663700,1703154.000,4034,1,T1,1,100,33.329
1738261850.797705,1703288.000,4050,1,T1,1,100,33.461
1738261850.930710,1703421.000,4083,1,T1,1,100,33.483
1738261851.063715,1703554.000,4098,1,T1,1,100,33.457
1738261851.197720,1703688.000,4114,1,T1,1,100,33.482
1738261851.330725,1703821.000,4145,1,T1,1,100,33.421
1738261851.463730,1703954.000,4160,1,T1,1,100,33.359
1738261851.597735,1704088.000,4176,1,T1,1,100,33.368
1738261851.730740,1704221.000,4209,1,T1,1,100,33.372
1738261851.863745,1704354.000,4224,1,T1,1,100,33.409
1738261851.996750,1704487.000,4241,1,T1,1,100,33.425
1738261852.130755,1704621.000,4271,1,T1,1,100,33.432
1738261852.263760,1704754.000,4288,1,T1,1,100,33.471
1738261852.397765,1704888.000,4307,1,T1,1,100,33.452
1738261852.530770,1705021.000,4322,1,T1,1,100,33.479
1738261852.663775,1705154.000,4353,1,T1,1,100,33.526
1738261852.796780,1705287.000,4369,1,T1,1,100,33.618
1738261852.930786,1705421.000,4384,1,T1,1,100,33.586
1738261853.063791,1705554.000,4417,1,T1,1,100,33.502
1738261853.196796,1705687.000,4435,1,T1,1,100,33.394
1738261853.330801,1705821.000,4451,1,T1,1,100,33.313
1738261853.463806,1705954.000,4481,1,T1,1,100,33.419
1738261853.596811,1706087.000,4497,1,T1,1,100,33.394
1738261853.730816,1706221.000,4513,1,T1,1,100,33.348
1738261853.863821,1706354.000,4545,1,T1,1,100,33.434
1738261853.996826,1706487.000,4562,1,T1,1,100,33.507
1738261854.130831,1706621.000,4577,1,T1,1,100,33.538
1738261854.263836,1706754.000,4608,1,T1,1,100,33.517
1738261854.396841,1706887.000,4624,1,T1,1,100,33.472
1738261854.530846,1707021.000,4639,1,T1,1,100,33.523
1738261854.663851,1707154.000,4655,1,T1,1,100,33.475
1738261854.796856,1707287.000,4686,1,T1,1,100,33.489
1738261854.930861,1707421.000,4701,1,T1,1,100,33.531
1738261855.063866,1707554.000,4725,1,T1,1,100,33.513
1738261855.196872,1707687.000,4740,1,T1,1,100,33.364
1738261855.330877,1707821.000,4771,1,T1,1,100,33.335
1738261855.463882,1707954.000,4787,1,T1,1,100,33.428
1738261855.596887,1708087.000,4804,1,T1,1,100,33.363
1738261855.729892,1708220.000,4835,1,T1,1,100,33.441
1738261855.863897,1708354.000,4851,1,T1,1,100,33.403
1738261855.996902,1708487.000,4867,1,T1,1,100,33.458
1738261856.129907,1708620.000,4897,1,T1,1,100,33.482
1738261856.263912,1708754.000,4913,1,T1,1,100,33.457
1738261856.396917,1708887.000,4931,1,T1,1,100,33.446
1738261856.529922,1709020.000,4961,1,T1,1,100,33.335
1738261856.663927,1709154.000,4978,1,T1,1,100,33.322
1738261856.796932,1709287.000,4993,1,T1,1,100,33.317
1738261856.929937,1709420.000,5024,1,T1,1,100,33.350
1738261857.063942,1709554.000,5042,1,T1,1,100,33.470
1738261857.196947,1709687.000,5057,1,T1,1,100,33.452
1738261857.329952,1709820.000,5073,1,T1,1,100,33.479
1738261857.463958,1709954.000,5106,1,T1,1,100,33.526
1738261857.596963,1710087.000,5121,1,T1,1,100,33.476
1738261857.729968,1710220.000,5138,1,T1,1,100,33.383
1738261857.863973,1710354.000,5168,1,T1,1,100,33.485
1738261857.996978,1710487.000,5184,1,T1,1,100,33.458
1738261858.129983,1710620.000,5200,1,T1,1,100,33.446
1738261858.263988,1710754.000,5231,1,T1,1,100,33.441
1738261858.396993,1710887.000,5246,1,T1,1,100,33.439
1738261858.529998,1711020.000,5264,1,T1,1,100,33.545
1738261858.663003,1711153.000,5295,1,T1,1,100,33.484
1738261858.797008,1711287.000,5310,1,T1,1,100,33.316
1738261858.930013,1711420.000,5326,1,T1,1,100,33.314
1738261859.063018,1711553.000,5357,1,T1,1,100,33.455
1738261859.197023,1711687.000,5372,1,T1,1,100,33.551
1738261859.330028,1711820.000,5391,1,T1,1,100,33.451
1738261859.464033,1711954.000,5421,1,T1,1,100,33.443
1738261859.597039,1712087.000,5436,1,T1,1,100,33.476
1738261859.730044,1712220.000,5453,1,T1,1,100,33.454
1738261859.863049,1712353.000,5468,1,T1,1,100,33.516
1738261859.997054,1712487.000,5501,1,T1,1,100,33.436
1738261860.130059,1712620.000,5522,1,T1,1,100,33.366
1738261860.263064,1712753.000,5537,1,T1,1,100,33.371
1738261860.397069,1712887.000,5568,1,T1,1,100,33.338
1738261860.530074,1713020.000,5584,1,T1,1,100,33.323
1738261860.663079,1713153.000,5600,1,T1,1,100,33.317
1738261860.797084,1713287.000,5632,1,T1,1,100,33.421
1738261860.930089,1713420.000,5648,1,T1,1,100,33.395
1738261861.063094,1713553.000,5664,1,T1,1,100,33.384
1738261861.197099,1713687.000,5694,1,T1,1,100,33.485
1738261861.330104,1713820.000,5711,1,T1,1,100,33.458
1738261861.463109,1713953.000,5728,1,T1,1,100,33.517
1738261861.597114,1714087.000,5759,1,T1,1,100,33.437
1738261861.730119,1714220.000,5775,1,T1,1,100,33.473
1738261861.863125,1714353.000,5790,1,T1,1,100,33.417
1738261861.996130,1714486.000,5806,1,T1,1,100,33.464
1738261862.130135,1714620.000,5837,1,T1,1,100,33.449
1738261862.263140,1714753.000,5854,1,T1,1,100,33.442
1738261862.396145,1714886.000,5873,1,T1,1,100,33.475
1738261862.530150,1715020.000,5903,1,T1,1,100,33.383
1738261862.663155,1715153.000,5919,1,T1,1,100,33.414
1738261862.796160,1715286.000,5937,1,T1,1,100,33.356
1738261862.930165,1715420.000,5968,1,T1,1,100,33.367
1738261863.063170,1715553.000,5983,1,T1,1,100,33.407
1738261863.196175,1715686.000,5999,1,T1,1,100,33.424
1738261863.330180,1715820.000,6030,1,T1,1,100,33.467
1738261863.463185,1715953.000,6045,1,T1,1,100,33.344
1738261863.596190,1716086.000,6061,1,T1,1,100,33.326
1738261863.730195,1716220.000,6094,1,T1,1,100,33.389
1738261863.863200,1716353.000,6109,1,T1,1,100,33.310
1738261863.996205,1716486.000,6126,1,T1,1,100,33.382
1738261864.130211,1716620.000,6156,1,T1,1,100,33.485
1738261864.263216,1716753.000,6171,1,T1,1,100,33.529
1738261864.396221,1716886.000,6190,1,T1,1,100,33.406
1738261864.530226,1717020.000,6205,1,T1,1,100,33.566
1738261864.663231,1717153.000,6236,1,T1,1,100,33.458
1738261864.796236,1717286.000,6252,1,T1,1,100,33.553
1738261864.930241,1717420.000,6267,1,T1,1,100,33.523
1738261865.063246,1717553.000,6300,1,T1,1,100,33.439
1738261865.196251,1717686.000,6321,1,T1,1,100,33.509
1738261865.329256,1717819.000,6337,1,T1,1,100,33.398
1738261865.463261,1717953.000,6367,1,T1,1,100,33.349
1738261865.596266,1718086.000,6383,1,T1,1,100,33.399
1738261865.729271,1718219.000,6399,1,T1,1,100,33.456
1738261865.863276,1718353.000,6429,1,T1,1,100,33.517
1738261865.996281,1718486.000,6448,1,T1,1,100,33.472
1738261866.129286,1718619.000,6463,1,T1,1,100,33.346
1738261866.263291,1718753.000,6494,1,T1,1,100,33.327
1738261866.396297,1718886.000,6510,1,T1,1,100,33.496
1738261866.529302,1719019.000,6525,1,T1,1,100,33.463
1738261866.663307,1719153.000,6541,1,T1,1,100,33.378
1738261866.796312,1719286.000,6572,1,T1,1,100,33.447
1738261866.929317,1719419.000,6587,1,T1,1,100,33.442
1738261867.063322,1719553.000,6606,1,T1,1,100,33.368
1738261867.196327,1719686.000,6636,1,T1,1,100,33.479
1738261867.329332,1719819.000,6652,1,T1,1,100,33.384
1738261867.463337,1719953.000,6670,1,T1,1,100,33.450
1738261867.596342,1720086.000,6701,1,T1,1,100,33.407
1738261867.729347,1720219.000,6716,1,T1,1,100,33.424
1738261867.863352,1720353.000,6734,1,T1,1,100,33.538
1738261867.996357,1720486.000,6765,1,T1,1,100,33.481
1738261868.129362,1720619.000,6780,1,T1,1,100,33.456
1738261868.263367,1720753.000,6796,1,T1,1,100,33.481
1738261868.396372,1720886.000,6812,1,T1,1,100,33.598
1738261868.529377,1721019.000,6844,1,T1,1,100,33.542
1738261868.662383,1721152.000,6861,1,T1,1,100,33.447
1738261868.796388,1721286.000,6876,1,T1,1,100,33.477
1738261868.929393,1721419.000,6907,1,T1,1,100,33.419
1738261869.062398,1721552.000,6923,1,T1,1,100,33.430
1738261869.196403,1721686.000,6938,1,T1,1,100,33.434
1738261869.329408,1721819.000,6969,1,T1,1,100,33.365
1738261869.463413,1721953.000,6987,1,T1,1,100,33.335
1738261869.596418,1722086.000,7002,1,T1,1,100,33.393
1738261869.729423,1722219.000,7033,1,T1,1,100,33.347
1738261869.862428,1722352.000,7049,1,T1,1,100,33.434
1738261869.996433,1722486.000,7065,1,T1,1,100,33.471
1738261870.129438,1722619.000,7095,1,T1,1,100,33.452
1738261870.262443,1722752.000,7113,1,T1,1,100,33.408
1738261870.396448,1722886.000,7134,1,T1,1,100,33.389
1738261870.529453,1723019.000,7149,1,T1,1,100,33.381
1738261870.662458,1723152.000,7165,1,T1,1,100,33.378
1738261870.796463,1723286.000,7196,1,T1,1,100,33.270
1738261870.929469,1723419.000,7211,1,T1,1,100,33.436
1738261871.062474,1723552.000,7228,1,T1,1,100,33.366
1738261871.196479,1723686.000,7258,1,T1,1,100,33.371
1738261871.329484,1723819.000,7276,1,T1,1,100,33.551
1738261871.462489,1723952.000,7292,1,T1,1,100,33.522
1738261871.596494,1724086.000,7323,1,T1,1,100,33.474
1738261871.729499,1724219.000,7338,1,T1,1,100,33.453
1738261871.862504,1724352.000,7354,1,T1,1,100,33.515
1738261871.996509,1724486.000,7385,1,T1,1,100,33.471
1738261872.129514,1724619.000,7402,1,T1,1,100,33.452
1738261872.262519,1724752.000,7418,1,T1,1,100,33.479
1738261872.395524,1724885.000,7434,1,T1,1,100,33.456
1738261872.529529,1725019.000,7466,1,T1,1,100,33.445
1738261872.662534,1725152.000,7483,1,T1,1,100,33.299
1738261872.795539,1725285.000,7498,1,T1,1,100,33.307
1738261872.929544,1725419.000,7529,1,T1,1,100,33.416
1738261873.062550,1725552.000,7547,1,T1,1,100,33.393
1738261873.195554,1725685.000,7562,1,T1,1,100,33.347
1738261873.329560,1725819.000,7593,1,T1,1,100,33.328
1738261873.462565,1725952.000,7609,1,T1,1,100,33.461
1738261873.595570,1726085.000,7626,1,T1,1,100,33.448
1738261873.729575,1726219.000,7657,1,T1,1,100,33.442
1738261873.862580,1726352.000,7673,1,T1,1,100,33.368
1738261873.995585,1726485.000,7689,1,T1,1,100,33.443
1738261874.129590,1726619.000,7719,1,T1,1,100,33.475
1738261874.262595,1726752.000,7735,1,T1,1,100,33.383
1738261874.395600,1726885.000,7751,1,T1,1,100,33.414
1738261874.529605,1727019.000,7769,1,T1,1,100,33.427
1738261874.662610,1727152.000,7800,1,T1,1,100,33.504
1738261874.795615,1727285.000,7815,1,T1,1,100,33.431
1738261874.929620,1727419.000,7831,1,T1,1,100,33.506
1738261875.062625,1727552.000,7862,1,T1,1,100,33.467
1738261875.195630,1727685.000,7877,1,T1,1,100,33.450
1738261875.328635,1727818.000,7894,1,T1,1,100,33.478
1738261875.462141,1727951.500,7930,2,T1,1,100,33.420
1738261875.595646,1728085.000,7930,2,T1,1,100,33.359
1738261875.729651,1728219.000,7961,1,T1,1,100,33.439
1738261875.862656,1728352.000,7976,1,T1,1,100,33.509
1738261875.995661,1728485.000,7993,1,T1,1,100,33.433
1738261876.128666,1728618.000,8025,1,T1,1,100,33.471
1738261876.262671,1728752.000,8040,1,T1,1,100,33.487
1738261876.395676,1728885.000,8057,1,T1,1,100,33.495
1738261876.528681,1729018.000,8087,1,T1,1,100,33.427
1738261876.662686,1729152.000,8103,1,T1,1,100,33.504
1738261876.795691,1729285.000,8119,1,T1,1,100,33.431
1738261876.928696,1729418.000,8152,1,T1,1,100,33.399
1738261877.062701,1729552.000,8167,1,T1,1,100,33.385
1738261877.195706,1729685.000,8183,1,T1,1,100,33.309
1738261877.328711,1729818.000,8216,1,T1,1,100,33.382
1738261877.462716,1729952.000,8231,1,T1,1,100,33.307
1738261877.595721,1730085.000,8247,1,T1,1,100,33.487
1738261877.728727,1730218.000,8263,1,T1,1,100,33.424
1738261877.862732,1730352.000,8295,1,T1,1,100,33.396
1738261877.995737,1730485.000,8312,1,T1,1,100,33.597
1738261878.128742,1730618.000,8327,1,T1,1,100,33.613
1738261878.262747,1730752.000,8358,1,T1,1,100,33.442
1738261878.395752,1730885.000,8374,1,T1,1,100,33.546
1738261878.528757,1731018.000,8391,1,T1,1,100,33.555
1738261878.662762,1731152.000,8422,1,T1,1,100,33.524
1738261878.795767,1731285.000,8438,1,T1,1,100,33.510
1738261878.928772,1731418.000,8453,1,T1,1,100,33.469
1738261879.061777,1731551.000,8484,1,T1,1,100,33.522
1738261879.195782,1731685.000,8500,1,T1,1,100,33.474
1738261879.328787,1731818.000,8518,1,T1,1,100,33.382
1738261879.461792,1731951.000,8548,1,T1,1,100,33.414
1738261879.595797,1732085.000,8564,1,T1,1,100,33.534
1738261879.728802,1732218.000,8580,1,T1,1,100,33.550
1738261879.861808,1732351.000,8596,1,T1,1,100,33.486
1738261879.995813,1732485.000,8627,1,T1,1,100,33.459
1738261880.128818,1732618.000,8642,1,T1,1,100,33.411
1738261880.261823,1732751.000,8658,1,T1,1,100,33.462
1738261880.395828,1732885.000,8691,1,T1,1,100,33.412
1738261880.528833,1733018.000,8706,1,T1,1,100,33.356
1738261880.661838,1733151.000,8730,1,T1,1,100,33.438
1738261880.795843,1733285.000,8760,1,T1,1,100,33.508
1738261880.928848,1733418.000,8775,1,T1,1,100,33.433
1738261881.061853,1733551.000,8794,1,T1,1,100,33.471
1738261881.195858,1733685.000,8824,1,T1,1,100,33.452
1738261881.328863,1733818.000,8840,1,T1,1,100,33.479
1738261881.461868,1733951.000,8856,1,T1,1,100,33.526
1738261881.595873,1734085.000,8889,1,T1,1,100,33.582
1738261881.728878,1734218.000,8904,1,T1,1,100,33.571
1738261881.861883,1734351.000,8920,1,T1,1,100,33.566
1738261881.995888,1734485.000,8935,1,T1,1,100,33.564
1738261882.128894,1734618.000,8966,1,T1,1,100,33.599
1738261882.261899,1734751.000,8982,1,T1,1,100,33.507
1738261882.394904,1734884.000,9000,1,T1,1,100,33.432
1738261882.528909,1735018.000,9030,1,T1,1,100,33.471
1738261882.661914,1735151.000,9049,1,T1,1,100,33.381
1738261882.794919,1735284.000,9064,1,T1,1,100,33.448
1738261882.928924,1735418.000,9095,1,T1,1,100,33.442
1738261883.061929,1735551.000,9111,1,T1,1,100,33.369
1738261883.194934,1735684.000,9126,1,T1,1,100,33.443
1738261883.328939,1735818.000,9159,1,T1,1,100,33.404
1738261883.461944,1735951.000,9175,1,T1,1,100,33.459
1738261883.594949,1736084.000,9190,1,T1,1,100,33.482
1738261883.728954,1736218.000,9221,1,T1,1,100,33.457
1738261883.861959,1736351.000,9237,1,T1,1,100,33.481
1738261883.994964,1736484.000,9253,1,T1,1,100,33.456
1738261884.128969,1736618.000,9271,1,T1,1,100,33.410
1738261884.261975,1736751.000,9302,1,T1,1,100,33.426
1738261884.394979,1736884.000,9317,1,T1,1,100,33.361
1738261884.528985,1737018.000,9333,1,T1,1,100,33.369
1738261884.661990,1737151.000,9364,1,T1,1,100,33.479
1738261884.794995,1737284.000,9379,1,T1,1,100,33.491
1738261884.929000,1737418.000,9397,1,T1,1,100,33.531
1738261885.062005,1737551.000,9428,1,T1,1,100,33.620
1738261885.195010,1737684.000,9443,1,T1,1,100,33.481
1738261885.328015,1737817.000,9460,1,T1,1,100,33.527
1738261885.462020,1737951.000,9490,1,T1,1,100,33.441
1738261885.595025,1738084.000,9507,1,T1,1,100,33.474
1738261885.728030,1738217.000,9529,1,T1,1,100,33.489
1738261885.862035,1738351.000,9559,1,T1,1,100,33.460
1738261885.995040,1738484.000,9575,1,T1,1,100,33.518
1738261886.128045,1738617.000,9591,1,T1,1,100,33.543
1738261886.262050,1738751.000,9606,1,T1,1,100,33.625
1738261886.395055,1738884.000,9639,1,T1,1,100,33.483
1738261886.528060,1739017.000,9655,1,T1,1,100,33.457
1738261886.662066,1739151.000,9671,1,T1,1,100,33.482
1738261886.795071,1739284.000,9701,1,T1,1,100,33.457
1738261886.928076,1739417.000,9717,1,T1,1,100,33.446
1738261887.062081,1739551.000,9733,1,T1,1,100,33.441
1738261887.195086,1739684.000,9763,1,T1,1,100,33.404
1738261887.328091,1739817.000,9780,1,T1,1,100,33.423
1738261887.462096,1739951.000,9799,1,T1,1,100,33.467
1738261887.595101,1740084.000,9830,1,T1,1,100,33.415
1738261887.728106,1740217.000,9846,1,T1,1,100,33.428
1738261887.862111,1740351.000,9861,1,T1,1,100,33.362
1738261887.995116,1740484.000,9892,1,T1,1,100,33.440
1738261888.128121,1740617.000,9910,1,T1,1,100,33.474
1738261888.262126,1740751.000,9925,1,T1,1,100,33.453
1738261888.395131,1740884.000,9942,1,T1,1,100,33.480
1738261888.528136,1741017.000,9972,1,T1,1,100,33.491
1738261888.661141,1741150.000,9988,1,T1,1,100,33.461
1738261888.795146,1741284.000,10004,1,T1,1,100,33.518
1738261888.928152,1741417.000,10035,1,T1,1,100,33.473
1738261889.061157,1741550.000,10052,1,T1,1,100,33.417
1738261889.195162,1741684.000,10068,1,T1,1,100,33.393
1738261889.328167,1741817.000,10099,1,T1,1,100,33.418
1738261889.461172,1741950.000,10114,1,T1,1,100,33.429
1738261889.595177,1742084.000,10130,1,T1,1,100,33.398
1738261889.728182,1742217.000,10161,1,T1,1,100,33.350
1738261889.861187,1742350.000,10176,1,T1,1,100,33.470
1738261889.995192,1742484.000,10193,1,T1,1,100,33.452
1738261890.128197,1742617.000,10223,1,T1,1,100,33.444
1738261890.261202,1742750.000,10238,1,T1,1,100,33.440
1738261890.395207,1742884.000,10255,1,T1,1,100,33.510
1738261890.528212,1743017.000,10270,1,T1,1,100,33.469
1738261890.661217,1743150.000,10301,1,T1,1,100,33.486
1738261890.794722,1743283.500,10320,2,T1,1,100,33.494
1738261890.928227,1743417.000,10320,2,T1,1,100,33.497
1738261891.061233,1743550.000,10353,1,T1,1,100,33.428
1738261891.195238,1743684.000,10369,1,T1,1,100,33.433
1738261891.328243,1743817.000,10385,1,T1,1,100,33.436
1738261891.461248,1743950.000,10415,1,T1,1,100,33.437
1738261891.595253,1744084.000,10431,1,T1,1,100,33.437
1738261891.728258,1744217.000,10447,1,T1,1,100,33.366
1738261891.861263,1744350.000,10479,1,T1,1,100,33.478
1738261891.994268,1744483.000,10496,1,T1,1,100,33.490
1738261892.128273,1744617.000,10511,1,T1,1,100,33.425
1738261892.261278,1744750.000,10542,1,T1,1,100,33.361
1738261892.394283,1744883.000,10560,1,T1,1,100,33.369
1738261892.528288,1745017.000,10575,1,T1,1,100,33.408
1738261892.661293,1745150.000,10591,1,T1,1,100,33.425
1738261892.794298,1745283.000,10622,1,T1,1,100,33.326
1738261892.928303,1745417.000,10637,1,T1,1,100,33.425
1738261893.061308,1745550.000,10654,1,T1,1,100,33.432
1738261893.194314,1745683.000,10686,1,T1,1,100,33.506
1738261893.328319,1745817.000,10702,1,T1,1,100,33.396
1738261893.461323,1745950.000,10718,1,T1,1,100,33.455
1738261893.594329,1746083.000,10749,1,T1,1,100,33.481
1738261893.728334,1746217.000,10766,1,T1,1,100,33.385
1738261893.861339,1746350.000,10782,1,T1,1,100,33.415
1738261893.994344,1746483.000,10813,1,T1,1,100,33.534
1738261894.128349,1746617.000,10828,1,T1,1,100,33.515
1738261894.261354,1746750.000,10844,1,T1,1,100,33.506
1738261894.394359,1746883.000,10875,1,T1,1,100,33.396
1738261894.528364,1747017.000,10890,1,T1,1,100,33.455
1738261894.661369,1747150.000,10907,1,T1,1,100,33.445
1738261894.794374,1747283.000,10922,1,T1,1,100,33.441
1738261894.928379,1747417.000,10952,1,T1,1,100,33.403
1738261895.061384,1747550.000,10969,1,T1,1,100,33.494
1738261895.194389,1747683.000,10984,1,T1,1,100,33.568
1738261895.327394,1747816.000,11017,1,T1,1,100,33.565
1738261895.461400,1747950.000,11033,1,T1,1,100,33.493
1738261895.594404,1748083.000,11048,1,T1,1,100,33.532
1738261895.727410,1748216.000,11079,1,T1,1,100,33.443
1738261895.861415,1748350.000,11095,1,T1,1,100,33.369
1738261895.994420,1748483.000,11119,1,T1,1,100,33.443
1738261896.127425,1748616.000,11134,1,T1,1,100,33.475
1738261896.261430,1748750.000,11165,1,T1,1,100,33.418
1738261896.394435,1748883.000,11183,1,T1,1,100,33.429
1738261896.527440,1749016.000,11198,1,T1,1,100,33.505
1738261896.661445,1749150.000,11215,1,T1,1,100,33.431
1738261896.794450,1749283.000,11245,1,T1,1,100,33.470
1738261896.927455,1749416.000,11260,1,T1,1,100,33.381
1738261897.061460,1749550.000,11277,1,T1,1,100,33.448
1738261897.194465,1749683.000,11307,1,T1,1,100,33.371
1738261897.327470,1749816.000,11323,1,T1,1,100,33.444
1738261897.461475,1749950.000,11341,1,T1,1,100,33.405
1738261897.594480,1750083.000,11372,1,T1,1,100,33.494
1738261897.727485,1750216.000,11387,1,T1,1,100,33.462
1738261897.861490,1750350.000,11403,1,T1,1,100,33.519
1738261897.994496,1750483.000,11434,1,T1,1,100,33.473
1738261898.127501,1750616.000,11449,1,T1,1,100,33.417
1738261898.261506,1750750.000,11465,1,T1,1,100,33.464
1738261898.394511,1750883.000,11481,1,T1,1,100,33.449
1738261898.527516,1751016.000,11511,1,T1,1,100,33.478
1738261898.660521,1751149.000,11528,1,T1,1,100,33.384
1738261898.794526,1751283.000,11543,1,T1,1,100,33.414
1738261898.927531,1751416.000,11574,1,T1,1,100,33.463
1738261899.060536,1751549.000,11592,1,T1,1,100,33.378
1738261899.194541,1751683.000,11607,1,T1,1,100,33.518
1738261899.327546,1751816.000,11638,1,T1,1,100,33.508
1738261899.461551,1751950.000,11654,1,T1,1,100,33.468
1738261899.594556,1752083.000,11669,1,T1,1,100,33.628
1738261899.727561,1752216.000,11700,1,T1,1,100,33.520
1738261899.860566,1752349.000,11716,1,T1,1,100,33.544
1738261899.994571,1752483.000,11732,1,T1,1,100,33.448
1738261900.127577,1752616.000,11762,1,T1,1,100,33.584
1738261900.260581,1752749.000,11778,1,T1,1,100,33.465
1738261900.394587,1752883.000,11796,1,T1,1,100,33.591
1738261900.527592,1753016.000,11812,1,T1,1,100,33.504
1738261900.660597,1753149.000,11843,1,T1,1,100,33.573
1738261900.794602,1753283.000,11858,1,T1,1,100,33.602
1738261900.927607,1753416.000,11874,1,T1,1,100,33.509
1738261901.060612,1753549.000,11910,1,T1,1,100,33.504
1738261901.194617,1753683.000,11925,1,T1,1,100,33.395
1738261901.327622,1753816.000,11944,1,T1,1,100,33.455
1738261901.460627,1753949.000,11974,1,T1,1,100,33.445
1738261901.594632,1754083.000,11989,1,T1,1,100,33.370
1738261901.727637,1754216.000,12006,1,T1,1,100,33.444
1738261901.860642,1754349.000,12038,1,T1,1,100,33.476
1738261901.994647,1754483.000,12054,1,T1,1,100,33.454
1738261902.127652,1754616.000,12070,1,T1,1,100,33.551
1738261902.260658,1754749.000,12101,1,T1,1,100,33.487
1738261902.394663,1754883.000,12118,1,T1,1,100,33.601
1738261902.527668,1755016.000,12134,1,T1,1,100,33.544
1738261902.660673,1755149.000,12149,1,T1,1,100,33.412
1738261902.793678,1755282.000,12182,1,T1,1,100,33.462
1738261902.927683,1755416.000,12198,1,T1,1,100,33.448
1738261903.060688,1755549.000,12214,1,T1,1,100,33.442
1738261903.193693,1755682.000,12244,1,T1,1,100,33.475
1738261903.327698,1755816.000,12261,1,T1,1,100,33.454
1738261903.460703,1755949.000,12276,1,T1,1,100,33.515
1738261903.593708,1756082.000,12307,1,T1,1,100,33.436
1738261903.727713,1756216.000,12323,1,T1,1,100,33.401
1738261903.860718,1756349.000,12338,1,T1,1,100,33.422
1738261903.993723,1756482.000,12371,1,T1,1,100,33.502
1738261904.127728,1756616.000,12387,1,T1,1,100,33.465
1738261904.260733,1756749.000,12402,1,T1,1,100,33.450
1738261904.393739,1756882.000,12419,1,T1,1,100,33.443
1738261904.527744,1757016.000,12449,1,T1,1,100,33.404
1738261904.660748,1757149.000,12465,1,T1,1,100,33.388
1738261904.793754,1757282.000,12481,1,T1,1,100,33.487
1738261904.927759,1757416.000,12512,1,T1,1,100,33.530
1738261905.060764,1757549.000,12527,1,T1,1,100,33.513
1738261905.193769,1757682.000,12543,1,T1,1,100,33.506
1738261905.327774,1757816.000,12576,1,T1,1,100,33.502
1738261905.460779,1757949.000,12591,1,T1,1,100,33.466
1738261905.593784,1758082.000,12607,1,T1,1,100,33.450
1738261905.726789,1758215.000,12638,1,T1,1,100,33.585
1738261905.860794,1758349.000,12653,1,T1,1,100,33.537
1738261905.993799,1758482.000,12670,1,T1,1,100,33.480
1738261906.126804,1758615.000,12707,1,T1,1,100,33.527
1738261906.260809,1758749.000,12722,1,T1,1,100,33.441
1738261906.393814,1758882.000,12739,1,T1,1,100,33.403
1738261906.526819,1759015.000,12769,1,T1,1,100,33.423
1738261906.660825,1759149.000,12785,1,T1,1,100,33.396
1738261906.793829,1759282.000,12801,1,T1,1,100,33.490
1738261906.926835,1759415.000,12816,1,T1,1,100,33.425
1738261907.060840,1759549.000,12847,1,T1,1,100,33.432
1738261907.193845,1759682.000,12865,1,T1,1,100,33.400
1738261907.326850,1759815.000,12881,1,T1,1,100,33.528
1738261907.460855,1759949.000,12913,1,T1,1,100,33.476
1738261907.593860,1760082.000,12929,1,T1,1,100,33.419
1738261907.726865,1760215.000,12947,1,T1,1,100,33.429
1738261907.860870,1760349.000,12977,1,T1,1,100,33.434
1738261907.993875,1760482.000,12994,1,T1,1,100,33.365
1738261908.126880,1760615.000,13009,1,T1,1,100,33.406
1738261908.260885,1760749.000,13040,1,T1,1,100,33.530
1738261908.393890,1760882.000,13056,1,T1,1,100,33.513
1738261908.526895,1761015.000,13073,1,T1,1,100,33.541
1738261908.660900,1761149.000,13104,1,T1,1,100,33.518
1738261908.793905,1761282.000,13120,1,T1,1,100,33.579
1738261908.926910,1761415.000,13135,1,T1,1,100,33.534
1738261909.059916,1761548.000,13152,1,T1,1,100,33.479
1738261909.193921,1761682.000,13184,1,T1,1,100,33.420
1738261909.326926,1761815.000,13200,1,T1,1,100,33.572
1738261909.459931,1761948.000,13216,1,T1,1,100,33.567
1738261909.593936,1762082.000,13249,1,T1,1,100,33.493
1738261909.726941,1762215.000,13264,1,T1,1,100,33.426
1738261909.859946,1762348.000,13280,1,T1,1,100,33.468
1738261909.993951,1762482.000,13311,1,T1,1,100,33.451
1738261910.126956,1762615.000,13326,1,T1,1,100,33.372
1738261910.259961,1762748.000,13342,1,T1,1,100,33.409
1738261910.393966,1762882.000,13373,1,T1,1,100,33.496
1738261910.526971,1763015.000,13388,1,T1,1,100,33.392
1738261910.659976,1763148.000,13405,1,T1,1,100,33.382
1738261910.793981,1763282.000,13437,1,T1,1,100,33.414
1738261910.926986,1763415.000,13452,1,T1,1,100,33.498
1738261911.059991,1763548.000,13469,1,T1,1,100,33.428
1738261911.193996,1763682.000,13484,1,T1,1,100,33.434
1738261911.327002,1763815.000,13504,1,T1,1,100,33.436
1738261911.460006,1763948.000,13522,1,T1,1,100,33.543
1738261911.594012,1764082.000,13537,1,T1,1,100,33.519
1738261911.727017,1764215.000,13568,1,T1,1,100,33.473
1738261911.860022,1764348.000,13584,1,T1,1,100,33.488
1738261911.994027,1764482.000,13600,1,T1,1,100,33.389
1738261912.127032,1764615.000,13632,1,T1,1,100,33.487
1738261912.260037,1764748.000,13648,1,T1,1,100,33.494
1738261912.393042,1764881.000,13666,1,T1,1,100,33.533
1738261912.527047,1765015.000,13698,1,T1,1,100,33.514
1738261912.660052,1765148.000,13715,1,T1,1,100,33.435
1738261912.793057,1765281.000,13730,1,T1,1,100,33.507
1738261912.927062,1765415.000,13763,1,T1,1,100,33.574
1738261913.060067,1765548.000,13779,1,T1,1,100,33.461
1738261913.193072,1765681.000,13794,1,T1,1,100,33.341
1738261913.327077,1765815.000,13825,1,T1,1,100,33.431
1738261913.460083,1765948.000,13841,1,T1,1,100,33.435
1738261913.593087,1766081.000,13856,1,T1,1,100,33.578
1738261913.727093,1766215.000,13873,1,T1,1,100,33.498
1738261913.860098,1766348.000,13903,1,T1,1,100,33.535
1738261913.993103,1766481.000,13919,1,T1,1,100,33.550
1738261914.127108,1766615.000,13935,1,T1,1,100,33.486
1738261914.260113,1766748.000,13966,1,T1,1,100,33.459
1738261914.393118,1766881.000,13981,1,T1,1,100,33.376
1738261914.527123,1767015.000,13997,1,T1,1,100,33.517
1738261914.660128,1767148.000,14028,1,T1,1,100,33.472
1738261914.793133,1767281.000,14043,1,T1,1,100,33.417
1738261914.927138,1767415.000,14059,1,T1,1,100,33.429
1738261915.060143,1767548.000,14090,1,T1,1,100,33.363
1738261915.193148,1767681.000,14105,1,T1,1,100,33.405
1738261915.326153,1767814.000,14122,1,T1,1,100,33.353
1738261915.460158,1767948.000,14152,1,T1,1,100,33.436
1738261915.593163,1768081.000,14167,1,T1,1,100,33.543
1738261915.726168,1768214.000,14186,1,T1,1,100,33.412
1738261915.860173,1768348.000,14201,1,T1,1,100,33.427
1738261915.993179,1768481.000,14232,1,T1,1,100,33.362
1738261916.126184,1768614.000,14248,1,T1,1,100,33.405
1738261916.260189,1768748.000,14263,1,T1,1,100,33.494
1738261916.393194,1768881.000,14300,2,T1,1,100,33.462
1738261916.526199,1769014.000,14300,2,T1,1,100,33.448
1738261916.660204,1769148.000,14331,1,T1,1,100,33.407
1738261916.793209,1769281.000,14346,1,T1,1,100,33.389
1738261916.926214,1769414.000,14362,1,T1,1,100,33.452
1738261917.060219,1769548.000,14393,1,T1,1,100,33.515
1738261917.193224,1769681.000,14408,1,T1,1,100,33.435
1738261917.326229,1769814.000,14427,1,T1,1,100,33.472
1738261917.460234,1769948.000,14461,1,T1,1,100,33.382
1738261917.593239,1770081.000,14476,1,T1,1,100,33.484
1738261917.726244,1770214.000,14493,1,T1,1,100,33.529
1738261917.860250,1770348.000,14525,1,T1,1,100,33.512
1738261917.993254,1770481.000,14541,1,T1,1,100,33.470
1738261918.126260,1770614.000,14557,1,T1,1,100,33.487
1738261918.260265,1770748.000,14588,1,T1,1,100,33.494
1738261918.393270,1770881.000,14603,1,T1,1,100,33.498
1738261918.526275,1771014.000,14619,1,T1,1,100,33.499
1738261918.659280,1771147.000,14634,1,T1,1,100,33.464
1738261918.793285,1771281.000,14665,1,T1,1,100,33.484
1738261918.926290,1771414.000,14681,1,T1,1,100,33.422
1738261919.059295,1771547.000,14697,1,T1,1,100,33.502
1738261919.193300,1771681.000,14727,1,T1,1,100,33.536
1738261919.326305,1771814.000,14746,1,T1,1,100,33.516
1738261919.459310,1771947.000,14761,1,T1,1,100,33.578
1738261919.593315,1772081.000,14792,1,T1,1,100,33.569
1738261919.726320,1772214.000,14808,1,T1,1,100,33.565
1738261919.859325,1772347.000,14823,1,T1,1,100,33.564
1738261919.993330,1772481.000,14854,1,T1,1,100,33.421
1738261920.126335,1772614.000,14870,1,T1,1,100,33.430
1738261920.259341,1772747.000,14885,1,T1,1,100,33.505
1738261920.393346,1772881.000,14916,1,T1,1,100,33.467
1738261920.526350,1773014.000,14932,1,T1,1,100,33.521
1738261920.659356,1773147.000,14948,1,T1,1,100,33.474
1738261920.793361,1773281.000,14978,1,T1,1,100,33.524
1738261920.926366,1773414.000,14994,1,T1,1,100,33.439
1738261921.059371,1773547.000,15010,1,T1,1,100,33.367
1738261921.193376,1773681.000,15026,1,T1,1,100,33.443
1738261921.326381,1773814.000,15059,1,T1,1,100,33.440
1738261921.459386,1773947.000,15074,1,T1,1,100,33.403
1738261921.593391,1774081.000,15097,1,T1,1,100,33.387
1738261921.726396,1774214.000,15128,1,T1,1,100,33.416
1738261921.859401,1774347.000,15143,1,T1,1,100,33.428
1738261921.992406,1774480.000,15160,1,T1,1,100,33.398
1738261922.126411,1774614.000,15192,1,T1,1,100,33.456
1738261922.259416,1774747.000,15207,1,T1,1,100,33.552
1738261922.392421,1774880.000,15226,1,T1,1,100,33.452
1738261922.526427,1775014.000,15241,1,T1,1,100,33.479
1738261922.659431,1775147.000,15272,1,T1,1,100,33.455
1738261922.792437,1775280.000,15288,1,T1,1,100,33.516
1738261922.926442,1775414.000,15303,1,T1,1,100,33.365
1738261923.059447,1775547.000,15336,1,T1,1,100,33.442
1738261923.192452,1775680.000,15352,1,T1,1,100,33.475
1738261923.326457,1775814.000,15368,1,T1,1,100,33.418
1738261923.459462,1775947.000,15398,1,T1,1,100,33.429
1738261923.592467,1776080.000,15414,1,T1,1,100,33.434
1738261923.726472,1776214.000,15430,1,T1,1,100,33.365
1738261923.859477,1776347.000,15460,1,T1,1,100,33.513
1738261923.992482,1776480.000,15477,1,T1,1,100,33.505
1738261924.126487,1776614.000,15492,1,T1,1,100,33.538
1738261924.259492,1776747.000,15525,1,T1,1,100,33.481
1738261924.392497,1776880.000,15541,1,T1,1,100,33.492
1738261924.526502,1777014.000,15556,1,T1,1,100,33.532
1738261924.659508,1777147.000,15573,1,T1,1,100,33.514
1738261924.792512,1777280.000,15603,1,T1,1,100,33.541
1738261924.926517,1777414.000,15618,1,T1,1,100,33.518
1738261925.059523,1777547.000,15637,1,T1,1,100,33.508
1738261925.192528,1777680.000,15667,1,T1,1,100,33.574
1738261925.325533,1777813.000,15683,1,T1,1,100,33.532
1738261925.459538,1777947.000,15699,1,T1,1,100,33.478
1738261925.592543,1778080.000,15732,1,T1,1,100,33.526
1738261925.725548,1778213.000,15747,1,T1,1,100,33.582
1738261925.859553,1778347.000,15763,1,T1,1,100,33.536
1738261925.992558,1778480.000,15794,1,T1,1,100,33.551
1738261926.126563,1778614.000,15809,1,T1,1,100,33.522
1738261926.259568,1778747.000,15825,1,T1,1,100,33.651
1738261926.392573,1778880.000,15841,1,T1,1,100,33.636
1738261926.525578,1779013.000,15873,1,T1,1,100,33.524
1738261926.659583,1779147.000,15895,1,T1,1,100,33.439
1738261926.792588,1779280.000,15910,1,T1,1,100,33.438
1738261926.925593,1779413.000,15941,1,T1,1,100,33.402
1738261927.059598,1779547.000,15957,1,T1,1,100,33.387
1738261927.192604,1779680.000,15972,1,T1,1,100,33.380
1738261927.325608,1779813.000,16005,1,T1,1,100,33.413
1738261927.459614,1779947.000,16021,1,T1,1,100,33.462
1738261927.592619,1780080.000,16036,1,T1,1,100,33.484
1738261927.725624,1780213.000,16067,1,T1,1,100,33.493
1738261927.859629,1780347.000,16083,1,T1,1,100,33.497
1738261927.992634,1780480.000,16099,1,T1,1,100,33.499
1738261928.125639,1780613.000,16129,1,T1,1,100,33.499
1738261928.259644,1780747.000,16145,1,T1,1,100,33.571
1738261928.392649,1780880.000,16161,1,T1,1,100,33.495
1738261928.525654,1781013.000,16191,1,T1,1,100,33.498
1738261928.659659,1781147.000,16208,1,T1,1,100,33.605
1738261928.792664,1781280.000,16223,1,T1,1,100,33.546
1738261928.925669,1781413.000,16239,1,T1,1,100,33.591
1738261929.059675,1781547.000,16270,1,T1,1,100,33.539
1738261929.192679,1781680.000,16285,1,T1,1,100,33.517
1738261929.325685,1781813.000,16304,1,T1,1,100,33.507
1738261929.458689,1781946.000,16334,1,T1,1,100,33.574
1738261929.592695,1782080.000,16349,1,T1,1,100,33.497
1738261929.725700,1782213.000,16366,1,T1,1,100,33.428
1738261929.858705,1782346.000,16396,1,T1,1,100,33.504
1738261929.992710,1782480.000,16412,1,T1,1,100,33.466
1738261930.125715,1782613.000,16430,1,T1,1,100,33.415
1738261930.258720,1782746.000,16461,1,T1,1,100,33.392
1738261930.392725,1782880.000,16476,1,T1,1,100,33.524
1738261930.525730,1783013.000,16492,1,T1,1,100,33.510
1738261930.658735,1783146.000,16523,1,T1,1,100,33.540
1738261930.792740,1783280.000,16538,1,T1,1,100,33.517
1738261930.925745,1783413.000,16556,1,T1,1,100,33.614
1738261931.058750,1783546.000,16572,1,T1,1,100,33.549
1738261931.192755,1783680.000,16602,1,T1,1,100,33.486
1738261931.325760,1783813.000,16619,1,T1,1,100,33.494
1738261931.458766,1783946.000,16634,1,T1,1,100,33.533
1738261931.592771,1784080.000,16665,1,T1,1,100,33.479
1738261931.725775,1784213.000,16688,1,T1,1,100,33.384
1738261931.858781,1784346.000,16703,1,T1,1,100,33.450
1738261931.992786,1784480.000,16734,1,T1,1,100,33.478
1738261932.125791,1784613.000,16750,1,T1,1,100,33.491
1738261932.258796,1784746.000,16765,1,T1,1,100,33.460
1738261932.391801,1784879.000,16782,1,T1,1,100,33.554
1738261932.525806,1785013.000,16814,1,T1,1,100,33.559
1738261932.658811,1785146.000,16830,1,T1,1,100,33.455
1738261932.791816,1785279.000,16848,1,T1,1,100,33.374
1738261932.925821,1785413.000,16879,1,T1,1,100,33.481
1738261933.058826,1785546.000,16894,1,T1,1,100,33.421
1738261933.191831,1785679.000,16910,1,T1,1,100,33.430
1738261933.325836,1785813.000,16941,1,T1,1,100,33.399
1738261933.458841,1785946.000,16956,1,T1,1,100,33.456
1738261933.591846,1786079.000,16972,1,T1,1,100,33.517
1738261933.725852,1786213.000,17005,1,T1,1,100,33.436
1738261933.858856,1786346.000,17020,1,T1,1,100,33.472
1738261933.991862,1786479.000,17037,1,T1,1,100,33.488
1738261934.125867,1786613.000,17052,1,T1,1,100,33.530
1738261934.258872,1786746.000,17083,1,T1,1,100,33.513
1738261934.391877,1786879.000,17101,1,T1,1,100,33.470
1738261934.525882,1787013.000,17116,1,T1,1,100,33.523
1738261934.658887,1787146.000,17147,1,T1,1,100,33.545
1738261934.791892,1787279.000,17163,1,T1,1,100,33.449
1738261934.925897,1787413.000,17178,1,T1,1,100,33.442
1738261935.058902,1787546.000,17209,1,T1,1,100,33.546
1738261935.191907,1787679.000,17227,1,T1,1,100,33.414
1738261935.324912,1787812.000,17243,1,T1,1,100,33.498
1738261935.458917,1787946.000,17273,1,T1,1,100,33.606
1738261935.591922,1788079.000,17289,1,T1,1,100,33.581
1738261935.724927,1788212.000,17305,1,T1,1,100,33.535
1738261935.858932,1788346.000,17321,1,T1,1,100,33.515
1738261935.991937,1788479.000,17354,1,T1,1,100,33.507
1738261936.125942,1788613.000,17369,1,T1,1,100,33.503
1738261936.258948,1788746.000,17385,1,T1,1,100,33.466
1738261936.391953,1788879.000,17416,1,T1,1,100,33.450
1738261936.524958,1789012.000,17431,1,T1,1,100,33.478
1738261936.658963,1789146.000,17448,1,T1,1,100,33.491
1738261936.791968,1789279.000,17483,2,T1,1,100,33.460
1738261936.924973,1789412.000,17483,2,T1,1,100,33.412
1738261937.058978,1789546.000,17500,1,T1,1,100,33.568
1738261937.191983,1789679.000,17530,1,T1,1,100,33.565
1738261937.324988,1789812.000,17546,1,T1,1,100,33.599
1738261937.458993,1789946.000,17564,1,T1,1,100,33.543
1738261937.591998,1790079.000,17597,1,T1,1,100,33.589
1738261937.725003,1790212.000,17612,1,T1,1,100,33.432
1738261937.859008,1790346.000,17628,1,T1,1,100,33.506
1738261937.992013,1790479.000,17659,1,T1,1,100,33.467
1738261938.125018,1790612.000,17674,1,T1,1,100,33.521
1738261938.259023,1790746.000,17692,1,T1,1,100,33.509
1738261938.392029,1790879.000,17723,1,T1,1,100,33.539
1738261938.525033,1791012.000,17738,1,T1,1,100,33.482
1738261938.658039,1791145.000,17755,1,T1,1,100,33.492
1738261938.792044,1791279.000,17770,1,T1,1,100,33.426
1738261938.925049,1791412.000,17801,1,T1,1,100,33.503
1738261939.058054,1791545.000,17817,1,T1,1,100,33.572
1738261939.192059,1791679.000,17832,1,T1,1,100,33.567
1738261939.325064,1791812.000,17863,1,T1,1,100,33.529
1738261939.458069,1791945.000,17879,1,T1,1,100,33.442
1738261939.592074,1792079.000,17894,1,T1,1,100,33.510
1738261939.725079,1792212.000,17925,1,T1,1,100,33.469
1738261939.858084,1792345.000,17941,1,T1,1,100,33.451
1738261939.992089,1792479.000,17957,1,T1,1,100,33.479
1738261940.125094,1792612.000,17989,1,T1,1,100,33.562
1738261940.258099,1792745.000,18005,1,T1,1,100,33.562
1738261940.392104,1792879.000,18021,1,T1,1,100,33.562
1738261940.525110,1793012.000,18051,1,T1,1,100,33.492
1738261940.658114,1793145.000,18068,1,T1,1,100,33.532
1738261940.792120,1793279.000,18085,1,T1,1,100,33.514
1738261940.925125,1793412.000,18101,1,T1,1,100,33.541
1738261941.058130,1793545.000,18132,1,T1,1,100,33.412
1738261941.192135,1793679.000,18147,1,T1,1,100,33.533
1738261941.325140,1793812.000,18164,1,T1,1,100,33.514
1738261941.458145,1793945.000,18194,1,T1,1,100,33.435
1738261941.592150,1794079.000,18211,1,T1,1,100,33.472
1738261941.725155,1794212.000,18228,1,T1,1,100,33.452
1738261941.858160,1794345.000,18258,1,T1,1,100,33.550
1738261941.991165,1794478.000,18280,1,T1,1,100,33.451
1738261942.125170,1794612.000,18295,1,T1,1,100,33.550
1738261942.258175,1794745.000,18311,1,T1,1,100,33.486
1738261942.392180,1794879.000,18346,1,T1,1,100,33.529
1738261942.525185,1795012.000,18361,1,T1,1,100,33.513
1738261942.658190,1795145.000,18378,1,T1,1,100,33.541
1738261942.791195,1795278.000,18393,1,T1,1,100,33.518
1738261942.925200,1795412.000,18424,1,T1,1,100,33.543
1738261943.058206,1795545.000,18440,1,T1,1,100,33.554
1738261943.191211,1795678.000,18455,1,T1,1,100,33.594
1738261943.325216,1795812.000,18486,1,T1,1,100,33.576
1738261943.458221,1795945.000,18504,1,T1,1,100,33.498
1738261943.591226,1796078.000,18519,1,T1,1,100,33.463
1738261943.725231,1796212.000,18550,1,T1,1,100,33.520
1738261943.858236,1796345.000,18566,1,T1,1,100,33.509
1738261943.991241,1796478.000,18582,1,T1,1,100,33.504
1738261944.125246,1796612.000,18612,1,T1,1,100,33.502
1738261944.258251,1796745.000,18628,1,T1,1,100,33.501
1738261944.391256,1796878.000,18644,1,T1,1,100,33.536
1738261944.525261,1797012.000,18660,1,T1,1,100,33.586
1738261944.658266,1797145.000,18691,1,T1,1,100,33.573
1738261944.791271,1797278.000,18706,1,T1,1,100,33.532
1738261944.925277,1797412.000,18722,1,T1,1,100,33.585
1738261945.058281,1797545.000,18753,1,T1,1,100,33.537
1738261945.191287,1797678.000,18770,1,T1,1,100,33.551
1738261945.324291,1797811.000,18787,1,T1,1,100,33.558
1738261945.458297,1797945.000,18817,1,T1,1,100,33.489
1738261945.591302,1798078.000,18832,1,T1,1,100,33.389
1738261945.724307,1798211.000,18849,1,T1,1,100,33.487
1738261945.858312,1798345.000,18879,1,T1,1,100,33.565
1738261945.991317,1798478.000,18895,1,T1,1,100,33.457
1738261946.125322,1798612.000,18911,1,T1,1,100,33.482
1738261946.258327,1798745.000,18944,1,T1,1,100,33.563
1738261946.391332,1798878.000,18959,1,T1,1,100,33.456
1738261946.525337,1799012.000,18975,1,T1,1,100,33.517
1738261946.658342,1799145.000,18990,1,T1,1,100,33.578
1738261946.791347,1799278.000,19021,1,T1,1,100,33.463
1738261946.924352,1799411.000,19037,1,T1,1,100,33.484
1738261947.058357,1799545.000,19053,1,T1,1,100,33.493
1738261947.191362,1799678.000,19076,1,T1,1,100,33.462
1738261947.324368,1799811.000,19109,1,T1,1,100,33.483
1738261947.458373,1799945.000,19124,1,T1,1,100,33.457
1738261947.591377,1800078.000,19140,1,T1,1,100,33.517
1738261947.724383,1800211.000,19171,1,T1,1,100,33.472
1738261947.858388,1800345.000,19186,1,T1,1,100,33.594
1738261947.991393,1800478.000,19203,1,T1,1,100,33.612
1738261948.124398,1800611.000,19218,1,T1,1,100,33.442
1738261948.258403,1800745.000,19248,1,T1,1,100,33.369
1738261948.391408,1800878.000,19265,1,T1,1,100,33.585
1738261948.524413,1801011.000,19280,1,T1,1,100,33.537
1738261948.658418,1801145.000,19311,1,T1,1,100,33.445
1738261948.791423,1801278.000,19329,1,T1,1,100,33.512
1738261948.924428,1801411.000,19344,1,T1,1,100,33.541
1738261949.057433,1801544.000,19375,1,T1,1,100,33.482
1738261949.191438,1801678.000,19391,1,T1,1,100,33.421
1738261949.324443,1801811.000,19407,1,T1,1,100,33.537
1738261949.457448,1801944.000,19439,1,T1,1,100,33.587
1738261949.591454,1802078.000,19455,1,T1,1,100,33.609
1738261949.724458,1802211.000,19471,1,T1,1,100,33.547
1738261949.857464,1802344.000,19501,1,T1,1,100,33.556
1738261949.991469,1802478.000,19520,1,T1,1,100,33.453
1738261950.124474,1802611.000,19535,1,T1,1,100,33.480
1738261950.257479,1802744.000,19566,1,T1,1,100,33.491
1738261950.391484,1802878.000,19582,1,T1,1,100,33.532
1738261950.524489,1803011.000,19597,1,T1,1,100,33.478
1738261950.657494,1803144.000,19614,1,T1,1,100,33.491
1738261950.791499,1803278.000,19646,1,T1,1,100,33.531
1738261950.924504,1803411.000,19661,1,T1,1,100,33.584
1738261951.057509,1803544.000,19678,1,T1,1,100,33.572
1738261951.191514,1803678.000,19708,1,T1,1,100,33.531
1738261951.324519,1803811.000,19724,1,T1,1,100,33.478
1738261951.457524,1803944.000,19740,1,T1,1,100,33.561
1738261951.591529,1804078.000,19773,1,T1,1,100,33.597
1738261951.724535,1804211.000,19788,1,T1,1,100,33.471
1738261951.857539,1804344.000,19804,1,T1,1,100,33.488
1738261951.990545,1804477.000,19835,1,T1,1,100,33.495
1738261952.124550,1804611.000,19850,1,T1,1,100,33.462
1738261952.257555,1804744.000,19873,1,T1,1,100,33.484
1738261952.390560,1804877.000,19891,1,T1,1,100,33.528
1738261952.524565,1805011.000,19923,1,T1,1,100,33.583
1738261952.657570,1805144.000,19940,1,T1,1,100,33.465
1738261952.790575,1805277.000,19955,1,T1,1,100,33.449
1738261952.924580,1805411.000,19986,1,T1,1,100,33.478
1738261953.057585,1805544.000,20002,1,T1,1,100,33.455
1738261953.190590,1805677.000,20017,1,T1,1,100,33.445
1738261953.324595,1805811.000,20033,1,T1,1,100,33.512
1738261953.457600,1805944.000,20066,1,T1,1,100,33.470
1738261953.591605,1806078.000,20081,1,T1,1,100,33.416
1738261953.724610,1806211.000,20098,1,T1,1,100,33.499
1738261953.857615,1806344.000,20128,1,T1,1,100,33.571
1738261953.990620,1806477.000,20144,1,T1,1,100,33.495
1738261954.124625,1806611.000,20160,1,T1,1,100,33.533
1738261954.257631,1806744.000,20191,1,T1,1,100,33.514
1738261954.390636,1806877.000,20208,1,T1,1,100,33.471
1738261954.524641,1807011.000,20224,1,T1,1,100,33.558
1738261954.657646,1807144.000,20255,1,T1,1,100,33.454
1738261954.790651,1807277.000,20270,1,T1,1,100,33.516
1738261954.924656,1807411.000,20286,1,T1,1,100,33.471
1738261955.057661,1807544.000,20317,1,T1,1,100,33.488
1738261955.190666,1807677.000,20332,1,T1,1,100,33.530
1738261955.323671,1807810.000,20351,1,T1,1,100,33.513
1738261955.457676,1807944.000,20366,1,T1,1,100,33.470
1738261955.590681,1808077.000,20396,1,T1,1,100,33.487
1738261955.723686,1808210.000,20413,1,T1,1,100,33.459
1738261955.857691,1808344.000,20428,1,T1,1,100,33.411
1738261955.990696,1808477.000,20459,1,T1,1,100,33.603
1738261956.123701,1808610.000,20475,1,T1,1,100,33.545
1738261956.257706,1808744.000,20490,1,T1,1,100,33.448
1738261956.390712,1808877.000,20521,1,T1,1,100,33.442
1738261956.523716,1809010.000,20537,1,T1,1,100,33.581
1738261956.657722,1809144.000,20555,1,T1,1,100,33.571
1738261956.790727,1809277.000,20585,1,T1,1,100,33.424
1738261956.923732,1809410.000,20601,1,T1,1,100,33.361
1738261957.057737,1809544.000,20617,1,T1,1,100,33.440
1738261957.190742,1809677.000,20647,1,T1,1,100,33.403
1738261957.323747,1809810.000,20669,1,T1,1,100,33.493
1738261957.457752,1809944.000,20686,1,T1,1,100,33.497
1738261957.590757,1810077.000,20702,1,T1,1,100,33.499
1738261957.723762,1810210.000,20718,1,T1,1,100,33.535
1738261957.857767,1810344.000,20748,1,T1,1,100,33.480
1738261957.990772,1810477.000,20765,1,T1,1,100,33.491
1738261958.123777,1810610.000,20780,1,T1,1,100,33.425
1738261958.257782,1810744.000,20811,1,T1,1,100,33.468
1738261958.390787,1810877.000,20827,1,T1,1,100,33.486
1738261958.523793,1811010.000,20842,1,T1,1,100,33.494
1738261958.657798,1811144.000,20861,1,T1,1,100,33.568
1738261958.790802,1811277.000,20891,1,T1,1,100,33.530
1738261958.923808,1811410.000,20906,1,T1,1,100,33.406
1738261959.056813,1811543.000,20923,1,T1,1,100,33.530
1738261959.190818,1811677.000,20953,1,T1,1,100,33.513
1738261959.323823,1811810.000,20971,1,T1,1,100,33.541
1738261959.456828,1811943.000,20987,1,T1,1,100,33.447
1738261959.590833,1812077.000,21018,1,T1,1,100,33.512
1738261959.723838,1812210.000,21033,1,T1,1,100,33.505
1738261959.857843,1812344.000,21049,1,T1,1,100,33.502
1738261959.990848,1812477.000,21082,1,T1,1,100,33.536
1738261960.123853,1812610.000,21097,1,T1,1,100,33.480
1738261960.256858,1812743.000,21113,1,T1,1,100,33.385
1738261960.390863,1812877.000,21144,1,T1,1,100,33.344
1738261960.523868,1813010.000,21159,1,T1,1,100,33.397
1738261960.656873,1813143.000,21176,1,T1,1,100,33.526
1738261960.790879,1813277.000,21191,1,T1,1,100,33.405
1738261960.923883,1813410.000,21224,1,T1,1,100,33.494
1738261961.056889,1813543.000,21240,1,T1,1,100,33.462
1738261961.190894,1813677.000,21255,1,T1,1,100,33.484
1738261961.323899,1813810.000,21288,1,T1,1,100,33.493
1738261961.456904,1813943.000,21304,1,T1,1,100,33.391
1738261961.590909,1814077.000,21319,1,T1,1,100,33.453
1738261961.723914,1814210.000,21350,1,T1,1,100,33.515
1738261961.856919,1814343.000,21368,1,T1,1,100,33.542
1738261961.990924,1814477.000,21384,1,T1,1,100,33.412
1738261962.123929,1814610.000,21414,1,T1,1,100,33.497
1738261962.256934,1814743.000,21430,1,T1,1,100,33.463
1738261962.389939,1814876.000,21448,1,T1,1,100,33.378
1738261962.523944,1815010.000,21469,1,T1,1,100,33.447
1738261962.656949,1815143.000,21485,1,T1,1,100,33.513
1738261962.790954,1815277.000,21517,1,T1,1,100,33.399
1738261962.923959,1815410.000,21533,1,T1,1,100,33.492
1738261963.056964,1815543.000,21549,1,T1,1,100,33.461
1738261963.189970,1815676.000,21565,1,T1,1,100,33.519
1738261963.323975,1815810.000,21596,1,T1,1,100,33.579
1738261963.456980,1815943.000,21611,1,T1,1,100,33.499
1738261963.589985,1816076.000,21627,1,T1,1,100,33.464
1738261963.723990,1816210.000,21660,1,T1,1,100,33.484
1738261963.856995,1816343.000,21675,1,T1,1,100,33.458
1738261963.990000,1816476.000,21692,1,T1,1,100,33.446
1738261964.124005,1816610.000,21722,1,T1,1,100,33.441
1738261964.257010,1816743.000,21737,1,T1,1,100,33.475
1738261964.390015,1816876.000,21754,1,T1,1,100,33.489
1738261964.524020,1817010.000,21784,1,T1,1,100,33.460
1738261964.657025,1817143.000,21800,1,T1,1,100,33.483
1738261964.790030,1817276.000,21816,1,T1,1,100,33.492
1738261964.924035,1817410.000,21849,1,T1,1,100,33.497
1738261965.057040,1817543.000,21864,1,T1,1,100,33.570
1738261965.190045,1817676.000,21880,1,T1,1,100,33.495
1738261965.323050,1817809.000,21895,1,T1,1,100,33.533
1738261965.457056,1817943.000,21928,1,T1,1,100,33.408
1738261965.590061,1818076.000,21944,1,T1,1,100,33.425
1738261965.723066,1818209.000,21960,1,T1,1,100,33.538
1738261965.857071,1818343.000,21990,1,T1,1,100,33.588
1738261965.990076,1818476.000,22007,1,T1,1,100,33.467
1738261966.123081,1818609.000,22022,1,T1,1,100,33.415
1738261966.257086,1818743.000,22053,1,T1,1,100,33.499
1738261966.390091,1818876.000,22069,1,T1,1,100,33.428
1738261966.523096,1819009.000,22084,1,T1,1,100,33.363
1738261966.657101,1819143.000,22117,1,T1,1,100,33.441
1738261966.790106,1819276.000,22133,1,T1,1,100,33.474
1738261966.923111,1819409.000,22148,1,T1,1,100,33.489
1738261967.057116,1819543.000,22165,1,T1,1,100,33.460
1738261967.190121,1819676.000,22195,1,T1,1,100,33.447
1738261967.323126,1819809.000,22211,1,T1,1,100,33.477
1738261967.457131,1819943.000,22229,1,T1,1,100,33.384
1738261967.590137,1820076.000,22269,1,T1,1,100,33.379
1738261967.723141,1820209.000,22284,1,T1,1,100,33.448
1738261967.857147,1820343.000,22300,1,T1,1,100,33.548
1738261967.990152,1820476.000,22331,1,T1,1,100,33.592
1738261968.123157,1820609.000,22346,1,T1,1,100,33.469
1738261968.257162,1820743.000,22362,1,T1,1,100,33.557
1738261968.390167,1820876.000,22395,1,T1,1,100,33.631
1738261968.523172,1821009.000,22410,1,T1,1,100,33.557
1738261968.657177,1821143.000,22427,1,T1,1,100,33.454
1738261968.790182,1821276.000,22457,1,T1,1,100,33.551
1738261968.923187,1821409.000,22472,1,T1,1,100,33.628
1738261969.057192,1821543.000,22489,1,T1,1,100,33.520
1738261969.190197,1821676.000,22504,1,T1,1,100,33.615
1738261969.323202,1821809.000,22537,1,T1,1,100,33.585
1738261969.456207,1821942.000,22553,1,T1,1,100,33.537
1738261969.590212,1822076.000,22568,1,T1,1,100,33.481
1738261969.723217,1822209.000,22599,1,T1,1,100,33.562
1738261969.856222,1822342.000,22615,1,T1,1,100,33.562
1738261969.990227,1822476.000,22631,1,T1,1,100,33.598
1738261970.123233,1822609.000,22663,1,T1,1,100,33.507
1738261970.256238,1822742.000,22679,1,T1,1,100,33.432
1738261970.390243,1822876.000,22695,1,T1,1,100,33.506
1738261970.523248,1823009.000,22725,1,T1,1,100,33.467
1738261970.656253,1823142.000,22742,1,T1,1,100,33.379
1738261970.790258,1823276.000,22757,1,T1,1,100,33.412
1738261970.923263,1823409.000,22788,1,T1,1,100,33.462
1738261971.056268,1823542.000,22804,1,T1,1,100,33.413
1738261971.190273,1823676.000,22819,1,T1,1,100,33.533
1738261971.323278,1823809.000,22852,1,T1,1,100,33.550
1738261971.456283,1823942.000,22868,1,T1,1,100,33.522
1738261971.590288,1824076.000,22883,1,T1,1,100,33.509
1738261971.723293,1824209.000,22900,1,T1,1,100,33.504
1738261971.856298,1824342.000,22932,1,T1,1,100,33.395
1738261971.989303,1824475.000,22948,1,T1,1,100,33.455
1738261972.123308,1824609.000,22964,1,T1,1,100,33.480
1738261972.256314,1824742.000,22995,1,T1,1,100,33.492
1738261972.389319,1824875.000,23012,1,T1,1,100,33.390
1738261972.523324,1825009.000,23028,1,T1,1,100,33.488
1738261972.656329,1825142.000,23062,2,T1,1,100,33.388
1738261972.789334,1825275.000,23062,2,T1,1,100,33.345
1738261972.923339,1825409.000,23080,1,T1,1,100,33.469
1738261973.056344,1825542.000,23111,1,T1,1,100,33.380
1738261973.190349,1825676.000,23126,1,T1,1,100,33.413
1738261973.323354,1825809.000,23143,1,T1,1,100,33.533
1738261973.456359,1825942.000,23173,1,T1,1,100,33.514
1738261973.589364,1826075.000,23188,1,T1,1,100,33.542
1738261973.723369,1826209.000,23207,1,T1,1,100,33.447
1738261973.856374,1826342.000,23237,1,T1,1,100,33.477
1738261973.989379,1826475.000,23253,1,T1,1,100,33.561
1738261974.123384,1826609.000,23269,1,T1,1,100,33.526
1738261974.256389,1826742.000,23300,1,T1,1,100,33.476
1738261974.389395,1826875.000,23315,1,T1,1,100,33.419
1738261974.523400,1827009.000,23333,1,T1,1,100,33.607
1738261974.656405,1827142.000,23364,1,T1,1,100,33.617
1738261974.789410,1827275.000,23379,1,T1,1,100,33.551
1738261974.923415,1827409.000,23395,1,T1,1,100,33.557
1738261975.056420,1827542.000,23411,1,T1,1,100,33.631
1738261975.189425,1827675.000,23441,1,T1,1,100,33.521
1738261975.322430,1827808.000,23460,1,T1,1,100,33.509
1738261975.456435,1827942.000,23475,1,T1,1,100,33.433
1738261975.589440,1828075.000,23506,1,T1,1,100,33.471
1738261975.722445,1828208.000,23522,1,T1,1,100,33.558
1738261975.856450,1828342.000,23537,1,T1,1,100,33.490
1738261975.989455,1828475.000,23568,1,T1,1,100,33.531
1738261976.122460,1828608.000,23584,1,T1,1,100,33.443
1738261976.256465,1828742.000,23601,1,T1,1,100,33.369
1738261976.389470,1828875.000,23632,1,T1,1,100,33.337
1738261976.522475,1829008.000,23648,1,T1,1,100,33.394
1738261976.656481,1829142.000,23664,1,T1,1,100,33.419
1738261976.789486,1829275.000,23696,1,T1,1,100,33.394
1738261976.922491,1829408.000,23712,1,T1,1,100,33.419
1738261977.056496,1829542.000,23728,1,T1,1,100,33.500
1738261977.189501,1829675.000,23744,1,T1,1,100,33.500
1738261977.322506,1829808.000,23775,1,T1,1,100,33.465
1738261977.456511,1829942.000,23792,1,T1,1,100,33.414
1738261977.589516,1830075.000,23808,1,T1,1,100,33.463
1738261977.722521,1830208.000,23839,1,T1,1,100,33.448
1738261977.856526,1830342.000,23860,1,T1,1,100,33.442
1738261977.989531,1830475.000,23876,1,T1,1,100,33.581
1738261978.122536,1830608.000,23892,1,T1,1,100,33.606
1738261978.256541,1830742.000,23907,1,T1,1,100,33.510
1738261978.389546,1830875.000,23938,1,T1,1,100,33.540
1738261978.522551,1831008.000,23954,1,T1,1,100,33.411
1738261978.655556,1831141.000,23970,1,T1,1,100,33.461
1738261978.789562,1831275.000,24000,1,T1,1,100,33.519
1738261978.922566,1831408.000,24016,1,T1,1,100,33.508
1738261979.055572,1831541.000,24032,1,T1,1,100,33.610
1738261979.189577,1831675.000,24064,1,T1,1,100,33.583
1738261979.322582,1831808.000,24081,1,T1,1,100,33.500
1738261979.455587,1831941.000,24096,1,T1,1,100,33.394
1738261979.589592,1832075.000,24127,1,T1,1,100,33.454
1738261979.722597,1832208.000,24143,1,T1,1,100,33.516
1738261979.855602,1832341.000,24160,1,T1,1,100,33.507
1738261979.989607,1832475.000,24191,1,T1,1,100,33.467
1738261980.122612,1832608.000,24207,1,T1,1,100,33.486
1738261980.255617,1832741.000,24222,1,T1,1,100,33.458
1738261980.389622,1832875.000,24239,1,T1,1,100,33.553
1738261980.522627,1833008.000,24271,1,T1,1,100,33.487
1738261980.655632,1833141.000,24287,1,T1,1,100,33.424
1738261980.789637,1833275.000,24303,1,T1,1,100,33.467
1738261980.922642,1833408.000,24334,1,T1,1,100,33.557
1738261981.055647,1833541.000,24349,1,T1,1,100,33.454
1738261981.189652,1833675.000,24365,1,T1,1,100,33.515
1738261981.322658,1833808.000,24398,1,T1,1,100,33.542
1738261981.455663,1833941.000,24413,1,T1,1,100,33.483
1738261981.589668,1834075.000,24429,1,T1,1,100,33.493
1738261981.722673,1834208.000,24460,1,T1,1,100,33.497
1738261981.855678,1834341.000,24475,1,T1,1,100,33.534
1738261981.989683,1834475.000,24492,1,T1,1,100,33.550
1738261982.122688,1834608.000,24522,1,T1,1,100,33.557
1738261982.255693,1834741.000,24539,1,T1,1,100,33.631
1738261982.388698,1834874.000,24558,1,T1,1,100,33.592
1738261982.522703,1835008.000,24573,1,T1,1,100,33.434
1738261982.655708,1835141.000,24604,1,T1,1,100,33.436
1738261982.788713,1835274.000,24620,1,T1,1,100,33.437
1738261982.922718,1835408.000,24635,1,T1,1,100,33.437
1738261983.055723,1835541.000,24673,1,T1,1,100,33.437
1738261983.188728,1835674.000,24691,1,T1,1,100,33.508
1738261983.322733,1835808.000,24707,1,T1,1,100,33.504
1738261983.455739,1835941.000,24737,1,T1,1,100,33.537
1738261983.588744,1836074.000,24753,1,T1,1,100,33.516
1738261983.722749,1836208.000,24769,1,T1,1,100,33.471
1738261983.855754,1836341.000,24801,1,T1,1,100,33.417
1738261983.988759,1836474.000,24820,1,T1,1,100,33.429
1738261984.122764,1836608.000,24835,1,T1,1,100,33.398
1738261984.255769,1836741.000,24866,1,T1,1,100,33.491
1738261984.388774,1836874.000,24882,1,T1,1,100,33.567
1738261984.522779,1837008.000,24897,1,T1,1,100,33.423
1738261984.655784,1837141.000,24915,1,T1,1,100,33.467
1738261984.788789,1837274.000,24946,1,T1,1,100,33.521
1738261984.922794,1837408.000,24961,1,T1,1,100,33.474
1738261985.055799,1837541.000,24978,1,T1,1,100,33.595
1738261985.188804,1837674.000,25008,1,T1,1,100,33.612
1738261985.321809,1837807.000,25024,1,T1,1,100,33.548
1738261985.455814,1837941.000,25040,1,T1,1,100,33.521
1738261985.588820,1838074.000,25073,1,T1,1,100,33.474
1738261985.721825,1838207.000,25088,1,T1,1,100,33.347
1738261985.855830,1838341.000,25104,1,T1,1,100,33.363
1738261985.988835,1838474.000,25135,1,T1,1,100,33.441
1738261986.121840,1838607.000,25150,1,T1,1,100,33.403
1738261986.255845,1838741.000,25166,1,T1,1,100,33.529
1738261986.388850,1838874.000,25197,1,T1,1,100,33.584
1738261986.521855,1839007.000,25212,1,T1,1,100,33.536
1738261986.655860,1839141.000,25229,1,T1,1,100,33.622
1738261986.788865,1839274.000,25259,1,T1,1,100,33.695
1738261986.921870,1839407.000,25274,1,T1,1,100,33.584
1738261987.055875,1839541.000,25291,1,T1,1,100,33.536
1738261987.188880,1839674.000,25306,1,T1,1,100,33.445
1738261987.321885,1839807.000,25339,1,T1,1,100,33.512
1738261987.455890,1839941.000,25355,1,T1,1,100,33.470
1738261987.588895,1840074.000,25370,1,T1,1,100,33.380
1738261987.721900,1840207.000,25401,1,T1,1,100,33.413
1738261987.855906,1840341.000,25417,1,T1,1,100,33.462
1738261987.988911,1840474.000,25433,1,T1,1,100,33.519
1738261988.121916,1840607.000,25454,1,T1,1,100,33.508
1738261988.255921,1840741.000,25486,1,T1,1,100,33.504
1738261988.388926,1840874.000,25502,1,T1,1,100,33.502
1738261988.521931,1841007.000,25518,1,T1,1,100,33.572
1738261988.655936,1841141.000,25549,1,T1,1,100,33.566
1738261988.788941,1841274.000,25564,1,T1,1,100,33.493
1738261988.921946,1841407.000,25580,1,T1,1,100,33.568
1738261989.054951,1841540.000,25611,1,T1,1,100,33.529
1738261989.188956,1841674.000,25626,1,T1,1,100,33.371
1738261989.321961,1841807.000,25643,1,T1,1,100,33.515
1738261989.454966,1841940.000,25673,1,T1,1,100,33.471
1738261989.588971,1842074.000,25688,1,T1,1,100,33.594
1738261989.721976,1842207.000,25707,1,T1,1,100,33.576
1738261989.854981,1842340.000,25737,1,T1,1,100,33.568
1738261989.988986,1842474.000,25753,1,T1,1,100,33.600
1738261990.121991,1842607.000,25769,1,T1,1,100,33.508
1738261990.254997,1842740.000,25784,1,T1,1,100,33.468
1738261990.389002,1842874.000,25815,1,T1,1,100,33.451
1738261990.522007,1843007.000,25831,1,T1,1,100,33.443
1738261990.655012,1843140.000,25847,1,T1,1,100,33.475
1738261990.789017,1843274.000,25877,1,T1,1,100,33.454
1738261990.922022,1843407.000,25893,1,T1,1,100,33.445
1738261991.055027,1843540.000,25909,1,T1,1,100,33.441
1738261991.189032,1843674.000,25939,1,T1,1,100,33.510
1738261991.322037,1843807.000,25958,1,T1,1,100,33.469
1738261991.455042,1843940.000,25973,1,T1,1,100,33.593
1738261991.589047,1844074.000,26004,1,T1,1,100,33.611
1738261991.722052,1844207.000,26020,1,T1,1,100,33.584
1738261991.855057,1844340.000,26035,1,T1,1,100,33.501
1738261991.989062,1844474.000,26066,1,T1,1,100,33.607
1738261992.122067,1844607.000,26082,1,T1,1,100,33.582
1738261992.255072,1844740.000,26097,1,T1,1,100,33.464
1738261992.388077,1844873.000,26116,1,T1,1,100,33.485
1738261992.522083,1845007.000,26148,1,T1,1,100,33.564
1738261992.655088,1845140.000,26164,1,T1,1,100,33.492
1738261992.788093,1845273.000,26180,1,T1,1,100,33.461
1738261992.922098,1845407.000,26213,1,T1,1,100,33.554
1738261993.055103,1845540.000,26228,1,T1,1,100,33.559
1738261993.188108,1845673.000,26249,1,T1,1,100,33.525
1738261993.322113,1845807.000,26266,1,T1,1,100,33.511
1738261993.455118,1845940.000,26296,1,T1,1,100,33.540
1738261993.588123,1846073.000,26313,1,T1,1,100,33.517
1738261993.722128,1846207.000,26330,1,T1,1,100,33.508
1738261993.855133,1846340.000,26360,1,T1,1,100,33.432
1738261993.988138,1846473.000,26376,1,T1,1,100,33.577
1738261994.122143,1846607.000,26392,1,T1,1,100,33.604
1738261994.255148,1846740.000,26407,1,T1,1,100,33.510
1738261994.388153,1846873.000,26438,1,T1,1,100,33.504
1738261994.522158,1847007.000,26456,1,T1,1,100,33.537
1738261994.655164,1847140.000,26472,1,T1,1,100,33.410
1738261994.788169,1847273.000,26502,1,T1,1,100,33.425
1738261994.922174,1847407.000,26518,1,T1,1,100,33.539
1738261995.055179,1847540.000,26534,1,T1,1,100,33.517
1738261995.188184,1847673.000,26566,1,T1,1,100,33.507
1738261995.321189,1847806.000,26583,1,T1,1,100,33.503
1738261995.455194,1847940.000,26598,1,T1,1,100,33.466
1738261995.588199,1848073.000,26629,1,T1,1,100,33.450
1738261995.721204,1848206.000,26645,1,T1,1,100,33.407
1738261995.855209,1848340.000,26660,1,T1,1,100,33.424
1738261995.988214,1848473.000,26693,1,T1,1,100,33.432
1738261996.121219,1848606.000,26709,1,T1,1,100,33.506
1738261996.255224,1848740.000,26724,1,T1,1,100,33.503
1738261996.388229,1848873.000,26741,1,T1,1,100,33.466
1738261996.521234,1849006.000,26771,1,T1,1,100,33.592
1738261996.655239,1849140.000,26787,1,T1,1,100,33.575
1738261996.788244,1849273.000,26805,1,T1,1,100,33.532
1738261996.921250,1849406.000,26836,1,T1,1,100,33.443
1738261997.055255,1849540.000,26851,1,T1,1,100,33.511
1738261997.188260,1849673.000,26867,1,T1,1,100,33.540
1738261997.321265,1849806.000,26900,1,T1,1,100,33.517
1738261997.455270,1849940.000,26915,1,T1,1,100,33.508
1738261997.588275,1850073.000,26931,1,T1,1,100,33.574
1738261997.721280,1850206.000,26962,1,T1,1,100,33.426
1738261997.855285,1850340.000,26977,1,T1,1,100,33.574
1738261997.988290,1850473.000,26994,1,T1,1,100,33.461
1738261998.121295,1850606.000,27009,1,T1,1,100,33.483
1738261998.255300,1850740.000,27047,1,T1,1,100,33.528
1738261998.388305,1850873.000,27063,1,T1,1,100,33.583
1738261998.521310,1851006.000,27078,1,T1,1,100,33.607
1738261998.654315,1851139.000,27109,1,T1,1,100,33.582
1738261998.788320,1851273.000,27125,1,T1,1,100,33.500
1738261998.921325,1851406.000,27140,1,T1,1,100,33.464
1738261999.054330,1851539.000,27171,1,T1,1,100,33.485
1738261999.188336,1851673.000,27189,1,T1,1,100,33.458
1738261999.321341,1851806.000,27205,1,T1,1,100,33.411
1738261999.454346,1851939.000,27235,1,T1,1,100,33.461
1738261999.588351,1852073.000,27251,1,T1,1,100,33.519
1738261999.721356,1852206.000,27267,1,T1,1,100,33.473
1738261999.854361,1852339.000,27297,1,T1,1,100,33.382
1738261999.988366,1852473.000,27316,1,T1,1,100,33.449
1738262000.121371,1852606.000,27331,1,T1,1,100,33.407
1738262000.254376,1852739.000,27347,1,T1,1,100,33.460
1738262000.388381,1852873.000,27378,1,T1,1,100,33.447
1738262000.521386,1853006.000,27393,1,T1,1,100,33.371
1738262000.654391,1853139.000,27410,1,T1,1,100,33.550
1738262000.788396,1853273.000,27440,1,T1,1,100,33.557
1738262000.921401,1853406.000,27457,1,T1,1,100,33.418
1738262001.054406,1853539.000,27474,1,T1,1,100,33.429
1738262001.188411,1853673.000,27504,1,T1,1,100,33.540
1738262001.321416,1853806.000,27520,1,T1,1,100,33.624
1738262001.454422,1853939.000,27536,1,T1,1,100,33.554
1738262001.588427,1854073.000,27567,1,T1,1,100,33.488
1738262001.721432,1854206.000,27582,1,T1,1,100,33.530
1738262001.854437,1854339.000,27598,1,T1,1,100,33.549
1738262001.988442,1854473.000,27631,1,T1,1,100,33.521
1738262002.121447,1854606.000,27646,1,T1,1,100,33.580
1738262002.254452,1854739.000,27662,1,T1,1,100,33.499
1738262002.387457,1854872.000,27678,1,T1,1,100,33.571
1738262002.521462,1855006.000,27710,1,T1,1,100,33.460
1738262002.654467,1855139.000,27727,1,T1,1,100,33.483
1738262002.787472,1855272.000,27742,1,T1,1,100,33.634
1738262002.921477,1855406.000,27775,1,T1,1,100,33.487
1738262003.054482,1855539.000,27791,1,T1,1,100,33.424
1738262003.187487,1855672.000,27806,1,T1,1,100,33.502
1738262003.321492,1855806.000,27837,1,T1,1,100,33.466
1738262003.454497,1855939.000,27858,1,T1,1,100,33.521
1738262003.588502,1856073.000,27873,1,T1,1,100,33.367
1738262003.721508,1856206.000,27906,1,T1,1,100,33.584
1738262003.854513,1856339.000,27924,1,T1,1,100,33.466
1738262003.987518,1856472.000,27940,1,T1,1,100,33.450
1738262004.121523,1856606.000,27970,1,T1,1,100,33.443
1738262004.254528,1856739.000,27986,1,T1,1,100,33.475
1738262004.387533,1856872.000,28002,1,T1,1,100,33.454
1738262004.521538,1857006.000,28018,1,T1,1,100,33.480
1738262004.654543,1857139.000,28049,1,T1,1,100,33.491
1738262004.787548,1857272.000,28064,1,T1,1,100,33.496
1738262004.921553,1857406.000,28080,1,T1,1,100,33.605
1738262005.054558,1857539.000,28111,1,T1,1,100,33.581
1738262005.187563,1857672.000,28126,1,T1,1,100,33.606
1738262005.320568,1857805.000,28143,1,T1,1,100,33.652
1738262005.454573,1857939.000,28173,1,T1,1,100,33.601
1738262005.587578,1858072.000,28188,1,T1,1,100,33.473
1738262005.720583,1858205.000,28205,1,T1,1,100,33.417
1738262005.854589,1858339.000,28235,1,T1,1,100,33.464
1738262005.987594,1858472.000,28253,1,T1,1,100,33.449
1738262006.120599,1858605.000,28269,1,T1,1,100,33.478
1738262006.254604,1858739.000,28300,1,T1,1,100,33.526
1738262006.387609,1858872.000,28315,1,T1,1,100,33.582
1738262006.520614,1859005.000,28331,1,T1,1,100,33.536
1738262006.654619,1859139.000,28346,1,T1,1,100,33.515
1738262006.787624,1859272.000,28379,1,T1,1,100,33.471
1738262006.920629,1859405.000,28395,1,T1,1,100,33.594
1738262007.054634,1859539.000,28411,1,T1,1,100,33.470
1738262007.187639,1859672.000,28441,1,T1,1,100,33.487
1738262007.320644,1859805.000,28458,1,T1,1,100,33.459
1738262007.454649,1859939.000,28475,1,T1,1,100,33.447
1738262007.587654,1860072.000,28506,1,T1,1,100,33.548
1738262007.720659,1860205.000,28522,1,T1,1,100,33.485
1738262007.854664,1860339.000,28537,1,T1,1,100,33.565
1738262007.987669,1860472.000,28568,1,T1,1,100,33.492
1738262008.120675,1860605.000,28584,1,T1,1,100,33.532
1738262008.254680,1860739.000,28599,1,T1,1,100,33.549
1738262008.387685,1860872.000,28632,1,T1,1,100,33.557
1738262008.520690,1861005.000,28653,1,T1,1,100,33.560
1738262008.653695,1861138.000,28669,1,T1,1,100,33.455
1738262008.787700,1861272.000,28685,1,T1,1,100,33.516
1738262008.920705,1861405.000,28716,1,T1,1,100,33.542
1738262009.053710,1861538.000,28731,1,T1,1,100,33.412
1738262009.187715,1861672.000,28749,1,T1,1,100,33.391
1738262009.320720,1861805.000,28780,1,T1,1,100,33.453
1738262009.453725,1861938.000,28795,1,T1,1,100,33.515
1738262009.587730,1862072.000,28811,1,T1,1,100,33.471
1738262009.720735,1862205.000,28842,1,T1,1,100,33.487
1738262009.853740,1862338.000,28857,1,T1,1,100,33.495
1738262009.987745,1862472.000,28876,1,T1,1,100,33.498
1738262010.120750,1862605.000,28906,1,T1,1,100,33.464
1738262010.253755,1862738.000,28921,1,T1,1,100,33.449
1738262010.387761,1862872.000,28938,1,T1,1,100,33.549
1738262010.520766,1863005.000,28953,1,T1,1,100,33.557
1738262010.653771,1863138.000,28984,1,T1,1,100,33.489
1738262010.787776,1863272.000,29000,1,T1,1,100,33.495
1738262010.920781,1863405.000,29017,1,T1,1,100,33.462
1738262011.053786,1863538.000,29048,1,T1,1,100,33.413
1738262011.187791,1863672.000,29064,1,T1,1,100,33.533
1738262011.320796,1863805.000,29080,1,T1,1,100,33.550
1738262011.453801,1863938.000,29110,1,T1,1,100,33.557
1738262011.587806,1864072.000,29126,1,T1,1,100,33.525
1738262011.720811,1864205.000,29144,1,T1,1,100,33.511
1738262011.853816,1864338.000,29174,1,T1,1,100,33.576
1738262011.987821,1864472.000,29191,1,T1,1,100,33.497
1738262012.120826,1864605.000,29206,1,T1,1,100,33.428
1738262012.253831,1864738.000,29237,1,T1,1,100,33.398
1738262012.386836,1864871.000,29257,1,T1,1,100,33.527
1738262012.520841,1865005.000,29272,1,T1,1,100,33.476
1738262012.653847,1865138.000,29288,1,T1,1,100,33.383
1738262012.786852,1865271.000,29319,1,T1,1,100,33.450
1738262012.920857,1865405.000,29334,1,T1,1,100,33.585
1738262013.053862,1865538.000,29351,1,T1,1,100,33.537
1738262013.186867,1865671.000,29381,1,T1,1,100,33.480
1738262013.320872,1865805.000,29397,1,T1,1,100,33.456
1738262013.453877,1865938.000,29413,1,T1,1,100,33.446
1738262013.586882,1866071.000,29444,1,T1,1,100,33.512
1738262013.720887,1866205.000,29464,1,T1,1,100,33.399
1738262013.853892,1866338.000,29480,1,T1,1,100,33.350
1738262013.986897,1866471.000,29513,1,T1,1,100,33.435
1738262014.120902,1866605.000,29528,1,T1,1,100,33.507
1738262014.253907,1866738.000,29544,1,T1,1,100,33.432
1738262014.386912,1866871.000,29575,1,T1,1,100,33.471
1738262014.520917,1867005.000,29590,1,T1,1,100,33.452
1738262014.653922,1867138.000,29607,1,T1,1,100,33.515
1738262014.786927,1867271.000,29622,1,T1,1,100,33.506
1738262014.920933,1867405.000,29652,1,T1,1,100,33.538
1738262015.053938,1867538.000,29669,1,T1,1,100,33.623
1738262015.186943,1867671.000,29684,1,T1,1,100,33.553
1738262015.320948,1867805.000,29715,1,T1,1,100,33.558
1738262015.453953,1867938.000,29731,1,T1,1,100,33.525
1738262015.586958,1868071.000,29746,1,T1,1,100,33.582
1738262015.719963,1868204.000,29777,1,T1,1,100,33.500
1738262015.853968,1868338.000,29793,1,T1,1,100,33.358
1738262015.986973,1868471.000,29809,1,T1,1,100,33.474
1738262016.119978,1868604.000,29839,1,T1,1,100,33.595
1738262016.253983,1868738.000,29855,1,T1,1,100,33.612
1738262016.386988,1868871.000,29871,1,T1,1,100,33.478
1738262016.519993,1869004.000,29903,1,T1,1,100,33.561
1738262016.653998,1869138.000,29920,1,T1,1,100,33.597
1738262016.787003,1869271.000,29935,1,T1,1,100,33.471
1738262016.920008,1869404.000,29966,1,T1,1,100,33.417
1738262017.054013,1869538.000,29982,1,T1,1,100,33.535
1738262017.187019,1869671.000,29997,1,T1,1,100,33.480
1738262017.320024,1869804.000,30013,1,T1,1,100,33.562
1738262017.454029,1869938.000,30046,1,T1,1,100,33.491
1738262017.587034,1870071.000,30063,1,T1,1,100,33.496
1738262017.720039,1870204.000,30080,1,T1,1,100,33.569
1738262017.854044,1870338.000,30110,1,T1,1,100,33.530
1738262017.987049,1870471.000,30126,1,T1,1,100,33.478
1738262018.120054,1870604.000,30142,1,T1,1,100,33.455
1738262018.254059,1870738.000,30173,1,T1,1,100,33.516
1738262018.387064,1870871.000,30190,1,T1,1,100,33.507
1738262018.520069,1871004.000,30206,1,T1,1,100,33.574
1738262018.653074,1871137.000,30237,1,T1,1,100,33.567
1738262018.786579,1871270.500,30256,2,T1,1,100,33.529
1738262018.920084,1871404.000,30256,2,T1,1,100,33.513
1738262019.053089,1871537.000,30287,1,T1,1,100,33.541
1738262019.187094,1871671.000,30304,1,T1,1,100,33.518
1738262019.320100,1871804.000,30321,1,T1,1,100,33.437
1738262019.453104,1871937.000,30351,1,T1,1,100,33.366
1738262019.587110,1872071.000,30366,1,T1,1,100,33.407
1738262019.720115,1872204.000,30383,1,T1,1,100,33.353
1738262019.853120,1872337.000,30415,1,T1,1,100,33.401
1738262019.987125,1872471.000,30431,1,T1,1,100,33.386
1738262020.120130,1872604.000,30447,1,T1,1,100,33.415
1738262020.253135,1872737.000,30478,1,T1,1,100,33.463
1738262020.387140,1872871.000,30493,1,T1,1,100,33.484
1738262020.520145,1873004.000,30511,1,T1,1,100,33.422
1738262020.653150,1873137.000,30542,1,T1,1,100,33.537
1738262020.787155,1873271.000,30557,1,T1,1,100,33.552
1738262020.920160,1873404.000,30573,1,T1,1,100,33.487
1738262021.053165,1873537.000,30604,1,T1,1,100,33.423
1738262021.187170,1873671.000,30619,1,T1,1,100,33.538
1738262021.320175,1873804.000,30636,1,T1,1,100,33.410
1738262021.453180,1873937.000,30653,1,T1,1,100,33.461
1738262021.587186,1874071.000,30684,1,T1,1,100,33.377
1738262021.720191,1874204.000,30700,1,T1,1,100,33.411
1738262021.853196,1874337.000,30715,1,T1,1,100,33.462
1738262021.987201,1874471.000,30746,1,T1,1,100,33.483
1738262022.120206,1874604.000,30762,1,T1,1,100,33.457
1738262022.253211,1874737.000,30777,1,T1,1,100,33.482
1738262022.386216,1874870.000,30810,1,T1,1,100,33.492
1738262022.520221,1875004.000,30826,1,T1,1,100,33.461
1738262022.653226,1875137.000,30842,1,T1,1,100,33.412
1738262022.786231,1875270.000,30872,1,T1,1,100,33.462
1738262022.920236,1875404.000,30890,1,T1,1,100,33.448
1738262023.053241,1875537.000,30906,1,T1,1,100,33.478
1738262023.186246,1875670.000,30922,1,T1,1,100,33.455
1738262023.320251,1875804.000,30953,1,T1,1,100,33.480
1738262023.453256,1875937.000,30968,1,T1,1,100,33.421
1738262023.587261,1876071.000,30984,1,T1,1,100,33.395
1738262023.720266,1876204.000,31015,1,T1,1,100,33.525
1738262023.853271,1876337.000,31032,1,T1,1,100,33.511
1738262023.986277,1876470.000,31056,1,T1,1,100,33.576
1738262024.120282,1876604.000,31086,1,T1,1,100,33.426
1738262024.253287,1876737.000,31101,1,T1,1,100,33.397
1738262024.386292,1876870.000,31118,1,T1,1,100,33.526
1738262024.520297,1877004.000,31133,1,T1,1,100,33.511
1738262024.653302,1877137.000,31166,1,T1,1,100,33.399
1738262024.786307,1877270.000,31182,1,T1,1,100,33.456
1738262024.920312,1877404.000,31197,1,T1,1,100,33.552
1738262025.053317,1877537.000,31228,1,T1,1,100,33.558
1738262025.186322,1877670.000,31244,1,T1,1,100,33.490
1738262025.319327,1877803.000,31260,1,T1,1,100,33.566
1738262025.453332,1877937.000,31290,1,T1,1,100,33.493
1738262025.586337,1878070.000,31308,1,T1,1,100,33.462
1738262025.719342,1878203.000,31324,1,T1,1,100,33.519
1738262025.853347,1878337.000,31354,1,T1,1,100,33.544
1738262025.986352,1878470.000,31371,1,T1,1,100,33.519
1738262026.120358,1878604.000,31386,1,T1,1,100,33.473
1738262026.253363,1878737.000,31417,1,T1,1,100,33.559
1738262026.386368,1878870.000,31433,1,T1,1,100,33.632
1738262026.519373,1879003.000,31448,1,T1,1,100,33.451
1738262026.653378,1879137.000,31464,1,T1,1,100,33.479
1738262026.786383,1879270.000,31495,1,T1,1,100,33.384
1738262026.919388,1879403.000,31510,1,T1,1,100,33.415
1738262027.053393,1879537.000,31527,1,T1,1,100,33.463
1738262027.186398,1879670.000,31559,1,T1,1,100,33.484
1738262027.319403,1879803.000,31575,1,T1,1,100,33.564
1738262027.453408,1879937.000,31593,1,T1,1,100,33.599
1738262027.586413,1880070.000,31626,1,T1,1,100,33.507
1738262027.719418,1880203.000,31641,1,T1,1,100,33.468
1738262027.853423,1880337.000,31657,1,T1,1,100,33.521
1738262027.986428,1880470.000,31688,1,T1,1,100,33.545
1738262028.119433,1880603.000,31703,1,T1,1,100,33.519
1738262028.253438,1880737.000,31719,1,T1,1,100,33.508
1738262028.386444,1880870.000,31752,1,T1,1,100,33.610
1738262028.519449,1881003.000,31767,1,T1,1,100,33.441
1738262028.653454,1881137.000,31784,1,T1,1,100,33.475
1738262028.786459,1881270.000,31814,1,T1,1,100,33.489
1738262028.919464,1881403.000,31829,1,T1,1,100,33.531
1738262029.052469,1881536.000,31853,1,T1,1,100,33.478
1738262029.186474,1881670.000,31868,1,T1,1,100,33.490
1738262029.319479,1881803.000,31899,1,T1,1,100,33.460
1738262029.452484,1881936.000,31915,1,T1,1,100,33.447
1738262029.586489,1882070.000,31930,1,T1,1,100,33.477
1738262029.719494,1882203.000,31963,1,T1,1,100,33.490
1738262029.852499,1882336.000,31979,1,T1,1,100,33.496
1738262029.986504,1882470.000,31995,1,T1,1,100,33.498
1738262030.119509,1882603.000,32025,1,T1,1,100,33.499
1738262030.252514,1882736.000,32041,1,T1,1,100,33.358
1738262030.386519,1882870.000,32057,1,T1,1,100,33.403
1738262030.519525,1883003.000,32087,1,T1,1,100,33.493
1738262030.652529,1883136.000,32104,1,T1,1,100,33.462
1738262030.786535,1883270.000,32119,1,T1,1,100,33.377
1738262030.919540,1883403.000,32150,1,T1,1,100,33.518
1738262031.052545,1883536.000,32166,1,T1,1,100,33.508
1738262031.186550,1883670.000,32181,1,T1,1,100,33.397
1738262031.319555,1883803.000,32197,1,T1,1,100,33.491
1738262031.452560,1883936.000,32228,1,T1,1,100,33.461
1738262031.586565,1884070.000,32243,1,T1,1,100,33.447
1738262031.719570,1884203.000,32260,1,T1,1,100,33.442
1738262031.852575,1884336.000,32290,1,T1,1,100,33.439
1738262031.985580,1884469.000,32308,1,T1,1,100,33.545
1738262032.119585,1884603.000,32324,1,T1,1,100,33.519
1738262032.252590,1884736.000,32355,1,T1,1,100,33.544
1738262032.385595,1884869.000,32372,1,T1,1,100,33.413
1738262032.519600,1885003.000,32388,1,T1,1,100,33.498
1738262032.652605,1885136.000,32419,1,T1,1,100,33.534
1738262032.785610,1885269.000,32434,1,T1,1,100,33.479
1738262032.919616,1885403.000,32452,1,T1,1,100,33.385
1738262033.052621,1885536.000,32483,1,T1,1,100,33.486
1738262033.185626,1885669.000,32498,1,T1,1,100,33.494
1738262033.319631,1885803.000,32515,1,T1,1,100,33.497
1738262033.452636,1885936.000,32545,1,T1,1,100,33.463
1738262033.585641,1886069.000,32560,1,T1,1,100,33.484
1738262033.719646,1886203.000,32577,1,T1,1,100,33.493
1738262033.852651,1886336.000,32607,1,T1,1,100,33.532
1738262033.985656,1886469.000,32623,1,T1,1,100,33.514
1738262034.119661,1886603.000,32644,1,T1,1,100,33.471
1738262034.252666,1886736.000,32659,1,T1,1,100,33.558
1738262034.385671,1886869.000,32690,1,T1,1,100,33.525
1738262034.519676,1887003.000,32706,1,T1,1,100,33.475
1738262034.652681,1887136.000,32722,1,T1,1,100,33.418
1738262034.785686,1887269.000,32738,1,T1,1,100,33.465
1738262034.919691,1887403.000,32768,1,T1,1,100,33.378
1738262035.052696,1887536.000,32784,1,T1,1,100,33.447
1738262035.185702,1887669.000,32800,1,T1,1,100,33.513
1738262035.319707,1887803.000,32831,1,T1,1,100,33.470
1738262035.452712,1887936.000,32846,1,T1,1,100,33.522
1738262035.585717,1888069.000,32862,1,T1,1,100,33.545
1738262035.718722,1888202.000,32893,1,T1,1,100,33.449
1738262035.852727,1888336.000,32908,1,T1,1,100,33.442
1738262035.985732,1888469.000,32925,1,T1,1,100,33.404
1738262036.118737,1888602.000,32955,1,T1,1,100,33.459
1738262036.252742,1888736.000,32970,1,T1,1,100,33.376
1738262036.385747,1888869.000,32987,1,T1,1,100,33.340
1738262036.518752,1889002.000,33017,1,T1,1,100,33.395
1738262036.652757,1889136.000,33033,1,T1,1,100,33.419
1738262036.785762,1889269.000,33049,1,T1,1,100,33.430
1738262036.918767,1889402.000,33080,1,T1,1,100,33.363
1738262037.052772,1889536.000,33095,1,T1,1,100,33.405
1738262037.185777,1889669.000,33111,1,T1,1,100,33.424
1738262037.318783,1889802.000,33126,1,T1,1,100,33.431
1738262037.452788,1889936.000,33161,1,T1,1,100,33.541
1738262037.585793,1890069.000,33177,1,T1,1,100,33.553
1738262037.718798,1890202.000,33193,1,T1,1,100,33.559
1738262037.852803,1890336.000,33223,1,T1,1,100,33.490
1738262037.985808,1890469.000,33240,1,T1,1,100,33.460
1738262038.118813,1890602.000,33255,1,T1,1,100,33.483
1738262038.252818,1890736.000,33286,1,T1,1,100,33.457
1738262038.385823,1890869.000,33302,1,T1,1,100,33.481
1738262038.518828,1891002.000,33317,1,T1,1,100,33.421
1738262038.651833,1891135.000,33348,1,T1,1,100,33.537
1738262038.785838,1891269.000,33364,1,T1,1,100,33.516
1738262038.918843,1891402.000,33379,1,T1,1,100,33.542
1738262039.051848,1891535.000,33412,1,T1,1,100,33.518
1738262039.185853,1891669.000,33428,1,T1,1,100,33.543
1738262039.318858,1891802.000,33449,1,T1,1,100,33.519
1738262039.451864,1891935.000,33465,1,T1,1,100,33.437
1738262039.585869,1892069.000,33480,1,T1,1,100,33.473
1738262039.718874,1892202.000,33511,1,T1,1,100,33.524
1738262039.851879,1892335.000,33527,1,T1,1,100,33.475
1738262039.985884,1892469.000,33543,1,T1,1,100,33.489
1738262040.118889,1892602.000,33575,1,T1,1,100,33.389
1738262040.251894,1892735.000,33591,1,T1,1,100,33.452
1738262040.385899,1892869.000,33607,1,T1,1,100,33.408
1738262040.518904,1893002.000,33637,1,T1,1,100,33.460
1738262040.651909,1893135.000,33654,1,T1,1,100,33.554
1738262040.785914,1893269.000,33671,1,T1,1,100,33.665
1738262040.918919,1893402.000,33687,1,T1,1,100,33.536
1738262041.051924,1893535.000,33718,1,T1,1,100,33.516
1738262041.185929,1893669.000,33733,1,T1,1,100,33.578
1738262041.318934,1893802.000,33749,1,T1,1,100,33.569
1738262041.451939,1893935.000,33780,1,T1,1,100,33.494
1738262041.585944,1894069.000,33795,1,T1,1,100,33.498
1738262041.718950,1894202.000,33812,1,T1,1,100,33.428
1738262041.851954,1894335.000,33844,1,T1,1,100,33.469
1738262041.985960,1894469.000,33860,1,T1,1,100,33.451
1738262042.118965,1894602.000,33876,1,T1,1,100,33.514
1738262042.251970,1894735.000,33907,1,T1,1,100,33.506
1738262042.384975,1894868.000,33924,1,T1,1,100,33.538
1738262042.518980,1895002.000,33940,1,T1,1,100,33.552
1738262042.651985,1895135.000,33973,1,T1,1,100,33.487
1738262042.784990,1895268.000,33988,1,T1,1,100,33.494
1738262042.918995,1895402.000,34004,1,T1,1,100,33.462
1738262043.052000,1895535.000,34035,1,T1,1,100,33.342
1738262043.185005,1895668.000,34050,1,T1,1,100,33.538
1738262043.319010,1895802.000,34067,1,T1,1,100,33.481
1738262043.452015,1895935.000,34082,1,T1,1,100,33.456
1738262043.585020,1896068.000,34112,1,T1,1,100,33.446
1738262043.719025,1896202.000,34129,1,T1,1,100,33.441
1738262043.852030,1896335.000,34144,1,T1,1,100,33.474
1738262043.985035,1896468.000,34175,1,T1,1,100,33.383
1738262044.119040,1896602.000,34191,1,T1,1,100,33.414
1738262044.252046,1896735.000,34206,1,T1,1,100,33.534
1738262044.385051,1896868.000,34245,1,T1,1,100,33.585
1738262044.519056,1897002.000,34260,1,T1,1,100,33.431
1738262044.652061,1897135.000,34277,1,T1,1,100,33.505
1738262044.785066,1897268.000,34292,1,T1,1,100,33.502
1738262044.919071,1897402.000,34308,1,T1,1,100,33.501
1738262045.052076,1897535.000,34339,1,T1,1,100,33.465
1738262045.185081,1897668.000,34354,1,T1,1,100,33.449
1738262045.319086,1897802.000,34371,1,T1,1,100,33.478
1738262045.452091,1897935.000,34401,1,T1,1,100,33.526
1738262045.585096,1898068.000,34416,1,T1,1,100,33.476
1738262045.718101,1898201.000,34433,1,T1,1,100,33.490
1738262045.852106,1898335.000,34463,1,T1,1,100,33.460
1738262045.985111,1898468.000,34479,1,T1,1,100,33.483
1738262046.118116,1898601.000,34495,1,T1,1,100,33.563
1738262046.252121,1898735.000,34526,1,T1,1,100,33.492
1738262046.385127,1898868.000,34541,1,T1,1,100,33.497
1738262046.518131,1899001.000,34557,1,T1,1,100,33.499
1738262046.652137,1899135.000,34588,1,T1,1,100,33.464
1738262046.785142,1899268.000,34603,1,T1,1,100,33.449
1738262046.918147,1899401.000,34619,1,T1,1,100,33.478
1738262047.052152,1899535.000,34635,1,T1,1,100,33.490
1738262047.185157,1899668.000,34665,1,T1,1,100,33.425
1738262047.318162,1899801.000,34682,1,T1,1,100,33.432
1738262047.452167,1899935.000,34701,1,T1,1,100,33.542
1738262047.585172,1900068.000,34732,1,T1,1,100,33.518
1738262047.718177,1900201.000,34748,1,T1,1,100,33.472
1738262047.852182,1900335.000,34763,1,T1,1,100,33.453
1738262047.985187,1900468.000,34794,1,T1,1,100,33.550
1738262048.118192,1900601.000,34812,1,T1,1,100,33.486
1738262048.252197,1900735.000,34827,1,T1,1,100,33.565
1738262048.385202,1900868.000,34860,1,T1,1,100,33.564
1738262048.518208,1901001.000,34876,1,T1,1,100,33.457
1738262048.652213,1901135.000,34892,1,T1,1,100,33.375
1738262048.785218,1901268.000,34908,1,T1,1,100,33.375
1738262048.918223,1901401.000,34941,1,T1,1,100,33.446
1738262049.051228,1901534.000,34956,1,T1,1,100,33.441
1738262049.185233,1901668.000,34974,1,T1,1,100,33.404
1738262049.318238,1901801.000,35005,1,T1,1,100,33.387
1738262049.451243,1901934.000,35020,1,T1,1,100,33.345
1738262049.585248,1902068.000,35041,1,T1,1,100,33.433
1738262049.718253,1902201.000,35057,1,T1,1,100,33.400
1738262049.851258,1902334.000,35089,1,T1,1,100,33.528
1738262049.985263,1902468.000,35106,1,T1,1,100,33.547
1738262050.118268,1902601.000,35121,1,T1,1,100,33.521
1738262050.251273,1902734.000,35137,1,T1,1,100,33.473
1738262050.385278,1902868.000,35168,1,T1,1,100,33.524
1738262050.518283,1903001.000,35183,1,T1,1,100,33.581
1738262050.651289,1903134.000,35200,1,T1,1,100,33.500
1738262050.785294,1903268.000,35232,1,T1,1,100,33.500
1738262050.918298,1903401.000,35247,1,T1,1,100,33.535
1738262051.051304,1903534.000,35264,1,T1,1,100,33.586
1738262051.185309,1903668.000,35294,1,T1,1,100,33.573
1738262051.318314,1903801.000,35310,1,T1,1,100,33.425
1738262051.451319,1903934.000,35326,1,T1,1,100,33.503
1738262051.585324,1904068.000,35357,1,T1,1,100,33.501
1738262051.718329,1904201.000,35372,1,T1,1,100,33.465
1738262051.851334,1904334.000,35390,1,T1,1,100,33.485
1738262051.985339,1904468.000,35421,1,T1,1,100,33.493
1738262052.118344,1904601.000,35436,1,T1,1,100,33.462
1738262052.251349,1904734.000,35452,1,T1,1,100,33.413
1738262052.384354,1904867.000,35468,1,T1,1,100,33.427
1738262052.518359,1905001.000,35500,1,T1,1,100,33.468
1738262052.651364,1905134.000,35517,1,T1,1,100,33.486
1738262052.784369,1905267.000,35532,1,T1,1,100,33.459
1738262052.918375,1905401.000,35563,1,T1,1,100,33.482
1738262053.051379,1905534.000,35579,1,T1,1,100,33.421
1738262053.184385,1905667.000,35594,1,T1,1,100,33.501
1738262053.318390,1905801.000,35625,1,T1,1,100,33.501
1738262053.451395,1905934.000,35641,1,T1,1,100,33.500
1738262053.584400,1906067.000,35656,1,T1,1,100,33.536
1738262053.718405,1906201.000,35689,1,T1,1,100,33.551
1738262053.851410,1906334.000,35705,1,T1,1,100,33.487
1738262053.984415,1906467.000,35721,1,T1,1,100,33.530
1738262054.118420,1906601.000,35751,1,T1,1,100,33.619
1738262054.251425,1906734.000,35767,1,T1,1,100,33.516
1738262054.384430,1906867.000,35783,1,T1,1,100,33.507
1738262054.518435,1907001.000,35815,1,T1,1,100,33.538
1738262054.651440,1907134.000,35837,2,T1,1,100,33.517
1738262054.784445,1907267.000,35837,2,T1,1,100,33.543
1738262054.918450,1907401.000,35867,1,T1,1,100,33.554
1738262055.051455,1907534.000,35883,1,T1,1,100,33.488
1738262055.184460,1907667.000,35899,1,T1,1,100,33.495
1738262055.317466,1907800.000,35930,1,T1,1,100,33.533
1738262055.451471,1907934.000,35945,1,T1,1,100,33.479
1738262055.584476,1908067.000,35961,1,T1,1,100,33.562
1738262055.717481,1908200.000,35994,1,T1,1,100,33.491
1738262055.851486,1908334.000,36009,1,T1,1,100,33.425
1738262055.984491,1908467.000,36026,1,T1,1,100,33.397
1738262056.117496,1908600.000,36056,1,T1,1,100,33.455
1738262056.251501,1908734.000,36071,1,T1,1,100,33.445
1738262056.384506,1908867.000,36088,1,T1,1,100,33.441
1738262056.517511,1909000.000,36118,1,T1,1,100,33.403
1738262056.651516,1909134.000,36134,1,T1,1,100,33.565
1738262056.784521,1909267.000,36150,1,T1,1,100,33.528
1738262056.917526,1909400.000,36181,1,T1,1,100,33.477
1738262057.051531,1909534.000,36196,1,T1,1,100,33.596
1738262057.184536,1909667.000,36212,1,T1,1,100,33.471
1738262057.317541,1909800.000,36227,1,T1,1,100,33.452
1738262057.451546,1909934.000,36260,1,T1,1,100,33.444
1738262057.584552,1910067.000,36276,1,T1,1,100,33.511
1738262057.717556,1910200.000,36292,1,T1,1,100,33.540
1738262057.851562,1910334.000,36322,1,T1,1,100,33.517
1738262057.984567,1910467.000,36339,1,T1,1,100,33.401
1738262058.117572,1910600.000,36354,1,T1,1,100,33.457
1738262058.251577,1910734.000,36385,1,T1,1,100,33.481
1738262058.384582,1910867.000,36401,1,T1,1,100,33.457
1738262058.517587,1911000.000,36416,1,T1,1,100,33.517
1738262058.650592,1911133.000,36447,1,T1,1,100,33.472
1738262058.784597,1911267.000,36463,1,T1,1,100,33.488
1738262058.917602,1911400.000,36478,1,T1,1,100,33.424
1738262059.050607,1911533.000,36509,1,T1,1,100,33.467
1738262059.184612,1911667.000,36525,1,T1,1,100,33.486
1738262059.317617,1911800.000,36541,1,T1,1,100,33.423
1738262059.450622,1911933.000,36557,1,T1,1,100,33.431
1738262059.584627,1912067.000,36587,1,T1,1,100,33.435
1738262059.717633,1912200.000,36603,1,T1,1,100,33.507
1738262059.850637,1912333.000,36624,1,T1,1,100,33.397
1738262059.984643,1912467.000,36640,1,T1,1,100,33.420
1738262060.117648,1912600.000,36672,1,T1,1,100,33.501
1738262060.251653,1912734.000,36688,1,T1,1,100,33.607
1738262060.384658,1912867.000,36704,1,T1,1,100,33.582
1738262060.517663,1913000.000,36720,1,T1,1,100,33.677
1738262060.650668,1913133.000,36751,1,T1,1,100,33.648
1738262060.784673,1913267.000,36766,1,T1,1,100,33.599
1738262060.917678,1913400.000,36782,1,T1,1,100,33.543
1738262061.050683,1913533.000,36813,1,T1,1,100,33.554
1738262061.184688,1913667.000,36830,1,T1,1,100,33.523
1738262061.317693,1913800.000,36847,1,T1,1,100,33.475
1738262061.450698,1913933.000,36877,1,T1,1,100,33.383
1738262061.584703,1914067.000,36892,1,T1,1,100,33.449
1738262061.717708,1914200.000,36909,1,T1,1,100,33.549
1738262061.850713,1914333.000,36941,1,T1,1,100,33.592
1738262061.984719,1914467.000,36957,1,T1,1,100,33.540
1738262062.117723,1914600.000,36973,1,T1,1,100,33.588
1738262062.250729,1914733.000,37004,1,T1,1,100,33.645
1738262062.383734,1914866.000,37021,1,T1,1,100,33.669
1738262062.517739,1915000.000,37037,1,T1,1,100,33.609
1738262062.650744,1915133.000,37052,1,T1,1,100,33.512
1738262062.783749,1915266.000,37085,1,T1,1,100,33.470
1738262062.917754,1915400.000,37101,1,T1,1,100,33.416
1738262063.050759,1915533.000,37117,1,T1,1,100,33.428
1738262063.183764,1915666.000,37147,1,T1,1,100,33.433
1738262063.317769,1915800.000,37164,1,T1,1,100,33.436
1738262063.450774,1915933.000,37179,1,T1,1,100,33.366
1738262063.583779,1916066.000,37210,1,T1,1,100,33.442
1738262063.717784,1916200.000,37228,1,T1,1,100,33.439
1738262063.850789,1916333.000,37243,1,T1,1,100,33.509
1738262063.983794,1916466.000,37274,1,T1,1,100,33.504
1738262064.117800,1916600.000,37290,1,T1,1,100,33.502
1738262064.250804,1916733.000,37305,1,T1,1,100,33.465
1738262064.383810,1916866.000,37336,1,T1,1,100,33.414
1738262064.517815,1917000.000,37354,1,T1,1,100,33.498
1738262064.650820,1917133.000,37370,1,T1,1,100,33.428
1738262064.783825,1917266.000,37400,1,T1,1,100,33.469
1738262064.917830,1917400.000,37422,1,T1,1,100,33.522
1738262065.050835,1917533.000,37437,1,T1,1,100,33.474
1738262065.183840,1917666.000,37453,1,T1,1,100,33.489
1738262065.317845,1917800.000,37469,1,T1,1,100,33.531
1738262065.450850,1917933.000,37499,1,T1,1,100,33.513
1738262065.583855,1918066.000,37515,1,T1,1,100,33.506
1738262065.716860,1918199.000,37531,1,T1,1,100,33.609
1738262065.850865,1918333.000,37561,1,T1,1,100,33.512
1738262065.983870,1918466.000,37578,1,T1,1,100,33.505
1738262066.116875,1918599.000,37593,1,T1,1,100,33.538
1738262066.250880,1918733.000,37624,1,T1,1,100,33.410
1738262066.383885,1918866.000,37640,1,T1,1,100,33.567
1738262066.516891,1918999.000,37655,1,T1,1,100,33.494
1738262066.650896,1919133.000,37671,1,T1,1,100,33.462
1738262066.783900,1919266.000,37702,1,T1,1,100,33.448
1738262066.916906,1919399.000,37717,1,T1,1,100,33.442
1738262067.050911,1919533.000,37734,1,T1,1,100,33.510
1738262067.183916,1919666.000,37764,1,T1,1,100,33.504
1738262067.316921,1919799.000,37780,1,T1,1,100,33.537
1738262067.450926,1919933.000,37800,1,T1,1,100,33.552
1738262067.583931,1920066.000,37831,1,T1,1,100,33.522
1738262067.716936,1920199.000,37846,1,T1,1,100,33.439
1738262067.850941,1920333.000,37862,1,T1,1,100,33.473
1738262067.983946,1920466.000,37893,1,T1,1,100,33.489
1738262068.116951,1920599.000,37908,1,T1,1,100,33.424
1738262068.250956,1920733.000,37926,1,T1,1,100,33.503
1738262068.383961,1920866.000,37942,1,T1,1,100,33.537
1738262068.516966,1920999.000,37972,1,T1,1,100,33.480
1738262068.650971,1921133.000,37989,1,T1,1,100,33.562
1738262068.783977,1921266.000,38004,1,T1,1,100,33.669
1738262068.916981,1921399.000,38035,1,T1,1,100,33.573
1738262069.050987,1921533.000,38051,1,T1,1,100,33.532
1738262069.183992,1921666.000,38068,1,T1,1,100,33.549
1738262069.316997,1921799.000,38099,1,T1,1,100,33.450
1738262069.450002,1921932.000,38115,1,T1,1,100,33.620
1738262069.584007,1922066.000,38130,1,T1,1,100,33.446
1738262069.717012,1922199.000,38161,1,T1,1,100,33.370
1738262069.850017,1922332.000,38177,1,T1,1,100,33.373
1738262069.984022,1922466.000,38195,1,T1,1,100,33.480
1738262070.117027,1922599.000,38216,1,T1,1,100,33.527
1738262070.250032,1922732.000,38231,1,T1,1,100,33.441
1738262070.384037,1922866.000,38262,1,T1,1,100,33.510
1738262070.517042,1922999.000,38278,1,T1,1,100,33.504
1738262070.650047,1923132.000,38294,1,T1,1,100,33.537
1738262070.784052,1923266.000,38326,1,T1,1,100,33.516
1738262070.917058,1923399.000,38342,1,T1,1,100,33.507
1738262071.050062,1923532.000,38358,1,T1,1,100,33.432
1738262071.184067,1923666.000,38388,1,T1,1,100,33.506
1738262071.317073,1923799.000,38405,1,T1,1,100,33.467
1738262071.450078,1923932.000,38420,1,T1,1,100,33.557
1738262071.584083,1924066.000,38453,1,T1,1,100,33.525
1738262071.717088,1924199.000,38469,1,T1,1,100,33.582
1738262071.850093,1924332.000,38484,1,T1,1,100,33.571
1738262071.983098,1924465.000,38500,1,T1,1,100,33.531
1738262072.117103,1924599.000,38531,1,T1,1,100,33.513
1738262072.250108,1924732.000,38546,1,T1,1,100,33.506
1738262072.383113,1924865.000,38567,1,T1,1,100,33.467
1738262072.517118,1924999.000,38597,1,T1,1,100,33.521
1738262072.650123,1925132.000,38613,1,T1,1,100,33.438
1738262072.783128,1925265.000,38629,1,T1,1,100,33.402
1738262072.917133,1925399.000,38660,1,T1,1,100,33.387
1738262073.050138,1925532.000,38675,1,T1,1,100,33.416
1738262073.183143,1925665.000,38693,1,T1,1,100,33.463
1738262073.317148,1925799.000,38724,1,T1,1,100,33.449
1738262073.450154,1925932.000,38739,1,T1,1,100,33.407
1738262073.583158,1926065.000,38755,1,T1,1,100,33.531
1738262073.717164,1926199.000,38786,1,T1,1,100,33.513
1738262073.850169,1926332.000,38801,1,T1,1,100,33.470
1738262073.983174,1926465.000,38818,1,T1,1,100,33.523
1738262074.117179,1926599.000,38835,1,T1,1,100,33.510
1738262074.250184,1926732.000,38865,1,T1,1,100,33.504
1738262074.383189,1926865.000,38882,1,T1,1,100,33.431
1738262074.517194,1926999.000,38897,1,T1,1,100,33.399
1738262074.650199,1927132.000,38928,1,T1,1,100,33.456
1738262074.783204,1927265.000,38944,1,T1,1,100,33.517
1738262074.917209,1927399.000,38961,1,T1,1,100,33.436
1738262075.050214,1927532.000,38992,1,T1,1,100,33.543
1738262075.183219,1927665.000,39013,1,T1,1,100,33.554
1738262075.317225,1927799.000,39029,1,T1,1,100,33.523
1738262075.450229,1927932.000,39045,1,T1,1,100,33.546
1738262075.583235,1928065.000,39076,1,T1,1,100,33.555
1738262075.716239,1928198.000,39091,1,T1,1,100,33.559
1738262075.850245,1928332.000,39109,1,T1,1,100,33.490
1738262075.983250,1928465.000,39124,1,T1,1,100,33.283
1738262076.116255,1928598.000,39155,1,T1,1,100,33.406
1738262076.250260,1928732.000,39171,1,T1,1,100,33.424
1738262076.383265,1928865.000,39187,1,T1,1,100,33.503
1738262076.516270,1928998.000,39217,1,T1,1,100,33.678
1738262076.650275,1929132.000,39234,1,T1,1,100,33.577
1738262076.783280,1929265.000,39251,1,T1,1,100,33.462
1738262076.916285,1929398.000,39282,1,T1,1,100,33.448
1738262077.050290,1929532.000,39298,1,T1,1,100,33.549
1738262077.183295,1929665.000,39313,1,T1,1,100,33.592
1738262077.316300,1929798.000,39346,1,T1,1,100,33.540
1738262077.450305,1929932.000,39362,1,T1,1,100,33.446
1738262077.583310,1930065.000,39377,1,T1,1,100,33.512
1738262077.716316,1930198.000,39410,1,T1,1,100,33.541
1738262077.850321,1930332.000,39426,1,T1,1,100,33.518
1738262077.983325,1930465.000,39442,1,T1,1,100,33.472
1738262078.116331,1930598.000,39458,1,T1,1,100,33.523
1738262078.250336,1930732.000,39488,1,T1,1,100,33.510
1738262078.383341,1930865.000,39504,1,T1,1,100,33.469
1738262078.516346,1930998.000,39520,1,T1,1,100,33.451
1738262078.650351,1931132.000,39551,1,T1,1,100,33.550
1738262078.783356,1931265.000,39568,1,T1,1,100,33.486
1738262078.916361,1931398.000,39584,1,T1,1,100,33.459
1738262079.049366,1931531.000,39615,1,T1,1,100,33.411
1738262079.183371,1931665.000,39630,1,T1,1,100,33.568
1738262079.316376,1931798.000,39647,1,T1,1,100,33.494
1738262079.449381,1931931.000,39677,1,T1,1,100,33.356
1738262079.583386,1932065.000,39694,1,T1,1,100,33.402
1738262079.716391,1932198.000,39711,1,T1,1,100,33.529
1738262079.849396,1932331.000,39741,1,T1,1,100,33.441
1738262079.983402,1932465.000,39757,1,T1,1,100,33.439
1738262080.116406,1932598.000,39773,1,T1,1,100,33.474
1738262080.249912,1932731.500,39811,2,T1,1,100,33.524
1738262080.383417,1932865.000,39811,2,T1,1,100,33.440
1738262080.516422,1932998.000,39841,1,T1,1,100,33.438
1738262080.649427,1933131.000,39857,1,T1,1,100,33.509
1738262080.783432,1933265.000,39873,1,T1,1,100,33.468
1738262080.916437,1933398.000,39904,1,T1,1,100,33.451
1738262081.049442,1933531.000,39919,1,T1,1,100,33.372
1738262081.183447,1933665.000,39937,1,T1,1,100,33.551
1738262081.316452,1933798.000,39968,1,T1,1,100,33.451
1738262081.449457,1933931.000,39983,1,T1,1,100,33.479
1738262081.583462,1934065.000,39999,1,T1,1,100,33.491
1738262081.716467,1934198.000,40015,1,T1,1,100,33.602
1738262081.849472,1934331.000,40045,1,T1,1,100,33.509
1738262081.983477,1934465.000,40064,1,T1,1,100,33.504
1738262082.116482,1934598.000,40079,1,T1,1,100,33.537
1738262082.249487,1934731.000,40110,1,T1,1,100,33.587
1738262082.382493,1934864.000,40128,1,T1,1,100,33.502
1738262082.516498,1934998.000,40143,1,T1,1,100,33.501
1738262082.649503,1935131.000,40174,1,T1,1,100,33.571
1738262082.782508,1935264.000,40192,1,T1,1,100,33.531
1738262082.916513,1935398.000,40207,1,T1,1,100,33.513
1738262083.049518,1935531.000,40238,1,T1,1,100,33.470
1738262083.182523,1935664.000,40254,1,T1,1,100,33.523
1738262083.316528,1935798.000,40270,1,T1,1,100,33.510
1738262083.449533,1935931.000,40286,1,T1,1,100,33.504
1738262083.582538,1936064.000,40316,1,T1,1,100,33.395
1738262083.716543,1936198.000,40332,1,T1,1,100,33.490
1738262083.849548,1936331.000,40348,1,T1,1,100,33.496
1738262083.982553,1936464.000,40379,1,T1,1,100,33.498
1738262084.116558,1936598.000,40394,1,T1,1,100,33.428
1738262084.249563,1936731.000,40412,1,T1,1,100,33.540
1738262084.382568,1936864.000,40443,1,T1,1,100,33.553
1738262084.516573,1936998.000,40458,1,T1,1,100,33.416
1738262084.649579,1937131.000,40475,1,T1,1,100,33.499
1738262084.782583,1937264.000,40505,1,T1,1,100,33.535
1738262084.916589,1937398.000,40520,1,T1,1,100,33.551
1738262085.049594,1937531.000,40539,1,T1,1,100,33.486
1738262085.182599,1937664.000,40554,1,T1,1,100,33.388
1738262085.316104,1937797.500,40591,2,T1,1,100,33.522
1738262085.449609,1937931.000,40591,2,T1,1,100,33.439
1738262085.582614,1938064.000,40606,1,T1,1,100,33.403
1738262085.715619,1938197.000,40637,1,T1,1,100,33.493
1738262085.849624,1938331.000,40653,1,T1,1,100,33.462
1738262085.982629,1938464.000,40671,1,T1,1,100,33.483
1738262086.116634,1938598.000,40701,1,T1,1,100,33.493
1738262086.249639,1938731.000,40717,1,T1,1,100,33.532
1738262086.382644,1938864.000,40733,1,T1,1,100,33.514
1738262086.516649,1938998.000,40749,1,T1,1,100,33.471
1738262086.649654,1939131.000,40780,1,T1,1,100,33.558
1738262086.782660,1939264.000,40797,1,T1,1,100,33.490
1738262086.915664,1939397.000,40813,1,T1,1,100,33.460
1738262087.049670,1939531.000,40844,1,T1,1,100,33.412
1738262087.182675,1939664.000,40859,1,T1,1,100,33.533
1738262087.315680,1939797.000,40876,1,T1,1,100,33.479
1738262087.449685,1939931.000,40908,1,T1,1,100,33.526
1738262087.582690,1940064.000,40923,1,T1,1,100,33.440
1738262087.715695,1940197.000,40942,1,T1,1,100,33.439
1738262087.849700,1940331.000,40972,1,T1,1,100,33.544
1738262087.982705,1940464.000,40988,1,T1,1,100,33.519
1738262088.115710,1940597.000,41004,1,T1,1,100,33.544
1738262088.249715,1940731.000,41019,1,T1,1,100,33.483
1738262088.382720,1940864.000,41050,1,T1,1,100,33.457
1738262088.515725,1940997.000,41068,1,T1,1,100,33.446
1738262088.648730,1941130.000,41083,1,T1,1,100,33.406
1738262088.782735,1941264.000,41114,1,T1,1,100,33.424
1738262088.915740,1941397.000,41130,1,T1,1,100,33.432
1738262089.048745,1941530.000,41146,1,T1,1,100,33.470
1738262089.182750,1941664.000,41176,1,T1,1,100,33.452
1738262089.315756,1941797.000,41195,1,T1,1,100,33.479
1738262089.448761,1941930.000,41210,1,T1,1,100,33.491
1738262089.582766,1942064.000,41241,1,T1,1,100,33.496
1738262089.715771,1942197.000,41257,1,T1,1,100,33.498
1738262089.848776,1942330.000,41272,1,T1,1,100,33.535
1738262089.982781,1942464.000,41303,1,T1,1,100,33.550
1738262090.115786,1942597.000,41321,1,T1,1,100,33.451
1738262090.248791,1942730.000,41336,1,T1,1,100,33.408
1738262090.382796,1942864.000,41367,1,T1,1,100,33.496
1738262090.515801,1942997.000,41388,1,T1,1,100,33.463
1738262090.648806,1943130.000,41404,1,T1,1,100,33.448
1738262090.782811,1943264.000,41422,1,T1,1,100,33.478
1738262090.915816,1943397.000,41437,1,T1,1,100,33.597
1738262091.048821,1943530.000,41468,1,T1,1,100,33.506
1738262091.182827,1943664.000,41484,1,T1,1,100,33.396
1738262091.315831,1943797.000,41500,1,T1,1,100,33.384
1738262091.448837,1943930.000,41532,1,T1,1,100,33.556
1738262091.582842,1944064.000,41548,1,T1,1,100,33.489
1738262091.715847,1944197.000,41564,1,T1,1,100,33.531
1738262091.848852,1944330.000,41594,1,T1,1,100,33.513
1738262091.982857,1944464.000,41611,1,T1,1,100,33.612
1738262092.115862,1944597.000,41626,1,T1,1,100,33.549
1738262092.248867,1944730.000,41642,1,T1,1,100,33.556
1738262092.381872,1944863.000,41677,1,T1,1,100,33.595
1738262092.515877,1944997.000,41692,1,T1,1,100,33.612
1738262092.648882,1945130.000,41709,1,T1,1,100,33.549
1738262092.781887,1945263.000,41739,1,T1,1,100,33.486
1738262092.915892,1945397.000,41754,1,T1,1,100,33.494
1738262093.048897,1945530.000,41771,1,T1,1,100,33.462
1738262093.181902,1945663.000,41801,1,T1,1,100,33.519
1738262093.315907,1945797.000,41819,1,T1,1,100,33.473
1738262093.448912,1945930.000,41835,1,T1,1,100,33.453
1738262093.581918,1946063.000,41866,1,T1,1,100,33.515
1738262093.715923,1946197.000,41881,1,T1,1,100,33.506
1738262093.848927,1946330.000,41897,1,T1,1,100,33.503
1738262093.981933,1946463.000,41928,1,T1,1,100,33.501
1738262094.115938,1946597.000,41943,1,T1,1,100,33.465
1738262094.248943,1946730.000,41959,1,T1,1,100,33.485
1738262094.381948,1946863.000,41977,1,T1,1,100,33.458
1738262094.515953,1946997.000,42007,1,T1,1,100,33.482
1738262094.648958,1947130.000,42024,1,T1,1,100,33.563
1738262094.781963,1947263.000,42039,1,T1,1,100,33.385
1738262094.915968,1947397.000,42070,1,T1,1,100,33.415
1738262095.048973,1947530.000,42086,1,T1,1,100,33.428
1738262095.181978,1947663.000,42101,1,T1,1,100,33.398
1738262095.315983,1947797.000,42134,1,T1,1,100,33.385
1738262095.448988,1947930.000,42150,1,T1,1,100,33.486
1738262095.581993,1948063.000,42165,1,T1,1,100,33.529
1738262095.714998,1948196.000,42187,1,T1,1,100,33.513
1738262095.849004,1948330.000,42217,1,T1,1,100,33.470
1738262095.982008,1948463.000,42233,1,T1,1,100,33.487
1738262096.115014,1948596.000,42249,1,T1,1,100,33.423
1738262096.249019,1948730.000,42266,1,T1,1,100,33.538
1738262096.382024,1948863.000,42297,1,T1,1,100,33.516
1738262096.515029,1948996.000,42313,1,T1,1,100,33.507
1738262096.649034,1949130.000,42329,1,T1,1,100,33.503
1738262096.782039,1949263.000,42359,1,T1,1,100,33.501
1738262096.915044,1949396.000,42375,1,T1,1,100,33.430
1738262097.049049,1949530.000,42391,1,T1,1,100,33.505
1738262097.182054,1949663.000,42423,1,T1,1,100,33.538
1738262097.315059,1949796.000,42440,1,T1,1,100,33.481
1738262097.449064,1949930.000,42457,1,T1,1,100,33.527
1738262097.582069,1950063.000,42488,1,T1,1,100,33.512
1738262097.715074,1950196.000,42504,1,T1,1,100,33.505
1738262097.849079,1950330.000,42519,1,T1,1,100,33.538
1738262097.982085,1950463.000,42552,1,T1,1,100,33.516
1738262098.115089,1950596.000,42568,1,T1,1,100,33.507
1738262098.249094,1950730.000,42583,1,T1,1,100,33.503
1738262098.382100,1950863.000,42600,1,T1,1,100,33.572
1738262098.515105,1950996.000,42630,1,T1,1,100,33.567
1738262098.649110,1951130.000,42646,1,T1,1,100,33.458
1738262098.782115,1951263.000,42662,1,T1,1,100,33.482
1738262098.915120,1951396.000,42695,1,T1,1,100,33.492
1738262099.049125,1951530.000,42710,1,T1,1,100,33.603
1738262099.182130,1951663.000,42726,1,T1,1,100,33.615
1738262099.315135,1951796.000,42757,1,T1,1,100,33.550
1738262099.448140,1951929.000,42772,1,T1,1,100,33.486
1738262099.582145,1952063.000,42788,1,T1,1,100,33.565
1738262099.715150,1952196.000,42821,1,T1,1,100,33.528
1738262099.848155,1952329.000,42836,1,T1,1,100,33.477
1738262099.982160,1952463.000,42853,1,T1,1,100,33.454
1738262100.115165,1952596.000,42883,1,T1,1,100,33.516
1738262100.248170,1952729.000,42898,1,T1,1,100,33.471
1738262100.382175,1952863.000,42915,1,T1,1,100,33.417
1738262100.515181,1952996.000,42930,1,T1,1,100,33.464
1738262100.648186,1953129.000,42963,1,T1,1,100,33.449
1738262100.782191,1953263.000,42984,1,T1,1,100,33.442
1738262100.915196,1953396.000,42999,1,T1,1,100,33.511
1738262101.048201,1953529.000,43016,1,T1,1,100,33.469
1738262101.182206,1953663.000,43046,1,T1,1,100,33.487
1738262101.315211,1953796.000,43064,1,T1,1,100,33.459
1738262101.448216,1953929.000,43080,1,T1,1,100,33.376
1738262101.582221,1954063.000,43095,1,T1,1,100,33.588
1738262101.715226,1954196.000,43126,1,T1,1,100,33.574
1738262101.848231,1954329.000,43142,1,T1,1,100,33.496
1738262101.981236,1954462.000,43157,1,T1,1,100,33.463
1738262102.115241,1954596.000,43190,1,T1,1,100,33.484
1738262102.248246,1954729.000,43206,1,T1,1,100,33.493
1738262102.381251,1954862.000,43224,1,T1,1,100,33.462
1738262102.515256,1954996.000,43254,1,T1,1,100,33.448
1738262102.648262,1955129.000,43271,1,T1,1,100,33.442
1738262102.781266,1955262.000,43286,1,T1,1,100,33.546
1738262102.915272,1955396.000,43319,1,T1,1,100,33.520
1738262103.048277,1955529.000,43335,1,T1,1,100,33.367
1738262103.181282,1955662.000,43350,1,T1,1,100,33.442
1738262103.315287,1955796.000,43381,1,T1,1,100,33.369
1738262103.448292,1955929.000,43397,1,T1,1,100,33.443
1738262103.581297,1956062.000,43412,1,T1,1,100,33.440
1738262103.715302,1956196.000,43443,1,T1,1,100,33.509
1738262103.848307,1956329.000,43459,1,T1,1,100,33.504
1738262103.981312,1956462.000,43475,1,T1,1,100,33.466
1738262104.115317,1956596.000,43491,1,T1,1,100,33.450
1738262104.248322,1956729.000,43521,1,T1,1,100,33.443
1738262104.381327,1956862.000,43539,1,T1,1,100,33.440
1738262104.515332,1956996.000,43555,1,T1,1,100,33.509
1738262104.648337,1957129.000,43586,1,T1,1,100,33.504
1738262104.781343,1957262.000,43601,1,T1,1,100,33.502
1738262104.915348,1957396.000,43617,1,T1,1,100,33.501
1738262105.048352,1957529.000,43648,1,T1,1,100,33.394
1738262105.181358,1957662.000,43663,1,T1,1,100,33.277
1738262105.314363,1957795.000,43682,1,T1,1,100,33.474
1738262105.448368,1957929.000,43712,1,T1,1,100,33.383
1738262105.581373,1958062.000,43727,1,T1,1,100,33.414
1738262105.714378,1958195.000,43744,1,T1,1,100,33.534
1738262105.848383,1958329.000,43759,1,T1,1,100,33.515
1738262105.981388,1958462.000,43779,1,T1,1,100,33.471
1738262106.114393,1958595.000,43811,1,T1,1,100,33.381
1738262106.248398,1958729.000,43826,1,T1,1,100,33.378
1738262106.381403,1958862.000,43843,1,T1,1,100,33.412
1738262106.514408,1958995.000,43873,1,T1,1,100,33.462
1738262106.648413,1959129.000,43889,1,T1,1,100,33.413
1738262106.781418,1959262.000,43905,1,T1,1,100,33.427
1738262106.914423,1959395.000,43936,1,T1,1,100,33.468
1738262107.048429,1959529.000,43951,1,T1,1,100,33.522
1738262107.181433,1959662.000,43969,1,T1,1,100,33.509
1738262107.314439,1959795.000,44002,1,T1,1,100,33.504
1738262107.448444,1959929.000,44017,1,T1,1,100,33.502
1738262107.581449,1960062.000,44033,1,T1,1,100,33.430
1738262107.714454,1960195.000,44049,1,T1,1,100,33.434
1738262107.848459,1960329.000,44079,1,T1,1,100,33.436
1738262107.981464,1960462.000,44096,1,T1,1,100,33.508
1738262108.114469,1960595.000,44113,1,T1,1,100,33.539
1738262108.248474,1960729.000,44144,1,T1,1,100,33.623
1738262108.381479,1960862.000,44160,1,T1,1,100,33.553
1738262108.514484,1960995.000,44175,1,T1,1,100,33.559
1738262108.647489,1961128.000,44206,1,T1,1,100,33.561
1738262108.781494,1961262.000,44222,1,T1,1,100,33.597
1738262108.914499,1961395.000,44237,1,T1,1,100,33.542
1738262109.047504,1961528.000,44270,1,T1,1,100,33.554
1738262109.181509,1961662.000,44286,1,T1,1,100,33.452
1738262109.314514,1961795.000,44302,1,T1,1,100,33.444
1738262109.447520,1961928.000,44332,1,T1,1,100,33.440
1738262109.581525,1962062.000,44348,1,T1,1,100,33.439
1738262109.714530,1962195.000,44364,1,T1,1,100,33.473
1738262109.847535,1962328.000,44394,1,T1,1,100,33.489
1738262109.981540,1962462.000,44411,1,T1,1,100,33.530
1738262110.114545,1962595.000,44428,1,T1,1,100,33.442
1738262110.247550,1962728.000,44444,1,T1,1,100,33.440
1738262110.381555,1962862.000,44475,1,T1,1,100,33.474
1738262110.514560,1962995.000,44490,1,T1,1,100,33.453
1738262110.647565,1963128.000,44507,1,T1,1,100,33.409
1738262110.781570,1963262.000,44537,1,T1,1,100,33.425
1738262110.914575,1963395.000,44552,1,T1,1,100,33.361
1738262111.047580,1963528.000,44576,1,T1,1,100,33.298
1738262111.181585,1963662.000,44591,1,T1,1,100,33.484
1738262111.314590,1963795.000,44622,1,T1,1,100,33.528
1738262111.447595,1963928.000,44638,1,T1,1,100,33.583
1738262111.581600,1964062.000,44653,1,T1,1,100,33.536
1738262111.714606,1964195.000,44672,1,T1,1,100,33.622
1738262111.847611,1964328.000,44702,1,T1,1,100,33.553
1738262111.981616,1964462.000,44718,1,T1,1,100,33.452
1738262112.114621,1964595.000,44734,1,T1,1,100,33.373
1738262112.247626,1964728.000,44765,1,T1,1,100,33.374
1738262112.380631,1964861.000,44784,1,T1,1,100,33.410
1738262112.514636,1964995.000,44800,1,T1,1,100,33.390
1738262112.647641,1965128.000,44831,1,T1,1,100,33.452
1738262112.780646,1965261.000,44846,1,T1,1,100,33.444
1738262112.914651,1965395.000,44862,1,T1,1,100,33.440
1738262113.047656,1965528.000,44895,1,T1,1,100,33.545
1738262113.180661,1965661.000,44910,1,T1,1,100,33.520
1738262113.314666,1965795.000,44927,1,T1,1,100,33.438
1738262113.447671,1965928.000,44957,1,T1,1,100,33.438
1738262113.580676,1966061.000,44972,1,T1,1,100,33.508
1738262113.714681,1966195.000,44989,1,T1,1,100,33.468
1738262113.847687,1966328.000,45019,1,T1,1,100,33.380
1738262113.980691,1966461.000,45035,1,T1,1,100,33.448
1738262114.114697,1966595.000,45051,1,T1,1,100,33.442
1738262114.247702,1966728.000,45066,1,T1,1,100,33.475
1738262114.380707,1966861.000,45097,1,T1,1,100,33.525
1738262114.514712,1966995.000,45113,1,T1,1,100,33.582
1738262114.647717,1967128.000,45129,1,T1,1,100,33.535
1738262114.780722,1967261.000,45159,1,T1,1,100,33.515
1738262114.914727,1967395.000,45175,1,T1,1,100,33.507
1738262115.047732,1967528.000,45191,1,T1,1,100,33.467
1738262115.180737,1967661.000,45221,1,T1,1,100,33.486
1738262115.313742,1967794.000,45238,1,T1,1,100,33.494
1738262115.447747,1967928.000,45253,1,T1,1,100,33.426
1738262115.580752,1968061.000,45284,1,T1,1,100,33.575
1738262115.713757,1968194.000,45302,1,T1,1,100,33.497
1738262115.847762,1968328.000,45317,1,T1,1,100,33.570
1738262115.980767,1968461.000,45348,1,T1,1,100,33.566
1738262116.113772,1968594.000,45369,1,T1,1,100,33.564
1738262116.247777,1968728.000,45385,1,T1,1,100,33.457
1738262116.380783,1968861.000,45401,1,T1,1,100,33.446
1738262116.513788,1968994.000,45416,1,T1,1,100,33.477
1738262116.647793,1969128.000,45447,1,T1,1,100,33.419
1738262116.780798,1969261.000,45463,1,T1,1,100,33.359
1738262116.913803,1969394.000,45478,1,T1,1,100,33.368
1738262117.047808,1969528.000,45509,1,T1,1,100,33.478
1738262117.180813,1969661.000,45525,1,T1,1,100,33.491
1738262117.313818,1969794.000,45541,1,T1,1,100,33.531
1738262117.447823,1969928.000,45559,1,T1,1,100,33.549
1738262117.580828,1970061.000,45589,1,T1,1,100,33.521
1738262117.713833,1970194.000,45605,1,T1,1,100,33.438
1738262117.847838,1970328.000,45621,1,T1,1,100,33.438
1738262117.980843,1970461.000,45652,1,T1,1,100,33.473
1738262118.113848,1970594.000,45667,1,T1,1,100,33.559
1738262118.247854,1970728.000,45683,1,T1,1,100,33.490
1738262118.380858,1970861.000,45714,1,T1,1,100,33.496
1738262118.513864,1970994.000,45729,1,T1,1,100,33.427
1738262118.647869,1971128.000,45746,1,T1,1,100,33.469
1738262118.780874,1971261.000,45776,1,T1,1,100,33.451
1738262118.913879,1971394.000,45791,1,T1,1,100,33.443
1738262119.046884,1971527.000,45808,1,T1,1,100,33.546
1738262119.180889,1971661.000,45838,1,T1,1,100,33.520
1738262119.313894,1971794.000,45854,1,T1,1,100,33.402
1738262119.446899,1971927.000,45872,1,T1,1,100,33.458
1738262119.580904,1972061.000,45903,1,T1,1,100,33.446
1738262119.713909,1972194.000,45918,1,T1,1,100,33.512
1738262119.846914,1972327.000,45934,1,T1,1,100,33.434
1738262119.980919,1972461.000,45949,1,T1,1,100,33.401
1738262120.113924,1972594.000,45980,1,T1,1,100,33.351
1738262120.246929,1972727.000,45996,1,T1,1,100,33.329
1738262120.380934,1972861.000,46012,1,T1,1,100,33.426
1738262120.513939,1972994.000,46042,1,T1,1,100,33.433
1738262120.646945,1973127.000,46059,1,T1,1,100,33.471
1738262120.780950,1973261.000,46074,1,T1,1,100,33.487
1738262120.913955,1973394.000,46105,1,T1,1,100,33.424
1738262121.046960,1973527.000,46121,1,T1,1,100,33.431
1738262121.180965,1973661.000,46136,1,T1,1,100,33.470
1738262121.313970,1973794.000,46160,1,T1,1,100,33.523
1738262121.446975,1973927.000,46175,1,T1,1,100,33.510
1738262121.580980,1974061.000,46206,1,T1,1,100,33.540
1738262121.713985,1974194.000,46222,1,T1,1,100,33.446
1738262121.846990,1974327.000,46237,1,T1,1,100,33.477
1738262121.979995,1974460.000,46268,1,T1,1,100,33.490
1738262122.114000,1974594.000,46284,1,T1,1,100,33.496
1738262122.247005,1974727.000,46299,1,T1,1,100,33.498
1738262122.380010,1974860.000,46332,1,T1,1,100,33.499
1738262122.514015,1974994.000,46348,1,T1,1,100,33.500
1738262122.647020,1975127.000,46364,1,T1,1,100,33.571
1738262122.780025,1975260.000,46394,1,T1,1,100,33.460
1738262122.914031,1975394.000,46410,1,T1,1,100,33.483
1738262123.047036,1975527.000,46426,1,T1,1,100,33.386
1738262123.180041,1975660.000,46442,1,T1,1,100,33.522
1738262123.314046,1975794.000,46473,1,T1,1,100,33.438
1738262123.447051,1975927.000,46488,1,T1,1,100,33.367
1738262123.580056,1976060.000,46504,1,T1,1,100,33.478
1738262123.714061,1976194.000,46535,1,T1,1,100,33.526
1738262123.847066,1976327.000,46550,1,T1,1,100,33.511
1738262123.980071,1976460.000,46567,1,T1,1,100,33.469
1738262124.114076,1976594.000,46597,1,T1,1,100,33.558
1738262124.247081,1976727.000,46612,1,T1,1,100,33.560
1738262124.380086,1976860.000,46629,1,T1,1,100,33.562
1738262124.514091,1976994.000,46659,1,T1,1,100,33.527
1738262124.647096,1977127.000,46675,1,T1,1,100,33.582
1738262124.780101,1977260.000,46693,1,T1,1,100,33.571
1738262124.914106,1977394.000,46726,1,T1,1,100,33.566
1738262125.047112,1977527.000,46741,1,T1,1,100,33.635
1738262125.180116,1977660.000,46757,1,T1,1,100,33.594
1738262125.313122,1977793.000,46772,1,T1,1,100,33.434
1738262125.447127,1977927.000,46803,1,T1,1,100,33.436
1738262125.580132,1978060.000,46819,1,T1,1,100,33.437
1738262125.713137,1978193.000,46835,1,T1,1,100,33.508
1738262125.847142,1978327.000,46867,1,T1,1,100,33.504
1738262125.980147,1978460.000,46884,1,T1,1,100,33.537
1738262126.113152,1978593.000,46899,1,T1,1,100,33.587
1738262126.247157,1978727.000,46930,1,T1,1,100,33.538
1738262126.380162,1978860.000,46953,1,T1,1,100,33.481
1738262126.513167,1978993.000,46968,1,T1,1,100,33.527
1738262126.647172,1979127.000,46985,1,T1,1,100,33.547
1738262126.780177,1979260.000,47015,1,T1,1,100,33.520
1738262126.913182,1979393.000,47030,1,T1,1,100,33.473
1738262127.047187,1979527.000,47047,1,T1,1,100,33.382
1738262127.180192,1979660.000,47062,1,T1,1,100,33.555
1738262127.313197,1979793.000,47095,1,T1,1,100,33.524
1738262127.447202,1979927.000,47113,1,T1,1,100,33.475
1738262127.580208,1980060.000,47128,1,T1,1,100,33.454
1738262127.713213,1980193.000,47159,1,T1,1,100,33.515
1738262127.847218,1980327.000,47175,1,T1,1,100,33.400
1738262127.980223,1980460.000,47191,1,T1,1,100,33.457
1738262128.113228,1980593.000,47221,1,T1,1,100,33.517
1738262128.247233,1980727.000,47237,1,T1,1,100,33.472
1738262128.380238,1980860.000,47253,1,T1,1,100,33.452
1738262128.513243,1980993.000,47285,1,T1,1,100,33.444
1738262128.646248,1981126.000,47302,1,T1,1,100,33.511
1738262128.780253,1981260.000,47317,1,T1,1,100,33.469
1738262128.913258,1981393.000,47348,1,T1,1,100,33.451
1738262129.046263,1981526.000,47364,1,T1,1,100,33.514
1738262129.180268,1981660.000,47379,1,T1,1,100,33.435
1738262129.313273,1981793.000,47395,1,T1,1,100,33.578
1738262129.446278,1981926.000,47428,1,T1,1,100,33.428
1738262129.580283,1982060.000,47443,1,T1,1,100,33.362
1738262129.713289,1982193.000,47460,1,T1,1,100,33.440
1738262129.846294,1982326.000,47490,1,T1,1,100,33.403
1738262129.980299,1982460.000,47506,1,T1,1,100,33.352
1738262130.113304,1982593.000,47522,1,T1,1,100,33.471
1738262130.246309,1982726.000,47553,1,T1,1,100,33.452
1738262130.380314,1982860.000,47568,1,T1,1,100,33.408
1738262130.513319,1982993.000,47584,1,T1,1,100,33.425
1738262130.646324,1983126.000,47617,1,T1,1,100,33.432
1738262130.780329,1983260.000,47632,1,T1,1,100,33.471
1738262130.913334,1983393.000,47648,1,T1,1,100,33.345
1738262131.046339,1983526.000,47679,1,T1,1,100,33.433
1738262131.180344,1983660.000,47694,1,T1,1,100,33.471
1738262131.313349,1983793.000,47711,1,T1,1,100,33.452
1738262131.446354,1983926.000,47726,1,T1,1,100,33.515
1738262131.579359,1984059.000,47749,1,T1,1,100,33.506
1738262131.713364,1984193.000,47780,1,T1,1,100,33.503
1738262131.846370,1984326.000,47795,1,T1,1,100,33.395
1738262131.979375,1984459.000,47812,1,T1,1,100,33.419
1738262132.113380,1984593.000,47842,1,T1,1,100,33.359
1738262132.246385,1984726.000,47859,1,T1,1,100,33.474
1738262132.379390,1984859.000,47878,1,T1,1,100,33.524
1738262132.513395,1984993.000,47893,1,T1,1,100,33.581
1738262132.646400,1985126.000,47924,1,T1,1,100,33.500
1738262132.779405,1985259.000,47940,1,T1,1,100,33.464
1738262132.913410,1985393.000,47955,1,T1,1,100,33.449
1738262133.046415,1985526.000,47988,1,T1,1,100,33.407
1738262133.179420,1985659.000,48004,1,T1,1,100,33.424
1738262133.313425,1985793.000,48020,1,T1,1,100,33.503
1738262133.446430,1985926.000,48050,1,T1,1,100,33.501
1738262133.579435,1986059.000,48066,1,T1,1,100,33.501
1738262133.713440,1986193.000,48082,1,T1,1,100,33.465
1738262133.846445,1986326.000,48112,1,T1,1,100,33.520
1738262133.979450,1986459.000,48131,1,T1,1,100,33.544
1738262134.113456,1986593.000,48146,1,T1,1,100,33.413
1738262134.246461,1986726.000,48177,1,T1,1,100,33.462
1738262134.379466,1986859.000,48193,1,T1,1,100,33.484
1738262134.513471,1986993.000,48208,1,T1,1,100,33.457
1738262134.646476,1987126.000,48224,1,T1,1,100,33.482
1738262134.779481,1987259.000,48255,1,T1,1,100,33.527
1738262134.913486,1987393.000,48272,1,T1,1,100,33.476
1738262135.046491,1987526.000,48289,1,T1,1,100,33.525
1738262135.179496,1987659.000,48319,1,T1,1,100,33.511
1738262135.312501,1987792.000,48335,1,T1,1,100,33.469
1738262135.446506,1987926.000,48351,1,T1,1,100,33.522
1738262135.579511,1988059.000,48382,1,T1,1,100,33.510
1738262135.712516,1988192.000,48397,1,T1,1,100,33.504
1738262135.846521,1988326.000,48413,1,T1,1,100,33.502
1738262135.979526,1988459.000,48444,1,T1,1,100,33.430
1738262136.112531,1988592.000,48459,1,T1,1,100,33.434
1738262136.246536,1988726.000,48475,1,T1,1,100,33.507
1738262136.379541,1988859.000,48506,1,T1,1,100,33.503
1738262136.512547,1988992.000,48521,1,T1,1,100,33.537
1738262136.646552,1989126.000,48543,1,T1,1,100,33.551
1738262136.779557,1989259.000,48558,1,T1,1,100,33.522
1738262136.912562,1989392.000,48576,1,T1,1,100,33.474
1738262137.046567,1989526.000,48607,1,T1,1,100,33.453
1738262137.179572,1989659.000,48622,1,T1,1,100,33.409
1738262137.312577,1989792.000,48639,1,T1,1,100,33.461
1738262137.446582,1989926.000,48671,1,T1,1,100,33.518
1738262137.579587,1990059.000,48688,1,T1,1,100,33.543
1738262137.712592,1990192.000,48705,1,T1,1,100,33.519
1738262137.846597,1990326.000,48735,1,T1,1,100,33.615
1738262137.979602,1990459.000,48751,1,T1,1,100,33.656
1738262138.112607,1990592.000,48767,1,T1,1,100,33.603
1738262138.246612,1990726.000,48782,1,T1,1,100,33.580
1738262138.379617,1990859.000,48813,1,T1,1,100,33.464
1738262138.512622,1990992.000,48829,1,T1,1,100,33.413
1738262138.646627,1991126.000,48845,1,T1,1,100,33.427
1738262138.779633,1991259.000,48875,1,T1,1,100,33.468
1738262138.912638,1991392.000,48891,1,T1,1,100,33.557
1738262139.045643,1991525.000,48907,1,T1,1,100,33.525
1738262139.179648,1991659.000,48937,1,T1,1,100,33.475
1738262139.312653,1991792.000,48954,1,T1,1,100,33.454
1738262139.445658,1991925.000,48969,1,T1,1,100,33.480
1738262139.579663,1992059.000,49002,1,T1,1,100,33.456
1738262139.712668,1992192.000,49018,1,T1,1,100,33.481
1738262139.845673,1992325.000,49033,1,T1,1,100,33.492
1738262139.979678,1992459.000,49064,1,T1,1,100,33.496
1738262140.112683,1992592.000,49080,1,T1,1,100,33.498
1738262140.245688,1992725.000,49095,1,T1,1,100,33.535
1738262140.379693,1992859.000,49112,1,T1,1,100,33.515
1738262140.512698,1992992.000,49142,1,T1,1,100,33.542
1738262140.645703,1993125.000,49160,1,T1,1,100,33.483
1738262140.779708,1993259.000,49176,1,T1,1,100,33.457
1738262140.912714,1993392.000,49207,1,T1,1,100,33.552
1738262141.045719,1993525.000,49222,1,T1,1,100,33.523
1738262141.179724,1993659.000,49238,1,T1,1,100,33.474
1738262141.312729,1993792.000,49271,1,T1,1,100,33.524
1738262141.445734,1993925.000,49286,1,T1,1,100,33.511
1738262141.579739,1994059.000,49302,1,T1,1,100,33.505
1738262141.712744,1994192.000,49338,2,T1,1,100,33.467
1738262141.845749,1994325.000,49338,2,T1,1,100,33.486
1738262141.979754,1994459.000,49369,1,T1,1,100,33.565
1738262142.112759,1994592.000,49384,1,T1,1,100,33.528
1738262142.245764,1994725.000,49402,1,T1,1,100,33.512
1738262142.378769,1994858.000,49435,1,T1,1,100,33.434
1738262142.512774,1994992.000,49450,1,T1,1,100,33.507
1738262142.645779,1995125.000,49467,1,T1,1,100,33.503
1738262142.778784,1995258.000,49497,1,T1,1,100,33.395
1738262142.912789,1995392.000,49512,1,T1,1,100,33.419
1738262143.045794,1995525.000,49529,1,T1,1,100,33.465
1738262143.178800,1995658.000,49559,1,T1,1,100,33.378
1738262143.312805,1995792.000,49575,1,T1,1,100,33.412
1738262143.445810,1995925.000,49591,1,T1,1,100,33.497
1738262143.578815,1996058.000,49624,1,T1,1,100,33.463
1738262143.712820,1996192.000,49639,1,T1,1,100,33.555
1738262143.845825,1996325.000,49655,1,T1,1,100,33.559
1738262143.978830,1996458.000,49686,1,T1,1,100,33.526
1738262144.112835,1996592.000,49701,1,T1,1,100,33.547
1738262144.245840,1996725.000,49717,1,T1,1,100,33.485
1738262144.378845,1996858.000,49735,1,T1,1,100,33.458
1738262144.512850,1996992.000,49765,1,T1,1,100,33.517
1738262144.645855,1997125.000,49782,1,T1,1,100,33.507
1738262144.778860,1997258.000,49797,1,T1,1,100,33.432
1738262144.912865,1997392.000,49828,1,T1,1,100,33.364
1738262145.045870,1997525.000,49844,1,T1,1,100,33.441
1738262145.178875,1997658.000,49859,1,T1,1,100,33.404
1738262145.311880,1997791.000,49892,1,T1,1,100,33.316
1738262145.445886,1997925.000,49908,1,T1,1,100,33.314
1738262145.578891,1998058.000,49923,1,T1,1,100,33.384
1738262145.711896,1998191.000,49954,1,T1,1,100,33.485
1738262145.845901,1998325.000,49970,1,T1,1,100,33.494
1738262145.978906,1998458.000,49986,1,T1,1,100,33.462
1738262146.112911,1998592.000,50018,1,T1,1,100,33.483
1738262146.245916,1998725.000,50034,1,T1,1,100,33.564
1738262146.378921,1998858.000,50050,1,T1,1,100,33.492
1738262146.511926,1998991.000,50066,1,T1,1,100,33.461
1738262146.645931,1999125.000,50097,1,T1,1,100,33.483
1738262146.778936,1999258.000,50112,1,T1,1,100,33.422
1738262146.911941,1999391.000,50131,1,T1,1,100,33.395
1738262147.045946,1999525.000,50149,1,T1,1,100,33.490
1738262147.178951,1999658.000,50179,1,T1,1,100,33.531
1738262147.311956,1999791.000,50196,1,T1,1,100,33.443
1738262147.445961,1999925.000,50213,1,T1,1,100,33.475
1738262147.578966,2000058.000,50244,1,T1,1,100,33.525
1738262147.711972,2000191.000,50260,1,T1,1,100,33.475
1738262147.845977,2000325.000,50275,1,T1,1,100,33.418
1738262147.978982,2000458.000,50291,1,T1,1,100,33.429
1738262148.111987,2000591.000,50324,1,T1,1,100,33.505
1738262148.245992,2000725.000,50339,1,T1,1,100,33.538
1738262148.378997,2000858.000,50356,1,T1,1,100,33.587
1738262148.512002,2000991.000,50386,1,T1,1,100,33.538
1738262148.645007,2001124.000,50402,1,T1,1,100,33.587
1738262148.779012,2001258.000,50418,1,T1,1,100,33.431
1738262148.912017,2001391.000,50451,1,T1,1,100,33.399
1738262149.045022,2001524.000,50466,1,T1,1,100,33.456
1738262149.179027,2001658.000,50482,1,T1,1,100,33.446
1738262149.312032,2001791.000,50513,1,T1,1,100,33.477
1738262149.445037,2001924.000,50528,1,T1,1,100,33.454
1738262149.579042,2002058.000,50544,1,T1,1,100,33.480
1738262149.712047,2002191.000,50577,1,T1,1,100,33.562
1738262149.845052,2002324.000,50592,1,T1,1,100,33.492
1738262149.979058,2002458.000,50609,1,T1,1,100,33.496
1738262150.112063,2002591.000,50624,1,T1,1,100,33.463
1738262150.245068,2002724.000,50654,1,T1,1,100,33.484
1738262150.379073,2002858.000,50671,1,T1,1,100,33.422
1738262150.512078,2002991.000,50686,1,T1,1,100,33.360
1738262150.645083,2003124.000,50717,1,T1,1,100,33.475
1738262150.779088,2003258.000,50733,1,T1,1,100,33.454
1738262150.912093,2003391.000,50748,1,T1,1,100,33.374
1738262151.045098,2003524.000,50779,1,T1,1,100,33.410
1738262151.179103,2003658.000,50795,1,T1,1,100,33.532
1738262151.312108,2003791.000,50813,1,T1,1,100,33.514
1738262151.445113,2003924.000,50843,1,T1,1,100,33.471
1738262151.579118,2004058.000,50859,1,T1,1,100,33.452
1738262151.712123,2004191.000,50875,1,T1,1,100,33.550
1738262151.845128,2004324.000,50905,1,T1,1,100,33.522
1738262151.979133,2004458.000,50929,1,T1,1,100,33.509
1738262152.112139,2004591.000,50946,1,T1,1,100,33.575
1738262152.245144,2004724.000,50962,1,T1,1,100,33.568
1738262152.378149,2004857.000,50980,1,T1,1,100,33.565
1738262152.512154,2004991.000,51010,1,T1,1,100,33.493
1738262152.645159,2005124.000,51027,1,T1,1,100,33.426
1738262152.778164,2005257.000,51044,1,T1,1,100,33.503
1738262152.912169,2005391.000,51075,1,T1,1,100,33.466
1738262153.045174,2005524.000,51091,1,T1,1,100,33.414
1738262153.178179,2005657.000,51106,1,T1,1,100,33.463
1738262153.312184,2005791.000,51137,1,T1,1,100,33.413
1738262153.445189,2005924.000,51153,1,T1,1,100,33.321
1738262153.578194,2006057.000,51170,1,T1,1,100,33.387
1738262153.712199,2006191.000,51187,1,T1,1,100,33.487
1738262153.845204,2006324.000,51217,1,T1,1,100,33.423
1738262153.978209,2006457.000,51233,1,T1,1,100,33.396
1738262154.112214,2006591.000,51249,1,T1,1,100,33.455
1738262154.245219,2006724.000,51280,1,T1,1,100,33.481
1738262154.378225,2006857.000,51295,1,T1,1,100,33.385
1738262154.512230,2006991.000,51313,1,T1,1,100,33.450
1738262154.645235,2007124.000,51344,1,T1,1,100,33.479
1738262154.778240,2007257.000,51359,1,T1,1,100,33.420
1738262154.912245,2007391.000,51375,1,T1,1,100,33.536
1738262155.045250,2007524.000,51406,1,T1,1,100,33.516
1738262155.178255,2007657.000,51421,1,T1,1,100,33.507
1738262155.311260,2007790.000,51438,1,T1,1,100,33.574
1738262155.445265,2007924.000,51470,1,T1,1,100,33.532
1738262155.578270,2008057.000,51485,1,T1,1,100,33.585
1738262155.712275,2008191.000,51502,1,T1,1,100,33.572
1738262155.845280,2008324.000,51517,1,T1,1,100,33.567
1738262155.978285,2008457.000,51548,1,T1,1,100,33.458
1738262156.111290,2008590.000,51564,1,T1,1,100,33.411
1738262156.245295,2008724.000,51583,1,T1,1,100,33.532
1738262156.378300,2008857.000,51614,1,T1,1,100,33.372
1738262156.511305,2008990.000,51630,1,T1,1,100,33.409
1738262156.645311,2009124.000,51646,1,T1,1,100,33.461
1738262156.778316,2009257.000,51676,1,T1,1,100,33.448
1738262156.911321,2009390.000,51692,1,T1,1,100,33.442
1738262157.045326,2009524.000,51708,1,T1,1,100,33.475
1738262157.178331,2009657.000,51729,1,T1,1,100,33.454
1738262157.311336,2009790.000,51745,1,T1,1,100,33.551
1738262157.445341,2009924.000,51777,1,T1,1,100,33.522
1738262157.578346,2010057.000,51793,1,T1,1,100,33.474
1738262157.711351,2010190.000,51809,1,T1,1,100,33.489
1738262157.845356,2010324.000,51839,1,T1,1,100,33.531
1738262157.978361,2010457.000,51856,1,T1,1,100,33.513
1738262158.111366,2010590.000,51871,1,T1,1,100,33.470
1738262158.245371,2010724.000,51902,1,T1,1,100,33.487
1738262158.378376,2010857.000,51918,1,T1,1,100,33.565
1738262158.511381,2010990.000,51935,1,T1,1,100,33.599
1738262158.644386,2011123.000,51968,1,T1,1,100,33.507
1738262158.778391,2011257.000,51984,1,T1,1,100,33.503
1738262158.911397,2011390.000,51999,1,T1,1,100,33.466
1738262159.044402,2011523.000,52030,1,T1,1,100,33.521
1738262159.178407,2011657.000,52046,1,T1,1,100,33.474
1738262159.311412,2011790.000,52062,1,T1,1,100,33.524
1738262159.444417,2011923.000,52078,1,T1,1,100,33.510
1738262159.578422,2012057.000,52109,1,T1,1,100,33.469
1738262159.711427,2012190.000,52124,1,T1,1,100,33.416
1738262159.844432,2012323.000,52140,1,T1,1,100,33.499
1738262159.978437,2012457.000,52171,1,T1,1,100,33.500
1738262160.111442,2012590.000,52186,1,T1,1,100,33.429
1738262160.244447,2012723.000,52202,1,T1,1,100,33.469
1738262160.378452,2012857.000,52233,1,T1,1,100,33.487
1738262160.511457,2012990.000,52248,1,T1,1,100,33.459
1738262160.644462,2013123.000,52265,1,T1,1,100,33.447
1738262160.778467,2013257.000,52295,1,T1,1,100,33.371
1738262160.911472,2013390.000,52310,1,T1,1,100,33.444
1738262161.044477,2013523.000,52327,1,T1,1,100,33.405
1738262161.178483,2013657.000,52342,1,T1,1,100,33.459
1738262161.311488,2013790.000,52373,1,T1,1,100,33.518
1738262161.444493,2013923.000,52389,1,T1,1,100,33.508
1738262161.578498,2014057.000,52404,1,T1,1,100,33.432
1738262161.711503,2014190.000,52435,1,T1,1,100,33.435
1738262161.844508,2014323.000,52451,1,T1,1,100,33.401
1738262161.977513,2014456.000,52468,1,T1,1,100,33.422
1738262162.111518,2014590.000,52500,1,T1,1,100,33.360
1738262162.244523,2014723.000,52523,1,T1,1,100,33.404
1738262162.377528,2014856.000,52541,1,T1,1,100,33.423
1738262162.511533,2014990.000,52558,1,T1,1,100,33.396
1738262162.644538,2015123.000,52591,1,T1,1,100,33.455
1738262162.777543,2015256.000,52607,1,T1,1,100,33.480
1738262162.911548,2015390.000,52624,1,T1,1,100,33.492
1738262163.044553,2015523.000,52641,1,T1,1,100,33.496
1738262163.178558,2015657.000,52673,1,T1,1,100,33.463
1738262163.311563,2015790.000,52693,1,T1,1,100,33.484
1738262163.444569,2015923.000,52709,1,T1,1,100,33.458
1738262163.577574,2016056.000,52742,1,T1,1,100,33.482
1738262163.711579,2016190.000,52758,1,T1,1,100,33.457
1738262163.844584,2016323.000,52773,1,T1,1,100,33.552
1738262163.977589,2016456.000,52805,1,T1,1,100,33.558
1738262164.111594,2016590.000,52824,1,T1,1,100,33.525
1738262164.244599,2016723.000,52840,1,T1,1,100,33.546
1738262164.377604,2016856.000,52871,1,T1,1,100,33.591
1738262164.511609,2016990.000,52887,1,T1,1,100,33.575
1738262164.644614,2017123.000,52903,1,T1,1,100,33.568
1738262164.777619,2017256.000,52921,1,T1,1,100,33.529
1738262164.911624,2017390.000,52951,1,T1,1,100,33.442
1738262165.044629,2017523.000,52967,1,T1,1,100,33.475
1738262165.177634,2017656.000,52983,1,T1,1,100,33.454
1738262165.311639,2017790.000,53014,1,T1,1,100,33.444
1738262165.444644,2017923.000,53029,1,T1,1,100,33.476
1738262165.577650,2018056.000,53045,1,T1,1,100,33.525
1738262165.710654,2018189.000,53076,1,T1,1,100,33.546
1738262165.844660,2018323.000,53091,1,T1,1,100,33.449
1738262165.977665,2018456.000,53108,1,T1,1,100,33.478
1738262166.110670,2018589.000,53138,1,T1,1,100,33.420
1738262166.244675,2018723.000,53153,1,T1,1,100,33.430
1738262166.377680,2018856.000,53170,1,T1,1,100,33.576
1738262166.511685,2018990.000,53200,1,T1,1,100,33.533
1738262166.644690,2019123.000,53216,1,T1,1,100,33.550
1738262166.777695,2019256.000,53232,1,T1,1,100,33.415
1738262166.910700,2019389.000,53247,1,T1,1,100,33.463
1738262167.044705,2019523.000,53278,1,T1,1,100,33.484
1738262167.177710,2019656.000,53294,1,T1,1,100,33.493
1738262167.310715,2019789.000,53310,1,T1,1,100,33.355
1738262167.444720,2019923.000,53331,1,T1,1,100,33.473
