LocalTimestamp,EmotiBitTimestamp,PacketNumber,DataLength,TypeTag,ProtocolVersion,DataReliability,T1
1738263926.873237,174805.000,25286,1,T1,1,100,30.144
1738263927.006242,174938.000,25303,1,T1,1,100,30.062
1738263927.140248,175072.000,25319,1,T1,1,100,30.098
1738263927.273253,175205.000,25356,1,T1,1,100,30.184
1738263927.406258,175338.000,25373,1,T1,1,100,30.115
1738263927.539263,175471.000,25390,1,T1,1,100,30.085
1738263927.673269,175605.000,25422,1,T1,1,100,30.143
1738263927.806274,175738.000,25439,1,T1,1,100,30.133
1738263927.939279,175871.000,25456,1,T1,1,100,30.022
1738263928.073285,176005.000,25473,1,T1,1,100,30.010
1738263928.206290,176138.000,25506,1,T1,1,100,30.040
1738263928.339295,176271.000,25522,1,T1,1,100,30.088
1738263928.473301,176405.000,25539,1,T1,1,100,30.074
1738263928.606306,176538.000,25572,1,T1,1,100,30.067
1738263928.739311,176671.000,25588,1,T1,1,100,30.065
1738263928.873317,176805.000,25606,1,T1,1,100,30.205
1738263929.006322,176938.000,25638,1,T1,1,100,30.231
1738263929.139327,177071.000,25654,1,T1,1,100,30.171
1738263929.273333,177205.000,25672,1,T1,1,100,30.180
1738263929.406338,177338.000,25691,1,T1,1,100,30.078
1738263929.539343,177471.000,25724,1,T1,1,100,30.176
1738263929.673349,177605.000,25741,1,T1,1,100,30.147
1738263929.806354,177738.000,25757,1,T1,1,100,30.134
1738263929.939359,177871.000,25790,1,T1,1,100,30.165
1738263930.073364,178005.000,25807,1,T1,1,100,30.107
1738263930.206370,178138.000,25824,1,T1,1,100,30.082
1738263930.339375,178271.000,25841,1,T1,1,100,30.071
1738263930.473381,178405.000,25874,1,T1,1,100,30.066
1738263930.606386,178538.000,25890,1,T1,1,100,30.170
1738263930.739391,178671.000,25907,1,T1,1,100,30.145
1738263930.872396,178804.000,25940,1,T1,1,100,30.063
1738263931.006402,178938.000,25956,1,T1,1,100,30.063
1738263931.139407,179071.000,25973,1,T1,1,100,30.098
1738263931.272413,179204.000,26006,1,T1,1,100,30.149
1738263931.406418,179338.000,26022,1,T1,1,100,30.064
1738263931.539423,179471.000,26040,1,T1,1,100,29.886
1738263931.672428,179604.000,26072,1,T1,1,100,29.951
1738263931.806434,179738.000,26088,1,T1,1,100,30.050
1738263931.939439,179871.000,26106,1,T1,1,100,30.199
1738263932.072444,180004.000,26138,1,T1,1,100,30.192
1738263932.206450,180138.000,26155,1,T1,1,100,30.154
1738263932.339455,180271.000,26174,1,T1,1,100,30.067
1738263932.472460,180404.000,26190,1,T1,1,100,30.135
1738263932.606466,180538.000,26225,1,T1,1,100,30.129
1738263932.739471,180671.000,26242,1,T1,1,100,30.162
1738263932.872476,180804.000,26258,1,T1,1,100,30.070
1738263933.006482,180938.000,26291,1,T1,1,100,30.101
1738263933.139487,181071.000,26308,1,T1,1,100,30.008
1738263933.272492,181204.000,26325,1,T1,1,100,30.039
1738263933.406498,181338.000,26359,1,T1,1,100,30.159
1738263933.539503,181471.000,26377,1,T1,1,100,30.104
1738263933.672508,181604.000,26393,1,T1,1,100,30.151
1738263933.805514,181737.000,26426,1,T1,1,100,30.207
1738263933.939519,181871.000,26443,1,T1,1,100,30.125
1738263934.072524,182004.000,26459,1,T1,1,100,30.161
1738263934.206530,182138.000,26492,1,T1,1,100,30.247
1738263934.339535,182271.000,26509,1,T1,1,100,30.213
1738263934.472540,182404.000,26532,1,T1,1,100,30.270
1738263934.605546,182537.000,26565,1,T1,1,100,30.258
1738263934.739551,182671.000,26582,1,T1,1,100,30.218
1738263934.872556,182804.000,26599,1,T1,1,100,30.094
1738263935.005561,182937.000,26616,1,T1,1,100,30.218
1738263935.139567,183071.000,26648,1,T1,1,100,30.201
1738263935.272572,183204.000,26665,1,T1,1,100,30.087
1738263935.405577,183337.000,26682,1,T1,1,100,30.108
1738263935.539583,183471.000,26715,1,T1,1,100,30.153
1738263935.672588,183604.000,26731,1,T1,1,100,30.137
1738263935.805593,183737.000,26748,1,T1,1,100,30.095
1738263935.939599,183871.000,26781,1,T1,1,100,30.183
1738263936.072604,184004.000,26797,1,T1,1,100,30.079
1738263936.205609,184137.000,26815,1,T1,1,100,30.141
1738263936.339615,184271.000,26847,1,T1,1,100,30.096
1738263936.472620,184404.000,26863,1,T1,1,100,30.219
1738263936.605625,184537.000,26881,1,T1,1,100,30.201
1738263936.739631,184671.000,26913,1,T1,1,100,30.229
1738263936.872636,184804.000,26930,1,T1,1,100,30.241
1738263937.005641,184937.000,26947,1,T1,1,100,30.175
1738263937.139647,185071.000,26963,1,T1,1,100,30.182
1738263937.272652,185204.000,26998,1,T1,1,100,30.150
1738263937.405657,185337.000,27015,1,T1,1,100,30.207
1738263937.538663,185470.000,27031,1,T1,1,100,30.160
1738263937.672668,185604.000,27064,1,T1,1,100,30.176
1738263937.805673,185737.000,27081,1,T1,1,100,30.289
1738263937.938679,185870.000,27098,1,T1,1,100,30.231
1738263938.072684,186004.000,27130,1,T1,1,100,30.206
1738263938.205689,186137.000,27148,1,T1,1,100,30.160
1738263938.338695,186270.000,27164,1,T1,1,100,30.318
1738263938.472700,186404.000,27197,1,T1,1,100,30.315
1738263938.605705,186537.000,27214,1,T1,1,100,30.278
1738263938.738710,186670.000,27230,1,T1,1,100,30.368
1738263938.872716,186804.000,27263,1,T1,1,100,30.301
1738263939.005721,186937.000,27280,1,T1,1,100,30.237
1738263939.138726,187070.000,27296,1,T1,1,100,30.102
1738263939.272732,187204.000,27314,1,T1,1,100,30.186
1738263939.405737,187337.000,27346,1,T1,1,100,30.293
1738263939.538743,187470.000,27368,1,T1,1,100,30.304
1738263939.672748,187604.000,27385,1,T1,1,100,30.203
1738263939.805753,187737.000,27418,1,T1,1,100,30.194
1738263939.938758,187870.000,27434,1,T1,1,100,30.226
1738263940.072764,188004.000,27451,1,T1,1,100,30.275
1738263940.205769,188137.000,27484,1,T1,1,100,30.296
1738263940.338774,188270.000,27500,1,T1,1,100,30.305
1738263940.472780,188404.000,27517,1,T1,1,100,30.416
1738263940.605785,188537.000,27550,1,T1,1,100,30.357
1738263940.738790,188670.000,27568,1,T1,1,100,30.261
1738263940.871796,188803.000,27586,1,T1,1,100,30.255
1738263941.005801,188937.000,27618,1,T1,1,100,30.323
1738263941.138806,189070.000,27634,1,T1,1,100,30.282
1738263941.271812,189203.000,27652,1,T1,1,100,30.299
1738263941.405817,189337.000,27684,1,T1,1,100,30.236
1738263941.538822,189470.000,27701,1,T1,1,100,30.208
1738263941.671828,189603.000,27720,1,T1,1,100,30.197
1738263941.805833,189737.000,27736,1,T1,1,100,30.262
1738263941.938838,189870.000,27769,1,T1,1,100,30.326
1738263942.071844,190003.000,27786,1,T1,1,100,30.283
1738263942.205849,190137.000,27803,1,T1,1,100,30.371
1738263942.338854,190270.000,27837,1,T1,1,100,30.267
1738263942.471859,190403.000,27854,1,T1,1,100,30.293
1738263942.605865,190537.000,27871,1,T1,1,100,30.304
1738263942.738870,190670.000,27903,1,T1,1,100,30.273
1738263942.871876,190803.000,27921,1,T1,1,100,30.260
1738263943.005881,190937.000,27939,1,T1,1,100,30.254
1738263943.138886,191070.000,27972,1,T1,1,100,30.287
1738263943.271891,191203.000,27989,1,T1,1,100,30.231
1738263943.405897,191337.000,28005,1,T1,1,100,30.313
1738263943.538902,191470.000,28038,1,T1,1,100,30.383
1738263943.671907,191603.000,28055,1,T1,1,100,30.450
1738263943.805913,191737.000,28071,1,T1,1,100,30.301
1738263943.938918,191870.000,28089,1,T1,1,100,30.272
1738263944.071923,192003.000,28121,1,T1,1,100,30.260
1738263944.204929,192136.000,28138,1,T1,1,100,30.290
1738263944.338934,192270.000,28155,1,T1,1,100,30.373
1738263944.471939,192403.000,28190,1,T1,1,100,30.339
1738263944.604945,192536.000,28206,1,T1,1,100,30.253
1738263944.738950,192670.000,28226,1,T1,1,100,30.287
1738263944.871955,192803.000,28243,1,T1,1,100,30.408
1738263945.004961,192936.000,28275,1,T1,1,100,30.354
1738263945.138966,193070.000,28292,1,T1,1,100,30.330
1738263945.271971,193203.000,28309,1,T1,1,100,30.356
1738263945.404977,193336.000,28326,1,T1,1,100,30.260
1738263945.538982,193470.000,28359,1,T1,1,100,30.290
1738263945.671987,193603.000,28375,1,T1,1,100,30.338
1738263945.805993,193737.000,28392,1,T1,1,100,30.359
1738263945.938998,193870.000,28427,1,T1,1,100,30.404
1738263946.072003,194003.000,28443,1,T1,1,100,30.352
1738263946.205009,194136.000,28461,1,T1,1,100,30.330
1738263946.339014,194270.000,28493,1,T1,1,100,30.284
1738263946.472019,194403.000,28509,1,T1,1,100,30.336
1738263946.605025,194536.000,28527,1,T1,1,100,30.393
1738263946.739030,194670.000,28559,1,T1,1,100,30.312
1738263946.872035,194803.000,28576,1,T1,1,100,30.312
1738263947.005040,194936.000,28593,1,T1,1,100,30.277
1738263947.139046,195070.000,28626,1,T1,1,100,30.368
1738263947.272051,195203.000,28644,1,T1,1,100,30.372
1738263947.405056,195336.000,28661,1,T1,1,100,30.445
1738263947.538062,195469.000,28677,1,T1,1,100,30.334
1738263947.672067,195603.000,28710,1,T1,1,100,30.357
1738263947.805072,195736.000,28727,1,T1,1,100,30.403
1738263947.938078,195869.000,28744,1,T1,1,100,30.422
1738263948.072083,196003.000,28776,1,T1,1,100,30.360
1738263948.205088,196136.000,28794,1,T1,1,100,30.369
1738263948.338094,196269.000,28810,1,T1,1,100,30.372
1738263948.472099,196403.000,28843,1,T1,1,100,30.374
1738263948.605104,196536.000,28860,1,T1,1,100,30.374
1738263948.738110,196669.000,28876,1,T1,1,100,30.446
1738263948.872115,196803.000,28909,1,T1,1,100,30.476
1738263949.005120,196936.000,28926,1,T1,1,100,30.348
1738263949.138126,197069.000,28942,1,T1,1,100,30.399
1738263949.272131,197203.000,28975,1,T1,1,100,30.492
1738263949.405136,197336.000,28992,1,T1,1,100,30.532
1738263949.538141,197469.000,29009,1,T1,1,100,30.407
1738263949.672147,197603.000,29026,1,T1,1,100,30.424
1738263949.805152,197736.000,29064,1,T1,1,100,30.361
1738263949.938158,197869.000,29080,1,T1,1,100,30.369
1738263950.072163,198003.000,29097,1,T1,1,100,30.372
1738263950.205168,198136.000,29114,1,T1,1,100,30.374
1738263950.338174,198269.000,29146,1,T1,1,100,30.375
1738263950.472179,198403.000,29163,1,T1,1,100,30.375
1738263950.605184,198536.000,29180,1,T1,1,100,30.375
1738263950.738189,198669.000,29212,1,T1,1,100,30.517
1738263950.871195,198802.000,29230,1,T1,1,100,30.507
1738263951.005200,198936.000,29246,1,T1,1,100,30.397
1738263951.138206,199069.000,29263,1,T1,1,100,30.314
1738263951.271211,199202.000,29296,1,T1,1,100,30.419
1738263951.405216,199336.000,29312,1,T1,1,100,30.359
1738263951.538221,199469.000,29330,1,T1,1,100,30.332
1738263951.672227,199603.000,29362,1,T1,1,100,30.392
1738263951.805232,199736.000,29378,1,T1,1,100,30.453
1738263951.938237,199869.000,29396,1,T1,1,100,30.409
1738263952.071243,200002.000,29428,1,T1,1,100,30.354
1738263952.205248,200136.000,29445,1,T1,1,100,30.331
1738263952.338253,200269.000,29464,1,T1,1,100,30.462
1738263952.471259,200402.000,29497,1,T1,1,100,30.555
1738263952.605264,200536.000,29513,1,T1,1,100,30.453
1738263952.738269,200669.000,29530,1,T1,1,100,30.409
1738263952.871275,200802.000,29563,1,T1,1,100,30.390
1738263953.005280,200936.000,29579,1,T1,1,100,30.452
1738263953.138285,201069.000,29596,1,T1,1,100,30.302
1738263953.271291,201202.000,29613,1,T1,1,100,30.308
1738263953.405296,201336.000,29645,1,T1,1,100,30.417
1738263953.538301,201469.000,29663,1,T1,1,100,30.500
1738263953.671307,201602.000,29679,1,T1,1,100,30.429
1738263953.804312,201735.000,29714,1,T1,1,100,30.469
1738263953.938317,201869.000,29731,1,T1,1,100,30.345
1738263954.071323,202002.000,29747,1,T1,1,100,30.397
1738263954.204328,202135.000,29780,1,T1,1,100,30.491
1738263954.338333,202269.000,29797,1,T1,1,100,30.425
1738263954.471339,202402.000,29813,1,T1,1,100,30.397
1738263954.604344,202535.000,29846,1,T1,1,100,30.384
1738263954.738349,202669.000,29863,1,T1,1,100,30.379
1738263954.871355,202802.000,29880,1,T1,1,100,30.412
1738263955.004360,202935.000,29902,1,T1,1,100,30.533
1738263955.138365,203069.000,29920,1,T1,1,100,30.443
1738263955.271370,203202.000,29938,1,T1,1,100,30.440
1738263955.404376,203335.000,29970,1,T1,1,100,30.368
1738263955.538381,203469.000,29987,1,T1,1,100,30.336
1738263955.671386,203602.000,30004,1,T1,1,100,30.394
1738263955.804392,203735.000,30037,1,T1,1,100,30.348
1738263955.938397,203869.000,30053,1,T1,1,100,30.505
1738263956.071402,204002.000,30070,1,T1,1,100,30.502
1738263956.204408,204135.000,30103,1,T1,1,100,30.465
1738263956.338413,204269.000,30119,1,T1,1,100,30.379
1738263956.471418,204402.000,30136,1,T1,1,100,30.483
1738263956.604424,204535.000,30169,1,T1,1,100,30.493
1738263956.738429,204669.000,30185,1,T1,1,100,30.497
1738263956.871434,204802.000,30203,1,T1,1,100,30.463
1738263957.004440,204935.000,30235,1,T1,1,100,30.484
1738263957.138445,205069.000,30251,1,T1,1,100,30.529
1738263957.271450,205202.000,30271,1,T1,1,100,30.441
1738263957.404456,205335.000,30289,1,T1,1,100,30.368
1738263957.538461,205469.000,30322,1,T1,1,100,30.372
1738263957.671466,205602.000,30339,1,T1,1,100,30.516
1738263957.804471,205735.000,30355,1,T1,1,100,30.542
1738263957.938477,205869.000,30388,1,T1,1,100,30.518
1738263958.071482,206002.000,30405,1,T1,1,100,30.543
1738263958.204488,206135.000,30422,1,T1,1,100,30.554
1738263958.337493,206268.000,30454,1,T1,1,100,30.559
1738263958.471498,206402.000,30471,1,T1,1,100,30.561
1738263958.604504,206535.000,30488,1,T1,1,100,30.455
1738263958.737509,206668.000,30520,1,T1,1,100,30.410
1738263958.871514,206802.000,30538,1,T1,1,100,30.426
1738263959.004519,206935.000,30554,1,T1,1,100,30.432
1738263959.137525,207068.000,30587,1,T1,1,100,30.542
1738263959.271530,207202.000,30604,1,T1,1,100,30.447
1738263959.404536,207335.000,30622,1,T1,1,100,30.406
1738263959.537541,207468.000,30639,1,T1,1,100,30.530
1738263959.671546,207602.000,30672,1,T1,1,100,30.549
1738263959.804551,207735.000,30688,1,T1,1,100,30.486
1738263959.937557,207868.000,30706,1,T1,1,100,30.494
1738263960.071562,208002.000,30745,1,T1,1,100,30.639
1738263960.204567,208135.000,30762,1,T1,1,100,30.560
1738263960.337573,208268.000,30779,1,T1,1,100,30.526
1738263960.471578,208402.000,30812,1,T1,1,100,30.582
1738263960.604583,208535.000,30830,1,T1,1,100,30.500
1738263960.737589,208668.000,30847,1,T1,1,100,30.465
1738263960.871594,208802.000,30880,1,T1,1,100,30.449
1738263961.004599,208935.000,30896,1,T1,1,100,30.549
1738263961.137605,209068.000,30913,1,T1,1,100,30.592
1738263961.270610,209201.000,30946,1,T1,1,100,30.682
1738263961.404615,209335.000,30962,1,T1,1,100,30.579
1738263961.537621,209468.000,30980,1,T1,1,100,30.463
1738263961.670626,209601.000,30996,1,T1,1,100,30.519
1738263961.804631,209735.000,31030,1,T1,1,100,30.544
1738263961.937637,209868.000,31048,1,T1,1,100,30.484
1738263962.070642,210001.000,31064,1,T1,1,100,30.564
1738263962.204647,210135.000,31099,1,T1,1,100,30.457
1738263962.337652,210268.000,31116,1,T1,1,100,30.517
1738263962.470658,210401.000,31132,1,T1,1,100,30.507
1738263962.604663,210535.000,31165,1,T1,1,100,30.539
1738263962.737669,210668.000,31182,1,T1,1,100,30.517
1738263962.870674,210801.000,31199,1,T1,1,100,30.543
1738263963.004679,210935.000,31233,1,T1,1,100,30.518
1738263963.137685,211068.000,31250,1,T1,1,100,30.508
1738263963.270690,211201.000,31267,1,T1,1,100,30.468
1738263963.404695,211335.000,31299,1,T1,1,100,30.451
1738263963.537700,211468.000,31317,1,T1,1,100,30.585
1738263963.670706,211601.000,31333,1,T1,1,100,30.643
1738263963.804711,211735.000,31368,1,T1,1,100,30.562
1738263963.937716,211868.000,31385,1,T1,1,100,30.527
1738263964.070722,212001.000,31401,1,T1,1,100,30.583
1738263964.203727,212134.000,31418,1,T1,1,100,30.571
1738263964.337732,212268.000,31451,1,T1,1,100,30.531
1738263964.470738,212401.000,31467,1,T1,1,100,30.584
1738263964.603743,212534.000,31487,1,T1,1,100,30.501
1738263964.737748,212668.000,31519,1,T1,1,100,30.571
1738263964.870754,212801.000,31536,1,T1,1,100,30.566
1738263965.003759,212934.000,31553,1,T1,1,100,30.564
1738263965.137764,213068.000,31591,1,T1,1,100,30.528
1738263965.270770,213201.000,31607,1,T1,1,100,30.441
1738263965.403775,213334.000,31624,1,T1,1,100,30.616
1738263965.537780,213468.000,31657,1,T1,1,100,30.586
1738263965.670786,213601.000,31673,1,T1,1,100,30.466
1738263965.803791,213734.000,31690,1,T1,1,100,30.592
1738263965.937796,213868.000,31723,1,T1,1,100,30.682
1738263966.070801,214001.000,31741,1,T1,1,100,30.614
1738263966.203807,214134.000,31759,1,T1,1,100,30.549
1738263966.337812,214268.000,31775,1,T1,1,100,30.592
1738263966.470818,214401.000,31808,1,T1,1,100,30.540
1738263966.603823,214534.000,31825,1,T1,1,100,30.482
1738263966.737828,214668.000,31841,1,T1,1,100,30.528
1738263966.870833,214801.000,31874,1,T1,1,100,30.583
1738263967.003839,214934.000,31891,1,T1,1,100,30.500
1738263967.137844,215068.000,31907,1,T1,1,100,30.607
1738263967.270849,215201.000,31942,1,T1,1,100,30.511
1738263967.403855,215334.000,31959,1,T1,1,100,30.469
1738263967.536860,215467.000,31976,1,T1,1,100,30.522
1738263967.670866,215601.000,32008,1,T1,1,100,30.545
1738263967.803871,215734.000,32025,1,T1,1,100,30.590
1738263967.936876,215867.000,32042,1,T1,1,100,30.645
1738263968.070881,216001.000,32074,1,T1,1,100,30.598
1738263968.203887,216134.000,32092,1,T1,1,100,30.649
1738263968.336892,216267.000,32108,1,T1,1,100,30.742
1738263968.470897,216401.000,32125,1,T1,1,100,30.676
1738263968.603903,216534.000,32158,1,T1,1,100,30.576
1738263968.736908,216667.000,32174,1,T1,1,100,30.675
1738263968.870913,216801.000,32192,1,T1,1,100,30.469
1738263969.003919,216934.000,32224,1,T1,1,100,30.522
1738263969.136924,217067.000,32240,1,T1,1,100,30.474
1738263969.270929,217201.000,32258,1,T1,1,100,30.489
1738263969.403935,217334.000,32290,1,T1,1,100,30.602
1738263969.537940,217468.000,32307,1,T1,1,100,30.544
1738263969.670945,217601.000,32324,1,T1,1,100,30.590
1738263969.803951,217734.000,32359,1,T1,1,100,30.574
1738263969.936956,217867.000,32375,1,T1,1,100,30.674
1738263970.070961,218001.000,32392,1,T1,1,100,30.717
1738263970.203967,218134.000,32430,1,T1,1,100,30.594
1738263970.336972,218267.000,32446,1,T1,1,100,30.612
1738263970.470977,218401.000,32463,1,T1,1,100,30.690
1738263970.603982,218534.000,32480,1,T1,1,100,30.618
1738263970.736988,218667.000,32512,1,T1,1,100,30.551
1738263970.870993,218801.000,32530,1,T1,1,100,30.628
1738263971.003999,218934.000,32546,1,T1,1,100,30.485
1738263971.137004,219067.000,32563,1,T1,1,100,30.635
1738263971.271009,219201.000,32596,1,T1,1,100,30.629
1738263971.404015,219334.000,32612,1,T1,1,100,30.591
1738263971.537020,219467.000,32630,1,T1,1,100,30.504
1738263971.670025,219600.000,32664,1,T1,1,100,30.573
1738263971.804030,219734.000,32680,1,T1,1,100,30.567
1738263971.937036,219867.000,32698,1,T1,1,100,30.529
1738263972.070041,220000.000,32730,1,T1,1,100,30.583
1738263972.204046,220134.000,32747,1,T1,1,100,30.536
1738263972.337052,220267.000,32766,1,T1,1,100,30.587
1738263972.470057,220400.000,32799,1,T1,1,100,30.644
1738263972.604062,220534.000,32815,1,T1,1,100,30.598
1738263972.737068,220667.000,32832,1,T1,1,100,30.542
1738263972.870073,220800.000,32865,1,T1,1,100,30.589
1738263973.004078,220934.000,32883,1,T1,1,100,30.680
1738263973.137084,221067.000,32900,1,T1,1,100,30.614
1738263973.270089,221200.000,32933,1,T1,1,100,30.585
1738263973.404094,221334.000,32949,1,T1,1,100,30.608
1738263973.537100,221467.000,32967,1,T1,1,100,30.688
1738263973.670105,221600.000,32983,1,T1,1,100,30.652
1738263973.804110,221734.000,33015,1,T1,1,100,30.637
1738263973.937116,221867.000,33033,1,T1,1,100,30.701
1738263974.070121,222000.000,33049,1,T1,1,100,30.658
1738263974.204126,222134.000,33082,1,T1,1,100,30.639
1738263974.337132,222267.000,33101,1,T1,1,100,30.667
1738263974.470137,222400.000,33117,1,T1,1,100,30.572
1738263974.603142,222533.000,33150,1,T1,1,100,30.638
1738263974.737148,222667.000,33167,1,T1,1,100,30.630
1738263974.870153,222800.000,33184,1,T1,1,100,30.627
1738263975.003158,222933.000,33216,1,T1,1,100,30.626
1738263975.137163,223067.000,33233,1,T1,1,100,30.625
1738263975.270169,223200.000,33250,1,T1,1,100,30.625
1738263975.403174,223333.000,33267,1,T1,1,100,30.625
1738263975.537179,223467.000,33290,1,T1,1,100,30.590
1738263975.670185,223600.000,33322,1,T1,1,100,30.574
1738263975.803190,223733.000,33338,1,T1,1,100,30.532
1738263975.937196,223867.000,33356,1,T1,1,100,30.620
1738263976.070201,224000.000,33388,1,T1,1,100,30.587
1738263976.203206,224133.000,33405,1,T1,1,100,30.538
1738263976.337211,224267.000,33424,1,T1,1,100,30.552
1738263976.470217,224400.000,33457,1,T1,1,100,30.664
1738263976.603222,224533.000,33473,1,T1,1,100,30.607
1738263976.737227,224667.000,33490,1,T1,1,100,30.546
1738263976.870233,224800.000,33506,1,T1,1,100,30.591
1738263977.003238,224933.000,33539,1,T1,1,100,30.610
1738263977.137243,225067.000,33556,1,T1,1,100,30.725
1738263977.270249,225200.000,33575,1,T1,1,100,30.633
1738263977.403254,225333.000,33607,1,T1,1,100,30.593
1738263977.537259,225467.000,33625,1,T1,1,100,30.576
1738263977.670265,225600.000,33641,1,T1,1,100,30.675
1738263977.803270,225733.000,33674,1,T1,1,100,30.717
1738263977.936275,225866.000,33691,1,T1,1,100,30.665
1738263978.070281,226000.000,33707,1,T1,1,100,30.607
1738263978.203286,226133.000,33740,1,T1,1,100,30.688
1738263978.336291,226266.000,33757,1,T1,1,100,30.652
1738263978.470297,226400.000,33773,1,T1,1,100,30.637
1738263978.603302,226533.000,33806,1,T1,1,100,30.666
1738263978.737307,226667.000,33823,1,T1,1,100,30.643
1738263978.870312,226800.000,33840,1,T1,1,100,30.704
1738263979.003318,226933.000,33872,1,T1,1,100,30.588
1738263979.136323,227066.000,33889,1,T1,1,100,30.538
1738263979.270329,227200.000,33906,1,T1,1,100,30.481
1738263979.403334,227333.000,33923,1,T1,1,100,30.634
1738263979.536339,227466.000,33956,1,T1,1,100,30.593
1738263979.670344,227600.000,33972,1,T1,1,100,30.469
1738263979.803350,227733.000,33989,1,T1,1,100,30.558
1738263979.936355,227866.000,34022,1,T1,1,100,30.702
1738263980.070360,228000.000,34038,1,T1,1,100,30.658
1738263980.203366,228133.000,34056,1,T1,1,100,30.639
1738263980.336371,228266.000,34088,1,T1,1,100,30.667
1738263980.470376,228400.000,34104,1,T1,1,100,30.643
1738263980.603382,228533.000,34127,1,T1,1,100,30.739
1738263980.736387,228666.000,34143,1,T1,1,100,30.639
1738263980.869392,228799.000,34161,1,T1,1,100,30.702
1738263981.003398,228933.000,34193,1,T1,1,100,30.587
1738263981.136403,229066.000,34209,1,T1,1,100,30.644
1738263981.269408,229199.000,34227,1,T1,1,100,30.669
1738263981.403414,229333.000,34259,1,T1,1,100,30.644
1738263981.536419,229466.000,34276,1,T1,1,100,30.775
1738263981.669424,229599.000,34293,1,T1,1,100,30.690
1738263981.803430,229733.000,34326,1,T1,1,100,30.618
1738263981.936435,229866.000,34342,1,T1,1,100,30.657
1738263982.069440,229999.000,34359,1,T1,1,100,30.674
1738263982.203446,230133.000,34375,1,T1,1,100,30.717
1738263982.336451,230266.000,34410,1,T1,1,100,30.807
1738263982.469456,230399.000,34427,1,T1,1,100,30.775
1738263982.603462,230533.000,34446,1,T1,1,100,30.725
1738263982.736467,230666.000,34478,1,T1,1,100,30.633
1738263982.869472,230799.000,34496,1,T1,1,100,30.699
1738263983.003478,230933.000,34512,1,T1,1,100,30.728
1738263983.136483,231066.000,34545,1,T1,1,100,30.705
1738263983.269488,231199.000,34564,1,T1,1,100,30.695
1738263983.403493,231333.000,34580,1,T1,1,100,30.762
1738263983.536499,231466.000,34613,1,T1,1,100,30.720
1738263983.669504,231599.000,34632,1,T1,1,100,30.701
1738263983.803509,231733.000,34648,1,T1,1,100,30.729
1738263983.936515,231866.000,34681,1,T1,1,100,30.741
1738263984.069520,231999.000,34698,1,T1,1,100,30.746
1738263984.202525,232132.000,34715,1,T1,1,100,30.819
1738263984.336531,232266.000,34732,1,T1,1,100,30.709
1738263984.469536,232399.000,34766,1,T1,1,100,30.697
1738263984.602541,232532.000,34783,1,T1,1,100,30.798
1738263984.736547,232666.000,34800,1,T1,1,100,30.771
1738263984.869552,232799.000,34833,1,T1,1,100,30.724
1738263985.002557,232932.000,34849,1,T1,1,100,30.703
1738263985.136563,233066.000,34866,1,T1,1,100,30.588
1738263985.269568,233199.000,34899,1,T1,1,100,30.609
1738263985.402573,233332.000,34915,1,T1,1,100,30.618
1738263985.536579,233466.000,34935,1,T1,1,100,30.764
1738263985.669584,233599.000,34972,2,T1,1,100,30.685
1738263985.802589,233732.000,34972,2,T1,1,100,30.757
1738263985.936594,233866.000,35005,1,T1,1,100,30.789
1738263986.069600,233999.000,35021,1,T1,1,100,30.767
1738263986.202605,234132.000,35039,1,T1,1,100,30.651
1738263986.336611,234266.000,35071,1,T1,1,100,30.707
1738263986.469616,234399.000,35087,1,T1,1,100,30.731
1738263986.602621,234532.000,35105,1,T1,1,100,30.636
1738263986.736627,234666.000,35137,1,T1,1,100,30.630
1738263986.869632,234799.000,35156,1,T1,1,100,30.592
1738263987.002637,234932.000,35173,1,T1,1,100,30.681
1738263987.135643,235065.000,35206,1,T1,1,100,30.720
1738263987.269648,235199.000,35226,1,T1,1,100,30.737
1738263987.402653,235332.000,35243,1,T1,1,100,30.744
1738263987.536659,235466.000,35276,1,T1,1,100,30.748
1738263987.669664,235599.000,35292,1,T1,1,100,30.784
1738263987.802669,235732.000,35311,1,T1,1,100,30.765
1738263987.935674,235865.000,35328,1,T1,1,100,30.650
1738263988.069680,235999.000,35360,1,T1,1,100,30.636
1738263988.202685,236132.000,35380,1,T1,1,100,30.772
1738263988.335690,236265.000,35396,1,T1,1,100,30.830
1738263988.469696,236399.000,35429,1,T1,1,100,30.856
1738263988.602701,236532.000,35446,1,T1,1,100,30.796
1738263988.735706,236665.000,35462,1,T1,1,100,30.734
1738263988.869712,236799.000,35495,1,T1,1,100,30.743
1738263989.002717,236932.000,35512,1,T1,1,100,30.676
1738263989.135722,237065.000,35528,1,T1,1,100,30.647
1738263989.269728,237199.000,35563,1,T1,1,100,30.705
1738263989.402733,237332.000,35580,1,T1,1,100,30.766
1738263989.535738,237465.000,35597,1,T1,1,100,30.686
1738263989.669744,237599.000,35629,1,T1,1,100,30.687
1738263989.802749,237732.000,35646,1,T1,1,100,30.723
1738263989.935754,237865.000,35663,1,T1,1,100,30.774
1738263990.069760,237999.000,35682,1,T1,1,100,30.796
1738263990.202765,238132.000,35715,1,T1,1,100,30.805
1738263990.335770,238265.000,35731,1,T1,1,100,30.703
1738263990.469776,238399.000,35748,1,T1,1,100,30.765
1738263990.602781,238532.000,35781,1,T1,1,100,30.827
1738263990.735786,238665.000,35797,1,T1,1,100,30.854
1738263990.868792,238798.000,35818,1,T1,1,100,30.795
1738263991.002797,238932.000,35836,1,T1,1,100,30.734
1738263991.135802,239065.000,35853,1,T1,1,100,30.743
1738263991.268807,239198.000,35886,1,T1,1,100,30.853
1738263991.402813,239332.000,35902,1,T1,1,100,30.795
1738263991.535818,239465.000,35920,1,T1,1,100,30.769
1738263991.668823,239598.000,35954,1,T1,1,100,30.829
1738263991.802829,239732.000,35970,1,T1,1,100,30.820
1738263991.935834,239865.000,35988,1,T1,1,100,30.709
1738263992.068839,239998.000,36020,1,T1,1,100,30.697
1738263992.202845,240132.000,36037,1,T1,1,100,30.692
1738263992.335850,240265.000,36056,1,T1,1,100,30.654
1738263992.468855,240398.000,36072,1,T1,1,100,30.708
1738263992.602861,240532.000,36105,1,T1,1,100,30.732
1738263992.735866,240665.000,36122,1,T1,1,100,30.742
1738263992.868871,240798.000,36139,1,T1,1,100,30.782
1738263993.002877,240932.000,36171,1,T1,1,100,30.728
1738263993.135882,241065.000,36188,1,T1,1,100,30.741
1738263993.268887,241198.000,36205,1,T1,1,100,30.746
1738263993.402893,241332.000,36237,1,T1,1,100,30.784
1738263993.535898,241465.000,36255,1,T1,1,100,30.800
1738263993.668903,241598.000,36271,1,T1,1,100,30.736
1738263993.802909,241732.000,36304,1,T1,1,100,30.815
1738263993.935914,241865.000,36321,1,T1,1,100,30.849
1738263994.068919,241998.000,36337,1,T1,1,100,30.899
1738263994.202924,242132.000,36356,1,T1,1,100,30.885
1738263994.335930,242265.000,36389,1,T1,1,100,30.844
1738263994.468935,242398.000,36405,1,T1,1,100,30.791
1738263994.601941,242531.000,36423,1,T1,1,100,30.768
1738263994.735946,242665.000,36455,1,T1,1,100,30.829
1738263994.868951,242798.000,36472,1,T1,1,100,30.819
1738263995.002957,242932.000,36489,1,T1,1,100,30.709
1738263995.135962,243065.000,36522,1,T1,1,100,30.768
1738263995.268967,243198.000,36538,1,T1,1,100,30.758
1738263995.401973,243331.000,36555,1,T1,1,100,30.789
1738263995.535978,243465.000,36588,1,T1,1,100,30.696
1738263995.668983,243598.000,36604,1,T1,1,100,30.727
1738263995.801988,243731.000,36621,1,T1,1,100,30.704
1738263995.935994,243865.000,36648,1,T1,1,100,30.695
1738263996.068999,243998.000,36664,1,T1,1,100,30.762
1738263996.202004,244131.000,36682,1,T1,1,100,30.755
1738263996.336010,244265.000,36698,1,T1,1,100,30.681
1738263996.469015,244398.000,36731,1,T1,1,100,30.791
1738263996.602020,244531.000,36748,1,T1,1,100,30.768
1738263996.736026,244665.000,36764,1,T1,1,100,30.829
1738263996.869031,244798.000,36797,1,T1,1,100,30.784
1738263997.002036,244931.000,36816,1,T1,1,100,30.907
1738263997.136042,245065.000,36832,1,T1,1,100,30.960
1738263997.269047,245198.000,36867,1,T1,1,100,30.841
1738263997.402052,245331.000,36884,1,T1,1,100,30.825
1738263997.535058,245464.000,36901,1,T1,1,100,30.853
1738263997.669063,245598.000,36918,1,T1,1,100,30.936
1738263997.802068,245731.000,36950,1,T1,1,100,30.831
1738263997.935074,245864.000,36967,1,T1,1,100,30.820
1738263998.069079,245998.000,36984,1,T1,1,100,30.816
1738263998.202084,246131.000,37017,1,T1,1,100,30.743
1738263998.335089,246264.000,37033,1,T1,1,100,30.924
1738263998.469095,246398.000,37052,1,T1,1,100,30.790
1738263998.602100,246531.000,37085,1,T1,1,100,30.696
1738263998.735106,246664.000,37101,1,T1,1,100,30.727
1738263998.869111,246798.000,37119,1,T1,1,100,30.882
1738263999.002116,246931.000,37151,1,T1,1,100,30.807
1738263999.135122,247064.000,37167,1,T1,1,100,30.775
1738263999.269127,247198.000,37185,1,T1,1,100,30.725
1738263999.402132,247331.000,37217,1,T1,1,100,30.810
1738263999.535137,247464.000,37234,1,T1,1,100,30.776
1738263999.669143,247598.000,37251,1,T1,1,100,30.868
1738263999.802148,247731.000,37284,1,T1,1,100,30.801
1738263999.935153,247864.000,37300,1,T1,1,100,30.878
1738264000.069159,247998.000,37317,1,T1,1,100,30.912
1738264000.202164,248131.000,37333,1,T1,1,100,30.820
1738264000.335169,248264.000,37368,1,T1,1,100,30.709
1738264000.469175,248398.000,37385,1,T1,1,100,30.768
1738264000.602180,248531.000,37402,1,T1,1,100,30.758
1738264000.735185,248664.000,37434,1,T1,1,100,30.931
1738264000.868191,248797.000,37452,1,T1,1,100,30.828
1738264001.002196,248931.000,37470,1,T1,1,100,30.926
1738264001.135201,249064.000,37492,1,T1,1,100,30.861
1738264001.268207,249197.000,37525,1,T1,1,100,30.834
1738264001.402212,249331.000,37543,1,T1,1,100,30.822
1738264001.535217,249464.000,37561,1,T1,1,100,30.816
1738264001.668223,249597.000,37577,1,T1,1,100,30.814
1738264001.802228,249731.000,37609,1,T1,1,100,30.813
1738264001.935233,249864.000,37627,1,T1,1,100,30.848
1738264002.068238,249997.000,37643,1,T1,1,100,30.863
1738264002.202244,250131.000,37680,1,T1,1,100,30.799
1738264002.335249,250264.000,37697,1,T1,1,100,30.807
1738264002.468255,250397.000,37713,1,T1,1,100,30.810
1738264002.602260,250531.000,37748,1,T1,1,100,30.882
1738264002.735265,250664.000,37765,1,T1,1,100,30.807
1738264002.868270,250797.000,37782,1,T1,1,100,30.917
1738264003.002276,250931.000,37814,1,T1,1,100,30.964
1738264003.135281,251064.000,37831,1,T1,1,100,30.878
1738264003.268286,251197.000,37848,1,T1,1,100,30.912
1738264003.402292,251331.000,37882,1,T1,1,100,30.820
1738264003.535297,251464.000,37900,1,T1,1,100,30.887
1738264003.668303,251597.000,37916,1,T1,1,100,30.916
1738264003.802308,251731.000,37949,1,T1,1,100,30.893
1738264003.935313,251864.000,37966,1,T1,1,100,30.918
1738264004.068318,251997.000,37982,1,T1,1,100,30.823
1738264004.201324,252130.000,37999,1,T1,1,100,30.852
1738264004.335329,252264.000,38032,1,T1,1,100,30.830
1738264004.468334,252397.000,38048,1,T1,1,100,30.855
1738264004.601340,252530.000,38066,1,T1,1,100,30.867
1738264004.735345,252664.000,38100,1,T1,1,100,30.907
1738264004.868350,252797.000,38117,1,T1,1,100,30.889
1738264005.001356,252930.000,38134,1,T1,1,100,30.881
1738264005.135361,253064.000,38167,1,T1,1,100,30.807
1738264005.268366,253197.000,38183,1,T1,1,100,30.810
1738264005.401372,253330.000,38200,1,T1,1,100,30.918
1738264005.535377,253464.000,38233,1,T1,1,100,30.929
1738264005.668382,253597.000,38249,1,T1,1,100,30.898
1738264005.801388,253730.000,38266,1,T1,1,100,30.921
1738264005.935393,253864.000,38283,1,T1,1,100,31.037
1738264006.068398,253997.000,38315,1,T1,1,100,30.874
1738264006.201404,254130.000,38338,1,T1,1,100,30.804
1738264006.335409,254264.000,38354,1,T1,1,100,30.844
1738264006.468414,254397.000,38371,1,T1,1,100,30.897
1738264006.601419,254530.000,38404,1,T1,1,100,30.920
1738264006.735425,254664.000,38420,1,T1,1,100,30.930
1738264006.868430,254797.000,38438,1,T1,1,100,30.863
1738264007.001436,254930.000,38470,1,T1,1,100,30.834
1738264007.135441,255064.000,38486,1,T1,1,100,30.857
1738264007.268446,255197.000,38506,1,T1,1,100,30.796
1738264007.401451,255330.000,38522,1,T1,1,100,30.841
1738264007.534457,255463.000,38555,1,T1,1,100,30.896
1738264007.668462,255597.000,38572,1,T1,1,100,30.884
1738264007.801467,255730.000,38588,1,T1,1,100,30.950
1738264007.935473,255864.000,38621,1,T1,1,100,30.907
1738264008.068478,255997.000,38638,1,T1,1,100,30.924
1738264008.201483,256130.000,38655,1,T1,1,100,30.861
1738264008.334489,256263.000,38687,1,T1,1,100,30.940
1738264008.468494,256397.000,38704,1,T1,1,100,30.974
1738264008.601499,256530.000,38721,1,T1,1,100,30.847
1738264008.734505,256663.000,38753,1,T1,1,100,30.792
1738264008.868510,256797.000,38771,1,T1,1,100,30.804
1738264009.001515,256930.000,38789,1,T1,1,100,30.915
1738264009.134521,257063.000,38822,1,T1,1,100,30.999
1738264009.268526,257197.000,38839,1,T1,1,100,30.929
1738264009.401531,257330.000,38855,1,T1,1,100,30.969
1738264009.534537,257463.000,38872,1,T1,1,100,30.987
1738264009.668542,257597.000,38905,1,T1,1,100,30.852
1738264009.801547,257730.000,38921,1,T1,1,100,30.936
1738264009.934553,257863.000,38939,1,T1,1,100,30.937
1738264010.068558,257997.000,38971,1,T1,1,100,30.973
1738264010.201563,258130.000,38988,1,T1,1,100,30.882
1738264010.334569,258263.000,39005,1,T1,1,100,30.842
1738264010.468574,258397.000,39038,1,T1,1,100,30.825
1738264010.601579,258530.000,39054,1,T1,1,100,30.960
1738264010.734585,258663.000,39071,1,T1,1,100,30.912
1738264010.867590,258796.000,39104,1,T1,1,100,30.891
1738264011.001595,258930.000,39120,1,T1,1,100,30.846
1738264011.134600,259063.000,39137,1,T1,1,100,30.863
1738264011.267606,259196.000,39175,1,T1,1,100,30.834
1738264011.401611,259330.000,39191,1,T1,1,100,30.893
1738264011.534616,259463.000,39209,1,T1,1,100,30.883
1738264011.667622,259596.000,39225,1,T1,1,100,30.772
1738264011.801627,259730.000,39242,1,T1,1,100,31.008
1738264011.934633,259863.000,39275,1,T1,1,100,31.074
1738264012.067638,259996.000,39291,1,T1,1,100,30.890
1738264012.201643,260130.000,39309,1,T1,1,100,30.953
1738264012.334648,260263.000,39343,1,T1,1,100,30.873
1738264012.467654,260396.000,39361,1,T1,1,100,30.910
1738264012.601659,260530.000,39379,1,T1,1,100,30.961
1738264012.734664,260663.000,39411,1,T1,1,100,30.983
1738264012.867670,260796.000,39428,1,T1,1,100,30.815
1738264013.001675,260930.000,39445,1,T1,1,100,30.991
1738264013.134680,261063.000,39478,1,T1,1,100,30.961
1738264013.267686,261196.000,39494,1,T1,1,100,30.948
1738264013.401691,261330.000,39511,1,T1,1,100,30.871
1738264013.534696,261463.000,39527,1,T1,1,100,31.051
1738264013.667702,261596.000,39562,1,T1,1,100,31.022
1738264013.801707,261730.000,39579,1,T1,1,100,31.009
1738264013.934712,261863.000,39596,1,T1,1,100,31.004
1738264014.067718,261996.000,39628,1,T1,1,100,30.931
1738264014.200723,262129.000,39646,1,T1,1,100,30.970
1738264014.334728,262263.000,39662,1,T1,1,100,31.058
1738264014.467734,262396.000,39695,1,T1,1,100,30.919
1738264014.600739,262529.000,39712,1,T1,1,100,30.929
1738264014.734744,262663.000,39728,1,T1,1,100,30.969
1738264014.867749,262796.000,39761,1,T1,1,100,30.987
1738264015.000755,262929.000,39780,1,T1,1,100,30.888
1738264015.134760,263063.000,39796,1,T1,1,100,30.916
1738264015.267766,263196.000,39829,1,T1,1,100,30.964
1738264015.400771,263329.000,39846,1,T1,1,100,30.984
1738264015.534776,263463.000,39863,1,T1,1,100,30.958
1738264015.667781,263596.000,39895,1,T1,1,100,30.875
1738264015.800787,263729.000,39912,1,T1,1,100,30.946
1738264015.934792,263863.000,39929,1,T1,1,100,30.977
1738264016.067797,263996.000,39946,1,T1,1,100,31.025
1738264016.200803,264129.000,39979,1,T1,1,100,30.940
1738264016.334808,264263.000,39997,1,T1,1,100,30.939
1738264016.467813,264396.000,40021,1,T1,1,100,31.080
1738264016.600819,264529.000,40038,1,T1,1,100,30.964
1738264016.734824,264663.000,40070,1,T1,1,100,31.055
1738264016.867829,264796.000,40088,1,T1,1,100,30.988
1738264017.000835,264929.000,40104,1,T1,1,100,30.960
1738264017.134840,265063.000,40137,1,T1,1,100,30.982
1738264017.267845,265196.000,40156,1,T1,1,100,30.957
1738264017.400851,265329.000,40174,1,T1,1,100,31.017
1738264017.533856,265462.000,40191,1,T1,1,100,31.078
1738264017.667861,265596.000,40224,1,T1,1,100,31.069
1738264017.800867,265729.000,40240,1,T1,1,100,30.995
1738264017.933872,265862.000,40258,1,T1,1,100,30.998
1738264018.067877,265996.000,40290,1,T1,1,100,31.070
1738264018.200883,266129.000,40307,1,T1,1,100,31.066
1738264018.334888,266263.000,40324,1,T1,1,100,30.958
1738264018.467893,266396.000,40357,1,T1,1,100,30.946
1738264018.600899,266529.000,40373,1,T1,1,100,30.835
1738264018.733904,266662.000,40390,1,T1,1,100,30.929
1738264018.867909,266796.000,40423,1,T1,1,100,31.040
1738264019.000915,266929.000,40439,1,T1,1,100,31.053
1738264019.133920,267062.000,40456,1,T1,1,100,31.023
1738264019.267925,267196.000,40489,1,T1,1,100,31.010
1738264019.400930,267329.000,40505,1,T1,1,100,30.969
1738264019.533936,267462.000,40523,1,T1,1,100,30.987
1738264019.667941,267596.000,40539,1,T1,1,100,30.994
1738264019.800946,267729.000,40572,1,T1,1,100,30.927
1738264019.933952,267862.000,40589,1,T1,1,100,30.968
1738264020.067957,267996.000,40605,1,T1,1,100,30.915
1738264020.200962,268129.000,40638,1,T1,1,100,30.999
1738264020.333968,268262.000,40655,1,T1,1,100,30.964
1738264020.467973,268396.000,40673,1,T1,1,100,31.020
1738264020.600978,268529.000,40706,1,T1,1,100,31.080
1738264020.733984,268662.000,40723,1,T1,1,100,31.070
1738264020.866989,268795.000,40740,1,T1,1,100,30.995
1738264021.000994,268929.000,40772,1,T1,1,100,30.962
1738264021.134000,269062.000,40789,1,T1,1,100,30.948
1738264021.267005,269195.000,40806,1,T1,1,100,30.942
1738264021.401010,269329.000,40838,1,T1,1,100,30.940
1738264021.534016,269462.000,40861,1,T1,1,100,31.045
1738264021.667021,269595.000,40877,1,T1,1,100,31.055
1738264021.801026,269729.000,40894,1,T1,1,100,31.024
1738264021.934031,269862.000,40911,1,T1,1,100,30.975
1738264022.067037,269995.000,40943,1,T1,1,100,31.025
1738264022.201042,270129.000,40961,1,T1,1,100,30.975
1738264022.334048,270262.000,40979,1,T1,1,100,30.989
1738264022.467053,270395.000,41012,1,T1,1,100,31.031
1738264022.601058,270529.000,41031,1,T1,1,100,31.049
1738264022.734064,270662.000,41047,1,T1,1,100,30.986
1738264022.867069,270795.000,41080,1,T1,1,100,31.029
1738264023.001074,270929.000,41097,1,T1,1,100,31.048
1738264023.134079,271062.000,41113,1,T1,1,100,31.021
1738264023.267085,271195.000,41146,1,T1,1,100,31.080
1738264023.401090,271329.000,41163,1,T1,1,100,30.999
1738264023.534096,271462.000,41180,1,T1,1,100,31.071
1738264023.667101,271595.000,41197,1,T1,1,100,31.101
1738264023.801106,271729.000,41231,1,T1,1,100,31.008
1738264023.934111,271862.000,41248,1,T1,1,100,31.004
1738264024.067117,271995.000,41265,1,T1,1,100,31.108
1738264024.200122,272128.000,41298,1,T1,1,100,31.082
1738264024.334127,272262.000,41314,1,T1,1,100,31.071
1738264024.467133,272395.000,41331,1,T1,1,100,31.066
1738264024.600138,272528.000,41364,1,T1,1,100,31.064
1738264024.734143,272662.000,41380,1,T1,1,100,31.134
1738264024.867149,272795.000,41398,1,T1,1,100,31.058
1738264025.000154,272928.000,41432,1,T1,1,100,31.131
1738264025.134159,273062.000,41448,1,T1,1,100,31.128
1738264025.267165,273195.000,41466,1,T1,1,100,31.020
1738264025.400170,273328.000,41498,1,T1,1,100,31.221
1738264025.534175,273462.000,41515,1,T1,1,100,31.060
1738264025.667181,273595.000,41532,1,T1,1,100,30.955
1738264025.800186,273728.000,41548,1,T1,1,100,30.981
1738264025.934191,273862.000,41581,1,T1,1,100,31.027
1738264026.067197,273995.000,41598,1,T1,1,100,31.047
1738264026.200202,274128.000,41614,1,T1,1,100,31.020
1738264026.334207,274262.000,41649,1,T1,1,100,31.044
1738264026.467212,274395.000,41666,1,T1,1,100,30.984
1738264026.600218,274528.000,41683,1,T1,1,100,31.064
1738264026.734223,274662.000,41705,1,T1,1,100,31.099
1738264026.867229,274795.000,41738,1,T1,1,100,31.114
1738264027.000234,274928.000,41754,1,T1,1,100,31.085
1738264027.134239,275062.000,41771,1,T1,1,100,31.108
1738264027.267245,275195.000,41788,1,T1,1,100,31.117
1738264027.400250,275328.000,41822,1,T1,1,100,30.944
1738264027.533255,275461.000,41842,1,T1,1,100,30.941
1738264027.667260,275595.000,41858,1,T1,1,100,31.045
1738264027.800266,275728.000,41891,1,T1,1,100,31.161
1738264027.933271,275861.000,41908,1,T1,1,100,31.105
1738264028.067276,275995.000,41924,1,T1,1,100,31.046
1738264028.200282,276128.000,41957,1,T1,1,100,31.055
1738264028.333287,276261.000,41974,1,T1,1,100,31.059
1738264028.467292,276395.000,41990,1,T1,1,100,31.061
1738264028.600298,276528.000,42023,1,T1,1,100,31.026
1738264028.733303,276661.000,42042,1,T1,1,100,31.011
1738264028.867308,276795.000,42059,1,T1,1,100,31.111
1738264029.000314,276928.000,42091,1,T1,1,100,31.190
1738264029.133319,277061.000,42108,1,T1,1,100,31.153
1738264029.267324,277195.000,42125,1,T1,1,100,31.208
1738264029.400330,277328.000,42142,1,T1,1,100,31.232
1738264029.533335,277461.000,42175,1,T1,1,100,31.207
1738264029.667340,277595.000,42191,1,T1,1,100,31.125
1738264029.800346,277728.000,42208,1,T1,1,100,31.196
1738264029.933351,277861.000,42243,1,T1,1,100,31.120
1738264030.067356,277995.000,42259,1,T1,1,100,31.123
1738264030.200361,278128.000,42277,1,T1,1,100,31.160
1738264030.333367,278261.000,42309,1,T1,1,100,31.069
1738264030.467372,278395.000,42325,1,T1,1,100,31.101
1738264030.600378,278528.000,42343,1,T1,1,100,31.115
1738264030.733383,278661.000,42375,1,T1,1,100,31.085
1738264030.867388,278795.000,42392,1,T1,1,100,31.143
1738264031.000394,278928.000,42409,1,T1,1,100,31.168
1738264031.133399,279061.000,42425,1,T1,1,100,31.108
1738264031.266404,279194.000,42458,1,T1,1,100,31.082
1738264031.400409,279328.000,42477,1,T1,1,100,31.248
1738264031.533415,279461.000,42494,1,T1,1,100,31.107
1738264031.666420,279594.000,42526,1,T1,1,100,31.046
1738264031.800426,279728.000,42549,1,T1,1,100,30.985
1738264031.933431,279861.000,42565,1,T1,1,100,31.064
1738264032.066436,279994.000,42582,1,T1,1,100,31.134
1738264032.200441,280128.000,42617,1,T1,1,100,31.129
1738264032.333447,280261.000,42635,1,T1,1,100,31.056
1738264032.466452,280394.000,42652,1,T1,1,100,31.166
1738264032.600457,280528.000,42669,1,T1,1,100,31.143
1738264032.733463,280661.000,42701,1,T1,1,100,31.062
1738264032.866468,280794.000,42719,1,T1,1,100,31.098
1738264033.000473,280928.000,42735,1,T1,1,100,31.255
1738264033.133479,281061.000,42768,1,T1,1,100,31.252
1738264033.266484,281194.000,42785,1,T1,1,100,31.145
1738264033.400489,281328.000,42801,1,T1,1,100,31.169
1738264033.533495,281461.000,42834,1,T1,1,100,31.073
1738264033.666500,281594.000,42851,1,T1,1,100,30.996
1738264033.800505,281728.000,42867,1,T1,1,100,31.140
1738264033.933511,281861.000,42900,1,T1,1,100,31.167
1738264034.066516,281994.000,42917,1,T1,1,100,31.072
1738264034.200521,282128.000,42934,1,T1,1,100,31.031
1738264034.333527,282261.000,42966,1,T1,1,100,31.191
1738264034.466532,282394.000,42983,1,T1,1,100,31.153
1738264034.599537,282527.000,43000,1,T1,1,100,30.995
1738264034.733542,282661.000,43017,1,T1,1,100,31.104
1738264034.866548,282794.000,43050,1,T1,1,100,31.152
1738264034.999553,282927.000,43066,1,T1,1,100,31.101
1738264035.133559,283061.000,43083,1,T1,1,100,31.221
1738264035.266564,283194.000,43116,1,T1,1,100,31.131
1738264035.399569,283327.000,43132,1,T1,1,100,31.163
1738264035.533575,283461.000,43152,1,T1,1,100,31.177
1738264035.666580,283594.000,43184,1,T1,1,100,31.183
1738264035.799585,283727.000,43200,1,T1,1,100,31.044
1738264035.933590,283861.000,43218,1,T1,1,100,31.090
1738264036.066596,283994.000,43250,1,T1,1,100,31.252
1738264036.199601,284127.000,43267,1,T1,1,100,31.144
1738264036.333606,284261.000,43284,1,T1,1,100,31.062
1738264036.466612,284394.000,43317,1,T1,1,100,31.169
1738264036.599617,284527.000,43333,1,T1,1,100,31.215
1738264036.733622,284661.000,43350,1,T1,1,100,31.270
1738264036.866628,284794.000,43386,2,T1,1,100,31.188
1738264036.999633,284927.000,43386,2,T1,1,100,31.117
1738264037.132638,285060.000,43419,1,T1,1,100,31.051
1738264037.266644,285194.000,43437,1,T1,1,100,31.199
1738264037.399649,285327.000,43454,1,T1,1,100,31.228
1738264037.532654,285460.000,43487,1,T1,1,100,31.240
1738264037.666660,285594.000,43503,1,T1,1,100,31.140
1738264037.799665,285727.000,43520,1,T1,1,100,31.202
1738264037.932670,285860.000,43553,1,T1,1,100,31.229
1738264038.066676,285994.000,43569,1,T1,1,100,31.099
1738264038.199681,286127.000,43587,1,T1,1,100,31.149
1738264038.332686,286260.000,43619,1,T1,1,100,31.100
1738264038.466691,286394.000,43635,1,T1,1,100,31.185
1738264038.599697,286527.000,43653,1,T1,1,100,31.222
1738264038.732702,286660.000,43669,1,T1,1,100,31.167
1738264038.866708,286794.000,43702,1,T1,1,100,31.108
1738264038.999713,286927.000,43719,1,T1,1,100,31.153
1738264039.132718,287060.000,43735,1,T1,1,100,31.208
1738264039.266723,287194.000,43768,1,T1,1,100,31.161
1738264039.399729,287327.000,43785,1,T1,1,100,30.999
1738264039.532734,287460.000,43802,1,T1,1,100,31.177
1738264039.666739,287594.000,43834,1,T1,1,100,31.254
1738264039.799745,287727.000,43851,1,T1,1,100,31.110
1738264039.932750,287860.000,43868,1,T1,1,100,31.118
1738264040.066756,287994.000,43900,1,T1,1,100,31.193
1738264040.199761,288127.000,43918,1,T1,1,100,31.296
1738264040.332766,288260.000,43934,1,T1,1,100,31.235
1738264040.466771,288394.000,43967,1,T1,1,100,31.172
1738264040.599777,288527.000,43984,1,T1,1,100,31.181
1738264040.732782,288660.000,44000,1,T1,1,100,31.149
1738264040.865787,288793.000,44017,1,T1,1,100,31.242
1738264040.999793,288927.000,44050,1,T1,1,100,31.176
1738264041.132798,289060.000,44066,1,T1,1,100,31.218
1738264041.265803,289193.000,44084,1,T1,1,100,31.307
1738264041.399809,289327.000,44116,1,T1,1,100,31.275
1738264041.532814,289460.000,44133,1,T1,1,100,31.225
1738264041.665819,289593.000,44150,1,T1,1,100,31.133
1738264041.799825,289727.000,44183,1,T1,1,100,31.128
1738264041.932830,289860.000,44199,1,T1,1,100,31.197
1738264042.065835,289993.000,44223,1,T1,1,100,31.121
1738264042.199841,290127.000,44240,1,T1,1,100,31.194
1738264042.332846,290260.000,44259,1,T1,1,100,31.155
1738264042.465851,290393.000,44294,1,T1,1,100,31.209
1738264042.599857,290527.000,44310,1,T1,1,100,31.232
1738264042.732862,290660.000,44327,1,T1,1,100,31.207
1738264042.865867,290793.000,44360,1,T1,1,100,31.160
1738264042.999872,290927.000,44376,1,T1,1,100,31.069
1738264043.132878,291060.000,44393,1,T1,1,100,31.243
1738264043.265883,291193.000,44426,1,T1,1,100,31.176
1738264043.399889,291327.000,44442,1,T1,1,100,31.112
1738264043.532894,291460.000,44460,1,T1,1,100,31.226
1738264043.665899,291593.000,44494,1,T1,1,100,31.169
1738264043.799904,291727.000,44510,1,T1,1,100,31.286
1738264043.932910,291860.000,44528,1,T1,1,100,31.336
1738264044.065915,291993.000,44560,1,T1,1,100,31.323
1738264044.199920,292127.000,44577,1,T1,1,100,31.352
1738264044.332926,292260.000,44594,1,T1,1,100,31.365
1738264044.465931,292393.000,44610,1,T1,1,100,31.264
1738264044.599936,292527.000,44643,1,T1,1,100,31.221
1738264044.732942,292660.000,44660,1,T1,1,100,31.237
1738264044.865947,292793.000,44677,1,T1,1,100,31.315
1738264044.998952,292926.000,44711,1,T1,1,100,31.314
1738264045.132958,293060.000,44728,1,T1,1,100,31.242
1738264045.265963,293193.000,44745,1,T1,1,100,31.211
1738264045.398968,293326.000,44777,1,T1,1,100,31.198
1738264045.532974,293460.000,44795,1,T1,1,100,31.298
1738264045.665979,293593.000,44811,1,T1,1,100,31.235
1738264045.798984,293726.000,44844,1,T1,1,100,31.279
1738264045.932990,293860.000,44861,1,T1,1,100,31.227
1738264046.065995,293993.000,44877,1,T1,1,100,31.276
1738264046.199000,294126.000,44910,1,T1,1,100,31.367
1738264046.333006,294260.000,44927,1,T1,1,100,31.336
1738264046.466011,294393.000,44943,1,T1,1,100,31.216
1738264046.599016,294526.000,44961,1,T1,1,100,31.235
1738264046.733021,294660.000,44993,1,T1,1,100,31.279
1738264046.866027,294793.000,45010,1,T1,1,100,31.227
1738264046.999032,294926.000,45027,1,T1,1,100,31.205
1738264047.132538,295059.500,45064,2,T1,1,100,31.266
1738264047.266043,295193.000,45064,2,T1,1,100,31.257
1738264047.399048,295326.000,45098,1,T1,1,100,31.324
1738264047.532053,295459.000,45115,1,T1,1,100,31.247
1738264047.666059,295593.000,45132,1,T1,1,100,31.248
1738264047.799064,295726.000,45165,1,T1,1,100,31.285
1738264047.932069,295859.000,45181,1,T1,1,100,31.301
1738264048.066075,295993.000,45198,1,T1,1,100,31.201
1738264048.199080,296126.000,45231,1,T1,1,100,31.193
1738264048.332085,296259.000,45247,1,T1,1,100,31.190
1738264048.466091,296393.000,45264,1,T1,1,100,31.295
1738264048.599096,296526.000,45299,1,T1,1,100,31.269
1738264048.732101,296659.000,45315,1,T1,1,100,31.223
1738264048.866107,296793.000,45333,1,T1,1,100,31.238
1738264048.999112,296926.000,45365,1,T1,1,100,31.209
1738264049.132117,297059.000,45381,1,T1,1,100,31.197
1738264049.266123,297193.000,45399,1,T1,1,100,31.227
1738264049.399128,297326.000,45415,1,T1,1,100,31.240
1738264049.532133,297459.000,45448,1,T1,1,100,31.281
1738264049.666139,297593.000,45465,1,T1,1,100,31.263
1738264049.799144,297726.000,45481,1,T1,1,100,31.220
1738264049.932149,297859.000,45514,1,T1,1,100,31.273
1738264050.066155,297993.000,45531,1,T1,1,100,31.295
1738264050.199160,298126.000,45548,1,T1,1,100,31.305
1738264050.332165,298259.000,45580,1,T1,1,100,31.309
1738264050.466171,298393.000,45597,1,T1,1,100,31.311
1738264050.599176,298526.000,45614,1,T1,1,100,31.276
1738264050.732181,298659.000,45631,1,T1,1,100,31.261
1738264050.865186,298792.000,45664,1,T1,1,100,31.290
1738264050.999192,298926.000,45680,1,T1,1,100,31.338
1738264051.132197,299059.000,45697,1,T1,1,100,31.253
1738264051.265203,299192.000,45730,1,T1,1,100,31.287
1738264051.399208,299326.000,45746,1,T1,1,100,31.301
1738264051.532213,299459.000,45764,1,T1,1,100,31.237
1738264051.665218,299592.000,45796,1,T1,1,100,31.173
1738264051.799224,299726.000,45814,1,T1,1,100,31.110
1738264051.932229,299859.000,45832,1,T1,1,100,31.083
1738264052.065234,299992.000,45864,1,T1,1,100,31.249
1738264052.199240,300126.000,45881,1,T1,1,100,31.249
1738264052.332245,300259.000,45906,1,T1,1,100,31.250
1738264052.465250,300392.000,45922,1,T1,1,100,31.321
1738264052.599256,300526.000,45940,1,T1,1,100,31.316
1738264052.732261,300659.000,45972,1,T1,1,100,31.208
1738264052.865266,300792.000,45989,1,T1,1,100,31.303
1738264052.999272,300926.000,46008,1,T1,1,100,31.131
1738264053.132277,301059.000,46041,1,T1,1,100,31.163
1738264053.265282,301192.000,46057,1,T1,1,100,31.248
1738264053.399288,301326.000,46074,1,T1,1,100,31.214
1738264053.532293,301459.000,46107,1,T1,1,100,31.128
1738264053.665298,301592.000,46123,1,T1,1,100,31.233
1738264053.799304,301726.000,46140,1,T1,1,100,31.278
1738264053.932309,301859.000,46173,1,T1,1,100,31.298
1738264054.065314,301992.000,46189,1,T1,1,100,31.271
1738264054.199320,302126.000,46209,1,T1,1,100,31.223
1738264054.332325,302259.000,46241,1,T1,1,100,31.309
1738264054.465330,302392.000,46257,1,T1,1,100,31.276
1738264054.599336,302526.000,46275,1,T1,1,100,31.332
1738264054.732341,302659.000,46307,1,T1,1,100,31.321
1738264054.865346,302792.000,46324,1,T1,1,100,31.281
1738264054.998352,302925.000,46343,1,T1,1,100,31.334
1738264055.132357,303059.000,46359,1,T1,1,100,31.286
1738264055.265362,303192.000,46392,1,T1,1,100,31.230
1738264055.398367,303325.000,46409,1,T1,1,100,31.206
1738264055.532373,303459.000,46426,1,T1,1,100,31.337
1738264055.665378,303592.000,46458,1,T1,1,100,31.323
1738264055.798383,303725.000,46475,1,T1,1,100,31.282
1738264055.932389,303859.000,46492,1,T1,1,100,31.264
1738264056.065394,303992.000,46524,1,T1,1,100,31.256
1738264056.198399,304125.000,46544,1,T1,1,100,31.323
1738264056.332405,304259.000,46560,1,T1,1,100,31.353
1738264056.465410,304392.000,46593,1,T1,1,100,31.365
1738264056.598415,304525.000,46610,1,T1,1,100,31.335
1738264056.732421,304659.000,46626,1,T1,1,100,31.393
1738264056.865426,304792.000,46659,1,T1,1,100,31.454
1738264056.998431,304925.000,46676,1,T1,1,100,31.303
1738264057.132437,305059.000,46692,1,T1,1,100,31.308
1738264057.265442,305192.000,46710,1,T1,1,100,31.346
1738264057.398447,305325.000,46751,1,T1,1,100,31.221
1738264057.531453,305458.000,46768,1,T1,1,100,31.308
1738264057.665458,305592.000,46785,1,T1,1,100,31.311
1738264057.798463,305725.000,46801,1,T1,1,100,31.276
1738264057.931468,305858.000,46834,1,T1,1,100,31.297
1738264058.065474,305992.000,46851,1,T1,1,100,31.341
1738264058.198479,306125.000,46868,1,T1,1,100,31.289
1738264058.331485,306258.000,46900,1,T1,1,100,31.303
1738264058.465490,306392.000,46917,1,T1,1,100,31.344
1738264058.598495,306525.000,46934,1,T1,1,100,31.361
1738264058.731501,306658.000,46968,1,T1,1,100,31.369
1738264058.865506,306792.000,46986,1,T1,1,100,31.372
1738264058.998511,306925.000,47002,1,T1,1,100,31.303
1738264059.131516,307058.000,47019,1,T1,1,100,31.344
1738264059.265522,307192.000,47052,1,T1,1,100,31.291
1738264059.398527,307325.000,47068,1,T1,1,100,31.232
1738264059.531533,307458.000,47086,1,T1,1,100,31.278
1738264059.665538,307592.000,47118,1,T1,1,100,31.333
1738264059.798543,307725.000,47134,1,T1,1,100,31.357
1738264059.931548,307858.000,47152,1,T1,1,100,31.261
1738264060.065554,307992.000,47184,1,T1,1,100,31.290
1738264060.198559,308125.000,47203,1,T1,1,100,31.303
1738264060.331564,308258.000,47220,1,T1,1,100,31.344
1738264060.464570,308391.000,47253,1,T1,1,100,31.291
1738264060.598575,308525.000,47269,1,T1,1,100,31.268
1738264060.731580,308658.000,47286,1,T1,1,100,31.293
1738264060.865586,308792.000,47319,1,T1,1,100,31.410
1738264060.998591,308925.000,47335,1,T1,1,100,31.497
1738264061.131596,309058.000,47352,1,T1,1,100,31.463
1738264061.264602,309191.000,47385,1,T1,1,100,31.378
1738264061.398607,309325.000,47401,1,T1,1,100,31.341
1738264061.531612,309458.000,47419,1,T1,1,100,31.396
1738264061.664618,309591.000,47435,1,T1,1,100,31.348
1738264061.798623,309725.000,47468,1,T1,1,100,31.364
1738264061.931628,309858.000,47485,1,T1,1,100,31.370
1738264062.064634,309991.000,47501,1,T1,1,100,31.373
1738264062.198639,310125.000,47536,1,T1,1,100,31.445
1738264062.331644,310258.000,47553,1,T1,1,100,31.370
1738264062.464649,310391.000,47569,1,T1,1,100,31.266
1738264062.598655,310525.000,47592,1,T1,1,100,31.328
1738264062.731660,310658.000,47608,1,T1,1,100,31.355
1738264062.864666,310791.000,47641,1,T1,1,100,31.366
1738264062.998671,310925.000,47658,1,T1,1,100,31.478
1738264063.131676,311058.000,47674,1,T1,1,100,31.384
1738264063.264682,311191.000,47707,1,T1,1,100,31.414
1738264063.398687,311325.000,47724,1,T1,1,100,31.427
1738264063.531692,311458.000,47741,1,T1,1,100,31.469
1738264063.664697,311591.000,47773,1,T1,1,100,31.451
1738264063.798703,311725.000,47790,1,T1,1,100,31.408
1738264063.931708,311858.000,47807,1,T1,1,100,31.425
1738264064.064713,311991.000,47841,1,T1,1,100,31.326
1738264064.198719,312125.000,47859,1,T1,1,100,31.318
1738264064.331724,312258.000,47875,1,T1,1,100,31.350
1738264064.464729,312391.000,47908,1,T1,1,100,31.471
1738264064.597735,312524.000,47925,1,T1,1,100,31.487
1738264064.731740,312658.000,47941,1,T1,1,100,31.424
1738264064.864745,312791.000,47958,1,T1,1,100,31.396
1738264064.997751,312924.000,47993,1,T1,1,100,31.384
1738264065.131756,313058.000,48009,1,T1,1,100,31.379
1738264065.264761,313191.000,48027,1,T1,1,100,31.270
1738264065.397767,313324.000,48059,1,T1,1,100,31.188
1738264065.531772,313458.000,48076,1,T1,1,100,31.223
1738264065.664777,313591.000,48093,1,T1,1,100,31.345
1738264065.797783,313724.000,48126,1,T1,1,100,31.397
1738264065.931788,313858.000,48142,1,T1,1,100,31.456
1738264066.064793,313991.000,48159,1,T1,1,100,31.445
1738264066.197798,314124.000,48194,1,T1,1,100,31.512
1738264066.331804,314258.000,48210,1,T1,1,100,31.470
1738264066.464809,314391.000,48227,1,T1,1,100,31.380
1738264066.597815,314524.000,48260,1,T1,1,100,31.413
1738264066.731820,314658.000,48276,1,T1,1,100,31.391
1738264066.864825,314791.000,48294,1,T1,1,100,31.382
1738264066.997830,314924.000,48310,1,T1,1,100,31.449
1738264067.131836,315058.000,48342,1,T1,1,100,31.407
1738264067.264841,315191.000,48362,1,T1,1,100,31.353
1738264067.397846,315324.000,48378,1,T1,1,100,31.437
1738264067.530852,315457.000,48413,1,T1,1,100,31.437
1738264067.664857,315591.000,48435,1,T1,1,100,31.295
1738264067.797863,315724.000,48451,1,T1,1,100,31.376
1738264067.931868,315858.000,48469,1,T1,1,100,31.446
1738264068.064873,315991.000,48501,1,T1,1,100,31.477
1738264068.197878,316124.000,48518,1,T1,1,100,31.455
1738264068.330884,316257.000,48535,1,T1,1,100,31.480
1738264068.464889,316391.000,48551,1,T1,1,100,31.385
1738264068.597894,316524.000,48584,1,T1,1,100,31.415
1738264068.730900,316657.000,48601,1,T1,1,100,31.463
1738264068.864905,316791.000,48618,1,T1,1,100,31.484
1738264068.997910,316924.000,48650,1,T1,1,100,31.422
1738264069.130916,317057.000,48667,1,T1,1,100,31.325
1738264069.264921,317191.000,48686,1,T1,1,100,31.460
1738264069.397926,317324.000,48718,1,T1,1,100,31.447
1738264069.530932,317457.000,48736,1,T1,1,100,31.371
1738264069.664937,317591.000,48752,1,T1,1,100,31.409
1738264069.797942,317724.000,48785,1,T1,1,100,31.425
1738264069.930948,317857.000,48802,1,T1,1,100,31.361
1738264070.064953,317991.000,48818,1,T1,1,100,31.440
1738264070.197958,318124.000,48851,1,T1,1,100,31.403
1738264070.330964,318257.000,48868,1,T1,1,100,31.458
1738264070.464969,318391.000,48884,1,T1,1,100,31.446
1738264070.597974,318524.000,48917,1,T1,1,100,31.406
1738264070.730979,318657.000,48934,1,T1,1,100,31.459
1738264070.863985,318790.000,48951,1,T1,1,100,31.411
1738264070.997990,318924.000,48968,1,T1,1,100,31.462
1738264071.130996,319057.000,49001,1,T1,1,100,31.342
1738264071.265001,319191.000,49019,1,T1,1,100,31.325
1738264071.398006,319324.000,49036,1,T1,1,100,31.495
1738264071.531012,319457.000,49069,1,T1,1,100,31.462
1738264071.664017,319590.000,49085,1,T1,1,100,31.519
1738264071.798022,319724.000,49102,1,T1,1,100,31.437
1738264071.931027,319857.000,49135,1,T1,1,100,31.402
1738264072.064033,319990.000,49151,1,T1,1,100,31.422
1738264072.198038,320124.000,49169,1,T1,1,100,31.502
1738264072.331043,320257.000,49205,1,T1,1,100,31.394
1738264072.464049,320390.000,49221,1,T1,1,100,31.419
1738264072.598054,320524.000,49239,1,T1,1,100,31.394
1738264072.731059,320657.000,49276,2,T1,1,100,31.525
1738264072.864065,320790.000,49276,2,T1,1,100,31.475
1738264072.998070,320924.000,49309,1,T1,1,100,31.418
1738264073.131075,321057.000,49325,1,T1,1,100,31.394
1738264073.264081,321190.000,49343,1,T1,1,100,31.348
1738264073.398086,321324.000,49375,1,T1,1,100,31.399
1738264073.531091,321457.000,49392,1,T1,1,100,31.385
1738264073.664097,321590.000,49409,1,T1,1,100,31.486
1738264073.797102,321723.000,49444,1,T1,1,100,31.458
1738264073.931107,321857.000,49460,1,T1,1,100,31.411
1738264074.064113,321990.000,49477,1,T1,1,100,31.355
1738264074.198118,322124.000,49510,1,T1,1,100,31.402
1738264074.331123,322257.000,49526,1,T1,1,100,31.422
1738264074.464128,322390.000,49543,1,T1,1,100,31.431
1738264074.598134,322524.000,49560,1,T1,1,100,31.435
1738264074.731139,322657.000,49592,1,T1,1,100,31.401
1738264074.864145,322790.000,49610,1,T1,1,100,31.493
1738264074.997150,322923.000,49626,1,T1,1,100,31.390
1738264075.131155,323057.000,49659,1,T1,1,100,31.453
1738264075.264160,323190.000,49676,1,T1,1,100,31.444
1738264075.397166,323323.000,49692,1,T1,1,100,31.440
1738264075.531171,323457.000,49725,1,T1,1,100,31.403
1738264075.664176,323590.000,49742,1,T1,1,100,31.458
1738264075.797182,323723.000,49758,1,T1,1,100,31.482
1738264075.931187,323857.000,49793,1,T1,1,100,31.421
1738264076.064193,323990.000,49810,1,T1,1,100,31.501
1738264076.197198,324123.000,49827,1,T1,1,100,31.536
1738264076.331203,324257.000,49859,1,T1,1,100,31.587
1738264076.464208,324390.000,49876,1,T1,1,100,31.537
1738264076.597214,324523.000,49893,1,T1,1,100,31.481
1738264076.731219,324657.000,49910,1,T1,1,100,31.421
1738264076.864224,324790.000,49945,1,T1,1,100,31.466
1738264076.997230,324923.000,49961,1,T1,1,100,31.521
1738264077.131235,325057.000,49978,1,T1,1,100,31.473
1738264077.264240,325190.000,50013,1,T1,1,100,31.382
1738264077.397246,325323.000,50029,1,T1,1,100,31.414
1738264077.530251,325456.000,50047,1,T1,1,100,31.463
1738264077.664256,325590.000,50079,1,T1,1,100,31.448
1738264077.797262,325723.000,50095,1,T1,1,100,31.407
1738264077.930267,325856.000,50118,1,T1,1,100,31.601
1738264078.064272,325990.000,50134,1,T1,1,100,31.579
1738264078.197278,326123.000,50151,1,T1,1,100,31.499
1738264078.330283,326256.000,50186,1,T1,1,100,31.535
1738264078.464288,326390.000,50202,1,T1,1,100,31.444
1738264078.597294,326523.000,50220,1,T1,1,100,31.405
1738264078.730299,326656.000,50252,1,T1,1,100,31.388
1738264078.864304,326790.000,50269,1,T1,1,100,31.487
1738264078.997309,326923.000,50288,1,T1,1,100,31.530
1738264079.130315,327056.000,50321,1,T1,1,100,31.513
1738264079.264320,327190.000,50337,1,T1,1,100,31.470
1738264079.397326,327323.000,50354,1,T1,1,100,31.558
1738264079.530331,327456.000,50387,1,T1,1,100,31.525
1738264079.664336,327590.000,50403,1,T1,1,100,31.404
1738264079.797341,327723.000,50420,1,T1,1,100,31.423
1738264079.930347,327856.000,50453,1,T1,1,100,31.431
1738264080.064352,327990.000,50469,1,T1,1,100,31.470
1738264080.197357,328123.000,50487,1,T1,1,100,31.487
1738264080.330363,328256.000,50503,1,T1,1,100,31.459
1738264080.464368,328390.000,50537,1,T1,1,100,31.518
1738264080.597373,328523.000,50555,1,T1,1,100,31.543
1738264080.730379,328656.000,50571,1,T1,1,100,31.483
1738264080.864384,328790.000,50604,1,T1,1,100,31.422
1738264080.997389,328923.000,50621,1,T1,1,100,31.360
1738264081.130395,329056.000,50637,1,T1,1,100,31.475
1738264081.263400,329189.000,50670,1,T1,1,100,31.454
1738264081.397405,329323.000,50687,1,T1,1,100,31.338
1738264081.530411,329456.000,50704,1,T1,1,100,31.359
1738264081.663416,329589.000,50738,1,T1,1,100,31.581
1738264081.797421,329723.000,50755,1,T1,1,100,31.535
1738264081.930427,329856.000,50772,1,T1,1,100,31.480
1738264082.063432,329989.000,50804,1,T1,1,100,31.420
1738264082.197437,330123.000,50822,1,T1,1,100,31.536
1738264082.330443,330256.000,50840,1,T1,1,100,31.551
1738264082.463448,330389.000,50875,1,T1,1,100,31.558
1738264082.597453,330523.000,50892,1,T1,1,100,31.560
1738264082.730458,330656.000,50908,1,T1,1,100,31.491
1738264082.863464,330789.000,50925,1,T1,1,100,31.496
1738264082.996969,330922.500,50963,2,T1,1,100,31.427
1738264083.130475,331056.000,50963,2,T1,1,100,31.504
1738264083.263480,331189.000,50998,1,T1,1,100,31.537
1738264083.397485,331323.000,51014,1,T1,1,100,31.552
1738264083.530490,331456.000,51034,1,T1,1,100,31.558
1738264083.663496,331589.000,51066,1,T1,1,100,31.560
1738264083.797501,331723.000,51082,1,T1,1,100,31.420
1738264083.930506,331856.000,51100,1,T1,1,100,31.430
1738264084.063512,331989.000,51132,1,T1,1,100,31.399
1738264084.196517,332122.000,51149,1,T1,1,100,31.421
1738264084.330522,332256.000,51166,1,T1,1,100,31.501
1738264084.463528,332389.000,51199,1,T1,1,100,31.536
1738264084.596533,332522.000,51217,1,T1,1,100,31.480
1738264084.730538,332656.000,51234,1,T1,1,100,31.456
1738264084.863544,332789.000,51267,1,T1,1,100,31.445
1738264084.996549,332922.000,51283,1,T1,1,100,31.441
1738264085.130554,333056.000,51300,1,T1,1,100,31.474
1738264085.263560,333189.000,51333,1,T1,1,100,31.453
1738264085.396565,333322.000,51349,1,T1,1,100,31.480
1738264085.530570,333456.000,51367,1,T1,1,100,31.491
1738264085.663576,333589.000,51383,1,T1,1,100,31.461
1738264085.796581,333722.000,51418,1,T1,1,100,31.518
1738264085.930586,333856.000,51435,1,T1,1,100,31.543
1738264086.063591,333989.000,51451,1,T1,1,100,31.483
1738264086.196597,334122.000,51484,1,T1,1,100,31.528
1738264086.330602,334256.000,51501,1,T1,1,100,31.548
1738264086.463608,334389.000,51517,1,T1,1,100,31.556
1738264086.596613,334522.000,51550,1,T1,1,100,31.595
1738264086.730618,334656.000,51567,1,T1,1,100,31.470
1738264086.863624,334789.000,51586,1,T1,1,100,31.523
1738264086.996629,334922.000,51618,1,T1,1,100,31.616
1738264087.130634,335056.000,51635,1,T1,1,100,31.586
1738264087.263639,335189.000,51654,1,T1,1,100,31.679
1738264087.396645,335322.000,51688,1,T1,1,100,31.613
1738264087.530650,335456.000,51706,1,T1,1,100,31.584
1738264087.663656,335589.000,51722,1,T1,1,100,31.643
1738264087.796661,335722.000,51739,1,T1,1,100,31.562
1738264087.929666,335855.000,51772,1,T1,1,100,31.562
1738264088.063671,335989.000,51788,1,T1,1,100,31.562
1738264088.196677,336122.000,51811,1,T1,1,100,31.562
1738264088.329682,336255.000,51827,1,T1,1,100,31.456
1738264088.463687,336389.000,51860,1,T1,1,100,31.481
1738264088.596693,336522.000,51877,1,T1,1,100,31.385
1738264088.729698,336655.000,51893,1,T1,1,100,31.380
1738264088.863703,336789.000,51928,1,T1,1,100,31.590
1738264088.996709,336922.000,51945,1,T1,1,100,31.574
1738264089.129714,337055.000,51961,1,T1,1,100,31.568
1738264089.263719,337189.000,51979,1,T1,1,100,31.529
1738264089.396725,337322.000,52011,1,T1,1,100,31.548
1738264089.529730,337455.000,52028,1,T1,1,100,31.556
1738264089.663735,337589.000,52047,1,T1,1,100,31.560
1738264089.796741,337722.000,52080,1,T1,1,100,31.526
1738264089.929746,337855.000,52096,1,T1,1,100,31.511
1738264090.063751,337989.000,52113,1,T1,1,100,31.540
1738264090.196757,338122.000,52146,1,T1,1,100,31.588
1738264090.329762,338255.000,52162,1,T1,1,100,31.503
1738264090.463767,338389.000,52179,1,T1,1,100,31.643
1738264090.596773,338522.000,52212,1,T1,1,100,31.597
1738264090.729778,338655.000,52228,1,T1,1,100,31.542
1738264090.863783,338789.000,52246,1,T1,1,100,31.589
1738264090.996789,338922.000,52262,1,T1,1,100,31.609
1738264091.129794,339055.000,52294,1,T1,1,100,31.583
1738264091.262799,339188.000,52314,1,T1,1,100,31.571
1738264091.396805,339322.000,52330,1,T1,1,100,31.495
1738264091.529810,339455.000,52363,1,T1,1,100,31.463
1738264091.662815,339588.000,52380,1,T1,1,100,31.555
1738264091.796820,339722.000,52396,1,T1,1,100,31.559
1738264091.929826,339855.000,52431,1,T1,1,100,31.561
1738264092.062831,339988.000,52448,1,T1,1,100,31.526
1738264092.196836,340122.000,52465,1,T1,1,100,31.547
1738264092.329842,340255.000,52499,1,T1,1,100,31.485
1738264092.462847,340388.000,52518,1,T1,1,100,31.529
1738264092.596852,340522.000,52535,1,T1,1,100,31.513
1738264092.729858,340655.000,52567,1,T1,1,100,31.541
1738264092.862863,340788.000,52585,1,T1,1,100,31.553
1738264092.996868,340922.000,52601,1,T1,1,100,31.558
1738264093.129874,341055.000,52618,1,T1,1,100,31.525
1738264093.262879,341188.000,52656,1,T1,1,100,31.546
1738264093.396884,341322.000,52674,1,T1,1,100,31.520
1738264093.529890,341455.000,52692,1,T1,1,100,31.544
1738264093.662895,341588.000,52708,1,T1,1,100,31.555
1738264093.796900,341722.000,52741,1,T1,1,100,31.559
1738264093.929906,341855.000,52758,1,T1,1,100,31.667
1738264094.062911,341988.000,52776,1,T1,1,100,31.608
1738264094.195916,342121.000,52793,1,T1,1,100,31.689
1738264094.329921,342255.000,52826,1,T1,1,100,31.582
1738264094.462927,342388.000,52842,1,T1,1,100,31.500
1738264094.595932,342521.000,52862,1,T1,1,100,31.535
1738264094.729938,342655.000,52894,1,T1,1,100,31.586
1738264094.862943,342788.000,52911,1,T1,1,100,31.573
1738264094.995948,342921.000,52928,1,T1,1,100,31.567
1738264095.129954,343055.000,52963,1,T1,1,100,31.564
1738264095.262959,343188.000,52979,1,T1,1,100,31.563
1738264095.395964,343321.000,52996,1,T1,1,100,31.598
1738264095.529969,343455.000,53031,1,T1,1,100,31.613
1738264095.662975,343588.000,53047,1,T1,1,100,31.549
1738264095.795980,343721.000,53064,1,T1,1,100,31.663
1738264095.929986,343855.000,53081,1,T1,1,100,31.641
1738264096.062991,343988.000,53113,1,T1,1,100,31.668
1738264096.195996,344121.000,53133,1,T1,1,100,31.608
1738264096.330001,344255.000,53149,1,T1,1,100,31.547
1738264096.463007,344388.000,53182,1,T1,1,100,31.591
1738264096.596012,344521.000,53199,1,T1,1,100,31.575
1738264096.730017,344655.000,53215,1,T1,1,100,31.568
1738264096.863023,344788.000,53248,1,T1,1,100,31.600
1738264096.996028,344921.000,53265,1,T1,1,100,31.614
1738264097.130033,345055.000,53281,1,T1,1,100,31.620
1738264097.263039,345188.000,53316,1,T1,1,100,31.552
1738264097.396044,345321.000,53335,1,T1,1,100,31.487
1738264097.529049,345454.000,53352,1,T1,1,100,31.707
1738264097.663055,345588.000,53384,1,T1,1,100,31.696
1738264097.796060,345721.000,53401,1,T1,1,100,31.585
1738264097.929065,345854.000,53418,1,T1,1,100,31.643
1738264098.063071,345988.000,53450,1,T1,1,100,31.597
1738264098.196076,346121.000,53468,1,T1,1,100,31.684
1738264098.329081,346254.000,53484,1,T1,1,100,31.721
1738264098.463087,346388.000,53506,1,T1,1,100,31.631
1738264098.596092,346521.000,53525,1,T1,1,100,31.628
1738264098.729097,346654.000,53557,1,T1,1,100,31.591
1738264098.863102,346788.000,53575,1,T1,1,100,31.575
1738264098.996108,346921.000,53591,1,T1,1,100,31.568
1738264099.129113,347054.000,53624,1,T1,1,100,31.600
1738264099.263119,347188.000,53641,1,T1,1,100,31.650
1738264099.396124,347321.000,53657,1,T1,1,100,31.636
1738264099.529129,347454.000,53690,1,T1,1,100,31.665
1738264099.663135,347588.000,53707,1,T1,1,100,31.607
1738264099.796140,347721.000,53725,1,T1,1,100,31.511
1738264099.929145,347854.000,53743,1,T1,1,100,31.611
1738264100.063150,347988.000,53775,1,T1,1,100,31.690
1738264100.196156,348121.000,53792,1,T1,1,100,31.724
1738264100.329161,348254.000,53809,1,T1,1,100,31.632
1738264100.463166,348388.000,53842,1,T1,1,100,31.593
1738264100.596172,348521.000,53858,1,T1,1,100,31.646
1738264100.729177,348654.000,53875,1,T1,1,100,31.492
1738264100.862182,348787.000,53910,1,T1,1,100,31.568
1738264100.996188,348921.000,53926,1,T1,1,100,31.565
1738264101.129193,349054.000,53943,1,T1,1,100,31.563
1738264101.262198,349187.000,53976,1,T1,1,100,31.669
1738264101.396204,349321.000,53992,1,T1,1,100,31.644
1738264101.529209,349454.000,54010,1,T1,1,100,31.669
1738264101.662214,349587.000,54042,1,T1,1,100,31.608
1738264101.796220,349721.000,54058,1,T1,1,100,31.618
1738264101.929225,349854.000,54076,1,T1,1,100,31.657
1738264102.062230,349987.000,54094,1,T1,1,100,31.639
1738264102.196236,350121.000,54129,1,T1,1,100,31.631
1738264102.329241,350254.000,54146,1,T1,1,100,31.592
1738264102.462246,350387.000,54162,1,T1,1,100,31.611
1738264102.596251,350521.000,54195,1,T1,1,100,31.583
1738264102.729257,350654.000,54212,1,T1,1,100,31.572
1738264102.862262,350787.000,54229,1,T1,1,100,31.602
1738264102.996268,350921.000,54261,1,T1,1,100,31.544
1738264103.129273,351054.000,54278,1,T1,1,100,31.555
1738264103.262278,351187.000,54295,1,T1,1,100,31.595
1738264103.396284,351321.000,54329,1,T1,1,100,31.612
1738264103.529289,351454.000,54352,1,T1,1,100,31.619
1738264103.662294,351587.000,54368,1,T1,1,100,31.623
1738264103.796299,351721.000,54385,1,T1,1,100,31.553
1738264103.929305,351854.000,54402,1,T1,1,100,31.700
1738264104.062310,351987.000,54434,1,T1,1,100,31.551
1738264104.195315,352120.000,54454,1,T1,1,100,31.629
1738264104.329321,352254.000,54470,1,T1,1,100,31.591
1738264104.462326,352387.000,54487,1,T1,1,100,31.610
1738264104.595331,352520.000,54520,1,T1,1,100,31.583
1738264104.729337,352654.000,54536,1,T1,1,100,31.607
1738264104.862342,352787.000,54553,1,T1,1,100,31.617
1738264104.995347,352920.000,54586,1,T1,1,100,31.657
1738264105.129353,353054.000,54602,1,T1,1,100,31.639
1738264105.262358,353187.000,54620,1,T1,1,100,31.525
1738264105.395363,353320.000,54652,1,T1,1,100,31.652
1738264105.529369,353454.000,54669,1,T1,1,100,31.601
1738264105.662374,353587.000,54686,1,T1,1,100,31.615
1738264105.795379,353720.000,54719,1,T1,1,100,31.621
1738264105.929385,353854.000,54735,1,T1,1,100,31.729
1738264106.062390,353987.000,54752,1,T1,1,100,31.706
1738264106.195395,354120.000,54785,1,T1,1,100,31.731
1738264106.329401,354254.000,54801,1,T1,1,100,31.706
1738264106.462406,354387.000,54818,1,T1,1,100,31.625
1738264106.595411,354520.000,54835,1,T1,1,100,31.660
1738264106.729417,354654.000,54867,1,T1,1,100,31.676
1738264106.862422,354787.000,54885,1,T1,1,100,31.718
1738264106.995427,354920.000,54901,1,T1,1,100,31.630
1738264107.129432,355054.000,54934,1,T1,1,100,31.733
1738264107.262438,355187.000,54953,1,T1,1,100,31.707
1738264107.395443,355320.000,54969,1,T1,1,100,31.696
1738264107.528448,355453.000,55002,1,T1,1,100,31.762
1738264107.662454,355587.000,55019,1,T1,1,100,31.720
1738264107.795459,355720.000,55035,1,T1,1,100,31.737
1738264107.928464,355853.000,55068,1,T1,1,100,31.780
1738264108.062470,355987.000,55085,1,T1,1,100,31.727
1738264108.195475,356120.000,55102,1,T1,1,100,31.598
1738264108.328480,356253.000,55134,1,T1,1,100,31.684
1738264108.462486,356387.000,55151,1,T1,1,100,31.757
1738264108.595491,356520.000,55168,1,T1,1,100,31.682
1738264108.728496,356653.000,55190,1,T1,1,100,31.614
1738264108.862502,356787.000,55207,1,T1,1,100,31.656
1738264108.995507,356920.000,55239,1,T1,1,100,31.709
1738264109.128512,357053.000,55256,1,T1,1,100,31.661
1738264109.262518,357187.000,55273,1,T1,1,100,31.712
1738264109.395523,357320.000,55305,1,T1,1,100,31.663
1738264109.528528,357453.000,55323,1,T1,1,100,31.748
1738264109.662534,357587.000,55339,1,T1,1,100,31.714
1738264109.795539,357720.000,55356,1,T1,1,100,31.699
1738264109.928544,357853.000,55389,1,T1,1,100,31.586
1738264110.062550,357987.000,55405,1,T1,1,100,31.714
1738264110.195555,358120.000,55422,1,T1,1,100,31.699
1738264110.328560,358253.000,55455,1,T1,1,100,31.693
1738264110.462566,358387.000,55471,1,T1,1,100,31.619
1738264110.595571,358520.000,55489,1,T1,1,100,31.587
1738264110.728576,358653.000,55521,1,T1,1,100,31.715
1738264110.861582,358786.000,55538,1,T1,1,100,31.699
1738264110.995587,358920.000,55557,1,T1,1,100,31.728
1738264111.128592,359053.000,55590,1,T1,1,100,31.670
1738264111.262598,359187.000,55606,1,T1,1,100,31.751
1738264111.395603,359320.000,55623,1,T1,1,100,31.750
1738264111.528608,359453.000,55658,1,T1,1,100,31.715
1738264111.661613,359586.000,55674,1,T1,1,100,31.593
1738264111.795619,359720.000,55691,1,T1,1,100,31.682
1738264111.928624,359853.000,55724,1,T1,1,100,31.756
1738264112.061630,359986.000,55740,1,T1,1,100,31.717
1738264112.195635,360120.000,55758,1,T1,1,100,31.629
1738264112.328640,360253.000,55776,1,T1,1,100,31.698
1738264112.461645,360386.000,55809,1,T1,1,100,31.692
1738264112.595651,360520.000,55826,1,T1,1,100,31.725
1738264112.728656,360653.000,55842,1,T1,1,100,31.739
1738264112.861661,360786.000,55877,1,T1,1,100,31.674
1738264112.995667,360920.000,55894,1,T1,1,100,31.575
1738264113.128672,361053.000,55910,1,T1,1,100,31.604
1738264113.261677,361186.000,55943,1,T1,1,100,31.616
1738264113.395683,361320.000,55960,1,T1,1,100,31.656
1738264113.528688,361453.000,55977,1,T1,1,100,31.710
1738264113.661693,361586.000,56009,1,T1,1,100,31.697
1738264113.795699,361720.000,56032,1,T1,1,100,31.727
1738264113.928704,361853.000,56048,1,T1,1,100,31.740
1738264114.061709,361986.000,56067,1,T1,1,100,31.852
1738264114.194715,362119.000,56084,1,T1,1,100,31.794
1738264114.328720,362253.000,56116,1,T1,1,100,31.875
1738264114.461725,362386.000,56133,1,T1,1,100,31.804
1738264114.594731,362519.000,56150,1,T1,1,100,31.773
1738264114.728736,362653.000,56182,1,T1,1,100,31.725
1738264114.861741,362786.000,56200,1,T1,1,100,31.704
1738264114.994746,362919.000,56216,1,T1,1,100,31.765
1738264115.128752,363053.000,56249,1,T1,1,100,31.686
1738264115.261757,363186.000,56268,1,T1,1,100,31.651
1738264115.394763,363319.000,56284,1,T1,1,100,31.743
1738264115.528768,363453.000,56301,1,T1,1,100,31.711
1738264115.661773,363586.000,56334,1,T1,1,100,31.662
1738264115.794778,363719.000,56350,1,T1,1,100,31.677
1738264115.928784,363853.000,56368,1,T1,1,100,31.683
1738264116.061789,363986.000,56400,1,T1,1,100,31.721
1738264116.194794,364119.000,56417,1,T1,1,100,31.667
1738264116.328800,364253.000,56434,1,T1,1,100,31.714
1738264116.461805,364386.000,56469,1,T1,1,100,31.628
1738264116.594810,364519.000,56485,1,T1,1,100,31.626
1738264116.728816,364653.000,56502,1,T1,1,100,31.732
1738264116.861821,364786.000,56535,1,T1,1,100,31.742
1738264116.994826,364919.000,56551,1,T1,1,100,31.711
1738264117.128832,365053.000,56568,1,T1,1,100,31.733
1738264117.261837,365186.000,56603,1,T1,1,100,31.814
1738264117.394842,365319.000,56621,1,T1,1,100,31.813
1738264117.528848,365453.000,56639,1,T1,1,100,31.671
1738264117.661853,365586.000,56671,1,T1,1,100,31.751
1738264117.794858,365719.000,56687,1,T1,1,100,31.821
1738264117.928864,365853.000,56705,1,T1,1,100,31.852
1738264118.061869,365986.000,56721,1,T1,1,100,31.865
1738264118.194874,366119.000,56754,1,T1,1,100,31.729
1738264118.327880,366252.000,56773,1,T1,1,100,31.705
1738264118.461885,366386.000,56791,1,T1,1,100,31.766
1738264118.594890,366519.000,56824,1,T1,1,100,31.757
1738264118.727895,366652.000,56841,1,T1,1,100,31.718
1738264118.861901,366786.000,56858,1,T1,1,100,31.736
1738264118.994906,366919.000,56880,1,T1,1,100,31.779
1738264119.127912,367052.000,56896,1,T1,1,100,31.727
1738264119.261917,367186.000,56929,1,T1,1,100,31.811
1738264119.394922,367319.000,56946,1,T1,1,100,31.812
1738264119.527927,367452.000,56963,1,T1,1,100,31.777
1738264119.661933,367586.000,56995,1,T1,1,100,31.797
1738264119.794938,367719.000,57014,1,T1,1,100,31.770
1738264119.927943,367852.000,57031,1,T1,1,100,31.794
1738264120.061949,367986.000,57063,1,T1,1,100,31.734
1738264120.194954,368119.000,57081,1,T1,1,100,31.672
1738264120.327959,368252.000,57097,1,T1,1,100,31.716
1738264120.461965,368386.000,57130,1,T1,1,100,31.594
1738264120.594970,368519.000,57147,1,T1,1,100,31.611
1738264120.727975,368652.000,57163,1,T1,1,100,31.655
1738264120.860981,368785.000,57180,1,T1,1,100,31.709
1738264120.994986,368919.000,57213,1,T1,1,100,31.768
1738264121.127991,369052.000,57229,1,T1,1,100,31.722
1738264121.260997,369185.000,57247,1,T1,1,100,31.844
1738264121.395002,369319.000,57279,1,T1,1,100,31.826
1738264121.528007,369452.000,57296,1,T1,1,100,31.712
1738264121.661013,369585.000,57313,1,T1,1,100,31.734
1738264121.795018,369719.000,57346,1,T1,1,100,31.601
1738264121.928023,369852.000,57364,1,T1,1,100,31.721
1738264122.061028,369985.000,57381,1,T1,1,100,31.737
1738264122.195034,370119.000,57416,1,T1,1,100,31.674
1738264122.328039,370252.000,57432,1,T1,1,100,31.752
1738264122.461045,370385.000,57449,1,T1,1,100,31.751
1738264122.595050,370519.000,57466,1,T1,1,100,31.750
1738264122.728055,370652.000,57498,1,T1,1,100,31.750
1738264122.861061,370785.000,57516,1,T1,1,100,31.715
1738264122.995066,370919.000,57532,1,T1,1,100,31.735
1738264123.128071,371052.000,57565,1,T1,1,100,31.743
1738264123.261076,371185.000,57582,1,T1,1,100,31.712
1738264123.395082,371319.000,57598,1,T1,1,100,31.733
1738264123.528087,371452.000,57631,1,T1,1,100,31.814
1738264123.661093,371585.000,57648,1,T1,1,100,31.707
1738264123.795098,371719.000,57664,1,T1,1,100,31.802
1738264123.928103,371852.000,57697,1,T1,1,100,31.808
1738264124.061108,371985.000,57719,1,T1,1,100,31.704
1738264124.195114,372119.000,57736,1,T1,1,100,31.695
1738264124.328119,372252.000,57753,1,T1,1,100,31.726
1738264124.461124,372385.000,57786,1,T1,1,100,31.811
1738264124.594130,372518.000,57802,1,T1,1,100,31.812
1738264124.728135,372652.000,57819,1,T1,1,100,31.741
1738264124.861140,372785.000,57836,1,T1,1,100,31.711
1738264124.994146,372918.000,57868,1,T1,1,100,31.698
1738264125.128151,373052.000,57885,1,T1,1,100,31.834
1738264125.261156,373185.000,57902,1,T1,1,100,31.715
1738264125.394162,373318.000,57934,1,T1,1,100,31.700
1738264125.528167,373452.000,57954,1,T1,1,100,31.799
1738264125.661172,373585.000,57970,1,T1,1,100,31.771
1738264125.794178,373718.000,58003,1,T1,1,100,31.759
1738264125.928183,373852.000,58020,1,T1,1,100,31.789
1738264126.061188,373985.000,58036,1,T1,1,100,31.909
1738264126.194194,374118.000,58069,1,T1,1,100,31.819
1738264126.328199,374252.000,58086,1,T1,1,100,31.780
1738264126.461204,374385.000,58102,1,T1,1,100,31.763
1738264126.594210,374518.000,58120,1,T1,1,100,31.862
1738264126.728215,374652.000,58152,1,T1,1,100,31.834
1738264126.861220,374785.000,58169,1,T1,1,100,31.786
1738264126.994226,374918.000,58186,1,T1,1,100,31.766
1738264127.128231,375052.000,58219,1,T1,1,100,31.721
1738264127.261236,375185.000,58237,1,T1,1,100,31.915
1738264127.394242,375318.000,58254,1,T1,1,100,31.857
1738264127.527247,375451.000,58287,1,T1,1,100,31.796
1738264127.661252,375585.000,58303,1,T1,1,100,31.770
1738264127.794257,375718.000,58320,1,T1,1,100,31.688
1738264127.927263,375851.000,58353,1,T1,1,100,31.829
1738264128.061268,375985.000,58369,1,T1,1,100,31.855
1738264128.194273,376118.000,58387,1,T1,1,100,31.902
1738264128.327279,376251.000,58419,1,T1,1,100,31.816
1738264128.461284,376385.000,58435,1,T1,1,100,31.814
1738264128.594289,376518.000,58455,1,T1,1,100,31.813
1738264128.727295,376651.000,58487,1,T1,1,100,31.813
1738264128.861300,376785.000,58504,1,T1,1,100,31.742
1738264128.994305,376918.000,58521,1,T1,1,100,31.782
1738264129.127311,377051.000,58537,1,T1,1,100,31.906
1738264129.261316,377185.000,58560,1,T1,1,100,31.817
1738264129.394321,377318.000,58592,1,T1,1,100,31.779
1738264129.527327,377451.000,58609,1,T1,1,100,31.763
1738264129.661332,377585.000,58626,1,T1,1,100,31.826
1738264129.794337,377718.000,58659,1,T1,1,100,31.889
1738264129.927343,377851.000,58675,1,T1,1,100,31.846
1738264130.061348,377985.000,58692,1,T1,1,100,31.969
1738264130.194353,378118.000,58725,1,T1,1,100,31.845
1738264130.327358,378251.000,58741,1,T1,1,100,31.897
1738264130.461364,378385.000,58758,1,T1,1,100,31.849
1738264130.594369,378518.000,58775,1,T1,1,100,31.757
1738264130.727375,378651.000,58807,1,T1,1,100,31.647
1738264130.860380,378784.000,58825,1,T1,1,100,31.883
1738264130.994385,378918.000,58841,1,T1,1,100,31.736
1738264131.127391,379051.000,58874,1,T1,1,100,31.709
1738264131.260396,379184.000,58891,1,T1,1,100,31.874
1738264131.394401,379318.000,58907,1,T1,1,100,31.875
1738264131.527406,379451.000,58940,1,T1,1,100,31.804
1738264131.661412,379585.000,58957,1,T1,1,100,31.844
1738264131.794417,379718.000,58973,1,T1,1,100,31.862
1738264131.927423,379851.000,59006,1,T1,1,100,31.763
1738264132.060428,379984.000,59023,1,T1,1,100,31.862
1738264132.194433,380118.000,59040,1,T1,1,100,31.905
1738264132.327438,380251.000,59074,1,T1,1,100,31.852
1738264132.460444,380384.000,59091,1,T1,1,100,31.865
1738264132.594449,380518.000,59108,1,T1,1,100,31.835
1738264132.727454,380651.000,59125,1,T1,1,100,31.893
1738264132.860460,380784.000,59158,1,T1,1,100,31.847
1738264132.994465,380918.000,59174,1,T1,1,100,31.828
1738264133.127470,381051.000,59191,1,T1,1,100,31.819
1738264133.260476,381184.000,59226,1,T1,1,100,31.815
1738264133.394481,381318.000,59242,1,T1,1,100,31.814
1738264133.527486,381451.000,59260,1,T1,1,100,31.848
1738264133.660492,381584.000,59292,1,T1,1,100,31.828
1738264133.794497,381718.000,59308,1,T1,1,100,31.926
1738264133.927502,381851.000,59326,1,T1,1,100,31.968
1738264134.060508,381984.000,59358,1,T1,1,100,31.951
1738264134.193513,382117.000,59375,1,T1,1,100,31.837
1738264134.327518,382251.000,59397,1,T1,1,100,31.823
1738264134.460524,382384.000,59413,1,T1,1,100,31.888
1738264134.593529,382517.000,59431,1,T1,1,100,31.810
1738264134.727534,382651.000,59463,1,T1,1,100,31.811
1738264134.860539,382784.000,59480,1,T1,1,100,31.847
1738264134.993545,382917.000,59497,1,T1,1,100,31.828
1738264135.127550,383051.000,59530,1,T1,1,100,31.819
1738264135.260556,383184.000,59546,1,T1,1,100,31.709
1738264135.393561,383317.000,59563,1,T1,1,100,31.910
1738264135.527566,383451.000,59596,1,T1,1,100,31.819
1738264135.660572,383584.000,59612,1,T1,1,100,31.815
1738264135.793577,383717.000,59629,1,T1,1,100,31.885
1738264135.927582,383851.000,59646,1,T1,1,100,31.844
1738264136.060587,383984.000,59678,1,T1,1,100,31.826
1738264136.193593,384117.000,59696,1,T1,1,100,31.854
1738264136.327598,384251.000,59712,1,T1,1,100,31.866
1738264136.460603,384384.000,59745,1,T1,1,100,31.871
1738264136.593609,384517.000,59762,1,T1,1,100,31.980
1738264136.727614,384651.000,59778,1,T1,1,100,31.991
1738264136.860619,384784.000,59811,1,T1,1,100,31.996
1738264136.993625,384917.000,59828,1,T1,1,100,31.963
1738264137.127630,385051.000,59844,1,T1,1,100,31.948
1738264137.260635,385184.000,59879,1,T1,1,100,31.836
1738264137.393641,385317.000,59896,1,T1,1,100,31.823
1738264137.526646,385450.000,59913,1,T1,1,100,31.994
1738264137.660651,385584.000,59945,1,T1,1,100,31.962
1738264137.793657,385717.000,59962,1,T1,1,100,31.877
1738264137.926662,385850.000,59979,1,T1,1,100,31.805
1738264138.060667,385984.000,60013,1,T1,1,100,31.845
1738264138.193673,386117.000,60031,1,T1,1,100,31.826
1738264138.326678,386250.000,60047,1,T1,1,100,31.854
1738264138.460683,386384.000,60064,1,T1,1,100,31.795
1738264138.593688,386517.000,60097,1,T1,1,100,31.805
1738264138.726694,386650.000,60113,1,T1,1,100,31.774
1738264138.860699,386784.000,60131,1,T1,1,100,31.831
1738264138.993705,386917.000,60163,1,T1,1,100,31.785
1738264139.126710,387050.000,60181,1,T1,1,100,31.907
1738264139.260715,387184.000,60199,1,T1,1,100,31.889
1738264139.393720,387317.000,60235,2,T1,1,100,31.881
1738264139.526726,387450.000,60235,2,T1,1,100,31.771
1738264139.660731,387584.000,60267,1,T1,1,100,31.830
1738264139.793736,387717.000,60283,1,T1,1,100,31.856
1738264139.926742,387850.000,60301,1,T1,1,100,31.867
1738264140.060747,387984.000,60335,1,T1,1,100,31.836
1738264140.193753,388117.000,60352,1,T1,1,100,31.823
1738264140.326758,388250.000,60369,1,T1,1,100,31.959
1738264140.459763,388383.000,60402,1,T1,1,100,31.911
1738264140.593768,388517.000,60418,1,T1,1,100,31.855
1738264140.726774,388650.000,60435,1,T1,1,100,31.831
1738264140.859779,388783.000,60468,1,T1,1,100,31.856
1738264140.993784,388917.000,60484,1,T1,1,100,31.938
1738264141.126790,389050.000,60503,1,T1,1,100,31.796
1738264141.259795,389183.000,60536,1,T1,1,100,31.770
1738264141.393800,389317.000,60552,1,T1,1,100,31.829
1738264141.526806,389450.000,60570,1,T1,1,100,31.820
1738264141.659811,389583.000,60586,1,T1,1,100,31.958
1738264141.793816,389717.000,60619,1,T1,1,100,31.911
1738264141.926822,389850.000,60636,1,T1,1,100,31.855
1738264142.059827,389983.000,60652,1,T1,1,100,31.831
1738264142.193832,390117.000,60687,1,T1,1,100,31.927
1738264142.326838,390250.000,60704,1,T1,1,100,31.862
1738264142.459843,390383.000,60722,1,T1,1,100,31.834
1738264142.593848,390517.000,60755,1,T1,1,100,31.857
1738264142.726854,390650.000,60772,1,T1,1,100,31.832
1738264142.859859,390783.000,60789,1,T1,1,100,31.963
1738264142.993864,390917.000,60821,1,T1,1,100,31.877
1738264143.126869,391050.000,60838,1,T1,1,100,31.876
1738264143.259875,391183.000,60855,1,T1,1,100,31.946
1738264143.393880,391317.000,60872,1,T1,1,100,32.048
1738264143.526886,391450.000,60905,1,T1,1,100,31.879
1738264143.659891,391583.000,60921,1,T1,1,100,31.841
1738264143.793896,391717.000,60938,1,T1,1,100,31.931
1738264143.926902,391850.000,60971,1,T1,1,100,31.970
1738264144.059907,391983.000,60987,1,T1,1,100,31.952
1738264144.192912,392116.000,61005,1,T1,1,100,31.979
1738264144.326917,392250.000,61039,1,T1,1,100,32.062
1738264144.459923,392383.000,61055,1,T1,1,100,31.991
1738264144.592928,392516.000,61080,1,T1,1,100,31.961
1738264144.726933,392650.000,61096,1,T1,1,100,31.912
1738264144.859939,392783.000,61113,1,T1,1,100,31.856
1738264144.992944,392916.000,61146,1,T1,1,100,32.008
1738264145.126949,393050.000,61162,1,T1,1,100,31.933
1738264145.259955,393183.000,61180,1,T1,1,100,31.935
1738264145.392960,393316.000,61212,1,T1,1,100,31.901
1738264145.526965,393450.000,61229,1,T1,1,100,31.922
1738264145.659971,393583.000,61246,1,T1,1,100,31.931
1738264145.792976,393716.000,61279,1,T1,1,100,31.935
1738264145.926981,393850.000,61295,1,T1,1,100,31.901
1738264146.059987,393983.000,61312,1,T1,1,100,31.993
1738264146.192992,394116.000,61345,1,T1,1,100,31.961
1738264146.326997,394250.000,61361,1,T1,1,100,32.019
1738264146.460003,394383.000,61378,1,T1,1,100,31.902
1738264146.593008,394516.000,61395,1,T1,1,100,31.922
1738264146.727013,394650.000,61427,1,T1,1,100,31.931
1738264146.860018,394783.000,61445,1,T1,1,100,31.935
1738264146.993024,394916.000,61461,1,T1,1,100,32.043
1738264147.127029,395050.000,61494,1,T1,1,100,32.018
1738264147.260035,395183.000,61513,1,T1,1,100,31.937
1738264147.393040,395316.000,61529,1,T1,1,100,31.795
1738264147.526045,395449.000,61562,1,T1,1,100,31.876
1738264147.660050,395583.000,61579,1,T1,1,100,31.946
1738264147.793056,395716.000,61595,1,T1,1,100,31.870
1738264147.926061,395849.000,61628,1,T1,1,100,31.908
1738264148.060066,395983.000,61645,1,T1,1,100,31.854
1738264148.193072,396116.000,61662,1,T1,1,100,31.937
1738264148.326077,396249.000,61694,1,T1,1,100,31.902
1738264148.460083,396383.000,61711,1,T1,1,100,31.887
1738264148.593088,396516.000,61728,1,T1,1,100,31.809
1738264148.726093,396649.000,61745,1,T1,1,100,31.917
1738264148.860098,396783.000,61778,1,T1,1,100,32.000
1738264148.993104,396916.000,61794,1,T1,1,100,32.000
1738264149.126109,397049.000,61811,1,T1,1,100,31.894
1738264149.260114,397183.000,61844,1,T1,1,100,31.989
1738264149.393120,397316.000,61860,1,T1,1,100,31.925
1738264149.526125,397449.000,61878,1,T1,1,100,31.896
1738264149.660130,397583.000,61915,1,T1,1,100,31.849
1738264149.793136,397716.000,61932,1,T1,1,100,31.828
1738264149.926141,397849.000,61949,1,T1,1,100,31.926
1738264150.060146,397983.000,61965,1,T1,1,100,32.039
1738264150.193152,398116.000,61982,1,T1,1,100,31.981
1738264150.326157,398249.000,62015,1,T1,1,100,31.992
1738264150.460162,398383.000,62031,1,T1,1,100,32.067
1738264150.593168,398516.000,62049,1,T1,1,100,32.029
1738264150.726173,398649.000,62083,1,T1,1,100,32.013
1738264150.859178,398782.000,62100,1,T1,1,100,32.041
1738264150.993184,398916.000,62117,1,T1,1,100,32.018
1738264151.126189,399049.000,62150,1,T1,1,100,31.972
1738264151.259194,399182.000,62166,1,T1,1,100,31.988
1738264151.393199,399316.000,62183,1,T1,1,100,31.995
1738264151.526205,399449.000,62216,1,T1,1,100,31.998
1738264151.659210,399582.000,62232,1,T1,1,100,32.034
1738264151.793216,399716.000,62249,1,T1,1,100,31.979
1738264151.926221,399849.000,62282,1,T1,1,100,31.920
1738264152.059226,399982.000,62298,1,T1,1,100,31.965
1738264152.193231,400116.000,62316,1,T1,1,100,32.021
1738264152.326237,400249.000,62350,1,T1,1,100,31.973
1738264152.459242,400382.000,62366,1,T1,1,100,31.847
1738264152.593247,400516.000,62384,1,T1,1,100,31.792
1738264152.726253,400649.000,62400,1,T1,1,100,31.910
1738264152.859258,400782.000,62433,1,T1,1,100,31.961
1738264152.993263,400916.000,62450,1,T1,1,100,31.983
1738264153.126269,401049.000,62466,1,T1,1,100,31.957
1738264153.259274,401182.000,62499,1,T1,1,100,31.875
1738264153.393279,401316.000,62518,1,T1,1,100,31.946
1738264153.526285,401449.000,62535,1,T1,1,100,32.012
1738264153.659290,401582.000,62567,1,T1,1,100,31.970
1738264153.793295,401716.000,62584,1,T1,1,100,31.987
1738264153.926301,401849.000,62601,1,T1,1,100,31.888
1738264154.059306,401982.000,62633,1,T1,1,100,31.916
1738264154.192311,402115.000,62653,1,T1,1,100,31.893
1738264154.326317,402249.000,62669,1,T1,1,100,31.954
1738264154.459322,402382.000,62702,1,T1,1,100,31.909
1738264154.592327,402515.000,62719,1,T1,1,100,31.996
1738264154.726333,402649.000,62735,1,T1,1,100,31.892
1738264154.859338,402782.000,62758,1,T1,1,100,31.847
1738264154.992343,402915.000,62774,1,T1,1,100,31.792
1738264155.126348,403049.000,62807,1,T1,1,100,31.839
1738264155.259354,403182.000,62824,1,T1,1,100,31.895
1738264155.392359,403315.000,62840,1,T1,1,100,31.884
1738264155.526365,403449.000,62859,1,T1,1,100,31.985
1738264155.659370,403582.000,62892,1,T1,1,100,31.958
1738264155.792375,403715.000,62908,1,T1,1,100,31.911
1738264155.926380,403849.000,62926,1,T1,1,100,32.032
1738264156.059386,403982.000,62958,1,T1,1,100,31.943
1738264156.192391,404115.000,62975,1,T1,1,100,31.904
1738264156.326396,404249.000,62992,1,T1,1,100,31.852
1738264156.459402,404382.000,63025,1,T1,1,100,31.865
1738264156.592407,404515.000,63041,1,T1,1,100,31.906
1738264156.726412,404649.000,63058,1,T1,1,100,31.959
1738264156.859418,404782.000,63091,1,T1,1,100,32.053
1738264156.992423,404915.000,63109,1,T1,1,100,31.988
1738264157.126428,405049.000,63126,1,T1,1,100,31.995
1738264157.259434,405182.000,63161,1,T1,1,100,31.962
1738264157.392439,405315.000,63177,1,T1,1,100,31.877
1738264157.525444,405448.000,63195,1,T1,1,100,31.982
1738264157.659450,405582.000,63227,1,T1,1,100,32.028
1738264157.792455,405715.000,63243,1,T1,1,100,32.047
1738264157.925460,405848.000,63261,1,T1,1,100,32.021
1738264158.059466,405982.000,63277,1,T1,1,100,31.973
1738264158.192471,406115.000,63310,1,T1,1,100,31.953
1738264158.325476,406248.000,63327,1,T1,1,100,32.086
1738264158.459481,406382.000,63343,1,T1,1,100,31.931
1738264158.592487,406515.000,63378,1,T1,1,100,31.935
1738264158.725492,406648.000,63395,1,T1,1,100,32.043
1738264158.859498,406782.000,63412,1,T1,1,100,31.948
1738264158.992503,406915.000,63444,1,T1,1,100,31.977
1738264159.125508,407048.000,63461,1,T1,1,100,32.061
1738264159.259514,407182.000,63478,1,T1,1,100,32.062
1738264159.392519,407315.000,63510,1,T1,1,100,32.133
1738264159.525524,407448.000,63528,1,T1,1,100,31.951
1738264159.659529,407582.000,63544,1,T1,1,100,31.979
1738264159.792535,407715.000,63577,1,T1,1,100,31.955
1738264159.925540,407848.000,63599,1,T1,1,100,32.052
1738264160.059546,407982.000,63615,1,T1,1,100,31.987
1738264160.192551,408115.000,63635,1,T1,1,100,31.959
1738264160.325556,408248.000,63651,1,T1,1,100,32.018
1738264160.459561,408382.000,63684,1,T1,1,100,32.079
1738264160.592567,408515.000,63701,1,T1,1,100,31.963
1738264160.725572,408648.000,63717,1,T1,1,100,31.913
1738264160.858577,408781.000,63750,1,T1,1,100,31.962
1738264160.992583,408915.000,63767,1,T1,1,100,31.948
1738264161.125588,409048.000,63783,1,T1,1,100,31.978
1738264161.258593,409181.000,63801,1,T1,1,100,31.955
1738264161.392599,409315.000,63833,1,T1,1,100,31.874
1738264161.525604,409448.000,63850,1,T1,1,100,31.946
1738264161.658609,409581.000,63867,1,T1,1,100,31.906
1738264161.792615,409715.000,63900,1,T1,1,100,31.959
1738264161.925620,409848.000,63916,1,T1,1,100,31.982
1738264162.058625,409981.000,63933,1,T1,1,100,32.028
1738264162.192631,410115.000,63968,1,T1,1,100,32.012
1738264162.325636,410248.000,63986,1,T1,1,100,31.934
1738264162.458641,410381.000,64003,1,T1,1,100,31.972
1738264162.592647,410515.000,64036,1,T1,1,100,32.023
1738264162.725652,410648.000,64052,1,T1,1,100,32.081
1738264162.858657,410781.000,64070,1,T1,1,100,32.035
1738264162.992663,410915.000,64086,1,T1,1,100,32.051
1738264163.125668,411048.000,64118,1,T1,1,100,31.986
1738264163.258673,411181.000,64136,1,T1,1,100,31.923
1738264163.392678,411315.000,64152,1,T1,1,100,31.931
1738264163.525684,411448.000,64185,1,T1,1,100,32.041
1738264163.658689,411581.000,64202,1,T1,1,100,32.018
1738264163.792695,411715.000,64220,1,T1,1,100,32.043
1738264163.925700,411848.000,64253,1,T1,1,100,32.019
1738264164.058705,411981.000,64270,1,T1,1,100,31.973
1738264164.191710,412114.000,64287,1,T1,1,100,31.988
1738264164.325716,412248.000,64319,1,T1,1,100,31.924
1738264164.458721,412381.000,64336,1,T1,1,100,31.967
1738264164.591726,412514.000,64353,1,T1,1,100,32.021
1738264164.725732,412648.000,64387,1,T1,1,100,32.009
1738264164.858737,412781.000,64405,1,T1,1,100,31.969
1738264164.991742,412914.000,64421,1,T1,1,100,32.093
1738264165.125748,413048.000,64443,1,T1,1,100,32.005
1738264165.258753,413181.000,64460,1,T1,1,100,31.967
1738264165.391758,413314.000,64492,1,T1,1,100,32.056
1738264165.525764,413448.000,64510,1,T1,1,100,31.989
1738264165.658769,413581.000,64528,1,T1,1,100,31.995
1738264165.791774,413714.000,64561,1,T1,1,100,32.033
1738264165.925780,413848.000,64578,1,T1,1,100,32.014
1738264166.058785,413981.000,64594,1,T1,1,100,32.042
1738264166.191790,414114.000,64627,1,T1,1,100,32.054
1738264166.325796,414248.000,64644,1,T1,1,100,31.952
1738264166.458801,414381.000,64660,1,T1,1,100,32.015
1738264166.591806,414514.000,64693,1,T1,1,100,31.971
1738264166.725811,414648.000,64712,1,T1,1,100,32.023
1738264166.858817,414781.000,64729,1,T1,1,100,32.045
1738264166.991822,414914.000,64746,1,T1,1,100,32.055
1738264167.125828,415048.000,64778,1,T1,1,100,32.130
1738264167.258833,415181.000,64797,1,T1,1,100,32.127
1738264167.391838,415314.000,64814,1,T1,1,100,32.055
1738264167.524843,415447.000,64847,1,T1,1,100,32.095
1738264167.658849,415581.000,64865,1,T1,1,100,31.935
1738264167.791854,415714.000,64882,1,T1,1,100,32.043
1738264167.925859,415848.000,64915,1,T1,1,100,32.054
1738264168.058865,415981.000,64931,1,T1,1,100,31.952
1738264168.191870,416114.000,64949,1,T1,1,100,31.908
1738264168.324875,416247.000,64983,1,T1,1,100,31.960
1738264168.458881,416381.000,64999,1,T1,1,100,32.018
1738264168.591886,416514.000,65017,1,T1,1,100,32.008
1738264168.724891,416647.000,65049,1,T1,1,100,32.003
1738264168.858897,416781.000,65066,1,T1,1,100,31.966
1738264168.991902,416914.000,65083,1,T1,1,100,32.021
1738264169.124907,417047.000,65116,1,T1,1,100,32.115
1738264169.258913,417181.000,65132,1,T1,1,100,32.050
1738264169.391918,417314.000,65149,1,T1,1,100,32.022
1738264169.524923,417447.000,65165,1,T1,1,100,32.009
1738264169.658929,417581.000,65198,1,T1,1,100,32.110
1738264169.791934,417714.000,65215,1,T1,1,100,32.190
1738264169.924939,417847.000,65232,1,T1,1,100,32.082
1738264170.058945,417981.000,65264,1,T1,1,100,32.071
1738264170.191950,418114.000,65287,1,T1,1,100,32.137
1738264170.324955,418247.000,65303,1,T1,1,100,32.130
1738264170.458961,418381.000,65320,1,T1,1,100,32.056
1738264170.591966,418514.000,65337,1,T1,1,100,32.095
1738264170.724971,418647.000,65369,1,T1,1,100,32.006
1738264170.857976,418780.000,65389,1,T1,1,100,32.109
1738264170.991982,418914.000,65405,1,T1,1,100,32.047
1738264171.124987,419047.000,65438,1,T1,1,100,32.020
1738264171.257993,419180.000,65455,1,T1,1,100,32.044
1738264171.391998,419314.000,65471,1,T1,1,100,32.126
1738264171.525003,419447.000,65504,1,T1,1,100,31.912
1738264171.658009,419580.000,65521,1,T1,1,100,31.927
1738264171.792014,419714.000,1,1,T1,1,100,31.968
1738264171.925019,419847.000,34,1,T1,1,100,31.951
1738264172.058024,419980.000,51,1,T1,1,100,31.979
1738264172.192030,420114.000,68,1,T1,1,100,32.062
1738264172.325035,420247.000,102,1,T1,1,100,32.027
1738264172.458040,420380.000,119,1,T1,1,100,32.047
1738264172.592046,420514.000,136,1,T1,1,100,32.127
1738264172.725051,420647.000,153,1,T1,1,100,32.161
1738264172.858056,420780.000,186,1,T1,1,100,32.105
1738264172.992062,420914.000,202,1,T1,1,100,32.046
1738264173.125067,421047.000,221,1,T1,1,100,32.055
1738264173.258072,421180.000,254,1,T1,1,100,32.024
1738264173.392078,421314.000,270,1,T1,1,100,31.975
1738264173.525083,421447.000,288,1,T1,1,100,32.025
1738264173.658088,421580.000,320,1,T1,1,100,32.082
1738264173.792094,421714.000,338,1,T1,1,100,32.106
1738264173.925099,421847.000,356,1,T1,1,100,32.117
1738264174.058104,421980.000,388,1,T1,1,100,31.980
1738264174.191110,422113.000,405,1,T1,1,100,31.920
1738264174.325115,422247.000,422,1,T1,1,100,32.001
1738264174.458120,422380.000,438,1,T1,1,100,32.036
1738264174.591125,422513.000,471,1,T1,1,100,32.086
1738264174.725131,422647.000,488,1,T1,1,100,32.144
1738264174.858136,422780.000,505,1,T1,1,100,32.027
1738264174.991142,422913.000,537,1,T1,1,100,32.012
1738264175.125147,423047.000,554,1,T1,1,100,32.111
1738264175.258152,423180.000,571,1,T1,1,100,32.048
1738264175.391157,423313.000,610,1,T1,1,100,32.127
1738264175.525163,423447.000,628,1,T1,1,100,32.126
1738264175.658168,423580.000,644,1,T1,1,100,32.019
1738264175.791173,423713.000,677,1,T1,1,100,32.044
1738264175.925179,423847.000,694,1,T1,1,100,32.125
1738264176.058184,423980.000,710,1,T1,1,100,32.125
1738264176.191190,424113.000,727,1,T1,1,100,32.019
1738264176.325195,424247.000,760,1,T1,1,100,32.044
1738264176.458200,424380.000,776,1,T1,1,100,32.161
1738264176.591205,424513.000,794,1,T1,1,100,32.034
1738264176.725211,424647.000,826,1,T1,1,100,32.121
1738264176.858216,424780.000,843,1,T1,1,100,32.088
1738264176.991221,424913.000,860,1,T1,1,100,32.073
1738264177.125227,425047.000,893,1,T1,1,100,32.103
1738264177.258232,425180.000,911,1,T1,1,100,32.151
1738264177.391237,425313.000,928,1,T1,1,100,32.172
1738264177.524243,425446.000,961,1,T1,1,100,32.110
1738264177.658248,425580.000,977,1,T1,1,100,31.977
1738264177.791253,425713.000,994,1,T1,1,100,32.132
1738264177.924259,425846.000,1027,1,T1,1,100,32.128
1738264178.058264,425980.000,1043,1,T1,1,100,32.126
1738264178.191269,426113.000,1061,1,T1,1,100,32.232
1738264178.324275,426246.000,1093,1,T1,1,100,32.136
1738264178.458280,426380.000,1109,1,T1,1,100,32.165
1738264178.591285,426513.000,1127,1,T1,1,100,32.107
1738264178.724291,426646.000,1143,1,T1,1,100,32.046
1738264178.858296,426780.000,1178,1,T1,1,100,32.020
1738264178.991301,426913.000,1195,1,T1,1,100,32.009
1738264179.124306,427046.000,1211,1,T1,1,100,32.216
1738264179.258312,427180.000,1244,1,T1,1,100,32.129
1738264179.391317,427313.000,1261,1,T1,1,100,32.091
1738264179.524323,427446.000,1280,1,T1,1,100,32.040
1738264179.658328,427580.000,1312,1,T1,1,100,32.088
1738264179.791333,427713.000,1329,1,T1,1,100,32.144
1738264179.924338,427846.000,1346,1,T1,1,100,32.133
1738264180.058344,427980.000,1378,1,T1,1,100,32.200
1738264180.191349,428113.000,1396,1,T1,1,100,32.086
1738264180.324354,428246.000,1412,1,T1,1,100,32.144
1738264180.458360,428380.000,1434,1,T1,1,100,32.133
1738264180.591365,428513.000,1467,1,T1,1,100,32.093
1738264180.724370,428646.000,1483,1,T1,1,100,32.005
1738264180.857376,428779.000,1500,1,T1,1,100,32.038
1738264180.991381,428913.000,1533,1,T1,1,100,32.052
1738264181.124386,429046.000,1549,1,T1,1,100,32.058
1738264181.258392,429180.000,1567,1,T1,1,100,32.060
1738264181.391397,429313.000,1599,1,T1,1,100,32.203
1738264181.524402,429446.000,1616,1,T1,1,100,32.159
1738264181.657408,429579.000,1633,1,T1,1,100,32.104
1738264181.791413,429713.000,1666,1,T1,1,100,32.045
1738264181.924418,429846.000,1684,1,T1,1,100,32.020
1738264182.058424,429980.000,1701,1,T1,1,100,32.044
1738264182.191429,430113.000,1736,1,T1,1,100,32.125
1738264182.324434,430246.000,1752,1,T1,1,100,32.125
1738264182.457440,430379.000,1769,1,T1,1,100,32.090
1738264182.591445,430513.000,1786,1,T1,1,100,32.074
1738264182.724450,430646.000,1818,1,T1,1,100,32.032
1738264182.857455,430779.000,1836,1,T1,1,100,31.978
1738264182.991461,430913.000,1854,1,T1,1,100,32.133
1738264183.124466,431046.000,1887,1,T1,1,100,32.235
1738264183.257472,431179.000,1904,1,T1,1,100,32.172
1738264183.391477,431313.000,1920,1,T1,1,100,32.252
1738264183.524482,431446.000,1953,1,T1,1,100,32.180
1738264183.657487,431579.000,1970,1,T1,1,100,32.078
1738264183.791493,431713.000,1986,1,T1,1,100,32.105
1738264183.924498,431846.000,2019,1,T1,1,100,32.152
1738264184.057503,431979.000,2036,1,T1,1,100,32.101
1738264184.190509,432112.000,2055,1,T1,1,100,32.221
1738264184.324514,432246.000,2087,1,T1,1,100,32.096
1738264184.457520,432379.000,2104,1,T1,1,100,32.041
1738264184.590525,432512.000,2121,1,T1,1,100,32.124
1738264184.724530,432646.000,2138,1,T1,1,100,32.125
1738264184.857535,432779.000,2171,1,T1,1,100,32.089
1738264184.990541,432912.000,2187,1,T1,1,100,32.145
1738264185.124546,433046.000,2204,1,T1,1,100,32.169
1738264185.257551,433179.000,2239,1,T1,1,100,32.144
1738264185.390557,433312.000,2255,1,T1,1,100,32.133
1738264185.524562,433446.000,2278,1,T1,1,100,32.093
1738264185.657567,433579.000,2310,1,T1,1,100,32.182
1738264185.790573,433712.000,2326,1,T1,1,100,32.114
1738264185.924578,433846.000,2344,1,T1,1,100,32.120
1738264186.057583,433979.000,2376,1,T1,1,100,32.158
1738264186.190589,434112.000,2393,1,T1,1,100,32.175
1738264186.324594,434246.000,2410,1,T1,1,100,32.182
1738264186.457599,434379.000,2426,1,T1,1,100,32.114
1738264186.590605,434512.000,2459,1,T1,1,100,32.156
1738264186.724610,434646.000,2476,1,T1,1,100,32.103
1738264186.857615,434779.000,2493,1,T1,1,100,32.186
1738264186.990621,434912.000,2525,1,T1,1,100,32.116
1738264187.124626,435046.000,2542,1,T1,1,100,32.121
1738264187.257631,435179.000,2561,1,T1,1,100,32.159
1738264187.390636,435312.000,2593,1,T1,1,100,32.211
1738264187.524642,435446.000,2611,1,T1,1,100,32.233
1738264187.657647,435579.000,2627,1,T1,1,100,32.172
1738264187.790653,435712.000,2660,1,T1,1,100,32.074
1738264187.923658,435845.000,2677,1,T1,1,100,32.032
1738264188.057663,435979.000,2693,1,T1,1,100,32.049
1738264188.190668,436112.000,2726,1,T1,1,100,32.021
1738264188.323674,436245.000,2743,1,T1,1,100,32.116
1738264188.457679,436379.000,2759,1,T1,1,100,32.121
1738264188.590684,436512.000,2777,1,T1,1,100,32.301
1738264188.723690,436645.000,2809,1,T1,1,100,32.130
1738264188.857695,436779.000,2826,1,T1,1,100,32.092
1738264188.990700,436912.000,2843,1,T1,1,100,32.252
1738264189.123706,437045.000,2876,1,T1,1,100,32.216
1738264189.257711,437179.000,2892,1,T1,1,100,32.164
1738264189.390716,437312.000,2909,1,T1,1,100,32.213
1738264189.523722,437445.000,2942,1,T1,1,100,32.163
1738264189.657727,437579.000,2958,1,T1,1,100,32.071
1738264189.790732,437712.000,2975,1,T1,1,100,32.101
1738264189.923738,437845.000,3008,1,T1,1,100,32.150
1738264190.057743,437979.000,3024,1,T1,1,100,32.171
1738264190.190748,438112.000,3042,1,T1,1,100,32.181
1738264190.323754,438245.000,3074,1,T1,1,100,32.220
1738264190.457759,438379.000,3092,1,T1,1,100,32.308
1738264190.590764,438512.000,3110,1,T1,1,100,32.169
1738264190.723770,438645.000,3131,1,T1,1,100,32.144
1738264190.857775,438779.000,3164,1,T1,1,100,32.169
1738264190.990780,438912.000,3181,1,T1,1,100,32.250
1738264191.123785,439045.000,3197,1,T1,1,100,32.321
1738264191.256791,439178.000,3232,1,T1,1,100,32.245
1738264191.390796,439312.000,3249,1,T1,1,100,32.142
1738264191.523802,439445.000,3266,1,T1,1,100,32.097
1738264191.656807,439578.000,3298,1,T1,1,100,32.148
1738264191.790812,439712.000,3315,1,T1,1,100,32.135
1738264191.923817,439845.000,3332,1,T1,1,100,32.200
1738264192.056823,439978.000,3364,1,T1,1,100,32.158
1738264192.190828,440112.000,3382,1,T1,1,100,32.210
1738264192.323833,440245.000,3400,1,T1,1,100,32.233
1738264192.456839,440378.000,3419,1,T1,1,100,32.207
1738264192.590844,440512.000,3452,1,T1,1,100,32.196
1738264192.723849,440645.000,3468,1,T1,1,100,32.191
1738264192.856855,440778.000,3486,1,T1,1,100,32.225
1738264192.990860,440912.000,3518,1,T1,1,100,32.204
1738264193.123865,441045.000,3534,1,T1,1,100,32.159
1738264193.256871,441178.000,3552,1,T1,1,100,32.140
1738264193.390876,441312.000,3584,1,T1,1,100,32.273
1738264193.523881,441445.000,3601,1,T1,1,100,32.331
1738264193.656887,441578.000,3618,1,T1,1,100,32.356
1738264193.790892,441712.000,3651,1,T1,1,100,32.225
1738264193.923897,441845.000,3667,1,T1,1,100,32.204
1738264194.056903,441978.000,3684,1,T1,1,100,32.195
1738264194.189908,442111.000,3700,1,T1,1,100,32.226
1738264194.323913,442245.000,3735,1,T1,1,100,32.169
1738264194.456918,442378.000,3752,1,T1,1,100,32.179
1738264194.589924,442511.000,3769,1,T1,1,100,32.184
1738264194.723929,442645.000,3803,1,T1,1,100,32.151
1738264194.856935,442778.000,3821,1,T1,1,100,32.172
1738264194.989940,442911.000,3837,1,T1,1,100,32.216
1738264195.123945,443045.000,3870,1,T1,1,100,32.164
1738264195.256951,443178.000,3887,1,T1,1,100,32.107
1738264195.389956,443311.000,3903,1,T1,1,100,32.188
1738264195.523961,443445.000,3936,1,T1,1,100,32.188
1738264195.656966,443578.000,3953,1,T1,1,100,32.152
1738264195.789972,443711.000,3974,1,T1,1,100,32.137
1738264195.923977,443845.000,4007,1,T1,1,100,32.166
1738264196.056983,443978.000,4024,1,T1,1,100,32.107
1738264196.189988,444111.000,4041,1,T1,1,100,32.082
1738264196.323993,444245.000,4058,1,T1,1,100,32.106
1738264196.456998,444378.000,4091,1,T1,1,100,32.152
1738264196.590004,444511.000,4107,1,T1,1,100,32.172
1738264196.724009,444645.000,4124,1,T1,1,100,32.145
1738264196.857014,444778.000,4157,1,T1,1,100,32.098
1738264196.990020,444911.000,4173,1,T1,1,100,32.149
1738264197.124025,445045.000,4190,1,T1,1,100,32.242
1738264197.257030,445178.000,4227,1,T1,1,100,32.211
1738264197.390036,445311.000,4243,1,T1,1,100,32.127
1738264197.523041,445444.000,4261,1,T1,1,100,32.197
1738264197.657046,445578.000,4293,1,T1,1,100,32.227
1738264197.790052,445711.000,4309,1,T1,1,100,32.240
1738264197.923057,445844.000,4327,1,T1,1,100,32.175
1738264198.057062,445978.000,4359,1,T1,1,100,32.182
1738264198.190068,446111.000,4376,1,T1,1,100,32.256
1738264198.323073,446244.000,4393,1,T1,1,100,32.217
1738264198.457078,446378.000,4409,1,T1,1,100,32.236
1738264198.590084,446511.000,4442,1,T1,1,100,32.244
1738264198.723089,446644.000,4459,1,T1,1,100,32.283
1738264198.857094,446778.000,4476,1,T1,1,100,32.264
1738264198.990099,446911.000,4508,1,T1,1,100,32.150
1738264199.123105,447044.000,4525,1,T1,1,100,32.207
1738264199.257110,447178.000,4542,1,T1,1,100,32.196
1738264199.390115,447311.000,4574,1,T1,1,100,32.191
1738264199.523121,447444.000,4592,1,T1,1,100,32.083
1738264199.657126,447578.000,4610,1,T1,1,100,32.107
1738264199.790132,447711.000,4643,1,T1,1,100,32.188
1738264199.923137,447844.000,4660,1,T1,1,100,32.188
1738264200.057142,447978.000,4676,1,T1,1,100,32.117
1738264200.190147,448111.000,4693,1,T1,1,100,32.192
1738264200.323153,448244.000,4726,1,T1,1,100,32.225
1738264200.457158,448378.000,4742,1,T1,1,100,32.239
1738264200.590163,448511.000,4760,1,T1,1,100,32.316
1738264200.723169,448644.000,4792,1,T1,1,100,32.314
1738264200.856674,448777.500,4813,2,T1,1,100,32.278
1738264200.990179,448911.000,4813,2,T1,1,100,32.262
1738264201.123185,449044.000,4846,1,T1,1,100,32.255
1738264201.257190,449178.000,4862,1,T1,1,100,32.252
1738264201.390195,449311.000,4879,1,T1,1,100,32.180
1738264201.523201,449444.000,4912,1,T1,1,100,32.184
1738264201.656206,449577.000,4928,1,T1,1,100,32.257
1738264201.790211,449711.000,4945,1,T1,1,100,32.218
1738264201.923217,449844.000,4978,1,T1,1,100,32.165
1738264202.056222,449977.000,4994,1,T1,1,100,32.142
1738264202.190227,450111.000,5012,1,T1,1,100,32.132
1738264202.323233,450244.000,5046,1,T1,1,100,32.128
1738264202.456238,450377.000,5062,1,T1,1,100,32.197
1738264202.590243,450511.000,5080,1,T1,1,100,32.156
1738264202.723248,450644.000,5112,1,T1,1,100,32.209
1738264202.856254,450777.000,5129,1,T1,1,100,32.197
1738264202.990259,450911.000,5146,1,T1,1,100,32.227
1738264203.123265,451044.000,5162,1,T1,1,100,32.276
1738264203.256270,451177.000,5195,1,T1,1,100,32.261
1738264203.390275,451311.000,5212,1,T1,1,100,32.184
1738264203.523281,451444.000,5229,1,T1,1,100,32.221
1738264203.656286,451577.000,5261,1,T1,1,100,32.238
1738264203.790291,451711.000,5278,1,T1,1,100,32.209
1738264203.923296,451844.000,5295,1,T1,1,100,32.268
1738264204.056302,451977.000,5327,1,T1,1,100,32.151
1738264204.189307,452110.000,5345,1,T1,1,100,32.136
1738264204.323313,452244.000,5361,1,T1,1,100,32.165
1738264204.456318,452377.000,5394,1,T1,1,100,32.178
1738264204.589323,452510.000,5411,1,T1,1,100,32.254
1738264204.723328,452644.000,5427,1,T1,1,100,32.323
1738264204.856334,452777.000,5460,1,T1,1,100,32.211
1738264204.989339,452910.000,5477,1,T1,1,100,32.197
1738264205.123344,453044.000,5493,1,T1,1,100,32.227
1738264205.256350,453177.000,5511,1,T1,1,100,32.134
1738264205.389355,453310.000,5543,1,T1,1,100,32.235
1738264205.523360,453444.000,5560,1,T1,1,100,32.244
1738264205.656366,453577.000,5577,1,T1,1,100,32.212
1738264205.789371,453710.000,5610,1,T1,1,100,32.233
1738264205.923376,453844.000,5626,1,T1,1,100,32.314
1738264206.056382,453977.000,5650,1,T1,1,100,32.313
1738264206.189387,454110.000,5669,1,T1,1,100,32.313
1738264206.323392,454244.000,5701,1,T1,1,100,32.242
1738264206.456398,454377.000,5718,1,T1,1,100,32.246
1738264206.589403,454510.000,5735,1,T1,1,100,32.319
1738264206.723408,454644.000,5769,1,T1,1,100,32.209
1738264206.856414,454777.000,5787,1,T1,1,100,32.339
1738264206.989419,454910.000,5803,1,T1,1,100,32.253
1738264207.123424,455044.000,5820,1,T1,1,100,32.322
1738264207.256429,455177.000,5857,1,T1,1,100,32.281
1738264207.389435,455310.000,5873,1,T1,1,100,32.299
1738264207.523440,455444.000,5891,1,T1,1,100,32.200
1738264207.656446,455577.000,5923,1,T1,1,100,32.228
1738264207.789451,455710.000,5939,1,T1,1,100,32.276
1738264207.923456,455844.000,5957,1,T1,1,100,32.368
1738264208.056462,455977.000,5989,1,T1,1,100,32.301
1738264208.189467,456110.000,6006,1,T1,1,100,32.166
1738264208.322472,456243.000,6023,1,T1,1,100,32.178
1738264208.456477,456377.000,6056,1,T1,1,100,32.290
1738264208.589483,456510.000,6072,1,T1,1,100,32.161
1738264208.722488,456643.000,6089,1,T1,1,100,32.176
1738264208.856493,456777.000,6122,1,T1,1,100,32.112
1738264208.989499,456910.000,6138,1,T1,1,100,32.190
1738264209.122504,457043.000,6155,1,T1,1,100,32.224
1738264209.256509,457177.000,6188,1,T1,1,100,32.168
1738264209.389515,457310.000,6204,1,T1,1,100,32.179
1738264209.522520,457443.000,6222,1,T1,1,100,32.255
1738264209.656525,457577.000,6238,1,T1,1,100,32.181
1738264209.789531,457710.000,6270,1,T1,1,100,32.220
1738264209.922536,457843.000,6288,1,T1,1,100,32.237
1738264210.056541,457977.000,6304,1,T1,1,100,32.351
1738264210.189547,458110.000,6337,1,T1,1,100,32.294
1738264210.322552,458243.000,6354,1,T1,1,100,32.269
1738264210.456557,458377.000,6370,1,T1,1,100,32.294
1738264210.589563,458510.000,6403,1,T1,1,100,32.340
1738264210.722568,458643.000,6420,1,T1,1,100,32.253
1738264210.855573,458776.000,6437,1,T1,1,100,32.393
1738264210.989578,458910.000,6469,1,T1,1,100,32.241
1738264211.122584,459043.000,6491,1,T1,1,100,32.353
1738264211.255589,459176.000,6508,1,T1,1,100,32.401
1738264211.389595,459310.000,6540,1,T1,1,100,32.315
1738264211.522600,459443.000,6558,1,T1,1,100,32.349
1738264211.655605,459576.000,6574,1,T1,1,100,32.222
1738264211.789610,459710.000,6591,1,T1,1,100,32.202
1738264211.922616,459843.000,6624,1,T1,1,100,32.229
1738264212.055621,459976.000,6640,1,T1,1,100,32.312
1738264212.189626,460110.000,6657,1,T1,1,100,32.241
1738264212.322632,460243.000,6692,1,T1,1,100,32.282
1738264212.455637,460376.000,6708,1,T1,1,100,32.299
1738264212.589643,460510.000,6726,1,T1,1,100,32.307
1738264212.722648,460643.000,6758,1,T1,1,100,32.275
1738264212.855653,460776.000,6775,1,T1,1,100,32.190
1738264212.989658,460910.000,6792,1,T1,1,100,32.295
1738264213.122664,461043.000,6825,1,T1,1,100,32.269
1738264213.255669,461176.000,6841,1,T1,1,100,32.329
1738264213.389674,461310.000,6858,1,T1,1,100,32.320
1738264213.522680,461443.000,6874,1,T1,1,100,32.351
1738264213.655685,461576.000,6907,1,T1,1,100,32.400
1738264213.789690,461710.000,6924,1,T1,1,100,32.421
1738264213.922696,461843.000,6941,1,T1,1,100,32.324
1738264214.055701,461976.000,6973,1,T1,1,100,32.318
1738264214.188706,462109.000,6991,1,T1,1,100,32.315
1738264214.322712,462243.000,7007,1,T1,1,100,32.384
1738264214.455717,462376.000,7040,1,T1,1,100,32.308
1738264214.589722,462510.000,7057,1,T1,1,100,32.311
1738264214.722728,462643.000,7073,1,T1,1,100,32.312
1738264214.855733,462776.000,7106,1,T1,1,100,32.348
1738264214.988738,462909.000,7123,1,T1,1,100,32.292
1738264215.122744,463043.000,7139,1,T1,1,100,32.375
1738264215.255749,463176.000,7172,1,T1,1,100,32.198
1738264215.389754,463310.000,7189,1,T1,1,100,32.227
1738264215.522759,463443.000,7206,1,T1,1,100,32.311
1738264215.655765,463576.000,7238,1,T1,1,100,32.276
1738264215.788770,463709.000,7255,1,T1,1,100,32.332
1738264215.922776,463843.000,7272,1,T1,1,100,32.357
1738264216.055781,463976.000,7304,1,T1,1,100,32.367
1738264216.188786,464109.000,7327,1,T1,1,100,32.336
1738264216.322791,464243.000,7343,1,T1,1,100,32.287
1738264216.455797,464376.000,7360,1,T1,1,100,32.266
1738264216.588802,464509.000,7377,1,T1,1,100,32.257
1738264216.722807,464643.000,7409,1,T1,1,100,32.324
1738264216.855813,464776.000,7427,1,T1,1,100,32.282
1738264216.988818,464909.000,7443,1,T1,1,100,32.335
1738264217.122823,465043.000,7476,1,T1,1,100,32.287
1738264217.255829,465176.000,7495,1,T1,1,100,32.337
1738264217.388834,465309.000,7511,1,T1,1,100,32.288
1738264217.522839,465443.000,7544,1,T1,1,100,32.337
1738264217.655845,465576.000,7561,1,T1,1,100,32.323
1738264217.788850,465709.000,7577,1,T1,1,100,32.282
1738264217.921855,465842.000,7610,1,T1,1,100,32.335
1738264218.055861,465976.000,7627,1,T1,1,100,32.393
1738264218.188866,466109.000,7644,1,T1,1,100,32.383
1738264218.321871,466242.000,7676,1,T1,1,100,32.307
1738264218.455877,466376.000,7693,1,T1,1,100,32.346
1738264218.588882,466509.000,7710,1,T1,1,100,32.256
1738264218.721887,466642.000,7727,1,T1,1,100,32.182
1738264218.855893,466776.000,7760,1,T1,1,100,32.291
1738264218.988898,466909.000,7776,1,T1,1,100,32.339
1738264219.121903,467042.000,7793,1,T1,1,100,32.359
1738264219.255908,467176.000,7826,1,T1,1,100,32.404
1738264219.388914,467309.000,7842,1,T1,1,100,32.281
1738264219.521919,467442.000,7860,1,T1,1,100,32.334
1738264219.655925,467576.000,7892,1,T1,1,100,32.322
1738264219.788930,467709.000,7908,1,T1,1,100,32.352
1738264219.921935,467842.000,7926,1,T1,1,100,32.294
1738264220.055940,467976.000,7958,1,T1,1,100,32.305
1738264220.188946,468109.000,7975,1,T1,1,100,32.345
1738264220.321951,468242.000,7992,1,T1,1,100,32.504
1738264220.455956,468376.000,8025,1,T1,1,100,32.395
1738264220.588962,468509.000,8041,1,T1,1,100,32.384
1738264220.721967,468642.000,8058,1,T1,1,100,32.379
1738264220.854972,468775.000,8074,1,T1,1,100,32.306
1738264220.988978,468909.000,8107,1,T1,1,100,32.310
1738264221.121983,469042.000,8124,1,T1,1,100,32.276
1738264221.255988,469176.000,8141,1,T1,1,100,32.261
1738264221.388994,469309.000,8161,1,T1,1,100,32.397
1738264221.521999,469442.000,8179,1,T1,1,100,32.349
1738264221.655004,469575.000,8211,1,T1,1,100,32.257
1738264221.789010,469709.000,8227,1,T1,1,100,32.182
1738264221.922015,469842.000,8245,1,T1,1,100,32.185
1738264222.055020,469975.000,8277,1,T1,1,100,32.293
1738264222.189026,470109.000,8294,1,T1,1,100,32.375
1738264222.322031,470242.000,8313,1,T1,1,100,32.269
1738264222.455036,470375.000,8346,1,T1,1,100,32.258
1738264222.589042,470509.000,8362,1,T1,1,100,32.324
1738264222.722047,470642.000,8379,1,T1,1,100,32.424
1738264222.855052,470775.000,8395,1,T1,1,100,32.432
1738264222.989058,470909.000,8428,1,T1,1,100,32.329
1738264223.122063,471042.000,8445,1,T1,1,100,32.319
1738264223.255068,471175.000,8462,1,T1,1,100,32.280
1738264223.389074,471309.000,8494,1,T1,1,100,32.511
1738264223.522079,471442.000,8512,1,T1,1,100,32.505
1738264223.655084,471575.000,8528,1,T1,1,100,32.360
1738264223.789089,471709.000,8561,1,T1,1,100,32.298
1738264223.922095,471842.000,8578,1,T1,1,100,32.271
1738264224.055100,471975.000,8594,1,T1,1,100,32.294
1738264224.188105,472108.000,8627,1,T1,1,100,32.198
1738264224.322111,472242.000,8644,1,T1,1,100,32.228
1738264224.455116,472375.000,8660,1,T1,1,100,32.311
1738264224.588121,472508.000,8693,1,T1,1,100,32.347
1738264224.722127,472642.000,8710,1,T1,1,100,32.292
1738264224.855132,472775.000,8727,1,T1,1,100,32.233
1738264224.988137,472908.000,8744,1,T1,1,100,32.243
1738264225.122143,473042.000,8776,1,T1,1,100,32.318
1738264225.255148,473175.000,8793,1,T1,1,100,32.279
1738264225.388153,473308.000,8810,1,T1,1,100,32.227
1738264225.522159,473442.000,8843,1,T1,1,100,32.276
1738264225.655164,473575.000,8859,1,T1,1,100,32.261
1738264225.788169,473708.000,8876,1,T1,1,100,32.326
1738264225.922175,473842.000,8909,1,T1,1,100,32.283
1738264226.055180,473975.000,8925,1,T1,1,100,32.264
1738264226.188185,474108.000,8943,1,T1,1,100,32.398
1738264226.322191,474242.000,8975,1,T1,1,100,32.456
1738264226.455196,474375.000,8998,1,T1,1,100,32.339
1738264226.588201,474508.000,9016,1,T1,1,100,32.395
1738264226.722207,474642.000,9048,1,T1,1,100,32.384
1738264226.855212,474775.000,9065,1,T1,1,100,32.450
1738264226.988217,474908.000,9082,1,T1,1,100,32.549
1738264227.122223,475042.000,9098,1,T1,1,100,32.450
1738264227.255228,475175.000,9133,1,T1,1,100,32.372
1738264227.388233,475308.000,9150,1,T1,1,100,32.338
1738264227.521239,475441.000,9166,1,T1,1,100,32.288
1738264227.655244,475575.000,9199,1,T1,1,100,32.337
1738264227.788249,475708.000,9216,1,T1,1,100,32.181
1738264227.921254,475841.000,9233,1,T1,1,100,32.291
1738264228.055260,475975.000,9267,1,T1,1,100,32.445
1738264228.188265,476108.000,9285,1,T1,1,100,32.476
1738264228.321270,476241.000,9301,1,T1,1,100,32.490
1738264228.455276,476375.000,9334,1,T1,1,100,32.425
1738264228.588281,476508.000,9351,1,T1,1,100,32.396
1738264228.721286,476641.000,9367,1,T1,1,100,32.420
1738264228.855292,476775.000,9400,1,T1,1,100,32.430
1738264228.988297,476908.000,9417,1,T1,1,100,32.363
1738264229.121302,477041.000,9433,1,T1,1,100,32.334
1738264229.255308,477175.000,9451,1,T1,1,100,32.393
1738264229.388313,477308.000,9483,1,T1,1,100,32.454
1738264229.521318,477441.000,9500,1,T1,1,100,32.444
1738264229.655324,477575.000,9517,1,T1,1,100,32.370
1738264229.788329,477708.000,9552,1,T1,1,100,32.373
1738264229.921334,477841.000,9568,1,T1,1,100,32.374
1738264230.055340,477975.000,9585,1,T1,1,100,32.481
1738264230.188345,478108.000,9618,1,T1,1,100,32.421
1738264230.321350,478241.000,9634,1,T1,1,100,32.359
1738264230.455356,478375.000,9651,1,T1,1,100,32.475
1738264230.588361,478508.000,9684,1,T1,1,100,32.383
1738264230.721366,478641.000,9700,1,T1,1,100,32.378
1738264230.854372,478774.000,9718,1,T1,1,100,32.483
1738264230.988377,478908.000,9750,1,T1,1,100,32.351
1738264231.121382,479041.000,9766,1,T1,1,100,32.364
1738264231.254388,479174.000,9784,1,T1,1,100,32.406
1738264231.388393,479308.000,9800,1,T1,1,100,32.388
1738264231.521398,479441.000,9838,1,T1,1,100,32.310
1738264231.654403,479574.000,9855,1,T1,1,100,32.382
1738264231.788409,479708.000,9871,1,T1,1,100,32.414
1738264231.921414,479841.000,9904,1,T1,1,100,32.321
1738264232.054420,479974.000,9921,1,T1,1,100,32.281
1738264232.188425,480108.000,9938,1,T1,1,100,32.405
1738264232.321430,480241.000,9972,1,T1,1,100,32.388
1738264232.454435,480374.000,9989,1,T1,1,100,32.310
1738264232.588441,480508.000,10006,1,T1,1,100,32.382
1738264232.721446,480641.000,10038,1,T1,1,100,32.414
1738264232.854451,480774.000,10056,1,T1,1,100,32.498
1738264232.988457,480908.000,10072,1,T1,1,100,32.535
1738264233.121462,481041.000,10105,1,T1,1,100,32.480
1738264233.254467,481174.000,10122,1,T1,1,100,32.420
1738264233.388473,481308.000,10138,1,T1,1,100,32.430
1738264233.521478,481441.000,10155,1,T1,1,100,32.541
1738264233.654483,481574.000,10188,1,T1,1,100,32.553
1738264233.788489,481708.000,10204,1,T1,1,100,32.452
1738264233.921494,481841.000,10222,1,T1,1,100,32.444
1738264234.054499,481974.000,10256,1,T1,1,100,32.405
1738264234.187505,482107.000,10273,1,T1,1,100,32.530
1738264234.321510,482241.000,10290,1,T1,1,100,32.548
1738264234.454515,482374.000,10323,1,T1,1,100,32.450
1738264234.587521,482507.000,10339,1,T1,1,100,32.514
1738264234.721526,482641.000,10356,1,T1,1,100,32.506
1738264234.854531,482774.000,10391,1,T1,1,100,32.361
1738264234.987536,482907.000,10407,1,T1,1,100,32.298
1738264235.121542,483041.000,10424,1,T1,1,100,32.271
1738264235.254547,483174.000,10457,1,T1,1,100,32.330
1738264235.387552,483307.000,10475,1,T1,1,100,32.391
1738264235.521558,483441.000,10493,1,T1,1,100,32.382
1738264235.654563,483574.000,10509,1,T1,1,100,32.343
1738264235.787569,483707.000,10541,1,T1,1,100,32.361
1738264235.921574,483841.000,10559,1,T1,1,100,32.440
1738264236.054579,483974.000,10575,1,T1,1,100,32.439
1738264236.187584,484107.000,10608,1,T1,1,100,32.402
1738264236.321590,484241.000,10627,1,T1,1,100,32.387
1738264236.454595,484374.000,10643,1,T1,1,100,32.487
1738264236.587600,484507.000,10682,1,T1,1,100,32.494
1738264236.721606,484641.000,10698,1,T1,1,100,32.462
1738264236.854611,484774.000,10716,1,T1,1,100,32.519
1738264236.987616,484907.000,10734,1,T1,1,100,32.437
1738264237.121622,485041.000,10751,1,T1,1,100,32.473
1738264237.254627,485174.000,10786,1,T1,1,100,32.417
1738264237.387632,485307.000,10802,1,T1,1,100,32.393
1738264237.521638,485441.000,10820,1,T1,1,100,32.454
1738264237.654643,485574.000,10854,1,T1,1,100,32.445
1738264237.787648,485707.000,10870,1,T1,1,100,32.511
1738264237.920654,485840.000,10888,1,T1,1,100,32.470
1738264238.054659,485974.000,10920,1,T1,1,100,32.416
1738264238.187664,486107.000,10937,1,T1,1,100,32.428
1738264238.320670,486240.000,10954,1,T1,1,100,32.433
1738264238.454675,486374.000,10987,1,T1,1,100,32.365
1738264238.587680,486507.000,11003,1,T1,1,100,32.300
1738264238.720685,486640.000,11020,1,T1,1,100,32.342
1738264238.854691,486774.000,11053,1,T1,1,100,32.396
1738264238.987696,486907.000,11069,1,T1,1,100,32.384
1738264239.120702,487040.000,11086,1,T1,1,100,32.414
1738264239.254707,487174.000,11103,1,T1,1,100,32.321
1738264239.387712,487307.000,11135,1,T1,1,100,32.316
1738264239.520717,487440.000,11153,1,T1,1,100,32.350
1738264239.654723,487574.000,11169,1,T1,1,100,32.399
1738264239.787728,487707.000,11202,1,T1,1,100,32.456
1738264239.920733,487840.000,11219,1,T1,1,100,32.446
1738264240.054739,487974.000,11235,1,T1,1,100,32.406
1738264240.187744,488107.000,11268,1,T1,1,100,32.495
1738264240.320750,488240.000,11285,1,T1,1,100,32.356
1738264240.454755,488374.000,11301,1,T1,1,100,32.402
1738264240.587760,488507.000,11334,1,T1,1,100,32.458
1738264240.720765,488640.000,11351,1,T1,1,100,32.375
1738264240.854771,488774.000,11368,1,T1,1,100,32.375
1738264240.987776,488907.000,11400,1,T1,1,100,32.446
1738264241.120781,489040.000,11417,1,T1,1,100,32.441
1738264241.253787,489173.000,11434,1,T1,1,100,32.368
1738264241.387792,489307.000,11451,1,T1,1,100,32.408
1738264241.520797,489440.000,11486,1,T1,1,100,32.531
1738264241.653803,489573.000,11502,1,T1,1,100,32.442
1738264241.787808,489707.000,11524,1,T1,1,100,32.475
1738264241.920813,489840.000,11557,1,T1,1,100,32.418
1738264242.053819,489973.000,11573,1,T1,1,100,32.429
1738264242.187824,490107.000,11591,1,T1,1,100,32.363
1738264242.320829,490240.000,11625,1,T1,1,100,32.512
1738264242.453835,490373.000,11641,1,T1,1,100,32.505
1738264242.587840,490507.000,11659,1,T1,1,100,32.431
1738264242.720845,490640.000,11691,1,T1,1,100,32.293
1738264242.853851,490773.000,11708,1,T1,1,100,32.340
1738264242.987856,490907.000,11725,1,T1,1,100,32.431
1738264243.120861,491040.000,11758,1,T1,1,100,32.505
1738264243.253866,491173.000,11774,1,T1,1,100,32.502
1738264243.387872,491307.000,11791,1,T1,1,100,32.430
1738264243.520877,491440.000,11807,1,T1,1,100,32.541
1738264243.653883,491573.000,11840,1,T1,1,100,32.482
1738264243.787888,491707.000,11857,1,T1,1,100,32.457
1738264243.920893,491840.000,11874,1,T1,1,100,32.481
1738264244.053899,491973.000,11906,1,T1,1,100,32.456
1738264244.186904,492106.000,11924,1,T1,1,100,32.517
1738264244.320909,492240.000,11940,1,T1,1,100,32.543
1738264244.453914,492373.000,11973,1,T1,1,100,32.483
1738264244.586920,492506.000,11990,1,T1,1,100,32.457
1738264244.720925,492640.000,12006,1,T1,1,100,32.411
1738264244.853930,492773.000,12039,1,T1,1,100,32.426
1738264244.986936,492906.000,12056,1,T1,1,100,32.362
1738264245.120941,493040.000,12072,1,T1,1,100,32.476
1738264245.253946,493173.000,12105,1,T1,1,100,32.419
1738264245.386952,493306.000,12122,1,T1,1,100,32.500
1738264245.520957,493440.000,12141,1,T1,1,100,32.465
1738264245.653962,493573.000,12158,1,T1,1,100,32.378
1738264245.786968,493706.000,12191,1,T1,1,100,32.447
1738264245.920973,493840.000,12207,1,T1,1,100,32.442
1738264246.053978,493973.000,12224,1,T1,1,100,32.368
1738264246.186984,494106.000,12259,1,T1,1,100,32.301
1738264246.320989,494240.000,12275,1,T1,1,100,32.308
1738264246.453994,494373.000,12292,1,T1,1,100,32.417
1738264246.587000,494506.000,12327,1,T1,1,100,32.464
1738264246.721005,494640.000,12343,1,T1,1,100,32.555
1738264246.854010,494773.000,12361,1,T1,1,100,32.488
1738264246.987015,494906.000,12382,1,T1,1,100,32.460
1738264247.121021,495040.000,12416,1,T1,1,100,32.412
1738264247.254026,495173.000,12436,1,T1,1,100,32.497
1738264247.387032,495306.000,12452,1,T1,1,100,32.534
1738264247.520037,495439.000,12487,1,T1,1,100,32.586
1738264247.654042,495573.000,12504,1,T1,1,100,32.502
1738264247.787047,495706.000,12520,1,T1,1,100,32.430
1738264247.920053,495839.000,12553,1,T1,1,100,32.434
1738264248.054058,495973.000,12570,1,T1,1,100,32.436
1738264248.187063,496106.000,12587,1,T1,1,100,32.331
1738264248.320069,496239.000,12619,1,T1,1,100,32.391
1738264248.454074,496373.000,12638,1,T1,1,100,32.488
1738264248.587080,496506.000,12655,1,T1,1,100,32.530
1738264248.720085,496639.000,12687,1,T1,1,100,32.478
1738264248.854090,496773.000,12705,1,T1,1,100,32.455
1738264248.987095,496906.000,12721,1,T1,1,100,32.445
1738264249.120101,497039.000,12738,1,T1,1,100,32.547
1738264249.254106,497173.000,12771,1,T1,1,100,32.449
1738264249.387111,497306.000,12787,1,T1,1,100,32.372
1738264249.520117,497439.000,12805,1,T1,1,100,32.409
1738264249.654122,497573.000,12837,1,T1,1,100,32.532
1738264249.787127,497706.000,12853,1,T1,1,100,32.478
1738264249.920133,497839.000,12871,1,T1,1,100,32.491
1738264250.054138,497973.000,12903,1,T1,1,100,32.496
1738264250.187143,498106.000,12920,1,T1,1,100,32.498
1738264250.320149,498239.000,12937,1,T1,1,100,32.499
1738264250.454154,498373.000,12972,1,T1,1,100,32.535
1738264250.587159,498506.000,12988,1,T1,1,100,32.480
1738264250.720165,498639.000,13005,1,T1,1,100,32.349
1738264250.854170,498773.000,13038,1,T1,1,100,32.577
1738264250.987175,498906.000,13054,1,T1,1,100,32.498
1738264251.120181,499039.000,13071,1,T1,1,100,32.499
1738264251.253186,499172.000,13088,1,T1,1,100,32.464
1738264251.387191,499306.000,13120,1,T1,1,100,32.484
1738264251.520196,499439.000,13140,1,T1,1,100,32.529
1738264251.653202,499572.000,13156,1,T1,1,100,32.477
1738264251.787207,499706.000,13189,1,T1,1,100,32.348
1738264251.920213,499839.000,13206,1,T1,1,100,32.328
1738264252.053218,499972.000,13229,1,T1,1,100,32.390
1738264252.187223,500106.000,13264,1,T1,1,100,32.417
1738264252.320228,500239.000,13281,1,T1,1,100,32.429
1738264252.453234,500372.000,13297,1,T1,1,100,32.434
1738264252.587239,500506.000,13330,1,T1,1,100,32.507
1738264252.720244,500639.000,13347,1,T1,1,100,32.538
1738264252.853250,500772.000,13364,1,T1,1,100,32.552
1738264252.987255,500906.000,13396,1,T1,1,100,32.523
1738264253.120260,501039.000,13413,1,T1,1,100,32.474
1738264253.253266,501172.000,13430,1,T1,1,100,32.453
1738264253.387271,501306.000,13447,1,T1,1,100,32.515
1738264253.520276,501439.000,13480,1,T1,1,100,32.436
1738264253.653282,501572.000,13496,1,T1,1,100,32.437
1738264253.787287,501706.000,13513,1,T1,1,100,32.437
1738264253.920292,501839.000,13546,1,T1,1,100,32.544
1738264254.053298,501972.000,13562,1,T1,1,100,32.483
1738264254.186303,502105.000,13580,1,T1,1,100,32.457
1738264254.320308,502239.000,13612,1,T1,1,100,32.552
1738264254.453314,502372.000,13628,1,T1,1,100,32.487
1738264254.586319,502505.000,13646,1,T1,1,100,32.565
1738264254.720324,502639.000,13680,1,T1,1,100,32.564
1738264254.853330,502772.000,13697,1,T1,1,100,32.457
1738264254.986335,502905.000,13714,1,T1,1,100,32.517
1738264255.120340,503039.000,13747,1,T1,1,100,32.507
1738264255.253345,503172.000,13763,1,T1,1,100,32.503
1738264255.386351,503305.000,13780,1,T1,1,100,32.430
1738264255.520356,503439.000,13796,1,T1,1,100,32.505
1738264255.653362,503572.000,13829,1,T1,1,100,32.502
1738264255.786367,503705.000,13846,1,T1,1,100,32.430
1738264255.920372,503839.000,13863,1,T1,1,100,32.505
1738264256.053377,503972.000,13895,1,T1,1,100,32.431
1738264256.186383,504105.000,13913,1,T1,1,100,32.435
1738264256.320388,504239.000,13929,1,T1,1,100,32.507
1738264256.453393,504372.000,13962,1,T1,1,100,32.539
1738264256.586399,504505.000,13979,1,T1,1,100,32.481
1738264256.720404,504639.000,13995,1,T1,1,100,32.598
1738264256.853409,504772.000,14030,1,T1,1,100,32.684
1738264256.986415,504905.000,14047,1,T1,1,100,32.509
1738264257.120420,505039.000,14068,1,T1,1,100,32.468
1738264257.253425,505172.000,14086,1,T1,1,100,32.486
1738264257.386431,505305.000,14120,1,T1,1,100,32.423
1738264257.520436,505439.000,14137,1,T1,1,100,32.431
1738264257.653441,505572.000,14154,1,T1,1,100,32.506
1738264257.786447,505705.000,14187,1,T1,1,100,32.432
1738264257.919452,505838.000,14203,1,T1,1,100,32.435
1738264258.053457,505972.000,14220,1,T1,1,100,32.543
1738264258.186463,506105.000,14253,1,T1,1,100,32.483
1738264258.320468,506239.000,14269,1,T1,1,100,32.528
1738264258.453473,506372.000,14286,1,T1,1,100,32.548
1738264258.586478,506505.000,14319,1,T1,1,100,32.379
1738264258.719484,506638.000,14335,1,T1,1,100,32.448
1738264258.853489,506772.000,14353,1,T1,1,100,32.442
1738264258.986495,506905.000,14385,1,T1,1,100,32.439
1738264259.119500,507038.000,14401,1,T1,1,100,32.545
1738264259.253505,507172.000,14419,1,T1,1,100,32.555
1738264259.386511,507305.000,14435,1,T1,1,100,32.524
1738264259.519516,507438.000,14468,1,T1,1,100,32.404
1738264259.653521,507572.000,14485,1,T1,1,100,32.458
1738264259.786526,507705.000,14501,1,T1,1,100,32.482
1738264259.919532,507838.000,14534,1,T1,1,100,32.421
1738264260.053537,507972.000,14551,1,T1,1,100,32.430
1738264260.186543,508105.000,14570,1,T1,1,100,32.541
1738264260.319548,508238.000,14602,1,T1,1,100,32.553
1738264260.453553,508372.000,14619,1,T1,1,100,32.452
1738264260.586558,508505.000,14636,1,T1,1,100,32.444
1738264260.719564,508638.000,14668,1,T1,1,100,32.476
1738264260.853569,508772.000,14686,1,T1,1,100,32.560
1738264260.986574,508905.000,14702,1,T1,1,100,32.597
1738264261.119580,509038.000,14735,1,T1,1,100,32.542
1738264261.253585,509172.000,14752,1,T1,1,100,32.625
1738264261.386590,509305.000,14768,1,T1,1,100,32.518
1738264261.519596,509438.000,14785,1,T1,1,100,32.579
1738264261.652601,509571.000,14818,1,T1,1,100,32.570
1738264261.786606,509705.000,14836,1,T1,1,100,32.495
1738264261.919612,509838.000,14854,1,T1,1,100,32.569
1738264262.052617,509971.000,14886,1,T1,1,100,32.565
1738264262.186622,510105.000,14903,1,T1,1,100,32.528
1738264262.319628,510238.000,14927,1,T1,1,100,32.512
1738264262.452633,510371.000,14960,1,T1,1,100,32.541
1738264262.586638,510505.000,14976,1,T1,1,100,32.553
1738264262.719644,510638.000,14993,1,T1,1,100,32.523
1738264262.852649,510771.000,15026,1,T1,1,100,32.581
1738264262.986654,510905.000,15042,1,T1,1,100,32.464
1738264263.119660,511038.000,15059,1,T1,1,100,32.555
1738264263.252665,511171.000,15092,1,T1,1,100,32.488
1738264263.386670,511305.000,15108,1,T1,1,100,32.566
1738264263.519675,511438.000,15126,1,T1,1,100,32.599
1738264263.652681,511571.000,15158,1,T1,1,100,32.472
1738264263.786686,511705.000,15174,1,T1,1,100,32.488
1738264263.919692,511838.000,15192,1,T1,1,100,32.530
1738264264.052697,511971.000,15208,1,T1,1,100,32.619
1738264264.186702,512105.000,15241,1,T1,1,100,32.516
1738264264.319707,512238.000,15258,1,T1,1,100,32.613
1738264264.452713,512371.000,15274,1,T1,1,100,32.620
1738264264.585718,512504.000,15307,1,T1,1,100,32.587
1738264264.719723,512638.000,15324,1,T1,1,100,32.538
1738264264.852729,512771.000,15341,1,T1,1,100,32.481
1738264264.985734,512904.000,15373,1,T1,1,100,32.421
1738264265.119739,513038.000,15390,1,T1,1,100,32.537
1738264265.252745,513171.000,15407,1,T1,1,100,32.551
1738264265.385750,513304.000,15439,1,T1,1,100,32.593
1738264265.519755,513438.000,15457,1,T1,1,100,32.505
1738264265.652761,513571.000,15473,1,T1,1,100,32.502
1738264265.785766,513704.000,15506,1,T1,1,100,32.465
1738264265.919771,513838.000,15523,1,T1,1,100,32.521
1738264266.052777,513971.000,15539,1,T1,1,100,32.544
1738264266.185782,514104.000,15556,1,T1,1,100,32.484
1738264266.319787,514238.000,15589,1,T1,1,100,32.599
1738264266.452793,514371.000,15605,1,T1,1,100,32.508
1738264266.585798,514504.000,15623,1,T1,1,100,32.468
1738264266.719803,514638.000,15655,1,T1,1,100,32.522
1738264266.852808,514771.000,15672,1,T1,1,100,32.545
1738264266.985814,514904.000,15689,1,T1,1,100,32.555
1738264267.118819,515037.000,15724,1,T1,1,100,32.559
1738264267.252825,515171.000,15742,1,T1,1,100,32.419
1738264267.385830,515304.000,15764,1,T1,1,100,32.394
1738264267.518835,515437.000,15781,1,T1,1,100,32.596
1738264267.652841,515571.000,15798,1,T1,1,100,32.506
1738264267.785846,515704.000,15830,1,T1,1,100,32.609
1738264267.918851,515837.000,15847,1,T1,1,100,32.547
1738264268.052856,515971.000,15864,1,T1,1,100,32.485
1738264268.185862,516104.000,15897,1,T1,1,100,32.564
1738264268.318867,516237.000,15913,1,T1,1,100,32.528
1738264268.452873,516371.000,15930,1,T1,1,100,32.512
1738264268.585878,516504.000,15963,1,T1,1,100,32.505
1738264268.718883,516637.000,15979,1,T1,1,100,32.609
1738264268.852888,516771.000,15997,1,T1,1,100,32.582
1738264268.985894,516904.000,16029,1,T1,1,100,32.500
1738264269.118899,517037.000,16045,1,T1,1,100,32.500
1738264269.252904,517171.000,16063,1,T1,1,100,32.571
1738264269.385910,517304.000,16095,1,T1,1,100,32.531
1738264269.518915,517437.000,16112,1,T1,1,100,32.549
1738264269.652920,517571.000,16129,1,T1,1,100,32.557
1738264269.785926,517704.000,16145,1,T1,1,100,32.560
1738264269.918931,517837.000,16178,1,T1,1,100,32.597
1738264270.052936,517971.000,16195,1,T1,1,100,32.613
1738264270.185942,518104.000,16212,1,T1,1,100,32.584
1738264270.318947,518237.000,16244,1,T1,1,100,32.607
1738264270.452952,518371.000,16261,1,T1,1,100,32.582
1738264270.585958,518504.000,16278,1,T1,1,100,32.606
1738264270.718963,518637.000,16310,1,T1,1,100,32.475
1738264270.852968,518771.000,16328,1,T1,1,100,32.454
1738264270.985974,518904.000,16346,1,T1,1,100,32.551
1738264271.118979,519037.000,16379,1,T1,1,100,32.557
1738264271.252984,519171.000,16396,1,T1,1,100,32.596
1738264271.385989,519304.000,16412,1,T1,1,100,32.612
1738264271.518995,519437.000,16429,1,T1,1,100,32.549
1738264271.652000,519570.000,16462,1,T1,1,100,32.663
1738264271.786005,519704.000,16480,1,T1,1,100,32.641
1738264271.919011,519837.000,16498,1,T1,1,100,32.561
1738264272.052016,519970.000,16530,1,T1,1,100,32.491
1738264272.186022,520104.000,16547,1,T1,1,100,32.461
1738264272.319027,520237.000,16566,1,T1,1,100,32.518
1738264272.452532,520370.500,16604,2,T1,1,100,32.543
1738264272.586037,520504.000,16604,2,T1,1,100,32.554
1738264272.719043,520637.000,16636,1,T1,1,100,32.523
1738264272.852048,520770.000,16654,1,T1,1,100,32.581
1738264272.986053,520904.000,16670,1,T1,1,100,32.571
1738264273.119059,521037.000,16703,1,T1,1,100,32.531
1738264273.252064,521170.000,16720,1,T1,1,100,32.513
1738264273.386069,521304.000,16736,1,T1,1,100,32.541
1738264273.519075,521437.000,16769,1,T1,1,100,32.553
1738264273.652080,521570.000,16786,1,T1,1,100,32.594
1738264273.786085,521704.000,16804,1,T1,1,100,32.647
1738264273.919091,521837.000,16837,1,T1,1,100,32.635
1738264274.052096,521970.000,16854,1,T1,1,100,32.629
1738264274.185101,522103.000,16871,1,T1,1,100,32.627
1738264274.319107,522237.000,16890,1,T1,1,100,32.555
1738264274.452112,522370.000,16922,1,T1,1,100,32.559
1738264274.585117,522503.000,16939,1,T1,1,100,32.526
1738264274.719123,522637.000,16956,1,T1,1,100,32.582
1738264274.852128,522770.000,16989,1,T1,1,100,32.571
1738264274.985133,522903.000,17005,1,T1,1,100,32.602
1738264275.119138,523037.000,17024,1,T1,1,100,32.615
1738264275.252144,523170.000,17057,1,T1,1,100,32.621
1738264275.385149,523303.000,17073,1,T1,1,100,32.623
1738264275.519155,523437.000,17091,1,T1,1,100,32.482
1738264275.652160,523570.000,17123,1,T1,1,100,32.528
1738264275.785165,523703.000,17139,1,T1,1,100,32.512
1738264275.919170,523837.000,17157,1,T1,1,100,32.576
1738264276.052176,523970.000,17189,1,T1,1,100,32.533
1738264276.185181,524103.000,17206,1,T1,1,100,32.550
1738264276.319186,524237.000,17223,1,T1,1,100,32.557
1738264276.452192,524370.000,17239,1,T1,1,100,32.560
1738264276.585197,524503.000,17274,1,T1,1,100,32.561
1738264276.719203,524637.000,17291,1,T1,1,100,32.527
1738264276.852208,524770.000,17308,1,T1,1,100,32.547
1738264276.985213,524903.000,17340,1,T1,1,100,32.591
1738264277.119218,525037.000,17357,1,T1,1,100,32.681
1738264277.252224,525170.000,17376,1,T1,1,100,32.649
1738264277.385229,525303.000,17408,1,T1,1,100,32.529
1738264277.519234,525437.000,17426,1,T1,1,100,32.584
1738264277.652240,525570.000,17449,1,T1,1,100,32.572
1738264277.785245,525703.000,17482,1,T1,1,100,32.602
1738264277.918250,525836.000,17499,1,T1,1,100,32.544
1738264278.052256,525970.000,17517,1,T1,1,100,32.590
1738264278.185261,526103.000,17534,1,T1,1,100,32.503
1738264278.318266,526236.000,17567,1,T1,1,100,32.572
1738264278.452272,526370.000,17583,1,T1,1,100,32.496
1738264278.585277,526503.000,17601,1,T1,1,100,32.463
1738264278.718282,526636.000,17633,1,T1,1,100,32.519
1738264278.852288,526770.000,17650,1,T1,1,100,32.508
1738264278.985293,526903.000,17667,1,T1,1,100,32.468
1738264279.118298,527036.000,17700,1,T1,1,100,32.486
1738264279.252304,527170.000,17716,1,T1,1,100,32.459
1738264279.385309,527303.000,17733,1,T1,1,100,32.553
1738264279.518314,527436.000,17766,1,T1,1,100,32.558
1738264279.652319,527570.000,17782,1,T1,1,100,32.561
1738264279.785325,527703.000,17799,1,T1,1,100,32.562
1738264279.918330,527836.000,17832,1,T1,1,100,32.598
1738264280.052336,527970.000,17848,1,T1,1,100,32.613
1738264280.185341,528103.000,17866,1,T1,1,100,32.620
1738264280.318346,528236.000,17882,1,T1,1,100,32.623
1738264280.452352,528370.000,17915,1,T1,1,100,32.624
1738264280.585357,528503.000,17932,1,T1,1,100,32.554
1738264280.718362,528636.000,17948,1,T1,1,100,32.488
1738264280.851367,528769.000,17983,1,T1,1,100,32.459
1738264280.985373,528903.000,18000,1,T1,1,100,32.624
1738264281.118378,529036.000,18018,1,T1,1,100,32.554
1738264281.251383,529169.000,18051,1,T1,1,100,32.559
1738264281.385389,529303.000,18068,1,T1,1,100,32.632
1738264281.518394,529436.000,18085,1,T1,1,100,32.592
1738264281.651399,529569.000,18117,1,T1,1,100,32.505
1738264281.785405,529703.000,18134,1,T1,1,100,32.467
1738264281.918410,529836.000,18151,1,T1,1,100,32.450
1738264282.051415,529969.000,18168,1,T1,1,100,32.514
1738264282.185421,530103.000,18203,1,T1,1,100,32.471
1738264282.318426,530236.000,18221,1,T1,1,100,32.452
1738264282.451431,530369.000,18238,1,T1,1,100,32.621
1738264282.585437,530503.000,18271,1,T1,1,100,32.623
1738264282.718442,530636.000,18291,1,T1,1,100,32.482
1738264282.851447,530769.000,18308,1,T1,1,100,32.563
1738264282.985453,530903.000,18325,1,T1,1,100,32.492
1738264283.118458,531036.000,18341,1,T1,1,100,32.567
1738264283.251463,531169.000,18374,1,T1,1,100,32.636
1738264283.385468,531303.000,18391,1,T1,1,100,32.630
1738264283.518474,531436.000,18410,1,T1,1,100,32.627
1738264283.651479,531569.000,18442,1,T1,1,100,32.661
1738264283.785485,531703.000,18459,1,T1,1,100,32.641
1738264283.918490,531836.000,18476,1,T1,1,100,32.632
1738264284.051495,531969.000,18493,1,T1,1,100,32.699
1738264284.185500,532103.000,18528,1,T1,1,100,32.621
1738264284.318506,532236.000,18544,1,T1,1,100,32.659
1738264284.451511,532369.000,18561,1,T1,1,100,32.604
1738264284.584517,532502.000,18594,1,T1,1,100,32.474
1738264284.718522,532636.000,18610,1,T1,1,100,32.524
1738264284.851527,532769.000,18628,1,T1,1,100,32.546
1738264284.984532,532902.000,18662,1,T1,1,100,32.697
1738264285.118538,533036.000,18678,1,T1,1,100,32.550
1738264285.251543,533169.000,18696,1,T1,1,100,32.628
1738264285.384548,533302.000,18728,1,T1,1,100,32.591
1738264285.518554,533436.000,18745,1,T1,1,100,32.610
1738264285.651559,533569.000,18762,1,T1,1,100,32.654
1738264285.784564,533702.000,18795,1,T1,1,100,32.602
1738264285.918570,533836.000,18811,1,T1,1,100,32.544
1738264286.051575,533969.000,18828,1,T1,1,100,32.519
1738264286.184580,534102.000,18844,1,T1,1,100,32.579
1738264286.318586,534236.000,18881,1,T1,1,100,32.570
1738264286.451591,534369.000,18898,1,T1,1,100,32.601
1738264286.584596,534502.000,18915,1,T1,1,100,32.508
1738264286.718602,534636.000,18947,1,T1,1,100,32.610
1738264286.851607,534769.000,18965,1,T1,1,100,32.618
1738264286.984612,534902.000,18981,1,T1,1,100,32.622
1738264287.117618,535035.000,19014,1,T1,1,100,32.624
1738264287.251623,535169.000,19033,1,T1,1,100,32.589
1738264287.384628,535302.000,19049,1,T1,1,100,32.716
1738264287.518634,535436.000,19082,1,T1,1,100,32.735
1738264287.651639,535569.000,19099,1,T1,1,100,32.708
1738264287.784644,535702.000,19115,1,T1,1,100,32.590
1738264287.917650,535835.000,19155,1,T1,1,100,32.645
1738264288.051655,535969.000,19172,1,T1,1,100,32.563
1738264288.184660,536102.000,19189,1,T1,1,100,32.598
1738264288.317665,536235.000,19206,1,T1,1,100,32.578
1738264288.451671,536369.000,19239,1,T1,1,100,32.711
1738264288.584676,536502.000,19255,1,T1,1,100,32.698
1738264288.717681,536635.000,19274,1,T1,1,100,32.621
1738264288.851687,536769.000,19307,1,T1,1,100,32.623
1738264288.984692,536902.000,19323,1,T1,1,100,32.518
1738264289.117697,537035.000,19340,1,T1,1,100,32.720
1738264289.251703,537169.000,19375,1,T1,1,100,32.666
1738264289.384708,537302.000,19391,1,T1,1,100,32.607
1738264289.517713,537435.000,19409,1,T1,1,100,32.582
1738264289.651719,537569.000,19441,1,T1,1,100,32.677
1738264289.784724,537702.000,19457,1,T1,1,100,32.683
1738264289.917729,537835.000,19475,1,T1,1,100,32.615
1738264290.051735,537969.000,19507,1,T1,1,100,32.621
1738264290.184740,538102.000,19524,1,T1,1,100,32.765
1738264290.317745,538235.000,19541,1,T1,1,100,32.650
1738264290.451751,538369.000,19559,1,T1,1,100,32.636
1738264290.584756,538502.000,19592,1,T1,1,100,32.630
1738264290.717761,538635.000,19609,1,T1,1,100,32.627
1738264290.850767,538768.000,19626,1,T1,1,100,32.626
1738264290.984772,538902.000,19658,1,T1,1,100,32.590
1738264291.117777,539035.000,19675,1,T1,1,100,32.681
1738264291.250782,539168.000,19694,1,T1,1,100,32.685
1738264291.384788,539302.000,19726,1,T1,1,100,32.580
1738264291.517793,539435.000,19744,1,T1,1,100,32.676
1738264291.650799,539568.000,19760,1,T1,1,100,32.576
1738264291.784804,539702.000,19793,1,T1,1,100,32.604
1738264291.917809,539835.000,19810,1,T1,1,100,32.545
1738264292.050814,539968.000,19826,1,T1,1,100,32.555
1738264292.184820,540102.000,19861,1,T1,1,100,32.630
1738264292.317825,540235.000,19878,1,T1,1,100,32.521
1738264292.450830,540368.000,19894,1,T1,1,100,32.544
1738264292.584836,540502.000,19914,1,T1,1,100,32.590
1738264292.717841,540635.000,19946,1,T1,1,100,32.574
1738264292.850846,540768.000,19963,1,T1,1,100,32.603
1738264292.984852,540902.000,19985,1,T1,1,100,32.651
1738264293.117857,541035.000,20002,1,T1,1,100,32.672
1738264293.250862,541168.000,20019,1,T1,1,100,32.681
1738264293.384868,541302.000,20051,1,T1,1,100,32.720
1738264293.517873,541435.000,20071,1,T1,1,100,32.595
1738264293.650878,541568.000,20087,1,T1,1,100,32.683
1738264293.783884,541701.000,20122,1,T1,1,100,32.686
1738264293.917889,541835.000,20139,1,T1,1,100,32.722
1738264294.050894,541968.000,20155,1,T1,1,100,32.667
1738264294.184900,542102.000,20188,1,T1,1,100,32.643
1738264294.317905,542235.000,20205,1,T1,1,100,32.775
1738264294.450910,542368.000,20221,1,T1,1,100,32.725
1738264294.583915,542501.000,20239,1,T1,1,100,32.775
1738264294.717921,542635.000,20271,1,T1,1,100,32.654
1738264294.850926,542768.000,20288,1,T1,1,100,32.638
1738264294.983932,542901.000,20305,1,T1,1,100,32.560
1738264295.117937,543035.000,20338,1,T1,1,100,32.739
1738264295.250942,543168.000,20354,1,T1,1,100,32.639
1738264295.383948,543301.000,20371,1,T1,1,100,32.666
1738264295.517953,543435.000,20404,1,T1,1,100,32.643
1738264295.650958,543568.000,20420,1,T1,1,100,32.810
1738264295.783963,543701.000,20437,1,T1,1,100,32.705
1738264295.917969,543835.000,20472,1,T1,1,100,32.660
1738264296.050974,543968.000,20488,1,T1,1,100,32.569
1738264296.183980,544101.000,20506,1,T1,1,100,32.530
1738264296.317985,544235.000,20538,1,T1,1,100,32.584
1738264296.450990,544368.000,20556,1,T1,1,100,32.607
1738264296.583995,544501.000,20574,1,T1,1,100,32.582
1738264296.718001,544635.000,20590,1,T1,1,100,32.606
1738264296.851006,544768.000,20623,1,T1,1,100,32.617
1738264296.984011,544901.000,20640,1,T1,1,100,32.692
1738264297.118017,545035.000,20656,1,T1,1,100,32.690
1738264297.251022,545168.000,20691,1,T1,1,100,32.688
1738264297.384027,545301.000,20708,1,T1,1,100,32.617
1738264297.518033,545435.000,20725,1,T1,1,100,32.692
1738264297.651038,545568.000,20757,1,T1,1,100,32.761
1738264297.784043,545701.000,20776,1,T1,1,100,32.755
1738264297.917049,545834.000,20793,1,T1,1,100,32.646
1738264298.051054,545968.000,20832,1,T1,1,100,32.705
1738264298.184059,546101.000,20850,1,T1,1,100,32.660
1738264298.317065,546234.000,20866,1,T1,1,100,32.498
1738264298.451070,546368.000,20899,1,T1,1,100,32.570
1738264298.584075,546501.000,20916,1,T1,1,100,32.637
1738264298.717081,546634.000,20932,1,T1,1,100,32.630
1738264298.851086,546768.000,20949,1,T1,1,100,32.663
1738264298.984091,546901.000,20984,1,T1,1,100,32.641
1738264299.117096,547034.000,21000,1,T1,1,100,32.668
1738264299.251102,547168.000,21018,1,T1,1,100,32.714
1738264299.384107,547301.000,21050,1,T1,1,100,32.770
1738264299.517112,547434.000,21067,1,T1,1,100,32.652
1738264299.651118,547568.000,21084,1,T1,1,100,32.637
1738264299.784123,547701.000,21117,1,T1,1,100,32.595
1738264299.917129,547834.000,21133,1,T1,1,100,32.612
1738264300.051134,547968.000,21150,1,T1,1,100,32.619
1738264300.184139,548101.000,21185,1,T1,1,100,32.729
1738264300.317144,548234.000,21201,1,T1,1,100,32.812
1738264300.451150,548368.000,21218,1,T1,1,100,32.777
1738264300.584155,548501.000,21251,1,T1,1,100,32.726
1738264300.717160,548634.000,21267,1,T1,1,100,32.740
1738264300.850166,548767.000,21285,1,T1,1,100,32.781
1738264300.984171,548901.000,21303,1,T1,1,100,32.834
1738264301.117176,549034.000,21336,1,T1,1,100,32.786
1738264301.250182,549167.000,21353,1,T1,1,100,32.730
1738264301.384187,549301.000,21369,1,T1,1,100,32.706
1738264301.517192,549434.000,21402,1,T1,1,100,32.625
1738264301.650198,549567.000,21419,1,T1,1,100,32.625
1738264301.784203,549701.000,21435,1,T1,1,100,32.625
1738264301.917208,549834.000,21468,1,T1,1,100,32.625
1738264302.051214,549968.000,21485,1,T1,1,100,32.625
1738264302.184219,550101.000,21502,1,T1,1,100,32.696
1738264302.317224,550234.000,21536,1,T1,1,100,32.691
1738264302.450230,550367.000,21553,1,T1,1,100,32.689
1738264302.584235,550501.000,21570,1,T1,1,100,32.724
1738264302.717240,550634.000,21604,1,T1,1,100,32.668
1738264302.850245,550767.000,21622,1,T1,1,100,32.714
1738264302.984251,550901.000,21638,1,T1,1,100,32.664
1738264303.117256,551034.000,21655,1,T1,1,100,32.642
1738264303.250262,551167.000,21693,1,T1,1,100,32.632
1738264303.384267,551301.000,21709,1,T1,1,100,32.664
1738264303.517272,551434.000,21727,1,T1,1,100,32.784
1738264303.650278,551567.000,21759,1,T1,1,100,32.694
1738264303.784283,551701.000,21775,1,T1,1,100,32.619
1738264303.917288,551834.000,21793,1,T1,1,100,32.623
1738264304.050293,551967.000,21825,1,T1,1,100,32.801
1738264304.184299,552101.000,21842,1,T1,1,100,32.701
1738264304.317304,552234.000,21859,1,T1,1,100,32.693
1738264304.450310,552367.000,21894,1,T1,1,100,32.655
1738264304.583315,552500.000,21910,1,T1,1,100,32.709
1738264304.717320,552634.000,21927,1,T1,1,100,32.768
1738264304.850325,552767.000,21960,1,T1,1,100,32.687
1738264304.983331,552900.000,21976,1,T1,1,100,32.616
1738264305.117336,553034.000,21993,1,T1,1,100,32.586
1738264305.250341,553167.000,22012,1,T1,1,100,32.608
1738264305.383347,553300.000,22044,1,T1,1,100,32.618
1738264305.517352,553434.000,22062,1,T1,1,100,32.586
1738264305.650357,553567.000,22078,1,T1,1,100,32.644
1738264305.783363,553700.000,22111,1,T1,1,100,32.704
1738264305.917368,553834.000,22128,1,T1,1,100,32.695
1738264306.050373,553967.000,22144,1,T1,1,100,32.726
1738264306.183379,554100.000,22177,1,T1,1,100,32.704
1738264306.317384,554234.000,22196,1,T1,1,100,32.659
1738264306.450389,554367.000,22212,1,T1,1,100,32.711
1738264306.583395,554500.000,22245,1,T1,1,100,32.662
1738264306.717400,554634.000,22262,1,T1,1,100,32.712
1738264306.850405,554767.000,22279,1,T1,1,100,32.698
1738264306.983411,554900.000,22311,1,T1,1,100,32.692
1738264307.117416,555034.000,22328,1,T1,1,100,32.654
1738264307.250421,555167.000,22347,1,T1,1,100,32.708
1738264307.383426,555300.000,22364,1,T1,1,100,32.767
1738264307.517432,555434.000,22397,1,T1,1,100,32.758
1738264307.650437,555567.000,22413,1,T1,1,100,32.718
1738264307.783442,555700.000,22430,1,T1,1,100,32.630
1738264307.916448,555833.000,22463,1,T1,1,100,32.733
1738264308.050453,555967.000,22479,1,T1,1,100,32.707
1738264308.183459,556100.000,22497,1,T1,1,100,32.802
1738264308.316464,556233.000,22518,1,T1,1,100,32.773
1738264308.450469,556367.000,22551,1,T1,1,100,32.689
1738264308.583474,556500.000,22568,1,T1,1,100,32.653
1738264308.716480,556633.000,22584,1,T1,1,100,32.743
1738264308.850485,556767.000,22617,1,T1,1,100,32.747
1738264308.983490,556900.000,22634,1,T1,1,100,32.713
1738264309.116496,557033.000,22650,1,T1,1,100,32.770
1738264309.250501,557167.000,22683,1,T1,1,100,32.758
1738264309.383506,557300.000,22700,1,T1,1,100,32.754
1738264309.516512,557433.000,22717,1,T1,1,100,32.858
1738264309.650517,557567.000,22734,1,T1,1,100,32.761
1738264309.783522,557700.000,22766,1,T1,1,100,32.613
1738264309.916528,557833.000,22783,1,T1,1,100,32.655
1738264310.050533,557967.000,22800,1,T1,1,100,32.851
1738264310.183538,558100.000,22833,1,T1,1,100,32.829
1738264310.316544,558233.000,22849,1,T1,1,100,32.678
1738264310.450549,558367.000,22866,1,T1,1,100,32.754
1738264310.583554,558500.000,22899,1,T1,1,100,32.752
1738264310.716560,558633.000,22915,1,T1,1,100,32.680
1738264310.849565,558766.000,22935,1,T1,1,100,32.720
1738264310.983570,558900.000,22967,1,T1,1,100,32.666
1738264311.116575,559033.000,22983,1,T1,1,100,32.678
1738264311.250581,559167.000,23001,1,T1,1,100,32.754
1738264311.383586,559300.000,23033,1,T1,1,100,32.681
1738264311.516592,559433.000,23050,1,T1,1,100,32.685
1738264311.649597,559566.000,23067,1,T1,1,100,32.686
1738264311.783602,559700.000,23085,1,T1,1,100,32.687
1738264311.916607,559833.000,23118,1,T1,1,100,32.687
1738264312.049613,559966.000,23135,1,T1,1,100,32.616
1738264312.183618,560100.000,23151,1,T1,1,100,32.621
1738264312.316623,560233.000,23186,1,T1,1,100,32.730
1738264312.449629,560366.000,23203,1,T1,1,100,32.741
1738264312.583634,560500.000,23220,1,T1,1,100,32.782
1738264312.716640,560633.000,23252,1,T1,1,100,32.764
1738264312.849645,560766.000,23270,1,T1,1,100,32.685
1738264312.983650,560900.000,23286,1,T1,1,100,32.757
1738264313.116655,561033.000,23321,1,T1,1,100,32.718
1738264313.249661,561166.000,23338,1,T1,1,100,32.736
1738264313.383666,561300.000,23360,1,T1,1,100,32.744
1738264313.516671,561433.000,23377,1,T1,1,100,32.712
1738264313.649677,561566.000,23394,1,T1,1,100,32.840
1738264313.783682,561700.000,23410,1,T1,1,100,32.895
1738264313.916687,561833.000,23443,1,T1,1,100,32.813
1738264314.049693,561966.000,23460,1,T1,1,100,32.777
1738264314.182698,562099.000,23477,1,T1,1,100,32.726
1738264314.316703,562233.000,23511,1,T1,1,100,32.846
1738264314.449709,562366.000,23528,1,T1,1,100,32.721
1738264314.582714,562499.000,23545,1,T1,1,100,32.808
1738264314.716719,562633.000,23577,1,T1,1,100,32.704
1738264314.849725,562766.000,23595,1,T1,1,100,32.695
1738264314.982730,562899.000,23611,1,T1,1,100,32.655
1738264315.116735,563033.000,23644,1,T1,1,100,32.674
1738264315.249741,563166.000,23661,1,T1,1,100,32.611
1738264315.382746,563299.000,23677,1,T1,1,100,32.761
1738264315.516751,563433.000,23710,1,T1,1,100,32.719
1738264315.649756,563566.000,23727,1,T1,1,100,32.666
1738264315.782762,563699.000,23743,1,T1,1,100,32.643
1738264315.916767,563833.000,23761,1,T1,1,100,32.739
1738264316.049773,563966.000,23793,1,T1,1,100,32.710
1738264316.182778,564099.000,23812,1,T1,1,100,32.662
1738264316.316783,564233.000,23829,1,T1,1,100,32.676
1738264316.449788,564366.000,23862,1,T1,1,100,32.647
1738264316.582794,564499.000,23878,1,T1,1,100,32.741
1738264316.716799,564633.000,23895,1,T1,1,100,32.817
1738264316.849804,564766.000,23928,1,T1,1,100,32.850
1738264316.982810,564899.000,23944,1,T1,1,100,32.687
1738264317.116815,565033.000,23961,1,T1,1,100,32.652
1738264317.249820,565166.000,23996,1,T1,1,100,32.707
1738264317.382826,565299.000,24012,1,T1,1,100,32.732
1738264317.516831,565433.000,24030,1,T1,1,100,32.671
1738264317.649836,565566.000,24046,1,T1,1,100,32.751
1738264317.782842,565699.000,24078,1,T1,1,100,32.751
1738264317.915847,565832.000,24096,1,T1,1,100,32.821
1738264318.049852,565966.000,24112,1,T1,1,100,32.816
1738264318.182858,566099.000,24147,1,T1,1,100,32.708
1738264318.316863,566233.000,24164,1,T1,1,100,32.732
1738264318.449868,566366.000,24180,1,T1,1,100,32.778
1738264318.582874,566499.000,24203,1,T1,1,100,32.726
1738264318.715879,566632.000,24235,1,T1,1,100,32.704
1738264318.849884,566766.000,24254,1,T1,1,100,32.801
1738264318.982890,566899.000,24271,1,T1,1,100,32.772
1738264319.115895,567032.000,24304,1,T1,1,100,32.830
1738264319.249900,567166.000,24320,1,T1,1,100,32.749
1738264319.382905,567299.000,24337,1,T1,1,100,32.750
1738264319.515911,567432.000,24353,1,T1,1,100,32.785
1738264319.649916,567566.000,24386,1,T1,1,100,32.836
1738264319.782922,567699.000,24403,1,T1,1,100,32.716
1738264319.915927,567832.000,24420,1,T1,1,100,32.665
1738264320.049932,567966.000,24452,1,T1,1,100,32.784
1738264320.182937,568099.000,24470,1,T1,1,100,32.765
1738264320.315943,568232.000,24486,1,T1,1,100,32.792
1738264320.449948,568366.000,24521,1,T1,1,100,32.733
1738264320.582953,568499.000,24538,1,T1,1,100,32.742
1738264320.715959,568632.000,24554,1,T1,1,100,32.676
1738264320.848964,568765.000,24587,1,T1,1,100,32.718
1738264320.982970,568899.000,24604,1,T1,1,100,32.772
1738264321.115975,569032.000,24620,1,T1,1,100,32.759
1738264321.248980,569165.000,24653,1,T1,1,100,32.683
1738264321.382985,569299.000,24670,1,T1,1,100,32.721
1738264321.515991,569432.000,24687,1,T1,1,100,32.667
1738264321.648996,569565.000,24719,1,T1,1,100,32.714
1738264321.783001,569699.000,24736,1,T1,1,100,32.663
1738264321.916007,569832.000,24755,1,T1,1,100,32.677
1738264322.049012,569965.000,24772,1,T1,1,100,32.683
1738264322.183017,570099.000,24807,1,T1,1,100,32.650
1738264322.316023,570232.000,24825,1,T1,1,100,32.600
1738264322.449028,570365.000,24842,1,T1,1,100,32.685
1738264322.583033,570499.000,24875,1,T1,1,100,32.687
1738264322.716039,570632.000,24891,1,T1,1,100,32.723
1738264322.849044,570765.000,24909,1,T1,1,100,32.667
1738264322.983049,570899.000,24941,1,T1,1,100,32.679
1738264323.116055,571032.000,24957,1,T1,1,100,32.648
1738264323.249060,571165.000,24975,1,T1,1,100,32.812
1738264323.383065,571299.000,25007,1,T1,1,100,32.777
1738264323.516071,571432.000,25024,1,T1,1,100,32.762
1738264323.649076,571565.000,25046,1,T1,1,100,32.791
1738264323.783081,571699.000,25062,1,T1,1,100,32.768
1738264323.916086,571832.000,25095,1,T1,1,100,32.758
1738264324.049092,571965.000,25112,1,T1,1,100,32.718
1738264324.182097,572098.000,25129,1,T1,1,100,32.772
1738264324.316103,572232.000,25163,1,T1,1,100,32.724
1738264324.449108,572365.000,25180,1,T1,1,100,32.668
1738264324.583113,572499.000,25197,1,T1,1,100,32.644
1738264324.716118,572632.000,25229,1,T1,1,100,32.668
1738264324.849124,572765.000,25247,1,T1,1,100,32.679
1738264324.982129,572898.000,25263,1,T1,1,100,32.826
1738264325.116134,573032.000,25296,1,T1,1,100,32.747
1738264325.249140,573165.000,25313,1,T1,1,100,32.749
1738264325.382145,573298.000,25329,1,T1,1,100,32.714
1738264325.516150,573432.000,25364,1,T1,1,100,32.805
1738264325.649156,573565.000,25381,1,T1,1,100,32.809
1738264325.782161,573698.000,25397,1,T1,1,100,32.776
1738264325.916166,573832.000,25415,1,T1,1,100,32.690
1738264326.049172,573965.000,25447,1,T1,1,100,32.653
1738264326.182177,574098.000,25464,1,T1,1,100,32.708
1738264326.316182,574232.000,25481,1,T1,1,100,32.803
1738264326.449188,574365.000,25514,1,T1,1,100,32.702
1738264326.582193,574498.000,25532,1,T1,1,100,32.729
1738264326.716198,574632.000,25549,1,T1,1,100,32.741
1738264326.849204,574765.000,25582,1,T1,1,100,32.782
1738264326.982209,574898.000,25598,1,T1,1,100,32.799
1738264327.116214,575032.000,25615,1,T1,1,100,32.842
1738264327.249220,575165.000,25650,1,T1,1,100,32.825
1738264327.382225,575298.000,25666,1,T1,1,100,32.783
1738264327.516230,575432.000,25684,1,T1,1,100,32.764
1738264327.649235,575565.000,25716,1,T1,1,100,32.792
1738264327.782241,575698.000,25734,1,T1,1,100,32.803
1738264327.916246,575832.000,25752,1,T1,1,100,32.809
1738264328.049252,575965.000,25768,1,T1,1,100,32.953
1738264328.182257,576098.000,25801,1,T1,1,100,32.838
1738264328.316262,576232.000,25818,1,T1,1,100,32.788
1738264328.449267,576365.000,25834,1,T1,1,100,32.802
1738264328.582273,576498.000,25867,1,T1,1,100,32.808
1738264328.715278,576631.000,25889,1,T1,1,100,32.846
1738264328.849283,576765.000,25906,1,T1,1,100,32.756
1738264328.982289,576898.000,25940,1,T1,1,100,32.788
1738264329.115294,577031.000,25957,1,T1,1,100,32.873
1738264329.249299,577165.000,25974,1,T1,1,100,32.803
1738264329.382305,577298.000,25991,1,T1,1,100,32.738
1738264329.515310,577431.000,26024,1,T1,1,100,32.709
1738264329.649315,577565.000,26040,1,T1,1,100,32.768
1738264329.782321,577698.000,26057,1,T1,1,100,32.829
1738264329.915326,577831.000,26090,1,T1,1,100,32.784
1738264330.049331,577965.000,26106,1,T1,1,100,32.765
1738264330.182337,578098.000,26124,1,T1,1,100,32.756
1738264330.315342,578231.000,26158,1,T1,1,100,32.753
1738264330.449347,578365.000,26174,1,T1,1,100,32.751
1738264330.582353,578498.000,26192,1,T1,1,100,32.786
1738264330.715358,578631.000,26224,1,T1,1,100,32.730
1738264330.848363,578764.000,26241,1,T1,1,100,32.706
1738264330.982368,578898.000,26258,1,T1,1,100,32.731
1738264331.115374,579031.000,26274,1,T1,1,100,32.813
1738264331.248379,579164.000,26307,1,T1,1,100,32.777
1738264331.382385,579298.000,26324,1,T1,1,100,32.691
1738264331.515390,579431.000,26341,1,T1,1,100,32.760
1738264331.649395,579565.000,26373,1,T1,1,100,32.719
1738264331.782401,579698.000,26390,1,T1,1,100,32.772
1738264331.915406,579831.000,26407,1,T1,1,100,32.760
1738264332.048411,579964.000,26439,1,T1,1,100,32.719
1738264332.182416,580098.000,26457,1,T1,1,100,32.736
1738264332.315422,580231.000,26475,1,T1,1,100,32.815
1738264332.448427,580364.000,26508,1,T1,1,100,32.849
1738264332.582433,580498.000,26525,1,T1,1,100,32.828
1738264332.715438,580631.000,26541,1,T1,1,100,32.819
1738264332.848443,580764.000,26574,1,T1,1,100,32.780
1738264332.982448,580898.000,26591,1,T1,1,100,32.869
1738264333.115454,581031.000,26609,1,T1,1,100,32.766
1738264333.248459,581164.000,26627,1,T1,1,100,32.757
1738264333.382464,581298.000,26659,1,T1,1,100,32.753
1738264333.515470,581431.000,26676,1,T1,1,100,32.751
1738264333.648475,581564.000,26693,1,T1,1,100,32.821
1738264333.781980,581697.500,26729,2,T1,1,100,32.816
1738264333.915486,581831.000,26729,2,T1,1,100,32.814
1738264334.048491,581964.000,26761,1,T1,1,100,32.849
1738264334.182496,582098.000,26779,1,T1,1,100,32.864
1738264334.315502,582231.000,26795,1,T1,1,100,32.906
1738264334.448507,582364.000,26812,1,T1,1,100,32.853
1738264334.581512,582497.000,26845,1,T1,1,100,32.901
1738264334.715518,582631.000,26861,1,T1,1,100,32.886
1738264334.848523,582764.000,26878,1,T1,1,100,32.809
1738264334.981528,582897.000,26911,1,T1,1,100,32.705
1738264335.115534,583031.000,26927,1,T1,1,100,32.695
1738264335.248539,583164.000,26945,1,T1,1,100,32.762
1738264335.381544,583297.000,26977,1,T1,1,100,32.826
1738264335.515550,583431.000,26996,1,T1,1,100,32.747
1738264335.648555,583564.000,27013,1,T1,1,100,32.713
1738264335.781560,583697.000,27046,1,T1,1,100,32.663
1738264335.915565,583831.000,27062,1,T1,1,100,32.677
1738264336.048571,583964.000,27079,1,T1,1,100,32.754
1738264336.181576,584097.000,27112,1,T1,1,100,32.823
1738264336.315582,584231.000,27128,1,T1,1,100,32.817
1738264336.448587,584364.000,27145,1,T1,1,100,32.779
1738264336.581592,584497.000,27164,1,T1,1,100,32.798
1738264336.715597,584631.000,27196,1,T1,1,100,32.771
1738264336.848603,584764.000,27214,1,T1,1,100,32.794
1738264336.981608,584897.000,27230,1,T1,1,100,32.876
1738264337.115613,585031.000,27263,1,T1,1,100,32.733
1738264337.248619,585164.000,27284,1,T1,1,100,32.743
1738264337.381624,585297.000,27300,1,T1,1,100,32.924
1738264337.514629,585430.000,27333,1,T1,1,100,32.861
1738264337.648635,585564.000,27350,1,T1,1,100,32.798
1738264337.781640,585697.000,27368,1,T1,1,100,32.700
1738264337.914645,585830.000,27401,1,T1,1,100,32.764
1738264338.048651,585964.000,27418,1,T1,1,100,32.791
1738264338.181656,586097.000,27435,1,T1,1,100,32.910
1738264338.314661,586230.000,27467,1,T1,1,100,32.713
1738264338.448667,586364.000,27484,1,T1,1,100,32.734
1738264338.581672,586497.000,27501,1,T1,1,100,32.708
1738264338.714677,586630.000,27518,1,T1,1,100,32.767
1738264338.848683,586764.000,27551,1,T1,1,100,32.722
1738264338.981688,586897.000,27573,1,T1,1,100,32.667
1738264339.114693,587030.000,27589,1,T1,1,100,32.679
1738264339.248698,587164.000,27607,1,T1,1,100,32.719
1738264339.381704,587297.000,27641,1,T1,1,100,32.808
1738264339.514709,587430.000,27658,1,T1,1,100,32.775
1738264339.648715,587564.000,27675,1,T1,1,100,32.761
1738264339.781720,587697.000,27708,1,T1,1,100,32.755
1738264339.914725,587830.000,27724,1,T1,1,100,32.787
1738264340.048731,587964.000,27741,1,T1,1,100,32.837
1738264340.181736,588097.000,27774,1,T1,1,100,32.823
1738264340.314741,588230.000,27790,1,T1,1,100,32.853
1738264340.448746,588364.000,27807,1,T1,1,100,32.830
1738264340.581752,588497.000,27824,1,T1,1,100,32.855
1738264340.714757,588630.000,27858,1,T1,1,100,32.796
1738264340.847762,588763.000,27876,1,T1,1,100,32.770
1738264340.981768,588897.000,27892,1,T1,1,100,32.829
1738264341.114773,589030.000,27925,1,T1,1,100,32.820
1738264341.248778,589164.000,27942,1,T1,1,100,32.851
1738264341.381784,589297.000,27958,1,T1,1,100,32.865
1738264341.514789,589430.000,27991,1,T1,1,100,32.729
1738264341.647794,589563.000,28008,1,T1,1,100,32.741
1738264341.781800,589697.000,28024,1,T1,1,100,32.817
1738264341.914805,589830.000,28057,1,T1,1,100,32.708
1738264342.047810,589963.000,28074,1,T1,1,100,32.732
1738264342.181816,590097.000,28091,1,T1,1,100,32.813
1738264342.314821,590230.000,28125,1,T1,1,100,32.848
1738264342.447826,590363.000,28142,1,T1,1,100,32.828
1738264342.581832,590497.000,28159,1,T1,1,100,32.819
1738264342.714837,590630.000,28176,1,T1,1,100,32.709
1738264342.847842,590763.000,28209,1,T1,1,100,32.732
1738264342.981848,590897.000,28225,1,T1,1,100,32.778
1738264343.114853,591030.000,28242,1,T1,1,100,32.762
1738264343.247858,591163.000,28277,1,T1,1,100,32.720
1738264343.381864,591297.000,28293,1,T1,1,100,32.737
1738264343.514869,591430.000,28311,1,T1,1,100,32.851
1738264343.647874,591563.000,28343,1,T1,1,100,32.794
1738264343.781879,591697.000,28359,1,T1,1,100,32.698
1738264343.914885,591830.000,28377,1,T1,1,100,32.763
1738264344.047890,591963.000,28416,1,T1,1,100,32.862
1738264344.181895,592097.000,28433,1,T1,1,100,32.869
1738264344.314901,592230.000,28450,1,T1,1,100,32.837
1738264344.447906,592363.000,28466,1,T1,1,100,32.823
1738264344.581912,592497.000,28486,1,T1,1,100,32.782
1738264344.714917,592630.000,28518,1,T1,1,100,32.870
1738264344.847922,592763.000,28535,1,T1,1,100,32.873
1738264344.980927,592896.000,28552,1,T1,1,100,32.803
1738264345.114933,593030.000,28585,1,T1,1,100,32.667
1738264345.247938,593163.000,28601,1,T1,1,100,32.678
1738264345.380943,593296.000,28618,1,T1,1,100,32.755
1738264345.514949,593430.000,28651,1,T1,1,100,32.787
1738264345.647954,593563.000,28667,1,T1,1,100,32.695
1738264345.780959,593696.000,28684,1,T1,1,100,32.691
1738264345.914965,593830.000,28717,1,T1,1,100,32.689
1738264346.047970,593963.000,28735,1,T1,1,100,32.830
1738264346.180975,594096.000,28753,1,T1,1,100,32.856
1738264346.314981,594230.000,28769,1,T1,1,100,32.831
1738264346.447986,594363.000,28801,1,T1,1,100,32.856
1738264346.580991,594496.000,28819,1,T1,1,100,32.831
1738264346.714997,594630.000,28835,1,T1,1,100,32.821
1738264346.848002,594763.000,28870,1,T1,1,100,32.887
1738264346.981007,594896.000,28887,1,T1,1,100,32.951
1738264347.115013,595030.000,28903,1,T1,1,100,32.943
1738264347.248018,595163.000,28940,1,T1,1,100,32.905
1738264347.381023,595296.000,28957,1,T1,1,100,32.923
1738264347.514029,595429.000,28974,1,T1,1,100,32.825
1738264347.648034,595563.000,29006,1,T1,1,100,32.712
1738264347.781039,595696.000,29023,1,T1,1,100,32.733
1738264347.914044,595829.000,29040,1,T1,1,100,32.743
1738264348.048050,595963.000,29072,1,T1,1,100,32.818
1738264348.181055,596096.000,29090,1,T1,1,100,32.815
1738264348.314060,596229.000,29106,1,T1,1,100,32.849
1738264348.448066,596363.000,29139,1,T1,1,100,32.828
1738264348.581071,596496.000,29156,1,T1,1,100,32.890
1738264348.714077,596629.000,29174,1,T1,1,100,32.917
1738264348.848082,596763.000,29191,1,T1,1,100,32.822
1738264348.981087,596896.000,29224,1,T1,1,100,32.852
1738264349.114092,597029.000,29240,1,T1,1,100,32.759
1738264349.248098,597163.000,29261,1,T1,1,100,32.789
1738264349.381103,597296.000,29277,1,T1,1,100,32.732
1738264349.514108,597429.000,29310,1,T1,1,100,32.777
1738264349.648114,597563.000,29327,1,T1,1,100,32.797
1738264349.781119,597696.000,29343,1,T1,1,100,32.841
1738264349.914124,597829.000,29376,1,T1,1,100,32.825
1738264350.048130,597963.000,29393,1,T1,1,100,32.889
1738264350.181135,598096.000,29410,1,T1,1,100,32.916
1738264350.314140,598229.000,29442,1,T1,1,100,32.857
1738264350.448146,598363.000,29461,1,T1,1,100,32.938
1738264350.581151,598496.000,29478,1,T1,1,100,32.938
1738264350.714156,598629.000,29495,1,T1,1,100,33.009
1738264350.848162,598763.000,29528,1,T1,1,100,32.933
1738264350.981167,598896.000,29544,1,T1,1,100,32.900
1738264351.114172,599029.000,29561,1,T1,1,100,32.921
1738264351.248178,599163.000,29594,1,T1,1,100,32.895
1738264351.381183,599296.000,29610,1,T1,1,100,32.919
1738264351.514188,599429.000,29628,1,T1,1,100,32.859
1738264351.647193,599562.000,29660,1,T1,1,100,32.762
1738264351.781199,599696.000,29676,1,T1,1,100,32.755
1738264351.914204,599829.000,29694,1,T1,1,100,32.752
1738264352.047210,599962.000,29726,1,T1,1,100,32.822
1738264352.181215,600096.000,29743,1,T1,1,100,32.852
1738264352.314220,600229.000,29762,1,T1,1,100,32.830
1738264352.447225,600362.000,29778,1,T1,1,100,32.784
1738264352.581231,600496.000,29811,1,T1,1,100,32.800
1738264352.714236,600629.000,29828,1,T1,1,100,32.772
1738264352.847241,600762.000,29847,1,T1,1,100,32.759
1738264352.981247,600896.000,29879,1,T1,1,100,32.825
1738264353.114252,601029.000,29896,1,T1,1,100,32.853
1738264353.247257,601162.000,29913,1,T1,1,100,32.830
1738264353.381263,601296.000,29945,1,T1,1,100,32.856
1738264353.514268,601429.000,29963,1,T1,1,100,32.902
1738264353.647273,601562.000,29979,1,T1,1,100,32.887
1738264353.781279,601696.000,30012,1,T1,1,100,32.880
1738264353.914284,601829.000,30029,1,T1,1,100,32.913
1738264354.047289,601962.000,30045,1,T1,1,100,32.785
1738264354.180295,602095.000,30062,1,T1,1,100,32.836
1738264354.314300,602229.000,30102,1,T1,1,100,32.858
1738264354.447305,602362.000,30119,1,T1,1,100,32.939
1738264354.580311,602495.000,30136,1,T1,1,100,32.867
1738264354.714316,602629.000,30152,1,T1,1,100,32.836
1738264354.847321,602762.000,30169,1,T1,1,100,32.823
1738264354.980327,602895.000,30202,1,T1,1,100,32.923
1738264355.114332,603029.000,30218,1,T1,1,100,32.896
1738264355.247337,603162.000,30236,1,T1,1,100,32.849
1738264355.380342,603295.000,30270,1,T1,1,100,32.828
1738264355.514348,603429.000,30287,1,T1,1,100,32.890
1738264355.647353,603562.000,30304,1,T1,1,100,32.988
1738264355.780359,603695.000,30337,1,T1,1,100,32.817
1738264355.914364,603829.000,30353,1,T1,1,100,32.850
1738264356.047369,603962.000,30370,1,T1,1,100,32.758
1738264356.180374,604095.000,30403,1,T1,1,100,32.824
1738264356.314380,604229.000,30419,1,T1,1,100,32.818
1738264356.447385,604362.000,30436,1,T1,1,100,32.779
1738264356.580390,604495.000,30453,1,T1,1,100,32.798
1738264356.714396,604629.000,30485,1,T1,1,100,32.948
1738264356.847401,604762.000,30505,1,T1,1,100,32.978
1738264356.980407,604895.000,30521,1,T1,1,100,32.884
1738264357.114412,605029.000,30554,1,T1,1,100,32.843
1738264357.247417,605162.000,30573,1,T1,1,100,32.897
1738264357.380422,605295.000,30589,1,T1,1,100,32.920
1738264357.513428,605428.000,30622,1,T1,1,100,32.859
1738264357.647433,605562.000,30639,1,T1,1,100,32.797
1738264357.780438,605695.000,30655,1,T1,1,100,32.841
1738264357.913444,605828.000,30688,1,T1,1,100,32.896
1738264358.047449,605962.000,30707,1,T1,1,100,32.813
1738264358.180454,606095.000,30724,1,T1,1,100,32.813
1738264358.313460,606228.000,30756,1,T1,1,100,32.813
1738264358.447465,606362.000,30773,1,T1,1,100,32.883
1738264358.580470,606495.000,30790,1,T1,1,100,32.879
1738264358.713476,606628.000,30807,1,T1,1,100,32.877
1738264358.847481,606762.000,30840,1,T1,1,100,32.840
1738264358.980486,606895.000,30856,1,T1,1,100,32.789
1738264359.113492,607028.000,30873,1,T1,1,100,32.873
1738264359.247497,607162.000,30906,1,T1,1,100,32.768
1738264359.380502,607295.000,30922,1,T1,1,100,32.687
1738264359.513508,607428.000,30947,1,T1,1,100,32.723
1738264359.647513,607562.000,30963,1,T1,1,100,32.880
1738264359.780518,607695.000,30980,1,T1,1,100,32.877
1738264359.913523,607828.000,31013,1,T1,1,100,32.805
1738264360.047529,607962.000,31029,1,T1,1,100,32.809
1738264360.180534,608095.000,31046,1,T1,1,100,32.847
1738264360.313540,608228.000,31079,1,T1,1,100,33.005
1738264360.447545,608362.000,31095,1,T1,1,100,32.931
1738264360.580550,608495.000,31113,1,T1,1,100,32.828
1738264360.713555,608628.000,31147,1,T1,1,100,32.784
1738264360.846561,608761.000,31164,1,T1,1,100,32.800
1738264360.980566,608895.000,31181,1,T1,1,100,32.878
1738264361.113571,609028.000,31214,1,T1,1,100,32.876
1738264361.246577,609161.000,31230,1,T1,1,100,32.805
1738264361.380582,609295.000,31247,1,T1,1,100,32.880
1738264361.513587,609428.000,31280,1,T1,1,100,32.877
1738264361.646593,609561.000,31296,1,T1,1,100,32.911
1738264361.780598,609695.000,31313,1,T1,1,100,32.855
1738264361.913603,609828.000,31348,1,T1,1,100,32.866
1738264362.046609,609961.000,31364,1,T1,1,100,32.836
1738264362.180614,610095.000,31382,1,T1,1,100,32.894
1738264362.313619,610228.000,31400,1,T1,1,100,32.918
1738264362.446625,610361.000,31433,1,T1,1,100,32.858
1738264362.580630,610495.000,31450,1,T1,1,100,32.832
1738264362.713635,610628.000,31466,1,T1,1,100,32.892
1738264362.846641,610761.000,31499,1,T1,1,100,32.953
1738264362.980646,610895.000,31516,1,T1,1,100,32.873
1738264363.113651,611028.000,31532,1,T1,1,100,32.910
1738264363.246657,611161.000,31567,1,T1,1,100,32.890
1738264363.380662,611295.000,31584,1,T1,1,100,32.811
1738264363.513667,611428.000,31601,1,T1,1,100,32.883
1738264363.646672,611561.000,31633,1,T1,1,100,32.949
1738264363.780678,611695.000,31650,1,T1,1,100,32.943
1738264363.913683,611828.000,31667,1,T1,1,100,32.940
1738264364.046689,611961.000,31699,1,T1,1,100,32.832
1738264364.180694,612095.000,31717,1,T1,1,100,32.892
1738264364.313699,612228.000,31733,1,T1,1,100,32.918
1738264364.446704,612361.000,31750,1,T1,1,100,32.858
1738264364.580710,612495.000,31790,1,T1,1,100,32.903
1738264364.713715,612628.000,31806,1,T1,1,100,32.958
1738264364.846720,612761.000,31824,1,T1,1,100,32.875
1738264364.979726,612894.000,31856,1,T1,1,100,32.840
1738264365.113731,613028.000,31872,1,T1,1,100,32.895
1738264365.246736,613161.000,31890,1,T1,1,100,32.955
1738264365.379742,613294.000,31922,1,T1,1,100,32.945
1738264365.513747,613428.000,31939,1,T1,1,100,32.870
1738264365.646752,613561.000,31956,1,T1,1,100,32.837
1738264365.779758,613694.000,31991,1,T1,1,100,32.930
1738264365.913763,613828.000,32007,1,T1,1,100,32.899
1738264366.046768,613961.000,32024,1,T1,1,100,32.921
1738264366.179774,614094.000,32057,1,T1,1,100,33.001
1738264366.313779,614228.000,32073,1,T1,1,100,33.000
1738264366.446784,614361.000,32090,1,T1,1,100,32.965
1738264366.579790,614494.000,32107,1,T1,1,100,32.985
1738264366.713795,614628.000,32139,1,T1,1,100,32.958
1738264366.846800,614761.000,32159,1,T1,1,100,32.840
1738264366.979805,614894.000,32175,1,T1,1,100,32.789
1738264367.113811,615028.000,32208,1,T1,1,100,32.873
1738264367.246816,615161.000,32227,1,T1,1,100,32.803
1738264367.379822,615294.000,32243,1,T1,1,100,32.773
1738264367.512827,615427.000,32276,1,T1,1,100,32.831
1738264367.646832,615561.000,32293,1,T1,1,100,32.891
1738264367.779838,615694.000,32309,1,T1,1,100,32.918
1738264367.912843,615827.000,32342,1,T1,1,100,32.893
1738264368.046848,615961.000,32361,1,T1,1,100,32.883
1738264368.179853,616094.000,32378,1,T1,1,100,32.985
1738264368.312859,616227.000,32395,1,T1,1,100,32.887
1738264368.446864,616361.000,32428,1,T1,1,100,32.880
1738264368.579870,616494.000,32444,1,T1,1,100,32.842
1738264368.712875,616627.000,32461,1,T1,1,100,32.790
1738264368.846880,616761.000,32494,1,T1,1,100,32.838
1738264368.979885,616894.000,32510,1,T1,1,100,32.824
1738264369.112891,617027.000,32529,1,T1,1,100,32.817
1738264369.246896,617161.000,32564,1,T1,1,100,32.815
1738264369.379901,617294.000,32580,1,T1,1,100,32.955
1738264369.512907,617427.000,32598,1,T1,1,100,32.874
1738264369.646912,617561.000,32635,1,T1,1,100,32.875
1738264369.779917,617694.000,32651,1,T1,1,100,32.875
1738264369.912923,617827.000,32669,1,T1,1,100,32.981
1738264370.046928,617961.000,32685,1,T1,1,100,32.992
1738264370.179933,618094.000,32718,1,T1,1,100,32.961
1738264370.312939,618227.000,32735,1,T1,1,100,32.912
1738264370.446944,618361.000,32751,1,T1,1,100,32.856
1738264370.579949,618494.000,32786,1,T1,1,100,32.938
1738264370.712955,618627.000,32803,1,T1,1,100,33.008
1738264370.845960,618760.000,32820,1,T1,1,100,32.968
1738264370.979965,618894.000,32852,1,T1,1,100,32.951
1738264371.112971,619027.000,32869,1,T1,1,100,32.908
1738264371.245976,619160.000,32886,1,T1,1,100,33.031
1738264371.379981,619294.000,32918,1,T1,1,100,32.907
1738264371.512986,619427.000,32938,1,T1,1,100,32.853
1738264371.645992,619560.000,32954,1,T1,1,100,32.901
1738264371.779997,619694.000,32987,1,T1,1,100,32.922
1738264371.913002,619827.000,33004,1,T1,1,100,32.966
1738264372.046008,619960.000,33020,1,T1,1,100,32.879
1738264372.180013,620094.000,33037,1,T1,1,100,32.912
1738264372.313019,620227.000,33072,1,T1,1,100,32.891
1738264372.446024,620360.000,33088,1,T1,1,100,32.882
1738264372.580029,620494.000,33106,1,T1,1,100,32.878
1738264372.713034,620627.000,33140,1,T1,1,100,32.876
1738264372.846040,620760.000,33157,1,T1,1,100,32.876
1738264372.980045,620894.000,33174,1,T1,1,100,32.911
1738264373.113050,621027.000,33207,1,T1,1,100,32.926
1738264373.246056,621160.000,33223,1,T1,1,100,32.826
1738264373.380061,621294.000,33240,1,T1,1,100,32.854
1738264373.513066,621427.000,33273,1,T1,1,100,32.937
1738264373.646072,621560.000,33289,1,T1,1,100,33.044
1738264373.780077,621694.000,33306,1,T1,1,100,32.948
1738264373.913082,621827.000,33339,1,T1,1,100,32.942
1738264374.046088,621960.000,33357,1,T1,1,100,32.904
1738264374.179093,622093.000,33375,1,T1,1,100,33.065
1738264374.313098,622227.000,33391,1,T1,1,100,32.993
1738264374.446104,622360.000,33424,1,T1,1,100,32.890
1738264374.580109,622494.000,33441,1,T1,1,100,32.953
1738264374.713114,622627.000,33457,1,T1,1,100,32.979
1738264374.846120,622760.000,33480,1,T1,1,100,32.920
1738264374.979125,622893.000,33497,1,T1,1,100,32.930
1738264375.113130,623027.000,33532,1,T1,1,100,32.863
1738264375.246135,623160.000,33548,1,T1,1,100,32.905
1738264375.379141,623293.000,33565,1,T1,1,100,32.995
1738264375.513146,623427.000,33581,1,T1,1,100,32.927
1738264375.646152,623560.000,33616,1,T1,1,100,32.897
1738264375.779157,623693.000,33633,1,T1,1,100,32.849
1738264375.913162,623827.000,33650,1,T1,1,100,32.970
1738264376.046168,623960.000,33684,1,T1,1,100,32.987
1738264376.179173,624093.000,33702,1,T1,1,100,32.959
1738264376.313178,624227.000,33718,1,T1,1,100,32.947
1738264376.446183,624360.000,33751,1,T1,1,100,32.871
1738264376.579189,624493.000,33768,1,T1,1,100,32.944
1738264376.713194,624627.000,33784,1,T1,1,100,33.011
1738264376.846200,624760.000,33817,1,T1,1,100,32.969
1738264376.979205,624893.000,33834,1,T1,1,100,32.880
1738264377.113210,625027.000,33850,1,T1,1,100,32.948
1738264377.246215,625160.000,33868,1,T1,1,100,32.978
1738264377.379221,625293.000,33902,1,T1,1,100,33.026
1738264377.512226,625426.000,33919,1,T1,1,100,32.905
1738264377.646231,625560.000,33936,1,T1,1,100,32.817
1738264377.779237,625693.000,33969,1,T1,1,100,32.921
1738264377.913242,625827.000,33985,1,T1,1,100,32.966
1738264378.046247,625960.000,34002,1,T1,1,100,32.985
1738264378.179253,626093.000,34035,1,T1,1,100,32.994
1738264378.312258,626226.000,34051,1,T1,1,100,32.820
1738264378.446263,626360.000,34068,1,T1,1,100,32.887
1738264378.579269,626493.000,34101,1,T1,1,100,32.915
1738264378.712274,626626.000,34117,1,T1,1,100,32.963
1738264378.846279,626760.000,34135,1,T1,1,100,33.020
1738264378.979285,626893.000,34167,1,T1,1,100,33.008
1738264379.112290,627026.000,34185,1,T1,1,100,32.897
1738264379.246295,627160.000,34203,1,T1,1,100,32.885
1738264379.379301,627293.000,34219,1,T1,1,100,33.021
1738264379.512306,627426.000,34252,1,T1,1,100,33.009
1738264379.646311,627560.000,34269,1,T1,1,100,32.968
1738264379.779316,627693.000,34285,1,T1,1,100,33.022
1738264379.912322,627826.000,34324,1,T1,1,100,32.974
1738264380.046327,627960.000,34340,1,T1,1,100,32.953
1738264380.179332,628093.000,34358,1,T1,1,100,32.944
1738264380.312338,628226.000,34374,1,T1,1,100,32.870
1738264380.446343,628360.000,34391,1,T1,1,100,32.979
1738264380.579349,628493.000,34424,1,T1,1,100,32.920
1738264380.712354,628626.000,34440,1,T1,1,100,33.001
1738264380.846359,628760.000,34458,1,T1,1,100,32.894
1738264380.979364,628893.000,34490,1,T1,1,100,32.848
1738264381.112370,629026.000,34506,1,T1,1,100,32.934
1738264381.246375,629160.000,34526,1,T1,1,100,32.971
1738264381.379380,629293.000,34558,1,T1,1,100,33.059
1738264381.512386,629426.000,34575,1,T1,1,100,32.954
1738264381.645391,629559.000,34592,1,T1,1,100,32.909
1738264381.779396,629693.000,34625,1,T1,1,100,32.890
1738264381.912402,629826.000,34641,1,T1,1,100,32.952
1738264382.046407,629960.000,34658,1,T1,1,100,32.944
1738264382.179412,630093.000,34693,1,T1,1,100,32.940
1738264382.312418,630226.000,34709,1,T1,1,100,32.939
1738264382.445423,630359.000,34728,1,T1,1,100,32.938
1738264382.579428,630493.000,34745,1,T1,1,100,32.973
1738264382.712434,630626.000,34777,1,T1,1,100,32.882
1738264382.845439,630759.000,34795,1,T1,1,100,32.878
1738264382.979444,630893.000,34811,1,T1,1,100,32.841
1738264383.112450,631026.000,34844,1,T1,1,100,32.931
1738264383.245455,631159.000,34861,1,T1,1,100,32.864
1738264383.379460,631293.000,34877,1,T1,1,100,32.906
1738264383.512465,631426.000,34912,1,T1,1,100,32.888
1738264383.645471,631559.000,34929,1,T1,1,100,32.952
1738264383.779476,631693.000,34945,1,T1,1,100,32.944
1738264383.912482,631826.000,34978,1,T1,1,100,32.940
1738264384.045487,631959.000,34995,1,T1,1,100,33.010
1738264384.178492,632092.000,35012,1,T1,1,100,32.898
1738264384.312497,632226.000,35029,1,T1,1,100,32.956
1738264384.445503,632359.000,35061,1,T1,1,100,32.945
1738264384.578508,632492.000,35078,1,T1,1,100,32.870
1738264384.712513,632626.000,35097,1,T1,1,100,32.908
1738264384.845519,632759.000,35130,1,T1,1,100,32.889
1738264384.978524,632892.000,35146,1,T1,1,100,32.917
1738264385.112530,633026.000,35168,1,T1,1,100,32.928
1738264385.245535,633159.000,35185,1,T1,1,100,33.005
1738264385.378540,633292.000,35202,1,T1,1,100,32.931
1738264385.512545,633426.000,35235,1,T1,1,100,32.970
1738264385.645551,633559.000,35251,1,T1,1,100,32.916
1738264385.779556,633693.000,35268,1,T1,1,100,32.964
1738264385.912561,633826.000,35303,1,T1,1,100,33.091
1738264386.045567,633959.000,35319,1,T1,1,100,33.004
1738264386.178572,634092.000,35337,1,T1,1,100,32.966
1738264386.312577,634226.000,35369,1,T1,1,100,32.914
1738264386.445583,634359.000,35385,1,T1,1,100,32.892
1738264386.578588,634492.000,35403,1,T1,1,100,32.882
1738264386.712593,634626.000,35435,1,T1,1,100,32.949
1738264386.845599,634759.000,35452,1,T1,1,100,33.013
1738264386.978604,634892.000,35469,1,T1,1,100,33.041
1738264387.112609,635026.000,35502,1,T1,1,100,33.018
1738264387.245615,635159.000,35520,1,T1,1,100,33.043
1738264387.378620,635292.000,35537,1,T1,1,100,33.019
1738264387.511625,635425.000,35553,1,T1,1,100,32.902
1738264387.645631,635559.000,35586,1,T1,1,100,32.922
1738264387.778636,635692.000,35603,1,T1,1,100,32.966
1738264387.911641,635825.000,35620,1,T1,1,100,32.985
1738264388.045646,635959.000,35652,1,T1,1,100,33.029
1738264388.178652,636092.000,35670,1,T1,1,100,32.977
1738264388.311657,636225.000,35686,1,T1,1,100,33.026
1738264388.445662,636359.000,35719,1,T1,1,100,33.011
1738264388.578668,636492.000,35736,1,T1,1,100,32.934
1738264388.711673,636625.000,35752,1,T1,1,100,32.900
1738264388.845678,636759.000,35785,1,T1,1,100,32.886
1738264388.978684,636892.000,35802,1,T1,1,100,32.880
1738264389.111689,637025.000,35818,1,T1,1,100,33.054
1738264389.245694,637159.000,35851,1,T1,1,100,32.988
1738264389.378700,637292.000,35868,1,T1,1,100,32.924
1738264389.511705,637425.000,35885,1,T1,1,100,32.932
1738264389.645710,637559.000,35902,1,T1,1,100,32.900
1738264389.778716,637692.000,35934,1,T1,1,100,32.992
1738264389.911721,637825.000,35951,1,T1,1,100,32.961
1738264390.045726,637959.000,35968,1,T1,1,100,33.090
1738264390.178732,638092.000,36010,1,T1,1,100,33.039
1738264390.311737,638225.000,36026,1,T1,1,100,33.052
1738264390.445742,638359.000,36043,1,T1,1,100,32.987
1738264390.578748,638492.000,36060,1,T1,1,100,33.030
1738264390.711753,638625.000,36077,1,T1,1,100,32.942
1738264390.845758,638759.000,36110,1,T1,1,100,33.081
1738264390.978764,638892.000,36126,1,T1,1,100,33.142
1738264391.111769,639025.000,36143,1,T1,1,100,33.026
1738264391.244774,639158.000,36176,1,T1,1,100,32.976
1738264391.378780,639292.000,36192,1,T1,1,100,32.883
1738264391.511785,639425.000,36212,1,T1,1,100,32.879
1738264391.645790,639559.000,36244,1,T1,1,100,32.912
1738264391.778795,639692.000,36260,1,T1,1,100,32.856
1738264391.911801,639825.000,36278,1,T1,1,100,32.937
1738264392.044806,639958.000,36310,1,T1,1,100,33.008
1738264392.178812,640092.000,36327,1,T1,1,100,32.968
1738264392.311817,640225.000,36346,1,T1,1,100,32.986
1738264392.444822,640358.000,36379,1,T1,1,100,32.994
1738264392.578827,640492.000,36395,1,T1,1,100,32.891
1738264392.711833,640625.000,36412,1,T1,1,100,33.024
1738264392.844838,640758.000,36445,1,T1,1,100,32.975
1738264392.978843,640892.000,36461,1,T1,1,100,32.918
1738264393.111849,641025.000,36478,1,T1,1,100,32.894
1738264393.244854,641158.000,36495,1,T1,1,100,32.919
1738264393.378860,641292.000,36527,1,T1,1,100,33.000
1738264393.511865,641425.000,36545,1,T1,1,100,33.000
1738264393.644870,641558.000,36563,1,T1,1,100,32.894
1738264393.778875,641692.000,36596,1,T1,1,100,32.954
1738264393.911881,641825.000,36613,1,T1,1,100,33.051
1738264394.044886,641958.000,36629,1,T1,1,100,32.987
1738264394.177891,642091.000,36662,1,T1,1,100,32.959
1738264394.311897,642225.000,36679,1,T1,1,100,32.911
1738264394.444902,642358.000,36695,1,T1,1,100,32.962
1738264394.577907,642491.000,36730,1,T1,1,100,33.019
1738264394.711913,642625.000,36747,1,T1,1,100,33.044
1738264394.844918,642758.000,36764,1,T1,1,100,33.125
1738264394.977923,642891.000,36796,1,T1,1,100,32.948
1738264395.111929,643025.000,36813,1,T1,1,100,33.084
1738264395.244934,643158.000,36830,1,T1,1,100,33.001
1738264395.377939,643291.000,36850,1,T1,1,100,33.071
1738264395.511945,643425.000,36867,1,T1,1,100,33.031
1738264395.644950,643558.000,36899,1,T1,1,100,32.978
1738264395.777955,643691.000,36918,1,T1,1,100,32.990
1738264395.911961,643825.000,36935,1,T1,1,100,33.067
1738264396.044966,643958.000,36967,1,T1,1,100,33.029
1738264396.177971,644091.000,36985,1,T1,1,100,32.942
1738264396.311976,644225.000,37001,1,T1,1,100,32.975
1738264396.444982,644358.000,37034,1,T1,1,100,32.989
1738264396.577987,644491.000,37051,1,T1,1,100,32.960
1738264396.711993,644625.000,37069,1,T1,1,100,32.947
1738264396.844998,644758.000,37086,1,T1,1,100,33.013
1738264396.978003,644891.000,37119,1,T1,1,100,33.041
1738264397.112008,645025.000,37135,1,T1,1,100,33.053
1738264397.245014,645158.000,37153,1,T1,1,100,33.094
1738264397.378019,645291.000,37187,1,T1,1,100,33.076
1738264397.511024,645424.000,37204,1,T1,1,100,33.068
1738264397.645030,645558.000,37221,1,T1,1,100,33.065
1738264397.778035,645691.000,37256,1,T1,1,100,33.028
1738264397.911040,645824.000,37272,1,T1,1,100,32.977
1738264398.045046,645958.000,37289,1,T1,1,100,33.061
1738264398.178051,646091.000,37322,1,T1,1,100,33.026
1738264398.311056,646224.000,37338,1,T1,1,100,32.905
1738264398.445062,646358.000,37355,1,T1,1,100,32.853
1738264398.578067,646491.000,37388,1,T1,1,100,32.936
1738264398.712072,646625.000,37404,1,T1,1,100,32.937
1738264398.845078,646758.000,37422,1,T1,1,100,33.079
1738264398.978083,646891.000,37442,1,T1,1,100,33.034
1738264399.111088,647024.000,37474,1,T1,1,100,32.979
1738264399.245094,647158.000,37492,1,T1,1,100,33.097
1738264399.378099,647291.000,37508,1,T1,1,100,33.078
1738264399.511104,647424.000,37541,1,T1,1,100,32.998
1738264399.645110,647558.000,37558,1,T1,1,100,32.857
1738264399.778115,647691.000,37576,1,T1,1,100,32.903
1738264399.911120,647824.000,37611,1,T1,1,100,32.922
1738264400.045125,647958.000,37628,1,T1,1,100,33.002
1738264400.178131,648091.000,37645,1,T1,1,100,32.965
1738264400.311136,648224.000,37677,1,T1,1,100,32.985
1738264400.444141,648357.000,37700,1,T1,1,100,33.029
1738264400.578147,648491.000,37716,1,T1,1,100,33.119
1738264400.711152,648624.000,37733,1,T1,1,100,33.087
1738264400.845157,648758.000,37749,1,T1,1,100,33.038
1738264400.978163,648891.000,37784,1,T1,1,100,33.158
1738264401.111168,649024.000,37801,1,T1,1,100,33.139
1738264401.244173,649157.000,37818,1,T1,1,100,33.025
1738264401.378179,649291.000,37850,1,T1,1,100,32.975
1738264401.511184,649424.000,37868,1,T1,1,100,32.954
1738264401.644189,649557.000,37884,1,T1,1,100,32.980
1738264401.778195,649691.000,37917,1,T1,1,100,33.027
1738264401.911200,649824.000,37934,1,T1,1,100,32.976
1738264402.044205,649957.000,37950,1,T1,1,100,32.883
1738264402.178211,650091.000,37987,1,T1,1,100,32.879
1738264402.311216,650224.000,38004,1,T1,1,100,33.054
1738264402.444221,650357.000,38020,1,T1,1,100,33.059
1738264402.578227,650491.000,38053,1,T1,1,100,33.096
1738264402.711232,650624.000,38070,1,T1,1,100,33.006
1738264402.844237,650757.000,38087,1,T1,1,100,33.003
1738264402.978243,650891.000,38119,1,T1,1,100,33.037
1738264403.111248,651024.000,38136,1,T1,1,100,33.087
1738264403.244253,651157.000,38155,1,T1,1,100,33.038
1738264403.378258,651291.000,38172,1,T1,1,100,33.087
1738264403.511264,651424.000,38205,1,T1,1,100,33.144
1738264403.644269,651557.000,38221,1,T1,1,100,33.098
1738264403.778275,651691.000,38238,1,T1,1,100,33.078
1738264403.911280,651824.000,38271,1,T1,1,100,32.998
1738264404.044285,651957.000,38287,1,T1,1,100,32.893
1738264404.177290,652090.000,38305,1,T1,1,100,32.989
1738264404.311296,652224.000,38337,1,T1,1,100,32.995
1738264404.444301,652357.000,38355,1,T1,1,100,32.963
1738264404.577307,652490.000,38373,1,T1,1,100,32.913
1738264404.711312,652624.000,38405,1,T1,1,100,32.962
1738264404.844317,652757.000,38422,1,T1,1,100,32.948
1738264404.977322,652890.000,38439,1,T1,1,100,33.013
1738264405.111328,653024.000,38455,1,T1,1,100,32.899
1738264405.244333,653157.000,38488,1,T1,1,100,32.992
1738264405.377338,653290.000,38505,1,T1,1,100,33.138
1738264405.511344,653424.000,38524,1,T1,1,100,33.095
1738264405.644349,653557.000,38550,1,T1,1,100,33.006
1738264405.777354,653690.000,38583,1,T1,1,100,33.002
1738264405.911360,653824.000,38599,1,T1,1,100,33.107
1738264406.044365,653957.000,38616,1,T1,1,100,33.046
1738264406.177370,654090.000,38632,1,T1,1,100,33.091
1738264406.311376,654224.000,38665,1,T1,1,100,33.039
1738264406.444381,654357.000,38682,1,T1,1,100,32.982
1738264406.577386,654490.000,38699,1,T1,1,100,33.063
1738264406.711392,654624.000,38733,1,T1,1,100,32.992
1738264406.844397,654757.000,38751,1,T1,1,100,32.961
1738264406.977402,654890.000,38767,1,T1,1,100,32.912
1738264407.111408,655024.000,38800,1,T1,1,100,32.997
1738264407.244413,655157.000,38819,1,T1,1,100,32.963
1738264407.377418,655290.000,38835,1,T1,1,100,33.091
1738264407.510423,655423.000,38868,1,T1,1,100,32.968
1738264407.644429,655557.000,38885,1,T1,1,100,33.022
1738264407.777434,655690.000,38901,1,T1,1,100,33.009
1738264407.910439,655823.000,38919,1,T1,1,100,33.040
1738264408.044445,655957.000,38953,1,T1,1,100,32.875
1738264408.177450,656090.000,38970,1,T1,1,100,33.052
1738264408.310456,656223.000,38987,1,T1,1,100,33.094
1738264408.444461,656357.000,39020,1,T1,1,100,33.005
1738264408.577466,656490.000,39036,1,T1,1,100,32.931
1738264408.711472,656624.000,39053,1,T1,1,100,33.006
1738264408.844477,656757.000,39086,1,T1,1,100,33.109
1738264408.977482,656890.000,39102,1,T1,1,100,33.047
1738264409.110487,657023.000,39119,1,T1,1,100,32.985
1738264409.244493,657157.000,39154,1,T1,1,100,32.993
1738264409.377498,657290.000,39170,1,T1,1,100,32.891
1738264409.510503,657423.000,39188,1,T1,1,100,32.953
1738264409.644509,657557.000,39220,1,T1,1,100,32.944
1738264409.777514,657690.000,39236,1,T1,1,100,32.976
1738264409.910519,657823.000,39254,1,T1,1,100,32.954
1738264410.044525,657957.000,39288,1,T1,1,100,33.087
1738264410.177530,658090.000,39305,1,T1,1,100,33.144
1738264410.310535,658223.000,39322,1,T1,1,100,33.098
1738264410.444541,658357.000,39338,1,T1,1,100,33.042
1738264410.577546,658490.000,39371,1,T1,1,100,33.089
1738264410.710551,658623.000,39393,1,T1,1,100,33.039
1738264410.844557,658757.000,39410,1,T1,1,100,33.123
1738264410.977562,658890.000,39427,1,T1,1,100,33.053
1738264411.110567,659023.000,39460,1,T1,1,100,32.952
1738264411.243572,659156.000,39476,1,T1,1,100,32.979
1738264411.377578,659290.000,39495,1,T1,1,100,33.062
1738264411.510583,659423.000,39528,1,T1,1,100,32.991
1738264411.643589,659556.000,39544,1,T1,1,100,32.996
1738264411.777594,659690.000,39561,1,T1,1,100,32.963
1738264411.910599,659823.000,39594,1,T1,1,100,33.055
1738264412.043604,659956.000,39610,1,T1,1,100,33.059
1738264412.177610,660090.000,39628,1,T1,1,100,33.026
1738264412.310615,660223.000,39646,1,T1,1,100,32.976
1738264412.443620,660356.000,39680,1,T1,1,100,32.989
1738264412.577626,660490.000,39700,1,T1,1,100,33.031
1738264412.710631,660623.000,39716,1,T1,1,100,33.155
1738264412.843637,660756.000,39749,1,T1,1,100,33.067
1738264412.977642,660890.000,39766,1,T1,1,100,32.958
1738264413.110647,661023.000,39782,1,T1,1,100,33.088
1738264413.243652,661156.000,39815,1,T1,1,100,33.038
1738264413.377658,661290.000,39834,1,T1,1,100,32.946
1738264413.510663,661423.000,39851,1,T1,1,100,32.941
1738264413.643668,661556.000,39883,1,T1,1,100,33.081
1738264413.777674,661690.000,39900,1,T1,1,100,33.070
1738264413.910679,661823.000,39917,1,T1,1,100,33.066
1738264414.043684,661956.000,39949,1,T1,1,100,33.064
1738264414.176690,662089.000,39967,1,T1,1,100,33.099
1738264414.310695,662223.000,39983,1,T1,1,100,33.078
1738264414.443700,662356.000,40000,1,T1,1,100,33.034
1738264414.576706,662489.000,40033,1,T1,1,100,33.050
1738264414.710711,662623.000,40051,1,T1,1,100,32.880
1738264414.843716,662756.000,40069,1,T1,1,100,32.948
1738264414.976722,662889.000,40103,1,T1,1,100,32.978
1738264415.110727,663023.000,40119,1,T1,1,100,33.061
1738264415.243732,663156.000,40137,1,T1,1,100,32.991
1738264415.376738,663289.000,40169,1,T1,1,100,33.032
1738264415.510743,663423.000,40186,1,T1,1,100,33.049
1738264415.643748,663556.000,40203,1,T1,1,100,33.128
1738264415.777254,663689.500,40243,2,T1,1,100,33.055
1738264415.910759,663823.000,40243,2,T1,1,100,33.059
1738264416.043764,663956.000,40275,1,T1,1,100,32.955
1738264416.176769,664089.000,40292,1,T1,1,100,33.087
1738264416.310775,664223.000,40309,1,T1,1,100,33.038
1738264416.443780,664356.000,40342,1,T1,1,100,33.123
1738264416.576786,664489.000,40358,1,T1,1,100,33.018
1738264416.710791,664623.000,40375,1,T1,1,100,33.149
1738264416.843796,664756.000,40408,1,T1,1,100,33.029
1738264416.976801,664889.000,40424,1,T1,1,100,33.048
1738264417.110807,665023.000,40443,1,T1,1,100,33.127
1738264417.243812,665156.000,40478,1,T1,1,100,33.055
1738264417.376817,665289.000,40494,1,T1,1,100,33.166
1738264417.509823,665422.000,40512,1,T1,1,100,33.178
1738264417.643828,665556.000,40528,1,T1,1,100,33.112
1738264417.776833,665689.000,40560,1,T1,1,100,33.049
1738264417.909839,665822.000,40578,1,T1,1,100,33.057
1738264418.043844,665956.000,40596,1,T1,1,100,33.024
1738264418.176849,666089.000,40629,1,T1,1,100,33.011
1738264418.309855,666222.000,40646,1,T1,1,100,32.969
1738264418.443860,666356.000,40662,1,T1,1,100,33.022
1738264418.576865,666489.000,40695,1,T1,1,100,33.116
1738264418.709871,666622.000,40712,1,T1,1,100,33.015
1738264418.843876,666756.000,40729,1,T1,1,100,33.006
1738264418.976881,666889.000,40761,1,T1,1,100,33.003
1738264419.109887,667022.000,40778,1,T1,1,100,33.072
1738264419.243892,667156.000,40795,1,T1,1,100,32.925
1738264419.376897,667289.000,40829,1,T1,1,100,33.074
1738264419.509902,667422.000,40847,1,T1,1,100,33.032
1738264419.643908,667556.000,40863,1,T1,1,100,33.014
1738264419.776913,667689.000,40896,1,T1,1,100,32.971
1738264419.909919,667822.000,40913,1,T1,1,100,33.058
1738264420.043924,667956.000,40929,1,T1,1,100,33.096
1738264420.176929,668089.000,40946,1,T1,1,100,33.006
1738264420.309934,668222.000,40979,1,T1,1,100,33.109
1738264420.443940,668356.000,40995,1,T1,1,100,33.154
1738264420.576945,668489.000,41015,1,T1,1,100,33.066
1738264420.709950,668622.000,41047,1,T1,1,100,33.100
1738264420.842956,668755.000,41064,1,T1,1,100,33.043
1738264420.976961,668889.000,41086,1,T1,1,100,33.125
1738264421.109967,669022.000,41102,1,T1,1,100,33.090
1738264421.243972,669156.000,41120,1,T1,1,100,33.039
1738264421.376977,669289.000,41152,1,T1,1,100,33.123
1738264421.509982,669422.000,41169,1,T1,1,100,33.195
1738264421.643988,669556.000,41188,1,T1,1,100,33.120
1738264421.776993,669689.000,41221,1,T1,1,100,33.158
1738264421.909998,669822.000,41237,1,T1,1,100,33.033
1738264422.043004,669955.000,41254,1,T1,1,100,33.121
1738264422.177009,670089.000,41289,1,T1,1,100,33.088
1738264422.310014,670222.000,41305,1,T1,1,100,33.038
1738264422.443020,670355.000,41322,1,T1,1,100,32.981
1738264422.577025,670489.000,41355,1,T1,1,100,33.027
1738264422.710030,670622.000,41371,1,T1,1,100,33.012
1738264422.843036,670755.000,41391,1,T1,1,100,33.041
1738264422.977041,670889.000,41423,1,T1,1,100,33.053
1738264423.110046,671022.000,41439,1,T1,1,100,33.058
1738264423.243052,671155.000,41457,1,T1,1,100,33.025
1738264423.377057,671289.000,41473,1,T1,1,100,33.046
1738264423.510062,671422.000,41506,1,T1,1,100,33.056
1738264423.643068,671555.000,41523,1,T1,1,100,32.989
1738264423.777073,671689.000,41539,1,T1,1,100,33.066
1738264423.910078,671822.000,41572,1,T1,1,100,33.099
1738264424.043083,671955.000,41589,1,T1,1,100,33.043
1738264424.176089,672088.000,41608,1,T1,1,100,33.019
1738264424.310094,672222.000,41640,1,T1,1,100,33.008
1738264424.443099,672355.000,41657,1,T1,1,100,33.074
1738264424.576105,672488.000,41674,1,T1,1,100,33.103
1738264424.710110,672622.000,41706,1,T1,1,100,32.974
1738264424.843115,672755.000,41724,1,T1,1,100,32.953
1738264424.976121,672888.000,41740,1,T1,1,100,33.015
1738264425.110126,673022.000,41773,1,T1,1,100,33.042
1738264425.243131,673155.000,41790,1,T1,1,100,33.054
1738264425.376137,673288.000,41808,1,T1,1,100,33.059
1738264425.510142,673422.000,41841,1,T1,1,100,33.061
1738264425.643147,673555.000,41858,1,T1,1,100,33.026
1738264425.776153,673688.000,41874,1,T1,1,100,33.047
1738264425.910158,673822.000,41892,1,T1,1,100,33.056
1738264426.043163,673955.000,41931,1,T1,1,100,33.130
1738264426.176169,674088.000,41948,1,T1,1,100,33.056
1738264426.310174,674222.000,41965,1,T1,1,100,33.060
1738264426.443179,674355.000,41981,1,T1,1,100,33.061
1738264426.576185,674488.000,41999,1,T1,1,100,33.097
1738264426.710190,674622.000,42031,1,T1,1,100,33.078
1738264426.843195,674755.000,42050,1,T1,1,100,33.105
1738264426.976201,674888.000,42067,1,T1,1,100,33.187
1738264427.110206,675022.000,42100,1,T1,1,100,33.294
1738264427.243211,675155.000,42118,1,T1,1,100,33.163
1738264427.376217,675288.000,42135,1,T1,1,100,33.141
1738264427.509222,675421.000,42168,1,T1,1,100,33.097
1738264427.643227,675555.000,42184,1,T1,1,100,33.042
1738264427.776232,675688.000,42201,1,T1,1,100,33.054
1738264427.909238,675821.000,42234,1,T1,1,100,33.023
1738264428.043243,675955.000,42250,1,T1,1,100,33.081
1738264428.176249,676088.000,42268,1,T1,1,100,33.106
1738264428.309254,676221.000,42300,1,T1,1,100,32.975
1738264428.443259,676355.000,42316,1,T1,1,100,33.025
1738264428.576264,676488.000,42334,1,T1,1,100,33.011
1738264428.709270,676621.000,42350,1,T1,1,100,33.040
1738264428.843275,676755.000,42383,1,T1,1,100,33.088
1738264428.976280,676888.000,42400,1,T1,1,100,33.038
1738264429.109286,677021.000,42416,1,T1,1,100,33.052
1738264429.243291,677155.000,42449,1,T1,1,100,33.058
1738264429.376296,677288.000,42466,1,T1,1,100,32.954
1738264429.509302,677421.000,42483,1,T1,1,100,33.087
1738264429.643307,677555.000,42517,1,T1,1,100,33.108
1738264429.776312,677688.000,42534,1,T1,1,100,33.118
1738264429.909318,677821.000,42551,1,T1,1,100,33.157
1738264430.043323,677955.000,42583,1,T1,1,100,33.174
1738264430.176328,678088.000,42601,1,T1,1,100,33.075
1738264430.309334,678221.000,42617,1,T1,1,100,33.139
1738264430.443339,678355.000,42650,1,T1,1,100,33.131
1738264430.576344,678488.000,42667,1,T1,1,100,33.092
1738264430.709350,678621.000,42683,1,T1,1,100,33.040
1738264430.843355,678755.000,42700,1,T1,1,100,33.017
1738264430.976360,678888.000,42733,1,T1,1,100,33.043
1738264431.109365,679021.000,42749,1,T1,1,100,33.125
1738264431.242371,679154.000,42772,1,T1,1,100,33.019
1738264431.376376,679288.000,42788,1,T1,1,100,33.044
1738264431.509382,679421.000,42821,1,T1,1,100,33.019
1738264431.643387,679555.000,42838,1,T1,1,100,33.008
1738264431.776392,679688.000,42854,1,T1,1,100,33.145
1738264431.909398,679821.000,42887,1,T1,1,100,33.063
1738264432.042403,679954.000,42904,1,T1,1,100,33.063
1738264432.176408,680088.000,42921,1,T1,1,100,33.098
1738264432.309413,680221.000,42942,1,T1,1,100,33.078
1738264432.442419,680354.000,42976,1,T1,1,100,33.176
1738264432.576424,680488.000,42993,1,T1,1,100,33.040
1738264432.709430,680621.000,43010,1,T1,1,100,33.053
1738264432.842435,680754.000,43043,1,T1,1,100,33.165
1738264432.976440,680888.000,43059,1,T1,1,100,33.142
1738264433.109445,681021.000,43076,1,T1,1,100,33.097
1738264433.242451,681154.000,43109,1,T1,1,100,33.077
1738264433.376456,681288.000,43125,1,T1,1,100,33.069
1738264433.509461,681421.000,43143,1,T1,1,100,33.136
1738264433.642467,681554.000,43175,1,T1,1,100,33.165
1738264433.776472,681688.000,43191,1,T1,1,100,33.142
1738264433.909477,681821.000,43209,1,T1,1,100,33.097
1738264434.042483,681954.000,43241,1,T1,1,100,33.077
1738264434.176488,682088.000,43258,1,T1,1,100,33.104
1738264434.309493,682221.000,43275,1,T1,1,100,33.152
1738264434.442499,682354.000,43308,1,T1,1,100,33.066
1738264434.575504,682487.000,43324,1,T1,1,100,33.170
1738264434.709509,682621.000,43341,1,T1,1,100,33.215
1738264434.842515,682754.000,43357,1,T1,1,100,33.164
1738264434.975520,682887.000,43390,1,T1,1,100,33.106
1738264435.109525,683021.000,43407,1,T1,1,100,33.082
1738264435.242531,683154.000,43424,1,T1,1,100,33.142
1738264435.375536,683287.000,43456,1,T1,1,100,33.061
1738264435.509541,683421.000,43474,1,T1,1,100,33.133
1738264435.642547,683554.000,43490,1,T1,1,100,33.128
1738264435.775552,683687.000,43523,1,T1,1,100,33.197
1738264435.909557,683821.000,43540,1,T1,1,100,33.050
1738264436.042562,683954.000,43556,1,T1,1,100,33.057
1738264436.175568,684087.000,43589,1,T1,1,100,33.060
1738264436.309573,684221.000,43613,1,T1,1,100,33.026
1738264436.442579,684354.000,43630,1,T1,1,100,33.082
1738264436.575584,684487.000,43647,1,T1,1,100,33.142
1738264436.709589,684621.000,43663,1,T1,1,100,33.026
1738264436.842594,684754.000,43680,1,T1,1,100,33.118
1738264436.975600,684887.000,43713,1,T1,1,100,33.051
1738264437.109605,685021.000,43729,1,T1,1,100,33.128
1738264437.242610,685154.000,43749,1,T1,1,100,33.162
1738264437.375616,685287.000,43783,1,T1,1,100,33.141
1738264437.508621,685420.000,43800,1,T1,1,100,33.096
1738264437.642626,685554.000,43817,1,T1,1,100,33.184
1738264437.775632,685687.000,43850,1,T1,1,100,33.221
1738264437.908637,685820.000,43866,1,T1,1,100,33.202
1738264438.042642,685954.000,43883,1,T1,1,100,33.123
1738264438.175648,686087.000,43918,1,T1,1,100,33.089
1738264438.308653,686220.000,43934,1,T1,1,100,33.038
1738264438.442658,686354.000,43951,1,T1,1,100,33.017
1738264438.575664,686487.000,43984,1,T1,1,100,33.007
1738264438.708669,686620.000,44000,1,T1,1,100,33.039
1738264438.842674,686754.000,44018,1,T1,1,100,33.194
1738264438.975680,686887.000,44050,1,T1,1,100,33.084
1738264439.108685,687020.000,44066,1,T1,1,100,33.107
1738264439.242690,687154.000,44084,1,T1,1,100,33.153
1738264439.375695,687287.000,44100,1,T1,1,100,33.208
1738264439.508701,687420.000,44135,1,T1,1,100,33.196
1738264439.642706,687554.000,44152,1,T1,1,100,33.227
1738264439.775712,687687.000,44168,1,T1,1,100,33.134
1738264439.908717,687820.000,44201,1,T1,1,100,33.164
1738264440.042722,687954.000,44218,1,T1,1,100,33.071
1738264440.175728,688087.000,44235,1,T1,1,100,33.208
1738264440.308733,688220.000,44267,1,T1,1,100,33.055
1738264440.442738,688354.000,44284,1,T1,1,100,33.024
1738264440.575743,688487.000,44301,1,T1,1,100,33.117
1738264440.708749,688620.000,44335,1,T1,1,100,33.086
1738264440.841754,688753.000,44353,1,T1,1,100,33.108
1738264440.975760,688887.000,44369,1,T1,1,100,32.976
1738264441.108765,689020.000,44402,1,T1,1,100,33.025
1738264441.241770,689153.000,44419,1,T1,1,100,33.188
1738264441.375775,689287.000,44435,1,T1,1,100,33.188
1738264441.508781,689420.000,44458,1,T1,1,100,33.081
1738264441.641786,689553.000,44474,1,T1,1,100,33.142
1738264441.775791,689687.000,44507,1,T1,1,100,33.168
1738264441.908797,689820.000,44524,1,T1,1,100,33.143
1738264442.041802,689953.000,44540,1,T1,1,100,33.133
1738264442.175807,690087.000,44577,1,T1,1,100,33.022
1738264442.308813,690220.000,44594,1,T1,1,100,33.116
1738264442.441818,690353.000,44610,1,T1,1,100,33.157
1738264442.575823,690487.000,44628,1,T1,1,100,33.032
1738264442.708829,690620.000,44660,1,T1,1,100,33.049
1738264442.841834,690753.000,44677,1,T1,1,100,32.986
1738264442.975839,690887.000,44694,1,T1,1,100,33.100
1738264443.108845,691020.000,44727,1,T1,1,100,33.150
1738264443.241850,691153.000,44745,1,T1,1,100,32.994
1738264443.375855,691287.000,44762,1,T1,1,100,33.104
1738264443.508861,691420.000,44795,1,T1,1,100,33.080
1738264443.641866,691553.000,44811,1,T1,1,100,33.070
1738264443.775871,691687.000,44828,1,T1,1,100,33.101
1738264443.908876,691820.000,44861,1,T1,1,100,33.150
1738264444.041882,691953.000,44877,1,T1,1,100,33.100
1738264444.175887,692087.000,44895,1,T1,1,100,33.114
1738264444.308892,692220.000,44911,1,T1,1,100,33.262
1738264444.441898,692353.000,44945,1,T1,1,100,33.113
1738264444.574903,692486.000,44963,1,T1,1,100,33.191
1738264444.708909,692620.000,44979,1,T1,1,100,33.118
1738264444.841914,692753.000,45012,1,T1,1,100,33.193
1738264444.974919,692886.000,45029,1,T1,1,100,33.154
1738264445.108924,693020.000,45045,1,T1,1,100,32.996
1738264445.241930,693153.000,45078,1,T1,1,100,32.998
1738264445.374935,693286.000,45095,1,T1,1,100,33.106
1738264445.508940,693420.000,45112,1,T1,1,100,33.117
1738264445.641946,693553.000,45144,1,T1,1,100,33.086
1738264445.774951,693686.000,45163,1,T1,1,100,33.214
1738264445.908956,693820.000,45180,1,T1,1,100,33.199
1738264446.041962,693953.000,45214,1,T1,1,100,33.228
1738264446.174967,694086.000,45232,1,T1,1,100,33.240
1738264446.308972,694220.000,45248,1,T1,1,100,33.175
1738264446.441978,694353.000,45265,1,T1,1,100,33.218
1738264446.574983,694486.000,45290,1,T1,1,100,33.271
1738264446.708988,694620.000,45306,1,T1,1,100,33.330
1738264446.841994,694753.000,45326,1,T1,1,100,33.249
1738264446.974999,694886.000,45358,1,T1,1,100,33.321
1738264447.109004,695020.000,45374,1,T1,1,100,33.281
1738264447.242010,695153.000,45394,1,T1,1,100,33.228
1738264447.375015,695286.000,45410,1,T1,1,100,33.205
1738264447.509020,695420.000,45443,1,T1,1,100,33.124
1738264447.642025,695553.000,45460,1,T1,1,100,33.160
1738264447.775031,695686.000,45476,1,T1,1,100,33.105
1738264447.909036,695820.000,45509,1,T1,1,100,33.187
1738264448.042042,695953.000,45526,1,T1,1,100,33.187
1738264448.175047,696086.000,45543,1,T1,1,100,33.117
1738264448.308052,696219.000,45575,1,T1,1,100,33.157
1738264448.442057,696353.000,45594,1,T1,1,100,33.068
1738264448.575063,696486.000,45611,1,T1,1,100,33.100
1738264448.708068,696619.000,45643,1,T1,1,100,33.150
1738264448.842073,696753.000,45661,1,T1,1,100,33.242
1738264448.975079,696886.000,45677,1,T1,1,100,33.282
1738264449.108084,697019.000,45694,1,T1,1,100,33.264
1738264449.242090,697153.000,45729,1,T1,1,100,33.185
1738264449.375095,697286.000,45745,1,T1,1,100,33.080
1738264449.508100,697419.000,45762,1,T1,1,100,33.141
1738264449.642105,697553.000,45795,1,T1,1,100,33.132
1738264449.775111,697686.000,45811,1,T1,1,100,33.128
1738264449.908116,697819.000,45829,1,T1,1,100,33.162
1738264450.042121,697953.000,45861,1,T1,1,100,33.141
1738264450.175127,698086.000,45878,1,T1,1,100,33.167
1738264450.308132,698219.000,45895,1,T1,1,100,33.214
1738264450.441137,698352.000,45930,1,T1,1,100,33.235
1738264450.575143,698486.000,45946,1,T1,1,100,33.066
1738264450.708148,698619.000,45963,1,T1,1,100,33.170
1738264450.841153,698752.000,45996,1,T1,1,100,33.038
1738264450.975159,698886.000,46012,1,T1,1,100,33.087
1738264451.108164,699019.000,46029,1,T1,1,100,33.144
1738264451.241169,699152.000,46062,1,T1,1,100,33.169
1738264451.375175,699286.000,46078,1,T1,1,100,33.179
1738264451.508180,699419.000,46098,1,T1,1,100,33.255
1738264451.641185,699552.000,46114,1,T1,1,100,33.146
1738264451.775191,699686.000,46134,1,T1,1,100,33.099
1738264451.908196,699819.000,46167,1,T1,1,100,33.149
1738264452.041201,699952.000,46183,1,T1,1,100,33.171
1738264452.175206,700086.000,46201,1,T1,1,100,33.180
1738264452.308212,700219.000,46235,1,T1,1,100,33.149
1738264452.441217,700352.000,46251,1,T1,1,100,33.100
1738264452.575222,700486.000,46269,1,T1,1,100,33.221
1738264452.708228,700619.000,46301,1,T1,1,100,33.308
1738264452.841233,700752.000,46320,1,T1,1,100,33.169
1738264452.975239,700886.000,46337,1,T1,1,100,33.144
1738264453.108244,701019.000,46353,1,T1,1,100,33.169
1738264453.241249,701152.000,46386,1,T1,1,100,33.250
1738264453.375254,701286.000,46403,1,T1,1,100,33.215
1738264453.508260,701419.000,46420,1,T1,1,100,33.093
1738264453.641265,701552.000,46454,1,T1,1,100,33.111
1738264453.775270,701686.000,46471,1,T1,1,100,33.190
1738264453.908276,701819.000,46488,1,T1,1,100,33.259
1738264454.041281,701952.000,46520,1,T1,1,100,33.219
1738264454.174286,702085.000,46538,1,T1,1,100,33.130
1738264454.308292,702219.000,46554,1,T1,1,100,33.127
1738264454.441297,702352.000,46587,1,T1,1,100,33.197
1738264454.575302,702486.000,46604,1,T1,1,100,33.192
1738264454.708308,702619.000,46620,1,T1,1,100,33.154
1738264454.841313,702752.000,46655,1,T1,1,100,33.173
1738264454.974318,702885.000,46672,1,T1,1,100,33.217
1738264455.108324,703019.000,46688,1,T1,1,100,33.200
1738264455.241329,703152.000,46706,1,T1,1,100,33.157
1738264455.374334,703285.000,46738,1,T1,1,100,33.104
1738264455.508340,703419.000,46755,1,T1,1,100,33.151
1738264455.641345,703552.000,46772,1,T1,1,100,33.172
1738264455.774350,703685.000,46805,1,T1,1,100,33.145
1738264455.908355,703819.000,46821,1,T1,1,100,33.205
1738264456.041361,703952.000,46838,1,T1,1,100,33.230
1738264456.174366,704085.000,46873,1,T1,1,100,33.135
1738264456.308372,704219.000,46889,1,T1,1,100,33.094
1738264456.441377,704352.000,46906,1,T1,1,100,33.147
1738264456.574382,704485.000,46939,1,T1,1,100,33.099
1738264456.708387,704619.000,46955,1,T1,1,100,33.043
1738264456.841393,704752.000,46980,1,T1,1,100,33.125
1738264456.974398,704885.000,46996,1,T1,1,100,33.196
1738264457.108403,705019.000,47013,1,T1,1,100,33.227
1738264457.241409,705152.000,47050,1,T1,1,100,33.346
1738264457.374414,705285.000,47066,1,T1,1,100,33.256
1738264457.507419,705418.000,47084,1,T1,1,100,33.324
1738264457.641425,705552.000,47116,1,T1,1,100,33.175
1738264457.774430,705685.000,47132,1,T1,1,100,33.253
1738264457.907435,705818.000,47150,1,T1,1,100,33.216
1738264458.041441,705952.000,47182,1,T1,1,100,33.164
1738264458.174446,706085.000,47199,1,T1,1,100,33.142
1738264458.307451,706218.000,47216,1,T1,1,100,33.168
1738264458.441457,706352.000,47251,1,T1,1,100,33.073
1738264458.574462,706485.000,47267,1,T1,1,100,33.138
1738264458.707467,706618.000,47284,1,T1,1,100,33.166
1738264458.841473,706752.000,47317,1,T1,1,100,33.072
1738264458.974478,706885.000,47333,1,T1,1,100,33.067
1738264459.107483,707018.000,47350,1,T1,1,100,33.171
1738264459.241489,707152.000,47367,1,T1,1,100,33.251
1738264459.374494,707285.000,47399,1,T1,1,100,33.215
1738264459.507499,707418.000,47419,1,T1,1,100,33.164
1738264459.641505,707552.000,47435,1,T1,1,100,33.177
1738264459.774510,707685.000,47468,1,T1,1,100,33.254
1738264459.907515,707818.000,47485,1,T1,1,100,33.216
1738264460.041521,707952.000,47501,1,T1,1,100,33.200
1738264460.174526,708085.000,47534,1,T1,1,100,33.193
1738264460.307531,708218.000,47551,1,T1,1,100,33.119
1738264460.441536,708352.000,47567,1,T1,1,100,33.122
1738264460.574542,708485.000,47600,1,T1,1,100,33.159
1738264460.707547,708618.000,47617,1,T1,1,100,33.140
1738264460.841552,708752.000,47634,1,T1,1,100,33.202
1738264460.974558,708885.000,47668,1,T1,1,100,33.265
1738264461.107563,709018.000,47685,1,T1,1,100,33.363
1738264461.240568,709151.000,47702,1,T1,1,100,33.334
1738264461.374574,709285.000,47719,1,T1,1,100,33.216
1738264461.507579,709418.000,47752,1,T1,1,100,33.235
1738264461.640584,709551.000,47768,1,T1,1,100,33.208
1738264461.774590,709685.000,47785,1,T1,1,100,33.161
1738264461.907595,709818.000,47825,1,T1,1,100,33.141
1738264462.040600,709951.000,47841,1,T1,1,100,33.096
1738264462.174606,710085.000,47859,1,T1,1,100,33.148
1738264462.307611,710218.000,47877,1,T1,1,100,33.312
1738264462.440616,710351.000,47910,1,T1,1,100,33.312
1738264462.574622,710485.000,47927,1,T1,1,100,33.242
1738264462.707627,710618.000,47943,1,T1,1,100,33.140
1738264462.840632,710751.000,47960,1,T1,1,100,33.238
1738264462.974638,710885.000,47993,1,T1,1,100,33.245
1738264463.107643,711018.000,48009,1,T1,1,100,33.141
1738264463.240648,711151.000,48029,1,T1,1,100,33.132
1738264463.374654,711285.000,48061,1,T1,1,100,33.270
1738264463.507659,711418.000,48078,1,T1,1,100,33.188
1738264463.640664,711551.000,48095,1,T1,1,100,33.152
1738264463.774670,711685.000,48128,1,T1,1,100,33.172
1738264463.907675,711818.000,48144,1,T1,1,100,33.252
1738264464.040680,711951.000,48161,1,T1,1,100,33.357
1738264464.173686,712084.000,48194,1,T1,1,100,33.296
1738264464.307691,712218.000,48212,1,T1,1,100,33.235
1738264464.440696,712351.000,48229,1,T1,1,100,33.208
1738264464.573701,712484.000,48262,1,T1,1,100,33.232
1738264464.707707,712618.000,48278,1,T1,1,100,33.278
1738264464.840712,712751.000,48296,1,T1,1,100,33.120
1738264464.973717,712884.000,48312,1,T1,1,100,33.087
1738264465.107723,713018.000,48345,1,T1,1,100,33.073
1738264465.240728,713151.000,48362,1,T1,1,100,33.032
1738264465.373733,713284.000,48378,1,T1,1,100,33.120
1738264465.507739,713418.000,48411,1,T1,1,100,33.194
1738264465.640744,713551.000,48428,1,T1,1,100,33.119
1738264465.773749,713684.000,48444,1,T1,1,100,33.193
1738264465.907755,713818.000,48479,1,T1,1,100,33.261
1738264466.040760,713951.000,48496,1,T1,1,100,33.148
1738264466.173765,714084.000,48513,1,T1,1,100,33.206
1738264466.307771,714218.000,48545,1,T1,1,100,33.196
1738264466.440776,714351.000,48562,1,T1,1,100,33.262
1738264466.573781,714484.000,48579,1,T1,1,100,33.184
1738264466.707787,714618.000,48613,1,T1,1,100,33.080
1738264466.840792,714751.000,48631,1,T1,1,100,33.141
1738264466.973797,714884.000,48647,1,T1,1,100,33.167
1738264467.106802,715017.000,48669,1,T1,1,100,33.214
1738264467.240808,715151.000,48688,1,T1,1,100,33.235
1738264467.373813,715284.000,48720,1,T1,1,100,33.101
1738264467.507818,715418.000,48738,1,T1,1,100,33.150
1738264467.640824,715551.000,48754,1,T1,1,100,33.171
1738264467.773829,715684.000,48771,1,T1,1,100,33.181
1738264467.906835,715817.000,48806,1,T1,1,100,33.220
1738264468.040840,715951.000,48822,1,T1,1,100,33.237
1738264468.173845,716084.000,48840,1,T1,1,100,33.244
1738264468.306850,716217.000,48872,1,T1,1,100,33.283
1738264468.440856,716351.000,48888,1,T1,1,100,33.264
1738264468.573861,716484.000,48906,1,T1,1,100,33.185
1738264468.706867,716617.000,48938,1,T1,1,100,33.151
1738264468.840872,716751.000,48955,1,T1,1,100,33.278
1738264468.973877,716884.000,48972,1,T1,1,100,33.156
1738264469.106882,717017.000,49005,1,T1,1,100,33.245
1738264469.240888,717151.000,49021,1,T1,1,100,33.141
1738264469.373893,717284.000,49038,1,T1,1,100,33.274
1738264469.506898,717417.000,49071,1,T1,1,100,33.225
1738264469.640904,717551.000,49087,1,T1,1,100,33.168
1738264469.773909,717684.000,49104,1,T1,1,100,33.144
1738264469.906914,717817.000,49121,1,T1,1,100,33.169
1738264470.040920,717951.000,49153,1,T1,1,100,33.250
1738264470.173925,718084.000,49171,1,T1,1,100,33.144
1738264470.306930,718217.000,49187,1,T1,1,100,33.169
1738264470.440936,718351.000,49222,1,T1,1,100,33.215
1738264470.573941,718484.000,49239,1,T1,1,100,33.235
1738264470.706946,718617.000,49255,1,T1,1,100,33.208
1738264470.839952,718750.000,49288,1,T1,1,100,33.196
1738264470.973957,718884.000,49305,1,T1,1,100,33.120
1738264471.106962,719017.000,49321,1,T1,1,100,33.017
1738264471.239968,719150.000,49354,1,T1,1,100,33.220
1738264471.373973,719284.000,49371,1,T1,1,100,33.237
1738264471.506978,719417.000,49388,1,T1,1,100,33.173
1738264471.640984,719551.000,49420,1,T1,1,100,33.217
1738264471.773989,719684.000,49437,1,T1,1,100,33.378
1738264471.906994,719817.000,49454,1,T1,1,100,33.305
1738264472.039999,719950.000,49471,1,T1,1,100,33.203
1738264472.174005,720084.000,49507,1,T1,1,100,33.194
1738264472.307010,720217.000,49525,1,T1,1,100,33.155
1738264472.440016,720350.000,49542,1,T1,1,100,33.244
1738264472.574021,720484.000,49559,1,T1,1,100,33.248
1738264472.707026,720617.000,49591,1,T1,1,100,33.178
1738264472.840031,720750.000,49609,1,T1,1,100,33.112
1738264472.974037,720884.000,49625,1,T1,1,100,33.297
1738264473.107042,721017.000,49658,1,T1,1,100,33.341
1738264473.240047,721150.000,49675,1,T1,1,100,33.289
1738264473.374053,721284.000,49691,1,T1,1,100,33.232
1738264473.507058,721417.000,49708,1,T1,1,100,33.242
1738264473.640063,721550.000,49741,1,T1,1,100,33.247
1738264473.774069,721684.000,49757,1,T1,1,100,33.178
1738264473.907074,721817.000,49775,1,T1,1,100,33.219
1738264474.040079,721950.000,49807,1,T1,1,100,33.166
1738264474.173085,722083.000,49824,1,T1,1,100,33.213
1738264474.307090,722217.000,49841,1,T1,1,100,33.234
1738264474.440095,722350.000,49874,1,T1,1,100,33.279
1738264474.574101,722484.000,49890,1,T1,1,100,33.227
1738264474.707106,722617.000,49907,1,T1,1,100,33.134
1738264474.840111,722750.000,49940,1,T1,1,100,33.271
1738264474.973117,722883.000,49956,1,T1,1,100,33.223
1738264475.107122,723017.000,49973,1,T1,1,100,33.132
1738264475.240127,723150.000,50006,1,T1,1,100,33.199
1738264475.373132,723283.000,50022,1,T1,1,100,33.299
1738264475.507138,723417.000,50040,1,T1,1,100,33.200
1738264475.640143,723550.000,50056,1,T1,1,100,33.193
1738264475.773149,723683.000,50090,1,T1,1,100,33.119
1738264475.907154,723817.000,50108,1,T1,1,100,33.158
1738264476.040159,723950.000,50124,1,T1,1,100,33.175
1738264476.173165,724083.000,50157,1,T1,1,100,33.253
1738264476.307170,724217.000,50174,1,T1,1,100,33.180
1738264476.440175,724350.000,50190,1,T1,1,100,33.184
1738264476.573180,724483.000,50223,1,T1,1,100,33.222
1738264476.707186,724617.000,50242,1,T1,1,100,33.202
1738264476.840191,724750.000,50259,1,T1,1,100,33.194
1738264476.973197,724883.000,50291,1,T1,1,100,33.190
1738264477.107202,725017.000,50308,1,T1,1,100,33.260
1738264477.240207,725150.000,50327,1,T1,1,100,33.361
1738264477.373212,725283.000,50351,1,T1,1,100,33.191
1738264477.506218,725416.000,50368,1,T1,1,100,33.260
1738264477.640223,725550.000,50400,1,T1,1,100,33.254
1738264477.773228,725683.000,50417,1,T1,1,100,33.287
1738264477.906234,725816.000,50434,1,T1,1,100,33.302
1738264478.040239,725950.000,50466,1,T1,1,100,33.272
1738264478.173244,726083.000,50486,1,T1,1,100,33.331
1738264478.306250,726216.000,50502,1,T1,1,100,33.285
1738264478.440255,726350.000,50535,1,T1,1,100,33.301
1738264478.573260,726483.000,50552,1,T1,1,100,33.272
1738264478.706266,726616.000,50568,1,T1,1,100,33.189
1738264478.840271,726750.000,50601,1,T1,1,100,33.188
1738264478.973276,726883.000,50618,1,T1,1,100,33.294
1738264479.106282,727016.000,50634,1,T1,1,100,33.234
1738264479.240287,727150.000,50667,1,T1,1,100,33.207
1738264479.373292,727283.000,50684,1,T1,1,100,33.161
1738264479.506298,727416.000,50701,1,T1,1,100,33.176
1738264479.640303,727550.000,50718,1,T1,1,100,33.218
1738264479.773308,727683.000,50751,1,T1,1,100,33.272
1738264479.906313,727816.000,50769,1,T1,1,100,33.295
1738264480.040319,727950.000,50786,1,T1,1,100,33.269
1738264480.173324,728083.000,50819,1,T1,1,100,33.329
1738264480.306329,728216.000,50835,1,T1,1,100,33.213
1738264480.440335,728350.000,50852,1,T1,1,100,33.199
1738264480.573340,728483.000,50885,1,T1,1,100,33.263
1738264480.706346,728616.000,50901,1,T1,1,100,33.291
1738264480.839351,728749.000,50919,1,T1,1,100,33.374
1738264480.973356,728883.000,50951,1,T1,1,100,33.304
1738264481.106361,729016.000,50967,1,T1,1,100,33.202
1738264481.239367,729149.000,50987,1,T1,1,100,33.194
1738264481.373372,729283.000,51003,1,T1,1,100,33.297
1738264481.506377,729416.000,51036,1,T1,1,100,33.235
1738264481.640383,729550.000,51053,1,T1,1,100,33.314
1738264481.773388,729683.000,51069,1,T1,1,100,33.455
1738264481.906393,729816.000,51102,1,T1,1,100,33.232
1738264482.039399,729949.000,51119,1,T1,1,100,33.278
1738264482.173404,730083.000,51136,1,T1,1,100,33.368
1738264482.306409,730216.000,51170,1,T1,1,100,33.266
1738264482.439415,730349.000,51193,1,T1,1,100,33.221
1738264482.573420,730483.000,51209,1,T1,1,100,33.273
1738264482.706425,730616.000,51226,1,T1,1,100,33.260
1738264482.839431,730749.000,51243,1,T1,1,100,33.219
1738264482.973436,730883.000,51275,1,T1,1,100,33.166
1738264483.106441,731016.000,51294,1,T1,1,100,33.143
1738264483.239447,731149.000,51311,1,T1,1,100,33.168
1738264483.373452,731283.000,51343,1,T1,1,100,33.179
1738264483.506457,731416.000,51361,1,T1,1,100,33.219
1738264483.639462,731549.000,51377,1,T1,1,100,33.237
1738264483.772468,731682.000,51410,1,T1,1,100,33.280
1738264483.906473,731816.000,51427,1,T1,1,100,33.263
1738264484.039479,731949.000,51443,1,T1,1,100,33.256
1738264484.173484,732083.000,51478,1,T1,1,100,33.323
1738264484.306489,732216.000,51495,1,T1,1,100,33.282
1738264484.439494,732349.000,51511,1,T1,1,100,33.228
1738264484.573500,732483.000,51529,1,T1,1,100,33.134
1738264484.706505,732616.000,51561,1,T1,1,100,33.271
1738264484.839510,732749.000,51578,1,T1,1,100,33.224
1738264484.972516,732882.000,51597,1,T1,1,100,33.274
1738264485.106521,733016.000,51630,1,T1,1,100,33.225
1738264485.239527,733149.000,51646,1,T1,1,100,33.204
1738264485.372532,733282.000,51663,1,T1,1,100,33.230
1738264485.506537,733416.000,51696,1,T1,1,100,33.277
1738264485.639542,733549.000,51712,1,T1,1,100,33.262
1738264485.772548,733682.000,51729,1,T1,1,100,33.361
1738264485.906553,733816.000,51764,1,T1,1,100,33.298
1738264486.039558,733949.000,51780,1,T1,1,100,33.271
1738264486.172564,734082.000,51798,1,T1,1,100,33.259
1738264486.306569,734216.000,51814,1,T1,1,100,33.289
1738264486.439574,734349.000,51846,1,T1,1,100,33.232
1738264486.572580,734482.000,51864,1,T1,1,100,33.207
1738264486.706585,734616.000,51880,1,T1,1,100,33.196
1738264486.839590,734749.000,51915,1,T1,1,100,33.297
1738264486.972596,734882.000,51932,1,T1,1,100,33.306
1738264487.106601,735016.000,51948,1,T1,1,100,33.416
1738264487.239606,735149.000,51983,1,T1,1,100,33.322
1738264487.372612,735282.000,52000,1,T1,1,100,33.317
1738264487.505617,735415.000,52017,1,T1,1,100,33.350
1738264487.639622,735549.000,52039,1,T1,1,100,33.222
1738264487.772628,735682.000,52074,1,T1,1,100,33.344
1738264487.905633,735815.000,52090,1,T1,1,100,33.291
1738264488.039638,735949.000,52107,1,T1,1,100,33.268
1738264488.172643,736082.000,52123,1,T1,1,100,33.258
1738264488.305649,736215.000,52156,1,T1,1,100,33.182
1738264488.439654,736349.000,52173,1,T1,1,100,33.185
1738264488.572659,736482.000,52190,1,T1,1,100,33.257
1738264488.705665,736615.000,52222,1,T1,1,100,33.253
1738264488.839670,736749.000,52242,1,T1,1,100,33.180
1738264488.972675,736882.000,52258,1,T1,1,100,33.220
1738264489.105681,737015.000,52291,1,T1,1,100,33.202
1738264489.239686,737149.000,52308,1,T1,1,100,33.264
1738264489.372691,737282.000,52324,1,T1,1,100,33.185
1738264489.505697,737415.000,52357,1,T1,1,100,33.257
1738264489.639702,737549.000,52374,1,T1,1,100,33.218
1738264489.772707,737682.000,52390,1,T1,1,100,33.236
1738264489.905713,737815.000,52425,1,T1,1,100,33.279
1738264490.039718,737949.000,52442,1,T1,1,100,33.263
1738264490.172723,738082.000,52459,1,T1,1,100,33.256
1738264490.305729,738215.000,52476,1,T1,1,100,33.288
1738264490.439734,738349.000,52509,1,T1,1,100,33.195
1738264490.572739,738482.000,52525,1,T1,1,100,33.155
1738264490.705745,738615.000,52542,1,T1,1,100,33.209
1738264490.839750,738749.000,52577,1,T1,1,100,33.339
1738264490.972755,738882.000,52593,1,T1,1,100,33.430
1738264491.105761,739015.000,52610,1,T1,1,100,33.434
1738264491.238766,739148.000,52643,1,T1,1,100,33.330
1738264491.372771,739282.000,52659,1,T1,1,100,33.249
1738264491.505777,739415.000,52677,1,T1,1,100,33.214
1738264491.638782,739548.000,52709,1,T1,1,100,33.341
1738264491.772787,739682.000,52725,1,T1,1,100,33.218
1738264491.905792,739815.000,52743,1,T1,1,100,33.236
1738264492.038798,739948.000,52777,1,T1,1,100,33.173
1738264492.172803,740082.000,52794,1,T1,1,100,33.323
1738264492.305809,740215.000,52813,1,T1,1,100,33.317
1738264492.438814,740348.000,52829,1,T1,1,100,33.279
1738264492.572819,740482.000,52862,1,T1,1,100,33.192
1738264492.705824,740615.000,52884,1,T1,1,100,33.189
1738264492.838830,740748.000,52903,1,T1,1,100,33.330
1738264492.972835,740882.000,52920,1,T1,1,100,33.214
1738264493.105840,741015.000,52953,1,T1,1,100,33.234
1738264493.238846,741148.000,52969,1,T1,1,100,33.208
1738264493.372851,741282.000,52986,1,T1,1,100,33.232
1738264493.505857,741415.000,53002,1,T1,1,100,33.313
1738264493.638862,741548.000,53037,1,T1,1,100,33.242
1738264493.772867,741682.000,53054,1,T1,1,100,33.282
1738264493.905872,741815.000,53071,1,T1,1,100,33.299
1738264494.038878,741948.000,53103,1,T1,1,100,33.307
1738264494.171883,742081.000,53121,1,T1,1,100,33.239
1738264494.305888,742215.000,53137,1,T1,1,100,33.245
1738264494.438894,742348.000,53170,1,T1,1,100,33.319
1738264494.571899,742481.000,53187,1,T1,1,100,33.315
1738264494.705904,742615.000,53203,1,T1,1,100,33.243
1738264494.838910,742748.000,53238,1,T1,1,100,33.318
1738264494.971915,742881.000,53255,1,T1,1,100,33.244
1738264495.105920,743015.000,53271,1,T1,1,100,33.176
1738264495.238926,743148.000,53304,1,T1,1,100,33.183
1738264495.371931,743281.000,53321,1,T1,1,100,33.221
1738264495.505936,743415.000,53338,1,T1,1,100,33.237
1738264495.638942,743548.000,53355,1,T1,1,100,33.351
1738264495.771947,743681.000,53390,1,T1,1,100,33.258
1738264495.905952,743815.000,53406,1,T1,1,100,33.324
1738264496.038958,743948.000,53423,1,T1,1,100,33.318
1738264496.171963,744081.000,53456,1,T1,1,100,33.244
1738264496.305968,744215.000,53472,1,T1,1,100,33.247
1738264496.438973,744348.000,53489,1,T1,1,100,33.249
1738264496.571979,744481.000,53522,1,T1,1,100,33.285
1738264496.705984,744615.000,53540,1,T1,1,100,33.265
1738264496.838989,744748.000,53558,1,T1,1,100,33.363
1738264496.971995,744881.000,53590,1,T1,1,100,33.334
1738264497.106000,745015.000,53606,1,T1,1,100,33.393
1738264497.239005,745148.000,53626,1,T1,1,100,33.383
1738264497.372011,745281.000,53658,1,T1,1,100,33.307
1738264497.505016,745414.000,53675,1,T1,1,100,33.310
1738264497.639021,745548.000,53692,1,T1,1,100,33.241
1738264497.772027,745681.000,53708,1,T1,1,100,33.210
1738264497.905032,745814.000,53729,1,T1,1,100,33.304
1738264498.039037,745948.000,53761,1,T1,1,100,33.309
1738264498.172043,746081.000,53778,1,T1,1,100,33.275
1738264498.305048,746214.000,53795,1,T1,1,100,33.296
1738264498.439053,746348.000,53828,1,T1,1,100,33.270
1738264498.572059,746481.000,53844,1,T1,1,100,33.401
1738264498.705064,746614.000,53861,1,T1,1,100,33.351
1738264498.839069,746748.000,53896,1,T1,1,100,33.329
1738264498.972075,746881.000,53912,1,T1,1,100,33.284
1738264499.105080,747014.000,53929,1,T1,1,100,33.265
1738264499.239085,747148.000,53946,1,T1,1,100,33.221
1738264499.372091,747281.000,53978,1,T1,1,100,33.202
1738264499.505096,747414.000,53996,1,T1,1,100,33.300
1738264499.639101,747548.000,54012,1,T1,1,100,33.307
1738264499.772107,747681.000,54045,1,T1,1,100,33.239
1738264499.905112,747814.000,54062,1,T1,1,100,33.174
1738264500.039117,747948.000,54078,1,T1,1,100,33.288
1738264500.172122,748081.000,54113,1,T1,1,100,33.196
1738264500.305128,748214.000,54130,1,T1,1,100,33.226
1738264500.439133,748348.000,54146,1,T1,1,100,33.240
1738264500.572139,748481.000,54179,1,T1,1,100,33.387
1738264500.705144,748614.000,54196,1,T1,1,100,33.274
1738264500.838149,748747.000,54215,1,T1,1,100,33.296
1738264500.972154,748881.000,54249,1,T1,1,100,33.270
1738264501.105160,749014.000,54266,1,T1,1,100,33.223
1738264501.238165,749147.000,54283,1,T1,1,100,33.309
1738264501.372170,749281.000,54315,1,T1,1,100,33.240
1738264501.505176,749414.000,54335,1,T1,1,100,33.317
1738264501.638181,749547.000,54351,1,T1,1,100,33.385
1738264501.772186,749681.000,54370,1,T1,1,100,33.415
1738264501.905192,749814.000,54403,1,T1,1,100,33.286
1738264502.038197,749947.000,54419,1,T1,1,100,33.266
1738264502.172202,750081.000,54437,1,T1,1,100,33.257
1738264502.305208,750214.000,54471,1,T1,1,100,33.217
1738264502.438213,750347.000,54487,1,T1,1,100,33.200
1738264502.572218,750481.000,54505,1,T1,1,100,33.335
1738264502.705224,750614.000,54539,1,T1,1,100,33.287
1738264502.838229,750747.000,54556,1,T1,1,100,33.230
1738264502.972234,750881.000,54580,1,T1,1,100,33.277
1738264503.105240,751014.000,54596,1,T1,1,100,33.368
1738264503.238245,751147.000,54614,1,T1,1,100,33.301
1738264503.372250,751281.000,54646,1,T1,1,100,33.343
1738264503.505255,751414.000,54663,1,T1,1,100,33.290
1738264503.638261,751547.000,54680,1,T1,1,100,33.445
1738264503.771266,751680.000,54713,1,T1,1,100,33.334
1738264503.905272,751814.000,54729,1,T1,1,100,33.322
1738264504.038277,751947.000,54746,1,T1,1,100,33.281
1738264504.171282,752080.000,54779,1,T1,1,100,33.370
1738264504.305288,752214.000,54795,1,T1,1,100,33.408
1738264504.438293,752347.000,54812,1,T1,1,100,33.354
1738264504.571298,752480.000,54847,1,T1,1,100,33.366
1738264504.705303,752614.000,54863,1,T1,1,100,33.229
1738264504.838309,752747.000,54881,1,T1,1,100,33.276
1738264504.971314,752880.000,54897,1,T1,1,100,33.332
1738264505.105319,753014.000,54929,1,T1,1,100,33.250
1738264505.238325,753147.000,54949,1,T1,1,100,33.215
1738264505.371330,753280.000,54965,1,T1,1,100,33.306
1738264505.505335,753414.000,54998,1,T1,1,100,33.345
1738264505.638341,753547.000,55015,1,T1,1,100,33.256
1738264505.771346,753680.000,55031,1,T1,1,100,33.288
1738264505.905351,753814.000,55064,1,T1,1,100,33.231
1738264506.038357,753947.000,55081,1,T1,1,100,33.277
1738264506.171362,754080.000,55098,1,T1,1,100,33.333
1738264506.305367,754214.000,55132,1,T1,1,100,33.286
1738264506.438373,754347.000,55149,1,T1,1,100,33.301
1738264506.571378,754480.000,55166,1,T1,1,100,33.237
1738264506.705383,754614.000,55198,1,T1,1,100,33.351
1738264506.838389,754747.000,55216,1,T1,1,100,33.294
1738264506.971394,754880.000,55232,1,T1,1,100,33.340
1738264507.105399,755014.000,55249,1,T1,1,100,33.218
1738264507.238405,755147.000,55286,1,T1,1,100,33.236
1738264507.371410,755280.000,55302,1,T1,1,100,33.244
1738264507.505415,755414.000,55320,1,T1,1,100,33.318
1738264507.638421,755547.000,55352,1,T1,1,100,33.244
1738264507.771426,755680.000,55368,1,T1,1,100,33.354
1738264507.904431,755813.000,55386,1,T1,1,100,33.366
1738264508.037936,755946.500,55423,2,T1,1,100,33.265
1738264508.171442,756080.000,55423,2,T1,1,100,33.256
1738264508.304447,756213.000,55458,1,T1,1,100,33.324
1738264508.438452,756347.000,55474,1,T1,1,100,33.317
1738264508.571458,756480.000,55492,1,T1,1,100,33.350
1738264508.704463,756613.000,55524,1,T1,1,100,33.329
1738264508.838469,756747.000,55541,1,T1,1,100,33.284
1738264508.971474,756880.000,55558,1,T1,1,100,33.229
1738264509.104479,757013.000,55593,1,T1,1,100,33.206
1738264509.238484,757147.000,55609,1,T1,1,100,33.302
1738264509.371490,757280.000,55626,1,T1,1,100,33.237
1738264509.504495,757413.000,55659,1,T1,1,100,33.244
1738264509.638500,757547.000,55675,1,T1,1,100,33.283
1738264509.771506,757680.000,55692,1,T1,1,100,33.335
1738264509.904511,757813.000,55727,1,T1,1,100,33.322
1738264510.038516,757947.000,55743,1,T1,1,100,33.246
1738264510.171522,758080.000,55761,1,T1,1,100,33.248
1738264510.304527,758213.000,55777,1,T1,1,100,33.320
1738264510.438532,758347.000,55809,1,T1,1,100,33.174
1738264510.571538,758480.000,55827,1,T1,1,100,33.288
1738264510.704543,758613.000,55843,1,T1,1,100,33.231
1738264510.837548,758746.000,55878,1,T1,1,100,33.348
1738264510.971554,758880.000,55895,1,T1,1,100,33.328
1738264511.104559,759013.000,55911,1,T1,1,100,33.355
1738264511.237564,759146.000,55944,1,T1,1,100,33.366
1738264511.371570,759280.000,55961,1,T1,1,100,33.371
1738264511.504575,759413.000,55978,1,T1,1,100,33.302
1738264511.637580,759546.000,56010,1,T1,1,100,33.273
1738264511.771585,759680.000,56029,1,T1,1,100,33.260
1738264511.904591,759813.000,56046,1,T1,1,100,33.219
1738264512.037596,759946.000,56078,1,T1,1,100,33.307
1738264512.171602,760080.000,56096,1,T1,1,100,33.275
1738264512.304607,760213.000,56114,1,T1,1,100,33.261
1738264512.437612,760346.000,56147,1,T1,1,100,33.255
1738264512.571618,760480.000,56164,1,T1,1,100,33.217
1738264512.704623,760613.000,56180,1,T1,1,100,33.236
1738264512.837628,760746.000,56197,1,T1,1,100,33.315
1738264512.971633,760880.000,56232,1,T1,1,100,33.278
1738264513.104639,761013.000,56248,1,T1,1,100,33.298
1738264513.237644,761146.000,56271,1,T1,1,100,33.341
1738264513.371650,761280.000,56287,1,T1,1,100,33.431
1738264513.504655,761413.000,56320,1,T1,1,100,33.470
1738264513.637660,761546.000,56337,1,T1,1,100,33.310
1738264513.771665,761680.000,56353,1,T1,1,100,33.276
1738264513.904671,761813.000,56386,1,T1,1,100,33.297
1738264514.037676,761946.000,56403,1,T1,1,100,33.341
1738264514.171681,762080.000,56420,1,T1,1,100,33.396
1738264514.304687,762213.000,56452,1,T1,1,100,33.419
1738264514.437692,762346.000,56469,1,T1,1,100,33.323
1738264514.570697,762479.000,56486,1,T1,1,100,33.246
1738264514.704703,762613.000,56503,1,T1,1,100,33.319
1738264514.837708,762746.000,56536,1,T1,1,100,33.280
1738264514.970713,762879.000,56552,1,T1,1,100,33.334
1738264515.104719,763013.000,56571,1,T1,1,100,33.393
1738264515.237724,763146.000,56604,1,T1,1,100,33.312
1738264515.370729,763279.000,56620,1,T1,1,100,33.348
1738264515.504735,763413.000,56638,1,T1,1,100,33.257
1738264515.637740,763546.000,56670,1,T1,1,100,33.324
1738264515.770745,763679.000,56686,1,T1,1,100,33.353
1738264515.904751,763813.000,56704,1,T1,1,100,33.401
1738264516.037756,763946.000,56738,1,T1,1,100,33.280
1738264516.170761,764079.000,56755,1,T1,1,100,33.227
1738264516.304766,764213.000,56772,1,T1,1,100,33.311
1738264516.437772,764346.000,56805,1,T1,1,100,33.241
1738264516.570777,764479.000,56821,1,T1,1,100,33.211
1738264516.704782,764613.000,56838,1,T1,1,100,33.233
1738264516.837788,764746.000,56854,1,T1,1,100,33.207
1738264516.970793,764879.000,56887,1,T1,1,100,33.302
1738264517.104799,765013.000,56906,1,T1,1,100,33.308
1738264517.237804,765146.000,56925,1,T1,1,100,33.275
1738264517.370809,765279.000,56957,1,T1,1,100,33.225
1738264517.503814,765412.000,56975,1,T1,1,100,33.346
1738264517.637820,765546.000,56991,1,T1,1,100,33.469
1738264517.770825,765679.000,57024,1,T1,1,100,33.345
1738264517.903830,765812.000,57041,1,T1,1,100,33.255
1738264518.037836,765946.000,57059,1,T1,1,100,33.323
1738264518.170841,766079.000,57094,1,T1,1,100,33.388
1738264518.303846,766212.000,57114,1,T1,1,100,33.310
1738264518.437852,766346.000,57130,1,T1,1,100,33.240
1738264518.570857,766479.000,57148,1,T1,1,100,33.281
1738264518.703862,766612.000,57164,1,T1,1,100,33.334
1738264518.837868,766746.000,57197,1,T1,1,100,33.357
1738264518.970873,766879.000,57214,1,T1,1,100,33.296
1738264519.103878,767012.000,57230,1,T1,1,100,33.341
1738264519.237884,767146.000,57263,1,T1,1,100,33.396
1738264519.370889,767279.000,57280,1,T1,1,100,33.313
1738264519.503894,767412.000,57297,1,T1,1,100,33.313
1738264519.637900,767546.000,57329,1,T1,1,100,33.277
1738264519.770905,767679.000,57346,1,T1,1,100,33.191
1738264519.903910,767812.000,57363,1,T1,1,100,33.295
1738264520.037915,767946.000,57395,1,T1,1,100,33.341
1738264520.170921,768079.000,57413,1,T1,1,100,33.325
1738264520.303926,768212.000,57429,1,T1,1,100,33.282
1738264520.437932,768346.000,57462,1,T1,1,100,33.335
1738264520.570937,768479.000,57479,1,T1,1,100,33.429
1738264520.703942,768612.000,57495,1,T1,1,100,33.327
1738264520.836947,768745.000,57512,1,T1,1,100,33.319
1738264520.970953,768879.000,57547,1,T1,1,100,33.351
1738264521.103958,769012.000,57563,1,T1,1,100,33.294
1738264521.236964,769145.000,57581,1,T1,1,100,33.340
1738264521.370969,769279.000,57613,1,T1,1,100,33.253
1738264521.503974,769412.000,57630,1,T1,1,100,33.251
1738264521.636979,769545.000,57647,1,T1,1,100,33.322
1738264521.770985,769679.000,57682,1,T1,1,100,33.352
1738264521.903990,769812.000,57698,1,T1,1,100,33.223
1738264522.036995,769945.000,57715,1,T1,1,100,33.238
1738264522.171001,770079.000,57750,1,T1,1,100,33.245
1738264522.304006,770212.000,57766,1,T1,1,100,33.319
1738264522.437011,770345.000,57783,1,T1,1,100,33.351
1738264522.571017,770479.000,57818,1,T1,1,100,33.329
1738264522.704022,770612.000,57834,1,T1,1,100,33.355
1738264522.838027,770746.000,57852,1,T1,1,100,33.295
1738264522.971033,770879.000,57868,1,T1,1,100,33.447
1738264523.104038,771012.000,57901,1,T1,1,100,33.477
1738264523.237043,771145.000,57918,1,T1,1,100,33.348
1738264523.371049,771279.000,57934,1,T1,1,100,33.257
1738264523.504054,771412.000,57959,1,T1,1,100,33.289
1738264523.637059,771545.000,57991,1,T1,1,100,33.267
1738264523.771065,771679.000,58009,1,T1,1,100,33.293
1738264523.904070,771812.000,58029,1,T1,1,100,33.339
1738264524.037075,771945.000,58045,1,T1,1,100,33.324
1738264524.170080,772078.000,58078,1,T1,1,100,33.353
1738264524.304086,772212.000,58095,1,T1,1,100,33.259
1738264524.437091,772345.000,58111,1,T1,1,100,33.218
1738264524.570096,772478.000,58146,1,T1,1,100,33.307
1738264524.704102,772612.000,58163,1,T1,1,100,33.488
1738264524.837107,772745.000,58180,1,T1,1,100,33.388
1738264524.970112,772878.000,58212,1,T1,1,100,33.345
1738264525.104118,773012.000,58229,1,T1,1,100,33.291
1738264525.237123,773145.000,58246,1,T1,1,100,33.339
1738264525.370128,773278.000,58280,1,T1,1,100,33.430
1738264525.504134,773412.000,58298,1,T1,1,100,33.328
1738264525.637139,773545.000,58314,1,T1,1,100,33.284
1738264525.770144,773678.000,58347,1,T1,1,100,33.300
1738264525.904150,773812.000,58364,1,T1,1,100,33.484
1738264526.037155,773945.000,58380,1,T1,1,100,33.422
1738264526.170160,774078.000,58413,1,T1,1,100,33.431
1738264526.304166,774212.000,58430,1,T1,1,100,33.293
1738264526.437171,774345.000,58446,1,T1,1,100,33.339
1738264526.570176,774478.000,58464,1,T1,1,100,33.360
1738264526.704182,774612.000,58498,1,T1,1,100,33.404
1738264526.837187,774745.000,58515,1,T1,1,100,33.458
1738264526.970192,774878.000,58532,1,T1,1,100,33.340
1738264527.104198,775012.000,58565,1,T1,1,100,33.289
1738264527.237203,775145.000,58585,1,T1,1,100,33.302
1738264527.370208,775278.000,58602,1,T1,1,100,33.273
1738264527.504214,775412.000,58635,1,T1,1,100,33.224
1738264527.637219,775545.000,58651,1,T1,1,100,33.345
1738264527.770224,775678.000,58668,1,T1,1,100,33.398
1738264527.903229,775811.000,58701,1,T1,1,100,33.314
1738264528.037235,775945.000,58717,1,T1,1,100,33.242
1738264528.170240,776078.000,58735,1,T1,1,100,33.424
1738264528.303246,776211.000,58769,1,T1,1,100,33.361
1738264528.437251,776345.000,58785,1,T1,1,100,33.333
1738264528.570256,776478.000,58808,1,T1,1,100,33.286
1738264528.703261,776611.000,58824,1,T1,1,100,33.337
1738264528.837267,776745.000,58842,1,T1,1,100,33.217
1738264528.970272,776878.000,58874,1,T1,1,100,33.306
1738264529.103277,777011.000,58890,1,T1,1,100,33.239
1738264529.237283,777145.000,58908,1,T1,1,100,33.316
1738264529.370288,777278.000,58940,1,T1,1,100,33.314
1738264529.503293,777411.000,58957,1,T1,1,100,33.384
1738264529.637299,777545.000,58976,1,T1,1,100,33.343
1738264529.770304,777678.000,59009,1,T1,1,100,33.397
1738264529.903309,777811.000,59025,1,T1,1,100,33.243
1738264530.037315,777945.000,59042,1,T1,1,100,33.318
1738264530.170320,778078.000,59075,1,T1,1,100,33.386
1738264530.303325,778211.000,59093,1,T1,1,100,33.380
1738264530.437331,778345.000,59110,1,T1,1,100,33.412
1738264530.570336,778478.000,59127,1,T1,1,100,33.320
1738264530.703341,778611.000,59159,1,T1,1,100,33.458
1738264530.836347,778744.000,59177,1,T1,1,100,33.446
1738264530.970352,778878.000,59193,1,T1,1,100,33.264
1738264531.103357,779011.000,59226,1,T1,1,100,33.292
1738264531.236363,779144.000,59243,1,T1,1,100,33.303
1738264531.370368,779278.000,59261,1,T1,1,100,33.379
1738264531.503373,779411.000,59294,1,T1,1,100,33.271
1738264531.636379,779544.000,59311,1,T1,1,100,33.223
1738264531.770384,779678.000,59327,1,T1,1,100,33.274
1738264531.903389,779811.000,59360,1,T1,1,100,33.260
1738264532.036395,779944.000,59377,1,T1,1,100,33.254
1738264532.170400,780078.000,59394,1,T1,1,100,33.358
1738264532.303405,780211.000,59428,1,T1,1,100,33.332
1738264532.436410,780344.000,59445,1,T1,1,100,33.463
1738264532.570416,780478.000,59462,1,T1,1,100,33.342
1738264532.703421,780611.000,59496,1,T1,1,100,33.361
1738264532.836426,780744.000,59514,1,T1,1,100,33.298
1738264532.970432,780878.000,59530,1,T1,1,100,33.235
1738264533.103437,781011.000,59547,1,T1,1,100,33.315
1738264533.236442,781144.000,59580,1,T1,1,100,33.278
1738264533.370448,781278.000,59596,1,T1,1,100,33.333
1738264533.503453,781411.000,59616,1,T1,1,100,33.392
1738264533.636458,781544.000,59653,1,T1,1,100,33.453
1738264533.770464,781678.000,59670,1,T1,1,100,33.480
1738264533.903469,781811.000,59687,1,T1,1,100,33.456
1738264534.036474,781944.000,59703,1,T1,1,100,33.375
1738264534.170480,782078.000,59723,1,T1,1,100,33.410
1738264534.303485,782211.000,59755,1,T1,1,100,33.461
1738264534.436490,782344.000,59771,1,T1,1,100,33.483
1738264534.569496,782477.000,59789,1,T1,1,100,33.386
1738264534.703501,782611.000,59821,1,T1,1,100,33.344
1738264534.836506,782744.000,59838,1,T1,1,100,33.326
1738264534.969512,782877.000,59855,1,T1,1,100,33.389
1738264535.103517,783011.000,59888,1,T1,1,100,33.417
1738264535.236522,783144.000,59904,1,T1,1,100,33.287
1738264535.369528,783277.000,59923,1,T1,1,100,33.266
1738264535.503533,783411.000,59956,1,T1,1,100,33.257
1738264535.636538,783544.000,59972,1,T1,1,100,33.288
1738264535.769544,783677.000,59991,1,T1,1,100,33.231
1738264535.903549,783811.000,60008,1,T1,1,100,33.206
1738264536.036554,783944.000,60040,1,T1,1,100,33.408
1738264536.169559,784077.000,60058,1,T1,1,100,33.425
1738264536.303565,784211.000,60074,1,T1,1,100,33.361
1738264536.436570,784344.000,60107,1,T1,1,100,33.404
1738264536.569576,784477.000,60126,1,T1,1,100,33.317
1738264536.703581,784611.000,60142,1,T1,1,100,33.350
1738264536.836586,784744.000,60175,1,T1,1,100,33.364
1738264536.969591,784877.000,60192,1,T1,1,100,33.406
1738264537.103597,785011.000,60208,1,T1,1,100,33.353
1738264537.236602,785144.000,60245,1,T1,1,100,33.365
1738264537.369607,785277.000,60262,1,T1,1,100,33.406
1738264537.502613,785410.000,60279,1,T1,1,100,33.424
1738264537.636618,785544.000,60311,1,T1,1,100,33.396
1738264537.769623,785677.000,60328,1,T1,1,100,33.455
1738264537.902629,785810.000,60345,1,T1,1,100,33.551
1738264538.036634,785944.000,60362,1,T1,1,100,33.416
1738264538.169639,786077.000,60395,1,T1,1,100,33.251
1738264538.302645,786210.000,60411,1,T1,1,100,33.321
1738264538.436650,786344.000,60428,1,T1,1,100,33.387
1738264538.569655,786477.000,60463,1,T1,1,100,33.345
1738264538.702661,786610.000,60479,1,T1,1,100,33.291
1738264538.836666,786744.000,60502,1,T1,1,100,33.374
1738264538.969671,786877.000,60520,1,T1,1,100,33.339
1738264539.102677,787010.000,60553,1,T1,1,100,33.359
1738264539.236682,787144.000,60570,1,T1,1,100,33.262
1738264539.369687,787277.000,60586,1,T1,1,100,33.362
1738264539.502692,787410.000,60621,1,T1,1,100,33.405
1738264539.636698,787544.000,60638,1,T1,1,100,33.388
1738264539.769703,787677.000,60654,1,T1,1,100,33.274
1738264539.902709,787810.000,60672,1,T1,1,100,33.225
1738264540.036714,787944.000,60704,1,T1,1,100,33.275
1738264540.169719,788077.000,60721,1,T1,1,100,33.367
1738264540.302725,788210.000,60738,1,T1,1,100,33.407
1738264540.436730,788344.000,60771,1,T1,1,100,33.282
1738264540.569735,788477.000,60787,1,T1,1,100,33.264
1738264540.702740,788610.000,60804,1,T1,1,100,33.292
1738264540.835746,788743.000,60837,1,T1,1,100,33.445
1738264540.969751,788877.000,60853,1,T1,1,100,33.334
1738264541.102757,789010.000,60870,1,T1,1,100,33.322
1738264541.235762,789143.000,60903,1,T1,1,100,33.317
1738264541.369767,789277.000,60919,1,T1,1,100,33.385
1738264541.502772,789410.000,60937,1,T1,1,100,33.308
1738264541.635778,789543.000,60969,1,T1,1,100,33.346
1738264541.769783,789677.000,60985,1,T1,1,100,33.327
1738264541.902788,789810.000,61003,1,T1,1,100,33.283
1738264542.035794,789943.000,61019,1,T1,1,100,33.335
1738264542.169799,790077.000,61052,1,T1,1,100,33.393
1738264542.302804,790210.000,61071,1,T1,1,100,33.489
1738264542.435810,790343.000,61087,1,T1,1,100,33.354
1738264542.569815,790477.000,61120,1,T1,1,100,33.295
1738264542.702820,790610.000,61137,1,T1,1,100,33.269
1738264542.835826,790743.000,61154,1,T1,1,100,33.329
1738264542.969831,790877.000,61186,1,T1,1,100,33.355
1738264543.102836,791010.000,61205,1,T1,1,100,33.260
1738264543.235842,791143.000,61222,1,T1,1,100,33.325
1738264543.369847,791277.000,61254,1,T1,1,100,33.353
1738264543.502852,791410.000,61272,1,T1,1,100,33.330
1738264543.635858,791543.000,61288,1,T1,1,100,33.320
1738264543.769863,791677.000,61321,1,T1,1,100,33.387
1738264543.902868,791810.000,61341,1,T1,1,100,33.486
1738264544.035873,791943.000,61357,1,T1,1,100,33.459
1738264544.168879,792076.000,61375,1,T1,1,100,33.482
1738264544.302884,792210.000,61391,1,T1,1,100,33.492
1738264544.435889,792343.000,61424,1,T1,1,100,33.426
1738264544.568895,792476.000,61441,1,T1,1,100,33.432
1738264544.702900,792610.000,61459,1,T1,1,100,33.364
1738264544.835906,792743.000,61476,1,T1,1,100,33.370
1738264544.968911,792876.000,61509,1,T1,1,100,33.373
1738264545.102916,793010.000,61525,1,T1,1,100,33.516
1738264545.235921,793143.000,61543,1,T1,1,100,33.436
1738264545.368927,793276.000,61575,1,T1,1,100,33.366
1738264545.502932,793410.000,61592,1,T1,1,100,33.300
1738264545.635937,793543.000,61609,1,T1,1,100,33.343
1738264545.768943,793676.000,61644,1,T1,1,100,33.396
1738264545.902948,793810.000,61660,1,T1,1,100,33.384
1738264546.035953,793943.000,61677,1,T1,1,100,33.414
1738264546.168959,794076.000,61710,1,T1,1,100,33.428
1738264546.302964,794210.000,61726,1,T1,1,100,33.433
1738264546.435969,794343.000,61743,1,T1,1,100,33.400
1738264546.568975,794476.000,61762,1,T1,1,100,33.315
1738264546.702980,794610.000,61794,1,T1,1,100,33.349
1738264546.835985,794743.000,61812,1,T1,1,100,33.399
1738264546.968991,794876.000,61828,1,T1,1,100,33.350
1738264547.102996,795010.000,61861,1,T1,1,100,33.329
1738264547.236001,795143.000,61880,1,T1,1,100,33.390
1738264547.369007,795276.000,61896,1,T1,1,100,33.346
1738264547.502012,795409.000,61929,1,T1,1,100,33.433
1738264547.636017,795543.000,61946,1,T1,1,100,33.294
1738264547.769022,795676.000,61962,1,T1,1,100,33.304
1738264547.902028,795809.000,61995,1,T1,1,100,33.380
1738264548.036033,795943.000,62012,1,T1,1,100,33.342
1738264548.169039,796076.000,62029,1,T1,1,100,33.396
1738264548.302044,796209.000,62061,1,T1,1,100,33.420
1738264548.436049,796343.000,62078,1,T1,1,100,33.323
1738264548.569055,796476.000,62095,1,T1,1,100,33.282
1738264548.702060,796609.000,62127,1,T1,1,100,33.335
1738264548.836065,796743.000,62145,1,T1,1,100,33.393
1738264548.969070,796876.000,62161,1,T1,1,100,33.383
1738264549.102076,797009.000,62185,1,T1,1,100,33.449
1738264549.236081,797143.000,62204,1,T1,1,100,33.443
1738264549.369087,797276.000,62236,1,T1,1,100,33.369
1738264549.502092,797409.000,62256,1,T1,1,100,33.301
1738264549.636097,797543.000,62272,1,T1,1,100,33.272
1738264549.769102,797676.000,62305,1,T1,1,100,33.295
1738264549.902108,797809.000,62322,1,T1,1,100,33.340
1738264550.036113,797943.000,62338,1,T1,1,100,33.395
1738264550.169118,798076.000,62355,1,T1,1,100,33.419
1738264550.302124,798209.000,62388,1,T1,1,100,33.394
1738264550.436129,798343.000,62404,1,T1,1,100,33.419
1738264550.569134,798476.000,62422,1,T1,1,100,33.429
1738264550.702140,798609.000,62454,1,T1,1,100,33.434
1738264550.835145,798742.000,62471,1,T1,1,100,33.401
1738264550.969150,798876.000,62488,1,T1,1,100,33.422
1738264551.102156,799009.000,62521,1,T1,1,100,33.431
1738264551.235161,799142.000,62537,1,T1,1,100,33.328
1738264551.369166,799276.000,62554,1,T1,1,100,33.319
1738264551.502172,799409.000,62587,1,T1,1,100,33.422
1738264551.636177,799543.000,62603,1,T1,1,100,33.360
1738264551.769182,799676.000,62620,1,T1,1,100,33.475
1738264551.902188,799809.000,62653,1,T1,1,100,33.347
1738264552.035193,799942.000,62669,1,T1,1,100,33.292
1738264552.169198,800076.000,62689,1,T1,1,100,33.339
1738264552.302203,800209.000,62723,1,T1,1,100,33.359
1738264552.435209,800342.000,62739,1,T1,1,100,33.333
1738264552.569214,800476.000,62757,1,T1,1,100,33.428
1738264552.702219,800609.000,62773,1,T1,1,100,33.398
1738264552.835225,800742.000,62806,1,T1,1,100,33.456
1738264552.969230,800876.000,62823,1,T1,1,100,33.481
1738264553.102236,801009.000,62839,1,T1,1,100,33.456
1738264553.235241,801142.000,62872,1,T1,1,100,33.481
1738264553.369246,801276.000,62889,1,T1,1,100,33.350
1738264553.502251,801409.000,62906,1,T1,1,100,33.329
1738264553.635257,801542.000,62938,1,T1,1,100,33.390
1738264553.769262,801676.000,62955,1,T1,1,100,33.453
1738264553.902267,801809.000,62972,1,T1,1,100,33.373
1738264554.035273,801942.000,63006,1,T1,1,100,33.410
1738264554.169278,802076.000,63029,1,T1,1,100,33.461
1738264554.302283,802209.000,63045,1,T1,1,100,33.341
1738264554.435289,802342.000,63062,1,T1,1,100,33.396
1738264554.568294,802475.000,63079,1,T1,1,100,33.419
1738264554.702299,802609.000,63111,1,T1,1,100,33.323
1738264554.835305,802742.000,63131,1,T1,1,100,33.388
1738264554.968310,802875.000,63147,1,T1,1,100,33.310
1738264555.102315,803009.000,63180,1,T1,1,100,33.311
1738264555.235321,803142.000,63197,1,T1,1,100,33.383
1738264555.368326,803275.000,63213,1,T1,1,100,33.414
1738264555.502331,803409.000,63248,1,T1,1,100,33.427
1738264555.635337,803542.000,63265,1,T1,1,100,33.327
1738264555.768342,803675.000,63281,1,T1,1,100,33.248
1738264555.902347,803809.000,63299,1,T1,1,100,33.355
1738264556.035352,803942.000,63331,1,T1,1,100,33.473
1738264556.168358,804075.000,63348,1,T1,1,100,33.382
1738264556.302363,804209.000,63365,1,T1,1,100,33.343
1738264556.435369,804342.000,63398,1,T1,1,100,33.432
1738264556.568374,804475.000,63416,1,T1,1,100,33.435
1738264556.702379,804609.000,63433,1,T1,1,100,33.436
1738264556.835384,804742.000,63466,1,T1,1,100,33.402
1738264556.968390,804875.000,63482,1,T1,1,100,33.351
1738264557.102395,805009.000,63499,1,T1,1,100,33.471
1738264557.235400,805142.000,63534,1,T1,1,100,33.523
1738264557.368406,805275.000,63552,1,T1,1,100,33.368
1738264557.502411,805409.000,63570,1,T1,1,100,33.407
1738264557.635417,805542.000,63602,1,T1,1,100,33.354
1738264557.768422,805675.000,63618,1,T1,1,100,33.330
1738264557.902427,805809.000,63636,1,T1,1,100,33.391
1738264558.035432,805942.000,63670,1,T1,1,100,33.347
1738264558.168438,806075.000,63687,1,T1,1,100,33.256
1738264558.302443,806209.000,63704,1,T1,1,100,33.288
1738264558.435448,806342.000,63720,1,T1,1,100,33.408
1738264558.568454,806475.000,63753,1,T1,1,100,33.283
1738264558.701459,806608.000,63770,1,T1,1,100,33.300
1738264558.835464,806742.000,63787,1,T1,1,100,33.342
1738264558.968470,806875.000,63819,1,T1,1,100,33.432
1738264559.101475,807008.000,63836,1,T1,1,100,33.400
1738264559.235480,807142.000,63853,1,T1,1,100,33.386
1738264559.368486,807275.000,63875,1,T1,1,100,33.415
1738264559.501491,807408.000,63910,1,T1,1,100,33.463
1738264559.635496,807542.000,63926,1,T1,1,100,33.413
1738264559.768502,807675.000,63943,1,T1,1,100,33.285
1738264559.901507,807808.000,63960,1,T1,1,100,33.407
1738264560.035512,807942.000,63992,1,T1,1,100,33.353
1738264560.168518,808075.000,64010,1,T1,1,100,33.472
1738264560.301523,808208.000,64026,1,T1,1,100,33.417
1738264560.435528,808342.000,64059,1,T1,1,100,33.500
1738264560.568533,808475.000,64076,1,T1,1,100,33.393
1738264560.701539,808608.000,64092,1,T1,1,100,33.418
1738264560.834544,808741.000,64125,1,T1,1,100,33.394
1738264560.968549,808875.000,64142,1,T1,1,100,33.348
1738264561.101555,809008.000,64158,1,T1,1,100,33.328
1738264561.234560,809141.000,64191,1,T1,1,100,33.319
1738264561.368565,809275.000,64208,1,T1,1,100,33.280
1738264561.501571,809408.000,64225,1,T1,1,100,33.334
1738264561.634576,809541.000,64257,1,T1,1,100,33.322
1738264561.768581,809675.000,64274,1,T1,1,100,33.281
1738264561.901587,809808.000,64293,1,T1,1,100,33.263
1738264562.034592,809941.000,64310,1,T1,1,100,33.291
1738264562.168597,810075.000,64343,1,T1,1,100,33.303
1738264562.301603,810208.000,64361,1,T1,1,100,33.309
1738264562.434608,810341.000,64378,1,T1,1,100,33.275
1738264562.568613,810475.000,64411,1,T1,1,100,33.332
1738264562.701619,810608.000,64427,1,T1,1,100,33.215
1738264562.834624,810741.000,64445,1,T1,1,100,33.270
1738264562.968629,810875.000,64479,1,T1,1,100,33.294
1738264563.101635,811008.000,64495,1,T1,1,100,33.411
1738264563.234640,811141.000,64513,1,T1,1,100,33.320
1738264563.368645,811275.000,64545,1,T1,1,100,33.387
1738264563.501651,811408.000,64562,1,T1,1,100,33.415
1738264563.634656,811541.000,64579,1,T1,1,100,33.499
1738264563.768661,811675.000,64612,1,T1,1,100,33.535
1738264563.901667,811808.000,64628,1,T1,1,100,33.444
1738264564.034672,811941.000,64645,1,T1,1,100,33.405
1738264564.168677,812075.000,64678,1,T1,1,100,33.423
1738264564.301682,812208.000,64694,1,T1,1,100,33.431
1738264564.434688,812341.000,64716,1,T1,1,100,33.435
1738264564.568693,812475.000,64733,1,T1,1,100,33.436
1738264564.701699,812608.000,64750,1,T1,1,100,33.472
1738264564.834704,812741.000,64783,1,T1,1,100,33.346
1738264564.967709,812874.000,64799,1,T1,1,100,33.433
1738264565.101714,813008.000,64816,1,T1,1,100,33.471
1738264565.234720,813141.000,64849,1,T1,1,100,33.310
1738264565.367725,813274.000,64865,1,T1,1,100,33.347
1738264565.501730,813408.000,64883,1,T1,1,100,33.434
1738264565.634736,813541.000,64915,1,T1,1,100,33.400
1738264565.767741,813674.000,64931,1,T1,1,100,33.386
1738264565.901747,813808.000,64949,1,T1,1,100,33.344
1738264566.034752,813941.000,64981,1,T1,1,100,33.291
1738264566.167757,814074.000,64998,1,T1,1,100,33.339
1738264566.301762,814208.000,65015,1,T1,1,100,33.288
1738264566.434768,814341.000,65048,1,T1,1,100,33.337
1738264566.567773,814474.000,65064,1,T1,1,100,33.288
1738264566.701778,814608.000,65081,1,T1,1,100,33.302
1738264566.834784,814741.000,65097,1,T1,1,100,33.414
1738264566.967789,814874.000,65130,1,T1,1,100,33.392
1738264567.101794,815008.000,65147,1,T1,1,100,33.347
1738264567.234800,815141.000,65166,1,T1,1,100,33.469
1738264567.367805,815274.000,65198,1,T1,1,100,33.380
1738264567.501810,815408.000,65218,1,T1,1,100,33.377
1738264567.634816,815541.000,65234,1,T1,1,100,33.447
1738264567.767821,815674.000,65267,1,T1,1,100,33.371
1738264567.900826,815807.000,65284,1,T1,1,100,33.338
1738264568.034832,815941.000,65300,1,T1,1,100,33.465
1738264568.167837,816074.000,65333,1,T1,1,100,33.449
1738264568.300842,816207.000,65352,1,T1,1,100,33.407
1738264568.434848,816341.000,65368,1,T1,1,100,33.389
1738264568.567853,816474.000,65401,1,T1,1,100,33.381
1738264568.700858,816607.000,65418,1,T1,1,100,33.378
1738264568.834863,816741.000,65435,1,T1,1,100,33.376
1738264568.967869,816874.000,65452,1,T1,1,100,33.375
1738264569.100874,817007.000,65484,1,T1,1,100,33.411
1738264569.234879,817141.000,65501,1,T1,1,100,33.426
1738264569.367885,817274.000,65518,1,T1,1,100,33.432
1738264569.500890,817407.000,20,1,T1,1,100,33.400
1738264569.634895,817541.000,36,1,T1,1,100,33.457
1738264569.767901,817674.000,53,1,T1,1,100,33.481
1738264569.900906,817807.000,86,1,T1,1,100,33.456
1738264570.034911,817941.000,102,1,T1,1,100,33.339
1738264570.167917,818074.000,120,1,T1,1,100,33.324
1738264570.300922,818207.000,152,1,T1,1,100,33.388
1738264570.434927,818341.000,168,1,T1,1,100,33.345
1738264570.567933,818474.000,186,1,T1,1,100,33.362
1738264570.700938,818607.000,218,1,T1,1,100,33.334
1738264570.833943,818740.000,235,1,T1,1,100,33.464
1738264570.967949,818874.000,252,1,T1,1,100,33.413
1738264571.100954,819007.000,268,1,T1,1,100,33.392
1738264571.234959,819141.000,301,1,T1,1,100,33.347
1738264571.367965,819274.000,318,1,T1,1,100,33.363
1738264571.500970,819407.000,335,1,T1,1,100,33.405
1738264571.633975,819540.000,367,1,T1,1,100,33.317
1738264571.767981,819674.000,384,1,T1,1,100,33.244
1738264571.900986,819807.000,401,1,T1,1,100,33.212
1738264572.033991,819940.000,433,1,T1,1,100,33.411
1738264572.167997,820074.000,451,1,T1,1,100,33.390
1738264572.301002,820207.000,469,1,T1,1,100,33.382
1738264572.434007,820340.000,502,1,T1,1,100,33.378
1738264572.568012,820474.000,519,1,T1,1,100,33.412
1738264572.701018,820607.000,537,1,T1,1,100,33.462
1738264572.834023,820740.000,570,1,T1,1,100,33.413
1738264572.968029,820874.000,587,1,T1,1,100,33.356
1738264573.101034,821007.000,603,1,T1,1,100,33.367
1738264573.234039,821140.000,621,1,T1,1,100,33.300
1738264573.368044,821274.000,653,1,T1,1,100,33.378
1738264573.501050,821407.000,670,1,T1,1,100,33.305
1738264573.634055,821540.000,687,1,T1,1,100,33.380
1738264573.768060,821674.000,720,1,T1,1,100,33.377
1738264573.901066,821807.000,736,1,T1,1,100,33.411
1738264574.034071,821940.000,753,1,T1,1,100,33.426
1738264574.167076,822073.000,786,1,T1,1,100,33.397
1738264574.301082,822207.000,804,1,T1,1,100,33.349
1738264574.434087,822340.000,821,1,T1,1,100,33.364
1738264574.567092,822473.000,859,1,T1,1,100,33.406
1738264574.701098,822607.000,875,1,T1,1,100,33.424
1738264574.834103,822740.000,893,1,T1,1,100,33.361
1738264574.968108,822874.000,925,1,T1,1,100,33.298
1738264575.101114,823007.000,941,1,T1,1,100,33.377
1738264575.234119,823140.000,959,1,T1,1,100,33.340
1738264575.367124,823273.000,975,1,T1,1,100,33.289
1738264575.501130,823407.000,1008,1,T1,1,100,33.267
1738264575.634135,823540.000,1025,1,T1,1,100,33.364
1738264575.767140,823673.000,1041,1,T1,1,100,33.476
1738264575.901145,823807.000,1074,1,T1,1,100,33.490
1738264576.034151,823940.000,1091,1,T1,1,100,33.389
1738264576.167156,824073.000,1108,1,T1,1,100,33.417
1738264576.301162,824207.000,1142,1,T1,1,100,33.464
1738264576.434167,824340.000,1159,1,T1,1,100,33.378
1738264576.567172,824473.000,1176,1,T1,1,100,33.376
1738264576.701178,824607.000,1208,1,T1,1,100,33.376
1738264576.834183,824740.000,1226,1,T1,1,100,33.375
1738264576.967188,824873.000,1242,1,T1,1,100,33.481
1738264577.101193,825007.000,1275,1,T1,1,100,33.457
1738264577.234199,825140.000,1294,1,T1,1,100,33.481
1738264577.367204,825273.000,1310,1,T1,1,100,33.421
1738264577.500209,825406.000,1327,1,T1,1,100,33.501
1738264577.634215,825540.000,1360,1,T1,1,100,33.430
1738264577.767220,825673.000,1376,1,T1,1,100,33.292
1738264577.900225,825806.000,1394,1,T1,1,100,33.446
1738264578.034231,825940.000,1426,1,T1,1,100,33.370
1738264578.167236,826073.000,1443,1,T1,1,100,33.408
1738264578.300241,826206.000,1460,1,T1,1,100,33.389
1738264578.434247,826340.000,1493,1,T1,1,100,33.452
1738264578.567252,826473.000,1511,1,T1,1,100,33.373
1738264578.700257,826606.000,1528,1,T1,1,100,33.410
1738264578.834263,826740.000,1561,1,T1,1,100,33.425
1738264578.967268,826873.000,1577,1,T1,1,100,33.361
1738264579.100273,827006.000,1594,1,T1,1,100,33.405
1738264579.234279,827140.000,1627,1,T1,1,100,33.423
1738264579.367284,827273.000,1643,1,T1,1,100,33.502
1738264579.500289,827406.000,1661,1,T1,1,100,33.466
1738264579.634295,827540.000,1677,1,T1,1,100,33.485
1738264579.767300,827673.000,1699,1,T1,1,100,33.564
1738264579.900305,827806.000,1732,1,T1,1,100,33.528
1738264580.034311,827940.000,1749,1,T1,1,100,33.548
1738264580.167316,828073.000,1766,1,T1,1,100,33.521
1738264580.300321,828206.000,1798,1,T1,1,100,33.544
1738264580.434326,828340.000,1815,1,T1,1,100,33.448
1738264580.567332,828473.000,1832,1,T1,1,100,33.549
1738264580.700337,828606.000,1864,1,T1,1,100,33.556
1738264580.834342,828740.000,1882,1,T1,1,100,33.631
1738264580.967348,828873.000,1898,1,T1,1,100,33.592
1738264581.100353,829006.000,1915,1,T1,1,100,33.575
1738264581.234359,829140.000,1948,1,T1,1,100,33.639
1738264581.367364,829273.000,1964,1,T1,1,100,33.525
1738264581.500369,829406.000,1982,1,T1,1,100,33.511
1738264581.633374,829539.000,2014,1,T1,1,100,33.505
1738264581.767380,829673.000,2030,1,T1,1,100,33.502
1738264581.900385,829806.000,2048,1,T1,1,100,33.465
1738264582.033390,829939.000,2080,1,T1,1,100,33.556
1738264582.167396,830073.000,2097,1,T1,1,100,33.453
1738264582.300401,830206.000,2116,1,T1,1,100,33.480
1738264582.433406,830339.000,2149,1,T1,1,100,33.527
1738264582.567412,830473.000,2165,1,T1,1,100,33.441
1738264582.700417,830606.000,2182,1,T1,1,100,33.545
1738264582.833422,830739.000,2215,1,T1,1,100,33.449
1738264582.967428,830873.000,2231,1,T1,1,100,33.478
1738264583.100433,831006.000,2248,1,T1,1,100,33.490
1738264583.233438,831139.000,2265,1,T1,1,100,33.389
1738264583.367444,831273.000,2297,1,T1,1,100,33.417
1738264583.500449,831406.000,2315,1,T1,1,100,33.570
1738264583.633454,831539.000,2331,1,T1,1,100,33.566
1738264583.767460,831673.000,2364,1,T1,1,100,33.458
1738264583.900465,831806.000,2381,1,T1,1,100,33.553
1738264584.033470,831939.000,2397,1,T1,1,100,33.452
1738264584.166476,832072.000,2430,1,T1,1,100,33.479
1738264584.300481,832206.000,2447,1,T1,1,100,33.456
1738264584.433486,832339.000,2463,1,T1,1,100,33.445
1738264584.566491,832472.000,2496,1,T1,1,100,33.476
1738264584.700497,832606.000,2513,1,T1,1,100,33.490
1738264584.833502,832739.000,2534,1,T1,1,100,33.425
1738264584.966507,832872.000,2550,1,T1,1,100,33.432
1738264585.100513,833006.000,2567,1,T1,1,100,33.541
1738264585.233518,833139.000,2584,1,T1,1,100,33.518
1738264585.366524,833272.000,2616,1,T1,1,100,33.437
1738264585.500529,833406.000,2634,1,T1,1,100,33.508
1738264585.633534,833539.000,2650,1,T1,1,100,33.433
1738264585.766539,833672.000,2683,1,T1,1,100,33.435
1738264585.900545,833806.000,2700,1,T1,1,100,33.507
1738264586.033550,833939.000,2716,1,T1,1,100,33.503
1738264586.166555,834072.000,2735,1,T1,1,100,33.466
1738264586.300561,834206.000,2768,1,T1,1,100,33.414
1738264586.433566,834339.000,2784,1,T1,1,100,33.357
1738264586.566571,834472.000,2802,1,T1,1,100,33.509
1738264586.700577,834606.000,2834,1,T1,1,100,33.468
1738264586.833582,834739.000,2851,1,T1,1,100,33.451
1738264586.966587,834872.000,2868,1,T1,1,100,33.479
1738264587.100593,835006.000,2901,1,T1,1,100,33.597
1738264587.233598,835139.000,2919,1,T1,1,100,33.578
1738264587.366603,835272.000,2936,1,T1,1,100,33.463
1738264587.500609,835406.000,2952,1,T1,1,100,33.484
1738264587.633614,835539.000,2985,1,T1,1,100,33.493
1738264587.766619,835672.000,3002,1,T1,1,100,33.462
1738264587.899625,835805.000,3021,1,T1,1,100,33.448
1738264588.033630,835939.000,3053,1,T1,1,100,33.442
1738264588.166635,836072.000,3071,1,T1,1,100,33.439
1738264588.299640,836205.000,3087,1,T1,1,100,33.438
1738264588.433646,836339.000,3120,1,T1,1,100,33.509
1738264588.566651,836472.000,3137,1,T1,1,100,33.468
1738264588.700656,836606.000,3153,1,T1,1,100,33.380
1738264588.833662,836739.000,3186,1,T1,1,100,33.484
1738264588.966667,836872.000,3203,1,T1,1,100,33.422
1738264589.099673,837005.000,3219,1,T1,1,100,33.502
1738264589.233678,837139.000,3237,1,T1,1,100,33.465
1738264589.366683,837272.000,3269,1,T1,1,100,33.343
1738264589.499688,837405.000,3286,1,T1,1,100,33.361
1738264589.633694,837539.000,3303,1,T1,1,100,33.475
1738264589.766699,837672.000,3336,1,T1,1,100,33.454
1738264589.899704,837805.000,3352,1,T1,1,100,33.409
1738264590.033710,837939.000,3376,1,T1,1,100,33.496
1738264590.166715,838072.000,3409,1,T1,1,100,33.463
1738264590.299720,838205.000,3425,1,T1,1,100,33.413
1738264590.433726,838339.000,3442,1,T1,1,100,33.462
1738264590.566731,838472.000,3475,1,T1,1,100,33.448
1738264590.699736,838605.000,3491,1,T1,1,100,33.478
1738264590.833742,838739.000,3509,1,T1,1,100,33.526
1738264590.966747,838872.000,3541,1,T1,1,100,33.511
1738264591.099752,839005.000,3557,1,T1,1,100,33.398
1738264591.232758,839138.000,3575,1,T1,1,100,33.385
1738264591.366763,839272.000,3591,1,T1,1,100,33.521
1738264591.499768,839405.000,3624,1,T1,1,100,33.367
1738264591.633774,839539.000,3641,1,T1,1,100,33.407
1738264591.766779,839672.000,3657,1,T1,1,100,33.424
1738264591.899784,839805.000,3690,1,T1,1,100,33.396
1738264592.032789,839938.000,3707,1,T1,1,100,33.420
1738264592.166795,840072.000,3724,1,T1,1,100,33.430
1738264592.299800,840205.000,3758,1,T1,1,100,33.399
1738264592.432806,840338.000,3775,1,T1,1,100,33.492
1738264592.566811,840472.000,3792,1,T1,1,100,33.390
1738264592.699816,840605.000,3824,1,T1,1,100,33.452
1738264592.832821,840738.000,3842,1,T1,1,100,33.408
1738264592.966827,840872.000,3858,1,T1,1,100,33.389
1738264593.099832,841005.000,3875,1,T1,1,100,33.417
1738264593.232837,841138.000,3908,1,T1,1,100,33.429
1738264593.366843,841272.000,3924,1,T1,1,100,33.327
1738264593.499848,841405.000,3942,1,T1,1,100,33.425
1738264593.632854,841538.000,3974,1,T1,1,100,33.503
1738264593.766859,841672.000,3990,1,T1,1,100,33.466
1738264593.899864,841805.000,4008,1,T1,1,100,33.485
1738264594.032869,841938.000,4040,1,T1,1,100,33.352
1738264594.165875,842071.000,4057,1,T1,1,100,33.365
1738264594.299880,842205.000,4074,1,T1,1,100,33.477
1738264594.432885,842338.000,4107,1,T1,1,100,33.419
1738264594.565891,842471.000,4123,1,T1,1,100,33.500
1738264594.699896,842605.000,4140,1,T1,1,100,33.465
1738264594.832901,842738.000,4173,1,T1,1,100,33.449
1738264594.965907,842871.000,4189,1,T1,1,100,33.514
1738264595.099912,843005.000,4211,1,T1,1,100,33.577
1738264595.232917,843138.000,4228,1,T1,1,100,33.498
1738264595.365923,843271.000,4262,1,T1,1,100,33.464
1738264595.499928,843405.000,4280,1,T1,1,100,33.484
1738264595.632933,843538.000,4296,1,T1,1,100,33.422
1738264595.765939,843671.000,4329,1,T1,1,100,33.395
1738264595.899944,843805.000,4348,1,T1,1,100,33.313
1738264596.032949,843938.000,4364,1,T1,1,100,33.384
1738264596.165955,844071.000,4397,1,T1,1,100,33.450
1738264596.299960,844205.000,4414,1,T1,1,100,33.407
1738264596.432965,844338.000,4430,1,T1,1,100,33.424
1738264596.565970,844471.000,4463,1,T1,1,100,33.361
1738264596.699976,844605.000,4480,1,T1,1,100,33.369
1738264596.832981,844738.000,4499,1,T1,1,100,33.408
1738264596.965986,844871.000,4516,1,T1,1,100,33.389
1738264597.099992,845005.000,4548,1,T1,1,100,33.310
1738264597.232997,845138.000,4567,1,T1,1,100,33.418
1738264597.366002,845271.000,4584,1,T1,1,100,33.429
1738264597.500008,845405.000,4617,1,T1,1,100,33.469
1738264597.633013,845538.000,4633,1,T1,1,100,33.380
1738264597.766018,845671.000,4650,1,T1,1,100,33.413
1738264597.900024,845805.000,4683,1,T1,1,100,33.427
1738264598.033029,845938.000,4699,1,T1,1,100,33.504
1738264598.166034,846071.000,4717,1,T1,1,100,33.360
1738264598.299040,846204.000,4749,1,T1,1,100,33.368
1738264598.433045,846338.000,4765,1,T1,1,100,33.337
1738264598.566050,846471.000,4785,1,T1,1,100,33.429
1738264598.699056,846604.000,4817,1,T1,1,100,33.469
1738264598.833061,846738.000,4834,1,T1,1,100,33.380
1738264598.966066,846871.000,4851,1,T1,1,100,33.306
1738264599.099072,847004.000,4884,1,T1,1,100,33.381
1738264599.233077,847138.000,4902,1,T1,1,100,33.519
1738264599.366082,847271.000,4919,1,T1,1,100,33.402
1738264599.499088,847404.000,4935,1,T1,1,100,33.422
1738264599.633093,847538.000,4968,1,T1,1,100,33.431
1738264599.766098,847671.000,4985,1,T1,1,100,33.435
1738264599.899104,847804.000,5002,1,T1,1,100,33.401
1738264600.033109,847938.000,5034,1,T1,1,100,33.422
1738264600.166114,848071.000,5057,1,T1,1,100,33.360
1738264600.299119,848204.000,5073,1,T1,1,100,33.475
1738264600.433125,848338.000,5090,1,T1,1,100,33.525
1738264600.566130,848471.000,5123,1,T1,1,100,33.440
1738264600.699136,848604.000,5139,1,T1,1,100,33.509
1738264600.832141,848737.000,5157,1,T1,1,100,33.433
1738264600.966146,848871.000,5191,1,T1,1,100,33.507
1738264601.099151,849004.000,5207,1,T1,1,100,33.503
1738264601.232157,849137.000,5225,1,T1,1,100,33.466
1738264601.366162,849271.000,5257,1,T1,1,100,33.450
1738264601.499167,849404.000,5274,1,T1,1,100,33.407
1738264601.633173,849538.000,5291,1,T1,1,100,33.424
1738264601.766178,849671.000,5324,1,T1,1,100,33.396
1738264601.899183,849804.000,5340,1,T1,1,100,33.420
1738264602.032189,849937.000,5357,1,T1,1,100,33.323
1738264602.166194,850071.000,5373,1,T1,1,100,33.495
1738264602.299199,850204.000,5408,1,T1,1,100,33.462
1738264602.432205,850337.000,5425,1,T1,1,100,33.377
1738264602.566210,850471.000,5442,1,T1,1,100,33.376
1738264602.699215,850604.000,5474,1,T1,1,100,33.411
1738264602.832221,850737.000,5492,1,T1,1,100,33.461
1738264602.966226,850871.000,5508,1,T1,1,100,33.412
1738264603.099231,851004.000,5541,1,T1,1,100,33.462
1738264603.232237,851137.000,5558,1,T1,1,100,33.413
1738264603.366242,851271.000,5574,1,T1,1,100,33.427
1738264603.499247,851404.000,5607,1,T1,1,100,33.504
1738264603.632252,851537.000,5624,1,T1,1,100,33.431
1738264603.766258,851671.000,5640,1,T1,1,100,33.399
1738264603.899263,851804.000,5658,1,T1,1,100,33.421
1738264604.032269,851937.000,5690,1,T1,1,100,33.359
1738264604.166274,852071.000,5707,1,T1,1,100,33.475
1738264604.299279,852204.000,5726,1,T1,1,100,33.454
1738264604.432285,852337.000,5759,1,T1,1,100,33.444
1738264604.565290,852470.000,5775,1,T1,1,100,33.441
1738264604.699295,852604.000,5792,1,T1,1,100,33.439
1738264604.832300,852737.000,5827,1,T1,1,100,33.403
1738264604.966306,852871.000,5843,1,T1,1,100,33.387
1738264605.099311,853004.000,5860,1,T1,1,100,33.416
1738264605.232316,853137.000,5898,1,T1,1,100,33.428
1738264605.365322,853270.000,5914,1,T1,1,100,33.469
1738264605.499327,853404.000,5932,1,T1,1,100,33.487
1738264605.632332,853537.000,5966,1,T1,1,100,33.423
1738264605.765338,853670.000,5982,1,T1,1,100,33.431
1738264605.899343,853804.000,6000,1,T1,1,100,33.435
1738264606.032348,853937.000,6016,1,T1,1,100,33.507
1738264606.165354,854070.000,6049,1,T1,1,100,33.432
1738264606.299359,854204.000,6066,1,T1,1,100,33.435
1738264606.432364,854337.000,6082,1,T1,1,100,33.437
1738264606.565370,854470.000,6115,1,T1,1,100,33.508
1738264606.699375,854604.000,6132,1,T1,1,100,33.503
1738264606.832380,854737.000,6149,1,T1,1,100,33.466
1738264606.965386,854870.000,6181,1,T1,1,100,33.379
1738264607.099391,855004.000,6198,1,T1,1,100,33.412
1738264607.232396,855137.000,6217,1,T1,1,100,33.427
1738264607.365402,855270.000,6249,1,T1,1,100,33.468
1738264607.499407,855404.000,6267,1,T1,1,100,33.380
1738264607.632412,855537.000,6283,1,T1,1,100,33.554
1738264607.765418,855670.000,6316,1,T1,1,100,33.559
1738264607.898423,855803.000,6333,1,T1,1,100,33.561
1738264608.032428,855937.000,6349,1,T1,1,100,33.491
1738264608.165434,856070.000,6366,1,T1,1,100,33.461
1738264608.298439,856203.000,6399,1,T1,1,100,33.412
1738264608.432444,856337.000,6415,1,T1,1,100,33.391
1738264608.565449,856470.000,6433,1,T1,1,100,33.453
1738264608.698455,856603.000,6465,1,T1,1,100,33.231
1738264608.832460,856737.000,6482,1,T1,1,100,33.455
1738264608.965466,856870.000,6499,1,T1,1,100,33.445
1738264609.098471,857003.000,6532,1,T1,1,100,33.476
1738264609.232476,857137.000,6548,1,T1,1,100,33.348
1738264609.365481,857270.000,6565,1,T1,1,100,33.363
1738264609.498487,857403.000,6600,1,T1,1,100,33.476
1738264609.632492,857537.000,6616,1,T1,1,100,33.454
1738264609.765497,857670.000,6633,1,T1,1,100,33.409
1738264609.898503,857803.000,6652,1,T1,1,100,33.425
1738264610.032508,857937.000,6684,1,T1,1,100,33.468
1738264610.165513,858070.000,6702,1,T1,1,100,33.592
1738264610.298519,858203.000,6718,1,T1,1,100,33.505
1738264610.432524,858337.000,6756,1,T1,1,100,33.537
1738264610.565529,858470.000,6773,1,T1,1,100,33.516
1738264610.698535,858603.000,6789,1,T1,1,100,33.365
1738264610.831540,858736.000,6822,1,T1,1,100,33.442
1738264610.965545,858870.000,6839,1,T1,1,100,33.333
1738264611.098551,859003.000,6855,1,T1,1,100,33.321
1738264611.231556,859136.000,6888,1,T1,1,100,33.494
1738264611.365561,859270.000,6905,1,T1,1,100,33.391
1738264611.498567,859403.000,6922,1,T1,1,100,33.417
1738264611.631572,859536.000,6954,1,T1,1,100,33.429
1738264611.765577,859670.000,6971,1,T1,1,100,33.469
1738264611.898582,859803.000,6988,1,T1,1,100,33.487
1738264612.031588,859936.000,7005,1,T1,1,100,33.317
1738264612.165593,860070.000,7040,1,T1,1,100,33.350
1738264612.298599,860203.000,7056,1,T1,1,100,33.364
1738264612.431604,860336.000,7073,1,T1,1,100,33.477
1738264612.565609,860470.000,7106,1,T1,1,100,33.419
1738264612.698615,860603.000,7122,1,T1,1,100,33.323
1738264612.831620,860736.000,7140,1,T1,1,100,33.388
1738264612.965625,860870.000,7172,1,T1,1,100,33.452
1738264613.098630,861003.000,7188,1,T1,1,100,33.408
1738264613.231636,861136.000,7206,1,T1,1,100,33.389
1738264613.365641,861270.000,7238,1,T1,1,100,33.417
1738264613.498646,861403.000,7255,1,T1,1,100,33.535
1738264613.631652,861536.000,7272,1,T1,1,100,33.444
1738264613.765657,861670.000,7288,1,T1,1,100,33.476
1738264613.898662,861803.000,7323,1,T1,1,100,33.419
1738264614.031668,861936.000,7340,1,T1,1,100,33.394
1738264614.164673,862069.000,7357,1,T1,1,100,33.419
1738264614.298678,862203.000,7389,1,T1,1,100,33.429
1738264614.431684,862336.000,7406,1,T1,1,100,33.399
1738264614.564689,862469.000,7423,1,T1,1,100,33.385
1738264614.698694,862603.000,7455,1,T1,1,100,33.415
1738264614.831700,862736.000,7473,1,T1,1,100,33.428
1738264614.964705,862869.000,7489,1,T1,1,100,33.398
1738264615.098710,863003.000,7524,1,T1,1,100,33.420
1738264615.231716,863136.000,7541,1,T1,1,100,33.395
1738264615.364721,863269.000,7557,1,T1,1,100,33.419
1738264615.498726,863403.000,7595,1,T1,1,100,33.429
1738264615.631732,863536.000,7612,1,T1,1,100,33.399
1738264615.764737,863669.000,7628,1,T1,1,100,33.456
1738264615.898742,863803.000,7646,1,T1,1,100,33.410
1738264616.031748,863936.000,7680,1,T1,1,100,33.426
1738264616.164753,864069.000,7697,1,T1,1,100,33.432
1738264616.298758,864203.000,7714,1,T1,1,100,33.364
1738264616.431763,864336.000,7747,1,T1,1,100,33.406
1738264616.564769,864469.000,7763,1,T1,1,100,33.388
1738264616.698774,864603.000,7780,1,T1,1,100,33.381
1738264616.831779,864736.000,7813,1,T1,1,100,33.342
1738264616.964785,864869.000,7829,1,T1,1,100,33.396
1738264617.098790,865003.000,7846,1,T1,1,100,33.526
1738264617.231796,865136.000,7881,1,T1,1,100,33.440
1738264617.364801,865269.000,7897,1,T1,1,100,33.474
1738264617.497806,865402.000,7915,1,T1,1,100,33.489
1738264617.631811,865536.000,7931,1,T1,1,100,33.389
1738264617.764817,865669.000,7963,1,T1,1,100,33.346
1738264617.897822,865802.000,7981,1,T1,1,100,33.469
1738264618.031827,865936.000,7997,1,T1,1,100,33.451
1738264618.164833,866069.000,8030,1,T1,1,100,33.443
1738264618.297838,866202.000,8047,1,T1,1,100,33.511
1738264618.431843,866336.000,8065,1,T1,1,100,33.469
1738264618.564849,866469.000,8098,1,T1,1,100,33.451
1738264618.697854,866602.000,8115,1,T1,1,100,33.408
1738264618.831859,866736.000,8132,1,T1,1,100,33.354
1738264618.964865,866869.000,8164,1,T1,1,100,33.330
1738264619.097870,867002.000,8183,1,T1,1,100,33.427
1738264619.231875,867136.000,8200,1,T1,1,100,33.433
1738264619.364881,867269.000,8232,1,T1,1,100,33.435
1738264619.497886,867402.000,8250,1,T1,1,100,33.366
1738264619.631891,867536.000,8266,1,T1,1,100,33.513
1738264619.764897,867669.000,8299,1,T1,1,100,33.541
1738264619.897902,867802.000,8316,1,T1,1,100,33.518
1738264620.031907,867936.000,8332,1,T1,1,100,33.472
1738264620.164912,868069.000,8349,1,T1,1,100,33.488
1738264620.297918,868202.000,8384,1,T1,1,100,33.495
1738264620.431923,868336.000,8400,1,T1,1,100,33.391
1738264620.564929,868469.000,8418,1,T1,1,100,33.418
1738264620.697934,868602.000,8455,1,T1,1,100,33.358
1738264620.830939,868735.000,8472,1,T1,1,100,33.439
1738264620.964944,868869.000,8489,1,T1,1,100,33.402
1738264621.097950,869002.000,8505,1,T1,1,100,33.387
1738264621.230955,869135.000,8538,1,T1,1,100,33.416
1738264621.364960,869269.000,8555,1,T1,1,100,33.463
1738264621.497966,869402.000,8572,1,T1,1,100,33.484
1738264621.630971,869535.000,8604,1,T1,1,100,33.493
1738264621.764977,869669.000,8621,1,T1,1,100,33.462
1738264621.897982,869802.000,8638,1,T1,1,100,33.448
1738264622.030987,869935.000,8670,1,T1,1,100,33.442
1738264622.164992,870069.000,8688,1,T1,1,100,33.510
1738264622.297998,870202.000,8706,1,T1,1,100,33.434
1738264622.431003,870335.000,8739,1,T1,1,100,33.471
1738264622.565008,870469.000,8756,1,T1,1,100,33.523
1738264622.698014,870602.000,8772,1,T1,1,100,33.545
1738264622.831019,870735.000,8805,1,T1,1,100,33.520
1738264622.965024,870869.000,8822,1,T1,1,100,33.473
1738264623.098030,871002.000,8840,1,T1,1,100,33.453
1738264623.231035,871135.000,8858,1,T1,1,100,33.444
1738264623.365040,871269.000,8890,1,T1,1,100,33.440
1738264623.498046,871402.000,8907,1,T1,1,100,33.439
1738264623.631051,871535.000,8924,1,T1,1,100,33.367
1738264623.765056,871669.000,8957,1,T1,1,100,33.407
1738264623.898062,871802.000,8973,1,T1,1,100,33.495
1738264624.031067,871935.000,8990,1,T1,1,100,33.569
1738264624.165072,872069.000,9025,1,T1,1,100,33.423
1738264624.298078,872202.000,9041,1,T1,1,100,33.431
1738264624.431083,872335.000,9058,1,T1,1,100,33.470
1738264624.565088,872469.000,9091,1,T1,1,100,33.558
1738264624.698093,872602.000,9107,1,T1,1,100,33.525
1738264624.831099,872735.000,9125,1,T1,1,100,33.475
1738264624.964104,872868.000,9159,1,T1,1,100,33.418
1738264625.098109,873002.000,9175,1,T1,1,100,33.429
1738264625.231115,873135.000,9193,1,T1,1,100,33.434
1738264625.364120,873268.000,9225,1,T1,1,100,33.471
1738264625.498126,873402.000,9242,1,T1,1,100,33.452
1738264625.631131,873535.000,9259,1,T1,1,100,33.586
1738264625.764136,873668.000,9275,1,T1,1,100,33.573
1738264625.898141,873802.000,9313,1,T1,1,100,33.460
1738264626.031147,873935.000,9330,1,T1,1,100,33.447
1738264626.164152,874068.000,9347,1,T1,1,100,33.442
1738264626.298157,874202.000,9379,1,T1,1,100,33.475
1738264626.431163,874335.000,9396,1,T1,1,100,33.525
1738264626.564168,874468.000,9413,1,T1,1,100,33.546
1738264626.698173,874602.000,9445,1,T1,1,100,33.555
1738264626.831179,874735.000,9463,1,T1,1,100,33.595
1738264626.964184,874868.000,9479,1,T1,1,100,33.577
1738264627.097189,875001.000,9512,1,T1,1,100,33.462
1738264627.231195,875135.000,9531,1,T1,1,100,33.377
1738264627.364200,875268.000,9547,1,T1,1,100,33.270
1738264627.497205,875401.000,9580,1,T1,1,100,33.365
1738264627.631211,875535.000,9599,1,T1,1,100,33.335
1738264627.764216,875668.000,9615,1,T1,1,100,33.358
1738264627.897221,875801.000,9633,1,T1,1,100,33.403
1738264628.031227,875935.000,9665,1,T1,1,100,33.423
1738264628.164232,876068.000,9682,1,T1,1,100,33.431
1738264628.297237,876201.000,9699,1,T1,1,100,33.470
1738264628.431242,876335.000,9732,1,T1,1,100,33.452
1738264628.564248,876468.000,9748,1,T1,1,100,33.515
1738264628.697253,876601.000,9765,1,T1,1,100,33.577
1738264628.831259,876735.000,9798,1,T1,1,100,33.498
1738264628.964264,876868.000,9814,1,T1,1,100,33.393
1738264629.097269,877001.000,9831,1,T1,1,100,33.418
1738264629.231274,877135.000,9864,1,T1,1,100,33.358
1738264629.364280,877268.000,9880,1,T1,1,100,33.510
1738264629.497285,877401.000,9898,1,T1,1,100,33.469
1738264629.631290,877535.000,9914,1,T1,1,100,33.486
1738264629.764296,877668.000,9948,1,T1,1,100,33.459
1738264629.897301,877801.000,9966,1,T1,1,100,33.553
1738264630.031307,877935.000,9982,1,T1,1,100,33.523
1738264630.164312,878068.000,10015,1,T1,1,100,33.439
1738264630.297317,878201.000,10032,1,T1,1,100,33.509
1738264630.431322,878335.000,10048,1,T1,1,100,33.539
1738264630.564328,878468.000,10081,1,T1,1,100,33.588
1738264630.697333,878601.000,10098,1,T1,1,100,33.467
1738264630.830338,878734.000,10115,1,T1,1,100,33.379
1738264630.964344,878868.000,10139,1,T1,1,100,33.448
1738264631.097349,879001.000,10172,1,T1,1,100,33.584
1738264631.231354,879135.000,10188,1,T1,1,100,33.501
1738264631.364360,879268.000,10205,1,T1,1,100,33.536
1738264631.497365,879401.000,10238,1,T1,1,100,33.480
1738264631.630370,879534.000,10254,1,T1,1,100,33.456
1738264631.764376,879668.000,10271,1,T1,1,100,33.445
1738264631.897381,879801.000,10304,1,T1,1,100,33.441
1738264632.030386,879934.000,10324,1,T1,1,100,33.439
1738264632.164392,880068.000,10342,1,T1,1,100,33.403
1738264632.297397,880201.000,10360,1,T1,1,100,33.458
1738264632.430402,880334.000,10392,1,T1,1,100,33.446
1738264632.564408,880468.000,10410,1,T1,1,100,33.370
1738264632.697413,880601.000,10426,1,T1,1,100,33.373
1738264632.830418,880734.000,10459,1,T1,1,100,33.410
1738264632.964423,880868.000,10476,1,T1,1,100,33.567
1738264633.097429,881001.000,10492,1,T1,1,100,33.494
1738264633.230434,881134.000,10525,1,T1,1,100,33.462
1738264633.364439,881268.000,10542,1,T1,1,100,33.342
1738264633.497445,881401.000,10559,1,T1,1,100,33.502
1738264633.630450,881534.000,10591,1,T1,1,100,33.536
1738264633.764455,881668.000,10608,1,T1,1,100,33.516
1738264633.897461,881801.000,10625,1,T1,1,100,33.436
1738264634.030466,881934.000,10657,1,T1,1,100,33.472
1738264634.163471,882067.000,10675,1,T1,1,100,33.559
1738264634.297477,882201.000,10691,1,T1,1,100,33.490
1738264634.430482,882334.000,10708,1,T1,1,100,33.425
1738264634.563487,882467.000,10741,1,T1,1,100,33.503
1738264634.697493,882601.000,10757,1,T1,1,100,33.466
1738264634.830498,882734.000,10774,1,T1,1,100,33.485
1738264634.963503,882867.000,10809,1,T1,1,100,33.494
1738264635.097509,883001.000,10825,1,T1,1,100,33.462
1738264635.230514,883134.000,10843,1,T1,1,100,33.448
1738264635.363519,883267.000,10875,1,T1,1,100,33.442
1738264635.497524,883401.000,10892,1,T1,1,100,33.333
1738264635.630530,883534.000,10909,1,T1,1,100,33.463
1738264635.763535,883667.000,10942,1,T1,1,100,33.342
1738264635.897541,883801.000,10958,1,T1,1,100,33.396
1738264636.030546,883934.000,10980,1,T1,1,100,33.455
1738264636.163551,884067.000,10998,1,T1,1,100,33.481
1738264636.297557,884201.000,11014,1,T1,1,100,33.527
1738264636.430562,884334.000,11046,1,T1,1,100,33.476
1738264636.563567,884467.000,11064,1,T1,1,100,33.490
1738264636.697572,884601.000,11080,1,T1,1,100,33.637
1738264636.830578,884734.000,11113,1,T1,1,100,33.559
1738264636.963583,884867.000,11130,1,T1,1,100,33.490
1738264637.097589,885001.000,11146,1,T1,1,100,33.460
1738264637.230594,885134.000,11181,1,T1,1,100,33.554
1738264637.363599,885267.000,11198,1,T1,1,100,33.488
1738264637.496604,885400.000,11217,1,T1,1,100,33.495
1738264637.630610,885534.000,11249,1,T1,1,100,33.498
1738264637.763615,885667.000,11266,1,T1,1,100,33.464
1738264637.896620,885800.000,11283,1,T1,1,100,33.484
1738264638.030626,885934.000,11315,1,T1,1,100,33.422
1738264638.163631,886067.000,11333,1,T1,1,100,33.395
1738264638.296636,886200.000,11349,1,T1,1,100,33.384
1738264638.430642,886334.000,11382,1,T1,1,100,33.379
1738264638.563647,886467.000,11399,1,T1,1,100,33.412
1738264638.696652,886600.000,11415,1,T1,1,100,33.356
1738264638.830658,886734.000,11432,1,T1,1,100,33.367
1738264638.963663,886867.000,11465,1,T1,1,100,33.478
1738264639.096668,887000.000,11481,1,T1,1,100,33.526
1738264639.230674,887134.000,11499,1,T1,1,100,33.618
1738264639.363679,887267.000,11531,1,T1,1,100,33.480
1738264639.496684,887400.000,11548,1,T1,1,100,33.456
1738264639.630690,887534.000,11565,1,T1,1,100,33.410
1738264639.763695,887667.000,11598,1,T1,1,100,33.461
1738264639.896700,887800.000,11614,1,T1,1,100,33.377
1738264640.030705,887934.000,11631,1,T1,1,100,33.447
1738264640.163711,888067.000,11664,1,T1,1,100,33.548
1738264640.296716,888200.000,11680,1,T1,1,100,33.556
1738264640.430722,888334.000,11697,1,T1,1,100,33.489
1738264640.563727,888467.000,11730,1,T1,1,100,33.495
1738264640.696732,888600.000,11746,1,T1,1,100,33.533
1738264640.829737,888733.000,11764,1,T1,1,100,33.514
1738264640.963743,888867.000,11780,1,T1,1,100,33.506
1738264641.096748,889000.000,11817,2,T1,1,100,33.538
1738264641.229753,889133.000,11817,2,T1,1,100,33.481
1738264641.363759,889267.000,11849,1,T1,1,100,33.456
1738264641.496764,889400.000,11866,1,T1,1,100,33.552
1738264641.629769,889533.000,11883,1,T1,1,100,33.593
1738264641.763775,889667.000,11916,1,T1,1,100,33.505
1738264641.896780,889800.000,11932,1,T1,1,100,33.431
1738264642.029785,889933.000,11949,1,T1,1,100,33.435
1738264642.163791,890067.000,11984,1,T1,1,100,33.472
1738264642.296796,890200.000,12000,1,T1,1,100,33.381
1738264642.429801,890333.000,12017,1,T1,1,100,33.342
1738264642.563807,890467.000,12050,1,T1,1,100,33.432
1738264642.696812,890600.000,12066,1,T1,1,100,33.541
1738264642.829817,890733.000,12084,1,T1,1,100,33.482
1738264642.963823,890867.000,12116,1,T1,1,100,33.492
1738264643.096828,891000.000,12132,1,T1,1,100,33.532
1738264643.229833,891133.000,12150,1,T1,1,100,33.478
1738264643.363839,891267.000,12166,1,T1,1,100,33.420
1738264643.496844,891400.000,12199,1,T1,1,100,33.430
1738264643.629849,891533.000,12216,1,T1,1,100,33.541
1738264643.763855,891667.000,12232,1,T1,1,100,33.553
1738264643.896860,891800.000,12265,1,T1,1,100,33.487
1738264644.029865,891933.000,12282,1,T1,1,100,33.459
1738264644.163871,892067.000,12299,1,T1,1,100,33.447
1738264644.296876,892200.000,12331,1,T1,1,100,33.442
1738264644.429881,892333.000,12348,1,T1,1,100,33.404
1738264644.562886,892466.000,12365,1,T1,1,100,33.494
1738264644.696892,892600.000,12397,1,T1,1,100,33.533
1738264644.829897,892733.000,12417,1,T1,1,100,33.585
1738264644.962903,892866.000,12433,1,T1,1,100,33.537
1738264645.096908,893000.000,12466,1,T1,1,100,33.516
1738264645.229913,893133.000,12483,1,T1,1,100,33.507
1738264645.362918,893266.000,12499,1,T1,1,100,33.468
1738264645.496924,893400.000,12517,1,T1,1,100,33.450
1738264645.629929,893533.000,12549,1,T1,1,100,33.443
1738264645.762934,893666.000,12565,1,T1,1,100,33.440
1738264645.896940,893800.000,12583,1,T1,1,100,33.545
1738264646.029945,893933.000,12615,1,T1,1,100,33.449
1738264646.162950,894066.000,12632,1,T1,1,100,33.478
1738264646.296956,894200.000,12658,1,T1,1,100,33.526
1738264646.429961,894333.000,12691,1,T1,1,100,33.476
1738264646.562966,894466.000,12707,1,T1,1,100,33.454
1738264646.696972,894600.000,12724,1,T1,1,100,33.551
1738264646.829977,894733.000,12757,1,T1,1,100,33.593
1738264646.962982,894866.000,12775,1,T1,1,100,33.505
1738264647.096988,895000.000,12792,1,T1,1,100,33.502
1738264647.229993,895133.000,12809,1,T1,1,100,33.465
1738264647.362998,895266.000,12843,1,T1,1,100,33.379
1738264647.496004,895399.000,12861,1,T1,1,100,33.448
1738264647.630009,895533.000,12877,1,T1,1,100,33.442
1738264647.763014,895666.000,12912,1,T1,1,100,33.439
1738264647.896019,895799.000,12929,1,T1,1,100,33.474
1738264648.030025,895933.000,12945,1,T1,1,100,33.524
1738264648.163030,896066.000,12978,1,T1,1,100,33.440
1738264648.296036,896199.000,12995,1,T1,1,100,33.367
1738264648.430041,896333.000,13013,1,T1,1,100,33.372
1738264648.563046,896466.000,13048,1,T1,1,100,33.480
1738264648.696052,896599.000,13065,1,T1,1,100,33.527
1738264648.830057,896733.000,13082,1,T1,1,100,33.405
1738264648.963062,896866.000,13114,1,T1,1,100,33.388
1738264649.096067,896999.000,13131,1,T1,1,100,33.452
1738264649.230073,897133.000,13148,1,T1,1,100,33.515
1738264649.363078,897266.000,13165,1,T1,1,100,33.471
1738264649.496083,897399.000,13200,1,T1,1,100,33.523
1738264649.630089,897533.000,13216,1,T1,1,100,33.439
1738264649.763094,897666.000,13233,1,T1,1,100,33.545
1738264649.896099,897799.000,13266,1,T1,1,100,33.484
1738264650.030105,897933.000,13282,1,T1,1,100,33.493
1738264650.163110,898066.000,13300,1,T1,1,100,33.497
1738264650.296115,898199.000,13332,1,T1,1,100,33.534
1738264650.430121,898333.000,13348,1,T1,1,100,33.515
1738264650.563126,898466.000,13366,1,T1,1,100,33.542
1738264650.696131,898599.000,13400,1,T1,1,100,33.554
1738264650.829137,898732.000,13417,1,T1,1,100,33.559
1738264650.963142,898866.000,13434,1,T1,1,100,33.561
1738264651.096147,898999.000,13467,1,T1,1,100,33.562
1738264651.229153,899132.000,13483,1,T1,1,100,33.562
1738264651.363158,899266.000,13503,1,T1,1,100,33.562
1738264651.496163,899399.000,13521,1,T1,1,100,33.456
1738264651.629169,899532.000,13537,1,T1,1,100,33.552
1738264651.763174,899666.000,13554,1,T1,1,100,33.522
1738264651.896179,899799.000,13587,1,T1,1,100,33.510
1738264652.029185,899932.000,13603,1,T1,1,100,33.504
1738264652.163190,900066.000,13621,1,T1,1,100,33.502
1738264652.296195,900199.000,13655,1,T1,1,100,33.572
1738264652.429200,900332.000,13671,1,T1,1,100,33.531
1738264652.563206,900466.000,13689,1,T1,1,100,33.478
1738264652.696211,900599.000,13721,1,T1,1,100,33.561
1738264652.829216,900732.000,13738,1,T1,1,100,33.597
1738264652.963222,900866.000,13755,1,T1,1,100,33.542
1738264653.096227,900999.000,13788,1,T1,1,100,33.554
1738264653.229233,901132.000,13804,1,T1,1,100,33.559
1738264653.363238,901266.000,13821,1,T1,1,100,33.596
1738264653.496243,901399.000,13838,1,T1,1,100,33.613
1738264653.629248,901532.000,13870,1,T1,1,100,33.655
1738264653.763254,901666.000,13887,1,T1,1,100,33.567
1738264653.896259,901799.000,13904,1,T1,1,100,33.458
1738264654.029264,901932.000,13936,1,T1,1,100,33.624
1738264654.163270,902066.000,13954,1,T1,1,100,33.518
1738264654.296275,902199.000,13970,1,T1,1,100,33.614
1738264654.429280,902332.000,14003,1,T1,1,100,33.514
1738264654.563286,902466.000,14020,1,T1,1,100,33.471
1738264654.696291,902599.000,14036,1,T1,1,100,33.594
1738264654.829296,902732.000,14069,1,T1,1,100,33.576
1738264654.962302,902865.000,14086,1,T1,1,100,33.533
1738264655.096307,902999.000,14102,1,T1,1,100,33.372
1738264655.229312,903132.000,14120,1,T1,1,100,33.374
1738264655.362318,903265.000,14152,1,T1,1,100,33.481
1738264655.496323,903399.000,14169,1,T1,1,100,33.385
1738264655.629328,903532.000,14186,1,T1,1,100,33.344
1738264655.762334,903665.000,14219,1,T1,1,100,33.397
1738264655.896339,903799.000,14235,1,T1,1,100,33.455
1738264656.029344,903932.000,14252,1,T1,1,100,33.481
1738264656.162349,904065.000,14287,1,T1,1,100,33.527
1738264656.296355,904199.000,14303,1,T1,1,100,33.441
1738264656.429360,904332.000,14320,1,T1,1,100,33.474
1738264656.562366,904465.000,14342,1,T1,1,100,33.453
1738264656.696371,904599.000,14359,1,T1,1,100,33.480
1738264656.829376,904732.000,14392,1,T1,1,100,33.420
1738264656.962381,904865.000,14408,1,T1,1,100,33.536
1738264657.096387,904999.000,14425,1,T1,1,100,33.551
1738264657.229392,905132.000,14460,1,T1,1,100,33.522
1738264657.362397,905265.000,14478,1,T1,1,100,33.474
1738264657.495403,905398.000,14496,1,T1,1,100,33.524
1738264657.629408,905532.000,14528,1,T1,1,100,33.546
1738264657.762414,905665.000,14544,1,T1,1,100,33.484
1738264657.895419,905798.000,14562,1,T1,1,100,33.493
1738264658.029424,905932.000,14594,1,T1,1,100,33.426
1738264658.162429,906065.000,14611,1,T1,1,100,33.433
1738264658.295435,906198.000,14628,1,T1,1,100,33.506
1738264658.429440,906332.000,14663,1,T1,1,100,33.538
1738264658.562445,906465.000,14679,1,T1,1,100,33.587
1738264658.695451,906598.000,14696,1,T1,1,100,33.396
1738264658.829456,906732.000,14712,1,T1,1,100,33.455
1738264658.962461,906865.000,14745,1,T1,1,100,33.445
1738264659.095467,906998.000,14762,1,T1,1,100,33.441
1738264659.229472,907132.000,14781,1,T1,1,100,33.439
1738264659.362477,907265.000,14813,1,T1,1,100,33.509
1738264659.495483,907398.000,14831,1,T1,1,100,33.539
1738264659.629488,907532.000,14847,1,T1,1,100,33.482
1738264659.762493,907665.000,14880,1,T1,1,100,33.492
1738264659.895499,907798.000,14897,1,T1,1,100,33.532
1738264660.029504,907932.000,14913,1,T1,1,100,33.549
1738264660.162509,908065.000,14946,1,T1,1,100,33.628
1738264660.295515,908198.000,14963,1,T1,1,100,33.520
1738264660.429520,908332.000,14979,1,T1,1,100,33.473
1738264660.562525,908465.000,15012,1,T1,1,100,33.559
1738264660.695530,908598.000,15029,1,T1,1,100,33.597
1738264660.828536,908731.000,15046,1,T1,1,100,33.435
1738264660.962541,908865.000,15078,1,T1,1,100,33.508
1738264661.095546,908998.000,15095,1,T1,1,100,33.539
1738264661.228552,909131.000,15112,1,T1,1,100,33.517
1738264661.362557,909265.000,15129,1,T1,1,100,33.507
1738264661.495562,909398.000,15162,1,T1,1,100,33.539
1738264661.628568,909531.000,15185,1,T1,1,100,33.410
1738264661.762573,909665.000,15204,1,T1,1,100,33.426
1738264661.895578,909798.000,15237,1,T1,1,100,33.432
1738264662.028584,909931.000,15253,1,T1,1,100,33.506
1738264662.162589,910065.000,15271,1,T1,1,100,33.574
1738264662.295594,910198.000,15305,1,T1,1,100,33.496
1738264662.428600,910331.000,15321,1,T1,1,100,33.534
1738264662.562605,910465.000,15339,1,T1,1,100,33.586
1738264662.695610,910598.000,15371,1,T1,1,100,33.537
1738264662.828616,910731.000,15388,1,T1,1,100,33.481
1738264662.962621,910865.000,15405,1,T1,1,100,33.492
1738264663.095626,910998.000,15438,1,T1,1,100,33.532
1738264663.228631,911131.000,15454,1,T1,1,100,33.585
1738264663.362637,911265.000,15471,1,T1,1,100,33.572
1738264663.495642,911398.000,15487,1,T1,1,100,33.496
1738264663.628648,911531.000,15520,1,T1,1,100,33.498
1738264663.762653,911665.000,15537,1,T1,1,100,33.535
1738264663.895658,911798.000,15554,1,T1,1,100,33.550
1738264664.028664,911931.000,15586,1,T1,1,100,33.451
1738264664.161669,912064.000,15604,1,T1,1,100,33.443
1738264664.295674,912198.000,15620,1,T1,1,100,33.475
1738264664.428679,912331.000,15653,1,T1,1,100,33.560
1738264664.561685,912464.000,15670,1,T1,1,100,33.526
1738264664.695690,912598.000,15686,1,T1,1,100,33.511
1738264664.828696,912731.000,15719,1,T1,1,100,33.540
1738264664.961701,912864.000,15736,1,T1,1,100,33.482
1738264665.095706,912998.000,15752,1,T1,1,100,33.528
1738264665.228711,913131.000,15785,1,T1,1,100,33.477
1738264665.361717,913264.000,15802,1,T1,1,100,33.490
1738264665.495722,913398.000,15819,1,T1,1,100,33.567
1738264665.628727,913531.000,15836,1,T1,1,100,33.564
1738264665.761733,913664.000,15868,1,T1,1,100,33.528
1738264665.895738,913798.000,15885,1,T1,1,100,33.477
1738264666.028744,913931.000,15902,1,T1,1,100,33.525
1738264666.161749,914064.000,15935,1,T1,1,100,33.511
1738264666.295754,914198.000,15951,1,T1,1,100,33.505
1738264666.428759,914331.000,15968,1,T1,1,100,33.644
1738264666.561765,914464.000,16001,1,T1,1,100,33.598
1738264666.695770,914598.000,16022,1,T1,1,100,33.613
1738264666.828775,914731.000,16040,1,T1,1,100,33.514
1738264666.961781,914864.000,16072,1,T1,1,100,33.506
1738264667.095786,914998.000,16088,1,T1,1,100,33.503
1738264667.228791,915131.000,16108,1,T1,1,100,33.572
1738264667.361797,915264.000,16140,1,T1,1,100,33.638
1738264667.495802,915398.000,16157,1,T1,1,100,33.595
1738264667.628807,915531.000,16174,1,T1,1,100,33.577
1738264667.761813,915664.000,16190,1,T1,1,100,33.533
1738264667.894818,915797.000,16223,1,T1,1,100,33.585
1738264668.028823,915931.000,16240,1,T1,1,100,33.572
1738264668.161829,916064.000,16257,1,T1,1,100,33.460
1738264668.294834,916197.000,16291,1,T1,1,100,33.412
1738264668.428839,916331.000,16308,1,T1,1,100,33.533
1738264668.561845,916464.000,16325,1,T1,1,100,33.585
1738264668.694850,916597.000,16357,1,T1,1,100,33.501
1738264668.828855,916731.000,16375,1,T1,1,100,33.465
1738264668.961860,916864.000,16391,1,T1,1,100,33.556
1738264669.094866,916997.000,16424,1,T1,1,100,33.524
1738264669.228871,917131.000,16441,1,T1,1,100,33.510
1738264669.361876,917264.000,16457,1,T1,1,100,33.611
1738264669.494882,917397.000,16490,1,T1,1,100,33.619
1738264669.628887,917531.000,16507,1,T1,1,100,33.622
1738264669.761892,917664.000,16523,1,T1,1,100,33.659
1738264669.894898,917797.000,16541,1,T1,1,100,33.569
1738264670.028903,917931.000,16573,1,T1,1,100,33.565
1738264670.161908,918064.000,16590,1,T1,1,100,33.386
1738264670.294914,918197.000,16609,1,T1,1,100,33.522
1738264670.428919,918331.000,16642,1,T1,1,100,33.580
1738264670.561924,918464.000,16658,1,T1,1,100,33.606
1738264670.694930,918597.000,16675,1,T1,1,100,33.546
1738264670.827935,918730.000,16708,1,T1,1,100,33.626
1738264670.961940,918864.000,16724,1,T1,1,100,33.590
1738264671.094946,918997.000,16741,1,T1,1,100,33.468
1738264671.227951,919130.000,16774,1,T1,1,100,33.415
1738264671.361956,919264.000,16792,1,T1,1,100,33.463
1738264671.494962,919397.000,16810,1,T1,1,100,33.520
1738264671.627967,919530.000,16842,1,T1,1,100,33.544
1738264671.761472,919663.500,16863,2,T1,1,100,33.519
1738264671.894978,919797.000,16863,2,T1,1,100,33.437
1738264672.027983,919930.000,16879,1,T1,1,100,33.437
1738264672.161988,920064.000,16914,1,T1,1,100,33.473
1738264672.294994,920197.000,16931,1,T1,1,100,33.453
1738264672.427999,920330.000,16947,1,T1,1,100,33.515
1738264672.562004,920464.000,16980,1,T1,1,100,33.577
1738264672.695009,920597.000,16999,1,T1,1,100,33.604
1738264672.828015,920730.000,17016,1,T1,1,100,33.545
1738264672.962020,920864.000,17048,1,T1,1,100,33.520
1738264673.095026,920997.000,17065,1,T1,1,100,33.473
1738264673.228031,921130.000,17082,1,T1,1,100,33.524
1738264673.362036,921264.000,17114,1,T1,1,100,33.546
1738264673.495041,921397.000,17132,1,T1,1,100,33.520
1738264673.628047,921530.000,17148,1,T1,1,100,33.473
1738264673.762052,921664.000,17165,1,T1,1,100,33.453
1738264673.895057,921797.000,17198,1,T1,1,100,33.444
1738264674.028063,921930.000,17214,1,T1,1,100,33.511
1738264674.161068,922063.000,17232,1,T1,1,100,33.434
1738264674.295073,922197.000,17264,1,T1,1,100,33.471
1738264674.428079,922330.000,17280,1,T1,1,100,33.452
1738264674.561084,922463.000,17298,1,T1,1,100,33.515
1738264674.695089,922597.000,17330,1,T1,1,100,33.471
1738264674.828095,922730.000,17347,1,T1,1,100,33.417
1738264674.961100,922863.000,17364,1,T1,1,100,33.464
1738264675.095105,922997.000,17397,1,T1,1,100,33.626
1738264675.228111,923130.000,17413,1,T1,1,100,33.555
1738264675.361116,923263.000,17430,1,T1,1,100,33.559
1738264675.495121,923397.000,17463,1,T1,1,100,33.596
1738264675.628127,923530.000,17479,1,T1,1,100,33.577
1738264675.761132,923663.000,17496,1,T1,1,100,33.498
1738264675.895137,923797.000,17513,1,T1,1,100,33.464
1738264676.028142,923930.000,17545,1,T1,1,100,33.449
1738264676.161148,924063.000,17563,1,T1,1,100,33.442
1738264676.295153,924197.000,17579,1,T1,1,100,33.511
1738264676.428159,924330.000,17612,1,T1,1,100,33.611
1738264676.561164,924463.000,17629,1,T1,1,100,33.548
1738264676.695169,924597.000,17645,1,T1,1,100,33.485
1738264676.828175,924730.000,17678,1,T1,1,100,33.494
1738264676.961180,924863.000,17702,1,T1,1,100,33.533
1738264677.095185,924997.000,17718,1,T1,1,100,33.514
1738264677.228190,925130.000,17753,1,T1,1,100,33.542
1738264677.361196,925263.000,17770,1,T1,1,100,33.553
1738264677.495201,925397.000,17787,1,T1,1,100,33.559
1738264677.628206,925530.000,17819,1,T1,1,100,33.596
1738264677.761212,925663.000,17836,1,T1,1,100,33.577
1738264677.894217,925796.000,17853,1,T1,1,100,33.498
1738264678.028222,925930.000,17870,1,T1,1,100,33.535
1738264678.161228,926063.000,17903,1,T1,1,100,33.515
1738264678.294233,926196.000,17919,1,T1,1,100,33.613
1738264678.428238,926330.000,17936,1,T1,1,100,33.620
1738264678.561244,926463.000,17969,1,T1,1,100,33.587
1738264678.694249,926596.000,17985,1,T1,1,100,33.538
1738264678.828254,926730.000,18003,1,T1,1,100,33.516
1738264678.961260,926863.000,18037,1,T1,1,100,33.507
1738264679.094265,926996.000,18053,1,T1,1,100,33.468
1738264679.228270,927130.000,18071,1,T1,1,100,33.521
1738264679.361276,927263.000,18103,1,T1,1,100,33.580
1738264679.494281,927396.000,18120,1,T1,1,100,33.535
1738264679.628286,927530.000,18137,1,T1,1,100,33.515
1738264679.761292,927663.000,18170,1,T1,1,100,33.471
1738264679.894297,927796.000,18186,1,T1,1,100,33.487
1738264680.028302,927930.000,18203,1,T1,1,100,33.495
1738264680.161308,928063.000,18219,1,T1,1,100,33.462
1738264680.294313,928196.000,18252,1,T1,1,100,33.413
1738264680.428318,928330.000,18269,1,T1,1,100,33.498
1738264680.561323,928463.000,18286,1,T1,1,100,33.570
1738264680.694329,928596.000,18318,1,T1,1,100,33.495
1738264680.827334,928729.000,18336,1,T1,1,100,33.462
1738264680.961339,928863.000,18352,1,T1,1,100,33.519
1738264681.094345,928996.000,18385,1,T1,1,100,33.544
1738264681.228350,929130.000,18402,1,T1,1,100,33.483
1738264681.361356,929263.000,18418,1,T1,1,100,33.635
1738264681.494361,929396.000,18451,1,T1,1,100,33.594
1738264681.628366,929530.000,18468,1,T1,1,100,33.611
1738264681.761371,929663.000,18484,1,T1,1,100,33.690
1738264681.894377,929796.000,18517,1,T1,1,100,33.653
1738264682.027382,929929.000,18539,1,T1,1,100,33.637
1738264682.161387,930063.000,18556,1,T1,1,100,33.488
1738264682.294393,930196.000,18575,1,T1,1,100,33.530
1738264682.427398,930329.000,18607,1,T1,1,100,33.620
1738264682.561403,930463.000,18624,1,T1,1,100,33.481
1738264682.694409,930596.000,18641,1,T1,1,100,33.527
1738264682.827414,930729.000,18674,1,T1,1,100,33.654
1738264682.961419,930863.000,18690,1,T1,1,100,33.602
1738264683.094425,930996.000,18707,1,T1,1,100,33.650
1738264683.227430,931129.000,18740,1,T1,1,100,33.530
1738264683.361435,931263.000,18756,1,T1,1,100,33.548
1738264683.494441,931396.000,18774,1,T1,1,100,33.627
1738264683.627446,931529.000,18806,1,T1,1,100,33.626
1738264683.761451,931663.000,18822,1,T1,1,100,33.590
1738264683.894457,931796.000,18840,1,T1,1,100,33.610
1738264684.027462,931929.000,18872,1,T1,1,100,33.583
1738264684.160467,932062.000,18889,1,T1,1,100,33.607
1738264684.294472,932196.000,18906,1,T1,1,100,33.511
1738264684.427478,932329.000,18922,1,T1,1,100,33.505
1738264684.561483,932463.000,18955,1,T1,1,100,33.502
1738264684.694489,932596.000,18972,1,T1,1,100,33.572
1738264684.827494,932729.000,18989,1,T1,1,100,33.567
1738264684.960499,932862.000,19021,1,T1,1,100,33.600
1738264685.094505,932996.000,19038,1,T1,1,100,33.579
1738264685.227510,933129.000,19055,1,T1,1,100,33.569
1738264685.360515,933262.000,19087,1,T1,1,100,33.566
1738264685.494520,933396.000,19105,1,T1,1,100,33.599
1738264685.627526,933529.000,19121,1,T1,1,100,33.578
1738264685.760531,933662.000,19154,1,T1,1,100,33.498
1738264685.894536,933796.000,19171,1,T1,1,100,33.570
1738264686.027542,933929.000,19187,1,T1,1,100,33.601
1738264686.160547,934062.000,19204,1,T1,1,100,33.721
1738264686.294552,934196.000,19237,1,T1,1,100,33.702
1738264686.427558,934329.000,19253,1,T1,1,100,33.658
1738264686.560563,934462.000,19271,1,T1,1,100,33.746
1738264686.694568,934596.000,19303,1,T1,1,100,33.571
1738264686.827574,934729.000,19320,1,T1,1,100,33.495
1738264686.960579,934862.000,19337,1,T1,1,100,33.498
1738264687.093584,934995.000,19375,1,T1,1,100,33.641
1738264687.227590,935129.000,19394,1,T1,1,100,33.526
1738264687.360595,935262.000,19410,1,T1,1,100,33.617
1738264687.494600,935396.000,19428,1,T1,1,100,33.586
1738264687.627606,935529.000,19444,1,T1,1,100,33.715
1738264687.760611,935662.000,19477,1,T1,1,100,33.593
1738264687.893616,935795.000,19494,1,T1,1,100,33.611
1738264688.027622,935929.000,19510,1,T1,1,100,33.548
1738264688.160627,936062.000,19543,1,T1,1,100,33.592
1738264688.293632,936195.000,19560,1,T1,1,100,33.575
1738264688.427638,936329.000,19576,1,T1,1,100,33.497
1738264688.560643,936462.000,19609,1,T1,1,100,33.534
1738264688.694648,936596.000,19626,1,T1,1,100,33.515
1738264688.827653,936729.000,19643,1,T1,1,100,33.613
1738264688.960659,936862.000,19675,1,T1,1,100,33.620
1738264689.093664,936995.000,19692,1,T1,1,100,33.623
1738264689.227669,937129.000,19709,1,T1,1,100,33.553
1738264689.360675,937262.000,19726,1,T1,1,100,33.488
1738264689.493680,937395.000,19759,1,T1,1,100,33.566
1738264689.627686,937529.000,19777,1,T1,1,100,33.564
1738264689.760691,937662.000,19794,1,T1,1,100,33.563
1738264689.893696,937795.000,19827,1,T1,1,100,33.527
1738264690.027701,937929.000,19843,1,T1,1,100,33.547
1738264690.160707,938062.000,19861,1,T1,1,100,33.485
1738264690.293712,938195.000,19893,1,T1,1,100,33.529
1738264690.427717,938329.000,19909,1,T1,1,100,33.548
1738264690.560723,938462.000,19927,1,T1,1,100,33.592
1738264690.693728,938595.000,19959,1,T1,1,100,33.646
1738264690.826733,938728.000,19976,1,T1,1,100,33.634
1738264690.960739,938862.000,19993,1,T1,1,100,33.593
1738264691.093744,938995.000,20026,1,T1,1,100,33.611
1738264691.226749,939128.000,20042,1,T1,1,100,33.513
1738264691.360755,939262.000,20059,1,T1,1,100,33.541
1738264691.493760,939395.000,20092,1,T1,1,100,33.553
1738264691.626765,939528.000,20108,1,T1,1,100,33.523
1738264691.760771,939662.000,20125,1,T1,1,100,33.510
1738264691.893776,939795.000,20142,1,T1,1,100,33.611
1738264692.026781,939928.000,20174,1,T1,1,100,33.690
1738264692.160787,940062.000,20192,1,T1,1,100,33.618
1738264692.293792,940195.000,20215,1,T1,1,100,33.515
1738264692.426797,940328.000,20248,1,T1,1,100,33.471
1738264692.560802,940462.000,20265,1,T1,1,100,33.523
1738264692.693808,940595.000,20281,1,T1,1,100,33.545
1738264692.826813,940728.000,20314,1,T1,1,100,33.484
1738264692.960819,940862.000,20331,1,T1,1,100,33.529
1738264693.093824,940995.000,20347,1,T1,1,100,33.583
1738264693.226829,941128.000,20380,1,T1,1,100,33.501
1738264693.360834,941262.000,20397,1,T1,1,100,33.500
1738264693.493840,941395.000,20414,1,T1,1,100,33.500
1738264693.626845,941528.000,20431,1,T1,1,100,33.571
1738264693.760850,941662.000,20464,1,T1,1,100,33.637
1738264693.893856,941795.000,20480,1,T1,1,100,33.488
1738264694.026861,941928.000,20497,1,T1,1,100,33.637
1738264694.160866,942062.000,20530,1,T1,1,100,33.559
1738264694.293872,942195.000,20546,1,T1,1,100,33.597
1738264694.426877,942328.000,20563,1,T1,1,100,33.648
1738264694.559882,942461.000,20596,1,T1,1,100,33.600
1738264694.693888,942595.000,20612,1,T1,1,100,33.472
1738264694.826893,942728.000,20630,1,T1,1,100,33.488
1738264694.959898,942861.000,20662,1,T1,1,100,33.566
1738264695.093904,942995.000,20678,1,T1,1,100,33.599
1738264695.226909,943128.000,20696,1,T1,1,100,33.437
1738264695.359914,943261.000,20712,1,T1,1,100,33.473
1738264695.493920,943395.000,20747,1,T1,1,100,33.524
1738264695.626925,943528.000,20764,1,T1,1,100,33.652
1738264695.759930,943661.000,20780,1,T1,1,100,33.530
1738264695.893936,943795.000,20813,1,T1,1,100,33.619
1738264696.026941,943928.000,20830,1,T1,1,100,33.587
1738264696.159946,944061.000,20847,1,T1,1,100,33.680
1738264696.293952,944195.000,20879,1,T1,1,100,33.542
1738264696.426957,944328.000,20896,1,T1,1,100,33.625
1738264696.559962,944461.000,20913,1,T1,1,100,33.518
1738264696.693968,944595.000,20945,1,T1,1,100,33.473
1738264696.826973,944728.000,20963,1,T1,1,100,33.488
1738264696.959978,944861.000,20979,1,T1,1,100,33.530
1738264697.093983,944995.000,21012,1,T1,1,100,33.619
1738264697.226989,945128.000,21031,1,T1,1,100,33.658
1738264697.359994,945261.000,21053,1,T1,1,100,33.639
1738264697.492999,945394.000,21070,1,T1,1,100,33.631
1738264697.627005,945528.000,21087,1,T1,1,100,33.628
1738264697.760010,945661.000,21103,1,T1,1,100,33.555
1738264697.894015,945795.000,21136,1,T1,1,100,33.559
1738264698.027021,945928.000,21153,1,T1,1,100,33.632
1738264698.160026,946061.000,21170,1,T1,1,100,33.522
1738264698.294031,946195.000,21187,1,T1,1,100,33.509
1738264698.427037,946328.000,21220,1,T1,1,100,33.681
1738264698.560042,946461.000,21236,1,T1,1,100,33.649
1738264698.694047,946595.000,21253,1,T1,1,100,33.494
1738264698.827053,946728.000,21286,1,T1,1,100,33.568
1738264698.960058,946861.000,21302,1,T1,1,100,33.494
1738264699.093063,946994.000,21319,1,T1,1,100,33.533
1738264699.227069,947128.000,21352,1,T1,1,100,33.550
1738264699.360074,947261.000,21368,1,T1,1,100,33.486
1738264699.493079,947394.000,21386,1,T1,1,100,33.565
1738264699.627085,947528.000,21418,1,T1,1,100,33.599
1738264699.760090,947661.000,21434,1,T1,1,100,33.614
1738264699.893095,947794.000,21452,1,T1,1,100,33.620
1738264700.027101,947928.000,21484,1,T1,1,100,33.517
1738264700.160106,948061.000,21501,1,T1,1,100,33.578
1738264700.293111,948194.000,21518,1,T1,1,100,33.676
1738264700.427117,948328.000,21534,1,T1,1,100,33.576
1738264700.560122,948461.000,21567,1,T1,1,100,33.533
1738264700.693127,948594.000,21584,1,T1,1,100,33.692
1738264700.826133,948727.000,21601,1,T1,1,100,33.689
1738264700.960138,948861.000,21633,1,T1,1,100,33.688
1738264701.093143,948994.000,21650,1,T1,1,100,33.652
1738264701.226148,949127.000,21667,1,T1,1,100,33.601
1738264701.360154,949261.000,21699,1,T1,1,100,33.650
1738264701.493159,949394.000,21717,1,T1,1,100,33.707
1738264701.626164,949527.000,21733,1,T1,1,100,33.696
1738264701.760170,949661.000,21766,1,T1,1,100,33.656
1738264701.893175,949794.000,21783,1,T1,1,100,33.532
1738264702.026180,949927.000,21799,1,T1,1,100,33.478
1738264702.160186,950061.000,21834,1,T1,1,100,33.562
1738264702.293191,950194.000,21851,1,T1,1,100,33.562
1738264702.426196,950327.000,21867,1,T1,1,100,33.598
1738264702.560202,950461.000,21890,1,T1,1,100,33.613
1738264702.693207,950594.000,21924,1,T1,1,100,33.620
1738264702.826212,950727.000,21941,1,T1,1,100,33.587
1738264702.960218,950861.000,21958,1,T1,1,100,33.644
1738264703.093223,950994.000,21991,1,T1,1,100,33.633
1738264703.226228,951127.000,22007,1,T1,1,100,33.558
1738264703.360234,951261.000,22024,1,T1,1,100,33.631
1738264703.493239,951394.000,22057,1,T1,1,100,33.628
1738264703.626244,951527.000,22073,1,T1,1,100,33.520
1738264703.760250,951661.000,22090,1,T1,1,100,33.650
1738264703.893255,951794.000,22107,1,T1,1,100,33.742
1738264704.026260,951927.000,22139,1,T1,1,100,33.676
1738264704.159266,952060.000,22157,1,T1,1,100,33.541
1738264704.293271,952194.000,22173,1,T1,1,100,33.624
1738264704.426276,952327.000,22206,1,T1,1,100,33.589
1738264704.560282,952461.000,22223,1,T1,1,100,33.751
1738264704.693287,952594.000,22239,1,T1,1,100,33.715
1738264704.826292,952727.000,22274,1,T1,1,100,33.593
1738264704.959297,952860.000,22291,1,T1,1,100,33.576
1738264705.093303,952994.000,22307,1,T1,1,100,33.604
1738264705.226308,953127.000,22340,1,T1,1,100,33.580
1738264705.360313,953261.000,22357,1,T1,1,100,33.606
1738264705.493319,953394.000,22374,1,T1,1,100,33.688
1738264705.626324,953527.000,22406,1,T1,1,100,33.617
1738264705.759329,953660.000,22423,1,T1,1,100,33.586
1738264705.893335,953794.000,22440,1,T1,1,100,33.644
1738264706.026340,953927.000,22472,1,T1,1,100,33.668
1738264706.159345,954060.000,22490,1,T1,1,100,33.608
1738264706.293351,954194.000,22506,1,T1,1,100,33.618
1738264706.426356,954327.000,22523,1,T1,1,100,33.622
1738264706.559361,954460.000,22556,1,T1,1,100,33.659
1738264706.693367,954594.000,22572,1,T1,1,100,33.640
1738264706.826372,954727.000,22590,1,T1,1,100,33.490
1738264706.959377,954860.000,22622,1,T1,1,100,33.531
1738264707.093383,954994.000,22638,1,T1,1,100,33.513
1738264707.226388,955127.000,22658,1,T1,1,100,33.541
1738264707.359393,955260.000,22690,1,T1,1,100,33.518
1738264707.493399,955394.000,22707,1,T1,1,100,33.579
1738264707.626404,955527.000,22729,1,T1,1,100,33.605
1738264707.759409,955660.000,22762,1,T1,1,100,33.545
1738264707.892415,955793.000,22778,1,T1,1,100,33.591
1738264708.026420,955927.000,22795,1,T1,1,100,33.575
1738264708.159425,956060.000,22811,1,T1,1,100,33.532
1738264708.292431,956193.000,22844,1,T1,1,100,33.443
1738264708.426436,956327.000,22861,1,T1,1,100,33.546
1738264708.559441,956460.000,22878,1,T1,1,100,33.520
1738264708.692446,956593.000,22910,1,T1,1,100,33.580
1738264708.826452,956727.000,22928,1,T1,1,100,33.712
1738264708.959457,956860.000,22944,1,T1,1,100,33.769
1738264709.092463,956993.000,22977,1,T1,1,100,33.687
1738264709.226468,957127.000,22994,1,T1,1,100,33.616
1738264709.359473,957260.000,23010,1,T1,1,100,33.550
1738264709.492478,957393.000,23043,1,T1,1,100,33.593
1738264709.626484,957527.000,23060,1,T1,1,100,33.505
1738264709.759489,957660.000,23076,1,T1,1,100,33.573
1738264709.892494,957793.000,23109,1,T1,1,100,33.638
1738264710.026500,957927.000,23128,1,T1,1,100,33.666
1738264710.159505,958060.000,23145,1,T1,1,100,33.607
1738264710.292510,958193.000,23162,1,T1,1,100,33.653
1738264710.426516,958327.000,23195,1,T1,1,100,33.566
1738264710.559521,958460.000,23213,1,T1,1,100,33.529
1738264710.692526,958593.000,23230,1,T1,1,100,33.654
1738264710.826532,958727.000,23263,1,T1,1,100,33.673
1738264710.959537,958860.000,23279,1,T1,1,100,33.575
1738264711.092542,958993.000,23296,1,T1,1,100,33.568
1738264711.225548,959126.000,23329,1,T1,1,100,33.636
1738264711.359553,959260.000,23345,1,T1,1,100,33.559
1738264711.492558,959393.000,23363,1,T1,1,100,33.596
1738264711.625564,959526.000,23395,1,T1,1,100,33.613
1738264711.759569,959660.000,23411,1,T1,1,100,33.584
1738264711.892574,959793.000,23429,1,T1,1,100,33.678
1738264712.025579,959926.000,23461,1,T1,1,100,33.648
1738264712.159585,960060.000,23480,1,T1,1,100,33.564
1738264712.292590,960193.000,23499,1,T1,1,100,33.634
1738264712.425596,960326.000,23515,1,T1,1,100,33.700
1738264712.559601,960460.000,23548,1,T1,1,100,33.693
1738264712.692606,960593.000,23570,1,T1,1,100,33.583
1738264712.825612,960726.000,23587,1,T1,1,100,33.572
1738264712.959617,960860.000,23604,1,T1,1,100,33.602
1738264713.092622,960993.000,23637,1,T1,1,100,33.650
1738264713.225627,961126.000,23653,1,T1,1,100,33.601
1738264713.359633,961260.000,23670,1,T1,1,100,33.650
1738264713.492638,961393.000,23703,1,T1,1,100,33.671
1738264713.625643,961526.000,23719,1,T1,1,100,33.680
1738264713.759649,961660.000,23736,1,T1,1,100,33.684
1738264713.892654,961793.000,23769,1,T1,1,100,33.615
1738264714.025659,961926.000,23785,1,T1,1,100,33.656
1738264714.158665,962059.000,23803,1,T1,1,100,33.709
1738264714.292670,962193.000,23835,1,T1,1,100,33.874
1738264714.425675,962326.000,23851,1,T1,1,100,33.697
1738264714.558681,962459.000,23869,1,T1,1,100,33.727
1738264714.692686,962593.000,23885,1,T1,1,100,33.669
1738264714.825691,962726.000,23918,1,T1,1,100,33.680
1738264714.959697,962860.000,23935,1,T1,1,100,33.684
1738264715.092702,962993.000,23951,1,T1,1,100,33.686
1738264715.225707,963126.000,23984,1,T1,1,100,33.545
1738264715.359713,963260.000,24001,1,T1,1,100,33.590
1738264715.492718,963393.000,24018,1,T1,1,100,33.645
1738264715.625723,963526.000,24050,1,T1,1,100,33.669
1738264715.758729,963659.000,24067,1,T1,1,100,33.609
1738264715.892734,963793.000,24084,1,T1,1,100,33.653
1738264716.025739,963926.000,24116,1,T1,1,100,33.708
1738264716.158745,964059.000,24134,1,T1,1,100,33.696
1738264716.292750,964193.000,24150,1,T1,1,100,33.656
1738264716.425755,964326.000,24183,1,T1,1,100,33.674
1738264716.558760,964459.000,24200,1,T1,1,100,33.717
1738264716.692766,964593.000,24216,1,T1,1,100,33.594
1738264716.825771,964726.000,24233,1,T1,1,100,33.576
1738264716.958776,964859.000,24266,1,T1,1,100,33.497
1738264717.092782,964993.000,24282,1,T1,1,100,33.428
1738264717.225787,965126.000,24302,1,T1,1,100,33.646
1738264717.358793,965259.000,24334,1,T1,1,100,33.599
1738264717.491798,965392.000,24351,1,T1,1,100,33.685
1738264717.625803,965526.000,24368,1,T1,1,100,33.615
1738264717.758808,965659.000,24404,2,T1,1,100,33.656
1738264717.891814,965792.000,24404,2,T1,1,100,33.603
1738264718.025819,965926.000,24421,1,T1,1,100,33.580
1738264718.158824,966059.000,24454,1,T1,1,100,33.570
1738264718.291830,966192.000,24470,1,T1,1,100,33.601
1738264718.425835,966326.000,24487,1,T1,1,100,33.615
1738264718.558840,966459.000,24520,1,T1,1,100,33.656
1738264718.692846,966593.000,24536,1,T1,1,100,33.674
1738264718.825851,966726.000,24554,1,T1,1,100,33.717
1738264718.958856,966859.000,24586,1,T1,1,100,33.665
1738264719.091862,966992.000,24602,1,T1,1,100,33.642
1738264719.225867,967126.000,24620,1,T1,1,100,33.632
1738264719.358872,967259.000,24652,1,T1,1,100,33.664
1738264719.491878,967392.000,24669,1,T1,1,100,33.606
1738264719.625883,967526.000,24686,1,T1,1,100,33.652
1738264719.758888,967659.000,24719,1,T1,1,100,33.566
1738264719.891894,967792.000,24735,1,T1,1,100,33.493
1738264720.025899,967926.000,24752,1,T1,1,100,33.532
1738264720.158904,968059.000,24768,1,T1,1,100,33.585
1738264720.291909,968192.000,24801,1,T1,1,100,33.537
1738264720.425915,968326.000,24818,1,T1,1,100,33.551
1738264720.558920,968459.000,24835,1,T1,1,100,33.664
1738264720.691926,968592.000,24867,1,T1,1,100,33.571
1738264720.824931,968725.000,24885,1,T1,1,100,33.673
1738264720.958936,968859.000,24901,1,T1,1,100,33.646
1738264721.091941,968992.000,24934,1,T1,1,100,33.528
1738264721.224947,969125.000,24951,1,T1,1,100,33.547
1738264721.358952,969259.000,24967,1,T1,1,100,33.591
1738264721.491957,969392.000,25000,1,T1,1,100,33.646
1738264721.624963,969525.000,25017,1,T1,1,100,33.563
1738264721.758968,969659.000,25033,1,T1,1,100,33.563
1738264721.891973,969792.000,25066,1,T1,1,100,33.598
1738264722.024979,969925.000,25083,1,T1,1,100,33.649
1738264722.158984,970059.000,25100,1,T1,1,100,33.600
1738264722.291989,970192.000,25134,1,T1,1,100,33.614
1738264722.424995,970325.000,25151,1,T1,1,100,33.656
1738264722.559000,970459.000,25168,1,T1,1,100,33.674
1738264722.692005,970592.000,25185,1,T1,1,100,33.682
1738264722.825011,970725.000,25218,1,T1,1,100,33.720
1738264722.959016,970859.000,25241,1,T1,1,100,33.560
1738264723.092021,970992.000,25258,1,T1,1,100,33.561
1738264723.225027,971125.000,25291,1,T1,1,100,33.597
1738264723.359032,971259.000,25309,1,T1,1,100,33.684
1738264723.492037,971392.000,25327,1,T1,1,100,33.686
1738264723.625043,971525.000,25359,1,T1,1,100,33.793
1738264723.759048,971659.000,25375,1,T1,1,100,33.733
1738264723.892053,971792.000,25393,1,T1,1,100,33.814
1738264724.025059,971925.000,25425,1,T1,1,100,33.707
1738264724.158064,972058.000,25442,1,T1,1,100,33.731
1738264724.292069,972192.000,25459,1,T1,1,100,33.636
1738264724.425075,972325.000,25475,1,T1,1,100,33.700
1738264724.558080,972458.000,25508,1,T1,1,100,33.587
1738264724.692085,972592.000,25525,1,T1,1,100,33.538
1738264724.825090,972725.000,25542,1,T1,1,100,33.623
1738264724.958096,972858.000,25574,1,T1,1,100,33.730
1738264725.092101,972992.000,25591,1,T1,1,100,33.706
1738264725.225106,973125.000,25608,1,T1,1,100,33.589
1738264725.358112,973258.000,25640,1,T1,1,100,33.574
1738264725.492117,973392.000,25658,1,T1,1,100,33.638
1738264725.625123,973525.000,25674,1,T1,1,100,33.560
1738264725.758128,973658.000,25707,1,T1,1,100,33.632
1738264725.892133,973792.000,25724,1,T1,1,100,33.593
1738264726.025138,973925.000,25740,1,T1,1,100,33.540
1738264726.158144,974058.000,25757,1,T1,1,100,33.624
1738264726.292149,974192.000,25790,1,T1,1,100,33.589
1738264726.425154,974325.000,25806,1,T1,1,100,33.574
1738264726.558160,974458.000,25824,1,T1,1,100,33.603
1738264726.692165,974592.000,25856,1,T1,1,100,33.686
1738264726.825170,974725.000,25873,1,T1,1,100,33.687
1738264726.958176,974858.000,25890,1,T1,1,100,33.616
1738264727.092181,974992.000,25923,1,T1,1,100,33.621
1738264727.225186,975125.000,25941,1,T1,1,100,33.588
1738264727.358192,975258.000,25958,1,T1,1,100,33.609
1738264727.492197,975392.000,25991,1,T1,1,100,33.583
1738264727.625202,975525.000,26007,1,T1,1,100,33.678
1738264727.758208,975658.000,26024,1,T1,1,100,33.648
1738264727.891213,975791.000,26057,1,T1,1,100,33.635
1738264728.025218,975925.000,26078,1,T1,1,100,33.629
1738264728.158224,976058.000,26096,1,T1,1,100,33.733
1738264728.291229,976191.000,26128,1,T1,1,100,33.565
1738264728.425234,976325.000,26144,1,T1,1,100,33.706
1738264728.558239,976458.000,26162,1,T1,1,100,33.660
1738264728.691245,976591.000,26178,1,T1,1,100,33.676
1738264728.825250,976725.000,26211,1,T1,1,100,33.611
1738264728.958256,976858.000,26228,1,T1,1,100,33.584
1738264729.091261,976991.000,26244,1,T1,1,100,33.572
1738264729.225266,977125.000,26277,1,T1,1,100,33.637
1738264729.358271,977258.000,26294,1,T1,1,100,33.666
1738264729.492277,977392.000,26311,1,T1,1,100,33.714
1738264729.625282,977525.000,26343,1,T1,1,100,33.770
1738264729.758287,977658.000,26360,1,T1,1,100,33.652
1738264729.891293,977791.000,26377,1,T1,1,100,33.779
1738264730.025298,977925.000,26409,1,T1,1,100,33.798
1738264730.158303,978058.000,26427,1,T1,1,100,33.664
1738264730.291309,978191.000,26443,1,T1,1,100,33.642
1738264730.425314,978325.000,26460,1,T1,1,100,33.632
1738264730.558319,978458.000,26493,1,T1,1,100,33.699
1738264730.691325,978591.000,26509,1,T1,1,100,33.622
1738264730.824330,978724.000,26527,1,T1,1,100,33.659
1738264730.958335,978858.000,26559,1,T1,1,100,33.782
1738264731.091341,978991.000,26575,1,T1,1,100,33.693
1738264731.224346,979124.000,26593,1,T1,1,100,33.654
1738264731.358351,979258.000,26625,1,T1,1,100,33.638
1738264731.491357,979391.000,26642,1,T1,1,100,33.524
1738264731.624362,979524.000,26659,1,T1,1,100,33.581
1738264731.758367,979658.000,26694,1,T1,1,100,33.642
1738264731.891373,979791.000,26710,1,T1,1,100,33.632
1738264732.024378,979924.000,26727,1,T1,1,100,33.628
1738264732.158383,980058.000,26762,1,T1,1,100,33.697
1738264732.291389,980191.000,26778,1,T1,1,100,33.692
1738264732.424394,980324.000,26795,1,T1,1,100,33.654
1738264732.558399,980458.000,26830,1,T1,1,100,33.567
1738264732.691405,980591.000,26846,1,T1,1,100,33.635
1738264732.824410,980724.000,26864,1,T1,1,100,33.665
1738264732.958415,980858.000,26880,1,T1,1,100,33.749
1738264733.091420,980991.000,26918,1,T1,1,100,33.643
1738264733.224426,981124.000,26935,1,T1,1,100,33.668
1738264733.358431,981258.000,26951,1,T1,1,100,33.715
1738264733.491436,981391.000,26984,1,T1,1,100,33.806
1738264733.624442,981524.000,27001,1,T1,1,100,33.739
1738264733.758447,981658.000,27017,1,T1,1,100,33.639
1738264733.891452,981791.000,27050,1,T1,1,100,33.666
1738264734.024458,981924.000,27067,1,T1,1,100,33.714
1738264734.157463,982057.000,27084,1,T1,1,100,33.628
1738264734.291468,982191.000,27116,1,T1,1,100,33.662
1738264734.424474,982324.000,27135,1,T1,1,100,33.712
1738264734.557479,982457.000,27152,1,T1,1,100,33.733
1738264734.691484,982591.000,27169,1,T1,1,100,33.672
1738264734.824490,982724.000,27202,1,T1,1,100,33.681
1738264734.957495,982857.000,27218,1,T1,1,100,33.685
1738264735.091500,982991.000,27235,1,T1,1,100,33.793
1738264735.224506,983124.000,27268,1,T1,1,100,33.804
1738264735.357511,983257.000,27284,1,T1,1,100,33.773
1738264735.491516,983391.000,27302,1,T1,1,100,33.760
1738264735.624521,983524.000,27334,1,T1,1,100,33.719
1738264735.757527,983657.000,27350,1,T1,1,100,33.701
1738264735.891532,983791.000,27368,1,T1,1,100,33.764
1738264736.024538,983924.000,27402,1,T1,1,100,33.721
1738264736.157543,984057.000,27419,1,T1,1,100,33.596
1738264736.291548,984191.000,27436,1,T1,1,100,33.648
1738264736.424554,984324.000,27452,1,T1,1,100,33.741
1738264736.557559,984457.000,27487,1,T1,1,100,33.746
1738264736.691564,984591.000,27504,1,T1,1,100,33.784
1738264736.824569,984724.000,27520,1,T1,1,100,33.658
1738264736.957575,984857.000,27553,1,T1,1,100,33.639
1738264737.091580,984991.000,27570,1,T1,1,100,33.631
1738264737.224586,985124.000,27589,1,T1,1,100,33.770
1738264737.357591,985257.000,27621,1,T1,1,100,33.617
1738264737.491596,985391.000,27639,1,T1,1,100,33.657
1738264737.624601,985524.000,27655,1,T1,1,100,33.710
1738264737.757607,985657.000,27690,1,T1,1,100,33.697
1738264737.890612,985790.000,27707,1,T1,1,100,33.763
1738264738.024617,985924.000,27723,1,T1,1,100,33.685
1738264738.157623,986057.000,27756,1,T1,1,100,33.686
1738264738.291628,986191.000,27778,1,T1,1,100,33.651
1738264738.424634,986324.000,27794,1,T1,1,100,33.707
1738264738.557639,986457.000,27827,1,T1,1,100,33.625
1738264738.690644,986590.000,27844,1,T1,1,100,33.625
1738264738.824649,986724.000,27861,1,T1,1,100,33.696
1738264738.957655,986857.000,27878,1,T1,1,100,33.762
1738264739.090660,986990.000,27911,1,T1,1,100,33.720
1738264739.224665,987124.000,27927,1,T1,1,100,33.631
1738264739.357671,987257.000,27944,1,T1,1,100,33.592
1738264739.490676,987390.000,27977,1,T1,1,100,33.575
1738264739.624681,987524.000,27993,1,T1,1,100,33.568
1738264739.757687,987657.000,28010,1,T1,1,100,33.671
1738264739.890692,987790.000,28043,1,T1,1,100,33.716
1738264740.024697,987924.000,28059,1,T1,1,100,33.700
1738264740.157703,988057.000,28077,1,T1,1,100,33.799
1738264740.290708,988190.000,28111,1,T1,1,100,33.736
1738264740.424713,988324.000,28127,1,T1,1,100,33.673
1738264740.557719,988457.000,28145,1,T1,1,100,33.717
1738264740.690724,988590.000,28177,1,T1,1,100,33.806
1738264740.823729,988723.000,28194,1,T1,1,100,33.668
1738264740.957735,988857.000,28211,1,T1,1,100,33.608
1738264741.090740,988990.000,28227,1,T1,1,100,33.618
1738264741.223745,989123.000,28260,1,T1,1,100,33.622
1738264741.357750,989257.000,28277,1,T1,1,100,33.624
1738264741.490756,989390.000,28294,1,T1,1,100,33.695
1738264741.623761,989523.000,28326,1,T1,1,100,33.691
1738264741.757766,989657.000,28343,1,T1,1,100,33.724
1738264741.890772,989790.000,28360,1,T1,1,100,33.774
1738264742.023777,989923.000,28392,1,T1,1,100,33.690
1738264742.157782,990057.000,28410,1,T1,1,100,33.653
1738264742.290788,990190.000,28428,1,T1,1,100,33.637
1738264742.423793,990323.000,28461,1,T1,1,100,33.772
1738264742.557798,990457.000,28478,1,T1,1,100,33.724
1738264742.690804,990590.000,28494,1,T1,1,100,33.703
1738264742.823809,990723.000,28529,1,T1,1,100,33.765
1738264742.957814,990857.000,28546,1,T1,1,100,33.721
1738264743.090820,990990.000,28562,1,T1,1,100,33.738
1738264743.223825,991123.000,28580,1,T1,1,100,33.709
1738264743.357330,991256.500,28616,2,T1,1,100,33.697
1738264743.490836,991390.000,28616,2,T1,1,100,33.621
1738264743.623841,991523.000,28650,1,T1,1,100,33.623
1738264743.757846,991657.000,28667,1,T1,1,100,33.731
1738264743.890851,991790.000,28684,1,T1,1,100,33.706
1738264744.023857,991923.000,28716,1,T1,1,100,33.696
1738264744.157862,992057.000,28734,1,T1,1,100,33.656
1738264744.290868,992190.000,28750,1,T1,1,100,33.745
1738264744.423873,992323.000,28783,1,T1,1,100,33.712
1738264744.557878,992457.000,28800,1,T1,1,100,33.769
1738264744.690884,992590.000,28816,1,T1,1,100,33.723
1738264744.823889,992723.000,28851,1,T1,1,100,33.738
1738264744.956894,992856.000,28868,1,T1,1,100,33.851
1738264745.090899,992990.000,28884,1,T1,1,100,33.687
1738264745.223905,993123.000,28902,1,T1,1,100,33.865
1738264745.356910,993256.000,28934,1,T1,1,100,33.693
1738264745.490916,993390.000,28951,1,T1,1,100,33.690
1738264745.623921,993523.000,28968,1,T1,1,100,33.689
1738264745.756926,993656.000,29001,1,T1,1,100,33.723
1738264745.890931,993790.000,29017,1,T1,1,100,33.739
1738264746.023937,993923.000,29036,1,T1,1,100,33.851
1738264746.156942,994056.000,29069,1,T1,1,100,33.758
1738264746.290947,994190.000,29085,1,T1,1,100,33.683
1738264746.423953,994323.000,29102,1,T1,1,100,33.756
1738264746.556958,994456.000,29135,1,T1,1,100,33.682
1738264746.690963,994590.000,29151,1,T1,1,100,33.650
1738264746.823969,994723.000,29169,1,T1,1,100,33.707
1738264746.956974,994856.000,29201,1,T1,1,100,33.731
1738264747.090979,994990.000,29217,1,T1,1,100,33.742
1738264747.223985,995123.000,29237,1,T1,1,100,33.817
1738264747.356990,995256.000,29253,1,T1,1,100,33.815
1738264747.490995,995390.000,29286,1,T1,1,100,33.743
1738264747.624001,995523.000,29303,1,T1,1,100,33.853
1738264747.757006,995656.000,29319,1,T1,1,100,33.795
1738264747.890011,995789.000,29352,1,T1,1,100,33.734
1738264748.024017,995923.000,29369,1,T1,1,100,33.743
1738264748.157022,996056.000,29386,1,T1,1,100,33.712
1738264748.290027,996189.000,29418,1,T1,1,100,33.662
1738264748.424032,996323.000,29435,1,T1,1,100,33.712
1738264748.557038,996456.000,29459,1,T1,1,100,33.805
1738264748.690043,996589.000,29493,1,T1,1,100,33.738
1738264748.824049,996723.000,29511,1,T1,1,100,33.745
1738264748.957054,996856.000,29527,1,T1,1,100,33.712
1738264749.090059,996989.000,29560,1,T1,1,100,33.734
1738264749.224065,997123.000,29577,1,T1,1,100,33.601
1738264749.357070,997256.000,29593,1,T1,1,100,33.615
1738264749.490075,997389.000,29610,1,T1,1,100,33.621
1738264749.624080,997523.000,29643,1,T1,1,100,33.623
1738264749.757086,997656.000,29659,1,T1,1,100,33.731
1738264749.890091,997789.000,29679,1,T1,1,100,33.742
1738264750.024096,997923.000,29711,1,T1,1,100,33.746
1738264750.157102,998056.000,29728,1,T1,1,100,33.713
1738264750.290107,998189.000,29745,1,T1,1,100,33.840
1738264750.424112,998323.000,29778,1,T1,1,100,33.825
1738264750.557118,998456.000,29794,1,T1,1,100,33.676
1738264750.690123,998589.000,29811,1,T1,1,100,33.718
1738264750.823128,998722.000,29844,1,T1,1,100,33.736
1738264750.957134,998856.000,29860,1,T1,1,100,33.709
1738264751.090139,998989.000,29877,1,T1,1,100,33.803
1738264751.224144,999123.000,29894,1,T1,1,100,33.702
1738264751.357150,999256.000,29926,1,T1,1,100,33.800
1738264751.490155,999389.000,29944,1,T1,1,100,33.843
1738264751.623160,999522.000,29960,1,T1,1,100,33.790
1738264751.757166,999656.000,29993,1,T1,1,100,33.696
1738264751.890171,999789.000,30010,1,T1,1,100,33.727
1738264752.023176,999922.000,30026,1,T1,1,100,33.740
1738264752.157182,1000056.000,30063,1,T1,1,100,33.781
1738264752.290187,1000189.000,30080,1,T1,1,100,33.693
1738264752.423192,1000322.000,30096,1,T1,1,100,33.725
1738264752.557198,1000456.000,30129,1,T1,1,100,33.704
1738264752.690203,1000589.000,30146,1,T1,1,100,33.730
1738264752.823208,1000722.000,30165,1,T1,1,100,33.706
1738264752.957213,1000856.000,30197,1,T1,1,100,33.837
1738264753.090219,1000989.000,30214,1,T1,1,100,33.788
1738264753.223224,1001122.000,30231,1,T1,1,100,33.873
1738264753.357229,1001256.000,30248,1,T1,1,100,33.803
1738264753.490235,1001389.000,30281,1,T1,1,100,33.808
1738264753.623240,1001522.000,30302,1,T1,1,100,33.704
1738264753.757246,1001656.000,30319,1,T1,1,100,33.766
1738264753.890251,1001789.000,30354,1,T1,1,100,33.792
1738264754.023256,1001922.000,30370,1,T1,1,100,33.697
1738264754.156261,1002055.000,30388,1,T1,1,100,33.692
1738264754.290267,1002189.000,30420,1,T1,1,100,33.725
1738264754.423272,1002322.000,30436,1,T1,1,100,33.739
1738264754.557277,1002456.000,30454,1,T1,1,100,33.745
1738264754.690283,1002589.000,30486,1,T1,1,100,33.748
1738264754.823288,1002722.000,30503,1,T1,1,100,33.643
1738264754.956293,1002855.000,30522,1,T1,1,100,33.704
1738264755.090299,1002989.000,30555,1,T1,1,100,33.694
1738264755.223304,1003122.000,30571,1,T1,1,100,33.761
1738264755.356309,1003255.000,30588,1,T1,1,100,33.684
1738264755.490315,1003389.000,30604,1,T1,1,100,33.651
1738264755.623320,1003522.000,30637,1,T1,1,100,33.778
1738264755.756325,1003655.000,30654,1,T1,1,100,33.798
1738264755.890331,1003789.000,30671,1,T1,1,100,33.771
1738264756.023336,1003922.000,30703,1,T1,1,100,33.723
1738264756.156341,1004055.000,30721,1,T1,1,100,33.703
1738264756.290347,1004189.000,30737,1,T1,1,100,33.730
1738264756.423352,1004322.000,30772,1,T1,1,100,33.741
1738264756.556357,1004455.000,30789,1,T1,1,100,33.746
1738264756.690362,1004589.000,30805,1,T1,1,100,33.855
1738264756.823368,1004722.000,30838,1,T1,1,100,33.831
1738264756.956373,1004855.000,30855,1,T1,1,100,33.820
1738264757.090379,1004989.000,30871,1,T1,1,100,33.816
1738264757.223384,1005122.000,30906,1,T1,1,100,33.849
1738264757.356389,1005255.000,30923,1,T1,1,100,33.828
1738264757.489394,1005388.000,30940,1,T1,1,100,33.749
1738264757.623400,1005522.000,30957,1,T1,1,100,33.785
1738264757.756405,1005655.000,30989,1,T1,1,100,33.765
1738264757.889410,1005788.000,31008,1,T1,1,100,33.863
1738264758.023416,1005922.000,31027,1,T1,1,100,33.763
1738264758.156421,1006055.000,31060,1,T1,1,100,33.791
1738264758.289426,1006188.000,31076,1,T1,1,100,33.803
1738264758.423432,1006322.000,31093,1,T1,1,100,33.879
1738264758.556437,1006455.000,31126,1,T1,1,100,33.700
1738264758.689442,1006588.000,31149,1,T1,1,100,33.799
1738264758.823448,1006722.000,31167,1,T1,1,100,33.736
1738264758.956453,1006855.000,31183,1,T1,1,100,33.744
1738264759.089458,1006988.000,31215,1,T1,1,100,33.783
1738264759.223464,1007122.000,31233,1,T1,1,100,33.729
1738264759.356469,1007255.000,31249,1,T1,1,100,33.741
1738264759.489474,1007388.000,31282,1,T1,1,100,33.817
1738264759.623480,1007522.000,31299,1,T1,1,100,33.779
1738264759.756485,1007655.000,31315,1,T1,1,100,33.798
1738264759.889490,1007788.000,31350,1,T1,1,100,33.771
1738264760.023496,1007922.000,31367,1,T1,1,100,33.794
1738264760.156501,1008055.000,31384,1,T1,1,100,33.805
1738264760.289506,1008188.000,31416,1,T1,1,100,33.703
1738264760.423512,1008322.000,31433,1,T1,1,100,33.694
1738264760.556517,1008455.000,31450,1,T1,1,100,33.761
1738264760.689522,1008588.000,31482,1,T1,1,100,33.755
1738264760.823528,1008722.000,31500,1,T1,1,100,33.823
1738264760.956533,1008855.000,31518,1,T1,1,100,33.746
1738264761.089538,1008988.000,31535,1,T1,1,100,33.748
1738264761.222543,1009121.000,31568,1,T1,1,100,33.785
1738264761.356549,1009255.000,31584,1,T1,1,100,33.694
1738264761.489554,1009388.000,31602,1,T1,1,100,33.797
1738264761.622560,1009521.000,31634,1,T1,1,100,33.699
1738264761.756565,1009655.000,31650,1,T1,1,100,33.728
1738264761.889570,1009788.000,31668,1,T1,1,100,33.882
1738264762.022575,1009921.000,31702,1,T1,1,100,33.878
1738264762.156581,1010055.000,31719,1,T1,1,100,33.805
1738264762.289586,1010188.000,31738,1,T1,1,100,33.809
1738264762.422591,1010321.000,31771,1,T1,1,100,33.740
1738264762.556597,1010455.000,31787,1,T1,1,100,33.746
1738264762.689602,1010588.000,31804,1,T1,1,100,33.748
1738264762.822607,1010721.000,31820,1,T1,1,100,33.714
1738264762.956613,1010855.000,31853,1,T1,1,100,33.805
1738264763.089618,1010988.000,31870,1,T1,1,100,33.774
1738264763.222623,1011121.000,31887,1,T1,1,100,33.796
1738264763.356629,1011255.000,31919,1,T1,1,100,33.734
1738264763.489634,1011388.000,31937,1,T1,1,100,33.814
1738264763.622639,1011521.000,31953,1,T1,1,100,33.849
1738264763.756145,1011654.500,31990,2,T1,1,100,33.722
1738264763.889650,1011788.000,31990,2,T1,1,100,33.738
1738264764.022655,1011921.000,32006,1,T1,1,100,33.780
1738264764.155661,1012054.000,32039,1,T1,1,100,33.799
1738264764.289666,1012188.000,32056,1,T1,1,100,33.771
1738264764.422671,1012321.000,32072,1,T1,1,100,33.653
1738264764.556677,1012455.000,32105,1,T1,1,100,33.708
1738264764.689682,1012588.000,32122,1,T1,1,100,33.803
1738264764.822687,1012721.000,32139,1,T1,1,100,33.737
1738264764.955693,1012854.000,32156,1,T1,1,100,33.815
1738264765.089698,1012988.000,32189,1,T1,1,100,33.778
1738264765.222703,1013121.000,32205,1,T1,1,100,33.691
1738264765.355708,1013254.000,32222,1,T1,1,100,33.760
1738264765.489714,1013388.000,32255,1,T1,1,100,33.754
1738264765.622719,1013521.000,32271,1,T1,1,100,33.716
1738264765.755724,1013654.000,32288,1,T1,1,100,33.735
1738264765.889730,1013788.000,32321,1,T1,1,100,33.708
1738264766.022735,1013921.000,32337,1,T1,1,100,33.696
1738264766.155740,1014054.000,32355,1,T1,1,100,33.656
1738264766.289746,1014188.000,32387,1,T1,1,100,33.745
1738264766.422751,1014321.000,32403,1,T1,1,100,33.712
1738264766.555756,1014454.000,32421,1,T1,1,100,33.805
1738264766.689762,1014588.000,32453,1,T1,1,100,33.809
1738264766.822767,1014721.000,32470,1,T1,1,100,33.846
1738264766.955772,1014854.000,32489,1,T1,1,100,33.792
1738264767.089778,1014988.000,32505,1,T1,1,100,33.874
1738264767.222783,1015121.000,32540,1,T1,1,100,33.768
1738264767.355788,1015254.000,32557,1,T1,1,100,33.758
1738264767.488794,1015387.000,32574,1,T1,1,100,33.860
1738264767.622799,1015521.000,32606,1,T1,1,100,33.868
1738264767.755804,1015654.000,32623,1,T1,1,100,33.872
1738264767.889810,1015788.000,32640,1,T1,1,100,33.767
1738264768.022815,1015921.000,32672,1,T1,1,100,33.793
1738264768.155820,1016054.000,32690,1,T1,1,100,33.733
1738264768.288826,1016187.000,32706,1,T1,1,100,33.672
1738264768.422831,1016321.000,32739,1,T1,1,100,33.752
1738264768.555836,1016454.000,32756,1,T1,1,100,33.751
1738264768.688842,1016587.000,32772,1,T1,1,100,33.786
1738264768.822847,1016721.000,32805,1,T1,1,100,33.695
1738264768.955852,1016854.000,32829,1,T1,1,100,33.761
1738264769.088857,1016987.000,32846,1,T1,1,100,33.790
1738264769.222863,1017121.000,32863,1,T1,1,100,33.767
1738264769.355868,1017254.000,32879,1,T1,1,100,33.687
1738264769.488873,1017387.000,32912,1,T1,1,100,33.794
1738264769.622879,1017521.000,32929,1,T1,1,100,33.804
1738264769.755884,1017654.000,32945,1,T1,1,100,33.773
1738264769.888889,1017787.000,32978,1,T1,1,100,33.796
1738264770.022895,1017921.000,32995,1,T1,1,100,33.912
1738264770.155900,1018054.000,33012,1,T1,1,100,33.891
1738264770.288905,1018187.000,33029,1,T1,1,100,33.846
1738264770.422911,1018321.000,33061,1,T1,1,100,33.792
1738264770.555916,1018454.000,33078,1,T1,1,100,33.733
1738264770.688921,1018587.000,33095,1,T1,1,100,33.707
1738264770.821927,1018720.000,33128,1,T1,1,100,33.767
1738264770.955932,1018854.000,33144,1,T1,1,100,33.686
1738264771.088937,1018987.000,33161,1,T1,1,100,33.758
1738264771.221943,1019120.000,33194,1,T1,1,100,33.789
1738264771.355948,1019254.000,33212,1,T1,1,100,33.731
1738264771.488953,1019387.000,33230,1,T1,1,100,33.742
1738264771.621958,1019520.000,33262,1,T1,1,100,33.782
1738264771.755964,1019654.000,33278,1,T1,1,100,33.728
1738264771.888969,1019787.000,33296,1,T1,1,100,33.741
1738264772.021975,1019920.000,33328,1,T1,1,100,33.817
1738264772.155980,1020054.000,33345,1,T1,1,100,33.743
1738264772.288985,1020187.000,33364,1,T1,1,100,33.676
1738264772.421991,1020320.000,33380,1,T1,1,100,33.683
1738264772.555996,1020454.000,33415,1,T1,1,100,33.827
1738264772.689001,1020587.000,33432,1,T1,1,100,33.783
1738264772.822006,1020720.000,33449,1,T1,1,100,33.764
1738264772.956012,1020854.000,33481,1,T1,1,100,33.827
1738264773.089017,1020987.000,33498,1,T1,1,100,33.748
1738264773.222023,1021120.000,33515,1,T1,1,100,33.820
1738264773.356028,1021254.000,33547,1,T1,1,100,33.780
1738264773.489033,1021387.000,33565,1,T1,1,100,33.728
1738264773.622038,1021520.000,33581,1,T1,1,100,33.776
1738264773.756044,1021654.000,33614,1,T1,1,100,33.832
1738264773.889049,1021787.000,33631,1,T1,1,100,33.892
1738264774.022054,1021920.000,33647,1,T1,1,100,33.705
1738264774.155060,1022053.000,33672,1,T1,1,100,33.766
1738264774.289065,1022187.000,33688,1,T1,1,100,33.757
1738264774.422070,1022320.000,33721,1,T1,1,100,33.753
1738264774.555076,1022453.000,33738,1,T1,1,100,33.822
1738264774.689081,1022587.000,33756,1,T1,1,100,33.746
1738264774.822086,1022720.000,33789,1,T1,1,100,33.713
1738264774.955092,1022853.000,33806,1,T1,1,100,33.734
1738264775.089097,1022987.000,33822,1,T1,1,100,33.849
1738264775.222102,1023120.000,33855,1,T1,1,100,33.793
1738264775.355108,1023253.000,33872,1,T1,1,100,33.804
1738264775.489113,1023387.000,33889,1,T1,1,100,33.915
1738264775.622118,1023520.000,33906,1,T1,1,100,33.786
1738264775.755124,1023653.000,33938,1,T1,1,100,33.695
1738264775.889129,1023787.000,33957,1,T1,1,100,33.762
1738264776.022134,1023920.000,33974,1,T1,1,100,33.790
1738264776.155139,1024053.000,34007,1,T1,1,100,33.874
1738264776.289145,1024187.000,34023,1,T1,1,100,33.875
1738264776.422150,1024320.000,34040,1,T1,1,100,33.804
1738264776.555156,1024453.000,34073,1,T1,1,100,33.844
1738264776.689161,1024587.000,34089,1,T1,1,100,33.862
1738264776.822166,1024720.000,34107,1,T1,1,100,33.834
1738264776.955172,1024853.000,34141,1,T1,1,100,33.857
1738264777.089177,1024987.000,34157,1,T1,1,100,33.867
1738264777.222182,1025120.000,34177,1,T1,1,100,33.943
1738264777.355187,1025253.000,34211,1,T1,1,100,33.904
1738264777.489193,1025387.000,34228,1,T1,1,100,33.852
1738264777.622198,1025520.000,34245,1,T1,1,100,33.901
1738264777.755203,1025653.000,34278,1,T1,1,100,33.780
1738264777.888209,1025786.000,34294,1,T1,1,100,33.834
1738264778.022214,1025920.000,34311,1,T1,1,100,33.857
1738264778.155219,1026053.000,34327,1,T1,1,100,33.867
1738264778.288225,1026186.000,34360,1,T1,1,100,33.872
1738264778.422230,1026320.000,34377,1,T1,1,100,33.803
1738264778.555235,1026453.000,34394,1,T1,1,100,33.808
1738264778.688241,1026586.000,34426,1,T1,1,100,33.846
1738264778.822246,1026720.000,34444,1,T1,1,100,33.827
1738264778.955251,1026853.000,34460,1,T1,1,100,33.748
1738264779.088257,1026986.000,34493,1,T1,1,100,33.820
1738264779.222262,1027120.000,34517,1,T1,1,100,33.780
1738264779.355267,1027253.000,34533,1,T1,1,100,33.799
1738264779.488273,1027386.000,34551,1,T1,1,100,33.771
1738264779.622278,1027520.000,34569,1,T1,1,100,33.830
1738264779.755283,1027653.000,34602,1,T1,1,100,33.891
1738264779.888288,1027786.000,34619,1,T1,1,100,33.953
1738264780.022294,1027920.000,34635,1,T1,1,100,33.838
1738264780.155299,1028053.000,34668,1,T1,1,100,33.788
1738264780.288305,1028186.000,34685,1,T1,1,100,33.766
1738264780.422310,1028320.000,34701,1,T1,1,100,33.757
1738264780.555315,1028453.000,34734,1,T1,1,100,33.718
1738264780.688321,1028586.000,34753,1,T1,1,100,33.807
1738264780.822326,1028720.000,34770,1,T1,1,100,33.846
1738264780.955331,1028853.000,34787,1,T1,1,100,33.862
1738264781.088336,1028986.000,34819,1,T1,1,100,33.940
1738264781.221342,1029119.000,34836,1,T1,1,100,33.868
1738264781.355347,1029253.000,34853,1,T1,1,100,33.872
1738264781.488353,1029386.000,34886,1,T1,1,100,33.838
1738264781.621358,1029519.000,34902,1,T1,1,100,33.895
1738264781.755363,1029653.000,34919,1,T1,1,100,33.883
1738264781.888368,1029786.000,34952,1,T1,1,100,33.879
1738264782.021374,1029919.000,34968,1,T1,1,100,33.806
1738264782.155379,1030053.000,34986,1,T1,1,100,33.916
1738264782.288384,1030186.000,35022,1,T1,1,100,33.964
1738264782.421390,1030319.000,35038,1,T1,1,100,33.878
1738264782.555395,1030453.000,35056,1,T1,1,100,33.912
1738264782.688400,1030586.000,35088,1,T1,1,100,33.891
1738264782.821406,1030719.000,35105,1,T1,1,100,33.917
1738264782.955411,1030853.000,35122,1,T1,1,100,33.893
1738264783.088416,1030986.000,35138,1,T1,1,100,33.883
1738264783.221422,1031119.000,35171,1,T1,1,100,33.843
1738264783.355427,1031253.000,35188,1,T1,1,100,33.861
1738264783.488432,1031386.000,35205,1,T1,1,100,33.904
1738264783.621438,1031519.000,35237,1,T1,1,100,33.888
1738264783.755443,1031653.000,35254,1,T1,1,100,33.845
1738264783.888448,1031786.000,35271,1,T1,1,100,33.827
1738264784.021454,1031919.000,35303,1,T1,1,100,33.960
1738264784.154459,1032052.000,35321,1,T1,1,100,33.912
1738264784.288464,1032186.000,35337,1,T1,1,100,33.856
1738264784.421469,1032319.000,35359,1,T1,1,100,33.831
1738264784.554475,1032452.000,35376,1,T1,1,100,33.891
1738264784.688480,1032586.000,35410,1,T1,1,100,33.811
1738264784.821486,1032719.000,35428,1,T1,1,100,33.847
1738264784.954491,1032852.000,35444,1,T1,1,100,33.899
1738264785.088496,1032986.000,35477,1,T1,1,100,33.885
1738264785.221502,1033119.000,35494,1,T1,1,100,33.879
1738264785.354507,1033252.000,35510,1,T1,1,100,33.806
1738264785.488512,1033386.000,35545,1,T1,1,100,33.774
1738264785.621517,1033519.000,35562,1,T1,1,100,33.831
1738264785.754523,1033652.000,35578,1,T1,1,100,33.856
1738264785.888528,1033786.000,35611,1,T1,1,100,33.867
1738264786.021533,1033919.000,35628,1,T1,1,100,33.871
1738264786.154539,1034052.000,35645,1,T1,1,100,33.803
1738264786.288544,1034186.000,35662,1,T1,1,100,33.844
1738264786.421549,1034319.000,35694,1,T1,1,100,33.826
1738264786.554555,1034452.000,35711,1,T1,1,100,33.925
1738264786.688560,1034586.000,35728,1,T1,1,100,33.826
1738264786.821565,1034719.000,35763,1,T1,1,100,33.854
1738264786.954571,1034852.000,35779,1,T1,1,100,33.795
1738264787.088576,1034986.000,35796,1,T1,1,100,33.911
1738264787.221581,1035119.000,35833,1,T1,1,100,33.855
1738264787.354587,1035252.000,35849,1,T1,1,100,33.760
1738264787.488592,1035386.000,35867,1,T1,1,100,33.825
1738264787.621597,1035519.000,35899,1,T1,1,100,33.818
1738264787.754603,1035652.000,35915,1,T1,1,100,33.815
1738264787.888608,1035786.000,35933,1,T1,1,100,33.814
1738264788.021613,1035919.000,35965,1,T1,1,100,33.848
1738264788.154619,1036052.000,35982,1,T1,1,100,33.899
1738264788.287624,1036185.000,35999,1,T1,1,100,33.885
1738264788.421629,1036319.000,36015,1,T1,1,100,33.879
1738264788.554635,1036452.000,36048,1,T1,1,100,33.841
1738264788.687640,1036585.000,36065,1,T1,1,100,33.754
1738264788.821645,1036719.000,36082,1,T1,1,100,33.823
1738264788.954650,1036852.000,36116,1,T1,1,100,33.888
1738264789.087656,1036985.000,36133,1,T1,1,100,33.774
1738264789.221661,1037119.000,36150,1,T1,1,100,33.831
1738264789.354666,1037252.000,36182,1,T1,1,100,33.821
1738264789.487672,1037385.000,36205,1,T1,1,100,33.816
1738264789.621677,1037519.000,36221,1,T1,1,100,33.849
1738264789.754683,1037652.000,36238,1,T1,1,100,33.829
1738264789.887688,1037785.000,36255,1,T1,1,100,33.819
1738264790.021693,1037919.000,36289,1,T1,1,100,33.815
1738264790.154698,1038052.000,36307,1,T1,1,100,33.920
1738264790.287704,1038185.000,36323,1,T1,1,100,33.824
1738264790.421709,1038319.000,36358,1,T1,1,100,33.782
1738264790.554714,1038452.000,36375,1,T1,1,100,33.799
1738264790.687720,1038585.000,36391,1,T1,1,100,33.878
1738264790.820725,1038718.000,36426,1,T1,1,100,33.876
1738264790.954730,1038852.000,36443,1,T1,1,100,33.734
1738264791.087736,1038985.000,36459,1,T1,1,100,33.814
1738264791.221741,1039119.000,36494,1,T1,1,100,33.955
1738264791.354746,1039252.000,36511,1,T1,1,100,33.980
1738264791.487752,1039385.000,36528,1,T1,1,100,33.885
1738264791.620757,1039518.000,36545,1,T1,1,100,33.844
1738264791.754762,1039652.000,36577,1,T1,1,100,33.862
1738264791.887768,1039785.000,36596,1,T1,1,100,33.834
1738264792.020773,1039918.000,36613,1,T1,1,100,33.822
1738264792.154778,1040052.000,36648,1,T1,1,100,33.887
1738264792.287784,1040185.000,36664,1,T1,1,100,33.774
1738264792.420789,1040318.000,36681,1,T1,1,100,33.867
1738264792.554794,1040452.000,36714,1,T1,1,100,33.871
1738264792.687799,1040585.000,36730,1,T1,1,100,33.767
1738264792.820805,1040718.000,36748,1,T1,1,100,33.757
1738264792.954810,1040852.000,36782,1,T1,1,100,33.753
1738264793.087816,1040985.000,36800,1,T1,1,100,33.822
1738264793.220821,1041118.000,36818,1,T1,1,100,33.888
1738264793.354826,1041252.000,36852,1,T1,1,100,33.916
1738264793.487831,1041385.000,36869,1,T1,1,100,33.822
1738264793.620837,1041518.000,36886,1,T1,1,100,33.746
1738264793.754842,1041652.000,36919,1,T1,1,100,33.854
1738264793.887847,1041785.000,36935,1,T1,1,100,33.866
1738264794.020853,1041918.000,36952,1,T1,1,100,33.942
1738264794.153858,1042051.000,36968,1,T1,1,100,33.904
1738264794.287863,1042185.000,37003,1,T1,1,100,33.852
1738264794.420869,1042318.000,37020,1,T1,1,100,33.936
1738264794.553874,1042451.000,37037,1,T1,1,100,33.901
1738264794.687879,1042585.000,37059,1,T1,1,100,33.851
1738264794.820885,1042718.000,37094,1,T1,1,100,33.829
1738264794.953890,1042851.000,37110,1,T1,1,100,33.820
1738264795.087895,1042985.000,37127,1,T1,1,100,33.851
1738264795.220901,1043118.000,37146,1,T1,1,100,33.687
1738264795.353906,1043251.000,37178,1,T1,1,100,33.723
1738264795.487911,1043385.000,37196,1,T1,1,100,33.809
1738264795.620917,1043518.000,37212,1,T1,1,100,33.847
1738264795.753922,1043651.000,37245,1,T1,1,100,33.863
1738264795.887927,1043785.000,37262,1,T1,1,100,33.763
1738264796.020933,1043918.000,37278,1,T1,1,100,33.898
1738264796.153938,1044051.000,37311,1,T1,1,100,33.920
1738264796.287943,1044185.000,37328,1,T1,1,100,33.895
1738264796.420949,1044318.000,37344,1,T1,1,100,33.883
1738264796.553954,1044451.000,37377,1,T1,1,100,33.950
1738264796.687959,1044585.000,37394,1,T1,1,100,34.049
1738264796.820965,1044718.000,37411,1,T1,1,100,33.950
1738264796.953970,1044851.000,37445,1,T1,1,100,33.943
1738264797.087975,1044985.000,37463,1,T1,1,100,33.798
1738264797.220980,1045118.000,37481,1,T1,1,100,33.842
1738264797.353986,1045251.000,37498,1,T1,1,100,33.932
1738264797.486991,1045384.000,37533,1,T1,1,100,33.864
1738264797.620996,1045518.000,37549,1,T1,1,100,33.764
1738264797.754002,1045651.000,37566,1,T1,1,100,33.827
1738264797.887007,1045784.000,37601,1,T1,1,100,33.819
1738264798.021013,1045918.000,37617,1,T1,1,100,33.815
1738264798.154018,1046051.000,37635,1,T1,1,100,33.778
1738264798.287023,1046184.000,37667,1,T1,1,100,33.798
1738264798.421028,1046318.000,37685,1,T1,1,100,33.771
1738264798.554034,1046451.000,37703,1,T1,1,100,33.865
1738264798.687039,1046584.000,37735,1,T1,1,100,33.906
1738264798.821044,1046718.000,37752,1,T1,1,100,33.853
1738264798.954050,1046851.000,37769,1,T1,1,100,33.830
1738264799.087055,1046984.000,37785,1,T1,1,100,33.820
1738264799.221060,1047118.000,37820,1,T1,1,100,33.851
1738264799.354066,1047251.000,37837,1,T1,1,100,33.865
1738264799.487071,1047384.000,37854,1,T1,1,100,33.835
1738264799.621076,1047518.000,37886,1,T1,1,100,33.858
1738264799.754082,1047651.000,37909,1,T1,1,100,33.832
1738264799.887087,1047784.000,37925,1,T1,1,100,33.821
1738264800.021092,1047918.000,37942,1,T1,1,100,33.710
1738264800.154098,1048051.000,37975,1,T1,1,100,33.839
1738264800.287103,1048184.000,37991,1,T1,1,100,33.859
1738264800.421108,1048318.000,38010,1,T1,1,100,33.975
1738264800.554114,1048451.000,38027,1,T1,1,100,33.954
1738264800.687119,1048584.000,38059,1,T1,1,100,33.803
1738264800.820124,1048717.000,38077,1,T1,1,100,33.879
1738264800.954129,1048851.000,38093,1,T1,1,100,33.877
1738264801.087135,1048984.000,38126,1,T1,1,100,33.840
1738264801.220140,1049117.000,38143,1,T1,1,100,33.860
1738264801.354146,1049251.000,38159,1,T1,1,100,33.939
1738264801.487151,1049384.000,38194,1,T1,1,100,33.938
1738264801.620156,1049517.000,38211,1,T1,1,100,33.867
1738264801.754161,1049651.000,38227,1,T1,1,100,33.801
1738264801.887167,1049784.000,38262,1,T1,1,100,33.807
1738264802.020172,1049917.000,38279,1,T1,1,100,33.846
1738264802.154177,1050051.000,38296,1,T1,1,100,33.898
1738264802.287183,1050184.000,38315,1,T1,1,100,33.956
1738264802.420188,1050317.000,38347,1,T1,1,100,33.945
1738264802.554193,1050451.000,38364,1,T1,1,100,33.941
1738264802.687199,1050584.000,38383,1,T1,1,100,33.904
1738264802.820204,1050717.000,38416,1,T1,1,100,33.887
1738264802.954209,1050851.000,38432,1,T1,1,100,33.880
1738264803.087215,1050984.000,38451,1,T1,1,100,33.842
1738264803.220220,1051117.000,38484,1,T1,1,100,33.825
1738264803.354225,1051251.000,38500,1,T1,1,100,33.783
1738264803.487231,1051384.000,38518,1,T1,1,100,33.941
1738264803.620236,1051517.000,38550,1,T1,1,100,33.868
1738264803.754241,1051651.000,38566,1,T1,1,100,33.837
1738264803.887247,1051784.000,38584,1,T1,1,100,33.858
1738264804.020252,1051917.000,38616,1,T1,1,100,33.868
1738264804.154257,1052051.000,38633,1,T1,1,100,33.872
1738264804.287263,1052184.000,38650,1,T1,1,100,33.909
1738264804.420268,1052317.000,38683,1,T1,1,100,33.890
1738264804.553273,1052450.000,38699,1,T1,1,100,33.846
1738264804.687279,1052584.000,38716,1,T1,1,100,33.792
1738264804.820284,1052717.000,38732,1,T1,1,100,33.803
1738264804.953289,1052850.000,38755,1,T1,1,100,33.986
1738264805.087295,1052984.000,38788,1,T1,1,100,33.958
1738264805.220300,1053117.000,38804,1,T1,1,100,33.876
1738264805.353305,1053250.000,38821,1,T1,1,100,33.946
1738264805.487310,1053384.000,38837,1,T1,1,100,33.977
1738264805.620316,1053517.000,38872,1,T1,1,100,33.848
1738264805.753321,1053650.000,38889,1,T1,1,100,33.899
1738264805.887326,1053784.000,38906,1,T1,1,100,33.921
1738264806.020332,1053917.000,38938,1,T1,1,100,33.966
1738264806.153337,1054050.000,38956,1,T1,1,100,33.843
1738264806.287342,1054184.000,38972,1,T1,1,100,33.826
1738264806.420348,1054317.000,39005,1,T1,1,100,33.854
1738264806.553353,1054450.000,39022,1,T1,1,100,33.901
1738264806.687358,1054584.000,39038,1,T1,1,100,33.922
1738264806.820364,1054717.000,39071,1,T1,1,100,33.860
1738264806.953369,1054850.000,39088,1,T1,1,100,33.939
1738264807.087374,1054984.000,39106,1,T1,1,100,34.009
1738264807.220380,1055117.000,39141,1,T1,1,100,33.969
1738264807.353385,1055250.000,39158,1,T1,1,100,33.951
1738264807.486390,1055383.000,39175,1,T1,1,100,33.943
1738264807.620396,1055517.000,39207,1,T1,1,100,34.046
1738264807.753401,1055650.000,39224,1,T1,1,100,33.985
1738264807.886406,1055783.000,39241,1,T1,1,100,33.922
1738264808.020411,1055917.000,39273,1,T1,1,100,33.896
1738264808.153417,1056050.000,39291,1,T1,1,100,33.990
1738264808.286422,1056183.000,39307,1,T1,1,100,33.960
1738264808.420428,1056317.000,39324,1,T1,1,100,33.841
1738264808.553433,1056450.000,39357,1,T1,1,100,33.825
1738264808.686438,1056583.000,39373,1,T1,1,100,33.747
1738264808.820444,1056717.000,39393,1,T1,1,100,33.820
1738264808.953449,1056850.000,39425,1,T1,1,100,33.816
1738264809.086454,1056983.000,39441,1,T1,1,100,33.778
1738264809.220459,1057117.000,39459,1,T1,1,100,33.833
1738264809.353465,1057250.000,39491,1,T1,1,100,33.892
1738264809.486470,1057383.000,39508,1,T1,1,100,33.883
1738264809.620476,1057517.000,39525,1,T1,1,100,33.807
1738264809.753481,1057650.000,39560,1,T1,1,100,33.846
1738264809.886486,1057783.000,39576,1,T1,1,100,33.791
1738264810.020491,1057917.000,39600,1,T1,1,100,33.839
1738264810.153497,1058050.000,39617,1,T1,1,100,33.859
1738264810.286502,1058183.000,39634,1,T1,1,100,33.939
1738264810.420507,1058317.000,39650,1,T1,1,100,33.938
1738264810.553513,1058450.000,39683,1,T1,1,100,33.938
1738264810.686518,1058583.000,39700,1,T1,1,100,33.938
1738264810.820523,1058717.000,39717,1,T1,1,100,33.831
1738264810.953529,1058850.000,39751,1,T1,1,100,33.891
1738264811.086534,1058983.000,39768,1,T1,1,100,33.847
1738264811.219539,1059116.000,39785,1,T1,1,100,33.934
1738264811.353545,1059250.000,39817,1,T1,1,100,33.900
1738264811.486550,1059383.000,39835,1,T1,1,100,33.886
1738264811.619555,1059516.000,39851,1,T1,1,100,33.844
1738264811.753561,1059650.000,39886,1,T1,1,100,33.862
1738264811.886566,1059783.000,39903,1,T1,1,100,33.798
1738264812.019571,1059916.000,39919,1,T1,1,100,33.842
1738264812.153577,1060050.000,39936,1,T1,1,100,33.896
1738264812.286582,1060183.000,39971,1,T1,1,100,33.849
1738264812.419587,1060316.000,39987,1,T1,1,100,33.899
1738264812.553592,1060450.000,40005,1,T1,1,100,33.885
1738264812.686598,1060583.000,40039,1,T1,1,100,33.880
1738264812.819603,1060716.000,40056,1,T1,1,100,33.912
1738264812.953609,1060850.000,40073,1,T1,1,100,33.962
1738264813.086614,1060983.000,40106,1,T1,1,100,33.984
1738264813.219619,1061116.000,40122,1,T1,1,100,33.851
1738264813.353625,1061250.000,40141,1,T1,1,100,33.900
1738264813.486630,1061383.000,40174,1,T1,1,100,33.850
1738264813.619635,1061516.000,40190,1,T1,1,100,33.900
1738264813.753640,1061650.000,40207,1,T1,1,100,33.886
1738264813.886646,1061783.000,40240,1,T1,1,100,33.951
1738264814.019651,1061916.000,40256,1,T1,1,100,33.872
1738264814.152656,1062049.000,40274,1,T1,1,100,33.838
1738264814.286662,1062183.000,40290,1,T1,1,100,33.859
1738264814.419667,1062316.000,40323,1,T1,1,100,33.904
1738264814.552672,1062449.000,40340,1,T1,1,100,33.887
1738264814.686678,1062583.000,40356,1,T1,1,100,33.809
1738264814.819683,1062716.000,40391,1,T1,1,100,33.776
1738264814.952688,1062849.000,40408,1,T1,1,100,33.903
1738264815.086694,1062983.000,40424,1,T1,1,100,33.887
1738264815.219699,1063116.000,40445,1,T1,1,100,33.916
1738264815.352704,1063249.000,40477,1,T1,1,100,33.857
1738264815.486710,1063383.000,40496,1,T1,1,100,33.938
1738264815.619715,1063516.000,40513,1,T1,1,100,33.796
1738264815.752720,1063649.000,40529,1,T1,1,100,33.876
1738264815.886726,1063783.000,40562,1,T1,1,100,33.876
1738264816.019731,1063916.000,40579,1,T1,1,100,33.982
1738264816.152736,1064049.000,40596,1,T1,1,100,33.921
1738264816.286741,1064183.000,40628,1,T1,1,100,33.824
1738264816.419747,1064316.000,40645,1,T1,1,100,33.888
1738264816.552752,1064449.000,40662,1,T1,1,100,33.810
1738264816.686758,1064583.000,40694,1,T1,1,100,33.989
1738264816.819763,1064716.000,40712,1,T1,1,100,33.924
1738264816.952768,1064849.000,40730,1,T1,1,100,33.861
1738264817.085773,1064982.000,40763,1,T1,1,100,33.833
1738264817.219779,1065116.000,40782,1,T1,1,100,33.822
1738264817.352784,1065249.000,40798,1,T1,1,100,33.852
1738264817.486789,1065383.000,40831,1,T1,1,100,33.865
1738264817.619795,1065516.000,40848,1,T1,1,100,33.835
1738264817.752800,1065649.000,40864,1,T1,1,100,33.751
1738264817.885805,1065782.000,40882,1,T1,1,100,33.857
1738264818.019811,1065916.000,40916,1,T1,1,100,33.903
1738264818.152816,1066049.000,40933,1,T1,1,100,33.887
1738264818.285821,1066182.000,40950,1,T1,1,100,33.951
1738264818.419827,1066316.000,40983,1,T1,1,100,33.908
1738264818.552832,1066449.000,40999,1,T1,1,100,33.854
1738264818.685837,1066582.000,41016,1,T1,1,100,33.937
1738264818.819843,1066716.000,41051,1,T1,1,100,33.866
1738264818.952848,1066849.000,41067,1,T1,1,100,33.871
1738264819.085853,1066982.000,41084,1,T1,1,100,33.944
1738264819.219859,1067116.000,41117,1,T1,1,100,33.905
1738264819.352864,1067249.000,41133,1,T1,1,100,33.923
1738264819.485869,1067382.000,41151,1,T1,1,100,33.931
1738264819.619875,1067516.000,41185,1,T1,1,100,33.970
1738264819.752880,1067649.000,41201,1,T1,1,100,33.916
1738264819.885885,1067782.000,41219,1,T1,1,100,33.999
1738264820.019891,1067916.000,41251,1,T1,1,100,34.000
1738264820.152896,1068049.000,41268,1,T1,1,100,33.964
1738264820.285901,1068182.000,41292,1,T1,1,100,33.949
1738264820.419907,1068316.000,41310,1,T1,1,100,33.943
1738264820.552912,1068449.000,41328,1,T1,1,100,33.798
1738264820.685917,1068582.000,41360,1,T1,1,100,33.735
1738264820.819922,1068716.000,41379,1,T1,1,100,33.815
1738264820.952928,1068849.000,41396,1,T1,1,100,33.778
1738264821.085933,1068982.000,41429,1,T1,1,100,33.798
1738264821.218939,1069115.000,41445,1,T1,1,100,33.806
1738264821.352944,1069249.000,41462,1,T1,1,100,33.810
1738264821.485949,1069382.000,41495,1,T1,1,100,33.740
1738264821.618954,1069515.000,41511,1,T1,1,100,33.888
1738264821.752960,1069649.000,41528,1,T1,1,100,33.774
1738264821.885965,1069782.000,41545,1,T1,1,100,33.796
1738264822.018970,1069915.000,41579,1,T1,1,100,33.876
1738264822.152976,1070049.000,41597,1,T1,1,100,33.982
1738264822.285981,1070182.000,41615,1,T1,1,100,33.992
1738264822.418986,1070315.000,41648,1,T1,1,100,33.819
1738264822.552992,1070449.000,41665,1,T1,1,100,33.851
1738264822.685997,1070582.000,41681,1,T1,1,100,33.935
1738264822.819002,1070715.000,41714,1,T1,1,100,33.937
1738264822.953008,1070849.000,41731,1,T1,1,100,33.902
1738264823.086013,1070982.000,41747,1,T1,1,100,33.816
1738264823.219018,1071115.000,41782,1,T1,1,100,33.814
1738264823.353024,1071249.000,41799,1,T1,1,100,33.884
1738264823.486029,1071382.000,41818,1,T1,1,100,33.843
1738264823.619034,1071515.000,41835,1,T1,1,100,33.861
1738264823.753040,1071649.000,41867,1,T1,1,100,33.798
1738264823.886045,1071782.000,41884,1,T1,1,100,33.913
1738264824.019050,1071915.000,41901,1,T1,1,100,33.962
1738264824.152056,1072048.000,41934,1,T1,1,100,33.877
1738264824.286061,1072182.000,41952,1,T1,1,100,33.841
1738264824.419066,1072315.000,41969,1,T1,1,100,33.825
1738264824.552072,1072448.000,42002,1,T1,1,100,33.747
1738264824.686077,1072582.000,42018,1,T1,1,100,33.713
1738264824.819082,1072715.000,42036,1,T1,1,100,33.770
1738264824.952087,1072848.000,42070,1,T1,1,100,33.794
1738264825.086093,1072982.000,42086,1,T1,1,100,33.804
1738264825.219098,1073115.000,42104,1,T1,1,100,33.844
1738264825.352603,1073248.500,42141,2,T1,1,100,33.755
1738264825.486109,1073382.000,42141,2,T1,1,100,33.823
1738264825.619114,1073515.000,42174,1,T1,1,100,33.888
1738264825.752120,1073648.000,42190,1,T1,1,100,33.881
1738264825.886125,1073782.000,42208,1,T1,1,100,33.913
1738264826.019130,1073915.000,42242,1,T1,1,100,33.856
1738264826.152135,1074048.000,42259,1,T1,1,100,33.902
1738264826.286141,1074182.000,42276,1,T1,1,100,34.029
1738264826.419146,1074315.000,42309,1,T1,1,100,34.012
1738264826.552151,1074448.000,42325,1,T1,1,100,34.005
1738264826.686157,1074582.000,42342,1,T1,1,100,33.967
1738264826.819162,1074715.000,42377,1,T1,1,100,33.879
1738264826.952167,1074848.000,42393,1,T1,1,100,33.841
1738264827.086173,1074982.000,42410,1,T1,1,100,33.754
1738264827.219178,1075115.000,42445,1,T1,1,100,33.823
1738264827.352183,1075248.000,42461,1,T1,1,100,33.888
1738264827.486189,1075382.000,42481,1,T1,1,100,33.916
1738264827.619194,1075515.000,42513,1,T1,1,100,33.964
1738264827.752199,1075648.000,42529,1,T1,1,100,33.878
1738264827.885205,1075781.000,42547,1,T1,1,100,33.876
1738264828.019210,1075915.000,42563,1,T1,1,100,33.911
1738264828.152215,1076048.000,42596,1,T1,1,100,33.961
1738264828.285221,1076181.000,42613,1,T1,1,100,33.912
1738264828.419226,1076315.000,42629,1,T1,1,100,33.962
1738264828.552231,1076448.000,42662,1,T1,1,100,33.877
1738264828.685236,1076581.000,42679,1,T1,1,100,33.947
1738264828.819242,1076715.000,42696,1,T1,1,100,33.977
1738264828.952247,1076848.000,42728,1,T1,1,100,33.884
1738264829.085253,1076981.000,42747,1,T1,1,100,33.843
1738264829.219258,1077115.000,42764,1,T1,1,100,33.932
1738264829.352263,1077248.000,42796,1,T1,1,100,34.006
1738264829.485268,1077381.000,42814,1,T1,1,100,33.967
1738264829.619274,1077515.000,42830,1,T1,1,100,33.915
1738264829.752279,1077648.000,42863,1,T1,1,100,33.963
1738264829.885284,1077781.000,42882,1,T1,1,100,33.984
1738264830.019290,1077915.000,42898,1,T1,1,100,33.993
1738264830.152295,1078048.000,42931,1,T1,1,100,33.891
1738264830.285300,1078181.000,42948,1,T1,1,100,33.846
1738264830.419306,1078315.000,42964,1,T1,1,100,33.969
1738264830.552311,1078448.000,42987,1,T1,1,100,34.057
1738264830.685316,1078581.000,43003,1,T1,1,100,34.025
1738264830.818322,1078714.000,43038,1,T1,1,100,34.011
1738264830.952327,1078848.000,43055,1,T1,1,100,33.863
1738264831.085332,1078981.000,43071,1,T1,1,100,33.976
1738264831.218338,1079114.000,43104,1,T1,1,100,33.990
1738264831.352343,1079248.000,43121,1,T1,1,100,33.925
1738264831.485348,1079381.000,43138,1,T1,1,100,33.861
1738264831.618354,1079514.000,43155,1,T1,1,100,33.833
1738264831.752359,1079648.000,43188,1,T1,1,100,33.857
1738264831.885364,1079781.000,43206,1,T1,1,100,33.938
1738264832.018370,1079914.000,43223,1,T1,1,100,33.831
1738264832.152375,1080048.000,43258,1,T1,1,100,33.821
1738264832.285380,1080181.000,43274,1,T1,1,100,33.816
1738264832.418386,1080314.000,43291,1,T1,1,100,33.920
1738264832.552391,1080448.000,43324,1,T1,1,100,33.824
1738264832.685396,1080581.000,43340,1,T1,1,100,33.817
1738264832.818402,1080714.000,43358,1,T1,1,100,33.779
1738264832.952407,1080848.000,43390,1,T1,1,100,33.834
1738264833.085412,1080981.000,43406,1,T1,1,100,33.928
1738264833.218417,1081114.000,43424,1,T1,1,100,33.827
1738264833.352423,1081248.000,43458,1,T1,1,100,33.925
1738264833.485428,1081381.000,43475,1,T1,1,100,34.003
1738264833.618433,1081514.000,43492,1,T1,1,100,33.966
1738264833.752439,1081648.000,43508,1,T1,1,100,33.985
1738264833.885444,1081781.000,43541,1,T1,1,100,33.923
1738264834.018449,1081914.000,43558,1,T1,1,100,33.896
1738264834.151455,1082047.000,43575,1,T1,1,100,33.884
1738264834.285460,1082181.000,43607,1,T1,1,100,33.950
1738264834.418465,1082314.000,43624,1,T1,1,100,34.014
1738264834.551471,1082447.000,43641,1,T1,1,100,34.006
1738264834.685476,1082581.000,43673,1,T1,1,100,33.967
1738264834.818481,1082714.000,43691,1,T1,1,100,33.950
1738264834.951487,1082847.000,43707,1,T1,1,100,33.979
1738264835.085492,1082981.000,43740,1,T1,1,100,33.955
1738264835.218497,1083114.000,43757,1,T1,1,100,33.981
1738264835.351503,1083247.000,43773,1,T1,1,100,34.027
1738264835.485508,1083381.000,43792,1,T1,1,100,34.012
1738264835.618513,1083514.000,43830,1,T1,1,100,33.934
1738264835.751518,1083647.000,43847,1,T1,1,100,33.936
1738264835.885524,1083781.000,43866,1,T1,1,100,33.937
1738264836.018529,1083914.000,43882,1,T1,1,100,33.973
1738264836.151535,1084047.000,43915,1,T1,1,100,33.917
1738264836.285540,1084181.000,43934,1,T1,1,100,33.964
1738264836.418545,1084314.000,43950,1,T1,1,100,33.985
1738264836.551551,1084447.000,43983,1,T1,1,100,34.064
1738264836.685556,1084581.000,44000,1,T1,1,100,33.886
1738264836.818561,1084714.000,44017,1,T1,1,100,33.915
1738264836.951566,1084847.000,44051,1,T1,1,100,33.928
1738264837.085572,1084981.000,44068,1,T1,1,100,34.004
1738264837.218577,1085114.000,44087,1,T1,1,100,34.002
1738264837.351583,1085247.000,44104,1,T1,1,100,34.001
1738264837.484588,1085380.000,44139,1,T1,1,100,33.965
1738264837.618593,1085514.000,44155,1,T1,1,100,33.843
1738264837.751598,1085647.000,44172,1,T1,1,100,33.968
1738264837.884604,1085780.000,44205,1,T1,1,100,33.880
1738264838.018609,1085914.000,44221,1,T1,1,100,33.912
1738264838.151614,1086047.000,44239,1,T1,1,100,33.820
1738264838.284620,1086180.000,44271,1,T1,1,100,33.958
1738264838.418625,1086314.000,44287,1,T1,1,100,33.946
1738264838.551630,1086447.000,44305,1,T1,1,100,34.012
1738264838.684636,1086580.000,44339,1,T1,1,100,34.005
1738264838.818641,1086714.000,44356,1,T1,1,100,33.967
1738264838.951646,1086847.000,44373,1,T1,1,100,33.950
1738264839.084652,1086980.000,44406,1,T1,1,100,33.943
1738264839.218657,1087114.000,44422,1,T1,1,100,33.975
1738264839.351662,1087247.000,44441,1,T1,1,100,33.954
1738264839.484668,1087380.000,44474,1,T1,1,100,33.945
1738264839.618673,1087514.000,44492,1,T1,1,100,33.941
1738264839.751678,1087647.000,44509,1,T1,1,100,33.903
1738264839.884684,1087780.000,44526,1,T1,1,100,33.852
1738264840.018689,1087914.000,44558,1,T1,1,100,33.936
1738264840.151694,1088047.000,44576,1,T1,1,100,33.866
1738264840.284700,1088180.000,44592,1,T1,1,100,33.836
1738264840.418705,1088314.000,44625,1,T1,1,100,33.929
1738264840.551710,1088447.000,44642,1,T1,1,100,33.969
1738264840.684716,1088580.000,44660,1,T1,1,100,33.880
1738264840.817721,1088713.000,44683,1,T1,1,100,34.019
1738264840.951726,1088847.000,44715,1,T1,1,100,34.008
1738264841.084732,1088980.000,44731,1,T1,1,100,33.968
1738264841.217737,1089113.000,44749,1,T1,1,100,33.809
1738264841.351742,1089247.000,44765,1,T1,1,100,33.882
1738264841.484747,1089380.000,44800,1,T1,1,100,33.913
1738264841.617753,1089513.000,44817,1,T1,1,100,33.856
1738264841.751758,1089647.000,44833,1,T1,1,100,33.867
1738264841.884763,1089780.000,44866,1,T1,1,100,33.871
1738264842.017769,1089913.000,44883,1,T1,1,100,33.909
1738264842.151774,1090047.000,44900,1,T1,1,100,33.961
1738264842.284779,1090180.000,44934,1,T1,1,100,33.806
1738264842.417785,1090313.000,44951,1,T1,1,100,33.774
1738264842.551790,1090447.000,44968,1,T1,1,100,33.796
1738264842.684795,1090580.000,45002,1,T1,1,100,33.876
1738264842.817801,1090713.000,45020,1,T1,1,100,33.911
1738264842.951806,1090847.000,45036,1,T1,1,100,33.855
1738264843.084811,1090980.000,45053,1,T1,1,100,33.937
1738264843.217817,1091113.000,45086,1,T1,1,100,33.973
1738264843.351822,1091247.000,45102,1,T1,1,100,33.988
1738264843.484827,1091380.000,45120,1,T1,1,100,33.889
1738264843.617833,1091513.000,45152,1,T1,1,100,33.987
1738264843.751838,1091647.000,45168,1,T1,1,100,33.959
1738264843.884843,1091780.000,45186,1,T1,1,100,34.018
1738264844.017848,1091913.000,45218,1,T1,1,100,34.008
1738264844.150854,1092046.000,45235,1,T1,1,100,33.861
1738264844.284859,1092180.000,45252,1,T1,1,100,33.869
1738264844.417865,1092313.000,45285,1,T1,1,100,33.979
1738264844.551870,1092447.000,45301,1,T1,1,100,33.920
1738264844.684875,1092580.000,45318,1,T1,1,100,33.965
1738264844.817881,1092713.000,45351,1,T1,1,100,33.914
1738264844.950886,1092846.000,45367,1,T1,1,100,33.892
1738264845.084891,1092980.000,45384,1,T1,1,100,33.953
1738264845.217896,1093113.000,45401,1,T1,1,100,33.909
1738264845.350902,1093246.000,45433,1,T1,1,100,33.890
1738264845.484907,1093380.000,45451,1,T1,1,100,33.846
1738264845.617913,1093513.000,45469,1,T1,1,100,33.969
1738264845.750918,1093646.000,45502,1,T1,1,100,33.951
1738264845.884923,1093780.000,45522,1,T1,1,100,33.943
1738264846.017928,1093913.000,45538,1,T1,1,100,33.975
1738264846.150934,1094046.000,45558,1,T1,1,100,33.918
1738264846.284939,1094180.000,45590,1,T1,1,100,33.965
1738264846.417944,1094313.000,45606,1,T1,1,100,33.914
1738264846.550950,1094446.000,45624,1,T1,1,100,33.856
1738264846.684955,1094580.000,45656,1,T1,1,100,34.009
1738264846.817960,1094713.000,45675,1,T1,1,100,34.004
1738264846.950966,1094846.000,45692,1,T1,1,100,33.895
1738264847.084971,1094980.000,45708,1,T1,1,100,33.884
1738264847.217976,1095113.000,45743,1,T1,1,100,33.808
1738264847.350982,1095246.000,45760,1,T1,1,100,33.740
1738264847.484987,1095380.000,45777,1,T1,1,100,33.852
1738264847.617992,1095513.000,45809,1,T1,1,100,33.900
1738264847.750998,1095646.000,45826,1,T1,1,100,33.921
1738264847.884003,1095779.000,45843,1,T1,1,100,33.931
1738264848.018008,1095913.000,45875,1,T1,1,100,34.041
1738264848.151014,1096046.000,45893,1,T1,1,100,33.876
1738264848.284019,1096179.000,45911,1,T1,1,100,33.875
1738264848.418024,1096313.000,45944,1,T1,1,100,33.911
1738264848.551029,1096446.000,45961,1,T1,1,100,33.890
1738264848.684035,1096579.000,45977,1,T1,1,100,33.953
1738264848.818040,1096713.000,46010,1,T1,1,100,33.873
1738264848.951046,1096846.000,46027,1,T1,1,100,33.910
1738264849.084051,1096979.000,46043,1,T1,1,100,33.855
1738264849.218056,1097113.000,46061,1,T1,1,100,33.902
1738264849.351062,1097246.000,46093,1,T1,1,100,33.922
1738264849.484067,1097379.000,46110,1,T1,1,100,33.931
1738264849.618072,1097513.000,46127,1,T1,1,100,33.899
1738264849.751077,1097646.000,46160,1,T1,1,100,33.956
1738264849.884083,1097779.000,46176,1,T1,1,100,33.981
1738264850.018088,1097913.000,46193,1,T1,1,100,33.992
1738264850.151093,1098046.000,46226,1,T1,1,100,33.996
1738264850.284099,1098179.000,46242,1,T1,1,100,33.963
1738264850.418104,1098313.000,46259,1,T1,1,100,33.984
1738264850.551109,1098446.000,46292,1,T1,1,100,34.029
1738264850.684115,1098579.000,46308,1,T1,1,100,33.871
1738264850.818120,1098713.000,46326,1,T1,1,100,33.944
1738264850.951125,1098846.000,46363,2,T1,1,100,33.976
1738264851.084131,1098979.000,46363,2,T1,1,100,33.990
1738264851.217136,1099112.000,46396,1,T1,1,100,33.889
1738264851.351141,1099246.000,46412,1,T1,1,100,33.810
1738264851.484147,1099379.000,46430,1,T1,1,100,33.776
1738264851.617152,1099512.000,46462,1,T1,1,100,33.832
1738264851.751157,1099646.000,46478,1,T1,1,100,33.963
1738264851.884163,1099779.000,46496,1,T1,1,100,34.055
1738264852.017168,1099912.000,46530,1,T1,1,100,34.024
1738264852.151173,1100046.000,46547,1,T1,1,100,34.010
1738264852.284178,1100179.000,46566,1,T1,1,100,33.934
1738264852.417184,1100312.000,46582,1,T1,1,100,33.936
1738264852.551189,1100446.000,46615,1,T1,1,100,33.972
1738264852.684195,1100579.000,46632,1,T1,1,100,33.953
1738264852.817200,1100712.000,46649,1,T1,1,100,33.979
1738264852.951205,1100846.000,46683,1,T1,1,100,33.991
1738264853.084210,1100979.000,46700,1,T1,1,100,33.854
1738264853.217216,1101112.000,46717,1,T1,1,100,33.937
1738264853.351221,1101246.000,46749,1,T1,1,100,33.937
1738264853.484226,1101379.000,46767,1,T1,1,100,33.973
1738264853.617232,1101512.000,46783,1,T1,1,100,33.988
1738264853.750237,1101645.000,46816,1,T1,1,100,33.995
1738264853.884243,1101779.000,46833,1,T1,1,100,33.856
1738264854.017248,1101912.000,46849,1,T1,1,100,33.796
1738264854.150253,1102045.000,46882,1,T1,1,100,33.912
1738264854.284258,1102179.000,46899,1,T1,1,100,33.962
1738264854.417264,1102312.000,46915,1,T1,1,100,33.983
1738264854.550269,1102445.000,46948,1,T1,1,100,33.957
1738264854.684274,1102579.000,46965,1,T1,1,100,33.911
1738264854.817280,1102712.000,46982,1,T1,1,100,33.890
1738264854.950285,1102845.000,47001,1,T1,1,100,33.846
1738264855.084290,1102979.000,47034,1,T1,1,100,33.863
1738264855.217296,1103112.000,47050,1,T1,1,100,33.905
1738264855.350301,1103245.000,47067,1,T1,1,100,33.959
1738264855.484306,1103379.000,47100,1,T1,1,100,33.876
1738264855.617312,1103512.000,47118,1,T1,1,100,33.804
1738264855.750317,1103645.000,47135,1,T1,1,100,34.057
1738264855.884322,1103779.000,47168,1,T1,1,100,34.025
1738264856.017328,1103912.000,47184,1,T1,1,100,34.046
1738264856.150333,1104045.000,47211,1,T1,1,100,33.949
1738264856.284338,1104179.000,47227,1,T1,1,100,33.943
1738264856.417344,1104312.000,47244,1,T1,1,100,33.869
1738264856.550349,1104445.000,47279,1,T1,1,100,33.943
1738264856.684354,1104579.000,47295,1,T1,1,100,34.011
1738264856.817359,1104712.000,47313,1,T1,1,100,34.040
1738264856.950365,1104845.000,47345,1,T1,1,100,33.946
1738264857.084370,1104979.000,47361,1,T1,1,100,34.048
1738264857.217376,1105112.000,47381,1,T1,1,100,34.092
1738264857.350381,1105245.000,47415,1,T1,1,100,34.040
1738264857.484386,1105379.000,47432,1,T1,1,100,33.982
1738264857.617392,1105512.000,47449,1,T1,1,100,33.992
1738264857.750397,1105645.000,47465,1,T1,1,100,33.961
1738264857.883402,1105778.000,47498,1,T1,1,100,33.983
1738264858.017407,1105912.000,47515,1,T1,1,100,33.851
1738264858.150413,1106045.000,47532,1,T1,1,100,33.935
1738264858.283418,1106178.000,47566,1,T1,1,100,33.901
1738264858.417423,1106312.000,47583,1,T1,1,100,33.993
1738264858.550429,1106445.000,47600,1,T1,1,100,33.926
1738264858.683434,1106578.000,47632,1,T1,1,100,33.932
1738264858.817439,1106712.000,47650,1,T1,1,100,33.829
1738264858.950445,1106845.000,47666,1,T1,1,100,33.961
1738264859.083450,1106978.000,47699,1,T1,1,100,33.983
1738264859.217455,1107112.000,47716,1,T1,1,100,33.851
1738264859.350461,1107245.000,47734,1,T1,1,100,33.900
1738264859.483466,1107378.000,47767,1,T1,1,100,33.886
1738264859.617471,1107512.000,47784,1,T1,1,100,33.880
1738264859.750477,1107645.000,47800,1,T1,1,100,33.948
1738264859.883482,1107778.000,47818,1,T1,1,100,33.871
1738264860.017487,1107912.000,47852,1,T1,1,100,33.873
1738264860.150493,1108045.000,47869,1,T1,1,100,33.945
1738264860.283498,1108178.000,47886,1,T1,1,100,33.905
1738264860.417503,1108312.000,47919,1,T1,1,100,33.995
1738264860.550508,1108445.000,47935,1,T1,1,100,33.962
1738264860.683514,1108578.000,47952,1,T1,1,100,33.984
1738264860.816519,1108711.000,47985,1,T1,1,100,33.957
1738264860.950525,1108845.000,48001,1,T1,1,100,33.946
1738264861.083530,1108978.000,48018,1,T1,1,100,33.977
1738264861.217035,1109111.500,48056,2,T1,1,100,34.025
1738264861.350540,1109245.000,48056,2,T1,1,100,33.976
1738264861.483546,1109378.000,48091,1,T1,1,100,33.954
1738264861.616551,1109511.000,48107,1,T1,1,100,33.909
1738264861.750556,1109645.000,48126,1,T1,1,100,33.925
1738264861.883562,1109778.000,48159,1,T1,1,100,33.897
1738264862.016567,1109911.000,48175,1,T1,1,100,33.884
1738264862.150573,1110045.000,48195,1,T1,1,100,33.844
1738264862.283578,1110178.000,48229,1,T1,1,100,33.932
1738264862.416583,1110311.000,48245,1,T1,1,100,33.971
1738264862.550588,1110445.000,48263,1,T1,1,100,33.987
1738264862.683594,1110578.000,48295,1,T1,1,100,33.995
1738264862.816599,1110711.000,48312,1,T1,1,100,33.927
1738264862.950604,1110845.000,48329,1,T1,1,100,33.897
1738264863.083610,1110978.000,48345,1,T1,1,100,34.027
1738264863.216615,1111111.000,48378,1,T1,1,100,34.011
1738264863.350620,1111245.000,48397,1,T1,1,100,34.005
1738264863.483626,1111378.000,48414,1,T1,1,100,33.931
1738264863.616631,1111511.000,48446,1,T1,1,100,33.899
1738264863.750636,1111645.000,48463,1,T1,1,100,33.992
1738264863.883642,1111778.000,48482,1,T1,1,100,34.032
1738264864.016647,1111911.000,48514,1,T1,1,100,34.014
1738264864.150652,1112045.000,48532,1,T1,1,100,34.006
1738264864.283658,1112178.000,48548,1,T1,1,100,34.003
1738264864.416663,1112311.000,48565,1,T1,1,100,34.037
1738264864.549668,1112444.000,48600,1,T1,1,100,33.945
1738264864.683674,1112578.000,48616,1,T1,1,100,33.870
1738264864.816679,1112711.000,48633,1,T1,1,100,33.873
1738264864.949684,1112844.000,48666,1,T1,1,100,33.874
1738264865.083689,1112978.000,48684,1,T1,1,100,33.945
1738264865.216695,1113111.000,48702,1,T1,1,100,33.976
1738264865.349700,1113244.000,48734,1,T1,1,100,33.990
1738264865.483706,1113378.000,48751,1,T1,1,100,33.889
1738264865.616711,1113511.000,48768,1,T1,1,100,33.917
1738264865.749716,1113644.000,48801,1,T1,1,100,33.964
1738264865.883721,1113778.000,48817,1,T1,1,100,33.984
1738264866.016727,1113911.000,48834,1,T1,1,100,33.993
1738264866.149732,1114044.000,48867,1,T1,1,100,33.997
1738264866.283737,1114178.000,48883,1,T1,1,100,34.034
1738264866.416743,1114311.000,48905,1,T1,1,100,33.944
1738264866.549748,1114444.000,48922,1,T1,1,100,33.940
1738264866.683753,1114578.000,48939,1,T1,1,100,33.939
1738264866.816759,1114711.000,48974,1,T1,1,100,33.867
1738264866.949764,1114844.000,48990,1,T1,1,100,33.801
1738264867.083769,1114978.000,49007,1,T1,1,100,33.807
1738264867.216775,1115111.000,49042,1,T1,1,100,33.846
1738264867.349780,1115244.000,49058,1,T1,1,100,33.862
1738264867.482785,1115377.000,49078,1,T1,1,100,33.976
1738264867.616791,1115511.000,49110,1,T1,1,100,33.919
1738264867.749796,1115644.000,49126,1,T1,1,100,33.894
1738264867.882801,1115777.000,49144,1,T1,1,100,33.990
1738264868.016807,1115911.000,49176,1,T1,1,100,33.925
1738264868.149812,1116044.000,49193,1,T1,1,100,33.967
1738264868.282817,1116177.000,49210,1,T1,1,100,33.986
1738264868.416823,1116311.000,49226,1,T1,1,100,33.923
1738264868.549828,1116444.000,49259,1,T1,1,100,33.967
1738264868.682833,1116577.000,49276,1,T1,1,100,34.092
1738264868.816839,1116711.000,49292,1,T1,1,100,34.004
1738264868.949844,1116844.000,49327,1,T1,1,100,33.931
1738264869.082849,1116977.000,49344,1,T1,1,100,33.899
1738264869.216855,1117111.000,49361,1,T1,1,100,33.885
1738264869.349860,1117244.000,49393,1,T1,1,100,33.915
1738264869.482865,1117377.000,49411,1,T1,1,100,33.928
1738264869.616870,1117511.000,49427,1,T1,1,100,33.969
1738264869.749876,1117644.000,49462,1,T1,1,100,34.022
1738264869.882881,1117777.000,49479,1,T1,1,100,33.903
1738264870.016886,1117911.000,49495,1,T1,1,100,33.958
1738264870.149892,1118044.000,49528,1,T1,1,100,33.982
1738264870.282897,1118177.000,49545,1,T1,1,100,33.921
1738264870.416902,1118311.000,49561,1,T1,1,100,33.930
1738264870.549908,1118444.000,49594,1,T1,1,100,34.005
1738264870.682913,1118577.000,49611,1,T1,1,100,34.002
1738264870.815918,1118710.000,49628,1,T1,1,100,34.036
1738264870.949924,1118844.000,49645,1,T1,1,100,34.051
1738264871.082929,1118977.000,49678,1,T1,1,100,34.022
1738264871.215934,1119110.000,49694,1,T1,1,100,33.974
1738264871.349940,1119244.000,49713,1,T1,1,100,33.918
1738264871.483445,1119377.500,49751,2,T1,1,100,33.894
1738264871.616950,1119511.000,49751,2,T1,1,100,33.954
1738264871.749956,1119644.000,49783,1,T1,1,100,34.051
1738264871.882961,1119777.000,49800,1,T1,1,100,33.987
1738264872.015966,1119910.000,49817,1,T1,1,100,33.959
1738264872.149971,1120044.000,49852,1,T1,1,100,33.982
1738264872.282977,1120177.000,49868,1,T1,1,100,34.028
1738264872.415982,1120310.000,49887,1,T1,1,100,34.012
1738264872.549988,1120444.000,49920,1,T1,1,100,33.970
1738264872.682993,1120577.000,49936,1,T1,1,100,33.951
1738264872.815998,1120710.000,49954,1,T1,1,100,33.979
1738264872.950004,1120844.000,49988,1,T1,1,100,34.026
1738264873.083009,1120977.000,50004,1,T1,1,100,34.011
1738264873.216014,1121110.000,50022,1,T1,1,100,34.040
1738264873.350019,1121244.000,50054,1,T1,1,100,34.017
1738264873.483025,1121377.000,50073,1,T1,1,100,34.008
1738264873.616030,1121510.000,50090,1,T1,1,100,33.861
1738264873.750036,1121644.000,50106,1,T1,1,100,33.905
1738264873.883041,1121777.000,50141,1,T1,1,100,33.888
1738264874.016046,1121910.000,50158,1,T1,1,100,33.987
1738264874.149051,1122043.000,50175,1,T1,1,100,34.030
1738264874.283057,1122177.000,50207,1,T1,1,100,33.977
1738264874.416062,1122310.000,50224,1,T1,1,100,33.955
1738264874.549067,1122443.000,50241,1,T1,1,100,33.980
1738264874.683073,1122577.000,50273,1,T1,1,100,33.992
1738264874.816078,1122710.000,50291,1,T1,1,100,33.996
1738264874.949083,1122843.000,50307,1,T1,1,100,34.034
1738264875.083089,1122977.000,50340,1,T1,1,100,33.837
1738264875.216094,1123110.000,50357,1,T1,1,100,33.894
1738264875.349099,1123243.000,50373,1,T1,1,100,33.954
1738264875.483105,1123377.000,50406,1,T1,1,100,34.051
1738264875.616110,1123510.000,50423,1,T1,1,100,34.022
1738264875.749115,1123643.000,50439,1,T1,1,100,33.939
1738264875.883121,1123777.000,50472,1,T1,1,100,34.044
1738264876.016126,1123910.000,50489,1,T1,1,100,33.984
1738264876.149131,1124043.000,50506,1,T1,1,100,34.028
1738264876.283137,1124177.000,50523,1,T1,1,100,34.012
1738264876.416142,1124310.000,50556,1,T1,1,100,33.970
1738264876.549147,1124443.000,50572,1,T1,1,100,34.022
1738264876.683153,1124577.000,50596,1,T1,1,100,33.974
1738264876.816158,1124710.000,50613,1,T1,1,100,34.060
1738264876.949163,1124843.000,50647,1,T1,1,100,34.026
1738264877.083169,1124977.000,50664,1,T1,1,100,34.047
1738264877.216174,1125110.000,50683,1,T1,1,100,34.056
1738264877.349179,1125243.000,50717,1,T1,1,100,34.024
1738264877.483185,1125377.000,50735,1,T1,1,100,34.081
1738264877.616190,1125510.000,50751,1,T1,1,100,34.142
1738264877.749195,1125643.000,50770,1,T1,1,100,34.026
1738264877.882200,1125776.000,50803,1,T1,1,100,33.905
1738264878.016206,1125910.000,50819,1,T1,1,100,33.923
1738264878.149211,1126043.000,50837,1,T1,1,100,33.967
1738264878.282216,1126176.000,50869,1,T1,1,100,33.986
1738264878.416222,1126310.000,50885,1,T1,1,100,34.029
1738264878.549227,1126443.000,50905,1,T1,1,100,33.942
1738264878.682232,1126576.000,50937,1,T1,1,100,33.939
1738264878.816238,1126710.000,50954,1,T1,1,100,33.867
1738264878.949243,1126843.000,50971,1,T1,1,100,34.014
1738264879.082248,1126976.000,51004,1,T1,1,100,34.041
1738264879.216254,1127110.000,51022,1,T1,1,100,33.982
1738264879.349259,1127243.000,51039,1,T1,1,100,33.957
1738264879.482264,1127376.000,51072,1,T1,1,100,33.981
1738264879.616270,1127510.000,51088,1,T1,1,100,33.956
1738264879.749275,1127643.000,51107,1,T1,1,100,33.946
1738264879.882280,1127776.000,51124,1,T1,1,100,33.941
1738264880.016286,1127910.000,51156,1,T1,1,100,34.010
1738264880.149291,1128043.000,51174,1,T1,1,100,34.040
1738264880.282296,1128176.000,51190,1,T1,1,100,34.017
1738264880.416301,1128310.000,51223,1,T1,1,100,34.007
1738264880.549307,1128443.000,51240,1,T1,1,100,34.003
1738264880.682312,1128576.000,51256,1,T1,1,100,33.930
1738264880.815318,1128709.000,51289,1,T1,1,100,33.970
1738264880.949323,1128843.000,51308,1,T1,1,100,34.022
1738264881.082328,1128976.000,51324,1,T1,1,100,34.010
1738264881.215333,1129109.000,51357,1,T1,1,100,34.075
1738264881.349339,1129243.000,51374,1,T1,1,100,34.033
1738264881.482344,1129376.000,51391,1,T1,1,100,34.014
1738264881.616349,1129510.000,51408,1,T1,1,100,34.006
1738264881.749355,1129643.000,51446,1,T1,1,100,34.038
1738264881.882360,1129776.000,51462,1,T1,1,100,33.910
1738264882.015365,1129909.000,51479,1,T1,1,100,33.926
1738264882.149371,1130043.000,51498,1,T1,1,100,33.968
1738264882.282376,1130176.000,51532,1,T1,1,100,34.092
1738264882.415381,1130309.000,51549,1,T1,1,100,34.040
1738264882.549387,1130443.000,51566,1,T1,1,100,34.088
1738264882.682392,1130576.000,51598,1,T1,1,100,33.932
1738264882.815397,1130709.000,51616,1,T1,1,100,34.006
1738264882.949403,1130843.000,51632,1,T1,1,100,34.109
1738264883.082408,1130976.000,51649,1,T1,1,100,34.047
1738264883.215413,1131109.000,51682,1,T1,1,100,33.879
1738264883.349419,1131243.000,51698,1,T1,1,100,33.947
1738264883.482424,1131376.000,51716,1,T1,1,100,34.013
1738264883.615429,1131509.000,51750,1,T1,1,100,34.112
1738264883.749435,1131643.000,51766,1,T1,1,100,34.084
1738264883.882440,1131776.000,51784,1,T1,1,100,34.143
1738264884.015445,1131909.000,51816,1,T1,1,100,34.062
1738264884.149451,1132043.000,51835,1,T1,1,100,34.027
1738264884.282456,1132176.000,51852,1,T1,1,100,34.118
1738264884.415461,1132309.000,51885,1,T1,1,100,34.016
1738264884.549467,1132443.000,51901,1,T1,1,100,34.007
1738264884.682472,1132576.000,51918,1,T1,1,100,34.038
1738264884.815477,1132709.000,51953,1,T1,1,100,33.981
1738264884.949482,1132843.000,51969,1,T1,1,100,33.921
1738264885.082488,1132976.000,51986,1,T1,1,100,33.966
1738264885.215493,1133109.000,52003,1,T1,1,100,33.879
1738264885.348499,1133242.000,52035,1,T1,1,100,33.912
1738264885.482504,1133376.000,52053,1,T1,1,100,33.927
1738264885.615509,1133509.000,52069,1,T1,1,100,33.968
1738264885.748514,1133642.000,52102,1,T1,1,100,33.951
1738264885.882520,1133776.000,52119,1,T1,1,100,33.908
1738264886.015525,1133909.000,52135,1,T1,1,100,33.960
1738264886.148530,1134042.000,52168,1,T1,1,100,33.947
1738264886.282536,1134176.000,52185,1,T1,1,100,33.942
1738264886.415541,1134309.000,52201,1,T1,1,100,34.010
1738264886.548546,1134442.000,52236,1,T1,1,100,33.898
1738264886.682552,1134576.000,52253,1,T1,1,100,33.991
1738264886.815557,1134709.000,52270,1,T1,1,100,33.996
1738264886.948562,1134842.000,52290,1,T1,1,100,33.998
1738264887.082568,1134976.000,52306,1,T1,1,100,34.035
1738264887.215573,1135109.000,52341,1,T1,1,100,34.015
1738264887.348578,1135242.000,52358,1,T1,1,100,33.971
1738264887.481584,1135375.000,52375,1,T1,1,100,33.952
1738264887.615589,1135509.000,52407,1,T1,1,100,33.944
1738264887.748594,1135642.000,52424,1,T1,1,100,33.905
1738264887.881600,1135775.000,52441,1,T1,1,100,34.030
1738264888.015605,1135909.000,52473,1,T1,1,100,34.013
1738264888.148610,1136042.000,52491,1,T1,1,100,34.076
1738264888.281615,1136175.000,52507,1,T1,1,100,33.927
1738264888.415621,1136309.000,52524,1,T1,1,100,34.004
1738264888.548626,1136442.000,52557,1,T1,1,100,34.108
1738264888.681632,1136575.000,52573,1,T1,1,100,34.047
1738264888.815637,1136709.000,52593,1,T1,1,100,34.020
1738264888.948642,1136842.000,52625,1,T1,1,100,34.009
1738264889.081647,1136975.000,52641,1,T1,1,100,34.039
1738264889.215653,1137109.000,52659,1,T1,1,100,34.052
1738264889.348658,1137242.000,52691,1,T1,1,100,34.023
1738264889.481663,1137375.000,52708,1,T1,1,100,33.939
1738264889.615669,1137509.000,52727,1,T1,1,100,33.974
1738264889.748674,1137642.000,52760,1,T1,1,100,34.024
1738264889.881680,1137775.000,52776,1,T1,1,100,34.081
1738264890.015685,1137909.000,52793,1,T1,1,100,34.035
1738264890.148690,1138042.000,52809,1,T1,1,100,33.980
1738264890.281695,1138175.000,52842,1,T1,1,100,34.062
1738264890.415701,1138309.000,52859,1,T1,1,100,33.991
1738264890.548706,1138442.000,52876,1,T1,1,100,33.996
1738264890.681711,1138575.000,52910,1,T1,1,100,33.963
1738264890.815717,1138709.000,52928,1,T1,1,100,33.984
1738264890.948722,1138842.000,52946,1,T1,1,100,34.099
1738264891.081727,1138975.000,52979,1,T1,1,100,34.114
1738264891.215733,1139109.000,52998,1,T1,1,100,33.978
1738264891.348738,1139242.000,53014,1,T1,1,100,34.026
1738264891.481743,1139375.000,53047,1,T1,1,100,34.082
1738264891.614749,1139508.000,53064,1,T1,1,100,34.000
1738264891.748754,1139642.000,53082,1,T1,1,100,34.036
1738264891.881759,1139775.000,53115,1,T1,1,100,34.015
1738264892.015765,1139909.000,53139,1,T1,1,100,34.042
1738264892.148770,1140042.000,53158,1,T1,1,100,34.089
1738264892.281775,1140175.000,53175,1,T1,1,100,34.039
1738264892.414781,1140308.000,53191,1,T1,1,100,34.017
1738264892.548786,1140442.000,53224,1,T1,1,100,34.043
1738264892.681791,1140575.000,53241,1,T1,1,100,34.054
1738264892.814796,1140708.000,53258,1,T1,1,100,34.094
1738264892.948802,1140842.000,53275,1,T1,1,100,34.005
1738264893.081807,1140975.000,53307,1,T1,1,100,33.931
1738264893.214813,1141108.000,53324,1,T1,1,100,33.970
1738264893.348818,1141242.000,53343,1,T1,1,100,34.094
1738264893.481823,1141375.000,53376,1,T1,1,100,33.970
1738264893.614828,1141508.000,53392,1,T1,1,100,33.951
1738264893.748834,1141642.000,53409,1,T1,1,100,33.979
1738264893.881839,1141775.000,53442,1,T1,1,100,34.062
1738264894.014844,1141908.000,53458,1,T1,1,100,34.133
1738264894.148850,1142042.000,53476,1,T1,1,100,34.022
1738264894.281855,1142175.000,53508,1,T1,1,100,34.080
1738264894.414860,1142308.000,53526,1,T1,1,100,33.964
1738264894.547866,1142441.000,53544,1,T1,1,100,34.020
1738264894.681871,1142575.000,53576,1,T1,1,100,33.973
1738264894.814876,1142708.000,53595,1,T1,1,100,34.024
1738264894.947882,1142841.000,53612,1,T1,1,100,34.081
1738264895.081887,1142975.000,53645,1,T1,1,100,34.035
1738264895.214892,1143108.000,53661,1,T1,1,100,34.086
1738264895.347898,1143241.000,53680,1,T1,1,100,34.037
1738264895.481903,1143375.000,53696,1,T1,1,100,34.052
1738264895.614908,1143508.000,53729,1,T1,1,100,34.022
1738264895.747914,1143641.000,53746,1,T1,1,100,34.010
1738264895.881919,1143775.000,53763,1,T1,1,100,34.040
1738264896.014924,1143908.000,53797,1,T1,1,100,34.053
1738264896.147930,1144041.000,53815,1,T1,1,100,33.916
1738264896.281935,1144175.000,53831,1,T1,1,100,33.964
1738264896.414940,1144308.000,53864,1,T1,1,100,33.984
1738264896.547945,1144441.000,53881,1,T1,1,100,33.993
1738264896.681951,1144575.000,53897,1,T1,1,100,33.997
1738264896.814956,1144708.000,53930,1,T1,1,100,33.999
1738264896.947962,1144841.000,53947,1,T1,1,100,34.070
1738264897.081967,1144975.000,53963,1,T1,1,100,34.066
1738264897.214972,1145108.000,53986,1,T1,1,100,34.029
1738264897.347977,1145241.000,54004,1,T1,1,100,34.012
1738264897.481983,1145375.000,54039,1,T1,1,100,34.041
1738264897.614988,1145508.000,54056,1,T1,1,100,34.053
1738264897.747993,1145641.000,54072,1,T1,1,100,34.058
1738264897.880999,1145774.000,54105,1,T1,1,100,34.167
1738264898.015004,1145908.000,54122,1,T1,1,100,33.966
1738264898.148010,1146041.000,54141,1,T1,1,100,33.914
1738264898.281015,1146174.000,54173,1,T1,1,100,33.927
1738264898.415020,1146308.000,54190,1,T1,1,100,34.004
1738264898.548025,1146441.000,54207,1,T1,1,100,33.966
1738264898.681031,1146574.000,54241,1,T1,1,100,34.092
1738264898.815036,1146708.000,54259,1,T1,1,100,34.040
1738264898.948041,1146841.000,54275,1,T1,1,100,34.053
1738264899.081047,1146974.000,54292,1,T1,1,100,34.058
1738264899.215052,1147108.000,54325,1,T1,1,100,34.096
1738264899.348057,1147241.000,54341,1,T1,1,100,34.077
1738264899.481063,1147374.000,54361,1,T1,1,100,34.069
1738264899.615068,1147508.000,54393,1,T1,1,100,33.959
1738264899.748073,1147641.000,54409,1,T1,1,100,33.911
1738264899.881079,1147774.000,54427,1,T1,1,100,34.033
1738264900.015084,1147908.000,54459,1,T1,1,100,34.085
1738264900.148089,1148041.000,54476,1,T1,1,100,34.037
1738264900.281095,1148174.000,54493,1,T1,1,100,34.051
1738264900.414100,1148307.000,54526,1,T1,1,100,34.058
1738264900.548105,1148441.000,54542,1,T1,1,100,34.025
1738264900.681111,1148574.000,54559,1,T1,1,100,34.117
1738264900.814116,1148707.000,54592,1,T1,1,100,34.086
1738264900.948121,1148841.000,54608,1,T1,1,100,34.002
1738264901.081126,1148974.000,54625,1,T1,1,100,33.965
1738264901.214132,1149107.000,54658,1,T1,1,100,34.127
1738264901.348137,1149241.000,54674,1,T1,1,100,34.019
1738264901.481143,1149374.000,54692,1,T1,1,100,34.115
1738264901.614148,1149507.000,54708,1,T1,1,100,34.121
1738264901.748153,1149641.000,54742,1,T1,1,100,34.052
1738264901.881158,1149774.000,54762,1,T1,1,100,34.058
1738264902.014164,1149907.000,54778,1,T1,1,100,33.990
1738264902.148169,1150041.000,54813,1,T1,1,100,33.996
1738264902.281174,1150174.000,54835,1,T1,1,100,33.963
1738264902.414180,1150307.000,54851,1,T1,1,100,34.019
1738264902.548185,1150441.000,54869,1,T1,1,100,34.008
1738264902.681190,1150574.000,54901,1,T1,1,100,33.897
1738264902.814196,1150707.000,54918,1,T1,1,100,33.920
1738264902.948201,1150841.000,54935,1,T1,1,100,34.072
1738264903.081206,1150974.000,54968,1,T1,1,100,34.067
1738264903.214212,1151107.000,54984,1,T1,1,100,33.958
1738264903.348217,1151241.000,55001,1,T1,1,100,33.982
1738264903.481222,1151374.000,55034,1,T1,1,100,33.992
1738264903.614228,1151507.000,55050,1,T1,1,100,33.997
1738264903.748233,1151641.000,55067,1,T1,1,100,33.928
1738264903.881238,1151774.000,55084,1,T1,1,100,34.075
1738264904.014244,1151907.000,55118,1,T1,1,100,34.032
1738264904.147249,1152040.000,55136,1,T1,1,100,33.943
1738264904.281254,1152174.000,55152,1,T1,1,100,33.869
1738264904.414260,1152307.000,55185,1,T1,1,100,33.872
1738264904.547265,1152440.000,55202,1,T1,1,100,33.874
1738264904.681270,1152574.000,55218,1,T1,1,100,33.945
1738264904.814276,1152707.000,55253,1,T1,1,100,34.047
1738264904.947281,1152840.000,55270,1,T1,1,100,33.914
1738264905.081286,1152974.000,55286,1,T1,1,100,33.998
1738264905.214292,1153107.000,55321,1,T1,1,100,33.999
1738264905.347297,1153240.000,55338,1,T1,1,100,34.000
1738264905.481302,1153374.000,55355,1,T1,1,100,34.000
1738264905.614307,1153507.000,55374,1,T1,1,100,34.035
1738264905.747313,1153640.000,55406,1,T1,1,100,34.086
1738264905.881318,1153774.000,55423,1,T1,1,100,34.037
1738264906.014323,1153907.000,55440,1,T1,1,100,33.945
1738264906.147329,1154040.000,55475,1,T1,1,100,33.976
1738264906.281334,1154174.000,55491,1,T1,1,100,33.954
1738264906.414339,1154307.000,55508,1,T1,1,100,33.945
1738264906.547345,1154440.000,55543,1,T1,1,100,34.082
1738264906.681350,1154574.000,55559,1,T1,1,100,34.036
1738264906.814355,1154707.000,55577,1,T1,1,100,34.122
1738264906.947361,1154840.000,55609,1,T1,1,100,34.053
1738264907.081366,1154974.000,55627,1,T1,1,100,33.987
1738264907.214371,1155107.000,55647,1,T1,1,100,34.065
1738264907.347377,1155240.000,55684,2,T1,1,100,34.028
1738264907.480382,1155373.000,55684,2,T1,1,100,34.012
1738264907.614387,1155507.000,55719,1,T1,1,100,33.899
1738264907.747393,1155640.000,55735,1,T1,1,100,33.992
1738264907.880398,1155773.000,55753,1,T1,1,100,34.103
1738264908.014403,1155907.000,55785,1,T1,1,100,33.938
1738264908.147408,1156040.000,55804,1,T1,1,100,33.902
1738264908.280414,1156173.000,55821,1,T1,1,100,33.958
1738264908.414419,1156307.000,55854,1,T1,1,100,34.017
1738264908.547425,1156440.000,55870,1,T1,1,100,33.972
1738264908.680430,1156573.000,55887,1,T1,1,100,33.952
1738264908.814435,1156707.000,55920,1,T1,1,100,33.979
1738264908.947441,1156840.000,55936,1,T1,1,100,33.956
1738264909.080446,1156973.000,55953,1,T1,1,100,34.087
1738264909.214451,1157107.000,55988,1,T1,1,100,34.109
1738264909.347456,1157240.000,56004,1,T1,1,100,34.012
1738264909.480462,1157373.000,56022,1,T1,1,100,34.005
1738264909.614467,1157507.000,56038,1,T1,1,100,34.002
1738264909.747473,1157640.000,56071,1,T1,1,100,34.036
1738264909.880478,1157773.000,56088,1,T1,1,100,34.051
1738264910.014483,1157907.000,56104,1,T1,1,100,33.987
1738264910.147488,1158040.000,56137,1,T1,1,100,33.994
1738264910.280494,1158173.000,56154,1,T1,1,100,34.068
1738264910.414499,1158307.000,56170,1,T1,1,100,34.030
1738264910.547504,1158440.000,56203,1,T1,1,100,34.013
1738264910.680510,1158573.000,56220,1,T1,1,100,34.076
1738264910.813515,1158706.000,56237,1,T1,1,100,34.069
1738264910.947520,1158840.000,56269,1,T1,1,100,34.101
1738264911.080526,1158973.000,56286,1,T1,1,100,34.008
1738264911.213531,1159106.000,56303,1,T1,1,100,33.897
1738264911.347536,1159240.000,56335,1,T1,1,100,33.814
1738264911.480542,1159373.000,56355,1,T1,1,100,34.026
1738264911.613547,1159506.000,56371,1,T1,1,100,34.011
1738264911.747552,1159640.000,56388,1,T1,1,100,34.005
1738264911.880558,1159773.000,56421,1,T1,1,100,34.144
1738264912.013563,1159906.000,56437,1,T1,1,100,34.062
1738264912.147568,1160040.000,56455,1,T1,1,100,34.098
1738264912.280574,1160173.000,56489,1,T1,1,100,34.007
1738264912.413579,1160306.000,56505,1,T1,1,100,34.038
1738264912.547584,1160440.000,56530,1,T1,1,100,34.017
1738264912.680590,1160573.000,56546,1,T1,1,100,34.149
1738264912.813595,1160706.000,56563,1,T1,1,100,34.029
1738264912.947600,1160840.000,56596,1,T1,1,100,33.977
1738264913.080606,1160973.000,56612,1,T1,1,100,33.955
1738264913.213611,1161106.000,56630,1,T1,1,100,33.980
1738264913.347616,1161240.000,56662,1,T1,1,100,34.062
1738264913.480622,1161373.000,56679,1,T1,1,100,34.098
1738264913.613627,1161506.000,56696,1,T1,1,100,34.078
1738264913.747632,1161640.000,56729,1,T1,1,100,33.963
1738264913.880637,1161773.000,56745,1,T1,1,100,33.984
1738264914.013643,1161906.000,56762,1,T1,1,100,33.958
1738264914.146648,1162039.000,56797,1,T1,1,100,33.875
1738264914.280653,1162173.000,56813,1,T1,1,100,33.946
1738264914.413659,1162306.000,56830,1,T1,1,100,33.977
1738264914.546664,1162439.000,56865,1,T1,1,100,33.990
1738264914.680669,1162573.000,56881,1,T1,1,100,33.996
1738264914.813675,1162706.000,56899,1,T1,1,100,33.927
1738264914.946680,1162839.000,56915,1,T1,1,100,33.968
1738264915.080685,1162973.000,56948,1,T1,1,100,34.093
1738264915.213691,1163106.000,56965,1,T1,1,100,34.111
1738264915.346696,1163239.000,56981,1,T1,1,100,34.013
1738264915.480701,1163373.000,57016,1,T1,1,100,34.005
1738264915.613707,1163506.000,57033,1,T1,1,100,34.002
1738264915.746712,1163639.000,57049,1,T1,1,100,34.001
1738264915.880717,1163773.000,57084,1,T1,1,100,34.107
1738264916.013723,1163906.000,57101,1,T1,1,100,33.975
1738264916.146728,1164039.000,57118,1,T1,1,100,33.883
1738264916.280733,1164173.000,57150,1,T1,1,100,33.985
1738264916.413738,1164306.000,57167,1,T1,1,100,34.135
1738264916.546744,1164439.000,57186,1,T1,1,100,34.023
1738264916.680749,1164573.000,57218,1,T1,1,100,34.010
1738264916.813755,1164706.000,57236,1,T1,1,100,33.933
1738264916.946760,1164839.000,57252,1,T1,1,100,34.007
1738264917.080765,1164973.000,57269,1,T1,1,100,34.038
1738264917.213771,1165106.000,57304,1,T1,1,100,34.158
1738264917.346776,1165239.000,57322,1,T1,1,100,34.069
1738264917.479781,1165372.000,57340,1,T1,1,100,34.065
1738264917.613786,1165506.000,57377,1,T1,1,100,34.099
1738264917.746792,1165639.000,57394,1,T1,1,100,34.078
1738264917.879797,1165772.000,57411,1,T1,1,100,33.998
1738264918.013803,1165906.000,57427,1,T1,1,100,33.999
1738264918.146808,1166039.000,57462,1,T1,1,100,34.106
1738264918.279813,1166172.000,57479,1,T1,1,100,34.117
1738264918.413818,1166306.000,57495,1,T1,1,100,34.015
1738264918.546824,1166439.000,57513,1,T1,1,100,33.936
1738264918.679829,1166572.000,57545,1,T1,1,100,34.079
1738264918.813834,1166706.000,57562,1,T1,1,100,34.034
1738264918.946840,1166839.000,57579,1,T1,1,100,34.050
1738264919.079845,1166972.000,57612,1,T1,1,100,34.022
1738264919.213850,1167106.000,57628,1,T1,1,100,34.009
1738264919.346856,1167239.000,57645,1,T1,1,100,34.040
1738264919.479861,1167372.000,57678,1,T1,1,100,34.017
1738264919.613866,1167506.000,57694,1,T1,1,100,34.007
1738264919.746872,1167639.000,57711,1,T1,1,100,34.039
1738264919.879877,1167772.000,57744,1,T1,1,100,34.017
1738264920.013882,1167906.000,57760,1,T1,1,100,34.149
1738264920.146888,1168039.000,57780,1,T1,1,100,34.100
1738264920.279893,1168172.000,57812,1,T1,1,100,33.937
1738264920.413898,1168306.000,57828,1,T1,1,100,33.973
1738264920.546904,1168439.000,57846,1,T1,1,100,33.988
1738264920.679909,1168572.000,57862,1,T1,1,100,33.889
1738264920.813914,1168706.000,57895,1,T1,1,100,33.987
1738264920.946919,1168839.000,57912,1,T1,1,100,33.959
1738264921.079925,1168972.000,57928,1,T1,1,100,34.053
1738264921.212930,1169105.000,57961,1,T1,1,100,34.023
1738264921.346936,1169239.000,57978,1,T1,1,100,33.939
1738264921.479941,1169372.000,57995,1,T1,1,100,33.867
1738264921.612946,1169505.000,58027,1,T1,1,100,33.943
1738264921.746952,1169639.000,58046,1,T1,1,100,33.975
1738264921.879957,1169772.000,58063,1,T1,1,100,33.954
1738264922.012962,1169905.000,58095,1,T1,1,100,33.945
1738264922.146967,1170039.000,58115,1,T1,1,100,33.941
1738264922.279973,1170172.000,58133,1,T1,1,100,33.974
1738264922.412978,1170305.000,58166,1,T1,1,100,33.989
1738264922.546983,1170439.000,58183,1,T1,1,100,33.995
1738264922.679989,1170572.000,58199,1,T1,1,100,33.927
1738264922.812994,1170705.000,58222,1,T1,1,100,33.968
1738264922.946999,1170839.000,58238,1,T1,1,100,34.057
1738264923.080005,1170972.000,58271,1,T1,1,100,34.025
1738264923.213010,1171105.000,58288,1,T1,1,100,34.011
1738264923.347015,1171239.000,58306,1,T1,1,100,34.040
1738264923.480021,1171372.000,58339,1,T1,1,100,34.088
1738264923.613026,1171505.000,58356,1,T1,1,100,34.145
1738264923.747031,1171639.000,58372,1,T1,1,100,34.063
1738264923.880037,1171772.000,58390,1,T1,1,100,34.027
1738264924.013042,1171905.000,58422,1,T1,1,100,33.941
1738264924.146047,1172038.000,58439,1,T1,1,100,34.010
1738264924.280053,1172172.000,58456,1,T1,1,100,34.040
1738264924.413058,1172305.000,58489,1,T1,1,100,34.088
1738264924.546063,1172438.000,58505,1,T1,1,100,34.038
1738264924.680068,1172572.000,58522,1,T1,1,100,34.052
1738264924.813074,1172705.000,58555,1,T1,1,100,34.093
1738264924.946079,1172838.000,58571,1,T1,1,100,34.040
1738264925.080085,1172972.000,58588,1,T1,1,100,34.017
1738264925.213090,1173105.000,58621,1,T1,1,100,34.043
1738264925.346095,1173238.000,58637,1,T1,1,100,34.019
1738264925.480100,1173372.000,58657,1,T1,1,100,34.008
1738264925.613106,1173505.000,58689,1,T1,1,100,34.003
1738264925.746111,1173638.000,58705,1,T1,1,100,34.037
1738264925.880116,1173772.000,58723,1,T1,1,100,34.051
1738264926.013122,1173905.000,58739,1,T1,1,100,34.129
1738264926.146127,1174038.000,58772,1,T1,1,100,34.091
1738264926.280133,1174172.000,58791,1,T1,1,100,34.146
1738264926.413138,1174305.000,58807,1,T1,1,100,34.134
1738264926.546143,1174438.000,58840,1,T1,1,100,34.023
1738264926.680148,1174572.000,58857,1,T1,1,100,34.045
1738264926.813154,1174705.000,58874,1,T1,1,100,34.126
1738264926.946159,1174838.000,58906,1,T1,1,100,34.267
1738264927.080164,1174972.000,58923,1,T1,1,100,34.222
1738264927.213170,1175105.000,58942,1,T1,1,100,34.167
1738264927.346175,1175238.000,58976,1,T1,1,100,34.072
1738264927.480180,1175372.000,58994,1,T1,1,100,34.067
1738264927.613186,1175505.000,59010,1,T1,1,100,34.135
1738264927.746191,1175638.000,59027,1,T1,1,100,34.129
1738264927.879196,1175771.000,59063,1,T1,1,100,34.233
1738264928.013202,1175905.000,59079,1,T1,1,100,34.065
1738264928.146207,1176038.000,59097,1,T1,1,100,33.993
1738264928.279212,1176171.000,59113,1,T1,1,100,33.997
1738264928.413218,1176305.000,59148,1,T1,1,100,34.070
1738264928.546223,1176438.000,59165,1,T1,1,100,34.030
1738264928.679228,1176571.000,59181,1,T1,1,100,33.978
1738264928.813234,1176705.000,59198,1,T1,1,100,34.026
1738264928.946239,1176838.000,59233,1,T1,1,100,34.047
1738264929.079244,1176971.000,59249,1,T1,1,100,34.020
1738264929.213249,1177105.000,59267,1,T1,1,100,34.115
1738264929.346255,1177238.000,59299,1,T1,1,100,34.085
1738264929.479260,1177371.000,59316,1,T1,1,100,34.072
1738264929.613266,1177505.000,59333,1,T1,1,100,34.102
1738264929.746271,1177638.000,59368,1,T1,1,100,34.151
1738264929.879276,1177771.000,59384,1,T1,1,100,34.065
1738264930.013282,1177905.000,59401,1,T1,1,100,34.170
1738264930.146287,1178038.000,59436,1,T1,1,100,34.180
1738264930.279292,1178171.000,59452,1,T1,1,100,34.220
1738264930.413297,1178305.000,59469,1,T1,1,100,34.095
1738264930.546303,1178438.000,59502,1,T1,1,100,34.112
1738264930.679308,1178571.000,59518,1,T1,1,100,34.084
1738264930.813313,1178705.000,59536,1,T1,1,100,34.107
1738264930.946319,1178838.000,59552,1,T1,1,100,34.082
1738264931.079324,1178971.000,59586,1,T1,1,100,33.965
1738264931.212329,1179104.000,59604,1,T1,1,100,33.985
1738264931.346335,1179238.000,59620,1,T1,1,100,34.100
1738264931.479340,1179371.000,59653,1,T1,1,100,34.114
1738264931.612345,1179504.000,59670,1,T1,1,100,34.120
1738264931.746351,1179638.000,59688,1,T1,1,100,34.087
1738264931.879356,1179771.000,59721,1,T1,1,100,34.038
1738264932.012361,1179904.000,59738,1,T1,1,100,34.052
1738264932.146367,1180038.000,59755,1,T1,1,100,34.022
1738264932.279372,1180171.000,59789,1,T1,1,100,34.045
1738264932.412377,1180304.000,59808,1,T1,1,100,34.090
1738264932.546383,1180438.000,59825,1,T1,1,100,34.146
1738264932.679388,1180571.000,59857,1,T1,1,100,34.098
1738264932.812393,1180704.000,59875,1,T1,1,100,34.149
1738264932.946398,1180838.000,59891,1,T1,1,100,34.100
1738264933.079404,1180971.000,59913,1,T1,1,100,34.114
1738264933.212409,1181104.000,59930,1,T1,1,100,34.191
1738264933.346415,1181238.000,59964,1,T1,1,100,34.118
1738264933.479420,1181371.000,59982,1,T1,1,100,34.122
1738264933.612425,1181504.000,59998,1,T1,1,100,34.088
1738264933.746430,1181638.000,60031,1,T1,1,100,34.145
1738264933.879436,1181771.000,60048,1,T1,1,100,34.204
1738264934.012441,1181904.000,60064,1,T1,1,100,34.088
1738264934.146446,1182038.000,60097,1,T1,1,100,34.180
1738264934.279452,1182171.000,60114,1,T1,1,100,34.149
1738264934.412457,1182304.000,60130,1,T1,1,100,34.206
1738264934.545462,1182437.000,60148,1,T1,1,100,34.231
1738264934.679468,1182571.000,60182,1,T1,1,100,34.135
1738264934.812473,1182704.000,60199,1,T1,1,100,34.023
1738264934.945478,1182837.000,60216,1,T1,1,100,34.223
1738264935.079484,1182971.000,60249,1,T1,1,100,34.203
1738264935.212489,1183104.000,60265,1,T1,1,100,34.194
1738264935.345494,1183237.000,60282,1,T1,1,100,34.190
1738264935.479500,1183371.000,60315,1,T1,1,100,34.118
1738264935.612505,1183504.000,60331,1,T1,1,100,34.086
1738264935.745510,1183637.000,60348,1,T1,1,100,34.144
1738264935.879516,1183771.000,60381,1,T1,1,100,34.062
1738264936.012521,1183904.000,60397,1,T1,1,100,34.062
1738264936.145526,1184037.000,60417,1,T1,1,100,34.133
1738264936.279532,1184171.000,60449,1,T1,1,100,34.235
1738264936.412537,1184304.000,60465,1,T1,1,100,34.244
1738264936.545542,1184437.000,60483,1,T1,1,100,34.212
1738264936.679548,1184571.000,60499,1,T1,1,100,34.233
1738264936.812553,1184704.000,60534,1,T1,1,100,34.207
1738264936.945558,1184837.000,60551,1,T1,1,100,34.196
1738264937.079564,1184971.000,60567,1,T1,1,100,34.191
1738264937.212569,1185104.000,60602,1,T1,1,100,34.189
1738264937.345574,1185237.000,60619,1,T1,1,100,34.188
1738264937.478580,1185370.000,60638,1,T1,1,100,34.188
1738264937.612585,1185504.000,60670,1,T1,1,100,34.188
1738264937.745590,1185637.000,60687,1,T1,1,100,34.081
1738264937.878595,1185770.000,60704,1,T1,1,100,34.071
1738264938.012601,1185904.000,60738,1,T1,1,100,34.137
1738264938.145606,1186037.000,60761,1,T1,1,100,34.059
1738264938.278611,1186170.000,60777,1,T1,1,100,34.238
1738264938.412617,1186304.000,60794,1,T1,1,100,34.139
1738264938.545622,1186437.000,60811,1,T1,1,100,34.060
1738264938.678627,1186570.000,60843,1,T1,1,100,34.061
1738264938.812633,1186704.000,60863,1,T1,1,100,34.168
1738264938.945638,1186837.000,60879,1,T1,1,100,34.144
1738264939.078643,1186970.000,60912,1,T1,1,100,34.169
1738264939.212649,1187104.000,60929,1,T1,1,100,34.179
1738264939.345654,1187237.000,60945,1,T1,1,100,34.149
1738264939.478659,1187370.000,60978,1,T1,1,100,34.171
1738264939.612665,1187504.000,60995,1,T1,1,100,34.216
1738264939.745670,1187637.000,61011,1,T1,1,100,34.235
1738264939.878675,1187770.000,61044,1,T1,1,100,34.279
1738264940.012681,1187904.000,61061,1,T1,1,100,34.227
1738264940.145686,1188037.000,61078,1,T1,1,100,34.134
1738264940.278691,1188170.000,61095,1,T1,1,100,34.022
1738264940.412697,1188304.000,61130,1,T1,1,100,34.116
1738264940.545702,1188437.000,61146,1,T1,1,100,34.121
1738264940.678707,1188570.000,61163,1,T1,1,100,34.123
1738264940.811713,1188703.000,61196,1,T1,1,100,34.195
1738264940.945718,1188837.000,61212,1,T1,1,100,34.084
1738264941.078723,1188970.000,61229,1,T1,1,100,34.214
1738264941.211729,1189103.000,61262,1,T1,1,100,34.234
1738264941.345734,1189237.000,61278,1,T1,1,100,34.101
1738264941.478739,1189370.000,61296,1,T1,1,100,34.115
1738264941.611744,1189503.000,61328,1,T1,1,100,34.050
1738264941.745750,1189637.000,61344,1,T1,1,100,34.163
1738264941.878755,1189770.000,61362,1,T1,1,100,34.106
1738264942.011760,1189903.000,61396,1,T1,1,100,34.152
1738264942.145766,1190037.000,61413,1,T1,1,100,34.066
1738264942.278771,1190170.000,61432,1,T1,1,100,34.135
1738264942.411776,1190303.000,61465,1,T1,1,100,34.094
1738264942.545782,1190437.000,61481,1,T1,1,100,34.147
1738264942.678787,1190570.000,61500,1,T1,1,100,34.135
1738264942.811792,1190703.000,61516,1,T1,1,100,34.200
1738264942.945798,1190837.000,61549,1,T1,1,100,34.157
1738264943.078803,1190970.000,61566,1,T1,1,100,34.068
1738264943.211808,1191103.000,61583,1,T1,1,100,34.065
1738264943.345814,1191237.000,61609,1,T1,1,100,34.028
1738264943.478819,1191370.000,61642,1,T1,1,100,34.119
1738264943.611824,1191503.000,61658,1,T1,1,100,34.016
1738264943.745830,1191637.000,61675,1,T1,1,100,34.113
1738264943.878835,1191770.000,61692,1,T1,1,100,34.155
1738264944.011840,1191903.000,61724,1,T1,1,100,34.209
1738264944.144845,1192036.000,61742,1,T1,1,100,34.161
1738264944.278851,1192170.000,61758,1,T1,1,100,34.141
1738264944.411856,1192303.000,61791,1,T1,1,100,34.203
1738264944.545861,1192437.000,61810,1,T1,1,100,34.230
1738264944.678867,1192570.000,61826,1,T1,1,100,34.206
1738264944.811872,1192703.000,61859,1,T1,1,100,34.124
1738264944.944878,1192836.000,61876,1,T1,1,100,34.196
1738264945.078883,1192970.000,61892,1,T1,1,100,34.156
1738264945.211888,1193103.000,61925,1,T1,1,100,34.174
1738264945.344893,1193236.000,61942,1,T1,1,100,34.075
1738264945.478899,1193370.000,61959,1,T1,1,100,34.103
1738264945.611904,1193503.000,61991,1,T1,1,100,34.151
1738264945.745909,1193637.000,62008,1,T1,1,100,34.136
1738264945.878915,1193770.000,62025,1,T1,1,100,34.165
1738264946.011920,1193903.000,62042,1,T1,1,100,34.178
1738264946.144925,1194036.000,62075,1,T1,1,100,34.077
1738264946.278931,1194170.000,62093,1,T1,1,100,34.104
1738264946.411936,1194303.000,62110,1,T1,1,100,34.187
1738264946.544941,1194436.000,62143,1,T1,1,100,34.258
1738264946.678947,1194570.000,62159,1,T1,1,100,34.289
1738264946.811952,1194703.000,62177,1,T1,1,100,34.231
1738264946.944957,1194836.000,62209,1,T1,1,100,34.242
1738264947.078963,1194970.000,62225,1,T1,1,100,34.247
1738264947.211968,1195103.000,62245,1,T1,1,100,34.213
1738264947.344973,1195236.000,62277,1,T1,1,100,34.163
1738264947.477979,1195369.000,62294,1,T1,1,100,34.106
1738264947.611984,1195503.000,62311,1,T1,1,100,34.117
1738264947.744989,1195636.000,62346,1,T1,1,100,34.192
1738264947.877995,1195769.000,62362,1,T1,1,100,34.083
1738264948.012000,1195903.000,62379,1,T1,1,100,34.142
1738264948.145005,1196036.000,62395,1,T1,1,100,34.062
1738264948.278011,1196169.000,62428,1,T1,1,100,34.133
1738264948.412016,1196303.000,62451,1,T1,1,100,34.058
1738264948.545021,1196436.000,62467,1,T1,1,100,34.096
1738264948.678026,1196569.000,62484,1,T1,1,100,34.112
1738264948.812032,1196703.000,62517,1,T1,1,100,34.084
1738264948.945037,1196836.000,62533,1,T1,1,100,34.072
1738264949.078043,1196969.000,62552,1,T1,1,100,34.067
1738264949.212048,1197103.000,62585,1,T1,1,100,34.100
1738264949.345053,1197236.000,62601,1,T1,1,100,34.114
1738264949.478059,1197369.000,62619,1,T1,1,100,34.156
1738264949.612064,1197503.000,62651,1,T1,1,100,34.032
1738264949.745069,1197636.000,62667,1,T1,1,100,34.156
1738264949.878074,1197769.000,62685,1,T1,1,100,34.138
1738264950.012080,1197903.000,62703,1,T1,1,100,34.166
1738264950.145085,1198036.000,62736,1,T1,1,100,34.178
1738264950.278090,1198169.000,62753,1,T1,1,100,34.113
1738264950.412096,1198303.000,62769,1,T1,1,100,34.261
1738264950.545101,1198436.000,62804,1,T1,1,100,34.184
1738264950.678106,1198569.000,62821,1,T1,1,100,34.186
1738264950.811112,1198702.000,62838,1,T1,1,100,34.258
1738264950.945117,1198836.000,62870,1,T1,1,100,34.218
1738264951.078122,1198969.000,62887,1,T1,1,100,34.130
1738264951.211128,1199102.000,62906,1,T1,1,100,34.233
1738264951.345133,1199236.000,62938,1,T1,1,100,34.207
1738264951.478138,1199369.000,62956,1,T1,1,100,34.161
1738264951.611144,1199502.000,62972,1,T1,1,100,34.070
1738264951.745149,1199636.000,62989,1,T1,1,100,34.066
1738264951.878154,1199769.000,63022,1,T1,1,100,34.135
1738264952.011160,1199902.000,63038,1,T1,1,100,34.200
1738264952.145165,1200036.000,63056,1,T1,1,100,34.158
1738264952.278170,1200169.000,63090,1,T1,1,100,34.104
1738264952.411175,1200302.000,63106,1,T1,1,100,34.116
1738264952.545181,1200436.000,63124,1,T1,1,100,34.156
1738264952.678186,1200569.000,63156,1,T1,1,100,34.139
1738264952.811192,1200702.000,63173,1,T1,1,100,34.166
1738264952.945197,1200836.000,63192,1,T1,1,100,34.285
1738264953.078202,1200969.000,63225,1,T1,1,100,34.230
1738264953.211208,1201102.000,63241,1,T1,1,100,34.206
1738264953.345213,1201236.000,63258,1,T1,1,100,34.124
1738264953.478218,1201369.000,63296,2,T1,1,100,34.231
1738264953.611223,1201502.000,63296,2,T1,1,100,34.100
1738264953.745229,1201636.000,63330,1,T1,1,100,34.150
1738264953.878234,1201769.000,63347,1,T1,1,100,34.100
1738264954.011240,1201902.000,63364,1,T1,1,100,34.008
1738264954.145245,1202036.000,63397,1,T1,1,100,34.074
1738264954.278250,1202169.000,63413,1,T1,1,100,34.209
1738264954.411255,1202302.000,63430,1,T1,1,100,34.197
1738264954.544261,1202435.000,63465,1,T1,1,100,34.121
1738264954.678266,1202569.000,63481,1,T1,1,100,34.088
1738264954.811271,1202702.000,63499,1,T1,1,100,34.109
1738264954.944277,1202835.000,63531,1,T1,1,100,34.118
1738264955.078282,1202969.000,63547,1,T1,1,100,34.051
1738264955.211287,1203102.000,63565,1,T1,1,100,34.058
1738264955.344293,1203235.000,63599,1,T1,1,100,34.096
1738264955.478298,1203369.000,63616,1,T1,1,100,34.148
1738264955.611303,1203502.000,63633,1,T1,1,100,34.241
1738264955.744309,1203635.000,63666,1,T1,1,100,34.211
1738264955.878314,1203769.000,63682,1,T1,1,100,34.162
1738264956.011319,1203902.000,63699,1,T1,1,100,34.177
1738264956.144325,1204035.000,63715,1,T1,1,100,34.147
1738264956.278330,1204169.000,63748,1,T1,1,100,34.170
1738264956.411335,1204302.000,63765,1,T1,1,100,34.180
1738264956.544341,1204435.000,63782,1,T1,1,100,34.220
1738264956.678346,1204569.000,63814,1,T1,1,100,34.272
1738264956.811351,1204702.000,63832,1,T1,1,100,34.189
1738264956.944356,1204835.000,63848,1,T1,1,100,34.082
1738264957.078362,1204969.000,63883,1,T1,1,100,34.142
1738264957.211367,1205102.000,63902,1,T1,1,100,34.168
1738264957.344373,1205235.000,63918,1,T1,1,100,34.214
1738264957.477378,1205368.000,63951,1,T1,1,100,34.128
1738264957.611383,1205502.000,63970,1,T1,1,100,34.126
1738264957.744389,1205635.000,63986,1,T1,1,100,34.197
1738264957.877394,1205768.000,64019,1,T1,1,100,34.262
1738264958.011399,1205902.000,64036,1,T1,1,100,34.220
1738264958.144404,1206035.000,64053,1,T1,1,100,34.131
1738264958.277410,1206168.000,64085,1,T1,1,100,34.234
1738264958.411415,1206302.000,64102,1,T1,1,100,34.137
1738264958.544420,1206435.000,64119,1,T1,1,100,34.059
1738264958.677426,1206568.000,64141,1,T1,1,100,34.061
1738264958.811431,1206702.000,64158,1,T1,1,100,34.062
1738264958.944436,1206835.000,64190,1,T1,1,100,34.098
1738264959.077442,1206968.000,64207,1,T1,1,100,34.042
1738264959.211447,1207102.000,64226,1,T1,1,100,34.125
1738264959.344452,1207235.000,64258,1,T1,1,100,34.125
1738264959.477458,1207368.000,64276,1,T1,1,100,34.125
1738264959.611463,1207502.000,64292,1,T1,1,100,34.090
1738264959.744468,1207635.000,64309,1,T1,1,100,34.181
1738264959.877474,1207768.000,64342,1,T1,1,100,34.220
1738264960.011479,1207902.000,64358,1,T1,1,100,34.272
1738264960.144484,1208035.000,64375,1,T1,1,100,34.224
1738264960.277490,1208168.000,64408,1,T1,1,100,34.132
1738264960.411495,1208302.000,64424,1,T1,1,100,34.164
1738264960.544500,1208435.000,64442,1,T1,1,100,34.319
1738264960.677505,1208568.000,64476,1,T1,1,100,34.315
1738264960.810511,1208701.000,64493,1,T1,1,100,34.172
1738264960.944516,1208835.000,64512,1,T1,1,100,34.216
1738264961.077522,1208968.000,64545,1,T1,1,100,34.200
1738264961.211527,1209102.000,64561,1,T1,1,100,34.087
1738264961.344532,1209235.000,64578,1,T1,1,100,34.179
1738264961.477537,1209368.000,64613,1,T1,1,100,34.184
1738264961.610543,1209501.000,64629,1,T1,1,100,34.292
1738264961.744548,1209635.000,64646,1,T1,1,100,34.162
1738264961.877553,1209768.000,64663,1,T1,1,100,34.176
1738264962.010559,1209901.000,64695,1,T1,1,100,34.076
1738264962.144564,1210035.000,64713,1,T1,1,100,34.175
1738264962.277570,1210168.000,64731,1,T1,1,100,34.076
1738264962.410575,1210301.000,64766,1,T1,1,100,34.139
1738264962.544580,1210435.000,64783,1,T1,1,100,34.096
1738264962.677585,1210568.000,64799,1,T1,1,100,34.077
1738264962.810591,1210701.000,64832,1,T1,1,100,34.246
1738264962.944596,1210835.000,64849,1,T1,1,100,34.284
1738264963.077601,1210968.000,64865,1,T1,1,100,34.123
1738264963.210607,1211101.000,64900,1,T1,1,100,34.124
1738264963.344612,1211235.000,64917,1,T1,1,100,34.125
1738264963.477617,1211368.000,64934,1,T1,1,100,34.196
1738264963.610623,1211501.000,64966,1,T1,1,100,34.227
1738264963.744628,1211635.000,64989,1,T1,1,100,34.240
1738264963.877633,1211768.000,65007,1,T1,1,100,34.317
1738264964.010639,1211901.000,65024,1,T1,1,100,34.279
1738264964.144644,1212035.000,65041,1,T1,1,100,34.262
1738264964.277649,1212168.000,65073,1,T1,1,100,34.184
1738264964.410655,1212301.000,65090,1,T1,1,100,34.186
1738264964.543660,1212434.000,65107,1,T1,1,100,34.222
1738264964.677665,1212568.000,65139,1,T1,1,100,34.203
1738264964.810671,1212701.000,65157,1,T1,1,100,34.123
1738264964.943676,1212834.000,65173,1,T1,1,100,34.124
1738264965.077681,1212968.000,65208,1,T1,1,100,34.160
1738264965.210686,1213101.000,65225,1,T1,1,100,34.176
1738264965.343692,1213234.000,65241,1,T1,1,100,34.147
1738264965.477697,1213368.000,65274,1,T1,1,100,34.134
1738264965.610703,1213501.000,65291,1,T1,1,100,34.165
1738264965.743708,1213634.000,65307,1,T1,1,100,34.142
1738264965.877713,1213768.000,65327,1,T1,1,100,34.203
1738264966.010718,1213901.000,65359,1,T1,1,100,34.159
1738264966.143724,1214034.000,65376,1,T1,1,100,34.140
1738264966.277729,1214168.000,65395,1,T1,1,100,34.096
1738264966.410734,1214301.000,65428,1,T1,1,100,34.219
1738264966.543740,1214434.000,65444,1,T1,1,100,34.130
1738264966.677745,1214568.000,65461,1,T1,1,100,34.198
1738264966.810750,1214701.000,65494,1,T1,1,100,34.228
1738264966.943756,1214834.000,65510,1,T1,1,100,34.169
1738264967.077761,1214968.000,65527,1,T1,1,100,34.321
1738264967.210766,1215101.000,26,1,T1,1,100,34.281
1738264967.343772,1215234.000,42,1,T1,1,100,34.192
1738264967.477777,1215368.000,60,1,T1,1,100,34.225
1738264967.610782,1215501.000,92,1,T1,1,100,34.239
1738264967.743788,1215634.000,108,1,T1,1,100,34.210
1738264967.877793,1215768.000,126,1,T1,1,100,34.126
1738264968.010798,1215901.000,142,1,T1,1,100,34.161
1738264968.143804,1216034.000,177,1,T1,1,100,34.105
1738264968.276809,1216167.000,194,1,T1,1,100,34.187
1738264968.410814,1216301.000,210,1,T1,1,100,34.152
1738264968.543820,1216434.000,243,1,T1,1,100,34.066
1738264968.676825,1216567.000,260,1,T1,1,100,34.135
1738264968.810830,1216701.000,277,1,T1,1,100,34.129
1738264968.943835,1216834.000,299,1,T1,1,100,34.091
1738264969.076841,1216967.000,332,1,T1,1,100,34.181
1738264969.210846,1217101.000,348,1,T1,1,100,34.256
1738264969.343852,1217234.000,365,1,T1,1,100,34.217
1738264969.476857,1217367.000,381,1,T1,1,100,34.236
1738264969.610862,1217501.000,416,1,T1,1,100,34.137
1738264969.743867,1217634.000,433,1,T1,1,100,34.166
1738264969.876873,1217767.000,450,1,T1,1,100,34.107
1738264970.010878,1217901.000,482,1,T1,1,100,34.117
1738264970.143883,1218034.000,500,1,T1,1,100,34.157
1738264970.276889,1218167.000,518,1,T1,1,100,34.210
1738264970.410894,1218301.000,551,1,T1,1,100,34.233
1738264970.543900,1218434.000,568,1,T1,1,100,34.278
1738264970.676905,1218567.000,584,1,T1,1,100,34.333
1738264970.809910,1218700.000,619,1,T1,1,100,34.250
1738264970.943915,1218834.000,636,1,T1,1,100,34.144
1738264971.076921,1218967.000,652,1,T1,1,100,34.062
1738264971.209926,1219100.000,685,1,T1,1,100,34.169
1738264971.343931,1219234.000,704,1,T1,1,100,34.215
1738264971.476937,1219367.000,721,1,T1,1,100,34.093
1738264971.609942,1219500.000,738,1,T1,1,100,34.111
1738264971.743947,1219634.000,771,1,T1,1,100,34.119
1738264971.876953,1219767.000,787,1,T1,1,100,34.158
1738264972.009958,1219900.000,804,1,T1,1,100,34.175
1738264972.143963,1220034.000,839,1,T1,1,100,34.111
1738264972.276969,1220167.000,857,1,T1,1,100,34.119
1738264972.409974,1220300.000,874,1,T1,1,100,34.193
1738264972.543979,1220434.000,907,1,T1,1,100,34.225
1738264972.676985,1220567.000,923,1,T1,1,100,34.204
1738264972.809990,1220700.000,941,1,T1,1,100,34.088
1738264972.943995,1220834.000,975,1,T1,1,100,34.145
1738264973.077001,1220967.000,991,1,T1,1,100,34.204
1738264973.210006,1221100.000,1009,1,T1,1,100,34.159
1738264973.344011,1221234.000,1041,1,T1,1,100,34.104
1738264973.477016,1221367.000,1060,1,T1,1,100,34.187
1738264973.610022,1221500.000,1077,1,T1,1,100,34.223
1738264973.744027,1221634.000,1093,1,T1,1,100,34.203
1738264973.877033,1221767.000,1126,1,T1,1,100,34.123
1738264974.010038,1221900.000,1150,1,T1,1,100,34.053
1738264974.144043,1222034.000,1169,1,T1,1,100,34.129
1738264974.277048,1222167.000,1201,1,T1,1,100,34.198
1738264974.410054,1222300.000,1218,1,T1,1,100,34.121
1738264974.543059,1222433.000,1235,1,T1,1,100,34.123
1738264974.677064,1222567.000,1267,1,T1,1,100,34.089
1738264974.810070,1222700.000,1285,1,T1,1,100,34.145
1738264974.943075,1222833.000,1303,1,T1,1,100,34.027
1738264975.077080,1222967.000,1336,1,T1,1,100,34.189
1738264975.210086,1223100.000,1353,1,T1,1,100,34.082
1738264975.343091,1223233.000,1369,1,T1,1,100,34.142
1738264975.477096,1223367.000,1386,1,T1,1,100,34.274
1738264975.610102,1223500.000,1419,1,T1,1,100,34.154
1738264975.743107,1223633.000,1435,1,T1,1,100,34.102
1738264975.877112,1223767.000,1453,1,T1,1,100,34.115
1738264976.010118,1223900.000,1487,1,T1,1,100,34.192
1738264976.143123,1224033.000,1504,1,T1,1,100,34.118
1738264976.277128,1224167.000,1521,1,T1,1,100,34.229
1738264976.410134,1224300.000,1554,1,T1,1,100,34.205
1738264976.543139,1224433.000,1570,1,T1,1,100,34.124
1738264976.677144,1224567.000,1587,1,T1,1,100,34.196
1738264976.810150,1224700.000,1620,1,T1,1,100,34.262
1738264976.943155,1224833.000,1636,1,T1,1,100,34.255
1738264977.077160,1224967.000,1653,1,T1,1,100,34.252
1738264977.210166,1225100.000,1688,1,T1,1,100,34.286
1738264977.343171,1225233.000,1706,1,T1,1,100,34.266
1738264977.477176,1225367.000,1724,1,T1,1,100,34.221
1738264977.610182,1225500.000,1740,1,T1,1,100,34.273
1738264977.743187,1225633.000,1772,1,T1,1,100,34.154
1738264977.877192,1225767.000,1790,1,T1,1,100,34.137
1738264978.010197,1225900.000,1806,1,T1,1,100,34.237
1738264978.143203,1226033.000,1839,1,T1,1,100,34.244
1738264978.276208,1226166.000,1856,1,T1,1,100,34.177
1738264978.410213,1226300.000,1872,1,T1,1,100,34.183
1738264978.543219,1226433.000,1907,1,T1,1,100,34.150
1738264978.676224,1226566.000,1924,1,T1,1,100,34.171
1738264978.810229,1226700.000,1941,1,T1,1,100,34.110
1738264978.943235,1226833.000,1973,1,T1,1,100,34.118
1738264979.076240,1226966.000,1995,1,T1,1,100,34.158
1738264979.210245,1227100.000,2014,1,T1,1,100,34.210
1738264979.343251,1227233.000,2031,1,T1,1,100,34.197
1738264979.476256,1227366.000,2064,1,T1,1,100,34.085
1738264979.610261,1227500.000,2080,1,T1,1,100,34.179
1738264979.743267,1227633.000,2097,1,T1,1,100,34.184
1738264979.876272,1227766.000,2132,1,T1,1,100,34.150
1738264980.010277,1227900.000,2148,1,T1,1,100,34.207
1738264980.143283,1228033.000,2166,1,T1,1,100,34.231
1738264980.276288,1228166.000,2198,1,T1,1,100,34.242
1738264980.410293,1228300.000,2214,1,T1,1,100,34.140
1738264980.543298,1228433.000,2232,1,T1,1,100,34.167
1738264980.676304,1228566.000,2264,1,T1,1,100,34.214
1738264980.809309,1228699.000,2281,1,T1,1,100,34.199
1738264980.943315,1228833.000,2298,1,T1,1,100,34.157
1738264981.076320,1228966.000,2331,1,T1,1,100,34.103
1738264981.210325,1229100.000,2347,1,T1,1,100,34.187
1738264981.343331,1229233.000,2364,1,T1,1,100,34.187
1738264981.476336,1229366.000,2382,1,T1,1,100,34.223
1738264981.609341,1229499.000,2415,1,T1,1,100,34.167
1738264981.743346,1229633.000,2432,1,T1,1,100,34.072
1738264981.876352,1229766.000,2449,1,T1,1,100,34.031
1738264982.009357,1229899.000,2481,1,T1,1,100,34.049
1738264982.143363,1230033.000,2499,1,T1,1,100,34.163
1738264982.276368,1230166.000,2517,1,T1,1,100,34.212
1738264982.409373,1230299.000,2552,1,T1,1,100,34.163
1738264982.543378,1230433.000,2569,1,T1,1,100,34.141
1738264982.676384,1230566.000,2585,1,T1,1,100,34.168
1738264982.809389,1230699.000,2618,1,T1,1,100,34.214
1738264982.943394,1230833.000,2635,1,T1,1,100,34.128
1738264983.076400,1230966.000,2651,1,T1,1,100,34.126
1738264983.209405,1231099.000,2686,1,T1,1,100,34.161
1738264983.343410,1231233.000,2703,1,T1,1,100,34.176
1738264983.476416,1231366.000,2720,1,T1,1,100,34.112
1738264983.609421,1231499.000,2737,1,T1,1,100,34.048
1738264983.743426,1231633.000,2769,1,T1,1,100,34.056
1738264983.876432,1231766.000,2786,1,T1,1,100,34.166
1738264984.009437,1231899.000,2803,1,T1,1,100,34.285
1738264984.142942,1232032.500,2841,2,T1,1,100,34.123
1738264984.276448,1232166.000,2841,2,T1,1,100,34.053
1738264984.409453,1232299.000,2874,1,T1,1,100,34.165
1738264984.543458,1232433.000,2891,1,T1,1,100,34.213
1738264984.676464,1232566.000,2909,1,T1,1,100,34.234
1738264984.809469,1232699.000,2942,1,T1,1,100,34.243
1738264984.942474,1232832.000,2959,1,T1,1,100,34.105
1738264985.076479,1232966.000,2975,1,T1,1,100,34.152
1738264985.209485,1233099.000,3008,1,T1,1,100,34.208
1738264985.342490,1233232.000,3025,1,T1,1,100,34.125
1738264985.476496,1233366.000,3044,1,T1,1,100,34.054
1738264985.609501,1233499.000,3061,1,T1,1,100,34.059
1738264985.742506,1233632.000,3094,1,T1,1,100,34.061
1738264985.876512,1233766.000,3110,1,T1,1,100,34.239
1738264986.009517,1233899.000,3127,1,T1,1,100,34.174
1738264986.142522,1234032.000,3162,1,T1,1,100,34.217
1738264986.276527,1234166.000,3178,1,T1,1,100,34.236
1738264986.409533,1234299.000,3195,1,T1,1,100,34.208
1738264986.542538,1234432.000,3228,1,T1,1,100,34.267
1738264986.676543,1234566.000,3244,1,T1,1,100,34.187
1738264986.809549,1234699.000,3262,1,T1,1,100,34.152
1738264986.942554,1234832.000,3294,1,T1,1,100,34.207
1738264987.076559,1234966.000,3310,1,T1,1,100,34.196
1738264987.209565,1235099.000,3330,1,T1,1,100,34.227
1738264987.342570,1235232.000,3346,1,T1,1,100,34.063
1738264987.475575,1235365.000,3379,1,T1,1,100,34.133
1738264987.609581,1235499.000,3396,1,T1,1,100,34.200
1738264987.742586,1235632.000,3412,1,T1,1,100,34.299
1738264987.876591,1235766.000,3445,1,T1,1,100,34.236
1738264988.009597,1235899.000,3462,1,T1,1,100,34.208
1738264988.142602,1236032.000,3481,1,T1,1,100,34.161
1738264988.275607,1236165.000,3513,1,T1,1,100,34.176
1738264988.409613,1236299.000,3530,1,T1,1,100,34.041
1738264988.542618,1236432.000,3547,1,T1,1,100,34.018
1738264988.675623,1236565.000,3579,1,T1,1,100,34.114
1738264988.809628,1236699.000,3597,1,T1,1,100,34.227
1738264988.942634,1236832.000,3613,1,T1,1,100,34.275
1738264989.075639,1236965.000,3648,1,T1,1,100,34.261
1738264989.209645,1237099.000,3665,1,T1,1,100,34.219
1738264989.342650,1237232.000,3685,1,T1,1,100,34.272
1738264989.475655,1237365.000,3702,1,T1,1,100,34.260
1738264989.609661,1237499.000,3719,1,T1,1,100,34.219
1738264989.742666,1237632.000,3754,1,T1,1,100,34.166
1738264989.875671,1237765.000,3770,1,T1,1,100,34.178
1738264990.009676,1237899.000,3787,1,T1,1,100,34.254
1738264990.142682,1238032.000,3822,1,T1,1,100,34.252
1738264990.275687,1238165.000,3838,1,T1,1,100,34.251
1738264990.409693,1238299.000,3855,1,T1,1,100,34.215
1738264990.542698,1238432.000,3872,1,T1,1,100,34.235
1738264990.675703,1238565.000,3906,1,T1,1,100,34.279
1738264990.808708,1238698.000,3924,1,T1,1,100,34.156
1738264990.942714,1238832.000,3940,1,T1,1,100,34.032
1738264991.075719,1238965.000,3973,1,T1,1,100,33.978
1738264991.208724,1239098.000,3992,1,T1,1,100,34.062
1738264991.342730,1239232.000,4008,1,T1,1,100,34.275
1738264991.475735,1239365.000,4041,1,T1,1,100,34.154
1738264991.608740,1239498.000,4058,1,T1,1,100,34.102
1738264991.742746,1239632.000,4074,1,T1,1,100,34.222
1738264991.875751,1239765.000,4107,1,T1,1,100,34.167
1738264992.008756,1239898.000,4126,1,T1,1,100,34.214
1738264992.142762,1240032.000,4143,1,T1,1,100,34.164
1738264992.275767,1240165.000,4162,1,T1,1,100,34.142
1738264992.408772,1240298.000,4195,1,T1,1,100,34.203
1738264992.542778,1240432.000,4211,1,T1,1,100,34.194
1738264992.675783,1240565.000,4228,1,T1,1,100,34.155
1738264992.808788,1240698.000,4263,1,T1,1,100,34.138
1738264992.942794,1240832.000,4279,1,T1,1,100,34.060
1738264993.075799,1240965.000,4296,1,T1,1,100,34.168
1738264993.208804,1241098.000,4329,1,T1,1,100,34.250
1738264993.342809,1241232.000,4345,1,T1,1,100,34.250
1738264993.475815,1241365.000,4365,1,T1,1,100,34.321
1738264993.608820,1241498.000,4397,1,T1,1,100,34.281
1738264993.742826,1241632.000,4413,1,T1,1,100,34.405
1738264993.875831,1241765.000,4431,1,T1,1,100,34.282
1738264994.008836,1241898.000,4447,1,T1,1,100,34.370
1738264994.142842,1242032.000,4480,1,T1,1,100,34.231
1738264994.275847,1242165.000,4497,1,T1,1,100,34.277
1738264994.408852,1242298.000,4513,1,T1,1,100,34.262
1738264994.541857,1242431.000,4553,1,T1,1,100,34.220
1738264994.675863,1242565.000,4570,1,T1,1,100,34.166
1738264994.808868,1242698.000,4587,1,T1,1,100,34.143
1738264994.941873,1242831.000,4619,1,T1,1,100,34.204
1738264995.075879,1242965.000,4636,1,T1,1,100,34.194
1738264995.208884,1243098.000,4653,1,T1,1,100,34.191
1738264995.341889,1243231.000,4687,1,T1,1,100,34.260
1738264995.475895,1243365.000,4705,1,T1,1,100,34.290
1738264995.608900,1243498.000,4721,1,T1,1,100,34.267
1738264995.741905,1243631.000,4738,1,T1,1,100,34.222
1738264995.875911,1243765.000,4771,1,T1,1,100,34.202
1738264996.008916,1243898.000,4789,1,T1,1,100,34.265
1738264996.141921,1244031.000,4806,1,T1,1,100,34.256
1738264996.275927,1244165.000,4839,1,T1,1,100,34.182
1738264996.408932,1244298.000,4855,1,T1,1,100,34.150
1738264996.541937,1244431.000,4873,1,T1,1,100,34.207
1738264996.675943,1244565.000,4905,1,T1,1,100,34.231
1738264996.808948,1244698.000,4922,1,T1,1,100,34.206
1738264996.941953,1244831.000,4941,1,T1,1,100,34.231
1738264997.074959,1244964.000,4974,1,T1,1,100,34.206
1738264997.208964,1245098.000,4992,1,T1,1,100,34.196
1738264997.341969,1245231.000,5009,1,T1,1,100,34.297
1738264997.475975,1245365.000,5042,1,T1,1,100,34.164
1738264997.608980,1245498.000,5058,1,T1,1,100,34.248
1738264997.741985,1245631.000,5075,1,T1,1,100,34.249
1738264997.874990,1245764.000,5092,1,T1,1,100,34.285
1738264998.008996,1245898.000,5126,1,T1,1,100,34.230
1738264998.142001,1246031.000,5144,1,T1,1,100,34.064
1738264998.275007,1246164.000,5160,1,T1,1,100,34.276
1738264998.409012,1246298.000,5195,1,T1,1,100,34.261
1738264998.542017,1246431.000,5212,1,T1,1,100,34.290
1738264998.675022,1246564.000,5228,1,T1,1,100,34.161
1738264998.809028,1246698.000,5263,1,T1,1,100,34.176
1738264998.942033,1246831.000,5280,1,T1,1,100,34.218
1738264999.075038,1246964.000,5296,1,T1,1,100,34.201
1738264999.209044,1247098.000,5329,1,T1,1,100,34.193
1738264999.342049,1247231.000,5346,1,T1,1,100,34.261
1738264999.475054,1247364.000,5363,1,T1,1,100,34.113
1738264999.609060,1247498.000,5400,1,T1,1,100,34.262
1738264999.742065,1247631.000,5419,1,T1,1,100,34.326
1738264999.875070,1247764.000,5436,1,T1,1,100,34.176
1738265000.009076,1247898.000,5453,1,T1,1,100,34.147
1738265000.142081,1248031.000,5488,1,T1,1,100,34.241
1738265000.275086,1248164.000,5504,1,T1,1,100,34.211
1738265000.409092,1248298.000,5521,1,T1,1,100,34.304
1738265000.542097,1248431.000,5554,1,T1,1,100,34.309
1738265000.675102,1248564.000,5570,1,T1,1,100,34.134
1738265000.809108,1248698.000,5588,1,T1,1,100,34.200
1738265000.942113,1248831.000,5622,1,T1,1,100,34.370
1738265001.075118,1248964.000,5638,1,T1,1,100,34.196
1738265001.208123,1249097.000,5656,1,T1,1,100,34.333
1738265001.342129,1249231.000,5688,1,T1,1,100,34.215
1738265001.475134,1249364.000,5705,1,T1,1,100,34.199
1738265001.608140,1249497.000,5722,1,T1,1,100,34.264
1738265001.742145,1249631.000,5755,1,T1,1,100,34.185
1738265001.875150,1249764.000,5771,1,T1,1,100,34.222
1738265002.008155,1249897.000,5788,1,T1,1,100,34.238
1738265002.142161,1250031.000,5804,1,T1,1,100,34.209
1738265002.275166,1250164.000,5839,1,T1,1,100,34.197
1738265002.408171,1250297.000,5856,1,T1,1,100,34.156
1738265002.542177,1250431.000,5873,1,T1,1,100,34.174
1738265002.675182,1250564.000,5907,1,T1,1,100,34.217
1738265002.808187,1250697.000,5925,1,T1,1,100,34.236
1738265002.942193,1250831.000,5941,1,T1,1,100,34.173
1738265003.075198,1250964.000,5974,1,T1,1,100,34.146
1738265003.208203,1251097.000,5991,1,T1,1,100,34.205
1738265003.342209,1251231.000,6007,1,T1,1,100,34.337
1738265003.475214,1251364.000,6042,1,T1,1,100,34.288
1738265003.608219,1251497.000,6059,1,T1,1,100,34.231
1738265003.742225,1251631.000,6075,1,T1,1,100,34.064
1738265003.875230,1251764.000,6110,1,T1,1,100,34.170
1738265004.008235,1251897.000,6127,1,T1,1,100,34.286
1738265004.141241,1252030.000,6144,1,T1,1,100,34.230
1738265004.275246,1252164.000,6161,1,T1,1,100,34.312
1738265004.408251,1252297.000,6193,1,T1,1,100,34.206
1738265004.541257,1252430.000,6210,1,T1,1,100,34.231
1738265004.675262,1252564.000,6234,1,T1,1,100,34.242
1738265004.808267,1252697.000,6267,1,T1,1,100,34.246
1738265004.942273,1252831.000,6283,1,T1,1,100,34.248
1738265005.075278,1252964.000,6300,1,T1,1,100,34.249
1738265005.208283,1253097.000,6335,1,T1,1,100,34.214
1738265005.341289,1253230.000,6351,1,T1,1,100,34.199
1738265005.475294,1253364.000,6369,1,T1,1,100,34.193
1738265005.608299,1253497.000,6385,1,T1,1,100,34.083
1738265005.741304,1253630.000,6417,1,T1,1,100,34.178
1738265005.875310,1253764.000,6437,1,T1,1,100,34.219
1738265006.008315,1253897.000,6453,1,T1,1,100,34.236
1738265006.141320,1254030.000,6488,1,T1,1,100,34.209
1738265006.275326,1254164.000,6505,1,T1,1,100,34.126
1738265006.408331,1254297.000,6521,1,T1,1,100,34.196
1738265006.541336,1254430.000,6554,1,T1,1,100,34.298
1738265006.675342,1254564.000,6571,1,T1,1,100,34.271
1738265006.808347,1254697.000,6588,1,T1,1,100,34.223
1738265006.941352,1254830.000,6620,1,T1,1,100,34.345
1738265007.075358,1254964.000,6639,1,T1,1,100,34.220
1738265007.208363,1255097.000,6658,1,T1,1,100,34.131
1738265007.341368,1255230.000,6690,1,T1,1,100,34.198
1738265007.474374,1255363.000,6708,1,T1,1,100,34.228
1738265007.608379,1255497.000,6724,1,T1,1,100,34.276
1738265007.741384,1255630.000,6741,1,T1,1,100,34.190
1738265007.874390,1255763.000,6776,1,T1,1,100,34.260
1738265008.008395,1255897.000,6792,1,T1,1,100,34.148
1738265008.141400,1256030.000,6810,1,T1,1,100,34.099
1738265008.274405,1256163.000,6842,1,T1,1,100,34.185
1738265008.408411,1256297.000,6858,1,T1,1,100,34.186
1738265008.541416,1256430.000,6876,1,T1,1,100,34.187
1738265008.674422,1256563.000,6910,1,T1,1,100,34.223
1738265008.808427,1256697.000,6927,1,T1,1,100,34.274
1738265008.941432,1256830.000,6944,1,T1,1,100,34.225
1738265009.074438,1256963.000,6977,1,T1,1,100,34.097
1738265009.208443,1257097.000,6993,1,T1,1,100,34.255
1738265009.341448,1257230.000,7010,1,T1,1,100,34.252
1738265009.474453,1257363.000,7026,1,T1,1,100,34.251
1738265009.608459,1257497.000,7059,1,T1,1,100,34.357
1738265009.741464,1257630.000,7078,1,T1,1,100,34.225
1738265009.874470,1257763.000,7099,1,T1,1,100,34.204
1738265010.008475,1257897.000,7115,1,T1,1,100,34.265
1738265010.141480,1258030.000,7148,1,T1,1,100,34.257
1738265010.274485,1258163.000,7167,1,T1,1,100,34.217
1738265010.408491,1258297.000,7183,1,T1,1,100,34.200
1738265010.541496,1258430.000,7201,1,T1,1,100,34.264
1738265010.674501,1258563.000,7233,1,T1,1,100,34.362
1738265010.807507,1258696.000,7250,1,T1,1,100,34.299
1738265010.941512,1258830.000,7269,1,T1,1,100,34.165
1738265011.074517,1258963.000,7302,1,T1,1,100,34.213
1738265011.207523,1259096.000,7318,1,T1,1,100,34.234
1738265011.341528,1259230.000,7335,1,T1,1,100,34.243
1738265011.474533,1259363.000,7368,1,T1,1,100,34.247
1738265011.607539,1259496.000,7384,1,T1,1,100,34.142
1738265011.741544,1259630.000,7401,1,T1,1,100,34.132
1738265011.874549,1259763.000,7434,1,T1,1,100,34.235
1738265012.007555,1259896.000,7452,1,T1,1,100,34.243
1738265012.141560,1260030.000,7470,1,T1,1,100,34.176
1738265012.274565,1260163.000,7488,1,T1,1,100,34.147
1738265012.407571,1260296.000,7520,1,T1,1,100,34.206
1738265012.541576,1260430.000,7538,1,T1,1,100,34.124
1738265012.674581,1260563.000,7554,1,T1,1,100,34.196
1738265012.807587,1260696.000,7587,1,T1,1,100,34.120
1738265012.941592,1260830.000,7606,1,T1,1,100,34.158
1738265013.074597,1260963.000,7622,1,T1,1,100,34.281
1738265013.207603,1261096.000,7655,1,T1,1,100,34.122
1738265013.341608,1261230.000,7672,1,T1,1,100,34.124
1738265013.474613,1261363.000,7689,1,T1,1,100,34.195
1738265013.607619,1261496.000,7721,1,T1,1,100,34.191
1738265013.741624,1261630.000,7738,1,T1,1,100,34.118
1738265013.874629,1261763.000,7755,1,T1,1,100,34.193
1738265014.007634,1261896.000,7787,1,T1,1,100,34.154
1738265014.140640,1262029.000,7805,1,T1,1,100,34.209
1738265014.274645,1262163.000,7823,1,T1,1,100,34.197
1738265014.407650,1262296.000,7840,1,T1,1,100,34.191
1738265014.540656,1262429.000,7873,1,T1,1,100,34.118
1738265014.674661,1262563.000,7891,1,T1,1,100,34.158
1738265014.807666,1262696.000,7909,1,T1,1,100,34.245
1738265014.940672,1262829.000,7948,1,T1,1,100,34.248
1738265015.074677,1262963.000,7964,1,T1,1,100,34.214
1738265015.207682,1263096.000,7982,1,T1,1,100,34.270
1738265015.340688,1263229.000,8014,1,T1,1,100,34.259
1738265015.474693,1263363.000,8031,1,T1,1,100,34.218
1738265015.607698,1263496.000,8048,1,T1,1,100,34.165
1738265015.740704,1263629.000,8081,1,T1,1,100,34.213
1738265015.874709,1263763.000,8097,1,T1,1,100,34.199
1738265016.007714,1263896.000,8114,1,T1,1,100,34.263
1738265016.140720,1264029.000,8147,1,T1,1,100,34.256
1738265016.274725,1264163.000,8165,1,T1,1,100,34.252
1738265016.407730,1264296.000,8182,1,T1,1,100,34.287
1738265016.540735,1264429.000,8199,1,T1,1,100,34.266
1738265016.674741,1264563.000,8231,1,T1,1,100,34.257
1738265016.807746,1264696.000,8249,1,T1,1,100,34.182
1738265016.940752,1264829.000,8265,1,T1,1,100,34.221
1738265017.074757,1264963.000,8298,1,T1,1,100,34.379
1738265017.207762,1265096.000,8319,1,T1,1,100,34.341
1738265017.340768,1265229.000,8335,1,T1,1,100,34.183
1738265017.474773,1265363.000,8368,1,T1,1,100,34.221
1738265017.607778,1265496.000,8385,1,T1,1,100,34.167
1738265017.740783,1265629.000,8401,1,T1,1,100,34.214
1738265017.873789,1265762.000,8434,1,T1,1,100,34.199
1738265018.007794,1265896.000,8451,1,T1,1,100,34.263
1738265018.140800,1266029.000,8470,1,T1,1,100,34.149
1738265018.273805,1266162.000,8502,1,T1,1,100,34.171
1738265018.407810,1266296.000,8519,1,T1,1,100,34.216
1738265018.540815,1266429.000,8536,1,T1,1,100,34.235
1738265018.673821,1266562.000,8568,1,T1,1,100,34.137
1738265018.807826,1266696.000,8588,1,T1,1,100,34.166
1738265018.940831,1266829.000,8604,1,T1,1,100,34.178
1738265019.073837,1266962.000,8621,1,T1,1,100,34.183
1738265019.207842,1267096.000,8654,1,T1,1,100,34.150
1738265019.340847,1267229.000,8670,1,T1,1,100,34.242
1738265019.473853,1267362.000,8688,1,T1,1,100,34.211
1738265019.607858,1267496.000,8720,1,T1,1,100,34.162
1738265019.740863,1267629.000,8736,1,T1,1,100,34.141
1738265019.873869,1267762.000,8756,1,T1,1,100,34.132
1738265020.007874,1267896.000,8793,1,T1,1,100,34.199
1738265020.140879,1268029.000,8810,1,T1,1,100,34.157
1738265020.273885,1268162.000,8827,1,T1,1,100,34.281
1738265020.407890,1268296.000,8862,1,T1,1,100,34.228
1738265020.540895,1268429.000,8878,1,T1,1,100,34.240
1738265020.673901,1268562.000,8895,1,T1,1,100,34.210
1738265020.807906,1268696.000,8911,1,T1,1,100,34.197
1738265020.940911,1268829.000,8944,1,T1,1,100,34.192
1738265021.073916,1268962.000,8961,1,T1,1,100,34.225
1738265021.206922,1269095.000,8978,1,T1,1,100,34.204
1738265021.340927,1269229.000,9010,1,T1,1,100,34.194
1738265021.473933,1269362.000,9030,1,T1,1,100,34.120
1738265021.606938,1269495.000,9046,1,T1,1,100,34.194
1738265021.740943,1269629.000,9079,1,T1,1,100,34.190
1738265021.873949,1269762.000,9096,1,T1,1,100,34.189
1738265022.006954,1269895.000,9112,1,T1,1,100,34.259
1738265022.140959,1270029.000,9147,1,T1,1,100,34.289
1738265022.273964,1270162.000,9164,1,T1,1,100,34.232
1738265022.406970,1270295.000,9180,1,T1,1,100,34.207
1738265022.540975,1270429.000,9213,1,T1,1,100,34.302
1738265022.673980,1270562.000,9230,1,T1,1,100,34.273
1738265022.806986,1270695.000,9247,1,T1,1,100,34.260
1738265022.940991,1270829.000,9264,1,T1,1,100,34.254
1738265023.073996,1270962.000,9296,1,T1,1,100,34.181
1738265023.207002,1271095.000,9313,1,T1,1,100,34.220
1738265023.341007,1271229.000,9330,1,T1,1,100,34.237
1738265023.474012,1271362.000,9365,1,T1,1,100,34.244
1738265023.607018,1271495.000,9381,1,T1,1,100,34.283
1738265023.741023,1271629.000,9398,1,T1,1,100,34.193
1738265023.874028,1271762.000,9431,1,T1,1,100,34.261
1738265024.007034,1271895.000,9447,1,T1,1,100,34.219
1738265024.140039,1272028.000,9465,1,T1,1,100,34.272
1738265024.274044,1272162.000,9499,1,T1,1,100,34.260
1738265024.407050,1272295.000,9515,1,T1,1,100,34.219
1738265024.540055,1272428.000,9533,1,T1,1,100,34.236
1738265024.674060,1272562.000,9565,1,T1,1,100,34.244
1738265024.807065,1272695.000,9582,1,T1,1,100,34.212
1738265024.940071,1272828.000,9599,1,T1,1,100,34.304
1738265025.074076,1272962.000,9637,1,T1,1,100,34.238
1738265025.207082,1273095.000,9653,1,T1,1,100,34.280
1738265025.340087,1273228.000,9672,1,T1,1,100,34.157
1738265025.474092,1273362.000,9689,1,T1,1,100,34.281
1738265025.607097,1273495.000,9721,1,T1,1,100,34.228
1738265025.740103,1273628.000,9738,1,T1,1,100,34.205
1738265025.874108,1273762.000,9755,1,T1,1,100,34.089
1738265026.007113,1273895.000,9772,1,T1,1,100,34.145
1738265026.140119,1274028.000,9807,1,T1,1,100,34.204
1738265026.274124,1274162.000,9823,1,T1,1,100,34.301
1738265026.407130,1274295.000,9840,1,T1,1,100,34.343
1738265026.540135,1274428.000,9873,1,T1,1,100,34.219
1738265026.674140,1274562.000,9889,1,T1,1,100,34.166
1738265026.807145,1274695.000,9907,1,T1,1,100,34.214
1738265026.940151,1274828.000,9939,1,T1,1,100,34.270
1738265027.074156,1274962.000,9955,1,T1,1,100,34.294
1738265027.207161,1275095.000,9975,1,T1,1,100,34.269
1738265027.340167,1275228.000,10009,1,T1,1,100,34.365
1738265027.473172,1275361.000,10026,1,T1,1,100,34.300
1738265027.607177,1275495.000,10043,1,T1,1,100,34.378
1738265027.740183,1275628.000,10076,1,T1,1,100,34.305
1738265027.874188,1275762.000,10092,1,T1,1,100,34.168
1738265028.007193,1275895.000,10109,1,T1,1,100,34.285
1738265028.140199,1276028.000,10125,1,T1,1,100,34.265
1738265028.273204,1276161.000,10158,1,T1,1,100,34.292
1738265028.407209,1276295.000,10175,1,T1,1,100,34.268
1738265028.540215,1276428.000,10192,1,T1,1,100,34.187
1738265028.673220,1276561.000,10224,1,T1,1,100,34.258
1738265028.807225,1276695.000,10242,1,T1,1,100,34.289
1738265028.940231,1276828.000,10258,1,T1,1,100,34.302
1738265029.073236,1276961.000,10293,1,T1,1,100,34.273
1738265029.207241,1277095.000,10310,1,T1,1,100,34.224
1738265029.340246,1277228.000,10326,1,T1,1,100,34.239
1738265029.473252,1277361.000,10361,1,T1,1,100,34.387
1738265029.607257,1277495.000,10378,1,T1,1,100,34.309
1738265029.740263,1277628.000,10394,1,T1,1,100,34.098
1738265029.873268,1277761.000,10412,1,T1,1,100,34.255
1738265030.007273,1277895.000,10444,1,T1,1,100,34.359
1738265030.140279,1278028.000,10463,1,T1,1,100,34.262
1738265030.273284,1278161.000,10485,1,T1,1,100,34.220
1738265030.407289,1278295.000,10501,1,T1,1,100,34.201
1738265030.540294,1278428.000,10534,1,T1,1,100,34.371
1738265030.673300,1278561.000,10551,1,T1,1,100,34.267
1738265030.807305,1278695.000,10568,1,T1,1,100,34.293
1738265030.940310,1278828.000,10602,1,T1,1,100,34.198
1738265031.073316,1278961.000,10619,1,T1,1,100,34.192
1738265031.206321,1279094.000,10636,1,T1,1,100,34.260
1738265031.340326,1279228.000,10670,1,T1,1,100,34.290
1738265031.473332,1279361.000,10688,1,T1,1,100,34.232
1738265031.606337,1279494.000,10704,1,T1,1,100,34.313
1738265031.740342,1279628.000,10737,1,T1,1,100,34.242
1738265031.873348,1279761.000,10754,1,T1,1,100,34.211
1738265032.006353,1279894.000,10770,1,T1,1,100,34.233
1738265032.140358,1280028.000,10787,1,T1,1,100,34.278
1738265032.273364,1280161.000,10822,1,T1,1,100,34.227
1738265032.406369,1280294.000,10838,1,T1,1,100,34.240
1738265032.540374,1280428.000,10856,1,T1,1,100,34.281
1738265032.673380,1280561.000,10888,1,T1,1,100,34.228
1738265032.806385,1280694.000,10905,1,T1,1,100,34.205
1738265032.940390,1280828.000,10922,1,T1,1,100,34.301
1738265033.073395,1280961.000,10955,1,T1,1,100,34.272
1738265033.206401,1281094.000,10971,1,T1,1,100,34.260
1738265033.340406,1281228.000,10988,1,T1,1,100,34.254
1738265033.473412,1281361.000,11023,1,T1,1,100,34.287
1738265033.606417,1281494.000,11039,1,T1,1,100,34.302
1738265033.740422,1281628.000,11056,1,T1,1,100,34.343
1738265033.873427,1281761.000,11089,1,T1,1,100,34.290
1738265034.006433,1281894.000,11107,1,T1,1,100,34.232
1738265034.139438,1282027.000,11125,1,T1,1,100,34.384
1738265034.273443,1282161.000,11141,1,T1,1,100,34.379
1738265034.406449,1282294.000,11174,1,T1,1,100,34.306
1738265034.539454,1282427.000,11191,1,T1,1,100,34.274
1738265034.673460,1282561.000,11207,1,T1,1,100,34.154
1738265034.806465,1282694.000,11240,1,T1,1,100,34.173
1738265034.939470,1282827.000,11257,1,T1,1,100,34.181
1738265035.073475,1282961.000,11273,1,T1,1,100,34.185
1738265035.206481,1283094.000,11306,1,T1,1,100,34.115
1738265035.339986,1283227.500,11329,2,T1,1,100,34.156
1738265035.473491,1283361.000,11329,2,T1,1,100,34.280
1738265035.606497,1283494.000,11361,1,T1,1,100,34.334
1738265035.739502,1283627.000,11378,1,T1,1,100,34.215
1738265035.873507,1283761.000,11395,1,T1,1,100,34.341
1738265036.006513,1283894.000,11427,1,T1,1,100,34.360
1738265036.139518,1284027.000,11445,1,T1,1,100,34.298
1738265036.273523,1284161.000,11461,1,T1,1,100,34.235
1738265036.406529,1284294.000,11478,1,T1,1,100,34.208
1738265036.539534,1284427.000,11513,1,T1,1,100,34.196
1738265036.673539,1284561.000,11529,1,T1,1,100,34.227
1738265036.806545,1284694.000,11547,1,T1,1,100,34.205
1738265036.939550,1284827.000,11579,1,T1,1,100,34.337
1738265037.073555,1284961.000,11595,1,T1,1,100,34.288
1738265037.206561,1285094.000,11615,1,T1,1,100,34.337
1738265037.339566,1285227.000,11647,1,T1,1,100,34.359
1738265037.472571,1285360.000,11664,1,T1,1,100,34.297
1738265037.606576,1285494.000,11681,1,T1,1,100,34.235
1738265037.739582,1285627.000,11714,1,T1,1,100,34.279
1738265037.872587,1285760.000,11730,1,T1,1,100,34.263
1738265038.006593,1285894.000,11747,1,T1,1,100,34.255
1738265038.139598,1286027.000,11780,1,T1,1,100,34.323
1738265038.272603,1286160.000,11796,1,T1,1,100,34.246
1738265038.406608,1286294.000,11813,1,T1,1,100,34.284
1738265038.539614,1286427.000,11830,1,T1,1,100,34.371
1738265038.672619,1286560.000,11862,1,T1,1,100,34.338
1738265038.806624,1286694.000,11880,1,T1,1,100,34.288
1738265038.939630,1286827.000,11896,1,T1,1,100,34.196
1738265039.072635,1286960.000,11929,1,T1,1,100,34.226
1738265039.206640,1287094.000,11946,1,T1,1,100,34.240
1738265039.339646,1287227.000,11962,1,T1,1,100,34.175
1738265039.472651,1287360.000,11997,1,T1,1,100,34.217
1738265039.606656,1287494.000,12014,1,T1,1,100,34.130
1738265039.739662,1287627.000,12030,1,T1,1,100,34.162
1738265039.872667,1287760.000,12063,1,T1,1,100,34.177
1738265040.006672,1287894.000,12080,1,T1,1,100,34.218
1738265040.139678,1288027.000,12097,1,T1,1,100,34.307
1738265040.272683,1288160.000,12129,1,T1,1,100,34.417
1738265040.406688,1288294.000,12146,1,T1,1,100,34.393
1738265040.539694,1288427.000,12170,1,T1,1,100,34.312
1738265040.672699,1288560.000,12189,1,T1,1,100,34.241
1738265040.805704,1288693.000,12222,1,T1,1,100,34.246
1738265040.939710,1288827.000,12238,1,T1,1,100,34.248
1738265041.072715,1288960.000,12255,1,T1,1,100,34.285
1738265041.205720,1289093.000,12288,1,T1,1,100,34.265
1738265041.339725,1289227.000,12306,1,T1,1,100,34.257
1738265041.472731,1289360.000,12324,1,T1,1,100,34.217
1738265041.605736,1289493.000,12356,1,T1,1,100,34.200
1738265041.739742,1289627.000,12372,1,T1,1,100,34.299
1738265041.872747,1289760.000,12390,1,T1,1,100,34.271
1738265042.005752,1289893.000,12424,1,T1,1,100,34.330
1738265042.139757,1290027.000,12441,1,T1,1,100,34.356
1738265042.272763,1290160.000,12460,1,T1,1,100,34.367
1738265042.405768,1290293.000,12493,1,T1,1,100,34.300
1738265042.539773,1290427.000,12509,1,T1,1,100,34.272
1738265042.672779,1290560.000,12526,1,T1,1,100,34.295
1738265042.805784,1290693.000,12559,1,T1,1,100,34.376
1738265042.939789,1290827.000,12577,1,T1,1,100,34.269
1738265043.072795,1290960.000,12594,1,T1,1,100,34.294
1738265043.205800,1291093.000,12611,1,T1,1,100,34.233
1738265043.339805,1291227.000,12643,1,T1,1,100,34.385
1738265043.472811,1291360.000,12661,1,T1,1,100,34.273
1738265043.605816,1291493.000,12677,1,T1,1,100,34.295
1738265043.739821,1291627.000,12710,1,T1,1,100,34.305
1738265043.872827,1291760.000,12727,1,T1,1,100,34.380
1738265044.005832,1291893.000,12743,1,T1,1,100,34.200
1738265044.138837,1292026.000,12776,1,T1,1,100,34.264
1738265044.272843,1292160.000,12793,1,T1,1,100,34.221
1738265044.405848,1292293.000,12809,1,T1,1,100,34.308
1738265044.538853,1292426.000,12842,1,T1,1,100,34.382
1738265044.672858,1292560.000,12859,1,T1,1,100,34.201
1738265044.805864,1292693.000,12876,1,T1,1,100,34.229
1738265044.938869,1292826.000,12910,1,T1,1,100,34.383
1738265045.072875,1292960.000,12927,1,T1,1,100,34.343
1738265045.205880,1293093.000,12944,1,T1,1,100,34.184
1738265045.338885,1293226.000,12978,1,T1,1,100,34.221
1738265045.472891,1293360.000,12996,1,T1,1,100,34.202
1738265045.605896,1293493.000,13017,1,T1,1,100,34.300
1738265045.738901,1293626.000,13034,1,T1,1,100,34.378
1738265045.872906,1293760.000,13069,1,T1,1,100,34.305
1738265046.005912,1293893.000,13085,1,T1,1,100,34.274
1738265046.138917,1294026.000,13103,1,T1,1,100,34.225
1738265046.272923,1294160.000,13135,1,T1,1,100,34.275
1738265046.405928,1294293.000,13151,1,T1,1,100,34.225
1738265046.538933,1294426.000,13169,1,T1,1,100,34.239
1738265046.672938,1294560.000,13201,1,T1,1,100,34.245
1738265046.805944,1294693.000,13218,1,T1,1,100,34.177
1738265046.938949,1294826.000,13235,1,T1,1,100,34.218
1738265047.072954,1294960.000,13270,1,T1,1,100,34.201
1738265047.205960,1295093.000,13288,1,T1,1,100,34.264
1738265047.338965,1295226.000,13307,1,T1,1,100,34.114
1738265047.472970,1295360.000,13340,1,T1,1,100,34.156
1738265047.605976,1295493.000,13356,1,T1,1,100,34.280
1738265047.738981,1295626.000,13375,1,T1,1,100,34.263
1738265047.871986,1295759.000,13392,1,T1,1,100,34.291
1738265048.005992,1295893.000,13424,1,T1,1,100,34.232
1738265048.138997,1296026.000,13442,1,T1,1,100,34.242
1738265048.272002,1296159.000,13458,1,T1,1,100,34.389
1738265048.406008,1296293.000,13493,1,T1,1,100,34.310
1738265048.539013,1296426.000,13510,1,T1,1,100,34.276
1738265048.672018,1296559.000,13526,1,T1,1,100,34.226
1738265048.806024,1296693.000,13559,1,T1,1,100,34.240
1738265048.939029,1296826.000,13576,1,T1,1,100,34.281
1738265049.072034,1296959.000,13592,1,T1,1,100,34.263
1738265049.206040,1297093.000,13627,1,T1,1,100,34.291
1738265049.339045,1297226.000,13644,1,T1,1,100,34.303
1738265049.472050,1297359.000,13661,1,T1,1,100,34.273
1738265049.606055,1297493.000,13693,1,T1,1,100,34.189
1738265049.739061,1297626.000,13710,1,T1,1,100,34.224
1738265049.872066,1297759.000,13727,1,T1,1,100,34.203
1738265050.006072,1297893.000,13759,1,T1,1,100,34.265
1738265050.139077,1298026.000,13777,1,T1,1,100,34.221
1738265050.272082,1298159.000,13793,1,T1,1,100,34.237
1738265050.406087,1298293.000,13810,1,T1,1,100,34.280
1738265050.539093,1298426.000,13843,1,T1,1,100,34.228
1738265050.672098,1298559.000,13859,1,T1,1,100,34.240
1738265050.806103,1298693.000,13882,1,T1,1,100,34.281
1738265050.939109,1298826.000,13916,1,T1,1,100,34.299
1738265051.072114,1298959.000,13932,1,T1,1,100,34.342
1738265051.205119,1299092.000,13950,1,T1,1,100,34.290
1738265051.339125,1299226.000,13982,1,T1,1,100,34.267
1738265051.472130,1299359.000,13999,1,T1,1,100,34.222
1738265051.605135,1299492.000,14016,1,T1,1,100,34.273
1738265051.739141,1299626.000,14049,1,T1,1,100,34.331
1738265051.872146,1299759.000,14067,1,T1,1,100,34.356
1738265052.005151,1299892.000,14084,1,T1,1,100,34.260
1738265052.139157,1300026.000,14119,1,T1,1,100,34.325
1738265052.272162,1300159.000,14135,1,T1,1,100,34.318
1738265052.405167,1300292.000,14152,1,T1,1,100,34.315
1738265052.539173,1300426.000,14169,1,T1,1,100,34.243
1738265052.672178,1300559.000,14201,1,T1,1,100,34.176
1738265052.805183,1300692.000,14219,1,T1,1,100,34.253
1738265052.939188,1300826.000,14235,1,T1,1,100,34.358
1738265053.072194,1300959.000,14270,1,T1,1,100,34.368
1738265053.205199,1301092.000,14287,1,T1,1,100,34.194
1738265053.339205,1301226.000,14303,1,T1,1,100,34.226
1738265053.472210,1301359.000,14336,1,T1,1,100,34.311
1738265053.605215,1301492.000,14353,1,T1,1,100,34.312
1738265053.739221,1301626.000,14369,1,T1,1,100,34.419
1738265053.872226,1301759.000,14402,1,T1,1,100,34.394
1738265054.005231,1301892.000,14419,1,T1,1,100,34.312
1738265054.138237,1302025.000,14436,1,T1,1,100,34.383
1738265054.272242,1302159.000,14468,1,T1,1,100,34.379
1738265054.405247,1302292.000,14487,1,T1,1,100,34.306
1738265054.538252,1302425.000,14504,1,T1,1,100,34.274
1738265054.672258,1302559.000,14521,1,T1,1,100,34.260
1738265054.805263,1302692.000,14554,1,T1,1,100,34.361
1738265054.938268,1302825.000,14570,1,T1,1,100,34.369
1738265055.072274,1302959.000,14587,1,T1,1,100,34.337
1738265055.205279,1303092.000,14622,1,T1,1,100,34.181
1738265055.338284,1303225.000,14638,1,T1,1,100,34.256
1738265055.472290,1303359.000,14656,1,T1,1,100,34.182
1738265055.605295,1303492.000,14688,1,T1,1,100,34.256
1738265055.738300,1303625.000,14704,1,T1,1,100,34.253
1738265055.872306,1303759.000,14725,1,T1,1,100,34.287
1738265056.005311,1303892.000,14742,1,T1,1,100,34.372
1738265056.138316,1304025.000,14759,1,T1,1,100,34.303
1738265056.272322,1304159.000,14793,1,T1,1,100,34.237
1738265056.405327,1304292.000,14810,1,T1,1,100,34.315
1738265056.538332,1304425.000,14827,1,T1,1,100,34.385
1738265056.672338,1304559.000,14844,1,T1,1,100,34.308
1738265056.805343,1304692.000,14877,1,T1,1,100,34.275
1738265056.938348,1304825.000,14893,1,T1,1,100,34.296
1738265057.072354,1304959.000,14910,1,T1,1,100,34.270
1738265057.205359,1305092.000,14945,1,T1,1,100,34.294
1738265057.338364,1305225.000,14961,1,T1,1,100,34.234
1738265057.471370,1305358.000,14979,1,T1,1,100,34.278
1738265057.605375,1305492.000,15011,1,T1,1,100,34.262
1738265057.738380,1305625.000,15027,1,T1,1,100,34.326
1738265057.871386,1305758.000,15045,1,T1,1,100,34.283
1738265058.005391,1305892.000,15077,1,T1,1,100,34.335
1738265058.138396,1306025.000,15096,1,T1,1,100,34.287
1738265058.271401,1306158.000,15113,1,T1,1,100,34.266
1738265058.405407,1306292.000,15146,1,T1,1,100,34.292
1738265058.538412,1306425.000,15162,1,T1,1,100,34.268
1738265058.671417,1306558.000,15179,1,T1,1,100,34.222
1738265058.805423,1306692.000,15212,1,T1,1,100,34.203
1738265058.938428,1306825.000,15228,1,T1,1,100,34.230
1738265059.071433,1306958.000,15247,1,T1,1,100,34.277
1738265059.205439,1307092.000,15264,1,T1,1,100,34.262
1738265059.338444,1307225.000,15296,1,T1,1,100,34.255
1738265059.471449,1307358.000,15314,1,T1,1,100,34.217
1738265059.605455,1307492.000,15330,1,T1,1,100,34.342
1738265059.738460,1307625.000,15363,1,T1,1,100,34.290
1738265059.871465,1307758.000,15380,1,T1,1,100,34.232
1738265060.005471,1307892.000,15396,1,T1,1,100,34.348
1738265060.138476,1308025.000,15429,1,T1,1,100,34.293
1738265060.271481,1308158.000,15446,1,T1,1,100,34.304
1738265060.405487,1308292.000,15462,1,T1,1,100,34.202
1738265060.538492,1308425.000,15497,1,T1,1,100,34.229
1738265060.671497,1308558.000,15514,1,T1,1,100,34.135
1738265060.804502,1308691.000,15531,1,T1,1,100,34.236
1738265060.938508,1308825.000,15570,1,T1,1,100,34.244
1738265061.071513,1308958.000,15588,1,T1,1,100,34.283
1738265061.204519,1309091.000,15604,1,T1,1,100,34.264
1738265061.338524,1309225.000,15621,1,T1,1,100,34.327
1738265061.471529,1309358.000,15656,1,T1,1,100,34.354
1738265061.604534,1309491.000,15672,1,T1,1,100,34.401
1738265061.738540,1309625.000,15689,1,T1,1,100,34.245
1738265061.871545,1309758.000,15722,1,T1,1,100,34.212
1738265062.004550,1309891.000,15738,1,T1,1,100,34.198
1738265062.138556,1310025.000,15758,1,T1,1,100,34.228
1738265062.271561,1310158.000,15776,1,T1,1,100,34.276
1738265062.404567,1310291.000,15809,1,T1,1,100,34.332
1738265062.538572,1310425.000,15826,1,T1,1,100,34.250
1738265062.671577,1310558.000,15842,1,T1,1,100,34.250
1738265062.804582,1310691.000,15877,1,T1,1,100,34.285
1738265062.938588,1310825.000,15894,1,T1,1,100,34.301
1738265063.071593,1310958.000,15910,1,T1,1,100,34.343
1738265063.204598,1311091.000,15943,1,T1,1,100,34.255
1738265063.338604,1311225.000,15960,1,T1,1,100,34.323
1738265063.471609,1311358.000,15977,1,T1,1,100,34.352
1738265063.604614,1311491.000,16009,1,T1,1,100,34.330
1738265063.738620,1311625.000,16026,1,T1,1,100,34.249
1738265063.871625,1311758.000,16043,1,T1,1,100,34.285
1738265064.004630,1311891.000,16075,1,T1,1,100,34.230
1738265064.138636,1312025.000,16093,1,T1,1,100,34.241
1738265064.271641,1312158.000,16109,1,T1,1,100,34.175
1738265064.404646,1312291.000,16126,1,T1,1,100,34.289
1738265064.538652,1312425.000,16161,1,T1,1,100,34.373
1738265064.671657,1312558.000,16177,1,T1,1,100,34.374
1738265064.804662,1312691.000,16195,1,T1,1,100,34.197
1738265064.937668,1312824.000,16227,1,T1,1,100,34.227
1738265065.071673,1312958.000,16243,1,T1,1,100,34.311
1738265065.204678,1313091.000,16261,1,T1,1,100,34.418
1738265065.337683,1313224.000,16295,1,T1,1,100,34.323
1738265065.471689,1313358.000,16312,1,T1,1,100,34.281
1738265065.604694,1313491.000,16329,1,T1,1,100,34.228
1738265065.737700,1313624.000,16362,1,T1,1,100,34.311
1738265065.871705,1313758.000,16378,1,T1,1,100,34.348
1738265066.004710,1313891.000,16395,1,T1,1,100,34.221
1738265066.137715,1314024.000,16433,1,T1,1,100,34.238
1738265066.271721,1314158.000,16449,1,T1,1,100,34.316
1738265066.404726,1314291.000,16466,1,T1,1,100,34.314
1738265066.537731,1314424.000,16483,1,T1,1,100,34.278
1738265066.671737,1314558.000,16515,1,T1,1,100,34.226
1738265066.804742,1314691.000,16533,1,T1,1,100,34.240
1738265066.937747,1314824.000,16549,1,T1,1,100,34.246
1738265067.071753,1314958.000,16582,1,T1,1,100,34.319
1738265067.204758,1315091.000,16601,1,T1,1,100,34.280
1738265067.337763,1315224.000,16619,1,T1,1,100,34.369
1738265067.470769,1315357.000,16652,1,T1,1,100,34.266
1738265067.604774,1315491.000,16669,1,T1,1,100,34.292
1738265067.737779,1315624.000,16685,1,T1,1,100,34.339
1738265067.870785,1315757.000,16718,1,T1,1,100,34.289
1738265068.004790,1315891.000,16735,1,T1,1,100,34.160
1738265068.137795,1316024.000,16754,1,T1,1,100,34.282
1738265068.270801,1316157.000,16786,1,T1,1,100,34.264
1738265068.404806,1316291.000,16803,1,T1,1,100,34.291
1738265068.537811,1316424.000,16820,1,T1,1,100,34.162
1738265068.670817,1316557.000,16837,1,T1,1,100,34.212
1738265068.804822,1316691.000,16870,1,T1,1,100,34.304
1738265068.937827,1316824.000,16886,1,T1,1,100,34.309
1738265069.070832,1316957.000,16903,1,T1,1,100,34.311
1738265069.204838,1317091.000,16936,1,T1,1,100,34.276
1738265069.337843,1317224.000,16952,1,T1,1,100,34.226
1738265069.470849,1317357.000,16970,1,T1,1,100,34.346
1738265069.604854,1317491.000,17004,1,T1,1,100,34.221
1738265069.737859,1317624.000,17020,1,T1,1,100,34.166
1738265069.870864,1317757.000,17038,1,T1,1,100,34.178
1738265070.004870,1317891.000,17070,1,T1,1,100,34.219
1738265070.137875,1318024.000,17087,1,T1,1,100,34.201
1738265070.270880,1318157.000,17104,1,T1,1,100,34.122
1738265070.404886,1318291.000,17137,1,T1,1,100,34.159
1738265070.537891,1318424.000,17153,1,T1,1,100,34.211
1738265070.670897,1318557.000,17170,1,T1,1,100,34.304
1738265070.804902,1318691.000,17187,1,T1,1,100,34.273
1738265070.937907,1318824.000,17219,1,T1,1,100,34.260
1738265071.070912,1318957.000,17236,1,T1,1,100,34.183
1738265071.203918,1319090.000,17258,1,T1,1,100,34.257
1738265071.337923,1319224.000,17290,1,T1,1,100,34.253
1738265071.470928,1319357.000,17310,1,T1,1,100,34.216
1738265071.603934,1319490.000,17326,1,T1,1,100,34.164
1738265071.737939,1319624.000,17359,1,T1,1,100,34.213
1738265071.870944,1319757.000,17376,1,T1,1,100,34.269
1738265072.003950,1319890.000,17392,1,T1,1,100,34.258
1738265072.137955,1320024.000,17409,1,T1,1,100,34.289
1738265072.270960,1320157.000,17444,1,T1,1,100,34.302
1738265072.403966,1320290.000,17460,1,T1,1,100,34.237
1738265072.537971,1320424.000,17478,1,T1,1,100,34.209
1738265072.670976,1320557.000,17510,1,T1,1,100,34.232
1738265072.803982,1320690.000,17527,1,T1,1,100,34.136
1738265072.937987,1320824.000,17544,1,T1,1,100,34.201
1738265073.070992,1320957.000,17577,1,T1,1,100,34.300
1738265073.203998,1321090.000,17595,1,T1,1,100,34.201
1738265073.338003,1321224.000,17612,1,T1,1,100,34.264
1738265073.471008,1321357.000,17645,1,T1,1,100,34.292
1738265073.604013,1321490.000,17661,1,T1,1,100,34.268
1738265073.738019,1321624.000,17678,1,T1,1,100,34.258
1738265073.871024,1321757.000,17711,1,T1,1,100,34.253
1738265074.004030,1321890.000,17729,1,T1,1,100,34.287
1738265074.137035,1322023.000,17747,1,T1,1,100,34.266
1738265074.271040,1322157.000,17763,1,T1,1,100,34.328
1738265074.404045,1322290.000,17795,1,T1,1,100,34.284
1738265074.537051,1322423.000,17815,1,T1,1,100,34.229
1738265074.671056,1322557.000,17831,1,T1,1,100,34.135
1738265074.804061,1322690.000,17864,1,T1,1,100,34.165
1738265074.937067,1322823.000,17881,1,T1,1,100,34.249
1738265075.071072,1322957.000,17897,1,T1,1,100,34.178
1738265075.204077,1323090.000,17930,1,T1,1,100,34.148
1738265075.337083,1323223.000,17947,1,T1,1,100,34.135
1738265075.471088,1323357.000,17966,1,T1,1,100,34.200
1738265075.604093,1323490.000,17998,1,T1,1,100,34.228
1738265075.737099,1323623.000,18015,1,T1,1,100,34.241
1738265075.871104,1323757.000,18034,1,T1,1,100,34.317
1738265076.004109,1323890.000,18066,1,T1,1,100,34.350
1738265076.137115,1324023.000,18084,1,T1,1,100,34.364
1738265076.271120,1324157.000,18107,1,T1,1,100,34.228
1738265076.404125,1324290.000,18124,1,T1,1,100,34.276
1738265076.537131,1324423.000,18157,1,T1,1,100,34.190
1738265076.671136,1324557.000,18173,1,T1,1,100,34.224
1738265076.804141,1324690.000,18191,1,T1,1,100,34.203
1738265076.937147,1324823.000,18223,1,T1,1,100,34.194
1738265077.071152,1324957.000,18239,1,T1,1,100,34.084
1738265077.204157,1325090.000,18259,1,T1,1,100,34.320
1738265077.337162,1325223.000,18291,1,T1,1,100,34.351
1738265077.470168,1325356.000,18308,1,T1,1,100,34.294
1738265077.604173,1325490.000,18327,1,T1,1,100,34.198
1738265077.737179,1325623.000,18343,1,T1,1,100,34.334
1738265077.871184,1325757.000,18376,1,T1,1,100,34.322
1738265078.004189,1325890.000,18393,1,T1,1,100,34.317
1738265078.137194,1326023.000,18410,1,T1,1,100,34.172
1738265078.270200,1326156.000,18442,1,T1,1,100,34.216
1738265078.404205,1326290.000,18459,1,T1,1,100,34.235
1738265078.537210,1326423.000,18476,1,T1,1,100,34.244
1738265078.670216,1326556.000,18508,1,T1,1,100,34.141
1738265078.804221,1326690.000,18526,1,T1,1,100,34.203
1738265078.937226,1326823.000,18542,1,T1,1,100,34.230
1738265079.070232,1326956.000,18575,1,T1,1,100,34.348
1738265079.204237,1327090.000,18594,1,T1,1,100,34.257
1738265079.337242,1327223.000,18610,1,T1,1,100,34.288
1738265079.470248,1327356.000,18643,1,T1,1,100,34.267
1738265079.604253,1327490.000,18660,1,T1,1,100,34.257
1738265079.737258,1327623.000,18676,1,T1,1,100,34.253
1738265079.870264,1327756.000,18694,1,T1,1,100,34.251
1738265080.004269,1327890.000,18726,1,T1,1,100,34.180
1738265080.137274,1328023.000,18743,1,T1,1,100,34.184
1738265080.270280,1328156.000,18760,1,T1,1,100,34.221
1738265080.404285,1328290.000,18793,1,T1,1,100,34.238
1738265080.537290,1328423.000,18809,1,T1,1,100,34.245
1738265080.670295,1328556.000,18826,1,T1,1,100,34.177
1738265080.803301,1328689.000,18859,1,T1,1,100,34.218
1738265080.937306,1328823.000,18875,1,T1,1,100,34.236
1738265081.070312,1328956.000,18892,1,T1,1,100,34.315
1738265081.203317,1329089.000,18927,1,T1,1,100,34.207
1738265081.337322,1329223.000,18943,1,T1,1,100,34.231
1738265081.470328,1329356.000,18966,1,T1,1,100,34.277
1738265081.603333,1329489.000,18998,1,T1,1,100,34.333
1738265081.737338,1329623.000,19014,1,T1,1,100,34.321
1738265081.870343,1329756.000,19032,1,T1,1,100,34.281
1738265082.003349,1329889.000,19048,1,T1,1,100,34.370
1738265082.137354,1330023.000,19081,1,T1,1,100,34.302
1738265082.270360,1330156.000,19100,1,T1,1,100,34.308
1738265082.403365,1330289.000,19116,1,T1,1,100,34.169
1738265082.537370,1330423.000,19149,1,T1,1,100,34.286
1738265082.670375,1330556.000,19166,1,T1,1,100,34.265
1738265082.803381,1330689.000,19183,1,T1,1,100,34.328
1738265082.937386,1330823.000,19215,1,T1,1,100,34.177
1738265083.070391,1330956.000,19232,1,T1,1,100,34.289
1738265083.203397,1331089.000,19249,1,T1,1,100,34.267
1738265083.337402,1331223.000,19281,1,T1,1,100,34.293
1738265083.470407,1331356.000,19299,1,T1,1,100,34.127
1738265083.603413,1331489.000,19315,1,T1,1,100,34.161
1738265083.737418,1331623.000,19348,1,T1,1,100,34.282
1738265083.870423,1331756.000,19365,1,T1,1,100,34.370
1738265084.003429,1331889.000,19381,1,T1,1,100,34.373
1738265084.136434,1332022.000,19400,1,T1,1,100,34.374
1738265084.270439,1332156.000,19433,1,T1,1,100,34.268
1738265084.403445,1332289.000,19449,1,T1,1,100,34.293
1738265084.536450,1332422.000,19467,1,T1,1,100,34.375
1738265084.670455,1332556.000,19499,1,T1,1,100,34.340
1738265084.803461,1332689.000,19516,1,T1,1,100,34.182
1738265084.936466,1332822.000,19533,1,T1,1,100,34.292
1738265085.070471,1332956.000,19566,1,T1,1,100,34.268
1738265085.203476,1333089.000,19582,1,T1,1,100,34.258
1738265085.336482,1333222.000,19599,1,T1,1,100,34.253
1738265085.470487,1333356.000,19632,1,T1,1,100,34.251
1738265085.603492,1333489.000,19648,1,T1,1,100,34.109
1738265085.736498,1333622.000,19665,1,T1,1,100,34.189
1738265085.870503,1333756.000,19698,1,T1,1,100,34.259
1738265086.003509,1333889.000,19714,1,T1,1,100,34.183
1738265086.136514,1334022.000,19734,1,T1,1,100,34.221
1738265086.270519,1334156.000,19750,1,T1,1,100,34.308
1738265086.403524,1334289.000,19782,1,T1,1,100,34.346
1738265086.536530,1334422.000,19805,1,T1,1,100,34.292
1738265086.670535,1334556.000,19821,1,T1,1,100,34.268
1738265086.803540,1334689.000,19854,1,T1,1,100,34.364
1738265086.936546,1334822.000,19871,1,T1,1,100,34.299
1738265087.070551,1334956.000,19889,1,T1,1,100,34.236
1738265087.203556,1335089.000,19924,1,T1,1,100,34.315
1738265087.336562,1335222.000,19941,1,T1,1,100,34.278
1738265087.469567,1335355.000,19958,1,T1,1,100,34.262
1738265087.603572,1335489.000,19990,1,T1,1,100,34.255
1738265087.736578,1335622.000,20007,1,T1,1,100,34.110
1738265087.869583,1335755.000,20026,1,T1,1,100,34.154
1738265088.003588,1335889.000,20058,1,T1,1,100,34.209
1738265088.136594,1336022.000,20076,1,T1,1,100,34.303
1738265088.269599,1336155.000,20092,1,T1,1,100,34.273
1738265088.403604,1336289.000,20111,1,T1,1,100,34.224
1738265088.536610,1336422.000,20144,1,T1,1,100,34.203
1738265088.669615,1336555.000,20160,1,T1,1,100,34.194
1738265088.803620,1336689.000,20178,1,T1,1,100,34.226
1738265088.936625,1336822.000,20210,1,T1,1,100,34.275
1738265089.069631,1336955.000,20226,1,T1,1,100,34.296
1738265089.203636,1337089.000,20246,1,T1,1,100,34.235
1738265089.336642,1337222.000,20278,1,T1,1,100,34.208
1738265089.469647,1337355.000,20295,1,T1,1,100,34.267
1738265089.603652,1337489.000,20312,1,T1,1,100,34.328
1738265089.736658,1337622.000,20345,1,T1,1,100,34.319
1738265089.869663,1337755.000,20363,1,T1,1,100,34.245
1738265090.003668,1337889.000,20380,1,T1,1,100,34.283
1738265090.136673,1338022.000,20413,1,T1,1,100,34.300
1738265090.269679,1338155.000,20429,1,T1,1,100,34.272
1738265090.403684,1338289.000,20446,1,T1,1,100,34.366
1738265090.536690,1338422.000,20463,1,T1,1,100,34.406
1738265090.669695,1338555.000,20497,1,T1,1,100,34.282
1738265090.802700,1338688.000,20515,1,T1,1,100,34.158
1738265090.936705,1338822.000,20531,1,T1,1,100,34.175
1738265091.069711,1338955.000,20564,1,T1,1,100,34.182
1738265091.202716,1339088.000,20581,1,T1,1,100,34.291
1738265091.336721,1339222.000,20597,1,T1,1,100,34.268
1738265091.469727,1339355.000,20630,1,T1,1,100,34.293
1738265091.602732,1339488.000,20652,1,T1,1,100,34.304
1738265091.736737,1339622.000,20668,1,T1,1,100,34.344
1738265091.869743,1339755.000,20686,1,T1,1,100,34.291
1738265092.002748,1339888.000,20720,1,T1,1,100,34.268
1738265092.136753,1340022.000,20737,1,T1,1,100,34.293
1738265092.269759,1340155.000,20756,1,T1,1,100,34.233
1738265092.402764,1340288.000,20789,1,T1,1,100,34.172
1738265092.536769,1340422.000,20805,1,T1,1,100,34.145
1738265092.669775,1340555.000,20822,1,T1,1,100,34.205
1738265092.802780,1340688.000,20855,1,T1,1,100,34.195
1738265092.936785,1340822.000,20873,1,T1,1,100,34.262
1738265093.069791,1340955.000,20890,1,T1,1,100,34.326
1738265093.202796,1341088.000,20923,1,T1,1,100,34.283
1738265093.336801,1341222.000,20939,1,T1,1,100,34.264
1738265093.469806,1341355.000,20957,1,T1,1,100,34.363
1738265093.602812,1341488.000,20989,1,T1,1,100,34.263
1738265093.736817,1341622.000,21005,1,T1,1,100,34.327
1738265093.869823,1341755.000,21025,1,T1,1,100,34.354
1738265094.002828,1341888.000,21041,1,T1,1,100,34.260
1738265094.135833,1342021.000,21074,1,T1,1,100,34.183
1738265094.269839,1342155.000,21091,1,T1,1,100,34.292
1738265094.402844,1342288.000,21107,1,T1,1,100,34.268
1738265094.535849,1342421.000,21140,1,T1,1,100,34.187
1738265094.669854,1342555.000,21157,1,T1,1,100,34.116
1738265094.802860,1342688.000,21174,1,T1,1,100,34.157
1738265094.935865,1342821.000,21206,1,T1,1,100,34.210
1738265095.069870,1342955.000,21223,1,T1,1,100,34.268
1738265095.202876,1343088.000,21240,1,T1,1,100,34.151
1738265095.335881,1343221.000,21272,1,T1,1,100,34.207
1738265095.469886,1343355.000,21292,1,T1,1,100,34.302
1738265095.602892,1343488.000,21308,1,T1,1,100,34.308
1738265095.735897,1343621.000,21343,1,T1,1,100,34.346
1738265095.869902,1343755.000,21360,1,T1,1,100,34.185
1738265096.002908,1343888.000,21376,1,T1,1,100,34.293
1738265096.135913,1344021.000,21409,1,T1,1,100,34.269
1738265096.269918,1344155.000,21428,1,T1,1,100,34.258
1738265096.402924,1344288.000,21444,1,T1,1,100,34.289
1738265096.535929,1344421.000,21462,1,T1,1,100,34.160
1738265096.669934,1344555.000,21494,1,T1,1,100,34.211
1738265096.802940,1344688.000,21516,1,T1,1,100,34.304
1738265096.935945,1344821.000,21533,1,T1,1,100,34.273
1738265097.068950,1344954.000,21566,1,T1,1,100,34.260
1738265097.202955,1345088.000,21584,1,T1,1,100,34.290
1738265097.335961,1345221.000,21601,1,T1,1,100,34.161
1738265097.468966,1345354.000,21636,1,T1,1,100,34.211
1738265097.602972,1345488.000,21652,1,T1,1,100,34.233
1738265097.735977,1345621.000,21669,1,T1,1,100,34.349
1738265097.869982,1345755.000,21702,1,T1,1,100,34.293
1738265098.002987,1345888.000,21718,1,T1,1,100,34.304
1738265098.135993,1346021.000,21736,1,T1,1,100,34.238
1738265098.268998,1346154.000,21754,1,T1,1,100,34.245
1738265098.403003,1346288.000,21786,1,T1,1,100,34.248
1738265098.536009,1346421.000,21804,1,T1,1,100,34.249
1738265098.669014,1346554.000,21820,1,T1,1,100,34.250
1738265098.803020,1346688.000,21853,1,T1,1,100,34.179
1738265098.936025,1346821.000,21870,1,T1,1,100,34.184
1738265099.069030,1346954.000,21886,1,T1,1,100,34.221
1738265099.203035,1347088.000,21919,1,T1,1,100,34.202
1738265099.336041,1347221.000,21936,1,T1,1,100,34.123
1738265099.469046,1347354.000,21953,1,T1,1,100,34.230
1738265099.603051,1347488.000,21985,1,T1,1,100,34.277
1738265099.736057,1347621.000,22002,1,T1,1,100,34.155
1738265099.869062,1347754.000,22019,1,T1,1,100,34.209
1738265100.003067,1347888.000,22051,1,T1,1,100,34.268
1738265100.136073,1348021.000,22069,1,T1,1,100,34.329
1738265100.269078,1348154.000,22085,1,T1,1,100,34.319
1738265100.403083,1348288.000,22102,1,T1,1,100,34.245
1738265100.536089,1348421.000,22137,1,T1,1,100,34.283
1738265100.669094,1348554.000,22153,1,T1,1,100,34.193
1738265100.802099,1348687.000,22171,1,T1,1,100,34.226
1738265100.936105,1348821.000,22203,1,T1,1,100,34.239
1738265101.069110,1348954.000,22219,1,T1,1,100,34.175
1738265101.202115,1349087.000,22237,1,T1,1,100,34.111
1738265101.336121,1349221.000,22269,1,T1,1,100,34.154
1738265101.469126,1349354.000,22286,1,T1,1,100,34.209
1738265101.603131,1349488.000,22303,1,T1,1,100,34.232
1738265101.736136,1349621.000,22338,1,T1,1,100,34.313
1738265101.869142,1349754.000,22358,2,T1,1,100,34.206
1738265102.002147,1349887.000,22358,2,T1,1,100,34.196
1738265102.136153,1350021.000,22393,1,T1,1,100,34.227
1738265102.269158,1350154.000,22409,1,T1,1,100,34.204
1738265102.403163,1350288.000,22426,1,T1,1,100,34.230
1738265102.536168,1350421.000,22459,1,T1,1,100,34.312
1738265102.669174,1350554.000,22475,1,T1,1,100,34.277
1738265102.802179,1350687.000,22493,1,T1,1,100,34.333
1738265102.936184,1350821.000,22525,1,T1,1,100,34.250
1738265103.069190,1350954.000,22541,1,T1,1,100,34.144
1738265103.202195,1351087.000,22559,1,T1,1,100,34.239
1738265103.336200,1351221.000,22593,1,T1,1,100,34.245
1738265103.469206,1351354.000,22610,1,T1,1,100,34.213
1738265103.602211,1351487.000,22627,1,T1,1,100,34.163
1738265103.736216,1351621.000,22643,1,T1,1,100,34.212
1738265103.869222,1351754.000,22676,1,T1,1,100,34.340
1738265104.002227,1351887.000,22693,1,T1,1,100,34.289
1738265104.136232,1352021.000,22710,1,T1,1,100,34.160
1738265104.269238,1352154.000,22744,1,T1,1,100,34.140
1738265104.402243,1352287.000,22761,1,T1,1,100,34.132
1738265104.535248,1352420.000,22778,1,T1,1,100,34.270
1738265104.669254,1352554.000,22810,1,T1,1,100,34.223
1738265104.802259,1352687.000,22828,1,T1,1,100,34.203
1738265104.935264,1352820.000,22844,1,T1,1,100,34.230
1738265105.069270,1352954.000,22877,1,T1,1,100,34.277
1738265105.202275,1353087.000,22894,1,T1,1,100,34.297
1738265105.335280,1353220.000,22910,1,T1,1,100,34.270
1738265105.469285,1353354.000,22943,1,T1,1,100,34.259
1738265105.602291,1353487.000,22960,1,T1,1,100,34.218
1738265105.735296,1353620.000,22976,1,T1,1,100,34.307
1738265105.869302,1353754.000,22994,1,T1,1,100,34.239
1738265106.002307,1353887.000,23028,1,T1,1,100,34.245
1738265106.135312,1354020.000,23045,1,T1,1,100,34.106
1738265106.269317,1354154.000,23062,1,T1,1,100,34.188
1738265106.402323,1354287.000,23095,1,T1,1,100,34.152
1738265106.535328,1354420.000,23111,1,T1,1,100,34.208
1738265106.669333,1354554.000,23128,1,T1,1,100,34.267
1738265106.802339,1354687.000,23161,1,T1,1,100,34.257
1738265106.935344,1354820.000,23177,1,T1,1,100,34.182
1738265107.069350,1354954.000,23201,1,T1,1,100,34.221
1738265107.202355,1355087.000,23236,1,T1,1,100,34.237
1738265107.335360,1355220.000,23252,1,T1,1,100,34.280
1738265107.468365,1355353.000,23270,1,T1,1,100,34.263
1738265107.602371,1355487.000,23302,1,T1,1,100,34.291
1738265107.735376,1355620.000,23320,1,T1,1,100,34.232
1738265107.868381,1355753.000,23338,1,T1,1,100,34.242
1738265108.002387,1355887.000,23370,1,T1,1,100,34.176
1738265108.135392,1356020.000,23387,1,T1,1,100,34.324
1738265108.268397,1356153.000,23404,1,T1,1,100,34.282
1738265108.402403,1356287.000,23420,1,T1,1,100,34.264
1738265108.535408,1356420.000,23453,1,T1,1,100,34.221
1738265108.668413,1356553.000,23470,1,T1,1,100,34.237
1738265108.802419,1356687.000,23487,1,T1,1,100,34.351
1738265108.935424,1356820.000,23519,1,T1,1,100,34.294
1738265109.068429,1356953.000,23536,1,T1,1,100,34.269
1738265109.202435,1357087.000,23553,1,T1,1,100,34.258
1738265109.335440,1357220.000,23585,1,T1,1,100,34.218
1738265109.468445,1357353.000,23603,1,T1,1,100,34.307
1738265109.602451,1357487.000,23619,1,T1,1,100,34.204
1738265109.735456,1357620.000,23652,1,T1,1,100,34.301
1738265109.868461,1357753.000,23669,1,T1,1,100,34.166
1738265110.002466,1357887.000,23685,1,T1,1,100,34.249
1738265110.135472,1358020.000,23718,1,T1,1,100,34.285
1738265110.268477,1358153.000,23737,1,T1,1,100,34.159
1738265110.402483,1358287.000,23753,1,T1,1,100,34.211
1738265110.535488,1358420.000,23788,1,T1,1,100,34.233
1738265110.668493,1358553.000,23805,1,T1,1,100,34.243
1738265110.801498,1358686.000,23822,1,T1,1,100,34.211
1738265110.935504,1358820.000,23839,1,T1,1,100,34.162
1738265111.068509,1358953.000,23872,1,T1,1,100,34.212
1738265111.201514,1359086.000,23888,1,T1,1,100,34.234
1738265111.335520,1359220.000,23905,1,T1,1,100,34.207
1738265111.468525,1359353.000,23938,1,T1,1,100,34.161
1738265111.601530,1359486.000,23954,1,T1,1,100,34.247
1738265111.735536,1359620.000,23971,1,T1,1,100,34.213
1738265111.868541,1359753.000,24004,1,T1,1,100,34.199
1738265112.001546,1359886.000,24020,1,T1,1,100,34.050
1738265112.135552,1360020.000,24043,1,T1,1,100,34.093
1738265112.268557,1360153.000,24077,1,T1,1,100,34.182
1738265112.401562,1360286.000,24093,1,T1,1,100,34.221
1738265112.535568,1360420.000,24111,1,T1,1,100,34.166
1738265112.668573,1360553.000,24129,1,T1,1,100,34.214
1738265112.801578,1360686.000,24162,1,T1,1,100,34.199
1738265112.935584,1360820.000,24179,1,T1,1,100,34.228
1738265113.068589,1360953.000,24195,1,T1,1,100,34.170
1738265113.201594,1361086.000,24228,1,T1,1,100,34.215
1738265113.335600,1361220.000,24245,1,T1,1,100,34.164
1738265113.468605,1361353.000,24262,1,T1,1,100,34.213
1738265113.601610,1361486.000,24294,1,T1,1,100,34.234
1738265113.735615,1361620.000,24311,1,T1,1,100,34.243
1738265113.868621,1361753.000,24328,1,T1,1,100,34.141
1738265114.001626,1361886.000,24345,1,T1,1,100,34.132
1738265114.135632,1362020.000,24380,1,T1,1,100,34.199
1738265114.268637,1362153.000,24396,1,T1,1,100,34.228
1738265114.401642,1362286.000,24413,1,T1,1,100,34.205
1738265114.534647,1362419.000,24446,1,T1,1,100,34.089
1738265114.668653,1362553.000,24462,1,T1,1,100,34.145
1738265114.801658,1362686.000,24480,1,T1,1,100,34.204
1738265114.934663,1362819.000,24514,1,T1,1,100,34.266
1738265115.068669,1362953.000,24530,1,T1,1,100,34.221
1738265115.201674,1363086.000,24550,1,T1,1,100,34.238
1738265115.334679,1363219.000,24582,1,T1,1,100,34.209
1738265115.468685,1363353.000,24599,1,T1,1,100,34.232
1738265115.601690,1363486.000,24616,1,T1,1,100,34.313
1738265115.734695,1363619.000,24649,1,T1,1,100,34.277
1738265115.868701,1363753.000,24665,1,T1,1,100,34.262
1738265116.001706,1363886.000,24682,1,T1,1,100,34.291
1738265116.134711,1364019.000,24715,1,T1,1,100,34.303
1738265116.268717,1364153.000,24731,1,T1,1,100,34.273
1738265116.401722,1364286.000,24748,1,T1,1,100,34.154
1738265116.534727,1364419.000,24765,1,T1,1,100,34.208
1738265116.668733,1364553.000,24797,1,T1,1,100,34.267
1738265116.801738,1364686.000,24815,1,T1,1,100,34.293
1738265116.934743,1364819.000,24831,1,T1,1,100,34.304
1738265117.067749,1364952.000,24864,1,T1,1,100,34.273
1738265117.201754,1365086.000,24888,1,T1,1,100,34.225
1738265117.334759,1365219.000,24904,1,T1,1,100,34.239
1738265117.467765,1365352.000,24921,1,T1,1,100,34.245
1738265117.601770,1365486.000,24954,1,T1,1,100,34.177
1738265117.734775,1365619.000,24970,1,T1,1,100,34.148
1738265117.867780,1365752.000,24988,1,T1,1,100,34.170
1738265118.001786,1365886.000,25020,1,T1,1,100,34.215
1738265118.134791,1366019.000,25037,1,T1,1,100,34.235
1738265118.268796,1366153.000,25054,1,T1,1,100,34.385
1738265118.401802,1366286.000,25087,1,T1,1,100,34.379
1738265118.534807,1366419.000,25103,1,T1,1,100,34.200
1738265118.667812,1366552.000,25120,1,T1,1,100,34.264
1738265118.801818,1366686.000,25153,1,T1,1,100,34.185
1738265118.934823,1366819.000,25169,1,T1,1,100,34.222
1738265119.067828,1366952.000,25186,1,T1,1,100,34.238
1738265119.201834,1367086.000,25219,1,T1,1,100,34.209
1738265119.334839,1367219.000,25235,1,T1,1,100,34.197
1738265119.467844,1367352.000,25253,1,T1,1,100,34.227
1738265119.601850,1367486.000,25269,1,T1,1,100,34.311
1738265119.734855,1367619.000,25301,1,T1,1,100,34.241
1738265119.867860,1367752.000,25319,1,T1,1,100,34.246
1738265120.001866,1367886.000,25335,1,T1,1,100,34.142
1738265120.134871,1368019.000,25368,1,T1,1,100,34.168
1738265120.267876,1368152.000,25385,1,T1,1,100,34.144
1738265120.401882,1368286.000,25401,1,T1,1,100,34.239
1738265120.534887,1368419.000,25434,1,T1,1,100,34.210
1738265120.667892,1368552.000,25451,1,T1,1,100,34.091
1738265120.800898,1368685.000,25468,1,T1,1,100,34.110
1738265120.934903,1368819.000,25500,1,T1,1,100,34.225
1738265121.067908,1368952.000,25517,1,T1,1,100,34.097
1738265121.200913,1369085.000,25534,1,T1,1,100,34.078
1738265121.334919,1369219.000,25551,1,T1,1,100,34.069
1738265121.467924,1369352.000,25584,1,T1,1,100,34.101
1738265121.601930,1369486.000,25600,1,T1,1,100,34.185
1738265121.734935,1369619.000,25617,1,T1,1,100,34.222
1738265121.867940,1369752.000,25650,1,T1,1,100,34.061
1738265122.000946,1369885.000,25666,1,T1,1,100,34.026
1738265122.134951,1370019.000,25684,1,T1,1,100,34.118
1738265122.267956,1370152.000,25723,2,T1,1,100,34.122
1738265122.400961,1370285.000,25723,2,T1,1,100,34.195
1738265122.534967,1370419.000,25741,1,T1,1,100,34.191
1738265122.667972,1370552.000,25773,1,T1,1,100,34.189
1738265122.800977,1370685.000,25790,1,T1,1,100,34.188
1738265122.934983,1370819.000,25807,1,T1,1,100,34.259
1738265123.067988,1370952.000,25842,1,T1,1,100,34.218
1738265123.200993,1371085.000,25858,1,T1,1,100,34.130
1738265123.334999,1371219.000,25875,1,T1,1,100,34.163
1738265123.468004,1371352.000,25908,1,T1,1,100,34.177
1738265123.601009,1371485.000,25924,1,T1,1,100,34.183
1738265123.735015,1371619.000,25941,1,T1,1,100,34.044
1738265123.868020,1371752.000,25958,1,T1,1,100,34.196
1738265124.001025,1371885.000,25990,1,T1,1,100,34.191
1738265124.134031,1372018.000,26008,1,T1,1,100,34.189
1738265124.268036,1372152.000,26024,1,T1,1,100,34.188
1738265124.401041,1372285.000,26057,1,T1,1,100,34.117
1738265124.534047,1372418.000,26074,1,T1,1,100,34.086
1738265124.668052,1372552.000,26090,1,T1,1,100,34.073
1738265124.801057,1372685.000,26123,1,T1,1,100,34.138
1738265124.934062,1372818.000,26140,1,T1,1,100,34.024
1738265125.068068,1372952.000,26156,1,T1,1,100,34.152
1738265125.201073,1373085.000,26189,1,T1,1,100,34.137
1738265125.334079,1373218.000,26206,1,T1,1,100,34.095
1738265125.468084,1373352.000,26223,1,T1,1,100,34.112
1738265125.601089,1373485.000,26255,1,T1,1,100,34.048
1738265125.735095,1373619.000,26272,1,T1,1,100,34.056
1738265125.868100,1373752.000,26289,1,T1,1,100,34.202
1738265126.001105,1373885.000,26306,1,T1,1,100,34.087
1738265126.134110,1374018.000,26339,1,T1,1,100,34.109
1738265126.268116,1374152.000,26355,1,T1,1,100,34.153
1738265126.401121,1374285.000,26372,1,T1,1,100,34.137
1738265126.534127,1374418.000,26405,1,T1,1,100,34.024
1738265126.668132,1374552.000,26421,1,T1,1,100,34.010
1738265126.801137,1374685.000,26439,1,T1,1,100,34.040
1738265126.934142,1374818.000,26471,1,T1,1,100,34.088
1738265127.068148,1374952.000,26487,1,T1,1,100,34.074
1738265127.201153,1375085.000,26507,1,T1,1,100,34.067
1738265127.334158,1375218.000,26539,1,T1,1,100,34.065
1738265127.467164,1375351.000,26561,1,T1,1,100,34.063
1738265127.601169,1375485.000,26578,1,T1,1,100,34.098
1738265127.734174,1375618.000,26611,1,T1,1,100,34.078
1738265127.867180,1375751.000,26627,1,T1,1,100,34.105
1738265128.001185,1375885.000,26644,1,T1,1,100,34.081
1738265128.134190,1376018.000,26660,1,T1,1,100,34.070
1738265128.267196,1376151.000,26693,1,T1,1,100,34.137
1738265128.401201,1376285.000,26710,1,T1,1,100,34.095
1738265128.534206,1376418.000,26727,1,T1,1,100,34.006
1738265128.667212,1376551.000,26759,1,T1,1,100,34.038
1738265128.801217,1376685.000,26777,1,T1,1,100,34.052
1738265128.934222,1376818.000,26793,1,T1,1,100,34.058
1738265129.067228,1376951.000,26826,1,T1,1,100,34.061
1738265129.201233,1377085.000,26843,1,T1,1,100,34.026
1738265129.334238,1377218.000,26859,1,T1,1,100,34.047
1738265129.467243,1377351.000,26892,1,T1,1,100,34.127
1738265129.601249,1377485.000,26909,1,T1,1,100,34.126
1738265129.734254,1377618.000,26925,1,T1,1,100,34.054
1738265129.867260,1377751.000,26958,1,T1,1,100,34.130
1738265130.001265,1377885.000,26975,1,T1,1,100,34.127
1738265130.134270,1378018.000,26992,1,T1,1,100,34.090
1738265130.267276,1378151.000,27009,1,T1,1,100,34.004
1738265130.401281,1378285.000,27041,1,T1,1,100,33.966
1738265130.534286,1378418.000,27058,1,T1,1,100,34.092
1738265130.667291,1378551.000,27075,1,T1,1,100,34.111
1738265130.801297,1378685.000,27108,1,T1,1,100,33.977
1738265130.934302,1378818.000,27124,1,T1,1,100,33.919
1738265131.067307,1378951.000,27141,1,T1,1,100,33.965
1738265131.200313,1379084.000,27174,1,T1,1,100,34.020
1738265131.334318,1379218.000,27190,1,T1,1,100,33.973
1738265131.467323,1379351.000,27208,1,T1,1,100,34.024
1738265131.600329,1379484.000,27240,1,T1,1,100,34.010
1738265131.734334,1379618.000,27256,1,T1,1,100,34.040
1738265131.867339,1379751.000,27274,1,T1,1,100,34.159
1738265132.000345,1379884.000,27306,1,T1,1,100,34.140
1738265132.134350,1380018.000,27323,1,T1,1,100,34.096
1738265132.267355,1380151.000,27342,1,T1,1,100,34.006
1738265132.400361,1380284.000,27360,1,T1,1,100,34.038
1738265132.534366,1380418.000,27398,1,T1,1,100,34.052
1738265132.667371,1380551.000,27415,1,T1,1,100,34.058
1738265132.800377,1380684.000,27432,1,T1,1,100,34.131
1738265132.934382,1380818.000,27464,1,T1,1,100,34.057
1738265133.067387,1380951.000,27483,1,T1,1,100,34.131
1738265133.200392,1381084.000,27500,1,T1,1,100,34.092
1738265133.334398,1381218.000,27532,1,T1,1,100,34.075
1738265133.467403,1381351.000,27550,1,T1,1,100,34.033
1738265133.600409,1381484.000,27566,1,T1,1,100,34.156
1738265133.733414,1381617.000,27599,1,T1,1,100,34.138
1738265133.867419,1381751.000,27616,1,T1,1,100,34.095
1738265134.000424,1381884.000,27632,1,T1,1,100,34.112
1738265134.134430,1382018.000,27665,1,T1,1,100,34.190
1738265134.267435,1382151.000,27682,1,T1,1,100,34.118
1738265134.400440,1382284.000,27698,1,T1,1,100,33.980
1738265134.533446,1382417.000,27716,1,T1,1,100,34.062
1738265134.667451,1382551.000,27748,1,T1,1,100,34.027
1738265134.800457,1382684.000,27765,1,T1,1,100,34.047
1738265134.933462,1382817.000,27782,1,T1,1,100,34.127
1738265135.067467,1382951.000,27815,1,T1,1,100,34.090
1738265135.200472,1383084.000,27831,1,T1,1,100,34.039
1738265135.333478,1383217.000,27848,1,T1,1,100,34.052
1738265135.467483,1383351.000,27881,1,T1,1,100,34.129
1738265135.600488,1383484.000,27897,1,T1,1,100,34.162
1738265135.733494,1383617.000,27914,1,T1,1,100,33.999
1738265135.867499,1383751.000,27947,1,T1,1,100,34.106
1738265136.000504,1383884.000,27963,1,T1,1,100,33.975
1738265136.133510,1384017.000,27981,1,T1,1,100,34.131
1738265136.267515,1384151.000,28013,1,T1,1,100,34.128
1738265136.400520,1384284.000,28029,1,T1,1,100,34.055
1738265136.533526,1384417.000,28047,1,T1,1,100,34.024
1738265136.667531,1384551.000,28063,1,T1,1,100,34.117
1738265136.800536,1384684.000,28096,1,T1,1,100,34.157
1738265136.933542,1384817.000,28113,1,T1,1,100,34.068
1738265137.067547,1384951.000,28129,1,T1,1,100,34.100
1738265137.200552,1385084.000,28164,1,T1,1,100,34.185
1738265137.333558,1385217.000,28181,1,T1,1,100,34.222
1738265137.466563,1385350.000,28198,1,T1,1,100,34.132
1738265137.600568,1385484.000,28235,1,T1,1,100,34.128
1738265137.733573,1385617.000,28252,1,T1,1,100,34.162
1738265137.866579,1385750.000,28269,1,T1,1,100,33.999
1738265138.000584,1385884.000,28286,1,T1,1,100,34.000
1738265138.133590,1386017.000,28321,1,T1,1,100,34.071
1738265138.266595,1386150.000,28337,1,T1,1,100,33.995
1738265138.400600,1386284.000,28354,1,T1,1,100,34.033
1738265138.533605,1386417.000,28387,1,T1,1,100,34.050
1738265138.666611,1386550.000,28403,1,T1,1,100,34.057
1738265138.800616,1386684.000,28423,1,T1,1,100,34.096
1738265138.933621,1386817.000,28455,1,T1,1,100,34.041
1738265139.066627,1386950.000,28471,1,T1,1,100,34.160
1738265139.200632,1387084.000,28489,1,T1,1,100,34.069
1738265139.333637,1387217.000,28521,1,T1,1,100,34.101
1738265139.466643,1387350.000,28538,1,T1,1,100,33.973
1738265139.600648,1387484.000,28555,1,T1,1,100,34.095
1738265139.733653,1387617.000,28588,1,T1,1,100,34.076
1738265139.866659,1387750.000,28604,1,T1,1,100,33.962
1738265140.000664,1387884.000,28621,1,T1,1,100,33.984
1738265140.133669,1388017.000,28656,1,T1,1,100,34.064
1738265140.266675,1388150.000,28672,1,T1,1,100,34.063
1738265140.400680,1388284.000,28689,1,T1,1,100,34.027
1738265140.533685,1388417.000,28706,1,T1,1,100,34.047
1738265140.666691,1388550.000,28738,1,T1,1,100,33.950
1738265140.799696,1388683.000,28756,1,T1,1,100,34.049
1738265140.933701,1388817.000,28772,1,T1,1,100,34.057
1738265141.066707,1388950.000,28805,1,T1,1,100,34.060
1738265141.199712,1389083.000,28822,1,T1,1,100,34.026
1738265141.333717,1389217.000,28838,1,T1,1,100,34.011
1738265141.466722,1389350.000,28873,1,T1,1,100,34.005
1738265141.599728,1389483.000,28890,1,T1,1,100,33.931
1738265141.733733,1389617.000,28906,1,T1,1,100,33.970
1738265141.866739,1389750.000,28939,1,T1,1,100,33.987
1738265141.999744,1389883.000,28956,1,T1,1,100,33.994
1738265142.133749,1390017.000,28973,1,T1,1,100,33.962
1738265142.266754,1390150.000,29007,1,T1,1,100,33.984
1738265142.399760,1390283.000,29024,1,T1,1,100,34.064
1738265142.533765,1390417.000,29041,1,T1,1,100,34.134
1738265142.666770,1390550.000,29073,1,T1,1,100,34.023
1738265142.799776,1390683.000,29096,1,T1,1,100,34.010
1738265142.933781,1390817.000,29112,1,T1,1,100,33.933
1738265143.066787,1390950.000,29129,1,T1,1,100,34.042
1738265143.199792,1391083.000,29164,1,T1,1,100,34.054
1738265143.333797,1391217.000,29180,1,T1,1,100,34.023
1738265143.466802,1391350.000,29198,1,T1,1,100,34.010
1738265143.599808,1391483.000,29230,1,T1,1,100,34.040
1738265143.732813,1391616.000,29246,1,T1,1,100,34.017
1738265143.866818,1391750.000,29264,1,T1,1,100,33.972
1738265143.999824,1391883.000,29296,1,T1,1,100,34.059
1738265144.133829,1392017.000,29313,1,T1,1,100,34.061
1738265144.266834,1392150.000,29330,1,T1,1,100,34.097
1738265144.399840,1392283.000,29346,1,T1,1,100,34.007
1738265144.532845,1392416.000,29379,1,T1,1,100,34.074
1738265144.666850,1392550.000,29396,1,T1,1,100,33.961
1738265144.799856,1392683.000,29413,1,T1,1,100,34.054
1738265144.933861,1392817.000,29445,1,T1,1,100,33.952
1738265145.066866,1392950.000,29462,1,T1,1,100,34.015
1738265145.199872,1393083.000,29479,1,T1,1,100,33.865
1738265145.332877,1393216.000,29511,1,T1,1,100,33.835
1738265145.466882,1393350.000,29529,1,T1,1,100,33.929
1738265145.599888,1393483.000,29545,1,T1,1,100,33.827
1738265145.732893,1393616.000,29578,1,T1,1,100,34.067
1738265145.866898,1393750.000,29595,1,T1,1,100,34.064
1738265145.999903,1393883.000,29611,1,T1,1,100,33.992
1738265146.132909,1394016.000,29644,1,T1,1,100,34.032
1738265146.266914,1394150.000,29661,1,T1,1,100,34.156
1738265146.399920,1394283.000,29677,1,T1,1,100,34.103
1738265146.532925,1394416.000,29695,1,T1,1,100,34.045
1738265146.666930,1394550.000,29729,1,T1,1,100,34.055
1738265146.799935,1394683.000,29746,1,T1,1,100,34.024
1738265146.932941,1394816.000,29763,1,T1,1,100,34.081
1738265147.066946,1394950.000,29796,1,T1,1,100,34.035
1738265147.199951,1395083.000,29814,1,T1,1,100,33.980
1738265147.332957,1395216.000,29831,1,T1,1,100,33.956
1738265147.465962,1395349.000,29864,1,T1,1,100,34.052
1738265147.599967,1395483.000,29880,1,T1,1,100,34.058
1738265147.732973,1395616.000,29897,1,T1,1,100,34.096
1738265147.865978,1395749.000,29937,1,T1,1,100,34.042
1738265147.999983,1395883.000,29953,1,T1,1,100,34.053
1738265148.132989,1396016.000,29971,1,T1,1,100,34.059
1738265148.265994,1396149.000,29987,1,T1,1,100,34.132
1738265148.399999,1396283.000,30020,1,T1,1,100,34.057
1738265148.533005,1396416.000,30037,1,T1,1,100,34.060
1738265148.666010,1396549.000,30053,1,T1,1,100,34.061
1738265148.800015,1396683.000,30086,1,T1,1,100,34.062
1738265148.933021,1396816.000,30103,1,T1,1,100,34.062
1738265149.066026,1396949.000,30119,1,T1,1,100,33.956
1738265149.200031,1397083.000,30137,1,T1,1,100,34.052
1738265149.333037,1397216.000,30169,1,T1,1,100,34.058
1738265149.466042,1397349.000,30186,1,T1,1,100,34.025
1738265149.600047,1397483.000,30203,1,T1,1,100,34.011
1738265149.733052,1397616.000,30236,1,T1,1,100,34.111
1738265149.866058,1397749.000,30252,1,T1,1,100,34.154
1738265150.000063,1397883.000,30269,1,T1,1,100,34.138
1738265150.133069,1398016.000,30302,1,T1,1,100,34.060
1738265150.266074,1398149.000,30318,1,T1,1,100,34.026
1738265150.400079,1398283.000,30335,1,T1,1,100,34.011
1738265150.533084,1398416.000,30368,1,T1,1,100,34.076
1738265150.666090,1398549.000,30384,1,T1,1,100,34.033
1738265150.799095,1398682.000,30404,1,T1,1,100,34.121
1738265150.933100,1398816.000,30436,1,T1,1,100,34.123
1738265151.066106,1398949.000,30452,1,T1,1,100,34.160
1738265151.199111,1399082.000,30470,1,T1,1,100,34.105
1738265151.333116,1399216.000,30486,1,T1,1,100,34.045
1738265151.466122,1399349.000,30519,1,T1,1,100,33.984
1738265151.599127,1399482.000,30536,1,T1,1,100,33.993
1738265151.733132,1399616.000,30552,1,T1,1,100,34.032
1738265151.866138,1399749.000,30585,1,T1,1,100,34.014
1738265151.999143,1399882.000,30602,1,T1,1,100,34.042
1738265152.133148,1400016.000,30619,1,T1,1,100,33.983
1738265152.266154,1400149.000,30653,1,T1,1,100,33.992
1738265152.399159,1400282.000,30670,1,T1,1,100,33.997
1738265152.533164,1400416.000,30687,1,T1,1,100,33.999
1738265152.666170,1400549.000,30719,1,T1,1,100,33.964
1738265152.799175,1400682.000,30737,1,T1,1,100,33.949
1738265152.933180,1400816.000,30753,1,T1,1,100,34.013
1738265153.066185,1400949.000,30775,1,T1,1,100,34.006
1738265153.199191,1401082.000,30810,1,T1,1,100,34.109
1738265153.333196,1401216.000,30826,1,T1,1,100,34.118
1738265153.466202,1401349.000,30844,1,T1,1,100,34.193
1738265153.599207,1401482.000,30876,1,T1,1,100,34.154
1738265153.733212,1401616.000,30892,1,T1,1,100,33.996
1738265153.866218,1401749.000,30910,1,T1,1,100,34.069
1738265153.999223,1401882.000,30942,1,T1,1,100,34.136
1738265154.132228,1402015.000,30959,1,T1,1,100,33.988
1738265154.266233,1402149.000,30976,1,T1,1,100,34.030
1738265154.399239,1402282.000,31009,1,T1,1,100,34.049
1738265154.532244,1402415.000,31025,1,T1,1,100,34.021
1738265154.666250,1402549.000,31044,1,T1,1,100,34.009
1738265154.799255,1402682.000,31060,1,T1,1,100,34.075
1738265154.932260,1402815.000,31093,1,T1,1,100,33.997
1738265155.066265,1402949.000,31110,1,T1,1,100,34.034
1738265155.199271,1403082.000,31127,1,T1,1,100,33.979
1738265155.332276,1403215.000,31161,1,T1,1,100,34.027
1738265155.466281,1403349.000,31179,1,T1,1,100,34.047
1738265155.599287,1403482.000,31195,1,T1,1,100,34.056
1738265155.732292,1403615.000,31228,1,T1,1,100,33.989
1738265155.866297,1403749.000,31245,1,T1,1,100,33.995
1738265155.999303,1403882.000,31261,1,T1,1,100,34.033
1738265156.132308,1404015.000,31294,1,T1,1,100,34.050
1738265156.266313,1404149.000,31311,1,T1,1,100,34.057
1738265156.399319,1404282.000,31327,1,T1,1,100,34.025
1738265156.532324,1404415.000,31360,1,T1,1,100,34.046
1738265156.666329,1404549.000,31377,1,T1,1,100,34.055
1738265156.799335,1404682.000,31394,1,T1,1,100,34.024
1738265156.932340,1404815.000,31411,1,T1,1,100,34.046
1738265157.066345,1404949.000,31446,1,T1,1,100,33.984
1738265157.199351,1405082.000,31464,1,T1,1,100,33.993
1738265157.332356,1405215.000,31481,1,T1,1,100,33.891
1738265157.465361,1405348.000,31514,1,T1,1,100,33.917
1738265157.599366,1405482.000,31530,1,T1,1,100,33.964
1738265157.732372,1405615.000,31547,1,T1,1,100,34.020
1738265157.865377,1405748.000,31580,1,T1,1,100,34.115
1738265157.999382,1405882.000,31596,1,T1,1,100,34.085
1738265158.132388,1406015.000,31619,1,T1,1,100,34.072
1738265158.265393,1406148.000,31651,1,T1,1,100,33.996
1738265158.399399,1406282.000,31667,1,T1,1,100,34.034
1738265158.532404,1406415.000,31685,1,T1,1,100,33.979
1738265158.665409,1406548.000,31701,1,T1,1,100,33.991
1738265158.799414,1406682.000,31734,1,T1,1,100,33.925
1738265158.932420,1406815.000,31751,1,T1,1,100,33.968
1738265159.065425,1406948.000,31767,1,T1,1,100,34.092
1738265159.199430,1407082.000,31800,1,T1,1,100,34.075
1738265159.332436,1407215.000,31817,1,T1,1,100,34.033
1738265159.465441,1407348.000,31834,1,T1,1,100,34.050
1738265159.599446,1407482.000,31868,1,T1,1,100,34.021
1738265159.732452,1407615.000,31885,1,T1,1,100,34.009
1738265159.865457,1407748.000,31902,1,T1,1,100,33.969
1738265159.999462,1407882.000,31934,1,T1,1,100,34.093
1738265160.132468,1408015.000,31952,1,T1,1,100,34.111
1738265160.265473,1408148.000,31968,1,T1,1,100,34.154
1738265160.399478,1408282.000,32001,1,T1,1,100,34.173
1738265160.532484,1408415.000,32018,1,T1,1,100,34.181
1738265160.665489,1408548.000,32034,1,T1,1,100,34.043
1738265160.798494,1408681.000,32051,1,T1,1,100,34.125
1738265160.932500,1408815.000,32084,1,T1,1,100,34.054
1738265161.065505,1408948.000,32100,1,T1,1,100,33.988
1738265161.198510,1409081.000,32118,1,T1,1,100,33.995
1738265161.332515,1409215.000,32150,1,T1,1,100,34.104
1738265161.465521,1409348.000,32167,1,T1,1,100,34.151
1738265161.598526,1409481.000,32184,1,T1,1,100,34.030
1738265161.732532,1409615.000,32217,1,T1,1,100,34.013
1738265161.865537,1409748.000,32233,1,T1,1,100,34.112
1738265161.998542,1409881.000,32252,1,T1,1,100,34.190
1738265162.132548,1410015.000,32287,1,T1,1,100,34.082
1738265162.265553,1410148.000,32303,1,T1,1,100,34.000
1738265162.398558,1410281.000,32320,1,T1,1,100,33.965
1738265162.532563,1410415.000,32337,1,T1,1,100,34.020
1738265162.665569,1410548.000,32369,1,T1,1,100,34.080
1738265162.798574,1410681.000,32387,1,T1,1,100,34.070
1738265162.932580,1410815.000,32403,1,T1,1,100,33.959
1738265163.065585,1410948.000,32436,1,T1,1,100,34.018
1738265163.198590,1411081.000,32458,1,T1,1,100,34.079
1738265163.332595,1411215.000,32474,1,T1,1,100,34.140
1738265163.465601,1411348.000,32491,1,T1,1,100,34.132
1738265163.598606,1411481.000,32524,1,T1,1,100,34.057
1738265163.732611,1411615.000,32540,1,T1,1,100,34.060
1738265163.865617,1411748.000,32558,1,T1,1,100,34.097
1738265163.998622,1411881.000,32590,1,T1,1,100,34.077
1738265164.131627,1412014.000,32607,1,T1,1,100,34.069
1738265164.265633,1412148.000,32624,1,T1,1,100,34.065
1738265164.398638,1412281.000,32657,1,T1,1,100,34.135
1738265164.531643,1412414.000,32673,1,T1,1,100,34.058
1738265164.665649,1412548.000,32690,1,T1,1,100,34.132
1738265164.798654,1412681.000,32723,1,T1,1,100,34.057
1738265164.931659,1412814.000,32739,1,T1,1,100,34.025
1738265165.065665,1412948.000,32756,1,T1,1,100,34.046
1738265165.198670,1413081.000,32773,1,T1,1,100,33.914
1738265165.331675,1413214.000,32805,1,T1,1,100,34.069
1738265165.465681,1413348.000,32823,1,T1,1,100,34.065
1738265165.598686,1413481.000,32839,1,T1,1,100,33.993
1738265165.731691,1413614.000,32872,1,T1,1,100,34.068
1738265165.865696,1413748.000,32889,1,T1,1,100,34.029
1738265165.998702,1413881.000,32905,1,T1,1,100,34.119
1738265166.131707,1414014.000,32938,1,T1,1,100,34.087
1738265166.265712,1414148.000,32955,1,T1,1,100,34.002
1738265166.398718,1414281.000,32971,1,T1,1,100,34.072
1738265166.531723,1414414.000,33004,1,T1,1,100,34.067
1738265166.665729,1414548.000,33021,1,T1,1,100,34.029
1738265166.798734,1414681.000,33038,1,T1,1,100,34.119
1738265166.931739,1414814.000,33072,1,T1,1,100,34.193
1738265167.065744,1414948.000,33089,1,T1,1,100,34.084
1738265167.198750,1415081.000,33108,1,T1,1,100,33.965
1738265167.331755,1415214.000,33125,1,T1,1,100,33.985
1738265167.464760,1415347.000,33158,1,T1,1,100,34.029
1738265167.598766,1415481.000,33174,1,T1,1,100,34.048
1738265167.731771,1415614.000,33193,1,T1,1,100,33.950
1738265167.865776,1415748.000,33226,1,T1,1,100,33.978
1738265167.998782,1415881.000,33242,1,T1,1,100,33.920
1738265168.131787,1416014.000,33260,1,T1,1,100,33.894
1738265168.265292,1416147.500,33295,2,T1,1,100,33.919
1738265168.398798,1416281.000,33295,2,T1,1,100,33.894
1738265168.531803,1416414.000,33313,1,T1,1,100,33.919
1738265168.664808,1416547.000,33345,1,T1,1,100,34.036
1738265168.798814,1416681.000,33362,1,T1,1,100,33.980
1738265168.931819,1416814.000,33379,1,T1,1,100,34.027
1738265169.064824,1416947.000,33395,1,T1,1,100,34.012
1738265169.198830,1417081.000,33430,1,T1,1,100,34.040
1738265169.331835,1417214.000,33447,1,T1,1,100,34.053
1738265169.464840,1417347.000,33464,1,T1,1,100,33.987
1738265169.598845,1417481.000,33496,1,T1,1,100,33.995
1738265169.731851,1417614.000,33513,1,T1,1,100,33.927
1738265169.864856,1417747.000,33530,1,T1,1,100,33.933
1738265169.998862,1417881.000,33562,1,T1,1,100,34.077
1738265170.131867,1418014.000,33580,1,T1,1,100,34.033
1738265170.264872,1418147.000,33596,1,T1,1,100,34.014
1738265170.397877,1418280.000,33631,1,T1,1,100,34.042
1738265170.531883,1418414.000,33648,1,T1,1,100,34.089
1738265170.664888,1418547.000,33664,1,T1,1,100,34.109
1738265170.798893,1418681.000,33697,1,T1,1,100,34.012
1738265170.931899,1418814.000,33714,1,T1,1,100,34.041
1738265171.064904,1418947.000,33730,1,T1,1,100,34.053
1738265171.197909,1419080.000,33748,1,T1,1,100,34.023
1738265171.331915,1419214.000,33780,1,T1,1,100,33.974
1738265171.464920,1419347.000,33797,1,T1,1,100,33.953
1738265171.597925,1419480.000,33816,1,T1,1,100,34.122
1738265171.731931,1419614.000,33849,1,T1,1,100,34.088
1738265171.864936,1419747.000,33865,1,T1,1,100,34.109
1738265171.997941,1419880.000,33882,1,T1,1,100,34.047
1738265172.131947,1420014.000,33917,1,T1,1,100,33.949
1738265172.264952,1420147.000,33933,1,T1,1,100,33.978
1738265172.397957,1420280.000,33950,1,T1,1,100,34.061
1738265172.531963,1420414.000,33983,1,T1,1,100,34.027
1738265172.664968,1420547.000,33999,1,T1,1,100,34.047
1738265172.797973,1420680.000,34017,1,T1,1,100,33.949
1738265172.931979,1420814.000,34049,1,T1,1,100,34.014
1738265173.064984,1420947.000,34065,1,T1,1,100,34.006
1738265173.197989,1421080.000,34083,1,T1,1,100,34.038
1738265173.331995,1421214.000,34099,1,T1,1,100,34.052
1738265173.465000,1421347.000,34140,2,T1,1,100,34.129
1738265173.598005,1421480.000,34140,2,T1,1,100,33.985
1738265173.732011,1421614.000,34172,1,T1,1,100,34.029
1738265173.865016,1421747.000,34189,1,T1,1,100,34.013
1738265173.998021,1421880.000,34206,1,T1,1,100,34.005
1738265174.132026,1422014.000,34239,1,T1,1,100,34.073
1738265174.265032,1422147.000,34255,1,T1,1,100,34.067
1738265174.398037,1422280.000,34272,1,T1,1,100,34.100
1738265174.531042,1422413.000,34305,1,T1,1,100,33.937
1738265174.665048,1422547.000,34321,1,T1,1,100,34.044
1738265174.798053,1422680.000,34339,1,T1,1,100,34.019
1738265174.931058,1422813.000,34371,1,T1,1,100,34.008
1738265175.065064,1422947.000,34387,1,T1,1,100,34.039
1738265175.198069,1423080.000,34405,1,T1,1,100,34.017
1738265175.331074,1423213.000,34439,1,T1,1,100,34.007
1738265175.465080,1423347.000,34456,1,T1,1,100,33.968
1738265175.598085,1423480.000,34473,1,T1,1,100,33.915
1738265175.731090,1423613.000,34489,1,T1,1,100,33.963
1738265175.865096,1423747.000,34522,1,T1,1,100,33.984
1738265175.998101,1423880.000,34539,1,T1,1,100,34.064
1738265176.131106,1424013.000,34556,1,T1,1,100,34.028
1738265176.265112,1424147.000,34588,1,T1,1,100,34.012
1738265176.398117,1424280.000,34607,1,T1,1,100,34.041
1738265176.531122,1424413.000,34624,1,T1,1,100,34.018
1738265176.665128,1424547.000,34656,1,T1,1,100,34.043
1738265176.798133,1424680.000,34674,1,T1,1,100,34.125
1738265176.931138,1424813.000,34690,1,T1,1,100,34.125
1738265177.065144,1424947.000,34723,1,T1,1,100,34.090
1738265177.198149,1425080.000,34742,1,T1,1,100,34.074
1738265177.331154,1425213.000,34758,1,T1,1,100,34.032
1738265177.465160,1425347.000,34791,1,T1,1,100,34.085
1738265177.598165,1425480.000,34808,1,T1,1,100,34.037
1738265177.731170,1425613.000,34824,1,T1,1,100,34.016
1738265177.864176,1425746.000,34842,1,T1,1,100,34.007
1738265177.998181,1425880.000,34874,1,T1,1,100,33.968
1738265178.131186,1426013.000,34891,1,T1,1,100,34.021
1738265178.264191,1426146.000,34908,1,T1,1,100,33.974
1738265178.398197,1426280.000,34941,1,T1,1,100,34.024
1738265178.531202,1426413.000,34957,1,T1,1,100,34.046
1738265178.664207,1426546.000,34979,1,T1,1,100,33.984
1738265178.798213,1426680.000,34996,1,T1,1,100,34.029
1738265178.931218,1426813.000,35013,1,T1,1,100,34.048
1738265179.064223,1426946.000,35047,1,T1,1,100,34.021
1738265179.198229,1427080.000,35064,1,T1,1,100,34.009
1738265179.331234,1427213.000,35081,1,T1,1,100,33.933
1738265179.464239,1427346.000,35116,1,T1,1,100,33.865
1738265179.598245,1427480.000,35132,1,T1,1,100,34.048
1738265179.731250,1427613.000,35149,1,T1,1,100,34.056
1738265179.864255,1427746.000,35182,1,T1,1,100,34.060
1738265179.998261,1427880.000,35198,1,T1,1,100,34.026
1738265180.131266,1428013.000,35216,1,T1,1,100,34.011
1738265180.264271,1428146.000,35248,1,T1,1,100,34.076
1738265180.398277,1428280.000,35264,1,T1,1,100,34.033
1738265180.531282,1428413.000,35282,1,T1,1,100,33.979
1738265180.664287,1428546.000,35314,1,T1,1,100,33.991
1738265180.798293,1428680.000,35333,1,T1,1,100,34.067
1738265180.931298,1428813.000,35350,1,T1,1,100,34.064
1738265181.064303,1428946.000,35383,1,T1,1,100,34.028
1738265181.198309,1429080.000,35399,1,T1,1,100,34.048
1738265181.331314,1429213.000,35416,1,T1,1,100,34.021
1738265181.464319,1429346.000,35433,1,T1,1,100,33.973
1738265181.597325,1429479.000,35467,1,T1,1,100,33.953
1738265181.731330,1429613.000,35484,1,T1,1,100,33.980
1738265181.864335,1429746.000,35501,1,T1,1,100,33.956
1738265181.997340,1429879.000,35533,1,T1,1,100,33.945
1738265182.131346,1430013.000,35551,1,T1,1,100,34.012
1738265182.264351,1430146.000,35569,1,T1,1,100,34.076
1738265182.397357,1430279.000,35602,1,T1,1,100,34.033
1738265182.531362,1430413.000,35619,1,T1,1,100,34.014
1738265182.664367,1430546.000,35635,1,T1,1,100,34.006
1738265182.797372,1430679.000,35670,1,T1,1,100,34.003
1738265182.931378,1430813.000,35687,1,T1,1,100,34.037
1738265183.064383,1430946.000,35703,1,T1,1,100,33.980
1738265183.197388,1431079.000,35721,1,T1,1,100,34.062
1738265183.331394,1431213.000,35753,1,T1,1,100,34.062
1738265183.464399,1431346.000,35770,1,T1,1,100,34.027
1738265183.597404,1431479.000,35787,1,T1,1,100,34.047
1738265183.731410,1431613.000,35825,1,T1,1,100,34.091
1738265183.864415,1431746.000,35841,1,T1,1,100,34.075
1738265183.997420,1431879.000,35858,1,T1,1,100,34.068
1738265184.130426,1432012.000,35875,1,T1,1,100,34.029
1738265184.264431,1432146.000,35907,1,T1,1,100,34.048
1738265184.397436,1432279.000,35924,1,T1,1,100,33.950
1738265184.530442,1432412.000,35941,1,T1,1,100,33.907
1738265184.664447,1432546.000,35960,1,T1,1,100,33.995
1738265184.797452,1432679.000,35993,1,T1,1,100,34.033
1738265184.930458,1432812.000,36009,1,T1,1,100,34.085
1738265185.064463,1432946.000,36028,1,T1,1,100,34.072
1738265185.197468,1433079.000,36061,1,T1,1,100,34.031
1738265185.330474,1433212.000,36077,1,T1,1,100,34.120
1738265185.464479,1433346.000,36095,1,T1,1,100,34.123
1738265185.597484,1433479.000,36127,1,T1,1,100,34.160
1738265185.730489,1433612.000,36143,1,T1,1,100,34.069
1738265185.864495,1433746.000,36161,1,T1,1,100,34.101
1738265185.997500,1433879.000,36193,1,T1,1,100,34.079
1738265186.130506,1434012.000,36210,1,T1,1,100,34.034
1738265186.264511,1434146.000,36227,1,T1,1,100,34.086
1738265186.397516,1434279.000,36262,1,T1,1,100,34.073
1738265186.530521,1434412.000,36278,1,T1,1,100,34.031
1738265186.664527,1434546.000,36295,1,T1,1,100,34.084
1738265186.797532,1434679.000,36328,1,T1,1,100,34.143
1738265186.930537,1434812.000,36344,1,T1,1,100,34.097
1738265187.064543,1434946.000,36361,1,T1,1,100,34.113
1738265187.197548,1435079.000,36378,1,T1,1,100,34.049
1738265187.330553,1435212.000,36412,1,T1,1,100,33.879
1738265187.463559,1435345.000,36430,1,T1,1,100,33.912
1738265187.597564,1435479.000,36446,1,T1,1,100,33.891
1738265187.730569,1435612.000,36481,1,T1,1,100,33.988
1738265187.863575,1435745.000,36498,1,T1,1,100,33.995
1738265187.997580,1435879.000,36514,1,T1,1,100,34.033
1738265188.130585,1436012.000,36547,1,T1,1,100,34.014
1738265188.263591,1436145.000,36564,1,T1,1,100,33.935
1738265188.397596,1436279.000,36580,1,T1,1,100,34.043
1738265188.530601,1436412.000,36613,1,T1,1,100,33.912
1738265188.664607,1436546.000,36630,1,T1,1,100,33.997
1738265188.797612,1436679.000,36647,1,T1,1,100,34.105
1738265188.930617,1436812.000,36669,1,T1,1,100,34.081
1738265189.063622,1436945.000,36685,1,T1,1,100,34.035
1738265189.197628,1437079.000,36718,1,T1,1,100,34.157
1738265189.330633,1437212.000,36735,1,T1,1,100,34.032
1738265189.463639,1437345.000,36754,1,T1,1,100,34.120
1738265189.597644,1437479.000,36786,1,T1,1,100,34.052
1738265189.730649,1437612.000,36803,1,T1,1,100,34.093
1738265189.863655,1437745.000,36820,1,T1,1,100,34.040
1738265189.997660,1437879.000,36852,1,T1,1,100,34.124
1738265190.130665,1438012.000,36870,1,T1,1,100,34.089
1738265190.263670,1438145.000,36886,1,T1,1,100,33.968
1738265190.397676,1438279.000,36903,1,T1,1,100,34.092
1738265190.530681,1438412.000,36936,1,T1,1,100,34.146
1738265190.663687,1438545.000,36952,1,T1,1,100,34.063
1738265190.796692,1438678.000,36970,1,T1,1,100,34.169
1738265190.930697,1438812.000,37002,1,T1,1,100,34.073
1738265191.063702,1438945.000,37018,1,T1,1,100,34.138
1738265191.196708,1439078.000,37036,1,T1,1,100,34.095
1738265191.330713,1439212.000,37068,1,T1,1,100,34.112
1738265191.463718,1439345.000,37085,1,T1,1,100,34.013
1738265191.596724,1439478.000,37102,1,T1,1,100,34.112
1738265191.730729,1439612.000,37135,1,T1,1,100,34.013
1738265191.863734,1439745.000,37151,1,T1,1,100,34.006
1738265191.997740,1439879.000,37168,1,T1,1,100,34.002
1738265192.130745,1440012.000,37203,1,T1,1,100,34.143
1738265192.263750,1440145.000,37219,1,T1,1,100,34.097
1738265192.396756,1440278.000,37236,1,T1,1,100,34.042
1738265192.530761,1440412.000,37253,1,T1,1,100,34.054
1738265192.663766,1440545.000,37285,1,T1,1,100,34.094
1738265192.796772,1440678.000,37303,1,T1,1,100,34.041
1738265192.930777,1440812.000,37319,1,T1,1,100,34.089
1738265193.063782,1440945.000,37352,1,T1,1,100,34.038
1738265193.196788,1441078.000,37369,1,T1,1,100,33.981
1738265193.330793,1441212.000,37387,1,T1,1,100,33.921
1738265193.463798,1441345.000,37420,1,T1,1,100,34.072
1738265193.596803,1441478.000,37437,1,T1,1,100,33.925
1738265193.730809,1441612.000,37453,1,T1,1,100,33.967
1738265193.863814,1441745.000,37486,1,T1,1,100,34.092
1738265193.996819,1441878.000,37508,1,T1,1,100,34.111
1738265194.129825,1442011.000,37525,1,T1,1,100,34.190
1738265194.263830,1442145.000,37542,1,T1,1,100,34.082
1738265194.396836,1442278.000,37558,1,T1,1,100,34.000
1738265194.529841,1442411.000,37591,1,T1,1,100,34.035
1738265194.663846,1442545.000,37608,1,T1,1,100,34.051
1738265194.796851,1442678.000,37625,1,T1,1,100,34.128
1738265194.929857,1442811.000,37657,1,T1,1,100,34.056
1738265195.063862,1442945.000,37674,1,T1,1,100,33.989
1738265195.196867,1443078.000,37691,1,T1,1,100,33.995
1738265195.329873,1443211.000,37708,1,T1,1,100,33.998
1738265195.463878,1443345.000,37741,1,T1,1,100,34.070
1738265195.596883,1443478.000,37757,1,T1,1,100,33.995
1738265195.729889,1443611.000,37774,1,T1,1,100,34.033
1738265195.863894,1443745.000,37807,1,T1,1,100,34.085
1738265195.996899,1443878.000,37823,1,T1,1,100,34.001
1738265196.129905,1444011.000,37841,1,T1,1,100,34.001
1738265196.263910,1444145.000,37873,1,T1,1,100,33.929
1738265196.396915,1444278.000,37889,1,T1,1,100,33.969
1738265196.529921,1444411.000,37907,1,T1,1,100,34.022
1738265196.663926,1444545.000,37939,1,T1,1,100,34.081
1738265196.796931,1444678.000,37956,1,T1,1,100,34.070
1738265196.929937,1444811.000,37973,1,T1,1,100,34.066
1738265197.063942,1444945.000,38006,1,T1,1,100,34.206
1738265197.196947,1445078.000,38024,1,T1,1,100,34.231
1738265197.329952,1445211.000,38041,1,T1,1,100,34.100
1738265197.462958,1445344.000,38057,1,T1,1,100,33.972
1738265197.596963,1445478.000,38092,1,T1,1,100,33.953
1738265197.729969,1445611.000,38109,1,T1,1,100,34.015
1738265197.862974,1445744.000,38126,1,T1,1,100,34.042
1738265197.996979,1445878.000,38158,1,T1,1,100,33.983
1738265198.129984,1446011.000,38176,1,T1,1,100,33.922
1738265198.262990,1446144.000,38192,1,T1,1,100,34.037
1738265198.396995,1446278.000,38225,1,T1,1,100,34.087
1738265198.530000,1446411.000,38242,1,T1,1,100,34.073
1738265198.663006,1446544.000,38258,1,T1,1,100,33.925
1738265198.797011,1446678.000,38291,1,T1,1,100,34.003
1738265198.930017,1446811.000,38308,1,T1,1,100,33.966
1738265199.063022,1446944.000,38326,1,T1,1,100,34.056
1738265199.197027,1447078.000,38347,1,T1,1,100,34.024
1738265199.330032,1447211.000,38363,1,T1,1,100,34.011
1738265199.463038,1447344.000,38396,1,T1,1,100,34.111
1738265199.597043,1447478.000,38413,1,T1,1,100,34.048
1738265199.730048,1447611.000,38429,1,T1,1,100,34.056
1738265199.863054,1447744.000,38462,1,T1,1,100,34.024
1738265199.997059,1447878.000,38479,1,T1,1,100,34.046
1738265200.130064,1448011.000,38496,1,T1,1,100,34.126
1738265200.263070,1448144.000,38528,1,T1,1,100,34.126
1738265200.397075,1448278.000,38545,1,T1,1,100,34.019
1738265200.530080,1448411.000,38562,1,T1,1,100,34.079
1738265200.663086,1448544.000,38594,1,T1,1,100,34.034
1738265200.796091,1448677.000,38612,1,T1,1,100,34.015
1738265200.930096,1448811.000,38628,1,T1,1,100,34.042
1738265201.063102,1448944.000,38645,1,T1,1,100,34.054
1738265201.196107,1449077.000,38678,1,T1,1,100,34.023
1738265201.330112,1449211.000,38694,1,T1,1,100,34.116
1738265201.463118,1449344.000,38712,1,T1,1,100,34.050
1738265201.596123,1449477.000,38744,1,T1,1,100,34.022
1738265201.730128,1449611.000,38760,1,T1,1,100,34.009
1738265201.863133,1449744.000,38778,1,T1,1,100,34.040
1738265201.996139,1449877.000,38810,1,T1,1,100,34.088
1738265202.130144,1450011.000,38827,1,T1,1,100,34.003
1738265202.263149,1450144.000,38846,1,T1,1,100,34.001
1738265202.396155,1450277.000,38881,1,T1,1,100,34.000
1738265202.530160,1450411.000,38897,1,T1,1,100,34.107
1738265202.663166,1450544.000,38914,1,T1,1,100,33.975
1738265202.796171,1450677.000,38930,1,T1,1,100,33.918
1738265202.930176,1450811.000,38963,1,T1,1,100,33.894
1738265203.063181,1450944.000,38980,1,T1,1,100,34.025
1738265203.196187,1451077.000,38999,1,T1,1,100,33.904
1738265203.330192,1451211.000,39031,1,T1,1,100,33.994
1738265203.463197,1451344.000,39051,1,T1,1,100,33.962
1738265203.596203,1451477.000,39067,1,T1,1,100,33.984
1738265203.729208,1451610.000,39100,1,T1,1,100,33.957
1738265203.863213,1451744.000,39117,1,T1,1,100,33.982
1738265203.996219,1451877.000,39133,1,T1,1,100,33.992
1738265204.130224,1452011.000,39166,1,T1,1,100,34.067
1738265204.263229,1452144.000,39188,1,T1,1,100,34.065
1738265204.396235,1452277.000,39205,1,T1,1,100,34.063
1738265204.529240,1452410.000,39224,1,T1,1,100,33.992
1738265204.663245,1452544.000,39240,1,T1,1,100,33.961
1738265204.796251,1452677.000,39273,1,T1,1,100,33.948
1738265204.929256,1452810.000,39290,1,T1,1,100,33.977
1738265205.063261,1452944.000,39306,1,T1,1,100,33.990
1738265205.196267,1453077.000,39339,1,T1,1,100,34.067
1738265205.329272,1453210.000,39358,1,T1,1,100,34.029
1738265205.463277,1453344.000,39375,1,T1,1,100,34.154
1738265205.596282,1453477.000,39392,1,T1,1,100,33.960
1738265205.729288,1453610.000,39425,1,T1,1,100,34.054
1738265205.863293,1453744.000,39441,1,T1,1,100,33.988
1738265205.996299,1453877.000,39458,1,T1,1,100,34.101
1738265206.129304,1454010.000,39491,1,T1,1,100,34.115
1738265206.263309,1454144.000,39507,1,T1,1,100,34.014
1738265206.396314,1454277.000,39524,1,T1,1,100,34.042
1738265206.529320,1454410.000,39557,1,T1,1,100,34.053
1738265206.663325,1454544.000,39573,1,T1,1,100,34.023
1738265206.796330,1454677.000,39591,1,T1,1,100,34.045
1738265206.929336,1454810.000,39623,1,T1,1,100,34.020
1738265207.063341,1454944.000,39639,1,T1,1,100,34.044
1738265207.196347,1455077.000,39659,1,T1,1,100,34.125
1738265207.329352,1455210.000,39691,1,T1,1,100,33.983
1738265207.462357,1455343.000,39710,1,T1,1,100,34.135
1738265207.596362,1455477.000,39727,1,T1,1,100,34.023
1738265207.729368,1455610.000,39743,1,T1,1,100,34.010
1738265207.862373,1455743.000,39776,1,T1,1,100,34.075
1738265207.996378,1455877.000,39793,1,T1,1,100,33.926
1738265208.129384,1456010.000,39810,1,T1,1,100,33.862
1738265208.262389,1456143.000,39842,1,T1,1,100,33.976
1738265208.396394,1456277.000,39859,1,T1,1,100,33.919
1738265208.529400,1456410.000,39876,1,T1,1,100,34.071
1738265208.662405,1456543.000,39908,1,T1,1,100,34.102
1738265208.796410,1456677.000,39926,1,T1,1,100,34.044
1738265208.929416,1456810.000,39942,1,T1,1,100,33.984
1738265209.062421,1456943.000,39975,1,T1,1,100,33.993
1738265209.196426,1457077.000,39992,1,T1,1,100,33.997
1738265209.329432,1457210.000,40008,1,T1,1,100,34.070
1738265209.462437,1457343.000,40031,1,T1,1,100,34.066
1738265209.596442,1457477.000,40047,1,T1,1,100,34.099
1738265209.729448,1457610.000,40080,1,T1,1,100,34.114
1738265209.862453,1457743.000,40097,1,T1,1,100,34.049
1738265209.996458,1457877.000,40113,1,T1,1,100,34.057
1738265210.129463,1458010.000,40146,1,T1,1,100,33.883
1738265210.262469,1458143.000,40163,1,T1,1,100,34.020
1738265210.396474,1458277.000,40179,1,T1,1,100,34.080
1738265210.529480,1458410.000,40212,1,T1,1,100,34.070
1738265210.662485,1458543.000,40231,1,T1,1,100,34.066
1738265210.795490,1458676.000,40248,1,T1,1,100,34.064
1738265210.929495,1458810.000,40280,1,T1,1,100,34.134
1738265211.062501,1458943.000,40297,1,T1,1,100,34.200
1738265211.195506,1459076.000,40314,1,T1,1,100,34.016
1738265211.329511,1459210.000,40331,1,T1,1,100,33.936
1738265211.462517,1459343.000,40366,1,T1,1,100,34.043
1738265211.595522,1459476.000,40382,1,T1,1,100,34.054
1738265211.729527,1459610.000,40399,1,T1,1,100,34.023
1738265211.862533,1459743.000,40432,1,T1,1,100,34.046
1738265211.995538,1459876.000,40448,1,T1,1,100,34.020
1738265212.129543,1460010.000,40468,1,T1,1,100,34.150
1738265212.262549,1460143.000,40502,1,T1,1,100,34.171
1738265212.395554,1460276.000,40518,1,T1,1,100,34.074
1738265212.529559,1460410.000,40536,1,T1,1,100,34.103
1738265212.662565,1460543.000,40568,1,T1,1,100,34.080
1738265212.795570,1460676.000,40585,1,T1,1,100,34.106
1738265212.929575,1460810.000,40604,1,T1,1,100,34.117
1738265213.062581,1460943.000,40637,1,T1,1,100,34.086
1738265213.195586,1461076.000,40653,1,T1,1,100,34.037
1738265213.329591,1461210.000,40670,1,T1,1,100,33.981
1738265213.462597,1461343.000,40686,1,T1,1,100,34.204
1738265213.595602,1461476.000,40719,1,T1,1,100,34.124
1738265213.729607,1461610.000,40736,1,T1,1,100,34.160
1738265213.862612,1461743.000,40753,1,T1,1,100,34.069
1738265213.995618,1461876.000,40785,1,T1,1,100,33.994
1738265214.128623,1462009.000,40803,1,T1,1,100,34.104
1738265214.262629,1462143.000,40819,1,T1,1,100,34.010
1738265214.395634,1462276.000,40852,1,T1,1,100,34.040
1738265214.529639,1462410.000,40876,1,T1,1,100,34.053
1738265214.662644,1462543.000,40892,1,T1,1,100,34.165
1738265214.795650,1462676.000,40910,1,T1,1,100,34.071
1738265214.928655,1462809.000,40926,1,T1,1,100,34.102
1738265215.062660,1462943.000,40959,1,T1,1,100,34.044
1738265215.195666,1463076.000,40976,1,T1,1,100,34.055
1738265215.328671,1463209.000,40992,1,T1,1,100,34.059
1738265215.462676,1463343.000,41025,1,T1,1,100,34.061
1738265215.595682,1463476.000,41042,1,T1,1,100,34.026
1738265215.728687,1463609.000,41058,1,T1,1,100,34.118
1738265215.862692,1463743.000,41091,1,T1,1,100,34.051
1738265215.995698,1463876.000,41108,1,T1,1,100,34.022
1738265216.128703,1464009.000,41125,1,T1,1,100,34.045
1738265216.262708,1464143.000,41157,1,T1,1,100,34.055
1738265216.395714,1464276.000,41174,1,T1,1,100,34.059
1738265216.528719,1464409.000,41191,1,T1,1,100,33.955
1738265216.662724,1464543.000,41208,1,T1,1,100,34.051
1738265216.795730,1464676.000,41243,1,T1,1,100,33.987
1738265216.928735,1464809.000,41259,1,T1,1,100,33.994
1738265217.062740,1464943.000,41276,1,T1,1,100,34.068
1738265217.195745,1465076.000,41311,1,T1,1,100,34.030
1738265217.328751,1465209.000,41327,1,T1,1,100,33.942
1738265217.462756,1465343.000,41345,1,T1,1,100,33.975
1738265217.595762,1465476.000,41377,1,T1,1,100,34.025
1738265217.728767,1465609.000,41393,1,T1,1,100,34.082
1738265217.862772,1465743.000,41411,1,T1,1,100,34.071
1738265217.995778,1465876.000,41443,1,T1,1,100,34.066
1738265218.128783,1466009.000,41460,1,T1,1,100,33.958
1738265218.261788,1466142.000,41477,1,T1,1,100,34.088
1738265218.395793,1466276.000,41510,1,T1,1,100,34.109
1738265218.528799,1466409.000,41526,1,T1,1,100,34.083
1738265218.662804,1466543.000,41543,1,T1,1,100,33.965
1738265218.795810,1466676.000,41559,1,T1,1,100,34.020
1738265218.928815,1466809.000,41592,1,T1,1,100,34.115
1738265219.061820,1466942.000,41609,1,T1,1,100,34.085
1738265219.195825,1467076.000,41626,1,T1,1,100,34.072
1738265219.328831,1467209.000,41660,1,T1,1,100,33.960
1738265219.461836,1467342.000,41678,1,T1,1,100,34.018
1738265219.595841,1467476.000,41694,1,T1,1,100,34.008
1738265219.728847,1467609.000,41716,1,T1,1,100,34.110
1738265219.861852,1467742.000,41749,1,T1,1,100,34.154
1738265219.995857,1467876.000,41765,1,T1,1,100,34.102
1738265220.128863,1468009.000,41783,1,T1,1,100,34.080
1738265220.261868,1468142.000,41799,1,T1,1,100,33.999
1738265220.395873,1468276.000,41832,1,T1,1,100,34.000
1738265220.528879,1468409.000,41849,1,T1,1,100,34.071
1738265220.661884,1468542.000,41865,1,T1,1,100,34.137
1738265220.794889,1468675.000,41898,1,T1,1,100,34.059
1738265220.928895,1468809.000,41915,1,T1,1,100,34.061
1738265221.061900,1468942.000,41931,1,T1,1,100,33.991
1738265221.194905,1469075.000,41964,1,T1,1,100,34.067
1738265221.328911,1469209.000,41981,1,T1,1,100,33.994
1738265221.461916,1469342.000,42000,1,T1,1,100,33.962
1738265221.594921,1469475.000,42032,1,T1,1,100,34.019
1738265221.728927,1469609.000,42049,1,T1,1,100,34.008
1738265221.861932,1469742.000,42066,1,T1,1,100,34.074
1738265221.994937,1469875.000,42098,1,T1,1,100,34.032
1738265222.128942,1470009.000,42116,1,T1,1,100,34.120
1738265222.261948,1470142.000,42134,1,T1,1,100,34.088
1738265222.394953,1470275.000,42151,1,T1,1,100,34.180
1738265222.528959,1470409.000,42184,1,T1,1,100,34.220
1738265222.661964,1470542.000,42200,1,T1,1,100,34.060
1738265222.794969,1470675.000,42218,1,T1,1,100,33.990
1738265222.928974,1470809.000,42250,1,T1,1,100,33.996
1738265223.061980,1470942.000,42266,1,T1,1,100,34.034
1738265223.194985,1471075.000,42284,1,T1,1,100,34.050
1738265223.328990,1471209.000,42316,1,T1,1,100,34.093
1738265223.461996,1471342.000,42335,1,T1,1,100,34.076
1738265223.595001,1471475.000,42352,1,T1,1,100,34.104
1738265223.729006,1471609.000,42385,1,T1,1,100,34.080
1738265223.862012,1471742.000,42401,1,T1,1,100,34.035
1738265223.995017,1471875.000,42418,1,T1,1,100,34.015
1738265224.129022,1472009.000,42451,1,T1,1,100,34.077
1738265224.262028,1472142.000,42467,1,T1,1,100,34.175
1738265224.395033,1472275.000,42484,1,T1,1,100,34.147
1738265224.528038,1472408.000,42503,1,T1,1,100,34.099
1738265224.662044,1472542.000,42535,1,T1,1,100,33.972
1738265224.795049,1472675.000,42558,1,T1,1,100,34.023
1738265224.928054,1472808.000,42574,1,T1,1,100,34.010
1738265225.062060,1472942.000,42591,1,T1,1,100,34.040
1738265225.195065,1473075.000,42624,1,T1,1,100,34.017
1738265225.328070,1473208.000,42640,1,T1,1,100,34.043
1738265225.462075,1473342.000,42658,1,T1,1,100,34.089
1738265225.595081,1473475.000,42674,1,T1,1,100,34.039
1738265225.728086,1473608.000,42706,1,T1,1,100,34.052
1738265225.862092,1473742.000,42724,1,T1,1,100,33.987
1738265225.995097,1473875.000,42740,1,T1,1,100,34.172
1738265226.128102,1474008.000,42775,1,T1,1,100,34.074
1738265226.262108,1474142.000,42792,1,T1,1,100,34.032
1738265226.395113,1474275.000,42808,1,T1,1,100,34.049
1738265226.528118,1474408.000,42841,1,T1,1,100,34.021
1738265226.662123,1474542.000,42858,1,T1,1,100,34.151
1738265226.795129,1474675.000,42875,1,T1,1,100,34.065
1738265226.928134,1474808.000,42907,1,T1,1,100,34.135
1738265227.062140,1474942.000,42924,1,T1,1,100,33.987
1738265227.195145,1475075.000,42943,1,T1,1,100,34.136
1738265227.328150,1475208.000,42975,1,T1,1,100,34.130
1738265227.462155,1475342.000,42993,1,T1,1,100,34.092
1738265227.595161,1475475.000,43009,1,T1,1,100,34.146
1738265227.728166,1475608.000,43042,1,T1,1,100,34.063
1738265227.861171,1475741.000,43059,1,T1,1,100,34.134
1738265227.995177,1475875.000,43075,1,T1,1,100,34.058
1738265228.128182,1476008.000,43092,1,T1,1,100,34.131
1738265228.261187,1476141.000,43125,1,T1,1,100,34.021
1738265228.395193,1476275.000,43141,1,T1,1,100,34.080
1738265228.528198,1476408.000,43159,1,T1,1,100,34.070
1738265228.661203,1476541.000,43191,1,T1,1,100,34.030
1738265228.795209,1476675.000,43208,1,T1,1,100,34.049
1738265228.928214,1476808.000,43225,1,T1,1,100,34.092
1738265229.061219,1476941.000,43258,1,T1,1,100,34.075
1738265229.195225,1477075.000,43274,1,T1,1,100,33.962
1738265229.328230,1477208.000,43291,1,T1,1,100,34.019
1738265229.461235,1477341.000,43324,1,T1,1,100,34.008
1738265229.595241,1477475.000,43340,1,T1,1,100,34.110
1738265229.728246,1477608.000,43357,1,T1,1,100,34.048
1738265229.861751,1477741.500,43395,2,T1,1,100,34.056
1738265229.995256,1477875.000,43395,2,T1,1,100,34.095
1738265230.128262,1478008.000,43430,1,T1,1,100,34.112
1738265230.261267,1478141.000,43446,1,T1,1,100,34.084
1738265230.395272,1478275.000,43463,1,T1,1,100,34.107
1738265230.528278,1478408.000,43496,1,T1,1,100,34.046
1738265230.661283,1478541.000,43512,1,T1,1,100,34.020
1738265230.794288,1478674.000,43530,1,T1,1,100,34.009
1738265230.928294,1478808.000,43546,1,T1,1,100,34.181
1738265231.061299,1478941.000,43578,1,T1,1,100,34.007
1738265231.194304,1479074.000,43596,1,T1,1,100,34.110
1738265231.328310,1479208.000,43612,1,T1,1,100,34.083
1738265231.461315,1479341.000,43645,1,T1,1,100,34.071
1738265231.594320,1479474.000,43662,1,T1,1,100,34.102
1738265231.728326,1479608.000,43678,1,T1,1,100,34.009
1738265231.861331,1479741.000,43711,1,T1,1,100,34.004
1738265231.994336,1479874.000,43728,1,T1,1,100,33.931
1738265232.128342,1480008.000,43745,1,T1,1,100,34.005
1738265232.261347,1480141.000,43779,1,T1,1,100,33.967
1738265232.394352,1480274.000,43796,1,T1,1,100,34.021
1738265232.528358,1480408.000,43813,1,T1,1,100,34.009
1738265232.661363,1480541.000,43845,1,T1,1,100,34.110
1738265232.794368,1480674.000,43865,1,T1,1,100,34.154
1738265232.928374,1480808.000,43881,1,T1,1,100,34.067
1738265233.061379,1480941.000,43898,1,T1,1,100,34.135
1738265233.194384,1481074.000,43931,1,T1,1,100,33.988
1738265233.328390,1481208.000,43947,1,T1,1,100,34.066
1738265233.461395,1481341.000,43965,1,T1,1,100,34.135
1738265233.594400,1481474.000,43999,1,T1,1,100,34.094
1738265233.728405,1481608.000,44015,1,T1,1,100,34.005
1738265233.861411,1481741.000,44033,1,T1,1,100,34.073
1738265233.994416,1481874.000,44065,1,T1,1,100,34.067
1738265234.127421,1482007.000,44084,1,T1,1,100,33.887
1738265234.261427,1482141.000,44101,1,T1,1,100,33.951
1738265234.394432,1482274.000,44134,1,T1,1,100,33.943
1738265234.528437,1482408.000,44150,1,T1,1,100,34.046
1738265234.661443,1482541.000,44167,1,T1,1,100,34.126
1738265234.794448,1482674.000,44200,1,T1,1,100,34.126
1738265234.927454,1482807.000,44216,1,T1,1,100,34.196
1738265235.061459,1482941.000,44239,1,T1,1,100,34.191
1738265235.194464,1483074.000,44257,1,T1,1,100,34.154
1738265235.327469,1483207.000,44274,1,T1,1,100,34.173
1738265235.461475,1483341.000,44307,1,T1,1,100,34.110
1738265235.594480,1483474.000,44323,1,T1,1,100,34.048
1738265235.727485,1483607.000,44340,1,T1,1,100,33.950
1738265235.861491,1483741.000,44373,1,T1,1,100,34.014
1738265235.994496,1483874.000,44389,1,T1,1,100,33.970
1738265236.127501,1484007.000,44407,1,T1,1,100,33.987
1738265236.261507,1484141.000,44439,1,T1,1,100,34.030
1738265236.394512,1484274.000,44455,1,T1,1,100,34.084
1738265236.527517,1484407.000,44475,1,T1,1,100,34.036
1738265236.661523,1484541.000,44491,1,T1,1,100,34.087
1738265236.794528,1484674.000,44524,1,T1,1,100,34.108
1738265236.927533,1484807.000,44541,1,T1,1,100,34.189
1738265237.061539,1484941.000,44557,1,T1,1,100,34.188
1738265237.194544,1485074.000,44592,1,T1,1,100,34.152
1738265237.327549,1485207.000,44611,1,T1,1,100,34.101
1738265237.460555,1485340.000,44628,1,T1,1,100,34.079
1738265237.594560,1485474.000,44660,1,T1,1,100,34.034
1738265237.727565,1485607.000,44677,1,T1,1,100,33.944
1738265237.860570,1485740.000,44694,1,T1,1,100,34.047
1738265237.994576,1485874.000,44726,1,T1,1,100,34.056
1738265238.127581,1486007.000,44744,1,T1,1,100,34.166
1738265238.260587,1486140.000,44760,1,T1,1,100,34.178
1738265238.394592,1486274.000,44793,1,T1,1,100,34.113
1738265238.527597,1486407.000,44812,1,T1,1,100,34.120
1738265238.660602,1486540.000,44828,1,T1,1,100,34.052
1738265238.794608,1486674.000,44845,1,T1,1,100,34.129
1738265238.927613,1486807.000,44878,1,T1,1,100,34.020
1738265239.060618,1486940.000,44894,1,T1,1,100,34.009
1738265239.194624,1487074.000,44912,1,T1,1,100,34.039
1738265239.327629,1487207.000,44944,1,T1,1,100,34.052
1738265239.460634,1487340.000,44961,1,T1,1,100,34.023
1738265239.594640,1487474.000,44978,1,T1,1,100,34.081
1738265239.727645,1487607.000,45011,1,T1,1,100,34.106
1738265239.860650,1487740.000,45027,1,T1,1,100,34.046
1738265239.994656,1487874.000,45044,1,T1,1,100,34.197
1738265240.127661,1488007.000,45082,2,T1,1,100,34.121
1738265240.260666,1488140.000,45082,2,T1,1,100,34.017
1738265240.394672,1488274.000,45115,1,T1,1,100,34.114
1738265240.527677,1488407.000,45133,1,T1,1,100,34.085
1738265240.660682,1488540.000,45150,1,T1,1,100,34.143
1738265240.793688,1488673.000,45183,1,T1,1,100,34.097
1738265240.927693,1488807.000,45199,1,T1,1,100,34.148
1738265241.060698,1488940.000,45216,1,T1,1,100,34.100
1738265241.194704,1489074.000,45249,1,T1,1,100,34.008
1738265241.327709,1489207.000,45265,1,T1,1,100,34.003
1738265241.460714,1489340.000,45283,1,T1,1,100,34.037
1738265241.593719,1489473.000,45299,1,T1,1,100,34.016
1738265241.727725,1489607.000,45331,1,T1,1,100,34.078
1738265241.860730,1489740.000,45349,1,T1,1,100,34.034
1738265241.993736,1489873.000,45365,1,T1,1,100,33.979
1738265242.127741,1490007.000,45400,1,T1,1,100,34.062
1738265242.260746,1490140.000,45417,1,T1,1,100,33.991
1738265242.393751,1490273.000,45433,1,T1,1,100,34.103
1738265242.527757,1490407.000,45468,1,T1,1,100,34.080
1738265242.660762,1490540.000,45485,1,T1,1,100,34.035
1738265242.793767,1490673.000,45502,1,T1,1,100,34.050
1738265242.927773,1490807.000,45534,1,T1,1,100,34.093
1738265243.060778,1490940.000,45552,1,T1,1,100,34.111
1738265243.193784,1491073.000,45568,1,T1,1,100,34.048
1738265243.327789,1491207.000,45585,1,T1,1,100,34.092
1738265243.460794,1491340.000,45618,1,T1,1,100,34.040
1738265243.593799,1491473.000,45634,1,T1,1,100,34.053
1738265243.727805,1491607.000,45651,1,T1,1,100,34.094
1738265243.860810,1491740.000,45684,1,T1,1,100,34.076
1738265243.993815,1491873.000,45700,1,T1,1,100,33.997
1738265244.126821,1492006.000,45718,1,T1,1,100,34.105
1738265244.260826,1492140.000,45750,1,T1,1,100,34.081
1738265244.393831,1492273.000,45766,1,T1,1,100,34.106
1738265244.526837,1492406.000,45784,1,T1,1,100,34.117
1738265244.660842,1492540.000,45800,1,T1,1,100,34.086
1738265244.793847,1492673.000,45835,1,T1,1,100,34.108
1738265244.926853,1492806.000,45852,1,T1,1,100,34.047
1738265245.060858,1492940.000,45868,1,T1,1,100,34.162
1738265245.193863,1493073.000,45901,1,T1,1,100,34.106
1738265245.326869,1493206.000,45923,1,T1,1,100,34.117
1738265245.460874,1493340.000,45940,1,T1,1,100,34.157
1738265245.593879,1493473.000,45957,1,T1,1,100,34.068
1738265245.726885,1493606.000,45990,1,T1,1,100,34.100
1738265245.860890,1493740.000,46006,1,T1,1,100,34.079
1738265245.993895,1493873.000,46023,1,T1,1,100,34.070
1738265246.126900,1494006.000,46056,1,T1,1,100,34.066
1738265246.260906,1494140.000,46072,1,T1,1,100,34.064
1738265246.393911,1494273.000,46089,1,T1,1,100,34.028
1738265246.526917,1494406.000,46106,1,T1,1,100,34.012
1738265246.660922,1494540.000,46140,1,T1,1,100,34.005
1738265246.793927,1494673.000,46158,1,T1,1,100,34.038
1738265246.926932,1494806.000,46174,1,T1,1,100,33.945
1738265247.060938,1494940.000,46209,1,T1,1,100,34.047
1738265247.193943,1495073.000,46228,1,T1,1,100,34.056
1738265247.326948,1495206.000,46244,1,T1,1,100,34.131
1738265247.459954,1495339.000,46277,1,T1,1,100,34.056
1738265247.593959,1495473.000,46294,1,T1,1,100,33.954
1738265247.726964,1495606.000,46310,1,T1,1,100,34.015
1738265247.859970,1495739.000,46343,1,T1,1,100,34.042
1738265247.993975,1495873.000,46360,1,T1,1,100,34.054
1738265248.126980,1496006.000,46377,1,T1,1,100,34.094
1738265248.259986,1496139.000,46409,1,T1,1,100,34.076
1738265248.393991,1496273.000,46426,1,T1,1,100,34.104
1738265248.526996,1496406.000,46443,1,T1,1,100,34.080
1738265248.660002,1496539.000,46460,1,T1,1,100,34.141
1738265248.794007,1496673.000,46493,1,T1,1,100,34.026
1738265248.927012,1496806.000,46509,1,T1,1,100,33.976
1738265249.060018,1496939.000,46526,1,T1,1,100,33.989
1738265249.194023,1497073.000,46559,1,T1,1,100,33.995
1738265249.327028,1497206.000,46575,1,T1,1,100,34.069
1738265249.460034,1497339.000,46593,1,T1,1,100,34.136
1738265249.594039,1497473.000,46627,1,T1,1,100,34.165
1738265249.727044,1497606.000,46643,1,T1,1,100,34.178
1738265249.860049,1497739.000,46661,1,T1,1,100,34.112
1738265249.994055,1497873.000,46693,1,T1,1,100,34.084
1738265250.127060,1498006.000,46710,1,T1,1,100,34.001
1738265250.260066,1498139.000,46727,1,T1,1,100,34.036
1738265250.393571,1498272.500,46765,2,T1,1,100,34.086
1738265250.527076,1498406.000,46765,2,T1,1,100,34.002
1738265250.660081,1498539.000,46797,1,T1,1,100,33.965
1738265250.794087,1498673.000,46814,1,T1,1,100,33.985
1738265250.927092,1498806.000,46833,1,T1,1,100,34.135
1738265251.060097,1498939.000,46866,1,T1,1,100,34.023
1738265251.193103,1499072.000,46882,1,T1,1,100,34.116
1738265251.327108,1499206.000,46899,1,T1,1,100,34.050
1738265251.460113,1499339.000,46915,1,T1,1,100,33.986
1738265251.593119,1499472.000,46948,1,T1,1,100,34.030
1738265251.727124,1499606.000,46965,1,T1,1,100,34.013
1738265251.860129,1499739.000,46982,1,T1,1,100,34.041
1738265251.993135,1499872.000,47014,1,T1,1,100,34.053
1738265252.127140,1500006.000,47032,1,T1,1,100,33.988
1738265252.260145,1500139.000,47050,1,T1,1,100,33.924
1738265252.393151,1500272.000,47083,1,T1,1,100,34.002
1738265252.527156,1500406.000,47100,1,T1,1,100,33.966
1738265252.660161,1500539.000,47116,1,T1,1,100,34.056
1738265252.793167,1500672.000,47149,1,T1,1,100,34.060
1738265252.927172,1500806.000,47166,1,T1,1,100,34.061
1738265253.060177,1500939.000,47182,1,T1,1,100,33.991
1738265253.193182,1501072.000,47215,1,T1,1,100,33.996
1738265253.327188,1501206.000,47232,1,T1,1,100,34.105
1738265253.460193,1501339.000,47249,1,T1,1,100,34.116
1738265253.593199,1501472.000,47266,1,T1,1,100,34.050
1738265253.727204,1501606.000,47300,1,T1,1,100,33.951
1738265253.860209,1501739.000,47317,1,T1,1,100,33.979
1738265253.993215,1501872.000,47334,1,T1,1,100,34.062
1738265254.127220,1502006.000,47367,1,T1,1,100,34.133
1738265254.260225,1502139.000,47383,1,T1,1,100,34.022
1738265254.393230,1502272.000,47402,1,T1,1,100,34.010
1738265254.526236,1502405.000,47435,1,T1,1,100,34.040
1738265254.660241,1502539.000,47451,1,T1,1,100,33.982
1738265254.793247,1502672.000,47469,1,T1,1,100,34.028
1738265254.926252,1502805.000,47501,1,T1,1,100,34.083
1738265255.060257,1502939.000,47517,1,T1,1,100,34.107
1738265255.193262,1503072.000,47535,1,T1,1,100,34.117
1738265255.326268,1503205.000,47567,1,T1,1,100,34.086
1738265255.460273,1503339.000,47584,1,T1,1,100,34.002
1738265255.593278,1503472.000,47606,1,T1,1,100,34.036
1738265255.726284,1503605.000,47622,1,T1,1,100,34.051
1738265255.860289,1503739.000,47642,1,T1,1,100,34.022
1738265255.993294,1503872.000,47674,1,T1,1,100,34.080
1738265256.126300,1504005.000,47691,1,T1,1,100,34.106
1738265256.260305,1504139.000,47710,1,T1,1,100,34.081
1738265256.393310,1504272.000,47743,1,T1,1,100,34.106
1738265256.526316,1504405.000,47759,1,T1,1,100,34.046
1738265256.660321,1504539.000,47776,1,T1,1,100,34.020
1738265256.793326,1504672.000,47809,1,T1,1,100,34.080
1738265256.926332,1504805.000,47825,1,T1,1,100,34.105
1738265257.060337,1504939.000,47842,1,T1,1,100,34.046
1738265257.193342,1505072.000,47861,1,T1,1,100,34.162
1738265257.326348,1505205.000,47895,1,T1,1,100,34.034
1738265257.459353,1505338.000,47913,1,T1,1,100,34.015
1738265257.593358,1505472.000,47929,1,T1,1,100,34.006
1738265257.726363,1505605.000,47962,1,T1,1,100,34.109
1738265257.859369,1505738.000,47979,1,T1,1,100,34.189
1738265257.993374,1505872.000,47995,1,T1,1,100,34.082
1738265258.126379,1506005.000,48028,1,T1,1,100,34.177
1738265258.259385,1506138.000,48045,1,T1,1,100,34.183
1738265258.393390,1506272.000,48063,1,T1,1,100,34.044
1738265258.526396,1506405.000,48096,1,T1,1,100,34.054
1738265258.660401,1506539.000,48113,1,T1,1,100,34.059
1738265258.793406,1506672.000,48130,1,T1,1,100,34.132
1738265258.926411,1506805.000,48162,1,T1,1,100,34.093
1738265259.059417,1506938.000,48179,1,T1,1,100,33.969
1738265259.193422,1507072.000,48196,1,T1,1,100,33.987
1738265259.326427,1507205.000,48213,1,T1,1,100,34.065
1738265259.459433,1507338.000,48246,1,T1,1,100,34.099
1738265259.593438,1507472.000,48262,1,T1,1,100,34.043
1738265259.726443,1507605.000,48279,1,T1,1,100,34.019
1738265259.859449,1507738.000,48312,1,T1,1,100,34.150
1738265259.993454,1507872.000,48328,1,T1,1,100,34.100
1738265260.126459,1508005.000,48346,1,T1,1,100,34.079
1738265260.259465,1508138.000,48378,1,T1,1,100,34.070
1738265260.393470,1508272.000,48394,1,T1,1,100,34.030
1738265260.526475,1508405.000,48412,1,T1,1,100,34.119
1738265260.659981,1508538.500,48449,2,T1,1,100,34.087
1738265260.793486,1508672.000,48449,2,T1,1,100,34.144
1738265260.926491,1508805.000,48482,1,T1,1,100,34.098
1738265261.059497,1508938.000,48498,1,T1,1,100,34.078
1738265261.192502,1509071.000,48516,1,T1,1,100,34.140
1738265261.326507,1509205.000,48548,1,T1,1,100,34.061
1738265261.459512,1509338.000,48565,1,T1,1,100,34.062
1738265261.592518,1509471.000,48582,1,T1,1,100,34.062
1738265261.726523,1509605.000,48615,1,T1,1,100,34.098
1738265261.859529,1509738.000,48631,1,T1,1,100,34.078
1738265261.992534,1509871.000,48648,1,T1,1,100,34.034
1738265262.126539,1510005.000,48683,1,T1,1,100,33.979
1738265262.259545,1510138.000,48699,1,T1,1,100,33.991
1738265262.392550,1510271.000,48718,1,T1,1,100,34.067
1738265262.526555,1510405.000,48751,1,T1,1,100,34.029
1738265262.659560,1510538.000,48767,1,T1,1,100,34.048
1738265262.792566,1510671.000,48785,1,T1,1,100,34.056
1738265262.926571,1510805.000,48801,1,T1,1,100,34.131
1738265263.059577,1510938.000,48835,1,T1,1,100,34.198
1738265263.192582,1511071.000,48853,1,T1,1,100,34.157
1738265263.326587,1511205.000,48869,1,T1,1,100,34.139
1738265263.459592,1511338.000,48902,1,T1,1,100,34.131
1738265263.592598,1511471.000,48919,1,T1,1,100,34.163
1738265263.726603,1511605.000,48935,1,T1,1,100,34.177
1738265263.859608,1511738.000,48968,1,T1,1,100,34.112
1738265263.992614,1511871.000,48985,1,T1,1,100,34.084
1738265264.125619,1512004.000,49002,1,T1,1,100,34.072
1738265264.259624,1512138.000,49034,1,T1,1,100,34.102
1738265264.392630,1512271.000,49051,1,T1,1,100,34.044
1738265264.525635,1512404.000,49068,1,T1,1,100,34.019
1738265264.659640,1512538.000,49100,1,T1,1,100,34.115
1738265264.792646,1512671.000,49118,1,T1,1,100,34.050
1738265264.925651,1512804.000,49134,1,T1,1,100,34.057
1738265265.059656,1512938.000,49167,1,T1,1,100,33.989
1738265265.192662,1513071.000,49184,1,T1,1,100,34.137
1738265265.325667,1513204.000,49200,1,T1,1,100,34.130
1738265265.459672,1513338.000,49217,1,T1,1,100,34.163
1738265265.592678,1513471.000,49252,1,T1,1,100,34.212
1738265265.725683,1513604.000,49268,1,T1,1,100,34.198
1738265265.859688,1513738.000,49291,1,T1,1,100,34.192
1738265265.992693,1513871.000,49307,1,T1,1,100,34.154
1738265266.125699,1514004.000,49340,1,T1,1,100,34.102
1738265266.259704,1514138.000,49357,1,T1,1,100,34.115
1738265266.392709,1514271.000,49375,1,T1,1,100,34.085
1738265266.525715,1514404.000,49408,1,T1,1,100,34.143
1738265266.659720,1514538.000,49425,1,T1,1,100,34.204
1738265266.792726,1514671.000,49442,1,T1,1,100,34.053
1738265266.925731,1514804.000,49459,1,T1,1,100,33.987
1738265267.059736,1514938.000,49492,1,T1,1,100,33.995
1738265267.192741,1515071.000,49510,1,T1,1,100,34.069
1738265267.325747,1515204.000,49527,1,T1,1,100,34.171
1738265267.459752,1515338.000,49560,1,T1,1,100,34.181
1738265267.592757,1515471.000,49576,1,T1,1,100,34.149
1738265267.725763,1515604.000,49593,1,T1,1,100,34.206
1738265267.859768,1515738.000,49626,1,T1,1,100,34.160
1738265267.992773,1515871.000,49642,1,T1,1,100,34.034
1738265268.125779,1516004.000,49660,1,T1,1,100,34.015
1738265268.258784,1516137.000,49692,1,T1,1,100,34.077
1738265268.392789,1516271.000,49708,1,T1,1,100,34.069
1738265268.525795,1516404.000,49726,1,T1,1,100,34.065
1738265268.658800,1516537.000,49758,1,T1,1,100,34.028
1738265268.792805,1516671.000,49775,1,T1,1,100,34.012
1738265268.925811,1516804.000,49792,1,T1,1,100,34.005
1738265269.058816,1516937.000,49825,1,T1,1,100,34.109
1738265269.192821,1517071.000,49841,1,T1,1,100,34.153
1738265269.325827,1517204.000,49858,1,T1,1,100,34.102
1738265269.458832,1517337.000,49874,1,T1,1,100,34.080
1738265269.592837,1517471.000,49907,1,T1,1,100,34.141
1738265269.725842,1517604.000,49924,1,T1,1,100,34.167
1738265269.858848,1517737.000,49941,1,T1,1,100,34.143
1738265269.992853,1517871.000,49975,1,T1,1,100,34.168
1738265270.125859,1518004.000,49993,1,T1,1,100,34.179
1738265270.258864,1518137.000,50009,1,T1,1,100,34.184
1738265270.391869,1518270.000,50042,1,T1,1,100,34.009
1738265270.525874,1518404.000,50059,1,T1,1,100,34.004
1738265270.658880,1518537.000,50075,1,T1,1,100,34.002
1738265270.791885,1518670.000,50108,1,T1,1,100,34.072
1738265270.925890,1518804.000,50130,1,T1,1,100,34.066
1738265271.058896,1518937.000,50147,1,T1,1,100,34.064
1738265271.191901,1519070.000,50164,1,T1,1,100,34.028
1738265271.325907,1519204.000,50180,1,T1,1,100,34.118
1738265271.458912,1519337.000,50213,1,T1,1,100,34.087
1738265271.591917,1519470.000,50230,1,T1,1,100,34.038
1738265271.725922,1519604.000,50246,1,T1,1,100,34.052
1738265271.858928,1519737.000,50279,1,T1,1,100,34.164
1738265271.991933,1519870.000,50296,1,T1,1,100,34.248
1738265272.125938,1520004.000,50313,1,T1,1,100,34.249
1738265272.258944,1520137.000,50347,1,T1,1,100,34.214
1738265272.391949,1520270.000,50364,1,T1,1,100,34.235
1738265272.525954,1520404.000,50381,1,T1,1,100,34.137
1738265272.658960,1520537.000,50398,1,T1,1,100,34.237
1738265272.791965,1520670.000,50431,1,T1,1,100,34.173
1738265272.925970,1520804.000,50447,1,T1,1,100,34.181
1738265273.058976,1520937.000,50464,1,T1,1,100,34.220
1738265273.191981,1521070.000,50497,1,T1,1,100,34.237
1738265273.325986,1521204.000,50515,1,T1,1,100,34.209
1738265273.458992,1521337.000,50533,1,T1,1,100,34.161
1738265273.591997,1521470.000,50565,1,T1,1,100,34.176
1738265273.726002,1521604.000,50581,1,T1,1,100,34.041
1738265273.859008,1521737.000,50599,1,T1,1,100,34.089
1738265273.992013,1521870.000,50631,1,T1,1,100,34.109
1738265274.125018,1522003.000,50648,1,T1,1,100,34.047
1738265274.259023,1522137.000,50665,1,T1,1,100,34.056
1738265274.392029,1522270.000,50698,1,T1,1,100,34.060
1738265274.525034,1522403.000,50714,1,T1,1,100,34.168
1738265274.659039,1522537.000,50731,1,T1,1,100,34.108
1738265274.792045,1522670.000,50748,1,T1,1,100,34.189
1738265274.925050,1522803.000,50780,1,T1,1,100,34.011
1738265275.059055,1522937.000,50797,1,T1,1,100,34.040
1738265275.192061,1523070.000,50814,1,T1,1,100,34.017
1738265275.325066,1523203.000,50846,1,T1,1,100,34.008
1738265275.459071,1523337.000,50864,1,T1,1,100,34.039
1738265275.592077,1523470.000,50880,1,T1,1,100,34.052
1738265275.725082,1523603.000,50913,1,T1,1,100,34.058
1738265275.859087,1523737.000,50930,1,T1,1,100,34.061
1738265275.992093,1523870.000,50946,1,T1,1,100,34.133
1738265276.125098,1524003.000,50969,1,T1,1,100,34.128
1738265276.259103,1524137.000,50985,1,T1,1,100,34.056
1738265276.392109,1524270.000,51018,1,T1,1,100,34.059
1738265276.525114,1524403.000,51037,1,T1,1,100,34.026
1738265276.659119,1524537.000,51053,1,T1,1,100,34.047
1738265276.792125,1524670.000,51086,1,T1,1,100,34.020
1738265276.925130,1524803.000,51103,1,T1,1,100,34.115
1738265277.059135,1524937.000,51119,1,T1,1,100,34.121
1738265277.192141,1525070.000,51154,1,T1,1,100,34.123
1738265277.325146,1525203.000,51171,1,T1,1,100,34.018
1738265277.459151,1525337.000,51188,1,T1,1,100,34.114
1738265277.592157,1525470.000,51220,1,T1,1,100,34.156
1738265277.725162,1525603.000,51237,1,T1,1,100,34.174
1738265277.858167,1525736.000,51256,1,T1,1,100,34.146
1738265277.992172,1525870.000,51288,1,T1,1,100,34.028
1738265278.125178,1526003.000,51306,1,T1,1,100,34.083
1738265278.258183,1526136.000,51322,1,T1,1,100,34.107
1738265278.392189,1526270.000,51339,1,T1,1,100,34.117
1738265278.525194,1526403.000,51374,1,T1,1,100,34.157
1738265278.658199,1526536.000,51390,1,T1,1,100,33.997
1738265278.792204,1526670.000,51408,1,T1,1,100,34.070
1738265278.925210,1526803.000,51440,1,T1,1,100,34.101
1738265279.058215,1526936.000,51456,1,T1,1,100,34.150
1738265279.192220,1527070.000,51474,1,T1,1,100,34.171
1738265279.325226,1527203.000,51506,1,T1,1,100,34.216
1738265279.458231,1527336.000,51523,1,T1,1,100,34.093
1738265279.592237,1527470.000,51540,1,T1,1,100,34.076
1738265279.725242,1527603.000,51575,1,T1,1,100,34.139
1738265279.858247,1527736.000,51591,1,T1,1,100,34.096
1738265279.992252,1527870.000,51608,1,T1,1,100,34.148
1738265280.125258,1528003.000,51641,1,T1,1,100,34.099
1738265280.258263,1528136.000,51659,1,T1,1,100,34.114
1738265280.392268,1528270.000,51676,1,T1,1,100,34.014
1738265280.525274,1528403.000,51693,1,T1,1,100,34.112
1738265280.658279,1528536.000,51725,1,T1,1,100,34.049
1738265280.792284,1528670.000,51743,1,T1,1,100,34.056
1738265280.925290,1528803.000,51759,1,T1,1,100,34.166
1738265281.058295,1528936.000,51792,1,T1,1,100,34.143
1738265281.191300,1529069.000,51814,1,T1,1,100,34.062
1738265281.325306,1529203.000,51830,1,T1,1,100,34.027
1738265281.458311,1529336.000,51848,1,T1,1,100,33.905
1738265281.591316,1529469.000,51882,1,T1,1,100,33.994
1738265281.725322,1529603.000,51899,1,T1,1,100,34.104
1738265281.858327,1529736.000,51916,1,T1,1,100,34.080
1738265281.991332,1529869.000,51932,1,T1,1,100,34.070
1738265282.125338,1530003.000,51967,1,T1,1,100,34.066
1738265282.258343,1530136.000,51984,1,T1,1,100,34.028
1738265282.391348,1530269.000,52000,1,T1,1,100,34.225
1738265282.525353,1530403.000,52033,1,T1,1,100,34.133
1738265282.658359,1530536.000,52050,1,T1,1,100,34.022
1738265282.791364,1530669.000,52067,1,T1,1,100,34.116
1738265282.925370,1530803.000,52099,1,T1,1,100,34.086
1738265283.058375,1530936.000,52116,1,T1,1,100,34.037
1738265283.191380,1531069.000,52133,1,T1,1,100,34.051
1738265283.325385,1531203.000,52165,1,T1,1,100,34.129
1738265283.458391,1531336.000,52183,1,T1,1,100,34.091
1738265283.591396,1531469.000,52199,1,T1,1,100,34.110
1738265283.725401,1531603.000,52216,1,T1,1,100,34.119
1738265283.858407,1531736.000,52249,1,T1,1,100,34.087
1738265283.991412,1531869.000,52265,1,T1,1,100,34.038
1738265284.124417,1532002.000,52283,1,T1,1,100,34.087
1738265284.258423,1532136.000,52315,1,T1,1,100,34.073
1738265284.391428,1532269.000,52331,1,T1,1,100,33.996
1738265284.524433,1532402.000,52349,1,T1,1,100,34.069
1738265284.658439,1532536.000,52381,1,T1,1,100,34.136
1738265284.791444,1532669.000,52398,1,T1,1,100,34.130
1738265284.924449,1532802.000,52415,1,T1,1,100,34.198
1738265285.058455,1532936.000,52448,1,T1,1,100,34.157
1738265285.191460,1533069.000,52464,1,T1,1,100,34.174
1738265285.324465,1533202.000,52481,1,T1,1,100,34.146
1738265285.458471,1533336.000,52497,1,T1,1,100,34.134
1738265285.591476,1533469.000,52530,1,T1,1,100,34.023
1738265285.724481,1533602.000,52547,1,T1,1,100,34.081
1738265285.858487,1533736.000,52564,1,T1,1,100,34.141
1738265285.991492,1533869.000,52596,1,T1,1,100,34.132
1738265286.124497,1534002.000,52614,1,T1,1,100,34.093
1738265286.258502,1534136.000,52630,1,T1,1,100,34.111
1738265286.391508,1534269.000,52652,1,T1,1,100,34.083
1738265286.524513,1534402.000,52687,1,T1,1,100,34.213
1738265286.658519,1534536.000,52703,1,T1,1,100,34.163
1738265286.791524,1534669.000,52721,1,T1,1,100,34.000
1738265286.924529,1534802.000,52737,1,T1,1,100,34.071
1738265287.058534,1534936.000,52772,1,T1,1,100,34.172
1738265287.191540,1535069.000,52791,1,T1,1,100,34.146
1738265287.324545,1535202.000,52807,1,T1,1,100,34.098
1738265287.458550,1535336.000,52840,1,T1,1,100,34.078
1738265287.591556,1535469.000,52857,1,T1,1,100,34.176
1738265287.724561,1535602.000,52873,1,T1,1,100,34.218
1738265287.857566,1535735.000,52908,1,T1,1,100,34.236
1738265287.991572,1535869.000,52925,1,T1,1,100,34.209
1738265288.124577,1536002.000,52944,1,T1,1,100,34.161
1738265288.257582,1536135.000,52976,1,T1,1,100,34.176
1738265288.391588,1536269.000,52993,1,T1,1,100,34.112
1738265288.524593,1536402.000,53010,1,T1,1,100,34.084
1738265288.657598,1536535.000,53044,1,T1,1,100,34.072
1738265288.791604,1536669.000,53062,1,T1,1,100,34.066
1738265288.924609,1536802.000,53078,1,T1,1,100,33.993
1738265289.057614,1536935.000,53095,1,T1,1,100,34.103
1738265289.191620,1537069.000,53128,1,T1,1,100,34.151
1738265289.324625,1537202.000,53144,1,T1,1,100,34.065
1738265289.457630,1537335.000,53162,1,T1,1,100,34.099
1738265289.591635,1537469.000,53196,1,T1,1,100,34.114
1738265289.724641,1537602.000,53212,1,T1,1,100,34.120
1738265289.857646,1537735.000,53230,1,T1,1,100,34.123
1738265289.991652,1537869.000,53262,1,T1,1,100,34.195
1738265290.124657,1538002.000,53279,1,T1,1,100,34.049
1738265290.257662,1538135.000,53296,1,T1,1,100,34.128
1738265290.390667,1538268.000,53329,1,T1,1,100,34.162
1738265290.524673,1538402.000,53345,1,T1,1,100,34.105
1738265290.657678,1538535.000,53364,1,T1,1,100,34.046
1738265290.790684,1538668.000,53397,1,T1,1,100,34.162
1738265290.924689,1538802.000,53413,1,T1,1,100,34.105
1738265291.057694,1538935.000,53430,1,T1,1,100,34.117
1738265291.190699,1539068.000,53463,1,T1,1,100,34.050
1738265291.324705,1539202.000,53481,1,T1,1,100,34.128
1738265291.457710,1539335.000,53504,1,T1,1,100,34.126
1738265291.590715,1539468.000,53520,1,T1,1,100,34.126
1738265291.724721,1539602.000,53537,1,T1,1,100,34.090
1738265291.857726,1539735.000,53570,1,T1,1,100,34.039
1738265291.990731,1539868.000,53586,1,T1,1,100,34.017
1738265292.124737,1540002.000,53606,1,T1,1,100,34.043
1738265292.257742,1540135.000,53640,1,T1,1,100,34.018
1738265292.390747,1540268.000,53656,1,T1,1,100,34.114
1738265292.524753,1540402.000,53674,1,T1,1,100,34.120
1738265292.657758,1540535.000,53690,1,T1,1,100,34.088
1738265292.790763,1540668.000,53723,1,T1,1,100,34.144
1738265292.924769,1540802.000,53740,1,T1,1,100,34.098
1738265293.057774,1540935.000,53756,1,T1,1,100,34.113
1738265293.190779,1541068.000,53789,1,T1,1,100,34.155
1738265293.324785,1541202.000,53806,1,T1,1,100,34.103
1738265293.457790,1541335.000,53823,1,T1,1,100,34.044
1738265293.590795,1541468.000,53855,1,T1,1,100,34.055
1738265293.724801,1541602.000,53872,1,T1,1,100,34.059
1738265293.857806,1541735.000,53889,1,T1,1,100,34.167
1738265293.990811,1541868.000,53921,1,T1,1,100,34.143
1738265294.123816,1542001.000,53939,1,T1,1,100,34.133
1738265294.257822,1542135.000,53955,1,T1,1,100,34.093
1738265294.390827,1542268.000,53988,1,T1,1,100,34.076
1738265294.523833,1542401.000,54005,1,T1,1,100,34.210
1738265294.657838,1542535.000,54021,1,T1,1,100,34.126
1738265294.790843,1542668.000,54039,1,T1,1,100,34.161
1738265294.923848,1542801.000,54071,1,T1,1,100,34.070
1738265295.057854,1542935.000,54087,1,T1,1,100,34.101
1738265295.190859,1543068.000,54105,1,T1,1,100,34.079
1738265295.323864,1543201.000,54137,1,T1,1,100,34.141
1738265295.457870,1543335.000,54154,1,T1,1,100,34.025
1738265295.590875,1543468.000,54171,1,T1,1,100,34.117
1738265295.723880,1543601.000,54204,1,T1,1,100,34.157
1738265295.857886,1543735.000,54220,1,T1,1,100,34.174
1738265295.990891,1543868.000,54237,1,T1,1,100,34.182
1738265296.123896,1544001.000,54270,1,T1,1,100,34.150
1738265296.257902,1544135.000,54286,1,T1,1,100,34.207
1738265296.390907,1544268.000,54303,1,T1,1,100,34.196
1738265296.524412,1544401.500,54341,2,T1,1,100,34.227
1738265296.657918,1544535.000,54341,2,T1,1,100,34.275
1738265296.790923,1544668.000,54374,1,T1,1,100,34.119
1738265296.923928,1544801.000,54390,1,T1,1,100,34.193
1738265297.057934,1544935.000,54407,1,T1,1,100,34.225
1738265297.190939,1545068.000,54442,1,T1,1,100,34.133
1738265297.323944,1545201.000,54458,1,T1,1,100,34.164
1738265297.456949,1545334.000,54476,1,T1,1,100,34.248
1738265297.590955,1545468.000,54508,1,T1,1,100,34.214
1738265297.723960,1545601.000,54524,1,T1,1,100,34.234
1738265297.856966,1545734.000,54542,1,T1,1,100,34.243
1738265297.990971,1545868.000,54574,1,T1,1,100,34.283
1738265298.123976,1546001.000,54591,1,T1,1,100,34.264
1738265298.256981,1546134.000,54608,1,T1,1,100,34.256
1738265298.390987,1546268.000,54624,1,T1,1,100,34.182
1738265298.523992,1546401.000,54657,1,T1,1,100,34.079
1738265298.656997,1546534.000,54674,1,T1,1,100,34.247
1738265298.791003,1546668.000,54691,1,T1,1,100,34.355
1738265298.924008,1546801.000,54723,1,T1,1,100,34.225
1738265299.057014,1546934.000,54740,1,T1,1,100,34.239
1738265299.191019,1547068.000,54757,1,T1,1,100,34.139
1738265299.324024,1547201.000,54789,1,T1,1,100,34.131
1738265299.457029,1547334.000,54807,1,T1,1,100,34.057
1738265299.591035,1547468.000,54823,1,T1,1,100,34.166
1738265299.724040,1547601.000,54856,1,T1,1,100,34.214
1738265299.857045,1547734.000,54873,1,T1,1,100,34.234
1738265299.991051,1547868.000,54889,1,T1,1,100,34.172
1738265300.124056,1548001.000,54906,1,T1,1,100,34.216
1738265300.257061,1548134.000,54939,1,T1,1,100,34.235
1738265300.391067,1548268.000,54955,1,T1,1,100,34.244
1738265300.524072,1548401.000,54973,1,T1,1,100,34.247
1738265300.657077,1548534.000,55005,1,T1,1,100,34.249
1738265300.790083,1548667.000,55022,1,T1,1,100,34.249
1738265300.924088,1548801.000,55041,1,T1,1,100,34.250
1738265301.057093,1548934.000,55074,1,T1,1,100,34.214
1738265301.190099,1549067.000,55090,1,T1,1,100,34.306
1738265301.324104,1549201.000,55107,1,T1,1,100,34.309
1738265301.457109,1549334.000,55140,1,T1,1,100,34.134
1738265301.590115,1549467.000,55156,1,T1,1,100,34.129
1738265301.724120,1549601.000,55178,1,T1,1,100,34.268
1738265301.857125,1549734.000,55195,1,T1,1,100,34.258
1738265301.990130,1549867.000,55212,1,T1,1,100,34.289
1738265302.124136,1550001.000,55245,1,T1,1,100,34.231
1738265302.257141,1550134.000,55263,1,T1,1,100,34.313
1738265302.390146,1550267.000,55280,1,T1,1,100,34.242
1738265302.524152,1550401.000,55313,1,T1,1,100,34.140
1738265302.657157,1550534.000,55329,1,T1,1,100,34.132
1738265302.790163,1550667.000,55347,1,T1,1,100,34.128
1738265302.924168,1550801.000,55379,1,T1,1,100,34.197
1738265303.057173,1550934.000,55395,1,T1,1,100,34.263
1738265303.190178,1551067.000,55413,1,T1,1,100,34.185
1738265303.324184,1551201.000,55445,1,T1,1,100,34.186
1738265303.457189,1551334.000,55462,1,T1,1,100,34.116
1738265303.590194,1551467.000,55479,1,T1,1,100,34.192
1738265303.724200,1551601.000,55512,1,T1,1,100,34.189
1738265303.857205,1551734.000,55528,1,T1,1,100,34.224
1738265303.990210,1551867.000,55545,1,T1,1,100,34.097
1738265304.123216,1552000.000,55561,1,T1,1,100,34.113
1738265304.257221,1552134.000,55596,1,T1,1,100,34.084
1738265304.390226,1552267.000,55613,1,T1,1,100,34.072
1738265304.523232,1552400.000,55630,1,T1,1,100,34.137
1738265304.657237,1552534.000,55662,1,T1,1,100,34.130
1738265304.790242,1552667.000,55680,1,T1,1,100,34.269
1738265304.923248,1552800.000,55696,1,T1,1,100,34.258
1738265305.057253,1552934.000,55729,1,T1,1,100,34.254
1738265305.190258,1553067.000,55746,1,T1,1,100,34.145
1738265305.323264,1553200.000,55762,1,T1,1,100,34.134
1738265305.457269,1553334.000,55795,1,T1,1,100,34.200
1738265305.590274,1553467.000,55812,1,T1,1,100,34.193
1738265305.723279,1553600.000,55828,1,T1,1,100,34.190
1738265305.857285,1553734.000,55861,1,T1,1,100,34.188
1738265305.990290,1553867.000,55878,1,T1,1,100,34.223
1738265306.123296,1554000.000,55895,1,T1,1,100,34.203
1738265306.257301,1554134.000,55927,1,T1,1,100,34.194
1738265306.390306,1554267.000,55944,1,T1,1,100,34.190
1738265306.523311,1554400.000,55961,1,T1,1,100,34.189
1738265306.657317,1554534.000,55978,1,T1,1,100,34.330
1738265306.790322,1554667.000,56016,1,T1,1,100,34.249
1738265306.923327,1554800.000,56032,1,T1,1,100,34.250
1738265307.057333,1554934.000,56049,1,T1,1,100,34.214
1738265307.190338,1555067.000,56068,1,T1,1,100,34.235
1738265307.323344,1555200.000,56100,1,T1,1,100,34.208
1738265307.457349,1555334.000,56118,1,T1,1,100,34.232
1738265307.590354,1555467.000,56134,1,T1,1,100,34.278
1738265307.723359,1555600.000,56167,1,T1,1,100,34.191
1738265307.856365,1555733.000,56184,1,T1,1,100,34.154
1738265307.990370,1555867.000,56200,1,T1,1,100,34.208
1738265308.123375,1556000.000,56217,1,T1,1,100,34.090
1738265308.256381,1556133.000,56250,1,T1,1,100,34.074
1738265308.390386,1556267.000,56266,1,T1,1,100,34.209
1738265308.523391,1556400.000,56284,1,T1,1,100,34.232
1738265308.656397,1556533.000,56316,1,T1,1,100,34.278
1738265308.790402,1556667.000,56333,1,T1,1,100,34.227
1738265308.923407,1556800.000,56350,1,T1,1,100,34.346
1738265309.056413,1556933.000,56385,1,T1,1,100,34.256
1738265309.190418,1557067.000,56401,1,T1,1,100,34.111
1738265309.323423,1557200.000,56418,1,T1,1,100,34.119
1738265309.456429,1557333.000,56451,1,T1,1,100,34.193
1738265309.590434,1557467.000,56467,1,T1,1,100,34.119
1738265309.723439,1557600.000,56484,1,T1,1,100,34.158
1738265309.856445,1557733.000,56517,1,T1,1,100,34.139
1738265309.990450,1557867.000,56533,1,T1,1,100,34.202
1738265310.123455,1558000.000,56551,1,T1,1,100,34.123
1738265310.256460,1558133.000,56567,1,T1,1,100,34.124
1738265310.390466,1558267.000,56599,1,T1,1,100,34.054
1738265310.523471,1558400.000,56617,1,T1,1,100,34.130
1738265310.656476,1558533.000,56633,1,T1,1,100,34.092
1738265310.789482,1558666.000,56666,1,T1,1,100,34.111
1738265310.923487,1558800.000,56683,1,T1,1,100,34.154
1738265311.056492,1558933.000,56699,1,T1,1,100,34.102
1738265311.190498,1559067.000,56732,1,T1,1,100,34.115
1738265311.323503,1559200.000,56749,1,T1,1,100,34.192
1738265311.456508,1559333.000,56766,1,T1,1,100,34.189
1738265311.589514,1559466.000,56798,1,T1,1,100,34.259
1738265311.723519,1559600.000,56815,1,T1,1,100,34.077
1738265311.856524,1559733.000,56832,1,T1,1,100,34.104
1738265311.989530,1559866.000,56856,1,T1,1,100,34.151
1738265312.123535,1560000.000,56891,1,T1,1,100,34.172
1738265312.256540,1560133.000,56907,1,T1,1,100,34.145
1738265312.389546,1560266.000,56924,1,T1,1,100,34.098
1738265312.523551,1560400.000,56941,1,T1,1,100,34.078
1738265312.656556,1560533.000,56975,1,T1,1,100,34.176
1738265312.789562,1560666.000,56993,1,T1,1,100,34.253
1738265312.923567,1560800.000,57009,1,T1,1,100,34.145
1738265313.056572,1560933.000,57042,1,T1,1,100,34.205
1738265313.189578,1561066.000,57059,1,T1,1,100,34.124
1738265313.323583,1561200.000,57075,1,T1,1,100,34.160
1738265313.456588,1561333.000,57108,1,T1,1,100,34.140
1738265313.589594,1561466.000,57125,1,T1,1,100,34.202
1738265313.723599,1561600.000,57141,1,T1,1,100,34.194
1738265313.856604,1561733.000,57174,1,T1,1,100,34.332
1738265313.989609,1561866.000,57191,1,T1,1,100,34.215
1738265314.122615,1561999.000,57210,1,T1,1,100,34.199
1738265314.256620,1562133.000,57242,1,T1,1,100,34.193
1738265314.389626,1562266.000,57259,1,T1,1,100,34.190
1738265314.523631,1562400.000,57276,1,T1,1,100,34.188
1738265314.656636,1562533.000,57293,1,T1,1,100,34.188
1738265314.789641,1562666.000,57326,1,T1,1,100,34.223
1738265314.922647,1562799.000,57342,1,T1,1,100,34.097
1738265315.056652,1562933.000,57359,1,T1,1,100,34.184
1738265315.189657,1563066.000,57392,1,T1,1,100,34.115
1738265315.322663,1563199.000,57408,1,T1,1,100,34.156
1738265315.456668,1563333.000,57426,1,T1,1,100,34.103
1738265315.589673,1563466.000,57458,1,T1,1,100,34.045
1738265315.722679,1563599.000,57476,1,T1,1,100,34.090
1738265315.856684,1563733.000,57494,1,T1,1,100,34.216
1738265315.989689,1563866.000,57526,1,T1,1,100,34.235
1738265316.122695,1563999.000,57543,1,T1,1,100,34.173
1738265316.256700,1564133.000,57560,1,T1,1,100,34.146
1738265316.389705,1564266.000,57593,1,T1,1,100,34.311
1738265316.522711,1564399.000,57609,1,T1,1,100,34.276
1738265316.656716,1564533.000,57626,1,T1,1,100,34.261
1738265316.789721,1564666.000,57642,1,T1,1,100,34.220
1738265316.922727,1564799.000,57675,1,T1,1,100,34.166
1738265317.056732,1564933.000,57698,1,T1,1,100,34.143
1738265317.189737,1565066.000,57716,1,T1,1,100,34.204
1738265317.322743,1565199.000,57733,1,T1,1,100,34.194
1738265317.456748,1565333.000,57768,1,T1,1,100,34.191
1738265317.589753,1565466.000,57784,1,T1,1,100,34.295
1738265317.722759,1565599.000,57801,1,T1,1,100,34.376
1738265317.855764,1565732.000,57818,1,T1,1,100,34.198
1738265317.989769,1565866.000,57850,1,T1,1,100,34.192
1738265318.122775,1565999.000,57870,1,T1,1,100,34.225
1738265318.255780,1566132.000,57886,1,T1,1,100,34.310
1738265318.389785,1566266.000,57919,1,T1,1,100,34.170
1738265318.522790,1566399.000,57936,1,T1,1,100,34.144
1738265318.655796,1566532.000,57952,1,T1,1,100,34.133
1738265318.789801,1566666.000,57985,1,T1,1,100,34.058
1738265318.922807,1566799.000,58002,1,T1,1,100,33.990
1738265319.055812,1566932.000,58018,1,T1,1,100,34.066
1738265319.189817,1567066.000,58051,1,T1,1,100,34.171
1738265319.322822,1567199.000,58068,1,T1,1,100,34.109
1738265319.455828,1567332.000,58085,1,T1,1,100,34.225
1738265319.589833,1567466.000,58102,1,T1,1,100,34.133
1738265319.722838,1567599.000,58135,1,T1,1,100,34.093
1738265319.855844,1567732.000,58151,1,T1,1,100,34.005
1738265319.989849,1567866.000,58168,1,T1,1,100,34.144
1738265320.122854,1567999.000,58201,1,T1,1,100,34.169
1738265320.255860,1568132.000,58217,1,T1,1,100,34.108
1738265320.389865,1568266.000,58234,1,T1,1,100,34.153
1738265320.522870,1568399.000,58269,1,T1,1,100,34.208
1738265320.655876,1568532.000,58285,1,T1,1,100,34.161
1738265320.788881,1568665.000,58303,1,T1,1,100,33.999
1738265320.922886,1568799.000,58335,1,T1,1,100,34.177
1738265321.055892,1568932.000,58351,1,T1,1,100,34.112
1738265321.188897,1569065.000,58369,1,T1,1,100,34.155
1738265321.322902,1569199.000,58401,1,T1,1,100,34.138
1738265321.455908,1569332.000,58418,1,T1,1,100,34.131
1738265321.588913,1569465.000,58435,1,T1,1,100,34.092
1738265321.722918,1569599.000,58451,1,T1,1,100,34.004
1738265321.855924,1569732.000,58486,1,T1,1,100,34.108
1738265321.988929,1569865.000,58503,1,T1,1,100,34.118
1738265322.122934,1569999.000,58520,1,T1,1,100,34.086
1738265322.255939,1570132.000,58544,1,T1,1,100,34.144
1738265322.388945,1570265.000,58579,1,T1,1,100,34.098
1738265322.522950,1570399.000,58595,1,T1,1,100,34.184
1738265322.655956,1570532.000,58612,1,T1,1,100,34.115
1738265322.788961,1570665.000,58645,1,T1,1,100,34.050
1738265322.922966,1570799.000,58661,1,T1,1,100,34.057
1738265323.055971,1570932.000,58678,1,T1,1,100,34.131
1738265323.188977,1571065.000,58695,1,T1,1,100,34.092
1738265323.322982,1571199.000,58727,1,T1,1,100,34.075
1738265323.455987,1571332.000,58745,1,T1,1,100,34.174
1738265323.588993,1571465.000,58761,1,T1,1,100,34.217
1738265323.722998,1571599.000,58794,1,T1,1,100,34.271
1738265323.856003,1571732.000,58811,1,T1,1,100,34.153
1738265323.989009,1571865.000,58827,1,T1,1,100,34.208
1738265324.122014,1571998.000,58860,1,T1,1,100,34.196
1738265324.256019,1572132.000,58877,1,T1,1,100,34.191
1738265324.389025,1572265.000,58893,1,T1,1,100,34.189
1738265324.522030,1572398.000,58926,1,T1,1,100,34.117
1738265324.656035,1572532.000,58943,1,T1,1,100,34.015
1738265324.789041,1572665.000,58960,1,T1,1,100,34.148
1738265324.922046,1572798.000,58992,1,T1,1,100,34.100
1738265325.056051,1572932.000,59009,1,T1,1,100,34.114
1738265325.189057,1573065.000,59026,1,T1,1,100,34.049
1738265325.322062,1573198.000,59043,1,T1,1,100,34.092
1738265325.456067,1573332.000,59076,1,T1,1,100,34.075
1738265325.589072,1573465.000,59092,1,T1,1,100,34.174
1738265325.722078,1573598.000,59109,1,T1,1,100,34.217
1738265325.856083,1573732.000,59142,1,T1,1,100,34.200
1738265325.989089,1573865.000,59158,1,T1,1,100,34.158
1738265326.122094,1573998.000,59176,1,T1,1,100,34.139
1738265326.256099,1574132.000,59208,1,T1,1,100,34.131
1738265326.389105,1574265.000,59224,1,T1,1,100,33.986
1738265326.522110,1574398.000,59242,1,T1,1,100,34.029
1738265326.656115,1574532.000,59274,1,T1,1,100,34.048
1738265326.789120,1574665.000,59291,1,T1,1,100,34.127
1738265326.922126,1574798.000,59308,1,T1,1,100,34.090
1738265327.056131,1574932.000,59341,1,T1,1,100,34.181
1738265327.189137,1575065.000,59359,1,T1,1,100,34.078
1738265327.322142,1575198.000,59381,1,T1,1,100,34.069
1738265327.456147,1575332.000,59398,1,T1,1,100,34.101
1738265327.589152,1575465.000,59415,1,T1,1,100,34.185
1738265327.722158,1575598.000,59448,1,T1,1,100,34.009
1738265327.855163,1575731.000,59464,1,T1,1,100,34.075
1738265327.989168,1575865.000,59481,1,T1,1,100,34.068
1738265328.122174,1575998.000,59514,1,T1,1,100,34.100
1738265328.255179,1576131.000,59530,1,T1,1,100,34.114
1738265328.389184,1576265.000,59547,1,T1,1,100,34.085
1738265328.522190,1576398.000,59580,1,T1,1,100,34.037
1738265328.656195,1576532.000,59596,1,T1,1,100,34.016
1738265328.789200,1576665.000,59614,1,T1,1,100,34.149
1738265328.922206,1576798.000,59646,1,T1,1,100,34.206
1738265329.055211,1576931.000,59662,1,T1,1,100,34.160
1738265329.189216,1577065.000,59680,1,T1,1,100,34.105
1738265329.322222,1577198.000,59696,1,T1,1,100,34.081
1738265329.455227,1577331.000,59729,1,T1,1,100,33.999
1738265329.589232,1577465.000,59746,1,T1,1,100,34.035
1738265329.722238,1577598.000,59762,1,T1,1,100,34.157
1738265329.855243,1577731.000,59795,1,T1,1,100,34.103
1738265329.989248,1577865.000,59812,1,T1,1,100,34.045
1738265330.122253,1577998.000,59829,1,T1,1,100,34.055
1738265330.255259,1578131.000,59861,1,T1,1,100,34.059
1738265330.389264,1578265.000,59878,1,T1,1,100,34.061
1738265330.522269,1578398.000,59895,1,T1,1,100,34.133
1738265330.655275,1578531.000,59929,1,T1,1,100,34.128
1738265330.789280,1578665.000,59947,1,T1,1,100,34.056
1738265330.922286,1578798.000,59963,1,T1,1,100,34.166
1738265331.055291,1578931.000,59996,1,T1,1,100,34.072
1738265331.188296,1579064.000,60013,1,T1,1,100,33.996
1738265331.322301,1579198.000,60029,1,T1,1,100,33.998
1738265331.455307,1579331.000,60062,1,T1,1,100,33.999
1738265331.588312,1579464.000,60079,1,T1,1,100,34.141
1738265331.722317,1579598.000,60095,1,T1,1,100,34.132
1738265331.855323,1579731.000,60113,1,T1,1,100,33.951
1738265331.988328,1579864.000,60145,1,T1,1,100,34.085
1738265332.122333,1579998.000,60162,1,T1,1,100,34.108
1738265332.255339,1580131.000,60181,1,T1,1,100,34.082
1738265332.388344,1580264.000,60219,1,T1,1,100,34.071
1738265332.522349,1580398.000,60235,1,T1,1,100,34.066
1738265332.655355,1580531.000,60252,1,T1,1,100,34.135
1738265332.788360,1580664.000,60269,1,T1,1,100,34.165
1738265332.922365,1580798.000,60286,1,T1,1,100,34.107
1738265333.055371,1580931.000,60319,1,T1,1,100,34.046
1738265333.188376,1581064.000,60335,1,T1,1,100,34.055
1738265333.322381,1581198.000,60352,1,T1,1,100,34.095
1738265333.455387,1581331.000,60385,1,T1,1,100,34.147
1738265333.588392,1581464.000,60401,1,T1,1,100,34.064
1738265333.722397,1581598.000,60418,1,T1,1,100,33.992
1738265333.855402,1581731.000,60451,1,T1,1,100,34.068
1738265333.988408,1581864.000,60467,1,T1,1,100,34.065
1738265334.121413,1581997.000,60485,1,T1,1,100,34.063
1738265334.255419,1582131.000,60517,1,T1,1,100,34.027
1738265334.388424,1582264.000,60533,1,T1,1,100,34.012
1738265334.521429,1582397.000,60551,1,T1,1,100,34.005
1738265334.655435,1582531.000,60567,1,T1,1,100,34.073
1738265334.788440,1582664.000,60600,1,T1,1,100,33.961
1738265334.921445,1582797.000,60617,1,T1,1,100,33.983
1738265335.055450,1582931.000,60633,1,T1,1,100,33.957
1738265335.188456,1583064.000,60666,1,T1,1,100,33.981
1738265335.321461,1583197.000,60683,1,T1,1,100,34.098
1738265335.455467,1583331.000,60700,1,T1,1,100,34.078
1738265335.588472,1583464.000,60734,1,T1,1,100,34.069
1738265335.721477,1583597.000,60751,1,T1,1,100,34.101
1738265335.855482,1583731.000,60768,1,T1,1,100,34.115
1738265335.988488,1583864.000,60800,1,T1,1,100,34.156
1738265336.121493,1583997.000,60818,1,T1,1,100,34.067
1738265336.255498,1584131.000,60834,1,T1,1,100,33.994
1738265336.388504,1584264.000,60867,1,T1,1,100,34.068
1738265336.521509,1584397.000,60884,1,T1,1,100,34.100
1738265336.655514,1584531.000,60900,1,T1,1,100,34.079
1738265336.788520,1584664.000,60935,1,T1,1,100,34.034
1738265336.921525,1584797.000,60952,1,T1,1,100,34.050
1738265337.055530,1584931.000,60970,1,T1,1,100,33.986
1738265337.188536,1585064.000,60988,1,T1,1,100,34.065
1738265337.321541,1585197.000,61022,1,T1,1,100,33.957
1738265337.455546,1585331.000,61039,1,T1,1,100,33.981
1738265337.588552,1585464.000,61061,1,T1,1,100,34.134
1738265337.721557,1585597.000,61077,1,T1,1,100,34.129
1738265337.854562,1585730.000,61110,1,T1,1,100,34.020
1738265337.988568,1585864.000,61127,1,T1,1,100,33.867
1738265338.121573,1585997.000,61144,1,T1,1,100,34.049
1738265338.254578,1586130.000,61176,1,T1,1,100,34.127
1738265338.388583,1586264.000,61193,1,T1,1,100,34.020
1738265338.521589,1586397.000,61210,1,T1,1,100,34.079
1738265338.654594,1586530.000,61242,1,T1,1,100,34.070
1738265338.788599,1586664.000,61260,1,T1,1,100,34.101
1738265338.921605,1586797.000,61276,1,T1,1,100,34.079
1738265339.054610,1586930.000,61293,1,T1,1,100,34.070
1738265339.188616,1587064.000,61326,1,T1,1,100,33.924
1738265339.321621,1587197.000,61342,1,T1,1,100,34.002
1738265339.454626,1587330.000,61360,1,T1,1,100,34.037
1738265339.588631,1587464.000,61392,1,T1,1,100,34.087
1738265339.721637,1587597.000,61408,1,T1,1,100,34.002
1738265339.854642,1587730.000,61426,1,T1,1,100,34.036
1738265339.988647,1587864.000,61458,1,T1,1,100,34.087
1738265340.121653,1587997.000,61475,1,T1,1,100,34.037
1738265340.254658,1588130.000,61492,1,T1,1,100,34.052
1738265340.388663,1588264.000,61525,1,T1,1,100,34.164
1738265340.521669,1588397.000,61541,1,T1,1,100,34.036
1738265340.654674,1588530.000,61558,1,T1,1,100,34.051
1738265340.788679,1588664.000,61591,1,T1,1,100,34.128
1738265340.921685,1588797.000,61607,1,T1,1,100,34.091
1738265341.054690,1588930.000,61624,1,T1,1,100,33.968
1738265341.187695,1589063.000,61641,1,T1,1,100,34.022
1738265341.321701,1589197.000,61673,1,T1,1,100,34.009
1738265341.454706,1589330.000,61691,1,T1,1,100,34.075
1738265341.587711,1589463.000,61707,1,T1,1,100,34.032
1738265341.721717,1589597.000,61740,1,T1,1,100,34.014
1738265341.854722,1589730.000,61757,1,T1,1,100,34.006
1738265341.987727,1589863.000,61773,1,T1,1,100,34.003
1738265342.121732,1589997.000,61808,1,T1,1,100,33.966
1738265342.254738,1590130.000,61825,1,T1,1,100,33.914
1738265342.387743,1590263.000,61841,1,T1,1,100,33.927
1738265342.521749,1590397.000,61874,1,T1,1,100,33.969
1738265342.654754,1590530.000,61896,1,T1,1,100,34.057
1738265342.787759,1590663.000,61913,1,T1,1,100,34.167
1738265342.921764,1590797.000,61932,1,T1,1,100,34.072
1738265343.054770,1590930.000,61948,1,T1,1,100,34.067
1738265343.187775,1591063.000,61981,1,T1,1,100,33.958
1738265343.321780,1591197.000,61998,1,T1,1,100,34.017
1738265343.454786,1591330.000,62015,1,T1,1,100,34.078
1738265343.587791,1591463.000,62047,1,T1,1,100,33.928
1738265343.721797,1591597.000,62064,1,T1,1,100,34.146
1738265343.854802,1591730.000,62081,1,T1,1,100,34.099
1738265343.987807,1591863.000,62113,1,T1,1,100,34.078
1738265344.120812,1591996.000,62131,1,T1,1,100,34.034
1738265344.254818,1592130.000,62147,1,T1,1,100,34.050
1738265344.387823,1592263.000,62164,1,T1,1,100,34.093
1738265344.521828,1592397.000,62197,1,T1,1,100,33.969
1738265344.654834,1592530.000,62213,1,T1,1,100,34.058
1738265344.787839,1592663.000,62231,1,T1,1,100,34.060
1738265344.920844,1592796.000,62263,1,T1,1,100,34.132
1738265345.054850,1592930.000,62279,1,T1,1,100,34.057
1738265345.187855,1593063.000,62297,1,T1,1,100,34.060
1738265345.320860,1593196.000,62329,1,T1,1,100,34.026
1738265345.454866,1593330.000,62346,1,T1,1,100,34.047
1738265345.587871,1593463.000,62365,1,T1,1,100,34.056
1738265345.720876,1593596.000,62398,1,T1,1,100,33.953
1738265345.854882,1593730.000,62414,1,T1,1,100,33.909
1738265345.987887,1593863.000,62431,1,T1,1,100,33.961
1738265346.120892,1593996.000,62464,1,T1,1,100,34.018
1738265346.254898,1594130.000,62480,1,T1,1,100,34.008
1738265346.387903,1594263.000,62497,1,T1,1,100,33.968
1738265346.520908,1594396.000,62514,1,T1,1,100,33.986
1738265346.654913,1594530.000,62546,1,T1,1,100,34.065
1738265346.787919,1594663.000,62564,1,T1,1,100,34.134
1738265346.920924,1594796.000,62582,1,T1,1,100,34.094
1738265347.054929,1594930.000,62615,1,T1,1,100,34.111
1738265347.187935,1595063.000,62634,1,T1,1,100,34.084
1738265347.320940,1595196.000,62650,1,T1,1,100,34.107
1738265347.454945,1595330.000,62683,1,T1,1,100,34.082
1738265347.587951,1595463.000,62700,1,T1,1,100,34.071
1738265347.720956,1595596.000,62716,1,T1,1,100,34.066
1738265347.853961,1595729.000,62739,1,T1,1,100,33.922
1738265347.987967,1595863.000,62773,1,T1,1,100,34.002
1738265348.120972,1595996.000,62790,1,T1,1,100,34.143
1738265348.253977,1596129.000,62807,1,T1,1,100,34.168
1738265348.387983,1596263.000,62823,1,T1,1,100,34.108
1738265348.520988,1596396.000,62856,1,T1,1,100,34.082
1738265348.653993,1596529.000,62873,1,T1,1,100,34.000
1738265348.787999,1596663.000,62890,1,T1,1,100,34.071
1738265348.921004,1596796.000,62924,1,T1,1,100,34.031
1738265349.054009,1596929.000,62941,1,T1,1,100,34.084
1738265349.188015,1597063.000,62958,1,T1,1,100,34.107
1738265349.321020,1597196.000,62990,1,T1,1,100,34.011
1738265349.454025,1597329.000,63008,1,T1,1,100,34.040
1738265349.588031,1597463.000,63024,1,T1,1,100,34.017
1738265349.721036,1597596.000,63057,1,T1,1,100,34.114
1738265349.854041,1597729.000,63074,1,T1,1,100,34.014
1738265349.988047,1597863.000,63090,1,T1,1,100,34.006
1738265350.121052,1597996.000,63123,1,T1,1,100,34.074
1738265350.254057,1598129.000,63142,1,T1,1,100,34.067
1738265350.388062,1598263.000,63158,1,T1,1,100,34.171
1738265350.521068,1598396.000,63176,1,T1,1,100,34.145
1738265350.654073,1598529.000,63208,1,T1,1,100,34.063
1738265350.787078,1598662.000,63225,1,T1,1,100,33.956
1738265350.921084,1598796.000,63242,1,T1,1,100,34.052
1738265351.054089,1598929.000,63275,1,T1,1,100,34.093
1738265351.187094,1599062.000,63291,1,T1,1,100,34.040
1738265351.321100,1599196.000,63308,1,T1,1,100,34.053
1738265351.454105,1599329.000,63341,1,T1,1,100,34.023
1738265351.587110,1599462.000,63357,1,T1,1,100,33.974
1738265351.721116,1599596.000,63374,1,T1,1,100,33.918
1738265351.854121,1599729.000,63407,1,T1,1,100,33.858
1738265351.987126,1599862.000,63423,1,T1,1,100,33.868
1738265352.121132,1599996.000,63441,1,T1,1,100,33.943
1738265352.254137,1600129.000,63475,1,T1,1,100,33.975
1738265352.387142,1600262.000,63491,1,T1,1,100,34.025
1738265352.521148,1600396.000,63509,1,T1,1,100,33.975
1738265352.654153,1600529.000,63525,1,T1,1,100,33.989
1738265352.787158,1600662.000,63558,1,T1,1,100,33.995
1738265352.921164,1600796.000,63580,1,T1,1,100,34.069
1738265353.054169,1600929.000,63596,1,T1,1,100,34.030
1738265353.187174,1601062.000,63614,1,T1,1,100,34.013
1738265353.321180,1601196.000,63646,1,T1,1,100,34.041
1738265353.454185,1601329.000,63663,1,T1,1,100,34.053
1738265353.587190,1601462.000,63680,1,T1,1,100,34.023
1738265353.720196,1601595.000,63713,1,T1,1,100,34.010
1738265353.854201,1601729.000,63731,1,T1,1,100,34.004
1738265353.987206,1601862.000,63748,1,T1,1,100,34.037
1738265354.121212,1601996.000,63781,1,T1,1,100,34.052
1738265354.254217,1602129.000,63797,1,T1,1,100,34.093
1738265354.387222,1602262.000,63814,1,T1,1,100,34.040
1738265354.521228,1602396.000,63831,1,T1,1,100,34.017
1738265354.654233,1602529.000,63865,1,T1,1,100,34.078
1738265354.787238,1602662.000,63883,1,T1,1,100,33.963
1738265354.920244,1602795.000,63899,1,T1,1,100,34.019
1738265355.054249,1602929.000,63932,1,T1,1,100,34.115
1738265355.187254,1603062.000,63949,1,T1,1,100,34.121
1738265355.320259,1603195.000,63965,1,T1,1,100,34.088
1738265355.454265,1603329.000,63998,1,T1,1,100,34.038
1738265355.587270,1603462.000,64015,1,T1,1,100,34.016
1738265355.720275,1603595.000,64031,1,T1,1,100,34.113
1738265355.854281,1603729.000,64064,1,T1,1,100,34.120
1738265355.987286,1603862.000,64081,1,T1,1,100,34.087
1738265356.120291,1603995.000,64098,1,T1,1,100,34.038
1738265356.254297,1604129.000,64130,1,T1,1,100,33.945
1738265356.387302,1604262.000,64147,1,T1,1,100,33.941
1738265356.520307,1604395.000,64166,1,T1,1,100,33.939
1738265356.654313,1604529.000,64183,1,T1,1,100,34.009
1738265356.787318,1604662.000,64216,1,T1,1,100,34.039
1738265356.920323,1604795.000,64232,1,T1,1,100,34.088
1738265357.054329,1604929.000,64249,1,T1,1,100,34.109
1738265357.187334,1605062.000,64284,1,T1,1,100,34.083
1738265357.320339,1605195.000,64300,1,T1,1,100,34.036
1738265357.454345,1605329.000,64318,1,T1,1,100,34.015
1738265357.587350,1605462.000,64350,1,T1,1,100,34.042
1738265357.720355,1605595.000,64366,1,T1,1,100,34.018
1738265357.853361,1605728.000,64384,1,T1,1,100,34.043
1738265357.986866,1605861.500,64422,2,T1,1,100,33.948
1738265358.120371,1605995.000,64422,2,T1,1,100,33.977
1738265358.253376,1606128.000,64454,1,T1,1,100,34.026
1738265358.387382,1606262.000,64472,1,T1,1,100,33.940
1738265358.520387,1606395.000,64490,1,T1,1,100,33.974
1738265358.653393,1606528.000,64522,1,T1,1,100,33.953
1738265358.787398,1606662.000,64539,1,T1,1,100,34.015
1738265358.920403,1606795.000,64556,1,T1,1,100,34.078
1738265359.053408,1606928.000,64589,1,T1,1,100,34.034
1738265359.187414,1607062.000,64605,1,T1,1,100,33.944
1738265359.320419,1607195.000,64622,1,T1,1,100,34.082
1738265359.453424,1607328.000,64655,1,T1,1,100,34.071
1738265359.587430,1607462.000,64671,1,T1,1,100,34.031
1738265359.720435,1607595.000,64690,1,T1,1,100,34.013
1738265359.853440,1607728.000,64707,1,T1,1,100,33.899
1738265359.987446,1607862.000,64741,1,T1,1,100,33.886
1738265360.120451,1607995.000,64759,1,T1,1,100,33.880
1738265360.253456,1608128.000,64775,1,T1,1,100,33.948
1738265360.387462,1608262.000,64808,1,T1,1,100,33.977
1738265360.520467,1608395.000,64825,1,T1,1,100,33.919
1738265360.653472,1608528.000,64841,1,T1,1,100,33.965
1738265360.787478,1608662.000,64874,1,T1,1,100,34.020
1738265360.920483,1608795.000,64891,1,T1,1,100,34.009
1738265361.053488,1608928.000,64907,1,T1,1,100,34.075
1738265361.186494,1609061.000,64940,1,T1,1,100,34.032
1738265361.320499,1609195.000,64957,1,T1,1,100,34.014
1738265361.453504,1609328.000,64974,1,T1,1,100,34.006
1738265361.586509,1609461.000,65006,1,T1,1,100,33.861
1738265361.720515,1609595.000,65023,1,T1,1,100,33.869
1738265361.853520,1609728.000,65040,1,T1,1,100,33.943
1738265361.986526,1609861.000,65072,1,T1,1,100,33.975
1738265362.120531,1609995.000,65090,1,T1,1,100,33.989
1738265362.253536,1610128.000,65108,1,T1,1,100,33.995
1738265362.386542,1610261.000,65125,1,T1,1,100,33.963
1738265362.520547,1610395.000,65158,1,T1,1,100,33.948
1738265362.653552,1610528.000,65174,1,T1,1,100,33.978
1738265362.786557,1610661.000,65192,1,T1,1,100,33.955
1738265362.920563,1610795.000,65224,1,T1,1,100,33.945
1738265363.053568,1610928.000,65240,1,T1,1,100,33.976
1738265363.186574,1611061.000,65263,1,T1,1,100,33.954
1738265363.320579,1611195.000,65279,1,T1,1,100,33.980
1738265363.453584,1611328.000,65312,1,T1,1,100,33.991
1738265363.586589,1611461.000,65329,1,T1,1,100,34.032
1738265363.720595,1611595.000,65345,1,T1,1,100,34.014
1738265363.853600,1611728.000,65363,1,T1,1,100,34.006
1738265363.986605,1611861.000,65395,1,T1,1,100,34.073
1738265364.119611,1611994.000,65412,1,T1,1,100,33.996
1738265364.253616,1612128.000,65429,1,T1,1,100,34.034
1738265364.386621,1612261.000,65462,1,T1,1,100,34.015
1738265364.519627,1612394.000,65478,1,T1,1,100,34.006
1738265364.653632,1612528.000,65495,1,T1,1,100,33.896
1738265364.786637,1612661.000,65528,1,T1,1,100,33.991
1738265364.919643,1612794.000,8,1,T1,1,100,33.960
1738265365.053648,1612928.000,25,1,T1,1,100,34.054
1738265365.186653,1613061.000,58,1,T1,1,100,34.059
1738265365.319659,1613194.000,74,1,T1,1,100,33.919
1738265365.453664,1613328.000,92,1,T1,1,100,34.107
1738265365.586669,1613461.000,124,1,T1,1,100,33.975
1738265365.719675,1613594.000,140,1,T1,1,100,34.025
1738265365.853680,1613728.000,158,1,T1,1,100,33.975
1738265365.986685,1613861.000,174,1,T1,1,100,33.989
1738265366.119690,1613994.000,209,1,T1,1,100,34.031
1738265366.253696,1614128.000,226,1,T1,1,100,34.013
1738265366.386701,1614261.000,242,1,T1,1,100,33.970
1738265366.519706,1614394.000,277,1,T1,1,100,34.094
1738265366.653712,1614528.000,294,1,T1,1,100,34.111
1738265366.786717,1614661.000,311,1,T1,1,100,34.155
1738265366.919723,1614794.000,343,1,T1,1,100,34.031
1738265367.053728,1614928.000,360,1,T1,1,100,34.014
1738265367.186733,1615061.000,379,1,T1,1,100,34.077
1738265367.319738,1615194.000,413,1,T1,1,100,34.140
1738265367.453744,1615328.000,431,1,T1,1,100,34.096
1738265367.586749,1615461.000,447,1,T1,1,100,34.077
1738265367.719754,1615594.000,480,1,T1,1,100,34.175
1738265367.852760,1615727.000,497,1,T1,1,100,34.111
1738265367.986765,1615861.000,515,1,T1,1,100,34.048
1738265368.119770,1615994.000,532,1,T1,1,100,34.021
1738265368.252776,1616127.000,570,1,T1,1,100,34.080
1738265368.386781,1616261.000,586,1,T1,1,100,34.035
1738265368.519786,1616394.000,604,1,T1,1,100,34.121
1738265368.652792,1616527.000,636,1,T1,1,100,34.053
1738265368.786797,1616661.000,653,1,T1,1,100,34.058
1738265368.919802,1616794.000,670,1,T1,1,100,34.061
1738265369.052808,1616927.000,703,1,T1,1,100,34.026
1738265369.186813,1617061.000,721,1,T1,1,100,34.082
1738265369.319818,1617194.000,738,1,T1,1,100,34.071
1738265369.452824,1617327.000,771,1,T1,1,100,34.066
1738265369.586829,1617461.000,787,1,T1,1,100,34.064
1738265369.719834,1617594.000,804,1,T1,1,100,34.134
1738265369.852839,1617727.000,839,1,T1,1,100,34.129
1738265369.986845,1617861.000,855,1,T1,1,100,34.162
1738265370.119850,1617994.000,873,1,T1,1,100,34.106
