LocalTimestamp,EmotiBitTimestamp,PacketNumber,DataLength,TypeTag,ProtocolVersion,DataReliability,SF
1738263926.946240,174878.000,25279,1,SF,1,100,0.1540
1738263927.213250,175145.000,25330,1,SF,1,100,0.1522
1738263927.546264,175478.000,25383,1,SF,1,100,0.1504
1738263927.946280,175878.000,25449,1,SF,1,100,0.1487
1738263928.280293,176212.000,25499,1,SF,1,100,0.1470
1738263928.546304,176478.000,25549,1,SF,1,100,0.1453
1738263928.880317,176812.000,25599,1,SF,1,100,0.1436
1738263929.280333,177212.000,25665,1,SF,1,100,0.1419
1738263929.613346,177545.000,25717,1,SF,1,100,0.1403
1738263929.880357,177812.000,25768,1,SF,1,100,0.1387
1738263930.213370,178145.000,25817,1,SF,1,100,0.1370
1738263930.546383,178478.000,25867,1,SF,1,100,0.1355
1738263930.946399,178878.000,25933,1,SF,1,100,0.1339
1738263931.213410,179145.000,25983,1,SF,1,100,0.1323
1738263931.546423,179478.000,26033,1,SF,1,100,0.1308
1738263931.946439,179878.000,26099,1,SF,1,100,0.1293
1738263932.213450,180145.000,26148,1,SF,1,100,0.1278
1738263932.546463,180478.000,26203,1,SF,1,100,0.1263
1738263932.946479,180878.000,26269,1,SF,1,100,0.1249
1738263933.279493,181211.000,26318,1,SF,1,100,0.1234
1738263933.546503,181478.000,26370,1,SF,1,100,0.1220
1738263933.879517,181811.000,26419,1,SF,1,100,0.1206
1738263934.279532,182211.000,26485,1,SF,1,100,0.1192
1738263934.546543,182478.000,26543,1,SF,1,100,0.1178
1738263934.879556,182811.000,26592,1,SF,1,100,0.1164
1738263935.279572,183211.000,26658,1,SF,1,100,0.1151
1738263935.612586,183544.000,26708,1,SF,1,100,0.1138
1738263935.879596,183811.000,26758,1,SF,1,100,0.1125
1738263936.212610,184144.000,26808,1,SF,1,100,0.1112
1738263936.612626,184544.000,26874,1,SF,1,100,0.1099
1738263936.879636,184811.000,26923,1,SF,1,100,0.1086
1738263937.212650,185144.000,26974,1,SF,1,100,0.1073
1738263937.612666,185544.000,27042,1,SF,1,100,0.1061
1738263937.945679,185877.000,27091,1,SF,1,100,0.1049
1738263938.212689,186144.000,27141,1,SF,1,100,0.1037
1738263938.545703,186477.000,27190,1,SF,1,100,0.1025
1738263938.945719,186877.000,27256,1,SF,1,100,0.1013
1738263939.212729,187144.000,27307,1,SF,1,100,0.1001
1738263939.545743,187477.000,27361,1,SF,1,100,0.0989
1738263939.878756,187810.000,27411,1,SF,1,100,0.0978
1738263940.278772,188210.000,27477,1,SF,1,100,0.0967
1738263940.545783,188477.000,27527,1,SF,1,100,0.0955
1738263940.878796,188810.000,27579,1,SF,1,100,0.0944
1738263941.278812,189210.000,27645,1,SF,1,100,0.0934
1738263941.545823,189477.000,27694,1,SF,1,100,0.0923
1738263941.878836,189810.000,27747,1,SF,1,100,0.0912
1738263942.212849,190144.000,27796,1,SF,1,100,0.0901
1738263942.612865,190544.000,27864,1,SF,1,100,0.0891
1738263942.878876,190810.000,27914,1,SF,1,100,0.0881
1738263943.211889,191143.000,27965,1,SF,1,100,0.0871
1738263943.611905,191543.000,28031,1,SF,1,100,0.0860
1738263943.878916,191810.000,28082,1,SF,1,100,0.0851
1738263944.211929,192143.000,28131,1,SF,1,100,0.0841
1738263944.545942,192477.000,28183,1,SF,1,100,0.0831
1738263944.878956,192810.000,28236,1,SF,1,100,0.0821
1738263945.278972,193210.000,28302,1,SF,1,100,0.0812
1738263945.545982,193477.000,28352,1,SF,1,100,0.0802
1738263945.878995,193810.000,28404,1,SF,1,100,0.0793
1738263946.212009,194143.000,28454,1,SF,1,100,0.0784
1738263946.612025,194543.000,28520,1,SF,1,100,0.0775
1738263946.879035,194810.000,28569,1,SF,1,100,0.0766
1738263947.212049,195143.000,28619,1,SF,1,100,0.0757
1738263947.612065,195543.000,28688,1,SF,1,100,0.0748
1738263947.945078,195876.000,28737,1,SF,1,100,0.0740
1738263948.212089,196143.000,28787,1,SF,1,100,0.0731
1738263948.545102,196476.000,28836,1,SF,1,100,0.0723
1738263948.945118,196876.000,28902,1,SF,1,100,0.0714
1738263949.212129,197143.000,28953,1,SF,1,100,0.0706
1738263949.545142,197476.000,29002,1,SF,1,100,0.0698
1738263949.878155,197809.000,29057,1,SF,1,100,0.0690
1738263950.212168,198143.000,29107,1,SF,1,100,0.0682
1738263950.612185,198543.000,29173,1,SF,1,100,0.0674
1738263950.878195,198809.000,29223,1,SF,1,100,0.0666
1738263951.212209,199143.000,29273,1,SF,1,100,0.0658
1738263951.545222,199476.000,29323,1,SF,1,100,0.0651
1738263951.945238,199876.000,29389,1,SF,1,100,0.0643
1738263952.212248,200143.000,29438,1,SF,1,100,0.0636
1738263952.545262,200476.000,29490,1,SF,1,100,0.0629
1738263952.945278,200876.000,29556,1,SF,1,100,0.0621
1738263953.212288,201143.000,29606,1,SF,1,100,0.0614
1738263953.545302,201476.000,29656,1,SF,1,100,0.0607
1738263953.878315,201809.000,29707,1,SF,1,100,0.0600
1738263954.278331,202209.000,29773,1,SF,1,100,0.0593
1738263954.545341,202476.000,29824,1,SF,1,100,0.0586
1738263954.878355,202809.000,29873,1,SF,1,100,0.0579
1738263955.212368,203143.000,29931,1,SF,1,100,0.0573
1738263955.545381,203476.000,29980,1,SF,1,100,0.0566
1738263955.878395,203809.000,30030,1,SF,1,100,0.0559
1738263956.278411,204209.000,30096,1,SF,1,100,0.0553
1738263956.544421,204475.000,30146,1,SF,1,100,0.0547
1738263956.878435,204809.000,30196,1,SF,1,100,0.0540
1738263957.278450,205209.000,30264,1,SF,1,100,0.0534
1738263957.544461,205475.000,30315,1,SF,1,100,0.0528
1738263957.878474,205809.000,30366,1,SF,1,100,0.0522
1738263958.211488,206142.000,30415,1,SF,1,100,0.0516
1738263958.611504,206542.000,30481,1,SF,1,100,0.0510
1738263958.878515,206809.000,30531,1,SF,1,100,0.0504
1738263959.211528,207142.000,30580,1,SF,1,100,0.0498
1738263959.611544,207542.000,30649,1,SF,1,100,0.0492
1738263959.944557,207875.000,30699,1,SF,1,100,0.0487
1738263960.211568,208142.000,30755,1,SF,1,100,0.0481
1738263960.544581,208475.000,30805,1,SF,1,100,0.0475
1738263960.944597,208875.000,30873,1,SF,1,100,0.0470
1738263961.211608,209142.000,30923,1,SF,1,100,0.0464
1738263961.544621,209475.000,30973,1,SF,1,100,0.0459
1738263961.944637,209875.000,31041,1,SF,1,100,0.0454
1738263962.277650,210208.000,31092,1,SF,1,100,0.0449
1738263962.544661,210475.000,31143,1,SF,1,100,0.0443
1738263962.877674,210808.000,31192,1,SF,1,100,0.0438
1738263963.277690,211208.000,31260,1,SF,1,100,0.0433
1738263963.544701,211475.000,31310,1,SF,1,100,0.0428
1738263963.877714,211808.000,31361,1,SF,1,100,0.0423
1738263964.277730,212208.000,31428,1,SF,1,100,0.0418
1738263964.610743,212541.000,31480,1,SF,1,100,0.0413
1738263964.877754,212808.000,31529,1,SF,1,100,0.0409
1738263965.210767,213141.000,31584,1,SF,1,100,0.0404
1738263965.610783,213541.000,31650,1,SF,1,100,0.0399
1738263965.877794,213808.000,31700,1,SF,1,100,0.0395
1738263966.210807,214141.000,31752,1,SF,1,100,0.0390
1738263966.543820,214474.000,31801,1,SF,1,100,0.0386
1738263966.943836,214874.000,31867,1,SF,1,100,0.0381
1738263967.210847,215141.000,31918,1,SF,1,100,0.0377
1738263967.543860,215474.000,31969,1,SF,1,100,0.0372
1738263967.943876,215874.000,32035,1,SF,1,100,0.0368
1738263968.210887,216141.000,32085,1,SF,1,100,0.0364
1738263968.543900,216474.000,32135,1,SF,1,100,0.0360
1738263968.877914,216808.000,32185,1,SF,1,100,0.0355
1738263969.277930,217208.000,32251,1,SF,1,100,0.0351
1738263969.543940,217474.000,32300,1,SF,1,100,0.0347
1738263969.876954,217807.000,32352,1,SF,1,100,0.0343
1738263970.276969,218207.000,32423,1,SF,1,100,0.0339
1738263970.610983,218541.000,32473,1,SF,1,100,0.0335
1738263970.876993,218807.000,32523,1,SF,1,100,0.0331
1738263971.211007,219141.000,32573,1,SF,1,100,0.0328
1738263971.544020,219474.000,32623,1,SF,1,100,0.0324
1738263971.944036,219874.000,32691,1,SF,1,100,0.0320
1738263972.211047,220141.000,32740,1,SF,1,100,0.0316
1738263972.544060,220474.000,32792,1,SF,1,100,0.0313
1738263972.944076,220874.000,32858,1,SF,1,100,0.0309
1738263973.210087,221140.000,32910,1,SF,1,100,0.0305
1738263973.544100,221474.000,32960,1,SF,1,100,0.0302
1738263973.944116,221874.000,33026,1,SF,1,100,0.0298
1738263974.277129,222207.000,33075,1,SF,1,100,0.0295
1738263974.544140,222474.000,33128,1,SF,1,100,0.0292
1738263974.877153,222807.000,33177,1,SF,1,100,0.0288
1738263975.277169,223207.000,33243,1,SF,1,100,0.0285
1738263975.543180,223473.000,33283,1,SF,1,100,0.0282
1738263975.944196,223874.000,33349,1,SF,1,100,0.0278
1738263976.210206,224140.000,33398,1,SF,1,100,0.0275
1738263976.543220,224473.000,33450,1,SF,1,100,0.0272
1738263976.944236,224874.000,33517,1,SF,1,100,0.0269
1738263977.277249,225207.000,33568,1,SF,1,100,0.0266
1738263977.544260,225474.000,33618,1,SF,1,100,0.0263
1738263977.877273,225807.000,33667,1,SF,1,100,0.0260
1738263978.277289,226207.000,33733,1,SF,1,100,0.0257
1738263978.543299,226473.000,33784,1,SF,1,100,0.0254
1738263978.877313,226807.000,33833,1,SF,1,100,0.0251
1738263979.276329,227206.000,33899,1,SF,1,100,0.0248
1738263979.610342,227540.000,33949,1,SF,1,100,0.0245
1738263979.876353,227806.000,33999,1,SF,1,100,0.0242
1738263980.210366,228140.000,34049,1,SF,1,100,0.0239
1738263980.676385,228606.000,34120,1,SF,1,100,0.0237
1738263980.876393,228806.000,34154,1,SF,1,100,0.0234
1738263981.276409,229206.000,34220,1,SF,1,100,0.0231
1738263981.543419,229473.000,34269,1,SF,1,100,0.0228
1738263981.876432,229806.000,34319,1,SF,1,100,0.0226
1738263982.276448,230206.000,34388,1,SF,1,100,0.0223
1738263982.610462,230540.000,34439,1,SF,1,100,0.0221
1738263982.876472,230806.000,34489,1,SF,1,100,0.0218
1738263983.209486,231139.000,34538,1,SF,1,100,0.0215
1738263983.609502,231539.000,34606,1,SF,1,100,0.0213
1738263983.876512,231806.000,34659,1,SF,1,100,0.0211
1738263984.209526,232139.000,34708,1,SF,1,100,0.0208
1738263984.609542,232539.000,34776,1,SF,1,100,0.0206
1738263984.943555,232873.000,34826,1,SF,1,100,0.0203
1738263985.209566,233139.000,34876,1,SF,1,100,0.0201
1738263985.543579,233473.000,34928,1,SF,1,100,0.0199
1738263985.876592,233806.000,34982,1,SF,1,100,0.0196
1738263986.209605,234139.000,35032,1,SF,1,100,0.0194
1738263986.609622,234539.000,35098,1,SF,1,100,0.0192
1738263986.876632,234806.000,35149,1,SF,1,100,0.0190
1738263987.209646,235139.000,35199,1,SF,1,100,0.0187
1738263987.609661,235539.000,35269,1,SF,1,100,0.0185
1738263987.876672,235806.000,35321,1,SF,1,100,0.0183
1738263988.209685,236139.000,35373,1,SF,1,100,0.0181
1738263988.542699,236472.000,35422,1,SF,1,100,0.0179
1738263988.942715,236872.000,35488,1,SF,1,100,0.0177
1738263989.209725,237139.000,35541,1,SF,1,100,0.0175
1738263989.542738,237472.000,35590,1,SF,1,100,0.0173
1738263989.942755,237872.000,35656,1,SF,1,100,0.0171
1738263990.275768,238205.000,35708,1,SF,1,100,0.0169
1738263990.542778,238472.000,35758,1,SF,1,100,0.0167
1738263990.942795,238872.000,35811,1,SF,1,100,0.0165
1738263991.209805,239139.000,35863,1,SF,1,100,0.0163
1738263991.542818,239472.000,35913,1,SF,1,100,0.0161
1738263991.942834,239872.000,35981,1,SF,1,100,0.0159
1738263992.209845,240139.000,36030,1,SF,1,100,0.0157
1738263992.542858,240472.000,36083,1,SF,1,100,0.0156
1738263992.875872,240805.000,36132,1,SF,1,100,0.0154
1738263993.275887,241205.000,36198,1,SF,1,100,0.0152
1738263993.542898,241472.000,36248,1,SF,1,100,0.0150
1738263993.875911,241805.000,36297,1,SF,1,100,0.0148
1738263994.275928,242205.000,36366,1,SF,1,100,0.0147
1738263994.608941,242538.000,36416,1,SF,1,100,0.0145
1738263994.875952,242805.000,36465,1,SF,1,100,0.0143
1738263995.208965,243138.000,36515,1,SF,1,100,0.0142
1738263995.608981,243538.000,36581,1,SF,1,100,0.0140
1738263996.008997,243938.000,36641,1,SF,1,100,0.0138
1738263996.209005,244138.000,36675,1,SF,1,100,0.0137
1738263996.542018,244471.000,36724,1,SF,1,100,0.0135
1738263996.942034,244871.000,36790,1,SF,1,100,0.0134
1738263997.209045,245138.000,36843,1,SF,1,100,0.0132
1738263997.542058,245471.000,36894,1,SF,1,100,0.0131
1738263997.942074,245871.000,36960,1,SF,1,100,0.0129
1738263998.276087,246205.000,37010,1,SF,1,100,0.0128
1738263998.542098,246471.000,37062,1,SF,1,100,0.0126
1738263998.876111,246805.000,37112,1,SF,1,100,0.0125
1738263999.275127,247204.000,37178,1,SF,1,100,0.0123
1738263999.542138,247471.000,37227,1,SF,1,100,0.0122
1738263999.875151,247804.000,37277,1,SF,1,100,0.0120
1738264000.276167,248205.000,37346,1,SF,1,100,0.0119
1738264000.609180,248538.000,37395,1,SF,1,100,0.0118
1738264000.875191,248804.000,37445,1,SF,1,100,0.0116
1738264001.209204,249138.000,37502,1,SF,1,100,0.0115
1738264001.542217,249471.000,37554,1,SF,1,100,0.0114
1738264001.942234,249871.000,37620,1,SF,1,100,0.0112
1738264002.275247,250204.000,37673,1,SF,1,100,0.0111
1738264002.542258,250471.000,37726,1,SF,1,100,0.0110
1738264002.875271,250804.000,37775,1,SF,1,100,0.0108
1738264003.275287,251204.000,37841,1,SF,1,100,0.0107
1738264003.542297,251471.000,37893,1,SF,1,100,0.0106
1738264003.875311,251804.000,37942,1,SF,1,100,0.0105
1738264004.275327,252204.000,38009,1,SF,1,100,0.0104
1738264004.608340,252537.000,38059,1,SF,1,100,0.0102
1738264004.875351,252804.000,38110,1,SF,1,100,0.0101
1738264005.208364,253137.000,38160,1,SF,1,100,0.0100
1738264005.608380,253537.000,38226,1,SF,1,100,0.0099
1738264005.875391,253804.000,38276,1,SF,1,100,0.0098
1738264006.275407,254204.000,38331,1,SF,1,100,0.0097
1738264006.542417,254471.000,38381,1,SF,1,100,0.0095
1738264006.875430,254804.000,38431,1,SF,1,100,0.0094
1738264007.275446,255204.000,38499,1,SF,1,100,0.0093
1738264007.541457,255470.000,38548,1,SF,1,100,0.0092
1738264007.875470,255804.000,38599,1,SF,1,100,0.0091
1738264008.208484,256137.000,38648,1,SF,1,100,0.0090
1738264008.608500,256537.000,38714,1,SF,1,100,0.0089
1738264008.875510,256804.000,38764,1,SF,1,100,0.0088
1738264009.208524,257137.000,38815,1,SF,1,100,0.0087
1738264009.608540,257537.000,38882,1,SF,1,100,0.0086
1738264009.875550,257804.000,38932,1,SF,1,100,0.0085
1738264010.208564,258137.000,38981,1,SF,1,100,0.0084
1738264010.541577,258470.000,39031,1,SF,1,100,0.0083
1738264010.941593,258870.000,39097,1,SF,1,100,0.0082
1738264011.208603,259137.000,39147,1,SF,1,100,0.0081
1738264011.541617,259470.000,39202,1,SF,1,100,0.0080
1738264011.874630,259803.000,39252,1,SF,1,100,0.0079
1738264012.208643,260137.000,39302,1,SF,1,100,0.0078
1738264012.608659,260537.000,39372,1,SF,1,100,0.0077
1738264012.874670,260803.000,39421,1,SF,1,100,0.0077
1738264013.208683,261137.000,39471,1,SF,1,100,0.0076
1738264013.607699,261536.000,39538,1,SF,1,100,0.0075
1738264013.874710,261803.000,39589,1,SF,1,100,0.0074
1738264014.207723,262136.000,39639,1,SF,1,100,0.0073
1738264014.541737,262470.000,39688,1,SF,1,100,0.0072
1738264014.941752,262870.000,39754,1,SF,1,100,0.0071
1738264015.207763,263136.000,39807,1,SF,1,100,0.0071
1738264015.541776,263470.000,39856,1,SF,1,100,0.0070
1738264015.940792,263869.000,39922,1,SF,1,100,0.0069
1738264016.207803,264136.000,39972,1,SF,1,100,0.0068
1738264016.607819,264536.000,40031,1,SF,1,100,0.0067
1738264016.874830,264803.000,40081,1,SF,1,100,0.0067
1738264017.207843,265136.000,40130,1,SF,1,100,0.0066
1738264017.607859,265536.000,40201,1,SF,1,100,0.0065
1738264017.940872,265869.000,40251,1,SF,1,100,0.0064
1738264018.207883,266136.000,40300,1,SF,1,100,0.0064
1738264018.540896,266469.000,40350,1,SF,1,100,0.0063
1738264018.940912,266869.000,40416,1,SF,1,100,0.0062
1738264019.207923,267136.000,40466,1,SF,1,100,0.0061
1738264019.540936,267469.000,40516,1,SF,1,100,0.0061
1738264019.873949,267802.000,40565,1,SF,1,100,0.0060
1738264020.273965,268202.000,40631,1,SF,1,100,0.0059
1738264020.540976,268469.000,40684,1,SF,1,100,0.0059
1738264020.873989,268802.000,40733,1,SF,1,100,0.0058
1738264021.274005,269202.000,40799,1,SF,1,100,0.0057
1738264021.608019,269536.000,40854,1,SF,1,100,0.0057
1738264021.941032,269869.000,40904,1,SF,1,100,0.0056
1738264022.208043,270136.000,40954,1,SF,1,100,0.0055
1738264022.541056,270469.000,41005,1,SF,1,100,0.0055
1738264022.941072,270869.000,41073,1,SF,1,100,0.0054
1738264023.208082,271136.000,41124,1,SF,1,100,0.0053
1738264023.541096,271469.000,41173,1,SF,1,100,0.0053
1738264023.941112,271869.000,41241,1,SF,1,100,0.0052
1738264024.274125,272202.000,41291,1,SF,1,100,0.0052
1738264024.541136,272469.000,41341,1,SF,1,100,0.0051
1738264024.874149,272802.000,41391,1,SF,1,100,0.0050
1738264025.274165,273202.000,41459,1,SF,1,100,0.0050
1738264025.541176,273469.000,41508,1,SF,1,100,0.0049
1738264025.874189,273802.000,41559,1,SF,1,100,0.0049
1738264026.274205,274202.000,41627,1,SF,1,100,0.0048
1738264026.607218,274535.000,41676,1,SF,1,100,0.0047
1738264026.940231,274868.000,41731,1,SF,1,100,0.0047
1738264027.207242,275135.000,41781,1,SF,1,100,0.0046
1738264027.540255,275468.000,41835,1,SF,1,100,0.0046
1738264027.874269,275802.000,41884,1,SF,1,100,0.0045
1738264028.274285,276202.000,41950,1,SF,1,100,0.0045
1738264028.540295,276468.000,42001,1,SF,1,100,0.0044
1738264028.873309,276801.000,42052,1,SF,1,100,0.0044
1738264029.274325,277202.000,42118,1,SF,1,100,0.0043
1738264029.607338,277535.000,42168,1,SF,1,100,0.0043
1738264029.873348,277801.000,42218,1,SF,1,100,0.0042
1738264030.207362,278135.000,42270,1,SF,1,100,0.0042
1738264030.607378,278535.000,42336,1,SF,1,100,0.0041
1738264030.873389,278801.000,42385,1,SF,1,100,0.0041
1738264031.207402,279135.000,42436,1,SF,1,100,0.0040
1738264031.540415,279468.000,42487,1,SF,1,100,0.0040
1738264031.873428,279801.000,42542,1,SF,1,100,0.0039
1738264032.273444,280201.000,42610,1,SF,1,100,0.0039
1738264032.540455,280468.000,42662,1,SF,1,100,0.0039
1738264032.873468,280801.000,42712,1,SF,1,100,0.0038
1738264033.206482,281134.000,42761,1,SF,1,100,0.0038
1738264033.606498,281534.000,42827,1,SF,1,100,0.0037
1738264033.873508,281801.000,42878,1,SF,1,100,0.0037
1738264034.206522,282134.000,42927,1,SF,1,100,0.0036
1738264034.606538,282534.000,42993,1,SF,1,100,0.0036
1738264034.873548,282801.000,43043,1,SF,1,100,0.0035
1738264035.206561,283134.000,43093,1,SF,1,100,0.0035
1738264035.540575,283468.000,43145,1,SF,1,100,0.0035
1738264035.940591,283868.000,43211,1,SF,1,100,0.0034
1738264036.206601,284134.000,43260,1,SF,1,100,0.0034
1738264036.539615,284467.000,43310,1,SF,1,100,0.0033
1738264037.006633,284934.000,43379,1,SF,1,100,0.0033
1738264037.206641,285134.000,43412,1,SF,1,100,0.0033
1738264037.606657,285534.000,43480,1,SF,1,100,0.0032
1738264037.873668,285801.000,43530,1,SF,1,100,0.0032
1738264038.206681,286134.000,43580,1,SF,1,100,0.0032
1738264038.606697,286534.000,43646,1,SF,1,100,0.0031
1738264038.873708,286801.000,43695,1,SF,1,100,0.0031
1738264039.206721,287134.000,43746,1,SF,1,100,0.0031
1738264039.539734,287467.000,43795,1,SF,1,100,0.0030
1738264039.939750,287867.000,43861,1,SF,1,100,0.0030
1738264040.206761,288134.000,43911,1,SF,1,100,0.0029
1738264040.539774,288467.000,43960,1,SF,1,100,0.0029
1738264040.939790,288867.000,44027,1,SF,1,100,0.0029
1738264041.272804,289200.000,44077,1,SF,1,100,0.0028
1738264041.539814,289467.000,44126,1,SF,1,100,0.0028
1738264041.872828,289800.000,44176,1,SF,1,100,0.0028
1738264042.206841,290134.000,44233,1,SF,1,100,0.0027
1738264042.539854,290467.000,44287,1,SF,1,100,0.0027
1738264042.939870,290867.000,44353,1,SF,1,100,0.0027
1738264043.205881,291133.000,44403,1,SF,1,100,0.0027
1738264043.539894,291467.000,44453,1,SF,1,100,0.0026
1738264043.939910,291867.000,44521,1,SF,1,100,0.0026
1738264044.205921,292133.000,44570,1,SF,1,100,0.0026
1738264044.539934,292467.000,44621,1,SF,1,100,0.0025
1738264044.872947,292800.000,44670,1,SF,1,100,0.0025
1738264045.272963,293200.000,44738,1,SF,1,100,0.0025
1738264045.539974,293467.000,44788,1,SF,1,100,0.0024
1738264045.872987,293800.000,44837,1,SF,1,100,0.0024
1738264046.273003,294200.000,44903,1,SF,1,100,0.0024
1738264046.539014,294466.000,44954,1,SF,1,100,0.0024
1738264046.873027,294800.000,45003,1,SF,1,100,0.0023
1738264047.206040,295133.000,45057,1,SF,1,100,0.0023
1738264047.539054,295466.000,45108,1,SF,1,100,0.0023
1738264047.873067,295800.000,45158,1,SF,1,100,0.0023
1738264048.273083,296200.000,45224,1,SF,1,100,0.0022
1738264048.539094,296466.000,45274,1,SF,1,100,0.0022
1738264048.873107,296800.000,45326,1,SF,1,100,0.0022
1738264049.273123,297200.000,45392,1,SF,1,100,0.0022
1738264049.606136,297533.000,45441,1,SF,1,100,0.0021
1738264049.872147,297799.000,45492,1,SF,1,100,0.0021
1738264050.206160,298133.000,45541,1,SF,1,100,0.0021
1738264050.606176,298533.000,45607,1,SF,1,100,0.0021
1738264050.872187,298799.000,45657,1,SF,1,100,0.0020
1738264051.206200,299133.000,45707,1,SF,1,100,0.0020
1738264051.539213,299466.000,45757,1,SF,1,100,0.0020
1738264051.939229,299866.000,45825,1,SF,1,100,0.0020
1738264052.206240,300133.000,45874,1,SF,1,100,0.0019
1738264052.539253,300466.000,45933,1,SF,1,100,0.0019
1738264052.872267,300799.000,45982,1,SF,1,100,0.0019
1738264053.205280,301132.000,46034,1,SF,1,100,0.0019
1738264053.606296,301533.000,46100,1,SF,1,100,0.0019
1738264053.872307,301799.000,46150,1,SF,1,100,0.0018
1738264054.205320,302132.000,46202,1,SF,1,100,0.0018
1738264054.605336,302532.000,46268,1,SF,1,100,0.0018
1738264054.872346,302799.000,46317,1,SF,1,100,0.0018
1738264055.205360,303132.000,46370,1,SF,1,100,0.0017
1738264055.539373,303466.000,46419,1,SF,1,100,0.0017
1738264055.939389,303866.000,46485,1,SF,1,100,0.0017
1738264056.205400,304132.000,46537,1,SF,1,100,0.0017
1738264056.538413,304465.000,46586,1,SF,1,100,0.0017
1738264056.938429,304865.000,46652,1,SF,1,100,0.0016
1738264057.205440,305132.000,46703,1,SF,1,100,0.0016
1738264057.605456,305532.000,46761,1,SF,1,100,0.0016
1738264057.872466,305799.000,46812,1,SF,1,100,0.0016
1738264058.205480,306132.000,46861,1,SF,1,100,0.0016
1738264058.605495,306532.000,46927,1,SF,1,100,0.0016
1738264058.872506,306799.000,46979,1,SF,1,100,0.0015
1738264059.205519,307132.000,47029,1,SF,1,100,0.0015
1738264059.538533,307465.000,47079,1,SF,1,100,0.0015
1738264059.938549,307865.000,47145,1,SF,1,100,0.0015
1738264060.205559,308132.000,47196,1,SF,1,100,0.0015
1738264060.538573,308465.000,47246,1,SF,1,100,0.0014
1738264060.938589,308865.000,47312,1,SF,1,100,0.0014
1738264061.205599,309132.000,47362,1,SF,1,100,0.0014
1738264061.538613,309465.000,47412,1,SF,1,100,0.0014
1738264061.871626,309798.000,47461,1,SF,1,100,0.0014
1738264062.271642,310198.000,47529,1,SF,1,100,0.0014
1738264062.604655,310531.000,47585,1,SF,1,100,0.0014
1738264062.871666,310798.000,47634,1,SF,1,100,0.0013
1738264063.205679,311132.000,47685,1,SF,1,100,0.0013
1738264063.538692,311465.000,47734,1,SF,1,100,0.0013
1738264063.938708,311865.000,47800,1,SF,1,100,0.0013
1738264064.204719,312131.000,47852,1,SF,1,100,0.0013
1738264064.538732,312465.000,47901,1,SF,1,100,0.0013
1738264064.938748,312865.000,47970,1,SF,1,100,0.0012
1738264065.271762,313198.000,48020,1,SF,1,100,0.0012
1738264065.538772,313465.000,48069,1,SF,1,100,0.0012
1738264065.871786,313798.000,48119,1,SF,1,100,0.0012
1738264066.271801,314198.000,48187,1,SF,1,100,0.0012
1738264066.538812,314465.000,48237,1,SF,1,100,0.0012
1738264066.871825,314798.000,48287,1,SF,1,100,0.0012
1738264067.271842,315198.000,48355,1,SF,1,100,0.0011
1738264067.604855,315531.000,48406,1,SF,1,100,0.0011
1738264067.937868,315864.000,48462,1,SF,1,100,0.0011
1738264068.204879,316131.000,48511,1,SF,1,100,0.0011
1738264068.537892,316464.000,48562,1,SF,1,100,0.0011
1738264068.871905,316798.000,48611,1,SF,1,100,0.0011
1738264069.270921,317197.000,48679,1,SF,1,100,0.0011
1738264069.537932,317464.000,48729,1,SF,1,100,0.0011
1738264069.870945,317797.000,48778,1,SF,1,100,0.0010
1738264070.270961,318197.000,48844,1,SF,1,100,0.0010
1738264070.537972,318464.000,48895,1,SF,1,100,0.0010
1738264070.870985,318797.000,48944,1,SF,1,100,0.0010
1738264071.204998,319131.000,48994,1,SF,1,100,0.0010
1738264071.605014,319531.000,49062,1,SF,1,100,0.0010
1738264071.871025,319797.000,49112,1,SF,1,100,0.0010
1738264072.205038,320131.000,49162,1,SF,1,100,0.0010
1738264072.605054,320531.000,49232,1,SF,1,100,0.0010
1738264072.938068,320864.000,49286,1,SF,1,100,0.0009
1738264073.271081,321197.000,49336,1,SF,1,100,0.0009
1738264073.538092,321464.000,49385,1,SF,1,100,0.0009
1738264073.871105,321797.000,49437,1,SF,1,100,0.0009
1738264074.271121,322197.000,49503,1,SF,1,100,0.0009
1738264074.538131,322464.000,49553,1,SF,1,100,0.0009
1738264074.871145,322797.000,49603,1,SF,1,100,0.0009
1738264075.204158,323130.000,49652,1,SF,1,100,0.0009
1738264075.604174,323530.000,49718,1,SF,1,100,0.0009
1738264075.871185,323797.000,49769,1,SF,1,100,0.0008
1738264076.204198,324130.000,49820,1,SF,1,100,0.0008
1738264076.604214,324530.000,49886,1,SF,1,100,0.0008
1738264076.871225,324797.000,49938,1,SF,1,100,0.0008
1738264077.204238,325130.000,49988,1,SF,1,100,0.0008
1738264077.537251,325463.000,50040,1,SF,1,100,0.0008
1738264077.937267,325863.000,50111,1,SF,1,100,0.0008
1738264078.271281,326197.000,50163,1,SF,1,100,0.0008
1738264078.604294,326530.000,50213,1,SF,1,100,0.0008
1738264078.871305,326797.000,50262,1,SF,1,100,0.0008
1738264079.204318,327130.000,50314,1,SF,1,100,0.0008
1738264079.604334,327530.000,50380,1,SF,1,100,0.0007
1738264079.870344,327796.000,50430,1,SF,1,100,0.0007
1738264080.204358,328130.000,50480,1,SF,1,100,0.0007
1738264080.604374,328530.000,50548,1,SF,1,100,0.0007
1738264080.937387,328863.000,50597,1,SF,1,100,0.0007
1738264081.204398,329130.000,50648,1,SF,1,100,0.0007
1738264081.537411,329463.000,50697,1,SF,1,100,0.0007
1738264081.937427,329863.000,50765,1,SF,1,100,0.0007
1738264082.204437,330130.000,50815,1,SF,1,100,0.0007
1738264082.537451,330463.000,50868,1,SF,1,100,0.0007
1738264082.937467,330863.000,50935,1,SF,1,100,0.0007
1738264083.204478,331130.000,50975,1,SF,1,100,0.0007
1738264083.537491,331463.000,51027,1,SF,1,100,0.0006
1738264083.937507,331863.000,51093,1,SF,1,100,0.0006
1738264084.203517,332129.000,51142,1,SF,1,100,0.0006
1738264084.537531,332463.000,51192,1,SF,1,100,0.0006
1738264084.937547,332863.000,51260,1,SF,1,100,0.0006
1738264085.203557,333129.000,51310,1,SF,1,100,0.0006
1738264085.537571,333463.000,51360,1,SF,1,100,0.0006
1738264085.870584,333796.000,51411,1,SF,1,100,0.0006
1738264086.270600,334196.000,51477,1,SF,1,100,0.0006
1738264086.536610,334462.000,51528,1,SF,1,100,0.0006
1738264086.870624,334796.000,51579,1,SF,1,100,0.0006
1738264087.270640,335196.000,51647,1,SF,1,100,0.0006
1738264087.537650,335463.000,51699,1,SF,1,100,0.0006
1738264087.870664,335796.000,51749,1,SF,1,100,0.0006
1738264088.203677,336129.000,51804,1,SF,1,100,0.0006
1738264088.536690,336462.000,51853,1,SF,1,100,0.0005
1738264088.936706,336862.000,51921,1,SF,1,100,0.0005
1738264089.203717,337129.000,51972,1,SF,1,100,0.0005
1738264089.536730,337462.000,52021,1,SF,1,100,0.0005
1738264089.870744,337796.000,52073,1,SF,1,100,0.0005
1738264090.269759,338195.000,52139,1,SF,1,100,0.0005
1738264090.536770,338462.000,52189,1,SF,1,100,0.0005
1738264090.869783,338795.000,52239,1,SF,1,100,0.0005
1738264091.269799,339195.000,52307,1,SF,1,100,0.0005
1738264091.603813,339529.000,52356,1,SF,1,100,0.0005
1738264091.869823,339795.000,52409,1,SF,1,100,0.0005
1738264092.203837,340129.000,52458,1,SF,1,100,0.0005
1738264092.602853,340528.000,52528,1,SF,1,100,0.0005
1738264092.869863,340795.000,52578,1,SF,1,100,0.0005
1738264093.202877,341128.000,52628,1,SF,1,100,0.0005
1738264093.536890,341462.000,52685,1,SF,1,100,0.0005
1738264093.869903,341795.000,52734,1,SF,1,100,0.0005
1738264094.269919,342195.000,52803,1,SF,1,100,0.0004
1738264094.602932,342528.000,52855,1,SF,1,100,0.0004
1738264094.869943,342795.000,52904,1,SF,1,100,0.0004
1738264095.202956,343128.000,52956,1,SF,1,100,0.0004
1738264095.602973,343528.000,53024,1,SF,1,100,0.0004
1738264095.869983,343795.000,53074,1,SF,1,100,0.0004
1738264096.202996,344128.000,53126,1,SF,1,100,0.0004
1738264096.537010,344462.000,53175,1,SF,1,100,0.0004
1738264096.936026,344861.000,53241,1,SF,1,100,0.0004
1738264097.203036,345128.000,53292,1,SF,1,100,0.0004
1738264097.536050,345461.000,53345,1,SF,1,100,0.0004
1738264097.936065,345861.000,53411,1,SF,1,100,0.0004
1738264098.203076,346128.000,53461,1,SF,1,100,0.0004
1738264098.603092,346528.000,53518,1,SF,1,100,0.0004
1738264098.870103,346795.000,53568,1,SF,1,100,0.0004
1738264099.203116,347128.000,53617,1,SF,1,100,0.0004
1738264099.603132,347528.000,53683,1,SF,1,100,0.0004
1738264099.870143,347795.000,53736,1,SF,1,100,0.0004
1738264100.203156,348128.000,53785,1,SF,1,100,0.0004
1738264100.536169,348461.000,53835,1,SF,1,100,0.0004
1738264100.936185,348861.000,53903,1,SF,1,100,0.0004
1738264101.203196,349128.000,53953,1,SF,1,100,0.0004
1738264101.536209,349461.000,54003,1,SF,1,100,0.0003
1738264101.936225,349861.000,54069,1,SF,1,100,0.0003
1738264102.269238,350194.000,54122,1,SF,1,100,0.0003
1738264102.536249,350461.000,54173,1,SF,1,100,0.0003
1738264102.869262,350794.000,54222,1,SF,1,100,0.0003
1738264103.269279,351194.000,54288,1,SF,1,100,0.0003
1738264103.602292,351527.000,54345,1,SF,1,100,0.0003
1738264103.936305,351861.000,54395,1,SF,1,100,0.0003
1738264104.203316,352128.000,54447,1,SF,1,100,0.0003
1738264104.536329,352461.000,54497,1,SF,1,100,0.0003
1738264104.936345,352861.000,54563,1,SF,1,100,0.0003
1738264105.269358,353194.000,54613,1,SF,1,100,0.0003
1738264105.536369,353461.000,54662,1,SF,1,100,0.0003
1738264105.869382,353794.000,54712,1,SF,1,100,0.0003
1738264106.269398,354194.000,54778,1,SF,1,100,0.0003
1738264106.536409,354461.000,54828,1,SF,1,100,0.0003
1738264106.869422,354794.000,54878,1,SF,1,100,0.0003
1738264107.202435,355127.000,54927,1,SF,1,100,0.0003
1738264107.602451,355527.000,54995,1,SF,1,100,0.0003
1738264107.869462,355794.000,55046,1,SF,1,100,0.0003
1738264108.202475,356127.000,55095,1,SF,1,100,0.0003
1738264108.602491,356527.000,55161,1,SF,1,100,0.0003
1738264108.869502,356794.000,55200,1,SF,1,100,0.0003
1738264109.268518,357193.000,55266,1,SF,1,100,0.0003
1738264109.535529,357460.000,55316,1,SF,1,100,0.0003
1738264109.868542,357793.000,55366,1,SF,1,100,0.0003
1738264110.268558,358193.000,55432,1,SF,1,100,0.0003
1738264110.602571,358527.000,55482,1,SF,1,100,0.0003
1738264110.868582,358793.000,55531,1,SF,1,100,0.0003
1738264111.202595,359127.000,55583,1,SF,1,100,0.0002
1738264111.602611,359527.000,55651,1,SF,1,100,0.0002
1738264111.868622,359793.000,55701,1,SF,1,100,0.0002
1738264112.202635,360127.000,55751,1,SF,1,100,0.0002
1738264112.535648,360460.000,55802,1,SF,1,100,0.0002
1738264112.935664,360860.000,55870,1,SF,1,100,0.0002
1738264113.201675,361126.000,55921,1,SF,1,100,0.0002
1738264113.535688,361460.000,55970,1,SF,1,100,0.0002
1738264113.868701,361793.000,56025,1,SF,1,100,0.0002
1738264114.201715,362126.000,56077,1,SF,1,100,0.0002
1738264114.601731,362526.000,56143,1,SF,1,100,0.0002
1738264114.868742,362793.000,56193,1,SF,1,100,0.0002
1738264115.201755,363126.000,56242,1,SF,1,100,0.0002
1738264115.601771,363526.000,56311,1,SF,1,100,0.0002
1738264115.868781,363793.000,56361,1,SF,1,100,0.0002
1738264116.201795,364126.000,56410,1,SF,1,100,0.0002
1738264116.534808,364459.000,56462,1,SF,1,100,0.0002
1738264116.934824,364859.000,56528,1,SF,1,100,0.0002
1738264117.201835,365126.000,56578,1,SF,1,100,0.0002
1738264117.534848,365459.000,56632,1,SF,1,100,0.0002
1738264117.934864,365859.000,56698,1,SF,1,100,0.0002
1738264118.268877,366193.000,56747,1,SF,1,100,0.0002
1738264118.534888,366459.000,56802,1,SF,1,100,0.0002
1738264118.868901,366793.000,56851,1,SF,1,100,0.0002
1738264119.201915,367126.000,56907,1,SF,1,100,0.0002
1738264119.534928,367459.000,56956,1,SF,1,100,0.0002
1738264119.934944,367859.000,57024,1,SF,1,100,0.0002
1738264120.201954,368126.000,57074,1,SF,1,100,0.0002
1738264120.534968,368459.000,57123,1,SF,1,100,0.0002
1738264120.934984,368859.000,57190,1,SF,1,100,0.0002
1738264121.201994,369126.000,57240,1,SF,1,100,0.0002
1738264121.535007,369459.000,57289,1,SF,1,100,0.0002
1738264121.868021,369792.000,57339,1,SF,1,100,0.0002
1738264122.268037,370192.000,57409,1,SF,1,100,0.0002
1738264122.535048,370459.000,57459,1,SF,1,100,0.0002
1738264122.868061,370792.000,57509,1,SF,1,100,0.0002
1738264123.201074,371125.000,57558,1,SF,1,100,0.0002
1738264123.601090,371525.000,57624,1,SF,1,100,0.0002
1738264123.868101,371792.000,57675,1,SF,1,100,0.0002
1738264124.201114,372125.000,57729,1,SF,1,100,0.0002
1738264124.535127,372459.000,57779,1,SF,1,100,0.0002
1738264124.868141,372792.000,57829,1,SF,1,100,0.0002
1738264125.268157,373192.000,57895,1,SF,1,100,0.0002
1738264125.535167,373459.000,57947,1,SF,1,100,0.0001
1738264125.868181,373792.000,57996,1,SF,1,100,0.0001
1738264126.268197,374192.000,58062,1,SF,1,100,0.0001
1738264126.534207,374458.000,58113,1,SF,1,100,0.0001
1738264126.868221,374792.000,58162,1,SF,1,100,0.0001
1738264127.201234,375125.000,58212,1,SF,1,100,0.0001
1738264127.601250,375525.000,58280,1,SF,1,100,0.0001
1738264127.868260,375792.000,58330,1,SF,1,100,0.0001
1738264128.201274,376125.000,58380,1,SF,1,100,0.0001
1738264128.601290,376525.000,58448,1,SF,1,100,0.0001
1738264128.868300,376792.000,58497,1,SF,1,100,0.0001
1738264129.268316,377192.000,58553,1,SF,1,100,0.0001
1738264129.534327,377458.000,58602,1,SF,1,100,0.0001
1738264129.867340,377791.000,58652,1,SF,1,100,0.0001
1738264130.267356,378191.000,58718,1,SF,1,100,0.0001
1738264130.534367,378458.000,58768,1,SF,1,100,0.0001
1738264130.867380,378791.000,58818,1,SF,1,100,0.0001
1738264131.201393,379125.000,58867,1,SF,1,100,0.0001
1738264131.601409,379525.000,58933,1,SF,1,100,0.0001
1738264131.867420,379791.000,58984,1,SF,1,100,0.0001
1738264132.201433,380125.000,59033,1,SF,1,100,0.0001
1738264132.600449,380524.000,59101,1,SF,1,100,0.0001
1738264132.934463,380858.000,59151,1,SF,1,100,0.0001
1738264133.201473,381125.000,59201,1,SF,1,100,0.0001
1738264133.534487,381458.000,59253,1,SF,1,100,0.0001
1738264133.934503,381858.000,59319,1,SF,1,100,0.0001
1738264134.200513,382124.000,59368,1,SF,1,100,0.0001
1738264134.600529,382524.000,59424,1,SF,1,100,0.0001
1738264134.867540,382791.000,59473,1,SF,1,100,0.0001
1738264135.200553,383124.000,59523,1,SF,1,100,0.0001
1738264135.600569,383524.000,59589,1,SF,1,100,0.0001
1738264135.867580,383791.000,59639,1,SF,1,100,0.0001
1738264136.200593,384124.000,59689,1,SF,1,100,0.0001
1738264136.533606,384457.000,59738,1,SF,1,100,0.0001
1738264136.933622,384857.000,59804,1,SF,1,100,0.0001
1738264137.200633,385124.000,59855,1,SF,1,100,0.0001
1738264137.533646,385457.000,59906,1,SF,1,100,0.0001
1738264137.933662,385857.000,59972,1,SF,1,100,0.0001
1738264138.200673,386124.000,60024,1,SF,1,100,0.0001
1738264138.533686,386457.000,60074,1,SF,1,100,0.0001
1738264138.867699,386791.000,60124,1,SF,1,100,0.0001
1738264139.267715,387191.000,60192,1,SF,1,100,0.0001
1738264139.533726,387457.000,60228,1,SF,1,100,0.0001
1738264139.933742,387857.000,60294,1,SF,1,100,0.0001
1738264140.200753,388124.000,60345,1,SF,1,100,0.0001
1738264140.533766,388457.000,60395,1,SF,1,100,0.0001
1738264140.933782,388857.000,60461,1,SF,1,100,0.0001
1738264141.200793,389124.000,60513,1,SF,1,100,0.0001
1738264141.533806,389457.000,60563,1,SF,1,100,0.0001
1738264141.866819,389790.000,60612,1,SF,1,100,0.0001
1738264142.266835,390190.000,60680,1,SF,1,100,0.0001
1738264142.533846,390457.000,60733,1,SF,1,100,0.0001
1738264142.866859,390790.000,60782,1,SF,1,100,0.0001
1738264143.266875,391190.000,60848,1,SF,1,100,0.0001
1738264143.533886,391457.000,60898,1,SF,1,100,0.0001
1738264143.866899,391790.000,60948,1,SF,1,100,0.0001
1738264144.199912,392123.000,60998,1,SF,1,100,0.0001
1738264144.599928,392523.000,61073,1,SF,1,100,0.0001
1738264144.933942,392857.000,61123,1,SF,1,100,0.0001
1738264145.266955,393190.000,61173,1,SF,1,100,0.0001
1738264145.533966,393457.000,61222,1,SF,1,100,0.0001
1738264145.866979,393790.000,61272,1,SF,1,100,0.0001
1738264146.266995,394190.000,61338,1,SF,1,100,0.0001
1738264146.534006,394457.000,61388,1,SF,1,100,0.0001
1738264146.867019,394790.000,61438,1,SF,1,100,0.0001
1738264147.200032,395123.000,61487,1,SF,1,100,0.0001
1738264147.600048,395523.000,61555,1,SF,1,100,0.0001
1738264147.867059,395790.000,61606,1,SF,1,100,0.0001
1738264148.200072,396123.000,61655,1,SF,1,100,0.0001
1738264148.600088,396523.000,61721,1,SF,1,100,0.0001
1738264148.933101,396856.000,61771,1,SF,1,100,0.0001
1738264149.200112,397123.000,61821,1,SF,1,100,0.0001
1738264149.533125,397456.000,61871,1,SF,1,100,0.0001
1738264149.866138,397789.000,61925,1,SF,1,100,0.0001
1738264150.266155,398189.000,61992,1,SF,1,100,0.0001
1738264150.533165,398456.000,62042,1,SF,1,100,0.0001
1738264150.866179,398789.000,62093,1,SF,1,100,0.0001
1738264151.200192,399123.000,62143,1,SF,1,100,0.0001
1738264151.600208,399523.000,62209,1,SF,1,100,0.0001
1738264151.866218,399789.000,62259,1,SF,1,100,0.0001
1738264152.200232,400123.000,62309,1,SF,1,100,0.0001
1738264152.599248,400522.000,62377,1,SF,1,100,0.0001
1738264152.933261,400856.000,62426,1,SF,1,100,0.0001
1738264153.199272,401122.000,62477,1,SF,1,100,0.0001
1738264153.533285,401456.000,62528,1,SF,1,100,0.0001
1738264153.933301,401856.000,62594,1,SF,1,100,0.0001
1738264154.199311,402122.000,62646,1,SF,1,100,0.0001
1738264154.533325,402456.000,62695,1,SF,1,100,0.0001
1738264154.866338,402789.000,62751,1,SF,1,100,0.0001
1738264155.199352,403122.000,62800,1,SF,1,100,0.0001
1738264155.599367,403522.000,62869,1,SF,1,100,0.0001
1738264155.866378,403789.000,62919,1,SF,1,100,0.0001
1738264156.199391,404122.000,62968,1,SF,1,100,0.0001
1738264156.532405,404455.000,63018,1,SF,1,100,0.0001
1738264156.932421,404855.000,63084,1,SF,1,100,0.0001
1738264157.199431,405122.000,63136,1,SF,1,100,0.0000
1738264157.532444,405455.000,63188,1,SF,1,100,0.0000
1738264157.932461,405855.000,63254,1,SF,1,100,0.0000
1738264158.199471,406122.000,63303,1,SF,1,100,0.0000
1738264158.532485,406455.000,63356,1,SF,1,100,0.0000
1738264158.866498,406789.000,63405,1,SF,1,100,0.0000
1738264159.265514,407188.000,63471,1,SF,1,100,0.0000
1738264159.532524,407455.000,63521,1,SF,1,100,0.0000
1738264159.865538,407788.000,63570,1,SF,1,100,0.0000
1738264160.199551,408122.000,63628,1,SF,1,100,0.0000
1738264160.532564,408455.000,63677,1,SF,1,100,0.0000
1738264160.932580,408855.000,63743,1,SF,1,100,0.0000
1738264161.199591,409122.000,63794,1,SF,1,100,0.0000
1738264161.532604,409455.000,63843,1,SF,1,100,0.0000
1738264161.865618,409788.000,63893,1,SF,1,100,0.0000
1738264162.265634,410188.000,63961,1,SF,1,100,0.0000
1738264162.532644,410455.000,64013,1,SF,1,100,0.0000
1738264162.865658,410788.000,64063,1,SF,1,100,0.0000
1738264163.265673,411188.000,64129,1,SF,1,100,0.0000
1738264163.598687,411521.000,64178,1,SF,1,100,0.0000
1738264163.865697,411788.000,64231,1,SF,1,100,0.0000
1738264164.198711,412121.000,64280,1,SF,1,100,0.0000
1738264164.598727,412521.000,64346,1,SF,1,100,0.0000
1738264164.865737,412788.000,64398,1,SF,1,100,0.0000
1738264165.265753,413188.000,64453,1,SF,1,100,0.0000
1738264165.532764,413455.000,64503,1,SF,1,100,0.0000
1738264165.865777,413788.000,64554,1,SF,1,100,0.0000
1738264166.265793,414188.000,64620,1,SF,1,100,0.0000
1738264166.532804,414455.000,64671,1,SF,1,100,0.0000
1738264166.865817,414788.000,64722,1,SF,1,100,0.0000
1738264167.265833,415188.000,64790,1,SF,1,100,0.0000
1738264167.598846,415521.000,64840,1,SF,1,100,0.0000
1738264167.865857,415788.000,64892,1,SF,1,100,0.0000
1738264168.198870,416121.000,64942,1,SF,1,100,0.0000
1738264168.598886,416521.000,65010,1,SF,1,100,0.0000
1738264168.865897,416788.000,65059,1,SF,1,100,0.0000
1738264169.198910,417121.000,65109,1,SF,1,100,0.0000
1738264169.598926,417521.000,65176,1,SF,1,100,0.0000
1738264169.931940,417854.000,65225,1,SF,1,100,0.0000
1738264170.264953,418187.000,65280,1,SF,1,100,0.0000
1738264170.531964,418454.000,65330,1,SF,1,100,0.0000
1738264170.864977,418787.000,65382,1,SF,1,100,0.0000
1738264171.198990,419121.000,65431,1,SF,1,100,0.0000
1738264171.599006,419521.000,65497,1,SF,1,100,0.0000
1738264171.865017,419787.000,12,1,SF,1,100,0.0000
1738264172.199030,420121.000,61,1,SF,1,100,0.0000
1738264172.598046,420520.000,129,1,SF,1,100,0.0000
1738264172.865057,420787.000,179,1,SF,1,100,0.0000
1738264173.198070,421120.000,231,1,SF,1,100,0.0000
1738264173.532083,421454.000,281,1,SF,1,100,0.0000
1738264173.932099,421854.000,349,1,SF,1,100,0.0000
1738264174.198110,422120.000,398,1,SF,1,100,0.0000
1738264174.532123,422454.000,449,1,SF,1,100,0.0000
1738264174.865136,422787.000,498,1,SF,1,100,0.0000
1738264175.265152,423187.000,564,1,SF,1,100,0.0000
1738264175.532163,423454.000,621,1,SF,1,100,0.0000
1738264175.865176,423787.000,670,1,SF,1,100,0.0000
1738264176.265192,424187.000,737,1,SF,1,100,0.0000
1738264176.532203,424454.000,787,1,SF,1,100,0.0000
1738264176.865216,424787.000,836,1,SF,1,100,0.0000
1738264177.198230,425120.000,886,1,SF,1,100,0.0000
1738264177.598246,425520.000,954,1,SF,1,100,0.0000
1738264177.865256,425787.000,1004,1,SF,1,100,0.0000
1738264178.198270,426120.000,1054,1,SF,1,100,0.0000
1738264178.598285,426520.000,1120,1,SF,1,100,0.0000
1738264178.931299,426853.000,1171,1,SF,1,100,0.0000
1738264179.198309,427120.000,1222,1,SF,1,100,0.0000
1738264179.531323,427453.000,1273,1,SF,1,100,0.0000
1738264179.931339,427853.000,1339,1,SF,1,100,0.0000
1738264180.198349,428120.000,1389,1,SF,1,100,0.0000
1738264180.531363,428453.000,1444,1,SF,1,100,0.0000
1738264180.931379,428853.000,1510,1,SF,1,100,0.0000
1738264181.264392,429186.000,1560,1,SF,1,100,0.0000
1738264181.531403,429453.000,1609,1,SF,1,100,0.0000
1738264181.864416,429786.000,1659,1,SF,1,100,0.0000
1738264182.264432,430186.000,1729,1,SF,1,100,0.0000
1738264182.531443,430453.000,1779,1,SF,1,100,0.0000
1738264182.864456,430786.000,1829,1,SF,1,100,0.0000
1738264183.197469,431119.000,1880,1,SF,1,100,0.0000
1738264183.597485,431519.000,1946,1,SF,1,100,0.0000
1738264183.864496,431786.000,1997,1,SF,1,100,0.0000
1738264184.197509,432119.000,2048,1,SF,1,100,0.0000
1738264184.597525,432519.000,2114,1,SF,1,100,0.0000
1738264184.864536,432786.000,2164,1,SF,1,100,0.0000
1738264185.197549,433119.000,2214,1,SF,1,100,0.0000
1738264185.531562,433453.000,2271,1,SF,1,100,0.0000
1738264185.930578,433852.000,2337,1,SF,1,100,0.0000
1738264186.197589,434119.000,2386,1,SF,1,100,0.0000
1738264186.530602,434452.000,2437,1,SF,1,100,0.0000
1738264186.864615,434786.000,2486,1,SF,1,100,0.0000
1738264187.264632,435186.000,2554,1,SF,1,100,0.0000
1738264187.530642,435452.000,2604,1,SF,1,100,0.0000
1738264187.864655,435786.000,2653,1,SF,1,100,0.0000
1738264188.264671,436186.000,2719,1,SF,1,100,0.0000
1738264188.530682,436452.000,2770,1,SF,1,100,0.0000
1738264188.863695,436785.000,2819,1,SF,1,100,0.0000
1738264189.197709,437119.000,2869,1,SF,1,100,0.0000
1738264189.597725,437519.000,2935,1,SF,1,100,0.0000
1738264189.863735,437785.000,2985,1,SF,1,100,0.0000
1738264190.197749,438119.000,3035,1,SF,1,100,0.0000
1738264190.597764,438519.000,3103,1,SF,1,100,0.0000
1738264190.930778,438852.000,3157,1,SF,1,100,0.0000
1738264191.197788,439119.000,3210,1,SF,1,100,0.0000
1738264191.530802,439452.000,3259,1,SF,1,100,0.0000
1738264191.930818,439852.000,3325,1,SF,1,100,0.0000
1738264192.197828,440119.000,3375,1,SF,1,100,0.0000
1738264192.530842,440452.000,3429,1,SF,1,100,0.0000
1738264192.863855,440785.000,3479,1,SF,1,100,0.0000
1738264193.263871,441185.000,3545,1,SF,1,100,0.0000
1738264193.530882,441452.000,3594,1,SF,1,100,0.0000
1738264193.863895,441785.000,3644,1,SF,1,100,0.0000
1738264194.263911,442185.000,3711,1,SF,1,100,0.0000
1738264194.596924,442518.000,3762,1,SF,1,100,0.0000
1738264194.863935,442785.000,3814,1,SF,1,100,0.0000
1738264195.196948,443118.000,3863,1,SF,1,100,0.0000
1738264195.596964,443518.000,3929,1,SF,1,100,0.0000
1738264195.863975,443785.000,3985,1,SF,1,100,0.0000
1738264196.196988,444118.000,4034,1,SF,1,100,0.0000
1738264196.530001,444451.000,4084,1,SF,1,100,0.0000
1738264196.930017,444851.000,4150,1,SF,1,100,0.0000
1738264197.197028,445118.000,4200,1,SF,1,100,0.0000
1738264197.530041,445451.000,4254,1,SF,1,100,0.0000
1738264197.930057,445851.000,4320,1,SF,1,100,0.0000
1738264198.197068,446118.000,4369,1,SF,1,100,0.0000
1738264198.530081,446451.000,4420,1,SF,1,100,0.0000
1738264198.864094,446785.000,4469,1,SF,1,100,0.0000
1738264199.263110,447184.000,4535,1,SF,1,100,0.0000
1738264199.530121,447451.000,4585,1,SF,1,100,0.0000
1738264199.863134,447784.000,4636,1,SF,1,100,0.0000
1738264200.263150,448184.000,4703,1,SF,1,100,0.0000
1738264200.597164,448518.000,4753,1,SF,1,100,0.0000
1738264200.930177,448851.000,4806,1,SF,1,100,0.0000
1738264201.197188,449118.000,4839,1,SF,1,100,0.0000
1738264201.597204,449518.000,4905,1,SF,1,100,0.0000
1738264201.863214,449784.000,4955,1,SF,1,100,0.0000
1738264202.197227,450118.000,5005,1,SF,1,100,0.0000
1738264202.597244,450518.000,5073,1,SF,1,100,0.0000
1738264202.863254,450784.000,5122,1,SF,1,100,0.0000
1738264203.196267,451117.000,5173,1,SF,1,100,0.0000
1738264203.530281,451451.000,5222,1,SF,1,100,0.0000
1738264203.930297,451851.000,5288,1,SF,1,100,0.0000
1738264204.196307,452117.000,5338,1,SF,1,100,0.0000
1738264204.530321,452451.000,5387,1,SF,1,100,0.0000
1738264204.930337,452851.000,5453,1,SF,1,100,0.0000
1738264205.196347,453117.000,5504,1,SF,1,100,0.0000
1738264205.530361,453451.000,5553,1,SF,1,100,0.0000
1738264205.863374,453784.000,5603,1,SF,1,100,0.0000
1738264206.196387,454117.000,5662,1,SF,1,100,0.0000
1738264206.596403,454517.000,5728,1,SF,1,100,0.0000
1738264206.863414,454784.000,5780,1,SF,1,100,0.0000
1738264207.196427,455117.000,5830,1,SF,1,100,0.0000
1738264207.529440,455450.000,5884,1,SF,1,100,0.0000
1738264207.929456,455850.000,5950,1,SF,1,100,0.0000
1738264208.196467,456117.000,5999,1,SF,1,100,0.0000
1738264208.529480,456450.000,6049,1,SF,1,100,0.0000
1738264208.929496,456850.000,6115,1,SF,1,100,0.0000
1738264209.196507,457117.000,6165,1,SF,1,100,0.0000
1738264209.529520,457450.000,6215,1,SF,1,100,0.0000
1738264209.929536,457850.000,6281,1,SF,1,100,0.0000
1738264210.262550,458183.000,6330,1,SF,1,100,0.0000
1738264210.529560,458450.000,6381,1,SF,1,100,0.0000
1738264210.862573,458783.000,6430,1,SF,1,100,0.0000
1738264211.262589,459183.000,6501,1,SF,1,100,0.0000
1738264211.529600,459450.000,6551,1,SF,1,100,0.0000
1738264211.862613,459783.000,6601,1,SF,1,100,0.0000
1738264212.262629,460183.000,6669,1,SF,1,100,0.0000
1738264212.595643,460516.000,6719,1,SF,1,100,0.0000
1738264212.862653,460783.000,6768,1,SF,1,100,0.0000
1738264213.195667,461116.000,6818,1,SF,1,100,0.0000
1738264213.595683,461516.000,6885,1,SF,1,100,0.0000
1738264213.862693,461783.000,6934,1,SF,1,100,0.0000
1738264214.195707,462116.000,6984,1,SF,1,100,0.0000
1738264214.529720,462450.000,7033,1,SF,1,100,0.0000
1738264214.929736,462850.000,7099,1,SF,1,100,0.0000
1738264215.195746,463116.000,7150,1,SF,1,100,0.0000
1738264215.529760,463450.000,7199,1,SF,1,100,0.0000
1738264215.928776,463849.000,7265,1,SF,1,100,0.0000
1738264216.262789,464183.000,7320,1,SF,1,100,0.0000
1738264216.595802,464516.000,7370,1,SF,1,100,0.0000
1738264216.862813,464783.000,7420,1,SF,1,100,0.0000
1738264217.195826,465116.000,7469,1,SF,1,100,0.0000
1738264217.595842,465516.000,7537,1,SF,1,100,0.0000
1738264217.862853,465783.000,7588,1,SF,1,100,0.0000
1738264218.195866,466116.000,7637,1,SF,1,100,0.0000
1738264218.595882,466516.000,7703,1,SF,1,100,0.0000
1738264218.928895,466849.000,7753,1,SF,1,100,0.0000
1738264219.195906,467116.000,7803,1,SF,1,100,0.0000
1738264219.528919,467449.000,7853,1,SF,1,100,0.0000
1738264219.928935,467849.000,7919,1,SF,1,100,0.0000
1738264220.195946,468116.000,7968,1,SF,1,100,0.0000
1738264220.528959,468449.000,8018,1,SF,1,100,0.0000
1738264220.928975,468849.000,8085,1,SF,1,100,0.0000
1738264221.261989,469182.000,8134,1,SF,1,100,0.0000
1738264221.528999,469449.000,8172,1,SF,1,100,0.0000
1738264221.929015,469849.000,8238,1,SF,1,100,0.0000
1738264222.196026,470116.000,8287,1,SF,1,100,0.0000
1738264222.529039,470449.000,8339,1,SF,1,100,0.0000
1738264222.929055,470849.000,8406,1,SF,1,100,0.0000
1738264223.262069,471182.000,8455,1,SF,1,100,0.0000
1738264223.529079,471449.000,8505,1,SF,1,100,0.0000
1738264223.862092,471782.000,8554,1,SF,1,100,0.0000
1738264224.262108,472182.000,8620,1,SF,1,100,0.0000
1738264224.529119,472449.000,8671,1,SF,1,100,0.0000
1738264224.862132,472782.000,8720,1,SF,1,100,0.0000
1738264225.262148,473182.000,8786,1,SF,1,100,0.0000
1738264225.595162,473515.000,8836,1,SF,1,100,0.0000
1738264225.862172,473782.000,8886,1,SF,1,100,0.0000
1738264226.195186,474115.000,8936,1,SF,1,100,0.0000
1738264226.595201,474515.000,9009,1,SF,1,100,0.0000
1738264226.862212,474782.000,9058,1,SF,1,100,0.0000
1738264227.195225,475115.000,9109,1,SF,1,100,0.0000
1738264227.595242,475515.000,9177,1,SF,1,100,0.0000
1738264227.928255,475848.000,9226,1,SF,1,100,0.0000
1738264228.195265,476115.000,9278,1,SF,1,100,0.0000
1738264228.528279,476448.000,9327,1,SF,1,100,0.0000
1738264228.928295,476848.000,9393,1,SF,1,100,0.0000
1738264229.195305,477115.000,9444,1,SF,1,100,0.0000
1738264229.528319,477448.000,9493,1,SF,1,100,0.0000
1738264229.861332,477781.000,9545,1,SF,1,100,0.0000
1738264230.261348,478181.000,9611,1,SF,1,100,0.0000
1738264230.528358,478448.000,9661,1,SF,1,100,0.0000
1738264230.861372,478781.000,9711,1,SF,1,100,0.0000
1738264231.261388,479181.000,9777,1,SF,1,100,0.0000
1738264231.595401,479515.000,9831,1,SF,1,100,0.0000
1738264231.861412,479781.000,9882,1,SF,1,100,0.0000
1738264232.195425,480115.000,9931,1,SF,1,100,0.0000
1738264232.595441,480515.000,9999,1,SF,1,100,0.0000
1738264232.861452,480781.000,10049,1,SF,1,100,0.0000
1738264233.194465,481114.000,10098,1,SF,1,100,0.0000
1738264233.594481,481514.000,10165,1,SF,1,100,0.0000
1738264233.928494,481848.000,10215,1,SF,1,100,0.0000
1738264234.194505,482114.000,10266,1,SF,1,100,0.0000
1738264234.528518,482448.000,10316,1,SF,1,100,0.0000
1738264234.928534,482848.000,10384,1,SF,1,100,0.0000
1738264235.194545,483114.000,10434,1,SF,1,100,0.0000
1738264235.528558,483448.000,10486,1,SF,1,100,0.0000
1738264235.928574,483848.000,10552,1,SF,1,100,0.0000
1738264236.261587,484181.000,10601,1,SF,1,100,0.0000
1738264236.528598,484448.000,10654,1,SF,1,100,0.0000
1738264236.861611,484781.000,10709,1,SF,1,100,0.0000
1738264237.194625,485114.000,10761,1,SF,1,100,0.0000
1738264237.528638,485448.000,10813,1,SF,1,100,0.0000
1738264237.927654,485847.000,10881,1,SF,1,100,0.0000
1738264238.194664,486114.000,10930,1,SF,1,100,0.0000
1738264238.527678,486447.000,10980,1,SF,1,100,0.0000
1738264238.927694,486847.000,11046,1,SF,1,100,0.0000
1738264239.194705,487114.000,11096,1,SF,1,100,0.0000
1738264239.527718,487447.000,11146,1,SF,1,100,0.0000
1738264239.860731,487780.000,11195,1,SF,1,100,0.0000
1738264240.260747,488180.000,11261,1,SF,1,100,0.0000
1738264240.527758,488447.000,11312,1,SF,1,100,0.0000
1738264240.860771,488780.000,11361,1,SF,1,100,0.0000
1738264241.260787,489180.000,11427,1,SF,1,100,0.0000
1738264241.527798,489447.000,11479,1,SF,1,100,0.0000
1738264241.860811,489780.000,11534,1,SF,1,100,0.0000
1738264242.193824,490113.000,11584,1,SF,1,100,0.0000
1738264242.594840,490514.000,11652,1,SF,1,100,0.0000
1738264242.860851,490780.000,11701,1,SF,1,100,0.0000
1738264243.193864,491113.000,11751,1,SF,1,100,0.0000
1738264243.593880,491513.000,11818,1,SF,1,100,0.0000
1738264243.860891,491780.000,11867,1,SF,1,100,0.0000
1738264244.193904,492113.000,11917,1,SF,1,100,0.0000
1738264244.527917,492447.000,11966,1,SF,1,100,0.0000
1738264244.927933,492847.000,12032,1,SF,1,100,0.0000
1738264245.193944,493113.000,12083,1,SF,1,100,0.0000
1738264245.527957,493447.000,12134,1,SF,1,100,0.0000
1738264245.860970,493780.000,12184,1,SF,1,100,0.0000
1738264246.260987,494180.000,12252,1,SF,1,100,0.0000
1738264246.526997,494446.000,12302,1,SF,1,100,0.0000
1738264246.861011,494780.000,12354,1,SF,1,100,0.0000
1738264247.261026,495180.000,12429,1,SF,1,100,0.0000
1738264247.594040,495513.000,12480,1,SF,1,100,0.0000
1738264247.861050,495780.000,12531,1,SF,1,100,0.0000
1738264248.194064,496113.000,12580,1,SF,1,100,0.0000
1738264248.594080,496513.000,12648,1,SF,1,100,0.0000
1738264248.861090,496780.000,12698,1,SF,1,100,0.0000
1738264249.194104,497113.000,12748,1,SF,1,100,0.0000
1738264249.527117,497446.000,12798,1,SF,1,100,0.0000
1738264249.927133,497846.000,12864,1,SF,1,100,0.0000
1738264250.194144,498113.000,12913,1,SF,1,100,0.0000
1738264250.527157,498446.000,12965,1,SF,1,100,0.0000
1738264250.927173,498846.000,13031,1,SF,1,100,0.0000
1738264251.194184,499113.000,13081,1,SF,1,100,0.0000
1738264251.527197,499446.000,13133,1,SF,1,100,0.0000
1738264251.860210,499779.000,13182,1,SF,1,100,0.0000
1738264252.260226,500179.000,13257,1,SF,1,100,0.0000
1738264252.527237,500446.000,13308,1,SF,1,100,0.0000
1738264252.860250,500779.000,13357,1,SF,1,100,0.0000
1738264253.260266,501179.000,13423,1,SF,1,100,0.0000
1738264253.527277,501446.000,13473,1,SF,1,100,0.0000
1738264253.860290,501779.000,13523,1,SF,1,100,0.0000
1738264254.193303,502112.000,13573,1,SF,1,100,0.0000
1738264254.593319,502512.000,13639,1,SF,1,100,0.0000
1738264254.860330,502779.000,13690,1,SF,1,100,0.0000
1738264255.193343,503112.000,13740,1,SF,1,100,0.0000
1738264255.593359,503512.000,13807,1,SF,1,100,0.0000
1738264255.927372,503846.000,13856,1,SF,1,100,0.0000
1738264256.193383,504112.000,13906,1,SF,1,100,0.0000
1738264256.527396,504446.000,13955,1,SF,1,100,0.0000
1738264256.926412,504845.000,14023,1,SF,1,100,0.0000
1738264257.193423,505112.000,14079,1,SF,1,100,0.0000
1738264257.526436,505445.000,14130,1,SF,1,100,0.0000
1738264257.860450,505779.000,14180,1,SF,1,100,0.0000
1738264258.260466,506179.000,14246,1,SF,1,100,0.0000
1738264258.526476,506445.000,14296,1,SF,1,100,0.0000
1738264258.860490,506779.000,14346,1,SF,1,100,0.0000
1738264259.259506,507178.000,14412,1,SF,1,100,0.0000
1738264259.593519,507512.000,14461,1,SF,1,100,0.0000
1738264259.859529,507778.000,14512,1,SF,1,100,0.0000
1738264260.193543,508112.000,14563,1,SF,1,100,0.0000
1738264260.593559,508512.000,14629,1,SF,1,100,0.0000
1738264260.859569,508778.000,14679,1,SF,1,100,0.0000
1738264261.193583,509112.000,14728,1,SF,1,100,0.0000
1738264261.593599,509512.000,14795,1,SF,1,100,0.0000
1738264261.926612,509845.000,14847,1,SF,1,100,0.0000
1738264262.193623,510112.000,14896,1,SF,1,100,0.0000
1738264262.526636,510445.000,14953,1,SF,1,100,0.0000
1738264262.926652,510845.000,15019,1,SF,1,100,0.0000
1738264263.192662,511111.000,15069,1,SF,1,100,0.0000
1738264263.526676,511445.000,15119,1,SF,1,100,0.0000
1738264263.926692,511845.000,15185,1,SF,1,100,0.0000
1738264264.259705,512178.000,15234,1,SF,1,100,0.0000
1738264264.526716,512445.000,15285,1,SF,1,100,0.0000
1738264264.859729,512778.000,15334,1,SF,1,100,0.0000
1738264265.259745,513178.000,15400,1,SF,1,100,0.0000
1738264265.526756,513445.000,15450,1,SF,1,100,0.0000
1738264265.859769,513778.000,15499,1,SF,1,100,0.0000
1738264266.259785,514178.000,15566,1,SF,1,100,0.0000
1738264266.592798,514511.000,15616,1,SF,1,100,0.0000
1738264266.859809,514778.000,15665,1,SF,1,100,0.0000
1738264267.192822,515111.000,15717,1,SF,1,100,0.0000
1738264267.525836,515444.000,15774,1,SF,1,100,0.0000
1738264267.925851,515844.000,15840,1,SF,1,100,0.0000
1738264268.259865,516178.000,15890,1,SF,1,100,0.0000
1738264268.525875,516444.000,15940,1,SF,1,100,0.0000
1738264268.859889,516778.000,15990,1,SF,1,100,0.0000
1738264269.259905,517178.000,16056,1,SF,1,100,0.0000
1738264269.525915,517444.000,16105,1,SF,1,100,0.0000
1738264269.858929,517777.000,16156,1,SF,1,100,0.0000
1738264270.192942,518111.000,16205,1,SF,1,100,0.0000
1738264270.592958,518511.000,16271,1,SF,1,100,0.0000
1738264270.858968,518777.000,16321,1,SF,1,100,0.0000
1738264271.192982,519111.000,16372,1,SF,1,100,0.0000
1738264271.592998,519511.000,16439,1,SF,1,100,0.0000
1738264271.859008,519777.000,16491,1,SF,1,100,0.0000
1738264272.193022,520111.000,16540,1,SF,1,100,0.0000
1738264272.593038,520511.000,16597,1,SF,1,100,0.0000
1738264272.859048,520777.000,16647,1,SF,1,100,0.0000
1738264273.192062,521110.000,16696,1,SF,1,100,0.0000
1738264273.592077,521510.000,16762,1,SF,1,100,0.0000
1738264273.859088,521777.000,16815,1,SF,1,100,0.0000
1738264274.192101,522110.000,16864,1,SF,1,100,0.0000
1738264274.592118,522510.000,16932,1,SF,1,100,0.0000
1738264274.926131,522844.000,16982,1,SF,1,100,0.0000
1738264275.192142,523110.000,17034,1,SF,1,100,0.0000
1738264275.526155,523444.000,17084,1,SF,1,100,0.0000
1738264275.926171,523844.000,17150,1,SF,1,100,0.0000
1738264276.192181,524110.000,17199,1,SF,1,100,0.0000
1738264276.525195,524443.000,17250,1,SF,1,100,0.0000
1738264276.859208,524777.000,17301,1,SF,1,100,0.0000
1738264277.259224,525177.000,17369,1,SF,1,100,0.0000
1738264277.525235,525443.000,17419,1,SF,1,100,0.0000
1738264277.859248,525777.000,17475,1,SF,1,100,0.0000
1738264278.259264,526177.000,17544,1,SF,1,100,0.0000
1738264278.592277,526510.000,17594,1,SF,1,100,0.0000
1738264278.859288,526777.000,17643,1,SF,1,100,0.0000
1738264279.192301,527110.000,17693,1,SF,1,100,0.0000
1738264279.592317,527510.000,17759,1,SF,1,100,0.0000
1738264279.859328,527777.000,17809,1,SF,1,100,0.0000
1738264280.192341,528110.000,17859,1,SF,1,100,0.0000
1738264280.525354,528443.000,17908,1,SF,1,100,0.0000
1738264280.925370,528843.000,17976,1,SF,1,100,0.0000
1738264281.192381,529110.000,18029,1,SF,1,100,0.0000
1738264281.525394,529443.000,18078,1,SF,1,100,0.0000
1738264281.925410,529843.000,18144,1,SF,1,100,0.0000
1738264282.192421,530110.000,18196,1,SF,1,100,0.0000
1738264282.525434,530443.000,18248,1,SF,1,100,0.0000
1738264282.925450,530843.000,18301,1,SF,1,100,0.0000
1738264283.192461,531110.000,18352,1,SF,1,100,0.0000
1738264283.525474,531443.000,18403,1,SF,1,100,0.0000
1738264283.925490,531843.000,18469,1,SF,1,100,0.0000
1738264284.258503,532176.000,18521,1,SF,1,100,0.0000
1738264284.525514,532443.000,18571,1,SF,1,100,0.0000
1738264284.858527,532776.000,18621,1,SF,1,100,0.0000
1738264285.258543,533176.000,18689,1,SF,1,100,0.0000
1738264285.525554,533443.000,18738,1,SF,1,100,0.0000
1738264285.858567,533776.000,18788,1,SF,1,100,0.0000
1738264286.258583,534176.000,18857,1,SF,1,100,0.0000
1738264286.591597,534509.000,18908,1,SF,1,100,0.0000
1738264286.858607,534776.000,18958,1,SF,1,100,0.0000
1738264287.191621,535109.000,19007,1,SF,1,100,0.0000
1738264287.591636,535509.000,19075,1,SF,1,100,0.0000
1738264287.858647,535776.000,19133,1,SF,1,100,0.0000
1738264288.191660,536109.000,19182,1,SF,1,100,0.0000
1738264288.524674,536442.000,19232,1,SF,1,100,0.0000
1738264288.924690,536842.000,19300,1,SF,1,100,0.0000
1738264289.191700,537109.000,19352,1,SF,1,100,0.0000
1738264289.524714,537442.000,19402,1,SF,1,100,0.0000
1738264289.924730,537842.000,19468,1,SF,1,100,0.0000
1738264290.191740,538109.000,19517,1,SF,1,100,0.0000
1738264290.524754,538442.000,19570,1,SF,1,100,0.0000
1738264290.857767,538775.000,19619,1,SF,1,100,0.0000
1738264291.257783,539175.000,19687,1,SF,1,100,0.0000
1738264291.524793,539442.000,19737,1,SF,1,100,0.0000
1738264291.857807,539775.000,19786,1,SF,1,100,0.0000
1738264292.257823,540175.000,19854,1,SF,1,100,0.0000
1738264292.524833,540442.000,19907,1,SF,1,100,0.0000
1738264292.857847,540775.000,19956,1,SF,1,100,0.0000
1738264293.257863,541175.000,20012,1,SF,1,100,0.0000
1738264293.524873,541442.000,20064,1,SF,1,100,0.0000
1738264293.857887,541775.000,20115,1,SF,1,100,0.0000
1738264294.257903,542175.000,20181,1,SF,1,100,0.0000
1738264294.524913,542442.000,20232,1,SF,1,100,0.0000
1738264294.857927,542775.000,20281,1,SF,1,100,0.0000
1738264295.190940,543108.000,20331,1,SF,1,100,0.0000
1738264295.590956,543508.000,20397,1,SF,1,100,0.0000
1738264295.857966,543775.000,20449,1,SF,1,100,0.0000
1738264296.190980,544108.000,20499,1,SF,1,100,0.0000
1738264296.590996,544508.000,20567,1,SF,1,100,0.0000
1738264296.924009,544841.000,20616,1,SF,1,100,0.0000
1738264297.191020,545108.000,20667,1,SF,1,100,0.0000
1738264297.524033,545441.000,20718,1,SF,1,100,0.0000
1738264297.924049,545841.000,20786,1,SF,1,100,0.0000
1738264298.191060,546108.000,20843,1,SF,1,100,0.0000
1738264298.524073,546441.000,20892,1,SF,1,100,0.0000
1738264298.924089,546841.000,20961,1,SF,1,100,0.0000
1738264299.257102,547174.000,21011,1,SF,1,100,0.0000
1738264299.524113,547441.000,21060,1,SF,1,100,0.0000
1738264299.857126,547774.000,21110,1,SF,1,100,0.0000
1738264300.257142,548174.000,21178,1,SF,1,100,0.0000
1738264300.524153,548441.000,21228,1,SF,1,100,0.0000
1738264300.857166,548774.000,21278,1,SF,1,100,0.0000
1738264301.191179,549108.000,21329,1,SF,1,100,0.0000
1738264301.591195,549508.000,21395,1,SF,1,100,0.0000
1738264301.857206,549774.000,21446,1,SF,1,100,0.0000
1738264302.191219,550108.000,21495,1,SF,1,100,0.0000
1738264302.591235,550508.000,21563,1,SF,1,100,0.0000
1738264302.857246,550774.000,21615,1,SF,1,100,0.0000
1738264303.190259,551107.000,21670,1,SF,1,100,0.0000
1738264303.524272,551441.000,21720,1,SF,1,100,0.0000
1738264303.924289,551841.000,21786,1,SF,1,100,0.0000
1738264304.190299,552107.000,21835,1,SF,1,100,0.0000
1738264304.524312,552441.000,21887,1,SF,1,100,0.0000
1738264304.924328,552841.000,21953,1,SF,1,100,0.0000
1738264305.190339,553107.000,22005,1,SF,1,100,0.0000
1738264305.524352,553441.000,22055,1,SF,1,100,0.0000
1738264305.857366,553774.000,22104,1,SF,1,100,0.0000
1738264306.257382,554174.000,22170,1,SF,1,100,0.0000
1738264306.523392,554440.000,22223,1,SF,1,100,0.0000
1738264306.857405,554774.000,22272,1,SF,1,100,0.0000
1738264307.257421,555174.000,22340,1,SF,1,100,0.0000
1738264307.523432,555440.000,22390,1,SF,1,100,0.0000
1738264307.857445,555774.000,22440,1,SF,1,100,0.0000
1738264308.190459,556107.000,22490,1,SF,1,100,0.0000
1738264308.523472,556440.000,22544,1,SF,1,100,0.0000
1738264308.923488,556840.000,22610,1,SF,1,100,0.0000
1738264309.190499,557107.000,22661,1,SF,1,100,0.0000
1738264309.523512,557440.000,22710,1,SF,1,100,0.0000
1738264309.923528,557840.000,22776,1,SF,1,100,0.0000
1738264310.256541,558173.000,22826,1,SF,1,100,0.0000
1738264310.523552,558440.000,22876,1,SF,1,100,0.0000
1738264310.856565,558773.000,22928,1,SF,1,100,0.0000
1738264311.256581,559173.000,22994,1,SF,1,100,0.0000
1738264311.523592,559440.000,23043,1,SF,1,100,0.0000
1738264311.856605,559773.000,23096,1,SF,1,100,0.0000
1738264312.256621,560173.000,23164,1,SF,1,100,0.0000
1738264312.589634,560506.000,23213,1,SF,1,100,0.0000
1738264312.856645,560773.000,23263,1,SF,1,100,0.0000
1738264313.189658,561106.000,23314,1,SF,1,100,0.0000
1738264313.523672,561440.000,23370,1,SF,1,100,0.0000
1738264313.856685,561773.000,23421,1,SF,1,100,0.0000
1738264314.189698,562106.000,23470,1,SF,1,100,0.0000
1738264314.589714,562506.000,23538,1,SF,1,100,0.0000
1738264314.856725,562773.000,23588,1,SF,1,100,0.0000
1738264315.189738,563106.000,23637,1,SF,1,100,0.0000
1738264315.589754,563506.000,23703,1,SF,1,100,0.0000
1738264315.856765,563773.000,23754,1,SF,1,100,0.0000
1738264316.189778,564106.000,23805,1,SF,1,100,0.0000
1738264316.523791,564440.000,23855,1,SF,1,100,0.0000
1738264316.922807,564839.000,23921,1,SF,1,100,0.0000
1738264317.189818,565106.000,23971,1,SF,1,100,0.0000
1738264317.522831,565439.000,24023,1,SF,1,100,0.0000
1738264317.922847,565839.000,24089,1,SF,1,100,0.0000
1738264318.256860,566173.000,24140,1,SF,1,100,0.0000
1738264318.589874,566506.000,24196,1,SF,1,100,0.0000
1738264318.856884,566773.000,24247,1,SF,1,100,0.0000
1738264319.189898,567106.000,24297,1,SF,1,100,0.0000
1738264319.589914,567506.000,24364,1,SF,1,100,0.0000
1738264319.922927,567839.000,24413,1,SF,1,100,0.0000
1738264320.189938,568106.000,24463,1,SF,1,100,0.0000
1738264320.522951,568439.000,24514,1,SF,1,100,0.0000
1738264320.922967,568839.000,24580,1,SF,1,100,0.0000
1738264321.189978,569106.000,24631,1,SF,1,100,0.0000
1738264321.522991,569439.000,24680,1,SF,1,100,0.0000
1738264321.923007,569839.000,24748,1,SF,1,100,0.0000
1738264322.256020,570172.000,24800,1,SF,1,100,0.0000
1738264322.523031,570439.000,24852,1,SF,1,100,0.0000
1738264322.856044,570772.000,24902,1,SF,1,100,0.0000
1738264323.256060,571172.000,24968,1,SF,1,100,0.0000
1738264323.523071,571439.000,25017,1,SF,1,100,0.0000
1738264323.856084,571772.000,25073,1,SF,1,100,0.0000
1738264324.189097,572105.000,25122,1,SF,1,100,0.0000
1738264324.589113,572505.000,25190,1,SF,1,100,0.0000
1738264324.856124,572772.000,25240,1,SF,1,100,0.0000
1738264325.189137,573105.000,25289,1,SF,1,100,0.0000
1738264325.589153,573505.000,25357,1,SF,1,100,0.0000
1738264325.856164,573772.000,25408,1,SF,1,100,0.0000
1738264326.189177,574105.000,25457,1,SF,1,100,0.0000
1738264326.522191,574438.000,25507,1,SF,1,100,0.0000
1738264326.922206,574838.000,25575,1,SF,1,100,0.0000
1738264327.189217,575105.000,25625,1,SF,1,100,0.0000
1738264327.522230,575438.000,25677,1,SF,1,100,0.0000
1738264327.922246,575838.000,25745,1,SF,1,100,0.0000
1738264328.256260,576172.000,25794,1,SF,1,100,0.0000
1738264328.522270,576438.000,25845,1,SF,1,100,0.0000
1738264328.855284,576771.000,25899,1,SF,1,100,0.0000
1738264329.256300,577172.000,25967,1,SF,1,100,0.0000
1738264329.589313,577505.000,26017,1,SF,1,100,0.0000
1738264329.855324,577771.000,26067,1,SF,1,100,0.0000
1738264330.189337,578105.000,26117,1,SF,1,100,0.0000
1738264330.589353,578505.000,26185,1,SF,1,100,0.0000
1738264330.855364,578771.000,26234,1,SF,1,100,0.0000
1738264331.189377,579105.000,26285,1,SF,1,100,0.0000
1738264331.522390,579438.000,26334,1,SF,1,100,0.0000
1738264331.922406,579838.000,26400,1,SF,1,100,0.0000
1738264332.189417,580105.000,26450,1,SF,1,100,0.0000
1738264332.522430,580438.000,26501,1,SF,1,100,0.0000
1738264332.922446,580838.000,26567,1,SF,1,100,0.0000
1738264333.189457,581105.000,26620,1,SF,1,100,0.0000
1738264333.522470,581438.000,26669,1,SF,1,100,0.0000
1738264333.922486,581838.000,26722,1,SF,1,100,0.0000
1738264334.188497,582104.000,26772,1,SF,1,100,0.0000
1738264334.522510,582438.000,26822,1,SF,1,100,0.0000
1738264334.922526,582838.000,26888,1,SF,1,100,0.0000
1738264335.255539,583171.000,26938,1,SF,1,100,0.0000
1738264335.522550,583438.000,26989,1,SF,1,100,0.0000
1738264335.855563,583771.000,27039,1,SF,1,100,0.0000
1738264336.255579,584171.000,27105,1,SF,1,100,0.0000
1738264336.522590,584438.000,27157,1,SF,1,100,0.0000
1738264336.855603,584771.000,27207,1,SF,1,100,0.0000
1738264337.188616,585104.000,27256,1,SF,1,100,0.0000
1738264337.588632,585504.000,27326,1,SF,1,100,0.0000
1738264337.855643,585771.000,27379,1,SF,1,100,0.0000
1738264338.188656,586104.000,27428,1,SF,1,100,0.0000
1738264338.588672,586504.000,27494,1,SF,1,100,0.0000
1738264338.855683,586771.000,27544,1,SF,1,100,0.0000
1738264339.254699,587170.000,27600,1,SF,1,100,0.0000
1738264339.521709,587437.000,27651,1,SF,1,100,0.0000
1738264339.854723,587770.000,27701,1,SF,1,100,0.0000
1738264340.254739,588170.000,27767,1,SF,1,100,0.0000
1738264340.521749,588437.000,27817,1,SF,1,100,0.0000
1738264340.854763,588770.000,27869,1,SF,1,100,0.0000
1738264341.188776,589104.000,27918,1,SF,1,100,0.0000
1738264341.588792,589504.000,27984,1,SF,1,100,0.0000
1738264341.854803,589770.000,28035,1,SF,1,100,0.0000
1738264342.188816,590104.000,28084,1,SF,1,100,0.0000
1738264342.588832,590504.000,28152,1,SF,1,100,0.0000
1738264342.921845,590837.000,28202,1,SF,1,100,0.0000
1738264343.187856,591103.000,28252,1,SF,1,100,0.0000
1738264343.521869,591437.000,28304,1,SF,1,100,0.0000
1738264343.921885,591837.000,28370,1,SF,1,100,0.0000
1738264344.254898,592170.000,28426,1,SF,1,100,0.0000
1738264344.521909,592437.000,28479,1,SF,1,100,0.0000
1738264344.854922,592770.000,28528,1,SF,1,100,0.0000
1738264345.187936,593103.000,28578,1,SF,1,100,0.0000
1738264345.587952,593503.000,28644,1,SF,1,100,0.0000
1738264345.854962,593770.000,28694,1,SF,1,100,0.0000
1738264346.187976,594103.000,28746,1,SF,1,100,0.0000
1738264346.587991,594503.000,28812,1,SF,1,100,0.0000
1738264346.921005,594836.000,28863,1,SF,1,100,0.0000
1738264347.188015,595103.000,28914,1,SF,1,100,0.0000
1738264347.521029,595436.000,28967,1,SF,1,100,0.0000
1738264347.921045,595836.000,29033,1,SF,1,100,0.0000
1738264348.188056,596103.000,29083,1,SF,1,100,0.0000
1738264348.521069,596436.000,29132,1,SF,1,100,0.0000
1738264348.921085,596836.000,29201,1,SF,1,100,0.0000
1738264349.254098,597169.000,29254,1,SF,1,100,0.0000
1738264349.588111,597503.000,29303,1,SF,1,100,0.0000
1738264349.854122,597769.000,29354,1,SF,1,100,0.0000
1738264350.188135,598103.000,29403,1,SF,1,100,0.0000
1738264350.588151,598503.000,29471,1,SF,1,100,0.0000
1738264350.854162,598769.000,29521,1,SF,1,100,0.0000
1738264351.188175,599103.000,29571,1,SF,1,100,0.0000
1738264351.521188,599436.000,29621,1,SF,1,100,0.0000
1738264351.921204,599836.000,29687,1,SF,1,100,0.0000
1738264352.188215,600103.000,29736,1,SF,1,100,0.0000
1738264352.521228,600436.000,29789,1,SF,1,100,0.0000
1738264352.854242,600769.000,29840,1,SF,1,100,0.0000
1738264353.254258,601169.000,29906,1,SF,1,100,0.0000
1738264353.521268,601436.000,29956,1,SF,1,100,0.0000
1738264353.854282,601769.000,30005,1,SF,1,100,0.0000
1738264354.254297,602169.000,30074,1,SF,1,100,0.0000
1738264354.521308,602436.000,30112,1,SF,1,100,0.0000
1738264354.921324,602836.000,30179,1,SF,1,100,0.0000
1738264355.187335,603102.000,30229,1,SF,1,100,0.0000
1738264355.521348,603436.000,30280,1,SF,1,100,0.0000
1738264355.854362,603769.000,30330,1,SF,1,100,0.0000
1738264356.254377,604169.000,30396,1,SF,1,100,0.0000
1738264356.521388,604436.000,30446,1,SF,1,100,0.0000
1738264356.854401,604769.000,30498,1,SF,1,100,0.0000
1738264357.187415,605102.000,30547,1,SF,1,100,0.0000
1738264357.587431,605502.000,30615,1,SF,1,100,0.0000
1738264357.854441,605769.000,30666,1,SF,1,100,0.0000
1738264358.187455,606102.000,30717,1,SF,1,100,0.0000
1738264358.587471,606502.000,30783,1,SF,1,100,0.0000
1738264358.854481,606769.000,30833,1,SF,1,100,0.0000
1738264359.187495,607102.000,30883,1,SF,1,100,0.0000
1738264359.520508,607435.000,30940,1,SF,1,100,0.0000
1738264359.853521,607768.000,30990,1,SF,1,100,0.0000
1738264360.253537,608168.000,31056,1,SF,1,100,0.0000
1738264360.587550,608502.000,31106,1,SF,1,100,0.0000
1738264360.853561,608768.000,31157,1,SF,1,100,0.0000
1738264361.187574,609102.000,31207,1,SF,1,100,0.0000
1738264361.587590,609502.000,31273,1,SF,1,100,0.0000
1738264361.853601,609768.000,31323,1,SF,1,100,0.0000
1738264362.186614,610101.000,31375,1,SF,1,100,0.0000
1738264362.520627,610435.000,31426,1,SF,1,100,0.0000
1738264362.920644,610835.000,31492,1,SF,1,100,0.0000
1738264363.186654,611101.000,31545,1,SF,1,100,0.0000
1738264363.520668,611435.000,31594,1,SF,1,100,0.0000
1738264363.920683,611835.000,31660,1,SF,1,100,0.0000
1738264364.186694,612101.000,31710,1,SF,1,100,0.0000
1738264364.520707,612435.000,31760,1,SF,1,100,0.0000
1738264364.853721,612768.000,31817,1,SF,1,100,0.0000
1738264365.253737,613168.000,31883,1,SF,1,100,0.0000
1738264365.520747,613435.000,31932,1,SF,1,100,0.0000
1738264365.853761,613768.000,31984,1,SF,1,100,0.0000
1738264366.253777,614168.000,32050,1,SF,1,100,0.0000
1738264366.586790,614501.000,32100,1,SF,1,100,0.0000
1738264366.853801,614768.000,32152,1,SF,1,100,0.0000
1738264367.186814,615101.000,32201,1,SF,1,100,0.0000
1738264367.586830,615501.000,32269,1,SF,1,100,0.0000
1738264367.853840,615768.000,32320,1,SF,1,100,0.0000
1738264368.186854,616101.000,32371,1,SF,1,100,0.0000
1738264368.519867,616434.000,32421,1,SF,1,100,0.0000
1738264368.919883,616834.000,32487,1,SF,1,100,0.0000
1738264369.186894,617101.000,32539,1,SF,1,100,0.0000
1738264369.519907,617434.000,32591,1,SF,1,100,0.0000
1738264369.919923,617834.000,32662,1,SF,1,100,0.0000
1738264370.186934,618101.000,32711,1,SF,1,100,0.0000
1738264370.519947,618434.000,32764,1,SF,1,100,0.0000
1738264370.852960,618767.000,32813,1,SF,1,100,0.0000
1738264371.252976,619167.000,32879,1,SF,1,100,0.0000
1738264371.519987,619434.000,32931,1,SF,1,100,0.0000
1738264371.853000,619767.000,32980,1,SF,1,100,0.0000
1738264372.253016,620167.000,33049,1,SF,1,100,0.0000
1738264372.587029,620501.000,33099,1,SF,1,100,0.0000
1738264372.853040,620767.000,33150,1,SF,1,100,0.0000
1738264373.186053,621100.000,33200,1,SF,1,100,0.0000
1738264373.586069,621500.000,33266,1,SF,1,100,0.0000
1738264373.853080,621767.000,33316,1,SF,1,100,0.0000
1738264374.186093,622100.000,33368,1,SF,1,100,0.0000
1738264374.520107,622434.000,33417,1,SF,1,100,0.0000
1738264374.853120,622767.000,33473,1,SF,1,100,0.0000
1738264375.186133,623100.000,33525,1,SF,1,100,0.0000
1738264375.586149,623500.000,33594,1,SF,1,100,0.0000
1738264375.920162,623834.000,33643,1,SF,1,100,0.0000
1738264376.186173,624100.000,33695,1,SF,1,100,0.0000
1738264376.519186,624433.000,33744,1,SF,1,100,0.0000
1738264376.919202,624833.000,33810,1,SF,1,100,0.0000
1738264377.186213,625100.000,33861,1,SF,1,100,0.0000
1738264377.519226,625433.000,33912,1,SF,1,100,0.0000
1738264377.853240,625767.000,33962,1,SF,1,100,0.0000
1738264378.253256,626167.000,34028,1,SF,1,100,0.0000
1738264378.519266,626433.000,34078,1,SF,1,100,0.0000
1738264378.853280,626767.000,34128,1,SF,1,100,0.0000
1738264379.252295,627166.000,34196,1,SF,1,100,0.0000
1738264379.519306,627433.000,34245,1,SF,1,100,0.0000
1738264379.852319,627766.000,34296,1,SF,1,100,0.0000
1738264380.186333,628100.000,34351,1,SF,1,100,0.0000
1738264380.519346,628433.000,34401,1,SF,1,100,0.0000
1738264380.852359,628766.000,34451,1,SF,1,100,0.0000
1738264381.252375,629166.000,34519,1,SF,1,100,0.0000
1738264381.519386,629433.000,34568,1,SF,1,100,0.0000
1738264381.852399,629766.000,34618,1,SF,1,100,0.0000
1738264382.252415,630166.000,34686,1,SF,1,100,0.0000
1738264382.586429,630500.000,34738,1,SF,1,100,0.0000
1738264382.852439,630766.000,34788,1,SF,1,100,0.0000
1738264383.185452,631099.000,34837,1,SF,1,100,0.0000
1738264383.585469,631499.000,34905,1,SF,1,100,0.0000
1738264383.852479,631766.000,34956,1,SF,1,100,0.0000
1738264384.185493,632099.000,35005,1,SF,1,100,0.0000
1738264384.585508,632499.000,35071,1,SF,1,100,0.0000
1738264384.919522,632833.000,35123,1,SF,1,100,0.0000
1738264385.252535,633166.000,35178,1,SF,1,100,0.0000
1738264385.519546,633433.000,35228,1,SF,1,100,0.0000
1738264385.852559,633766.000,35280,1,SF,1,100,0.0000
1738264386.185572,634099.000,35330,1,SF,1,100,0.0000
1738264386.585588,634499.000,35396,1,SF,1,100,0.0000
1738264386.852599,634766.000,35445,1,SF,1,100,0.0000
1738264387.185612,635099.000,35495,1,SF,1,100,0.0000
1738264387.585628,635499.000,35564,1,SF,1,100,0.0000
1738264387.918641,635832.000,35613,1,SF,1,100,0.0000
1738264388.185652,636099.000,35663,1,SF,1,100,0.0000
1738264388.518665,636432.000,35712,1,SF,1,100,0.0000
1738264388.918681,636832.000,35778,1,SF,1,100,0.0000
1738264389.185692,637099.000,35829,1,SF,1,100,0.0000
1738264389.518705,637432.000,35878,1,SF,1,100,0.0000
1738264389.918721,637832.000,35944,1,SF,1,100,0.0000
1738264390.251734,638165.000,36003,1,SF,1,100,0.0000
1738264390.585748,638499.000,36053,1,SF,1,100,0.0000
1738264390.851758,638765.000,36103,1,SF,1,100,0.0000
1738264391.185772,639099.000,36153,1,SF,1,100,0.0000
1738264391.518785,639432.000,36205,1,SF,1,100,0.0000
1738264391.918801,639832.000,36271,1,SF,1,100,0.0000
1738264392.185812,640099.000,36320,1,SF,1,100,0.0000
1738264392.518825,640432.000,36372,1,SF,1,100,0.0000
1738264392.918841,640832.000,36438,1,SF,1,100,0.0000
1738264393.184852,641098.000,36488,1,SF,1,100,0.0000
1738264393.518865,641432.000,36538,1,SF,1,100,0.0000
1738264393.851878,641765.000,36589,1,SF,1,100,0.0000
1738264394.251894,642165.000,36655,1,SF,1,100,0.0000
1738264394.518905,642432.000,36708,1,SF,1,100,0.0000
1738264394.851918,642765.000,36757,1,SF,1,100,0.0000
1738264395.251934,643165.000,36823,1,SF,1,100,0.0000
1738264395.517945,643431.000,36860,1,SF,1,100,0.0000
1738264395.918961,643832.000,36928,1,SF,1,100,0.0000
1738264396.184971,644098.000,36978,1,SF,1,100,0.0000
1738264396.517985,644431.000,37027,1,SF,1,100,0.0000
1738264396.918001,644831.000,37096,1,SF,1,100,0.0000
1738264397.252014,645165.000,37146,1,SF,1,100,0.0000
1738264397.518025,645431.000,37197,1,SF,1,100,0.0000
1738264397.852038,645765.000,37249,1,SF,1,100,0.0000
1738264398.252054,646165.000,37315,1,SF,1,100,0.0000
1738264398.518064,646431.000,37365,1,SF,1,100,0.0000
1738264398.852078,646765.000,37415,1,SF,1,100,0.0000
1738264399.251094,647164.000,37485,1,SF,1,100,0.0000
1738264399.585107,647498.000,37534,1,SF,1,100,0.0000
1738264399.851118,647764.000,37589,1,SF,1,100,0.0000
1738264400.185131,648098.000,37638,1,SF,1,100,0.0000
1738264400.518144,648431.000,37693,1,SF,1,100,0.0000
1738264400.918160,648831.000,37762,1,SF,1,100,0.0000
1738264401.251174,649164.000,37811,1,SF,1,100,0.0000
1738264401.518184,649431.000,37861,1,SF,1,100,0.0000
1738264401.851198,649764.000,37910,1,SF,1,100,0.0000
1738264402.251214,650164.000,37980,1,SF,1,100,0.0000
1738264402.518224,650431.000,38031,1,SF,1,100,0.0000
1738264402.851238,650764.000,38080,1,SF,1,100,0.0000
1738264403.251254,651164.000,38148,1,SF,1,100,0.0000
1738264403.584267,651497.000,38198,1,SF,1,100,0.0000
1738264403.851277,651764.000,38248,1,SF,1,100,0.0000
1738264404.184291,652097.000,38298,1,SF,1,100,0.0000
1738264404.584307,652497.000,38366,1,SF,1,100,0.0000
1738264404.851317,652764.000,38415,1,SF,1,100,0.0000
1738264405.184331,653097.000,38466,1,SF,1,100,0.0000
1738264405.518344,653431.000,38517,1,SF,1,100,0.0000
1738264405.851357,653764.000,38576,1,SF,1,100,0.0000
1738264406.251373,654164.000,38643,1,SF,1,100,0.0000
1738264406.584387,654497.000,38692,1,SF,1,100,0.0000
1738264406.851397,654764.000,38744,1,SF,1,100,0.0000
1738264407.184411,655097.000,38793,1,SF,1,100,0.0000
1738264407.584426,655497.000,38861,1,SF,1,100,0.0000
1738264407.851437,655764.000,38912,1,SF,1,100,0.0000
1738264408.184450,656097.000,38963,1,SF,1,100,0.0000
1738264408.517464,656430.000,39013,1,SF,1,100,0.0000
1738264408.917480,656830.000,39079,1,SF,1,100,0.0000
1738264409.184490,657097.000,39131,1,SF,1,100,0.0000
1738264409.517504,657430.000,39181,1,SF,1,100,0.0000
1738264409.917520,657830.000,39247,1,SF,1,100,0.0000
1738264410.184530,658097.000,39298,1,SF,1,100,0.0000
1738264410.517544,658430.000,39349,1,SF,1,100,0.0000
1738264410.850557,658763.000,39403,1,SF,1,100,0.0000
1738264411.184570,659097.000,39453,1,SF,1,100,0.0000
1738264411.584586,659497.000,39521,1,SF,1,100,0.0000
1738264411.850597,659763.000,39571,1,SF,1,100,0.0000
1738264412.184610,660097.000,39621,1,SF,1,100,0.0000
1738264412.583626,660496.000,39693,1,SF,1,100,0.0000
1738264412.917639,660830.000,39742,1,SF,1,100,0.0000
1738264413.183650,661096.000,39793,1,SF,1,100,0.0000
1738264413.517663,661430.000,39844,1,SF,1,100,0.0000
1738264413.917679,661830.000,39910,1,SF,1,100,0.0000
1738264414.183690,662096.000,39960,1,SF,1,100,0.0000
1738264414.517703,662430.000,40010,1,SF,1,100,0.0000
1738264414.850717,662763.000,40062,1,SF,1,100,0.0000
1738264415.250732,663163.000,40130,1,SF,1,100,0.0000
1738264415.516743,663429.000,40179,1,SF,1,100,0.0000
1738264415.917759,663830.000,40236,1,SF,1,100,0.0000
1738264416.183770,664096.000,40285,1,SF,1,100,0.0000
1738264416.516783,664429.000,40335,1,SF,1,100,0.0000
1738264416.916799,664829.000,40401,1,SF,1,100,0.0000
1738264417.183810,665096.000,40453,1,SF,1,100,0.0000
1738264417.516823,665429.000,40505,1,SF,1,100,0.0000
1738264417.916839,665829.000,40571,1,SF,1,100,0.0000
1738264418.250852,666163.000,40622,1,SF,1,100,0.0000
1738264418.516863,666429.000,40673,1,SF,1,100,0.0000
1738264418.850876,666763.000,40722,1,SF,1,100,0.0000
1738264419.249892,667162.000,40788,1,SF,1,100,0.0000
1738264419.516903,667429.000,40840,1,SF,1,100,0.0000
1738264419.849916,667762.000,40889,1,SF,1,100,0.0000
1738264420.249932,668162.000,40956,1,SF,1,100,0.0000
1738264420.583946,668496.000,41008,1,SF,1,100,0.0000
1738264420.849956,668762.000,41057,1,SF,1,100,0.0000
1738264421.183969,669096.000,41113,1,SF,1,100,0.0000
1738264421.516983,669429.000,41162,1,SF,1,100,0.0000
1738264421.849996,669762.000,41214,1,SF,1,100,0.0000
1738264422.250012,670162.000,41282,1,SF,1,100,0.0000
1738264422.517023,670429.000,41332,1,SF,1,100,0.0000
1738264422.850036,670762.000,41384,1,SF,1,100,0.0000
1738264423.250052,671162.000,41450,1,SF,1,100,0.0000
1738264423.517062,671429.000,41499,1,SF,1,100,0.0000
1738264423.850076,671762.000,41550,1,SF,1,100,0.0000
1738264424.183089,672095.000,41601,1,SF,1,100,0.0000
1738264424.583105,672495.000,41667,1,SF,1,100,0.0000
1738264424.850116,672762.000,41717,1,SF,1,100,0.0000
1738264425.183129,673095.000,41766,1,SF,1,100,0.0000
1738264425.583145,673495.000,41834,1,SF,1,100,0.0000
1738264425.916158,673828.000,41885,1,SF,1,100,0.0000
1738264426.250172,674162.000,41941,1,SF,1,100,0.0000
1738264426.517182,674429.000,41992,1,SF,1,100,0.0000
1738264426.850196,674762.000,42043,1,SF,1,100,0.0000
1738264427.183209,675095.000,42093,1,SF,1,100,0.0000
1738264427.583225,675495.000,42161,1,SF,1,100,0.0000
1738264427.850235,675762.000,42211,1,SF,1,100,0.0000
1738264428.183249,676095.000,42261,1,SF,1,100,0.0000
1738264428.583265,676495.000,42327,1,SF,1,100,0.0000
1738264428.850276,676762.000,42376,1,SF,1,100,0.0000
1738264429.183289,677095.000,42427,1,SF,1,100,0.0000
1738264429.516302,677428.000,42476,1,SF,1,100,0.0000
1738264429.916318,677828.000,42544,1,SF,1,100,0.0000
1738264430.183329,678095.000,42594,1,SF,1,100,0.0000
1738264430.516342,678428.000,42643,1,SF,1,100,0.0000
1738264430.916358,678828.000,42710,1,SF,1,100,0.0000
1738264431.249371,679161.000,42765,1,SF,1,100,0.0000
1738264431.583385,679495.000,42814,1,SF,1,100,0.0000
1738264431.849395,679761.000,42865,1,SF,1,100,0.0000
1738264432.183408,680095.000,42914,1,SF,1,100,0.0000
1738264432.582424,680494.000,42986,1,SF,1,100,0.0000
1738264432.916438,680828.000,43036,1,SF,1,100,0.0000
1738264433.182448,681094.000,43086,1,SF,1,100,0.0000
1738264433.516462,681428.000,43136,1,SF,1,100,0.0000
1738264433.916478,681828.000,43202,1,SF,1,100,0.0000
1738264434.182488,682094.000,43251,1,SF,1,100,0.0000
1738264434.516502,682428.000,43301,1,SF,1,100,0.0000
1738264434.916517,682828.000,43368,1,SF,1,100,0.0000
1738264435.249531,683161.000,43417,1,SF,1,100,0.0000
1738264435.516541,683428.000,43467,1,SF,1,100,0.0000
1738264435.849555,683761.000,43516,1,SF,1,100,0.0000
1738264436.249571,684161.000,43582,1,SF,1,100,0.0000
1738264436.516582,684428.000,43623,1,SF,1,100,0.0000
1738264436.915597,684827.000,43690,1,SF,1,100,0.0000
1738264437.182608,685094.000,43742,1,SF,1,100,0.0000
1738264437.515621,685427.000,43793,1,SF,1,100,0.0000
1738264437.849635,685761.000,43843,1,SF,1,100,0.0000
1738264438.249651,686161.000,43911,1,SF,1,100,0.0000
1738264438.515661,686427.000,43961,1,SF,1,100,0.0000
1738264438.849674,686761.000,44011,1,SF,1,100,0.0000
1738264439.248691,687160.000,44077,1,SF,1,100,0.0000
1738264439.582704,687494.000,44128,1,SF,1,100,0.0000
1738264439.848714,687760.000,44179,1,SF,1,100,0.0000
1738264440.182728,688094.000,44228,1,SF,1,100,0.0000
1738264440.582744,688494.000,44294,1,SF,1,100,0.0000
1738264440.848754,688760.000,44346,1,SF,1,100,0.0000
1738264441.182768,689094.000,44395,1,SF,1,100,0.0000
1738264441.515781,689427.000,44451,1,SF,1,100,0.0000
1738264441.848794,689760.000,44500,1,SF,1,100,0.0000
1738264442.248810,690160.000,44570,1,SF,1,100,0.0000
1738264442.515821,690427.000,44621,1,SF,1,100,0.0000
1738264442.848834,690760.000,44670,1,SF,1,100,0.0000
1738264443.181848,691093.000,44720,1,SF,1,100,0.0000
1738264443.582864,691494.000,44788,1,SF,1,100,0.0000
1738264443.848874,691760.000,44838,1,SF,1,100,0.0000
1738264444.181887,692093.000,44888,1,SF,1,100,0.0000
1738264444.581903,692493.000,44956,1,SF,1,100,0.0000
1738264444.915917,692827.000,45005,1,SF,1,100,0.0000
1738264445.181927,693093.000,45056,1,SF,1,100,0.0000
1738264445.515941,693427.000,45105,1,SF,1,100,0.0000
1738264445.915957,693827.000,45173,1,SF,1,100,0.0000
1738264446.181967,694093.000,45225,1,SF,1,100,0.0000
1738264446.648986,694560.000,45283,1,SF,1,100,0.0000
1738264446.848994,694760.000,45319,1,SF,1,100,0.0000
1738264447.249010,695160.000,45387,1,SF,1,100,0.0000
1738264447.582023,695493.000,45436,1,SF,1,100,0.0000
1738264447.849034,695760.000,45487,1,SF,1,100,0.0000
1738264448.182047,696093.000,45536,1,SF,1,100,0.0000
1738264448.582063,696493.000,45604,1,SF,1,100,0.0000
1738264448.849074,696760.000,45654,1,SF,1,100,0.0000
1738264449.182087,697093.000,45704,1,SF,1,100,0.0000
1738264449.582103,697493.000,45772,1,SF,1,100,0.0000
1738264449.915116,697826.000,45822,1,SF,1,100,0.0000
1738264450.182127,698093.000,45871,1,SF,1,100,0.0000
1738264450.515140,698426.000,45923,1,SF,1,100,0.0000
1738264450.915156,698826.000,45989,1,SF,1,100,0.0000
1738264451.182167,699093.000,46039,1,SF,1,100,0.0000
1738264451.515180,699426.000,46091,1,SF,1,100,0.0000
1738264451.848193,699759.000,46144,1,SF,1,100,0.0000
1738264452.182207,700093.000,46194,1,SF,1,100,0.0000
1738264452.581223,700492.000,46262,1,SF,1,100,0.0000
1738264452.848233,700759.000,46313,1,SF,1,100,0.0000
1738264453.181247,701092.000,46364,1,SF,1,100,0.0000
1738264453.515260,701426.000,46413,1,SF,1,100,0.0000
1738264453.915276,701826.000,46481,1,SF,1,100,0.0000
1738264454.181287,702092.000,46531,1,SF,1,100,0.0000
1738264454.515300,702426.000,46580,1,SF,1,100,0.0000
1738264454.915316,702826.000,46648,1,SF,1,100,0.0000
1738264455.181327,703092.000,46699,1,SF,1,100,0.0000
1738264455.515340,703426.000,46748,1,SF,1,100,0.0000
1738264455.848353,703759.000,46798,1,SF,1,100,0.0000
1738264456.248369,704159.000,46866,1,SF,1,100,0.0000
1738264456.515380,704426.000,46916,1,SF,1,100,0.0000
1738264456.848393,704759.000,46973,1,SF,1,100,0.0000
1738264457.181406,705092.000,47025,1,SF,1,100,0.0000
1738264457.514420,705425.000,47077,1,SF,1,100,0.0000
1738264457.914436,705825.000,47143,1,SF,1,100,0.0000
1738264458.181446,706092.000,47192,1,SF,1,100,0.0000
1738264458.514460,706425.000,47244,1,SF,1,100,0.0000
1738264458.914475,706825.000,47310,1,SF,1,100,0.0000
1738264459.181486,707092.000,47360,1,SF,1,100,0.0000
1738264459.514499,707425.000,47412,1,SF,1,100,0.0000
1738264459.847513,707758.000,47461,1,SF,1,100,0.0000
1738264460.247529,708158.000,47527,1,SF,1,100,0.0000
1738264460.514539,708425.000,47578,1,SF,1,100,0.0000
1738264460.847553,708758.000,47627,1,SF,1,100,0.0000
1738264461.247569,709158.000,47695,1,SF,1,100,0.0000
1738264461.514579,709425.000,47745,1,SF,1,100,0.0000
1738264461.847593,709758.000,47795,1,SF,1,100,0.0000
1738264462.180606,710091.000,47852,1,SF,1,100,0.0000
1738264462.514619,710425.000,47903,1,SF,1,100,0.0000
1738264462.914635,710825.000,47970,1,SF,1,100,0.0000
1738264463.247648,711158.000,48022,1,SF,1,100,0.0000
1738264463.514659,711425.000,48071,1,SF,1,100,0.0000
1738264463.847672,711758.000,48121,1,SF,1,100,0.0000
1738264464.247689,712158.000,48187,1,SF,1,100,0.0000
1738264464.514699,712425.000,48239,1,SF,1,100,0.0000
1738264464.847712,712758.000,48289,1,SF,1,100,0.0000
1738264465.180726,713091.000,48338,1,SF,1,100,0.0000
1738264465.580742,713491.000,48404,1,SF,1,100,0.0000
1738264465.847752,713758.000,48455,1,SF,1,100,0.0000
1738264466.180766,714091.000,48506,1,SF,1,100,0.0000
1738264466.580781,714491.000,48572,1,SF,1,100,0.0000
1738264466.847792,714758.000,48624,1,SF,1,100,0.0000
1738264467.247808,715158.000,48681,1,SF,1,100,0.0000
1738264467.514819,715425.000,48731,1,SF,1,100,0.0000
1738264467.847832,715758.000,48781,1,SF,1,100,0.0000
1738264468.180845,716091.000,48833,1,SF,1,100,0.0000
1738264468.580861,716491.000,48899,1,SF,1,100,0.0000
1738264468.846872,716757.000,48948,1,SF,1,100,0.0000
1738264469.180885,717091.000,48998,1,SF,1,100,0.0000
1738264469.580901,717491.000,49064,1,SF,1,100,0.0000
1738264469.847912,717758.000,49114,1,SF,1,100,0.0000
1738264470.180925,718091.000,49164,1,SF,1,100,0.0000
1738264470.513939,718424.000,49215,1,SF,1,100,0.0000
1738264470.913954,718824.000,49281,1,SF,1,100,0.0000
1738264471.180965,719091.000,49332,1,SF,1,100,0.0000
1738264471.513978,719424.000,49381,1,SF,1,100,0.0000
1738264471.913995,719824.000,49447,1,SF,1,100,0.0000
1738264472.247008,720157.000,49500,1,SF,1,100,0.0000
1738264472.580021,720490.000,49552,1,SF,1,100,0.0000
1738264472.847032,720757.000,49602,1,SF,1,100,0.0000
1738264473.180045,721090.000,49651,1,SF,1,100,0.0000
1738264473.581061,721491.000,49718,1,SF,1,100,0.0000
1738264473.914074,721824.000,49768,1,SF,1,100,0.0000
1738264474.180085,722090.000,49817,1,SF,1,100,0.0000
1738264474.514098,722424.000,49867,1,SF,1,100,0.0000
1738264474.914114,722824.000,49933,1,SF,1,100,0.0000
1738264475.180125,723090.000,49983,1,SF,1,100,0.0000
1738264475.514138,723424.000,50033,1,SF,1,100,0.0000
1738264475.914154,723824.000,50101,1,SF,1,100,0.0000
1738264476.247167,724157.000,50150,1,SF,1,100,0.0000
1738264476.514178,724424.000,50201,1,SF,1,100,0.0000
1738264476.847191,724757.000,50252,1,SF,1,100,0.0000
1738264477.247207,725157.000,50320,1,SF,1,100,0.0000
1738264477.513218,725423.000,50361,1,SF,1,100,0.0000
1738264477.913234,725823.000,50427,1,SF,1,100,0.0000
1738264478.180245,726090.000,50479,1,SF,1,100,0.0000
1738264478.513258,726423.000,50528,1,SF,1,100,0.0000
1738264478.913274,726823.000,50594,1,SF,1,100,0.0000
1738264479.180285,727090.000,50645,1,SF,1,100,0.0000
1738264479.513298,727423.000,50694,1,SF,1,100,0.0000
1738264479.846311,727756.000,50744,1,SF,1,100,0.0000
1738264480.246327,728156.000,50812,1,SF,1,100,0.0000
1738264480.513338,728423.000,50862,1,SF,1,100,0.0000
1738264480.846351,728756.000,50912,1,SF,1,100,0.0000
1738264481.246367,729156.000,50980,1,SF,1,100,0.0000
1738264481.580380,729490.000,51029,1,SF,1,100,0.0000
1738264481.846391,729756.000,51080,1,SF,1,100,0.0000
1738264482.180404,730090.000,51129,1,SF,1,100,0.0000
1738264482.513417,730423.000,51186,1,SF,1,100,0.0000
1738264482.846431,730756.000,51236,1,SF,1,100,0.0000
1738264483.246447,731156.000,51304,1,SF,1,100,0.0000
1738264483.513458,731423.000,51354,1,SF,1,100,0.0000
1738264483.846471,731756.000,51403,1,SF,1,100,0.0000
1738264484.246487,732156.000,51471,1,SF,1,100,0.0000
1738264484.513497,732423.000,51522,1,SF,1,100,0.0000
1738264484.846511,732756.000,51571,1,SF,1,100,0.0000
1738264485.179524,733089.000,51623,1,SF,1,100,0.0000
1738264485.579540,733489.000,51689,1,SF,1,100,0.0000
1738264485.846551,733756.000,51739,1,SF,1,100,0.0000
1738264486.179564,734089.000,51791,1,SF,1,100,0.0000
1738264486.579580,734489.000,51857,1,SF,1,100,0.0000
1738264486.912593,734822.000,51908,1,SF,1,100,0.0000
1738264487.179604,735089.000,51959,1,SF,1,100,0.0000
1738264487.512617,735422.000,52010,1,SF,1,100,0.0000
1738264487.846631,735756.000,52067,1,SF,1,100,0.0000
1738264488.246646,736156.000,52134,1,SF,1,100,0.0000
1738264488.579660,736489.000,52183,1,SF,1,100,0.0000
1738264488.845670,736755.000,52235,1,SF,1,100,0.0000
1738264489.179684,737089.000,52284,1,SF,1,100,0.0000
1738264489.579700,737489.000,52350,1,SF,1,100,0.0000
1738264489.846710,737756.000,52401,1,SF,1,100,0.0000
1738264490.179724,738089.000,52452,1,SF,1,100,0.0000
1738264490.512737,738422.000,52502,1,SF,1,100,0.0000
1738264490.912753,738822.000,52570,1,SF,1,100,0.0000
1738264491.179764,739089.000,52620,1,SF,1,100,0.0000
1738264491.512777,739422.000,52670,1,SF,1,100,0.0000
1738264491.912793,739822.000,52736,1,SF,1,100,0.0000
1738264492.179803,740089.000,52787,1,SF,1,100,0.0000
1738264492.512817,740422.000,52840,1,SF,1,100,0.0000
1738264492.845830,740755.000,52896,1,SF,1,100,0.0000
1738264493.178843,741088.000,52946,1,SF,1,100,0.0000
1738264493.578859,741488.000,53013,1,SF,1,100,0.0000
1738264493.912873,741822.000,53064,1,SF,1,100,0.0000
1738264494.178883,742088.000,53114,1,SF,1,100,0.0000
1738264494.512897,742422.000,53163,1,SF,1,100,0.0000
1738264494.912913,742822.000,53231,1,SF,1,100,0.0000
1738264495.178923,743088.000,53282,1,SF,1,100,0.0000
1738264495.511936,743421.000,53331,1,SF,1,100,0.0000
1738264495.845950,743755.000,53383,1,SF,1,100,0.0000
1738264496.245966,744155.000,53449,1,SF,1,100,0.0000
1738264496.511976,744421.000,53499,1,SF,1,100,0.0000
1738264496.845990,744755.000,53551,1,SF,1,100,0.0000
1738264497.246006,745155.000,53619,1,SF,1,100,0.0000
1738264497.513016,745422.000,53668,1,SF,1,100,0.0000
1738264497.912032,745821.000,53722,1,SF,1,100,0.0000
1738264498.179043,746088.000,53771,1,SF,1,100,0.0000
1738264498.512056,746421.000,53821,1,SF,1,100,0.0000
1738264498.912072,746821.000,53889,1,SF,1,100,0.0000
1738264499.179083,747088.000,53939,1,SF,1,100,0.0000
1738264499.512096,747421.000,53989,1,SF,1,100,0.0000
1738264499.845109,747754.000,54038,1,SF,1,100,0.0000
1738264500.245126,748154.000,54106,1,SF,1,100,0.0000
1738264500.512136,748421.000,54157,1,SF,1,100,0.0000
1738264500.845149,748754.000,54208,1,SF,1,100,0.0000
1738264501.245165,749154.000,54276,1,SF,1,100,0.0000
1738264501.512176,749421.000,54328,1,SF,1,100,0.0000
1738264501.845189,749754.000,54380,1,SF,1,100,0.0000
1738264502.179203,750088.000,54430,1,SF,1,100,0.0000
1738264502.579219,750488.000,54498,1,SF,1,100,0.0000
1738264502.845229,750754.000,54549,1,SF,1,100,0.0000
1738264503.245245,751154.000,54607,1,SF,1,100,0.0000
1738264503.512256,751421.000,54656,1,SF,1,100,0.0000
1738264503.845269,751754.000,54706,1,SF,1,100,0.0000
1738264504.245285,752154.000,54772,1,SF,1,100,0.0000
1738264504.512296,752421.000,54824,1,SF,1,100,0.0000
1738264504.845309,752754.000,54874,1,SF,1,100,0.0000
1738264505.245325,753154.000,54942,1,SF,1,100,0.0000
1738264505.578338,753487.000,54991,1,SF,1,100,0.0000
1738264505.845349,753754.000,55042,1,SF,1,100,0.0000
1738264506.178362,754087.000,55091,1,SF,1,100,0.0000
1738264506.578378,754487.000,55159,1,SF,1,100,0.0000
1738264506.845389,754754.000,55209,1,SF,1,100,0.0000
1738264507.178402,755087.000,55261,1,SF,1,100,0.0000
1738264507.512416,755421.000,55313,1,SF,1,100,0.0000
1738264507.911432,755820.000,55379,1,SF,1,100,0.0000
1738264508.245445,756154.000,55435,1,SF,1,100,0.0000
1738264508.511455,756420.000,55485,1,SF,1,100,0.0000
1738264508.845469,756754.000,55534,1,SF,1,100,0.0000
1738264509.178482,757087.000,55586,1,SF,1,100,0.0000
1738264509.578498,757487.000,55652,1,SF,1,100,0.0000
1738264509.844509,757753.000,55702,1,SF,1,100,0.0000
1738264510.178522,758087.000,55754,1,SF,1,100,0.0000
1738264510.578538,758487.000,55820,1,SF,1,100,0.0000
1738264510.911551,758820.000,55871,1,SF,1,100,0.0000
1738264511.178562,759087.000,55922,1,SF,1,100,0.0000
1738264511.511575,759420.000,55971,1,SF,1,100,0.0000
1738264511.911591,759820.000,56039,1,SF,1,100,0.0000
1738264512.178602,760087.000,56089,1,SF,1,100,0.0000
1738264512.511615,760420.000,56140,1,SF,1,100,0.0000
1738264512.911631,760820.000,56207,1,SF,1,100,0.0000
1738264513.244644,761153.000,56264,1,SF,1,100,0.0000
1738264513.577658,761486.000,56313,1,SF,1,100,0.0000
1738264513.844668,761753.000,56364,1,SF,1,100,0.0000
1738264514.177682,762086.000,56413,1,SF,1,100,0.0000
1738264514.577698,762486.000,56479,1,SF,1,100,0.0000
1738264514.911711,762820.000,56529,1,SF,1,100,0.0000
1738264515.177722,763086.000,56581,1,SF,1,100,0.0000
1738264515.511735,763420.000,56631,1,SF,1,100,0.0000
1738264515.911751,763820.000,56697,1,SF,1,100,0.0000
1738264516.177762,764086.000,56748,1,SF,1,100,0.0000
1738264516.511775,764420.000,56798,1,SF,1,100,0.0000
1738264516.910791,764819.000,56865,1,SF,1,100,0.0000
1738264517.244804,765153.000,56918,1,SF,1,100,0.0000
1738264517.510815,765419.000,56968,1,SF,1,100,0.0000
1738264517.844828,765753.000,57017,1,SF,1,100,0.0000
1738264518.244844,766153.000,57087,1,SF,1,100,0.0000
1738264518.577857,766486.000,57141,1,SF,1,100,0.0000
1738264518.910871,766819.000,57190,1,SF,1,100,0.0000
1738264519.177881,767086.000,57241,1,SF,1,100,0.0000
1738264519.510895,767419.000,57290,1,SF,1,100,0.0000
1738264519.910910,767819.000,57356,1,SF,1,100,0.0000
1738264520.177921,768086.000,57406,1,SF,1,100,0.0000
1738264520.510934,768419.000,57455,1,SF,1,100,0.0000
1738264520.910950,768819.000,57522,1,SF,1,100,0.0000
1738264521.243964,769152.000,57574,1,SF,1,100,0.0000
1738264521.510974,769419.000,57623,1,SF,1,100,0.0000
1738264521.843988,769752.000,57675,1,SF,1,100,0.0000
1738264522.244004,770152.000,57743,1,SF,1,100,0.0000
1738264522.511014,770419.000,57793,1,SF,1,100,0.0000
1738264522.844028,770752.000,57845,1,SF,1,100,0.0000
1738264523.177041,771085.000,57894,1,SF,1,100,0.0000
1738264523.511054,771419.000,57952,1,SF,1,100,0.0000
1738264523.911070,771819.000,58022,1,SF,1,100,0.0000
1738264524.244083,772152.000,58071,1,SF,1,100,0.0000
1738264524.511094,772419.000,58122,1,SF,1,100,0.0000
1738264524.844107,772752.000,58173,1,SF,1,100,0.0000
1738264525.244123,773152.000,58239,1,SF,1,100,0.0000
1738264525.511134,773419.000,58291,1,SF,1,100,0.0000
1738264525.844147,773752.000,58340,1,SF,1,100,0.0000
1738264526.244163,774152.000,58406,1,SF,1,100,0.0000
1738264526.510174,774418.000,58457,1,SF,1,100,0.0000
1738264526.844187,774752.000,58508,1,SF,1,100,0.0000
1738264527.177201,775085.000,58558,1,SF,1,100,0.0000
1738264527.577217,775485.000,58628,1,SF,1,100,0.0000
1738264527.844227,775752.000,58678,1,SF,1,100,0.0000
1738264528.177240,776085.000,58728,1,SF,1,100,0.0000
1738264528.577256,776485.000,58801,1,SF,1,100,0.0000
1738264528.844267,776752.000,58835,1,SF,1,100,0.0000
1738264529.244283,777152.000,58901,1,SF,1,100,0.0000
1738264529.510294,777418.000,58950,1,SF,1,100,0.0000
1738264529.843307,777751.000,59002,1,SF,1,100,0.0000
1738264530.243323,778151.000,59068,1,SF,1,100,0.0000
1738264530.510334,778418.000,59120,1,SF,1,100,0.0000
1738264530.843347,778751.000,59170,1,SF,1,100,0.0000
1738264531.177360,779085.000,59219,1,SF,1,100,0.0000
1738264531.577376,779485.000,59287,1,SF,1,100,0.0000
1738264531.843387,779751.000,59338,1,SF,1,100,0.0000
1738264532.177400,780085.000,59387,1,SF,1,100,0.0000
1738264532.577416,780485.000,59455,1,SF,1,100,0.0000
1738264532.843427,780751.000,59507,1,SF,1,100,0.0000
1738264533.176440,781084.000,59557,1,SF,1,100,0.0000
1738264533.510453,781418.000,59609,1,SF,1,100,0.0000
1738264533.843467,781751.000,59663,1,SF,1,100,0.0000
1738264534.176480,782084.000,59716,1,SF,1,100,0.0000
1738264534.576496,782484.000,59782,1,SF,1,100,0.0000
1738264534.843507,782751.000,59831,1,SF,1,100,0.0000
1738264535.176520,783084.000,59881,1,SF,1,100,0.0000
1738264535.576536,783484.000,59949,1,SF,1,100,0.0000
1738264535.843546,783751.000,60001,1,SF,1,100,0.0000
1738264536.176560,784084.000,60051,1,SF,1,100,0.0000
1738264536.509573,784417.000,60100,1,SF,1,100,0.0000
1738264536.909589,784817.000,60168,1,SF,1,100,0.0000
1738264537.176600,785084.000,60219,1,SF,1,100,0.0000
1738264537.509613,785417.000,60272,1,SF,1,100,0.0000
1738264537.909629,785817.000,60338,1,SF,1,100,0.0000
1738264538.176640,786084.000,60388,1,SF,1,100,0.0000
1738264538.509653,786417.000,60438,1,SF,1,100,0.0000
1738264538.843666,786751.000,60495,1,SF,1,100,0.0000
1738264539.176680,787084.000,60546,1,SF,1,100,0.0000
1738264539.576695,787484.000,60614,1,SF,1,100,0.0000
1738264539.843706,787751.000,60665,1,SF,1,100,0.0000
1738264540.176719,788084.000,60714,1,SF,1,100,0.0000
1738264540.509733,788417.000,60764,1,SF,1,100,0.0000
1738264540.909749,788817.000,60830,1,SF,1,100,0.0000
1738264541.176759,789084.000,60880,1,SF,1,100,0.0000
1738264541.509773,789417.000,60930,1,SF,1,100,0.0000
1738264541.909789,789817.000,60996,1,SF,1,100,0.0000
1738264542.242802,790150.000,61045,1,SF,1,100,0.0000
1738264542.509813,790417.000,61098,1,SF,1,100,0.0000
1738264542.842826,790750.000,61147,1,SF,1,100,0.0000
1738264543.242842,791150.000,61215,1,SF,1,100,0.0000
1738264543.509852,791417.000,61265,1,SF,1,100,0.0000
1738264543.842866,791750.000,61314,1,SF,1,100,0.0000
1738264544.175879,792083.000,61368,1,SF,1,100,0.0000
1738264544.509892,792417.000,61417,1,SF,1,100,0.0000
1738264544.909909,792817.000,61486,1,SF,1,100,0.0000
1738264545.242922,793150.000,61536,1,SF,1,100,0.0000
1738264545.509932,793417.000,61585,1,SF,1,100,0.0000
1738264545.842946,793750.000,61637,1,SF,1,100,0.0000
1738264546.242962,794150.000,61703,1,SF,1,100,0.0000
1738264546.509972,794417.000,61755,1,SF,1,100,0.0000
1738264546.842986,794750.000,61805,1,SF,1,100,0.0000
1738264547.175999,795083.000,61854,1,SF,1,100,0.0000
1738264547.576015,795483.000,61922,1,SF,1,100,0.0000
1738264547.843025,795750.000,61973,1,SF,1,100,0.0000
1738264548.176039,796083.000,62022,1,SF,1,100,0.0000
1738264548.576055,796483.000,62088,1,SF,1,100,0.0000
1738264548.843066,796750.000,62138,1,SF,1,100,0.0000
1738264549.243081,797150.000,62197,1,SF,1,100,0.0000
1738264549.509092,797416.000,62249,1,SF,1,100,0.0000
1738264549.842105,797749.000,62298,1,SF,1,100,0.0000
1738264550.242121,798149.000,62365,1,SF,1,100,0.0000
1738264550.576135,798483.000,62415,1,SF,1,100,0.0000
1738264550.842145,798749.000,62464,1,SF,1,100,0.0000
1738264551.176159,799083.000,62514,1,SF,1,100,0.0000
1738264551.576174,799483.000,62580,1,SF,1,100,0.0000
1738264551.842185,799749.000,62630,1,SF,1,100,0.0000
1738264552.176198,800083.000,62682,1,SF,1,100,0.0000
1738264552.576215,800483.000,62750,1,SF,1,100,0.0000
1738264552.909228,800816.000,62799,1,SF,1,100,0.0000
1738264553.175238,801082.000,62850,1,SF,1,100,0.0000
1738264553.509252,801416.000,62899,1,SF,1,100,0.0000
1738264553.909268,801816.000,62965,1,SF,1,100,0.0000
1738264554.242281,802149.000,63022,1,SF,1,100,0.0000
1738264554.575294,802482.000,63072,1,SF,1,100,0.0000
1738264554.842305,802749.000,63124,1,SF,1,100,0.0000
1738264555.175318,803082.000,63173,1,SF,1,100,0.0000
1738264555.575334,803482.000,63241,1,SF,1,100,0.0000
1738264555.842345,803749.000,63292,1,SF,1,100,0.0000
1738264556.175358,804082.000,63341,1,SF,1,100,0.0000
1738264556.508371,804415.000,63391,1,SF,1,100,0.0000
1738264556.908387,804815.000,63459,1,SF,1,100,0.0000
1738264557.175398,805082.000,63509,1,SF,1,100,0.0000
1738264557.508411,805415.000,63563,1,SF,1,100,0.0000
1738264557.908427,805815.000,63629,1,SF,1,100,0.0000
1738264558.175438,806082.000,63680,1,SF,1,100,0.0000
1738264558.508451,806415.000,63731,1,SF,1,100,0.0000
1738264558.842465,806749.000,63780,1,SF,1,100,0.0000
1738264559.241481,807148.000,63846,1,SF,1,100,0.0000
1738264559.575494,807482.000,63903,1,SF,1,100,0.0000
1738264559.841505,807748.000,63953,1,SF,1,100,0.0000
1738264560.175518,808082.000,64003,1,SF,1,100,0.0000
1738264560.508531,808415.000,64052,1,SF,1,100,0.0000
1738264560.908547,808815.000,64118,1,SF,1,100,0.0000
1738264561.175558,809082.000,64169,1,SF,1,100,0.0000
1738264561.508571,809415.000,64218,1,SF,1,100,0.0000
1738264561.908587,809815.000,64286,1,SF,1,100,0.0000
1738264562.175598,810082.000,64336,1,SF,1,100,0.0000
1738264562.508611,810415.000,64388,1,SF,1,100,0.0000
1738264562.841624,810748.000,64438,1,SF,1,100,0.0000
1738264563.241640,811148.000,64506,1,SF,1,100,0.0000
1738264563.508651,811415.000,64555,1,SF,1,100,0.0000
1738264563.841664,811748.000,64605,1,SF,1,100,0.0000
1738264564.241680,812148.000,64671,1,SF,1,100,0.0000
1738264564.574693,812481.000,64726,1,SF,1,100,0.0000
1738264564.841704,812748.000,64776,1,SF,1,100,0.0000
1738264565.174717,813081.000,64826,1,SF,1,100,0.0000
1738264565.508731,813415.000,64876,1,SF,1,100,0.0000
1738264565.908747,813815.000,64942,1,SF,1,100,0.0000
1738264566.174757,814081.000,64991,1,SF,1,100,0.0000
1738264566.507771,814414.000,65041,1,SF,1,100,0.0000
1738264566.907787,814814.000,65108,1,SF,1,100,0.0000
1738264567.241800,815148.000,65159,1,SF,1,100,0.0000
1738264567.507811,815414.000,65211,1,SF,1,100,0.0000
1738264567.841824,815748.000,65260,1,SF,1,100,0.0000
1738264568.241840,816148.000,65326,1,SF,1,100,0.0000
1738264568.507850,816414.000,65379,1,SF,1,100,0.0000
1738264568.841864,816748.000,65428,1,SF,1,100,0.0000
1738264569.241880,817148.000,65494,1,SF,1,100,0.0000
1738264569.574893,817481.000,13,1,SF,1,100,0.0000
1738264569.840904,817747.000,63,1,SF,1,100,0.0000
1738264570.174917,818081.000,113,1,SF,1,100,0.0000
1738264570.574933,818481.000,179,1,SF,1,100,0.0000
1738264570.840944,818747.000,228,1,SF,1,100,0.0000
1738264571.174957,819081.000,279,1,SF,1,100,0.0000
1738264571.507970,819414.000,328,1,SF,1,100,0.0000
1738264571.907986,819814.000,394,1,SF,1,100,0.0000
1738264572.174997,820081.000,444,1,SF,1,100,0.0000
1738264572.508010,820414.000,495,1,SF,1,100,0.0000
1738264572.908026,820814.000,563,1,SF,1,100,0.0000
1738264573.175037,821081.000,614,1,SF,1,100,0.0000
1738264573.508050,821414.000,663,1,SF,1,100,0.0000
1738264573.841063,821747.000,713,1,SF,1,100,0.0000
1738264574.241079,822147.000,779,1,SF,1,100,0.0000
1738264574.508090,822414.000,831,1,SF,1,100,0.0000
1738264574.841103,822747.000,886,1,SF,1,100,0.0000
1738264575.241119,823147.000,952,1,SF,1,100,0.0000
1738264575.508130,823414.000,1001,1,SF,1,100,0.0000
1738264575.841143,823747.000,1052,1,SF,1,100,0.0000
1738264576.174156,824080.000,1101,1,SF,1,100,0.0000
1738264576.574172,824480.000,1169,1,SF,1,100,0.0000
1738264576.841183,824747.000,1219,1,SF,1,100,0.0000
1738264577.174196,825080.000,1268,1,SF,1,100,0.0000
1738264577.574212,825480.000,1337,1,SF,1,100,0.0000
1738264577.907226,825813.000,1387,1,SF,1,100,0.0000
1738264578.174236,826080.000,1436,1,SF,1,100,0.0000
1738264578.507250,826413.000,1486,1,SF,1,100,0.0000
1738264578.907266,826813.000,1554,1,SF,1,100,0.0000
1738264579.174276,827080.000,1604,1,SF,1,100,0.0000
1738264579.507289,827413.000,1654,1,SF,1,100,0.0000
1738264579.840303,827746.000,1710,1,SF,1,100,0.0000
1738264580.174316,828080.000,1759,1,SF,1,100,0.0000
1738264580.574332,828480.000,1825,1,SF,1,100,0.0000
1738264580.840343,828746.000,1875,1,SF,1,100,0.0000
1738264581.174356,829080.000,1925,1,SF,1,100,0.0000
1738264581.507369,829413.000,1975,1,SF,1,100,0.0000
1738264581.907385,829813.000,2041,1,SF,1,100,0.0000
1738264582.174396,830080.000,2090,1,SF,1,100,0.0000
1738264582.507409,830413.000,2142,1,SF,1,100,0.0000
1738264582.907425,830813.000,2208,1,SF,1,100,0.0000
1738264583.174436,831080.000,2258,1,SF,1,100,0.0000
1738264583.507449,831413.000,2308,1,SF,1,100,0.0000
1738264583.840462,831746.000,2357,1,SF,1,100,0.0000
1738264584.240479,832146.000,2423,1,SF,1,100,0.0000
1738264584.507489,832413.000,2474,1,SF,1,100,0.0000
1738264584.907505,832813.000,2527,1,SF,1,100,0.0000
1738264585.240518,833146.000,2577,1,SF,1,100,0.0000
1738264585.507529,833413.000,2627,1,SF,1,100,0.0000
1738264585.840542,833746.000,2676,1,SF,1,100,0.0000
1738264586.240558,834146.000,2745,1,SF,1,100,0.0000
1738264586.573572,834479.000,2795,1,SF,1,100,0.0000
1738264586.840582,834746.000,2844,1,SF,1,100,0.0000
1738264587.173596,835079.000,2894,1,SF,1,100,0.0000
1738264587.573611,835479.000,2963,1,SF,1,100,0.0000
1738264587.840622,835746.000,3014,1,SF,1,100,0.0000
1738264588.173635,836079.000,3064,1,SF,1,100,0.0000
1738264588.506649,836412.000,3113,1,SF,1,100,0.0000
1738264588.906665,836812.000,3179,1,SF,1,100,0.0000
1738264589.173675,837079.000,3230,1,SF,1,100,0.0000
1738264589.506689,837412.000,3279,1,SF,1,100,0.0000
1738264589.839702,837745.000,3329,1,SF,1,100,0.0000
1738264590.239718,838145.000,3402,1,SF,1,100,0.0000
1738264590.506729,838412.000,3452,1,SF,1,100,0.0000
1738264590.839742,838745.000,3502,1,SF,1,100,0.0000
1738264591.239758,839145.000,3568,1,SF,1,100,0.0000
1738264591.573771,839479.000,3617,1,SF,1,100,0.0000
1738264591.839782,839745.000,3668,1,SF,1,100,0.0000
1738264592.173795,840079.000,3717,1,SF,1,100,0.0000
1738264592.572811,840478.000,3785,1,SF,1,100,0.0000
1738264592.839822,840745.000,3835,1,SF,1,100,0.0000
1738264593.172835,841078.000,3885,1,SF,1,100,0.0000
1738264593.506848,841412.000,3935,1,SF,1,100,0.0000
1738264593.906864,841812.000,4001,1,SF,1,100,0.0000
1738264594.172875,842078.000,4050,1,SF,1,100,0.0000
1738264594.506888,842412.000,4100,1,SF,1,100,0.0000
1738264594.906904,842812.000,4166,1,SF,1,100,0.0000
1738264595.239918,843145.000,4221,1,SF,1,100,0.0000
1738264595.506928,843412.000,4273,1,SF,1,100,0.0000
1738264595.839942,843745.000,4322,1,SF,1,100,0.0000
1738264596.239958,844145.000,4390,1,SF,1,100,0.0000
1738264596.506968,844412.000,4441,1,SF,1,100,0.0000
1738264596.839981,844745.000,4492,1,SF,1,100,0.0000
1738264597.239997,845145.000,4560,1,SF,1,100,0.0000
1738264597.573011,845478.000,4610,1,SF,1,100,0.0000
1738264597.840021,845745.000,4660,1,SF,1,100,0.0000
1738264598.173035,846078.000,4710,1,SF,1,100,0.0000
1738264598.573050,846478.000,4778,1,SF,1,100,0.0000
1738264598.840061,846745.000,4827,1,SF,1,100,0.0000
1738264599.173074,847078.000,4877,1,SF,1,100,0.0000
1738264599.573091,847478.000,4946,1,SF,1,100,0.0000
1738264599.906104,847811.000,4995,1,SF,1,100,0.0000
1738264600.173115,848078.000,5050,1,SF,1,100,0.0000
1738264600.506128,848411.000,5100,1,SF,1,100,0.0000
1738264600.839141,848744.000,5150,1,SF,1,100,0.0000
1738264601.239157,849144.000,5218,1,SF,1,100,0.0000
1738264601.506168,849411.000,5267,1,SF,1,100,0.0000
1738264601.839181,849744.000,5317,1,SF,1,100,0.0000
1738264602.239197,850144.000,5386,1,SF,1,100,0.0000
1738264602.573210,850478.000,5435,1,SF,1,100,0.0000
1738264602.839221,850744.000,5485,1,SF,1,100,0.0000
1738264603.172234,851077.000,5534,1,SF,1,100,0.0000
1738264603.572250,851477.000,5600,1,SF,1,100,0.0000
1738264603.839261,851744.000,5651,1,SF,1,100,0.0000
1738264604.172274,852077.000,5700,1,SF,1,100,0.0000
1738264604.506288,852411.000,5752,1,SF,1,100,0.0000
1738264604.906303,852811.000,5820,1,SF,1,100,0.0000
1738264605.172314,853077.000,5870,1,SF,1,100,0.0000
1738264605.506327,853411.000,5925,1,SF,1,100,0.0000
1738264605.905343,853810.000,5993,1,SF,1,100,0.0000
1738264606.172354,854077.000,6042,1,SF,1,100,0.0000
1738264606.505367,854410.000,6093,1,SF,1,100,0.0000
1738264606.839381,854744.000,6142,1,SF,1,100,0.0000
1738264607.239397,855144.000,6210,1,SF,1,100,0.0000
1738264607.505407,855410.000,6260,1,SF,1,100,0.0000
1738264607.839421,855744.000,6309,1,SF,1,100,0.0000
1738264608.239436,856144.000,6376,1,SF,1,100,0.0000
1738264608.572450,856477.000,6426,1,SF,1,100,0.0000
1738264608.838460,856743.000,6475,1,SF,1,100,0.0000
1738264609.172474,857077.000,6525,1,SF,1,100,0.0000
1738264609.572490,857477.000,6593,1,SF,1,100,0.0000
1738264609.839500,857744.000,6645,1,SF,1,100,0.0000
1738264610.172514,858077.000,6695,1,SF,1,100,0.0000
1738264610.505527,858410.000,6749,1,SF,1,100,0.0000
1738264610.905543,858810.000,6815,1,SF,1,100,0.0000
1738264611.172554,859077.000,6866,1,SF,1,100,0.0000
1738264611.505567,859410.000,6915,1,SF,1,100,0.0000
1738264611.905583,859810.000,6981,1,SF,1,100,0.0000
1738264612.238596,860143.000,7033,1,SF,1,100,0.0000
1738264612.505607,860410.000,7083,1,SF,1,100,0.0000
1738264612.838620,860743.000,7133,1,SF,1,100,0.0000
1738264613.238636,861143.000,7199,1,SF,1,100,0.0000
1738264613.505647,861410.000,7248,1,SF,1,100,0.0000
1738264613.838660,861743.000,7299,1,SF,1,100,0.0000
1738264614.171673,862076.000,7350,1,SF,1,100,0.0000
1738264614.571689,862476.000,7416,1,SF,1,100,0.0000
1738264614.838700,862743.000,7466,1,SF,1,100,0.0000
1738264615.171713,863076.000,7517,1,SF,1,100,0.0000
1738264615.571729,863476.000,7588,1,SF,1,100,0.0000
1738264615.838740,863743.000,7639,1,SF,1,100,0.0000
1738264616.171753,864076.000,7690,1,SF,1,100,0.0000
1738264616.504766,864409.000,7740,1,SF,1,100,0.0000
1738264616.904782,864809.000,7806,1,SF,1,100,0.0000
1738264617.171793,865076.000,7856,1,SF,1,100,0.0000
1738264617.504806,865409.000,7908,1,SF,1,100,0.0000
1738264617.904822,865809.000,7974,1,SF,1,100,0.0000
1738264618.238836,866143.000,8023,1,SF,1,100,0.0000
1738264618.504846,866409.000,8076,1,SF,1,100,0.0000
1738264618.838860,866743.000,8125,1,SF,1,100,0.0000
1738264619.237875,867142.000,8193,1,SF,1,100,0.0000
1738264619.504886,867409.000,8243,1,SF,1,100,0.0000
1738264619.837899,867742.000,8292,1,SF,1,100,0.0000
1738264620.237916,868142.000,8359,1,SF,1,100,0.0000
1738264620.571929,868476.000,8411,1,SF,1,100,0.0000
1738264620.837940,868742.000,8465,1,SF,1,100,0.0000
1738264621.171953,869076.000,8516,1,SF,1,100,0.0000
1738264621.504966,869409.000,8565,1,SF,1,100,0.0000
1738264621.904982,869809.000,8631,1,SF,1,100,0.0000
1738264622.171993,870076.000,8681,1,SF,1,100,0.0000
1738264622.505006,870409.000,8732,1,SF,1,100,0.0000
1738264622.905022,870809.000,8798,1,SF,1,100,0.0000
1738264623.172033,871076.000,8851,1,SF,1,100,0.0000
1738264623.505046,871409.000,8900,1,SF,1,100,0.0000
1738264623.838059,871742.000,8950,1,SF,1,100,0.0000
1738264624.238075,872142.000,9018,1,SF,1,100,0.0000
1738264624.505086,872409.000,9068,1,SF,1,100,0.0000
1738264624.838099,872742.000,9118,1,SF,1,100,0.0000
1738264625.238115,873142.000,9186,1,SF,1,100,0.0000
1738264625.505126,873409.000,9235,1,SF,1,100,0.0000
1738264625.838139,873742.000,9291,1,SF,1,100,0.0000
1738264626.171152,874075.000,9340,1,SF,1,100,0.0000
1738264626.571168,874475.000,9406,1,SF,1,100,0.0000
1738264626.838179,874742.000,9456,1,SF,1,100,0.0000
1738264627.171192,875075.000,9505,1,SF,1,100,0.0000
1738264627.571208,875475.000,9573,1,SF,1,100,0.0000
1738264627.838219,875742.000,9626,1,SF,1,100,0.0000
1738264628.171232,876075.000,9675,1,SF,1,100,0.0000
1738264628.504246,876408.000,9725,1,SF,1,100,0.0000
1738264628.904261,876808.000,9791,1,SF,1,100,0.0000
1738264629.171272,877075.000,9841,1,SF,1,100,0.0000
1738264629.504285,877408.000,9891,1,SF,1,100,0.0000
1738264629.904301,877808.000,9959,1,SF,1,100,0.0000
1738264630.237315,878141.000,10008,1,SF,1,100,0.0000
1738264630.504325,878408.000,10059,1,SF,1,100,0.0000
1738264630.837339,878741.000,10108,1,SF,1,100,0.0000
1738264631.171352,879075.000,10165,1,SF,1,100,0.0000
1738264631.571368,879475.000,10231,1,SF,1,100,0.0000
1738264631.837379,879741.000,10281,1,SF,1,100,0.0000
1738264632.171392,880075.000,10335,1,SF,1,100,0.0000
1738264632.570408,880474.000,10403,1,SF,1,100,0.0000
1738264632.904421,880808.000,10452,1,SF,1,100,0.0000
1738264633.170432,881074.000,10503,1,SF,1,100,0.0000
1738264633.504445,881408.000,10552,1,SF,1,100,0.0000
1738264633.904461,881808.000,10618,1,SF,1,100,0.0000
1738264634.170472,882074.000,10668,1,SF,1,100,0.0000
1738264634.504485,882408.000,10718,1,SF,1,100,0.0000
1738264634.904501,882808.000,10786,1,SF,1,100,0.0000
1738264635.237514,883141.000,10836,1,SF,1,100,0.0000
1738264635.504525,883408.000,10885,1,SF,1,100,0.0000
1738264635.837538,883741.000,10935,1,SF,1,100,0.0000
1738264636.170552,884074.000,10991,1,SF,1,100,0.0000
1738264636.570567,884474.000,11057,1,SF,1,100,0.0000
1738264636.903581,884807.000,11106,1,SF,1,100,0.0000
1738264637.170591,885074.000,11157,1,SF,1,100,0.0000
1738264637.503605,885407.000,11210,1,SF,1,100,0.0000
1738264637.903621,885807.000,11276,1,SF,1,100,0.0000
1738264638.170631,886074.000,11326,1,SF,1,100,0.0000
1738264638.503645,886407.000,11375,1,SF,1,100,0.0000
1738264638.903661,886807.000,11442,1,SF,1,100,0.0000
1738264639.237674,887141.000,11492,1,SF,1,100,0.0000
1738264639.503685,887407.000,11541,1,SF,1,100,0.0000
1738264639.836698,887740.000,11591,1,SF,1,100,0.0000
1738264640.236714,888140.000,11657,1,SF,1,100,0.0000
1738264640.503724,888407.000,11707,1,SF,1,100,0.0000
1738264640.836738,888740.000,11757,1,SF,1,100,0.0000
1738264641.170751,889074.000,11810,1,SF,1,100,0.0000
1738264641.503764,889407.000,11859,1,SF,1,100,0.0000
1738264641.836778,889740.000,11909,1,SF,1,100,0.0000
1738264642.236794,890140.000,11977,1,SF,1,100,0.0000
1738264642.503804,890407.000,12027,1,SF,1,100,0.0000
1738264642.836818,890740.000,12077,1,SF,1,100,0.0000
1738264643.236834,891140.000,12143,1,SF,1,100,0.0000
1738264643.569847,891473.000,12192,1,SF,1,100,0.0000
1738264643.836858,891740.000,12243,1,SF,1,100,0.0000
1738264644.169871,892073.000,12292,1,SF,1,100,0.0000
1738264644.569887,892473.000,12358,1,SF,1,100,0.0000
1738264644.836897,892740.000,12410,1,SF,1,100,0.0000
1738264645.169911,893073.000,12459,1,SF,1,100,0.0000
1738264645.503924,893407.000,12510,1,SF,1,100,0.0000
1738264645.902940,893806.000,12576,1,SF,1,100,0.0000
1738264646.169951,894073.000,12625,1,SF,1,100,0.0000
1738264646.502964,894406.000,12684,1,SF,1,100,0.0000
1738264646.902980,894806.000,12750,1,SF,1,100,0.0000
1738264647.169991,895073.000,12802,1,SF,1,100,0.0000
1738264647.503004,895406.000,12854,1,SF,1,100,0.0000
1738264647.837017,895740.000,12905,1,SF,1,100,0.0000
1738264648.237033,896140.000,12971,1,SF,1,100,0.0000
1738264648.503044,896406.000,13026,1,SF,1,100,0.0000
1738264648.837057,896740.000,13075,1,SF,1,100,0.0000
1738264649.237073,897140.000,13141,1,SF,1,100,0.0000
1738264649.570086,897473.000,13193,1,SF,1,100,0.0000
1738264649.836097,897739.000,13243,1,SF,1,100,0.0000
1738264650.170110,898073.000,13293,1,SF,1,100,0.0000
1738264650.570126,898473.000,13359,1,SF,1,100,0.0000
1738264650.836137,898739.000,13410,1,SF,1,100,0.0000
1738264651.170150,899073.000,13460,1,SF,1,100,0.0000
1738264651.570166,899473.000,13514,1,SF,1,100,0.0000
1738264651.836177,899739.000,13564,1,SF,1,100,0.0000
1738264652.170190,900073.000,13614,1,SF,1,100,0.0000
1738264652.569206,900472.000,13682,1,SF,1,100,0.0000
1738264652.836217,900739.000,13731,1,SF,1,100,0.0000
1738264653.169230,901072.000,13781,1,SF,1,100,0.0000
1738264653.503243,901406.000,13831,1,SF,1,100,0.0000
1738264653.903259,901806.000,13897,1,SF,1,100,0.0000
1738264654.169270,902072.000,13947,1,SF,1,100,0.0000
1738264654.503283,902406.000,13996,1,SF,1,100,0.0000
1738264654.903299,902806.000,14062,1,SF,1,100,0.0000
1738264655.169310,903072.000,14113,1,SF,1,100,0.0000
1738264655.503323,903406.000,14162,1,SF,1,100,0.0000
1738264655.836337,903739.000,14212,1,SF,1,100,0.0000
1738264656.236352,904139.000,14280,1,SF,1,100,0.0000
1738264656.569366,904472.000,14335,1,SF,1,100,0.0000
1738264656.836376,904739.000,14385,1,SF,1,100,0.0000
1738264657.169390,905072.000,14435,1,SF,1,100,0.0000
1738264657.502403,905405.000,14489,1,SF,1,100,0.0000
1738264657.902419,905805.000,14555,1,SF,1,100,0.0000
1738264658.169430,906072.000,14604,1,SF,1,100,0.0000
1738264658.502443,906405.000,14656,1,SF,1,100,0.0000
1738264658.902459,906805.000,14723,1,SF,1,100,0.0000
1738264659.236472,907139.000,14774,1,SF,1,100,0.0000
1738264659.502483,907405.000,14824,1,SF,1,100,0.0000
1738264659.835496,907738.000,14873,1,SF,1,100,0.0000
1738264660.235512,908138.000,14939,1,SF,1,100,0.0000
1738264660.502523,908405.000,14990,1,SF,1,100,0.0000
1738264660.835536,908738.000,15039,1,SF,1,100,0.0000
1738264661.235552,909138.000,15105,1,SF,1,100,0.0000
1738264661.569565,909472.000,15155,1,SF,1,100,0.0000
1738264661.835576,909738.000,15214,1,SF,1,100,0.0000
1738264662.168589,910071.000,15264,1,SF,1,100,0.0000
1738264662.569605,910472.000,15332,1,SF,1,100,0.0000
1738264662.835616,910738.000,15381,1,SF,1,100,0.0000
1738264663.168629,911071.000,15431,1,SF,1,100,0.0000
1738264663.568645,911471.000,15498,1,SF,1,100,0.0000
1738264663.902658,911805.000,15547,1,SF,1,100,0.0000
1738264664.168669,912071.000,15597,1,SF,1,100,0.0000
1738264664.502682,912405.000,15646,1,SF,1,100,0.0000
1738264664.902699,912805.000,15712,1,SF,1,100,0.0000
1738264665.168709,913071.000,15763,1,SF,1,100,0.0000
1738264665.502723,913405.000,15812,1,SF,1,100,0.0000
1738264665.902738,913805.000,15878,1,SF,1,100,0.0000
1738264666.235752,914138.000,15928,1,SF,1,100,0.0000
1738264666.501762,914404.000,15978,1,SF,1,100,0.0000
1738264666.835776,914738.000,16033,1,SF,1,100,0.0000
1738264667.235792,915138.000,16101,1,SF,1,100,0.0000
1738264667.501802,915404.000,16150,1,SF,1,100,0.0000
1738264667.835815,915738.000,16201,1,SF,1,100,0.0000
1738264668.168829,916071.000,16250,1,SF,1,100,0.0000
1738264668.568845,916471.000,16318,1,SF,1,100,0.0000
1738264668.835855,916738.000,16368,1,SF,1,100,0.0000
1738264669.168869,917071.000,16417,1,SF,1,100,0.0000
1738264669.568885,917471.000,16483,1,SF,1,100,0.0000
1738264669.835895,917738.000,16534,1,SF,1,100,0.0000
1738264670.168909,918071.000,16583,1,SF,1,100,0.0000
1738264670.501922,918404.000,16635,1,SF,1,100,0.0000
1738264670.901938,918804.000,16701,1,SF,1,100,0.0000
1738264671.168949,919071.000,16751,1,SF,1,100,0.0000
1738264671.501962,919404.000,16803,1,SF,1,100,0.0000
1738264671.901978,919804.000,16856,1,SF,1,100,0.0000
1738264672.234991,920137.000,16907,1,SF,1,100,0.0000
1738264672.502002,920404.000,16958,1,SF,1,100,0.0000
1738264672.835015,920737.000,17009,1,SF,1,100,0.0000
1738264673.235031,921137.000,17075,1,SF,1,100,0.0000
1738264673.502042,921404.000,17125,1,SF,1,100,0.0000
1738264673.835055,921737.000,17175,1,SF,1,100,0.0000
1738264674.168068,922070.000,17225,1,SF,1,100,0.0000
1738264674.568084,922470.000,17291,1,SF,1,100,0.0000
1738264674.835095,922737.000,17340,1,SF,1,100,0.0000
1738264675.168108,923070.000,17390,1,SF,1,100,0.0000
1738264675.568124,923470.000,17456,1,SF,1,100,0.0000
1738264675.835135,923737.000,17506,1,SF,1,100,0.0000
1738264676.168148,924070.000,17556,1,SF,1,100,0.0000
1738264676.501161,924403.000,17605,1,SF,1,100,0.0000
1738264676.901177,924803.000,17671,1,SF,1,100,0.0000
1738264677.168188,925070.000,17729,1,SF,1,100,0.0000
1738264677.501201,925403.000,17780,1,SF,1,100,0.0000
1738264677.901217,925803.000,17846,1,SF,1,100,0.0000
1738264678.168228,926070.000,17896,1,SF,1,100,0.0000
1738264678.501241,926403.000,17946,1,SF,1,100,0.0000
1738264678.835255,926737.000,17996,1,SF,1,100,0.0000
1738264679.234271,927136.000,18064,1,SF,1,100,0.0000
1738264679.501281,927403.000,18113,1,SF,1,100,0.0000
1738264679.834295,927736.000,18163,1,SF,1,100,0.0000
1738264680.234310,928136.000,18230,1,SF,1,100,0.0000
1738264680.568324,928470.000,18279,1,SF,1,100,0.0000
1738264680.834334,928736.000,18329,1,SF,1,100,0.0000
1738264681.168348,929070.000,18378,1,SF,1,100,0.0000
1738264681.568364,929470.000,18444,1,SF,1,100,0.0000
1738264681.834374,929736.000,18495,1,SF,1,100,0.0000
1738264682.168388,930070.000,18549,1,SF,1,100,0.0000
1738264682.568404,930470.000,18617,1,SF,1,100,0.0000
1738264682.901417,930803.000,18667,1,SF,1,100,0.0000
1738264683.167428,931069.000,18717,1,SF,1,100,0.0000
1738264683.501441,931403.000,18767,1,SF,1,100,0.0000
1738264683.901457,931803.000,18833,1,SF,1,100,0.0000
1738264684.167468,932069.000,18882,1,SF,1,100,0.0000
1738264684.501481,932403.000,18933,1,SF,1,100,0.0000
1738264684.834494,932736.000,18982,1,SF,1,100,0.0000
1738264685.234510,933136.000,19048,1,SF,1,100,0.0000
1738264685.501521,933403.000,19098,1,SF,1,100,0.0000
1738264685.834534,933736.000,19147,1,SF,1,100,0.0000
1738264686.234550,934136.000,19214,1,SF,1,100,0.0000
1738264686.567563,934469.000,19264,1,SF,1,100,0.0000
1738264686.834574,934736.000,19313,1,SF,1,100,0.0000
1738264687.167587,935069.000,19368,1,SF,1,100,0.0000
1738264687.500601,935402.000,19421,1,SF,1,100,0.0000
1738264687.834614,935736.000,19470,1,SF,1,100,0.0000
1738264688.234630,936136.000,19536,1,SF,1,100,0.0000
1738264688.500640,936402.000,19587,1,SF,1,100,0.0000
1738264688.834654,936736.000,19636,1,SF,1,100,0.0000
1738264689.234670,937136.000,19702,1,SF,1,100,0.0000
1738264689.500680,937402.000,19752,1,SF,1,100,0.0000
1738264689.833694,937735.000,19804,1,SF,1,100,0.0000
1738264690.167707,938069.000,19854,1,SF,1,100,0.0000
1738264690.567723,938469.000,19920,1,SF,1,100,0.0000
1738264690.833734,938735.000,19969,1,SF,1,100,0.0000
1738264691.167747,939069.000,20019,1,SF,1,100,0.0000
1738264691.567763,939469.000,20085,1,SF,1,100,0.0000
1738264691.833774,939735.000,20135,1,SF,1,100,0.0000
1738264692.167787,940069.000,20185,1,SF,1,100,0.0000
1738264692.500800,940402.000,20241,1,SF,1,100,0.0000
1738264692.900816,940802.000,20307,1,SF,1,100,0.0000
1738264693.166827,941068.000,20358,1,SF,1,100,0.0000
1738264693.500840,941402.000,20407,1,SF,1,100,0.0000
1738264693.833853,941735.000,20457,1,SF,1,100,0.0000
1738264694.233869,942135.000,20523,1,SF,1,100,0.0000
1738264694.500880,942402.000,20573,1,SF,1,100,0.0000
1738264694.833893,942735.000,20623,1,SF,1,100,0.0000
1738264695.233909,943135.000,20689,1,SF,1,100,0.0000
1738264695.500920,943402.000,20740,1,SF,1,100,0.0000
1738264695.833933,943735.000,20791,1,SF,1,100,0.0000
1738264696.166946,944068.000,20840,1,SF,1,100,0.0000
1738264696.566962,944468.000,20906,1,SF,1,100,0.0000
1738264696.833973,944735.000,20956,1,SF,1,100,0.0000
1738264697.166986,945068.000,21005,1,SF,1,100,0.0000
1738264697.567002,945468.000,21063,1,SF,1,100,0.0000
1738264697.834013,945735.000,21114,1,SF,1,100,0.0000
1738264698.167026,946068.000,21163,1,SF,1,100,0.0000
1738264698.500040,946401.000,21213,1,SF,1,100,0.0000
1738264698.900056,946801.000,21279,1,SF,1,100,0.0000
1738264699.167066,947068.000,21329,1,SF,1,100,0.0000
1738264699.500080,947401.000,21379,1,SF,1,100,0.0000
1738264699.900095,947801.000,21445,1,SF,1,100,0.0000
1738264700.167106,948068.000,21494,1,SF,1,100,0.0000
1738264700.500119,948401.000,21545,1,SF,1,100,0.0000
1738264700.833133,948734.000,21594,1,SF,1,100,0.0000
1738264701.233149,949134.000,21660,1,SF,1,100,0.0000
1738264701.500160,949401.000,21710,1,SF,1,100,0.0000
1738264701.833173,949734.000,21759,1,SF,1,100,0.0000
1738264702.233189,950134.000,21827,1,SF,1,100,0.0000
1738264702.500199,950401.000,21883,1,SF,1,100,0.0000
1738264702.833213,950734.000,21934,1,SF,1,100,0.0000
1738264703.166226,951067.000,21984,1,SF,1,100,0.0000
1738264703.566242,951467.000,22050,1,SF,1,100,0.0000
1738264703.833252,951734.000,22100,1,SF,1,100,0.0000
1738264704.166266,952067.000,22150,1,SF,1,100,0.0000
1738264704.500279,952401.000,22199,1,SF,1,100,0.0000
1738264704.900295,952801.000,22267,1,SF,1,100,0.0000
1738264705.166306,953067.000,22318,1,SF,1,100,0.0000
1738264705.500319,953401.000,22367,1,SF,1,100,0.0000
1738264705.899335,953800.000,22433,1,SF,1,100,0.0000
1738264706.166346,954067.000,22483,1,SF,1,100,0.0000
1738264706.499359,954400.000,22533,1,SF,1,100,0.0000
1738264706.833372,954734.000,22583,1,SF,1,100,0.0000
1738264707.233388,955134.000,22651,1,SF,1,100,0.0000
1738264707.499399,955400.000,22700,1,SF,1,100,0.0000
1738264707.833412,955734.000,22755,1,SF,1,100,0.0000
1738264708.233428,956134.000,22822,1,SF,1,100,0.0000
1738264708.566442,956467.000,22871,1,SF,1,100,0.0000
1738264708.833452,956734.000,22921,1,SF,1,100,0.0000
1738264709.166466,957067.000,22970,1,SF,1,100,0.0000
1738264709.566481,957467.000,23036,1,SF,1,100,0.0000
1738264709.833492,957734.000,23087,1,SF,1,100,0.0000
1738264710.166505,958067.000,23138,1,SF,1,100,0.0000
1738264710.499519,958400.000,23188,1,SF,1,100,0.0000
1738264710.899535,958800.000,23256,1,SF,1,100,0.0000
1738264711.166545,959067.000,23306,1,SF,1,100,0.0000
1738264711.499558,959400.000,23356,1,SF,1,100,0.0000
1738264711.899575,959800.000,23422,1,SF,1,100,0.0000
1738264712.166585,960067.000,23473,1,SF,1,100,0.0000
1738264712.499599,960400.000,23526,1,SF,1,100,0.0000
1738264712.832612,960733.000,23580,1,SF,1,100,0.0000
1738264713.165625,961066.000,23630,1,SF,1,100,0.0000
1738264713.565641,961466.000,23696,1,SF,1,100,0.0000
1738264713.832652,961733.000,23746,1,SF,1,100,0.0000
1738264714.165665,962066.000,23796,1,SF,1,100,0.0000
1738264714.565681,962466.000,23862,1,SF,1,100,0.0000
1738264714.832692,962733.000,23911,1,SF,1,100,0.0000
1738264715.165705,963066.000,23962,1,SF,1,100,0.0000
1738264715.499718,963400.000,24011,1,SF,1,100,0.0000
1738264715.899734,963800.000,24077,1,SF,1,100,0.0000
1738264716.165745,964066.000,24127,1,SF,1,100,0.0000
1738264716.498758,964399.000,24176,1,SF,1,100,0.0000
1738264716.898774,964799.000,24243,1,SF,1,100,0.0000
1738264717.232787,965133.000,24295,1,SF,1,100,0.0000
1738264717.499798,965400.000,24344,1,SF,1,100,0.0000
1738264717.898814,965799.000,24397,1,SF,1,100,0.0000
1738264718.165825,966066.000,24447,1,SF,1,100,0.0000
1738264718.498838,966399.000,24497,1,SF,1,100,0.0000
1738264718.832851,966733.000,24547,1,SF,1,100,0.0000
1738264719.231867,967132.000,24613,1,SF,1,100,0.0000
1738264719.498878,967399.000,24662,1,SF,1,100,0.0000
1738264719.831891,967732.000,24712,1,SF,1,100,0.0000
1738264720.231907,968132.000,24779,1,SF,1,100,0.0000
1738264720.565921,968466.000,24828,1,SF,1,100,0.0000
1738264720.831931,968732.000,24878,1,SF,1,100,0.0000
1738264721.165944,969066.000,24927,1,SF,1,100,0.0000
1738264721.565960,969466.000,24993,1,SF,1,100,0.0000
1738264721.831971,969732.000,25044,1,SF,1,100,0.0000
1738264722.164984,970065.000,25093,1,SF,1,100,0.0000
1738264722.566000,970466.000,25161,1,SF,1,100,0.0000
1738264722.832011,970732.000,25211,1,SF,1,100,0.0000
1738264723.165024,971065.000,25268,1,SF,1,100,0.0000
1738264723.499038,971399.000,25320,1,SF,1,100,0.0000
1738264723.899054,971799.000,25386,1,SF,1,100,0.0000
1738264724.165064,972065.000,25435,1,SF,1,100,0.0000
1738264724.499078,972399.000,25486,1,SF,1,100,0.0000
1738264724.832091,972732.000,25535,1,SF,1,100,0.0000
1738264725.232107,973132.000,25601,1,SF,1,100,0.0000
1738264725.499117,973399.000,25651,1,SF,1,100,0.0000
1738264725.832131,973732.000,25700,1,SF,1,100,0.0000
1738264726.232147,974132.000,25767,1,SF,1,100,0.0000
1738264726.499157,974399.000,25817,1,SF,1,100,0.0000
1738264726.832171,974732.000,25866,1,SF,1,100,0.0000
1738264727.165184,975065.000,25916,1,SF,1,100,0.0000
1738264727.565200,975465.000,25984,1,SF,1,100,0.0000
1738264727.832211,975732.000,26034,1,SF,1,100,0.0000
1738264728.165224,976065.000,26089,1,SF,1,100,0.0000
1738264728.565240,976465.000,26155,1,SF,1,100,0.0000
1738264728.898253,976798.000,26204,1,SF,1,100,0.0000
1738264729.165264,977065.000,26255,1,SF,1,100,0.0000
1738264729.498277,977398.000,26304,1,SF,1,100,0.0000
1738264729.898293,977798.000,26370,1,SF,1,100,0.0000
1738264730.165304,978065.000,26420,1,SF,1,100,0.0000
1738264730.498317,978398.000,26470,1,SF,1,100,0.0000
1738264730.831330,978731.000,26520,1,SF,1,100,0.0000
1738264731.231346,979131.000,26586,1,SF,1,100,0.0000
1738264731.498357,979398.000,26635,1,SF,1,100,0.0000
1738264731.831370,979731.000,26687,1,SF,1,100,0.0000
1738264732.231386,980131.000,26755,1,SF,1,100,0.0000
1738264732.498397,980398.000,26805,1,SF,1,100,0.0000
1738264732.831410,980731.000,26857,1,SF,1,100,0.0000
1738264733.165423,981065.000,26911,1,SF,1,100,0.0000
1738264733.564439,981464.000,26977,1,SF,1,100,0.0000
1738264733.831450,981731.000,27028,1,SF,1,100,0.0000
1738264734.164463,982064.000,27077,1,SF,1,100,0.0000
1738264734.564479,982464.000,27145,1,SF,1,100,0.0000
1738264734.898493,982798.000,27195,1,SF,1,100,0.0000
1738264735.164503,983064.000,27245,1,SF,1,100,0.0000
1738264735.498517,983398.000,27295,1,SF,1,100,0.0000
1738264735.898533,983798.000,27361,1,SF,1,100,0.0000
1738264736.164543,984064.000,27412,1,SF,1,100,0.0000
1738264736.497556,984397.000,27465,1,SF,1,100,0.0000
1738264736.897573,984797.000,27531,1,SF,1,100,0.0000
1738264737.231586,985131.000,27582,1,SF,1,100,0.0000
1738264737.497596,985397.000,27632,1,SF,1,100,0.0000
1738264737.831610,985731.000,27683,1,SF,1,100,0.0000
1738264738.231626,986131.000,27749,1,SF,1,100,0.0000
1738264738.497636,986397.000,27805,1,SF,1,100,0.0000
1738264738.831650,986731.000,27854,1,SF,1,100,0.0000
1738264739.164663,987064.000,27904,1,SF,1,100,0.0000
1738264739.564679,987464.000,27970,1,SF,1,100,0.0000
1738264739.830689,987730.000,28020,1,SF,1,100,0.0000
1738264740.164703,988064.000,28070,1,SF,1,100,0.0000
1738264740.564719,988464.000,28138,1,SF,1,100,0.0000
1738264740.830729,988730.000,28187,1,SF,1,100,0.0000
1738264741.164743,989064.000,28238,1,SF,1,100,0.0000
1738264741.497756,989397.000,28287,1,SF,1,100,0.0000
1738264741.897772,989797.000,28353,1,SF,1,100,0.0000
1738264742.164783,990064.000,28403,1,SF,1,100,0.0000
1738264742.497796,990397.000,28454,1,SF,1,100,0.0000
1738264742.897812,990797.000,28522,1,SF,1,100,0.0000
1738264743.164823,991064.000,28573,1,SF,1,100,0.0000
1738264743.497836,991397.000,28609,1,SF,1,100,0.0000
1738264743.897852,991797.000,28677,1,SF,1,100,0.0000
1738264744.163862,992063.000,28727,1,SF,1,100,0.0000
1738264744.497876,992397.000,28776,1,SF,1,100,0.0000
1738264744.897892,992797.000,28844,1,SF,1,100,0.0000
1738264745.163903,993063.000,28895,1,SF,1,100,0.0000
1738264745.497916,993397.000,28944,1,SF,1,100,0.0000
1738264745.830929,993730.000,28994,1,SF,1,100,0.0000
1738264746.230945,994130.000,29062,1,SF,1,100,0.0000
1738264746.497956,994397.000,29112,1,SF,1,100,0.0000
1738264746.830969,994730.000,29162,1,SF,1,100,0.0000
1738264747.230985,995130.000,29230,1,SF,1,100,0.0000
1738264747.496995,995396.000,29279,1,SF,1,100,0.0000
1738264747.831009,995730.000,29330,1,SF,1,100,0.0000
1738264748.164022,996063.000,29379,1,SF,1,100,0.0000
1738264748.564038,996463.000,29452,1,SF,1,100,0.0000
1738264748.831049,996730.000,29504,1,SF,1,100,0.0000
1738264749.164062,997063.000,29553,1,SF,1,100,0.0000
1738264749.564078,997463.000,29620,1,SF,1,100,0.0000
1738264749.897091,997796.000,29672,1,SF,1,100,0.0000
1738264750.164102,998063.000,29721,1,SF,1,100,0.0000
1738264750.497115,998396.000,29771,1,SF,1,100,0.0000
1738264750.897131,998796.000,29837,1,SF,1,100,0.0000
1738264751.164142,999063.000,29887,1,SF,1,100,0.0000
1738264751.497155,999396.000,29937,1,SF,1,100,0.0000
1738264751.830168,999729.000,29986,1,SF,1,100,0.0000
1738264752.230185,1000129.000,30056,1,SF,1,100,0.0000
1738264752.497195,1000396.000,30107,1,SF,1,100,0.0000
1738264752.830209,1000729.000,30158,1,SF,1,100,0.0000
1738264753.230224,1001129.000,30224,1,SF,1,100,0.0000
1738264753.497235,1001396.000,30274,1,SF,1,100,0.0000
1738264753.830248,1001729.000,30329,1,SF,1,100,0.0000
1738264754.163262,1002062.000,30381,1,SF,1,100,0.0000
1738264754.563278,1002462.000,30447,1,SF,1,100,0.0000
1738264754.830288,1002729.000,30496,1,SF,1,100,0.0000
1738264755.163301,1003062.000,30548,1,SF,1,100,0.0000
1738264755.563318,1003462.000,30615,1,SF,1,100,0.0000
1738264755.830328,1003729.000,30664,1,SF,1,100,0.0000
1738264756.163342,1004062.000,30714,1,SF,1,100,0.0000
1738264756.497355,1004396.000,30765,1,SF,1,100,0.0000
1738264756.896371,1004795.000,30831,1,SF,1,100,0.0000
1738264757.163381,1005062.000,30882,1,SF,1,100,0.0000
1738264757.496395,1005395.000,30933,1,SF,1,100,0.0000
1738264757.896411,1005795.000,31001,1,SF,1,100,0.0000
1738264758.230424,1006129.000,31053,1,SF,1,100,0.0000
1738264758.496435,1006395.000,31103,1,SF,1,100,0.0000
1738264758.830448,1006729.000,31160,1,SF,1,100,0.0000
1738264759.229464,1007128.000,31226,1,SF,1,100,0.0000
1738264759.563477,1007462.000,31275,1,SF,1,100,0.0000
1738264759.829488,1007728.000,31328,1,SF,1,100,0.0000
1738264760.163501,1008062.000,31377,1,SF,1,100,0.0000
1738264760.563517,1008462.000,31443,1,SF,1,100,0.0000
1738264760.896530,1008795.000,31493,1,SF,1,100,0.0000
1738264761.163541,1009062.000,31545,1,SF,1,100,0.0000
1738264761.496554,1009395.000,31595,1,SF,1,100,0.0000
1738264761.896570,1009795.000,31661,1,SF,1,100,0.0000
1738264762.162581,1010061.000,31712,1,SF,1,100,0.0000
1738264762.496594,1010395.000,31764,1,SF,1,100,0.0000
1738264762.896610,1010795.000,31831,1,SF,1,100,0.0000
1738264763.229624,1011128.000,31880,1,SF,1,100,0.0000
1738264763.496634,1011395.000,31930,1,SF,1,100,0.0000
1738264763.896650,1011795.000,31983,1,SF,1,100,0.0000
1738264764.229664,1012128.000,32032,1,SF,1,100,0.0000
1738264764.496674,1012395.000,32083,1,SF,1,100,0.0000
1738264764.829687,1012728.000,32132,1,SF,1,100,0.0000
1738264765.162701,1013061.000,32182,1,SF,1,100,0.0000
1738264765.562717,1013461.000,32248,1,SF,1,100,0.0000
1738264765.829727,1013728.000,32298,1,SF,1,100,0.0000
1738264766.162741,1014061.000,32348,1,SF,1,100,0.0000
1738264766.562757,1014461.000,32414,1,SF,1,100,0.0000
1738264766.829767,1014728.000,32463,1,SF,1,100,0.0000
1738264767.162781,1015061.000,32516,1,SF,1,100,0.0000
1738264767.495794,1015394.000,32567,1,SF,1,100,0.0000
1738264767.895810,1015794.000,32633,1,SF,1,100,0.0000
1738264768.162821,1016061.000,32683,1,SF,1,100,0.0000
1738264768.495834,1016394.000,32732,1,SF,1,100,0.0000
1738264768.895850,1016794.000,32798,1,SF,1,100,0.0000
1738264769.162860,1017061.000,32839,1,SF,1,100,0.0000
1738264769.562876,1017461.000,32905,1,SF,1,100,0.0000
1738264769.828887,1017727.000,32956,1,SF,1,100,0.0000
1738264770.162900,1018061.000,33005,1,SF,1,100,0.0000
1738264770.562916,1018461.000,33071,1,SF,1,100,0.0000
1738264770.895930,1018794.000,33121,1,SF,1,100,0.0000
1738264771.162940,1019061.000,33171,1,SF,1,100,0.0000
1738264771.495954,1019394.000,33223,1,SF,1,100,0.0000
1738264771.895970,1019794.000,33289,1,SF,1,100,0.0000
1738264772.162980,1020061.000,33338,1,SF,1,100,0.0000
1738264772.495993,1020394.000,33391,1,SF,1,100,0.0000
1738264772.829007,1020727.000,33442,1,SF,1,100,0.0000
1738264773.229023,1021127.000,33508,1,SF,1,100,0.0000
1738264773.496033,1021394.000,33558,1,SF,1,100,0.0000
1738264773.829047,1021727.000,33607,1,SF,1,100,0.0000
1738264774.162060,1022060.000,33665,1,SF,1,100,0.0000
1738264774.496073,1022394.000,33714,1,SF,1,100,0.0000
1738264774.896089,1022794.000,33782,1,SF,1,100,0.0000
1738264775.162100,1023060.000,33833,1,SF,1,100,0.0000
1738264775.496113,1023394.000,33882,1,SF,1,100,0.0000
1738264775.896129,1023794.000,33950,1,SF,1,100,0.0000
1738264776.229142,1024127.000,34000,1,SF,1,100,0.0000
1738264776.495153,1024393.000,34050,1,SF,1,100,0.0000
1738264776.829166,1024727.000,34100,1,SF,1,100,0.0000
1738264777.229182,1025127.000,34170,1,SF,1,100,0.0000
1738264777.495193,1025393.000,34221,1,SF,1,100,0.0000
1738264777.829206,1025727.000,34271,1,SF,1,100,0.0000
1738264778.229222,1026127.000,34338,1,SF,1,100,0.0000
1738264778.562236,1026460.000,34387,1,SF,1,100,0.0000
1738264778.829246,1026727.000,34437,1,SF,1,100,0.0000
1738264779.162260,1027060.000,34486,1,SF,1,100,0.0000
1738264779.495273,1027393.000,34544,1,SF,1,100,0.0000
1738264779.828286,1027726.000,34595,1,SF,1,100,0.0000
1738264780.228302,1028126.000,34661,1,SF,1,100,0.0000
1738264780.495313,1028393.000,34712,1,SF,1,100,0.0000
1738264780.828326,1028726.000,34763,1,SF,1,100,0.0000
1738264781.228342,1029126.000,34829,1,SF,1,100,0.0000
1738264781.562356,1029460.000,34879,1,SF,1,100,0.0000
1738264781.828366,1029726.000,34929,1,SF,1,100,0.0000
1738264782.161379,1030059.000,34979,1,SF,1,100,0.0000
1738264782.562395,1030460.000,35049,1,SF,1,100,0.0000
1738264782.828406,1030726.000,35098,1,SF,1,100,0.0000
1738264783.162419,1031060.000,35149,1,SF,1,100,0.0000
1738264783.495433,1031393.000,35198,1,SF,1,100,0.0000
1738264783.895448,1031793.000,35264,1,SF,1,100,0.0000
1738264784.161459,1032059.000,35314,1,SF,1,100,0.0000
1738264784.561475,1032459.000,35369,1,SF,1,100,0.0000
1738264784.828486,1032726.000,35421,1,SF,1,100,0.0000
1738264785.161499,1033059.000,35470,1,SF,1,100,0.0000
1738264785.561515,1033459.000,35538,1,SF,1,100,0.0000
1738264785.828526,1033726.000,35589,1,SF,1,100,0.0000
1738264786.161539,1034059.000,35638,1,SF,1,100,0.0000
1738264786.561555,1034459.000,35704,1,SF,1,100,0.0000
1738264786.894568,1034792.000,35756,1,SF,1,100,0.0000
1738264787.161579,1035059.000,35806,1,SF,1,100,0.0000
1738264787.494592,1035392.000,35860,1,SF,1,100,0.0000
1738264787.894608,1035792.000,35926,1,SF,1,100,0.0000
1738264788.161619,1036059.000,35975,1,SF,1,100,0.0000
1738264788.494632,1036392.000,36026,1,SF,1,100,0.0000
1738264788.828645,1036726.000,36075,1,SF,1,100,0.0000
1738264789.228662,1037126.000,36143,1,SF,1,100,0.0000
1738264789.561675,1037459.000,36198,1,SF,1,100,0.0000
1738264789.828685,1037726.000,36248,1,SF,1,100,0.0000
1738264790.161699,1038059.000,36300,1,SF,1,100,0.0000
1738264790.494712,1038392.000,36351,1,SF,1,100,0.0000
1738264790.894728,1038792.000,36419,1,SF,1,100,0.0000
1738264791.161739,1039059.000,36472,1,SF,1,100,0.0000
1738264791.494752,1039392.000,36521,1,SF,1,100,0.0000
1738264791.894768,1039792.000,36589,1,SF,1,100,0.0000
1738264792.227781,1040125.000,36641,1,SF,1,100,0.0000
1738264792.494792,1040392.000,36691,1,SF,1,100,0.0000
1738264792.827805,1040725.000,36741,1,SF,1,100,0.0000
1738264793.227821,1041125.000,36811,1,SF,1,100,0.0000
1738264793.494832,1041392.000,36862,1,SF,1,100,0.0000
1738264793.827845,1041725.000,36912,1,SF,1,100,0.0000
1738264794.227861,1042125.000,36981,1,SF,1,100,0.0000
1738264794.560874,1042458.000,37030,1,SF,1,100,0.0000
1738264794.894888,1042792.000,37087,1,SF,1,100,0.0000
1738264795.227901,1043125.000,37139,1,SF,1,100,0.0000
1738264795.494912,1043392.000,37189,1,SF,1,100,0.0000
1738264795.827925,1043725.000,37238,1,SF,1,100,0.0000
1738264796.227941,1044125.000,37304,1,SF,1,100,0.0000
1738264796.494951,1044392.000,37355,1,SF,1,100,0.0000
1738264796.827965,1044725.000,37404,1,SF,1,100,0.0000
1738264797.160978,1045058.000,37456,1,SF,1,100,0.0000
1738264797.560994,1045458.000,37526,1,SF,1,100,0.0000
1738264797.828005,1045725.000,37578,1,SF,1,100,0.0000
1738264798.161018,1046058.000,37628,1,SF,1,100,0.0000
1738264798.561034,1046458.000,37696,1,SF,1,100,0.0000
1738264798.828045,1046725.000,37745,1,SF,1,100,0.0000
1738264799.161058,1047058.000,37796,1,SF,1,100,0.0000
1738264799.494071,1047391.000,37847,1,SF,1,100,0.0000
1738264799.827085,1047724.000,37902,1,SF,1,100,0.0000
1738264800.227101,1048124.000,37968,1,SF,1,100,0.0000
1738264800.494111,1048391.000,38020,1,SF,1,100,0.0000
1738264800.827124,1048724.000,38070,1,SF,1,100,0.0000
1738264801.161138,1049058.000,38119,1,SF,1,100,0.0000
1738264801.561154,1049458.000,38187,1,SF,1,100,0.0000
1738264801.827164,1049724.000,38238,1,SF,1,100,0.0000
1738264802.160178,1050057.000,38289,1,SF,1,100,0.0000
1738264802.561194,1050458.000,38357,1,SF,1,100,0.0000
1738264802.894207,1050791.000,38409,1,SF,1,100,0.0000
1738264803.160218,1051057.000,38461,1,SF,1,100,0.0000
1738264803.494231,1051391.000,38511,1,SF,1,100,0.0000
1738264803.894247,1051791.000,38577,1,SF,1,100,0.0000
1738264804.160258,1052057.000,38626,1,SF,1,100,0.0000
1738264804.494271,1052391.000,38676,1,SF,1,100,0.0000
1738264804.960289,1052857.000,38748,1,SF,1,100,0.0000
1738264805.160297,1053057.000,38781,1,SF,1,100,0.0000
1738264805.560313,1053457.000,38850,1,SF,1,100,0.0000
1738264805.827324,1053724.000,38899,1,SF,1,100,0.0000
1738264806.160337,1054057.000,38949,1,SF,1,100,0.0000
1738264806.493351,1054390.000,38998,1,SF,1,100,0.0000
1738264806.893367,1054790.000,39064,1,SF,1,100,0.0000
1738264807.160377,1055057.000,39117,1,SF,1,100,0.0000
1738264807.493391,1055390.000,39168,1,SF,1,100,0.0000
1738264807.893407,1055790.000,39234,1,SF,1,100,0.0000
1738264808.160417,1056057.000,39284,1,SF,1,100,0.0000
1738264808.493430,1056390.000,39334,1,SF,1,100,0.0000
1738264808.826444,1056723.000,39386,1,SF,1,100,0.0000
1738264809.227460,1057124.000,39452,1,SF,1,100,0.0000
1738264809.493470,1057390.000,39501,1,SF,1,100,0.0000
1738264809.826484,1057723.000,39553,1,SF,1,100,0.0000
1738264810.160497,1058057.000,39610,1,SF,1,100,0.0000
1738264810.493510,1058390.000,39661,1,SF,1,100,0.0000
1738264810.826524,1058723.000,39710,1,SF,1,100,0.0000
1738264811.226540,1059123.000,39778,1,SF,1,100,0.0000
1738264811.493550,1059390.000,39828,1,SF,1,100,0.0000
1738264811.826564,1059723.000,39879,1,SF,1,100,0.0000
1738264812.226579,1060123.000,39948,1,SF,1,100,0.0000
1738264812.559593,1060456.000,39998,1,SF,1,100,0.0000
1738264812.826603,1060723.000,40049,1,SF,1,100,0.0000
1738264813.159617,1061056.000,40099,1,SF,1,100,0.0000
1738264813.559633,1061456.000,40167,1,SF,1,100,0.0000
1738264813.826643,1061723.000,40217,1,SF,1,100,0.0000
1738264814.159657,1062056.000,40267,1,SF,1,100,0.0000
1738264814.493670,1062390.000,40316,1,SF,1,100,0.0000
1738264814.893686,1062790.000,40384,1,SF,1,100,0.0000
1738264815.226699,1063123.000,40438,1,SF,1,100,0.0000
1738264815.493710,1063390.000,40489,1,SF,1,100,0.0000
1738264815.826723,1063723.000,40540,1,SF,1,100,0.0000
1738264816.159736,1064056.000,40589,1,SF,1,100,0.0000
1738264816.559752,1064456.000,40655,1,SF,1,100,0.0000
1738264816.826763,1064723.000,40705,1,SF,1,100,0.0000
1738264817.159776,1065056.000,40756,1,SF,1,100,0.0000
1738264817.559793,1065456.000,40824,1,SF,1,100,0.0000
1738264817.826803,1065723.000,40875,1,SF,1,100,0.0000
1738264818.159816,1066056.000,40926,1,SF,1,100,0.0000
1738264818.492830,1066389.000,40976,1,SF,1,100,0.0000
1738264818.892846,1066789.000,41044,1,SF,1,100,0.0000
1738264819.159856,1067056.000,41094,1,SF,1,100,0.0000
1738264819.492870,1067389.000,41144,1,SF,1,100,0.0000
1738264819.892885,1067789.000,41212,1,SF,1,100,0.0000
1738264820.159896,1068056.000,41261,1,SF,1,100,0.0000
1738264820.559912,1068456.000,41321,1,SF,1,100,0.0000
1738264820.825923,1068722.000,41372,1,SF,1,100,0.0000
1738264821.159936,1069056.000,41422,1,SF,1,100,0.0000
1738264821.559952,1069456.000,41488,1,SF,1,100,0.0000
1738264821.892965,1069789.000,41538,1,SF,1,100,0.0000
1738264822.158976,1070055.000,41590,1,SF,1,100,0.0000
1738264822.492989,1070389.000,41641,1,SF,1,100,0.0000
1738264822.893005,1070789.000,41707,1,SF,1,100,0.0000
1738264823.160016,1071056.000,41760,1,SF,1,100,0.0000
1738264823.493029,1071389.000,41811,1,SF,1,100,0.0000
1738264823.893045,1071789.000,41877,1,SF,1,100,0.0000
1738264824.226058,1072122.000,41927,1,SF,1,100,0.0000
1738264824.493069,1072389.000,41979,1,SF,1,100,0.0000
1738264824.826082,1072722.000,42029,1,SF,1,100,0.0000
1738264825.226099,1073122.000,42097,1,SF,1,100,0.0000
1738264825.559112,1073455.000,42151,1,SF,1,100,0.0000
1738264825.826122,1073722.000,42201,1,SF,1,100,0.0000
1738264826.159136,1074055.000,42252,1,SF,1,100,0.0000
1738264826.492149,1074388.000,42302,1,SF,1,100,0.0000
1738264826.893165,1074789.000,42370,1,SF,1,100,0.0000
1738264827.159176,1075055.000,42420,1,SF,1,100,0.0000
1738264827.492189,1075388.000,42474,1,SF,1,100,0.0000
1738264827.892205,1075788.000,42540,1,SF,1,100,0.0000
1738264828.159215,1076055.000,42589,1,SF,1,100,0.0000
1738264828.492229,1076388.000,42640,1,SF,1,100,0.0000
1738264828.825242,1076721.000,42689,1,SF,1,100,0.0000
1738264829.226258,1077122.000,42757,1,SF,1,100,0.0000
1738264829.492269,1077388.000,42807,1,SF,1,100,0.0000
1738264829.825282,1077721.000,42856,1,SF,1,100,0.0000
1738264830.225298,1078121.000,42924,1,SF,1,100,0.0000
1738264830.559311,1078455.000,42980,1,SF,1,100,0.0000
1738264830.892325,1078788.000,43031,1,SF,1,100,0.0000
1738264831.159335,1079055.000,43082,1,SF,1,100,0.0000
1738264831.492349,1079388.000,43131,1,SF,1,100,0.0000
1738264831.825362,1079721.000,43181,1,SF,1,100,0.0000
1738264832.225378,1080121.000,43251,1,SF,1,100,0.0000
1738264832.492388,1080388.000,43301,1,SF,1,100,0.0000
1738264832.825402,1080721.000,43351,1,SF,1,100,0.0000
1738264833.225418,1081121.000,43417,1,SF,1,100,0.0000
1738264833.492429,1081388.000,43468,1,SF,1,100,0.0000
1738264833.825442,1081721.000,43519,1,SF,1,100,0.0000
1738264834.158455,1082054.000,43568,1,SF,1,100,0.0000
1738264834.558471,1082454.000,43634,1,SF,1,100,0.0000
1738264834.825482,1082721.000,43684,1,SF,1,100,0.0000
1738264835.158495,1083054.000,43733,1,SF,1,100,0.0000
1738264835.558511,1083454.000,43802,1,SF,1,100,0.0000
1738264835.825521,1083721.000,43840,1,SF,1,100,0.0000
1738264836.225538,1084121.000,43908,1,SF,1,100,0.0000
1738264836.492548,1084388.000,43961,1,SF,1,100,0.0000
1738264836.825562,1084721.000,44010,1,SF,1,100,0.0000
1738264837.225577,1085121.000,44080,1,SF,1,100,0.0000
1738264837.491588,1085387.000,44132,1,SF,1,100,0.0000
1738264837.825601,1085721.000,44182,1,SF,1,100,0.0000
1738264838.158615,1086054.000,44232,1,SF,1,100,0.0000
1738264838.558631,1086454.000,44298,1,SF,1,100,0.0000
1738264838.825641,1086721.000,44349,1,SF,1,100,0.0000
1738264839.158655,1087054.000,44399,1,SF,1,100,0.0000
1738264839.558671,1087454.000,44467,1,SF,1,100,0.0000
1738264839.825681,1087721.000,44519,1,SF,1,100,0.0000
1738264840.158695,1088054.000,44569,1,SF,1,100,0.0000
1738264840.491708,1088387.000,44618,1,SF,1,100,0.0000
1738264840.824721,1088720.000,44676,1,SF,1,100,0.0000
1738264841.224737,1089120.000,44742,1,SF,1,100,0.0000
1738264841.558750,1089454.000,44793,1,SF,1,100,0.0000
1738264841.824761,1089720.000,44844,1,SF,1,100,0.0000
1738264842.157774,1090053.000,44893,1,SF,1,100,0.0000
1738264842.558790,1090454.000,44961,1,SF,1,100,0.0000
1738264842.824801,1090720.000,45013,1,SF,1,100,0.0000
1738264843.157814,1091053.000,45063,1,SF,1,100,0.0000
1738264843.491827,1091387.000,45113,1,SF,1,100,0.0000
1738264843.891844,1091787.000,45179,1,SF,1,100,0.0000
1738264844.157854,1092053.000,45228,1,SF,1,100,0.0000
1738264844.491868,1092387.000,45278,1,SF,1,100,0.0000
1738264844.891883,1092787.000,45344,1,SF,1,100,0.0000
1738264845.157894,1093053.000,45394,1,SF,1,100,0.0000
1738264845.491907,1093387.000,45444,1,SF,1,100,0.0000
1738264845.824921,1093720.000,45495,1,SF,1,100,0.0000
1738264846.157934,1094053.000,45551,1,SF,1,100,0.0000
1738264846.557950,1094453.000,45617,1,SF,1,100,0.0000
1738264846.824961,1094720.000,45668,1,SF,1,100,0.0000
1738264847.157974,1095053.000,45719,1,SF,1,100,0.0000
1738264847.490987,1095386.000,45770,1,SF,1,100,0.0000
1738264847.891003,1095786.000,45836,1,SF,1,100,0.0000
1738264848.158014,1096053.000,45886,1,SF,1,100,0.0000
1738264848.491027,1096386.000,45937,1,SF,1,100,0.0000
1738264848.891043,1096786.000,46003,1,SF,1,100,0.0000
1738264849.158054,1097053.000,46054,1,SF,1,100,0.0000
1738264849.491067,1097386.000,46103,1,SF,1,100,0.0000
1738264849.824080,1097719.000,46153,1,SF,1,100,0.0000
1738264850.224096,1098119.000,46219,1,SF,1,100,0.0000
1738264850.491107,1098386.000,46269,1,SF,1,100,0.0000
1738264850.824120,1098719.000,46319,1,SF,1,100,0.0000
1738264851.158134,1099053.000,46373,1,SF,1,100,0.0000
1738264851.491147,1099386.000,46423,1,SF,1,100,0.0000
1738264851.891163,1099786.000,46489,1,SF,1,100,0.0000
1738264852.158174,1100053.000,46540,1,SF,1,100,0.0000
1738264852.491187,1100386.000,46593,1,SF,1,100,0.0000
1738264852.824200,1100719.000,46642,1,SF,1,100,0.0000
1738264853.224216,1101119.000,46710,1,SF,1,100,0.0000
1738264853.491227,1101386.000,46760,1,SF,1,100,0.0000
1738264853.824240,1101719.000,46809,1,SF,1,100,0.0000
1738264854.224256,1102119.000,46875,1,SF,1,100,0.0000
1738264854.491267,1102386.000,46926,1,SF,1,100,0.0000
1738264854.824280,1102719.000,46975,1,SF,1,100,0.0000
1738264855.157293,1103052.000,47027,1,SF,1,100,0.0000
1738264855.557309,1103452.000,47093,1,SF,1,100,0.0000
1738264855.824320,1103719.000,47145,1,SF,1,100,0.0000
1738264856.224336,1104119.000,47204,1,SF,1,100,0.0000
1738264856.490346,1104385.000,47254,1,SF,1,100,0.0000
1738264856.824360,1104719.000,47306,1,SF,1,100,0.0000
1738264857.224376,1105119.000,47374,1,SF,1,100,0.0000
1738264857.490386,1105385.000,47425,1,SF,1,100,0.0000
1738264857.824400,1105719.000,47476,1,SF,1,100,0.0000
1738264858.157413,1106052.000,47525,1,SF,1,100,0.0000
1738264858.557429,1106452.000,47593,1,SF,1,100,0.0000
1738264858.824440,1106719.000,47643,1,SF,1,100,0.0000
1738264859.157453,1107052.000,47692,1,SF,1,100,0.0000
1738264859.557469,1107452.000,47760,1,SF,1,100,0.0000
1738264859.824480,1107719.000,47811,1,SF,1,100,0.0000
1738264860.157493,1108052.000,47862,1,SF,1,100,0.0000
1738264860.490506,1108385.000,47912,1,SF,1,100,0.0000
1738264860.890522,1108785.000,47978,1,SF,1,100,0.0000
1738264861.157533,1109052.000,48028,1,SF,1,100,0.0000
1738264861.557549,1109452.000,48084,1,SF,1,100,0.0000
1738264861.823559,1109718.000,48136,1,SF,1,100,0.0000
1738264862.157573,1110052.000,48188,1,SF,1,100,0.0000
1738264862.557589,1110452.000,48256,1,SF,1,100,0.0000
1738264862.823599,1110718.000,48305,1,SF,1,100,0.0000
1738264863.156613,1111051.000,48356,1,SF,1,100,0.0000
1738264863.490626,1111385.000,48407,1,SF,1,100,0.0000
1738264863.890642,1111785.000,48475,1,SF,1,100,0.0000
1738264864.156652,1112051.000,48525,1,SF,1,100,0.0000
1738264864.490666,1112385.000,48575,1,SF,1,100,0.0000
1738264864.890682,1112785.000,48643,1,SF,1,100,0.0000
1738264865.223695,1113118.000,48695,1,SF,1,100,0.0000
1738264865.490706,1113385.000,48744,1,SF,1,100,0.0000
1738264865.823719,1113718.000,48794,1,SF,1,100,0.0000
1738264866.223735,1114118.000,48860,1,SF,1,100,0.0000
1738264866.556748,1114451.000,48915,1,SF,1,100,0.0000
1738264866.890762,1114785.000,48967,1,SF,1,100,0.0000
1738264867.156772,1115051.000,49017,1,SF,1,100,0.0000
1738264867.489786,1115384.000,49071,1,SF,1,100,0.0000
1738264867.889802,1115784.000,49137,1,SF,1,100,0.0000
1738264868.156812,1116051.000,49186,1,SF,1,100,0.0000
1738264868.489825,1116384.000,49237,1,SF,1,100,0.0000
1738264868.889842,1116784.000,49303,1,SF,1,100,0.0000
1738264869.223855,1117118.000,49354,1,SF,1,100,0.0000
1738264869.489865,1117384.000,49404,1,SF,1,100,0.0000
1738264869.822879,1117717.000,49455,1,SF,1,100,0.0000
1738264870.222895,1118117.000,49521,1,SF,1,100,0.0000
1738264870.489905,1118384.000,49572,1,SF,1,100,0.0000
1738264870.822919,1118717.000,49621,1,SF,1,100,0.0000
1738264871.156932,1119051.000,49671,1,SF,1,100,0.0000
1738264871.556948,1119451.000,49744,1,SF,1,100,0.0000
1738264871.889961,1119784.000,49793,1,SF,1,100,0.0000
1738264872.222975,1120117.000,49845,1,SF,1,100,0.0000
1738264872.489985,1120384.000,49897,1,SF,1,100,0.0000
1738264872.822999,1120717.000,49947,1,SF,1,100,0.0000
1738264873.223014,1121117.000,50015,1,SF,1,100,0.0000
1738264873.490025,1121384.000,50066,1,SF,1,100,0.0000
1738264873.823038,1121717.000,50117,1,SF,1,100,0.0000
1738264874.156052,1122050.000,50168,1,SF,1,100,0.0000
1738264874.556068,1122450.000,50234,1,SF,1,100,0.0000
1738264874.823078,1122717.000,50284,1,SF,1,100,0.0000
1738264875.156092,1123050.000,50333,1,SF,1,100,0.0000
1738264875.556108,1123450.000,50399,1,SF,1,100,0.0000
1738264875.823118,1123717.000,50450,1,SF,1,100,0.0000
1738264876.156132,1124050.000,50499,1,SF,1,100,0.0000
1738264876.489145,1124383.000,50549,1,SF,1,100,0.0000
1738264876.823158,1124717.000,50606,1,SF,1,100,0.0000
1738264877.223174,1125117.000,50676,1,SF,1,100,0.0000
1738264877.489185,1125383.000,50728,1,SF,1,100,0.0000
1738264877.823198,1125717.000,50780,1,SF,1,100,0.0000
1738264878.156211,1126050.000,50830,1,SF,1,100,0.0000
1738264878.556227,1126450.000,50898,1,SF,1,100,0.0000
1738264878.823238,1126717.000,50947,1,SF,1,100,0.0000
1738264879.156251,1127050.000,50997,1,SF,1,100,0.0000
1738264879.556267,1127450.000,51065,1,SF,1,100,0.0000
1738264879.823278,1127717.000,51117,1,SF,1,100,0.0000
1738264880.156291,1128050.000,51167,1,SF,1,100,0.0000
1738264880.489305,1128383.000,51216,1,SF,1,100,0.0000
1738264880.889320,1128783.000,51282,1,SF,1,100,0.0000
1738264881.156331,1129050.000,51335,1,SF,1,100,0.0000
1738264881.489344,1129383.000,51384,1,SF,1,100,0.0000
1738264881.822358,1129716.000,51439,1,SF,1,100,0.0000
1738264882.155371,1130049.000,51491,1,SF,1,100,0.0000
1738264882.556387,1130450.000,51559,1,SF,1,100,0.0000
1738264882.822398,1130716.000,51609,1,SF,1,100,0.0000
1738264883.155411,1131049.000,51659,1,SF,1,100,0.0000
1738264883.489424,1131383.000,51709,1,SF,1,100,0.0000
1738264883.889440,1131783.000,51777,1,SF,1,100,0.0000
1738264884.155451,1132049.000,51828,1,SF,1,100,0.0000
1738264884.489464,1132383.000,51878,1,SF,1,100,0.0000
1738264884.889480,1132783.000,51946,1,SF,1,100,0.0000
1738264885.155491,1133049.000,51996,1,SF,1,100,0.0000
1738264885.489504,1133383.000,52046,1,SF,1,100,0.0000
1738264885.822517,1133716.000,52095,1,SF,1,100,0.0000
1738264886.222533,1134116.000,52161,1,SF,1,100,0.0000
1738264886.488544,1134382.000,52214,1,SF,1,100,0.0000
1738264886.822557,1134716.000,52263,1,SF,1,100,0.0000
1738264887.155571,1135049.000,52317,1,SF,1,100,0.0000
1738264887.488584,1135382.000,52368,1,SF,1,100,0.0000
1738264887.888600,1135782.000,52434,1,SF,1,100,0.0000
1738264888.155611,1136049.000,52484,1,SF,1,100,0.0000
1738264888.488624,1136382.000,52534,1,SF,1,100,0.0000
1738264888.822637,1136716.000,52586,1,SF,1,100,0.0000
1738264889.222653,1137116.000,52652,1,SF,1,100,0.0000
1738264889.488664,1137382.000,52701,1,SF,1,100,0.0000
1738264889.821677,1137715.000,52753,1,SF,1,100,0.0000
1738264890.221693,1138115.000,52820,1,SF,1,100,0.0000
1738264890.555706,1138449.000,52869,1,SF,1,100,0.0000
1738264890.821717,1138715.000,52921,1,SF,1,100,0.0000
1738264891.155730,1139049.000,52972,1,SF,1,100,0.0000
1738264891.555746,1139449.000,53040,1,SF,1,100,0.0000
1738264891.821757,1139715.000,53093,1,SF,1,100,0.0000
1738264892.221773,1140115.000,53151,1,SF,1,100,0.0000
1738264892.488784,1140382.000,53202,1,SF,1,100,0.0000
1738264892.821797,1140715.000,53251,1,SF,1,100,0.0000
1738264893.221813,1141115.000,53317,1,SF,1,100,0.0000
1738264893.554826,1141448.000,53369,1,SF,1,100,0.0000
1738264893.821837,1141715.000,53419,1,SF,1,100,0.0000
1738264894.154850,1142048.000,53469,1,SF,1,100,0.0000
1738264894.554866,1142448.000,53537,1,SF,1,100,0.0000
1738264894.821877,1142715.000,53588,1,SF,1,100,0.0000
1738264895.154890,1143048.000,53638,1,SF,1,100,0.0000
1738264895.554906,1143448.000,53707,1,SF,1,100,0.0000
1738264895.888919,1143782.000,53756,1,SF,1,100,0.0000
1738264896.154930,1144048.000,53808,1,SF,1,100,0.0000
1738264896.488943,1144382.000,53857,1,SF,1,100,0.0000
1738264896.887959,1144781.000,53923,1,SF,1,100,0.0000
1738264897.221972,1145115.000,53979,1,SF,1,100,0.0000
1738264897.554986,1145448.000,54032,1,SF,1,100,0.0000
1738264897.821996,1145715.000,54083,1,SF,1,100,0.0000
1738264898.155010,1146048.000,54134,1,SF,1,100,0.0000
1738264898.555026,1146448.000,54200,1,SF,1,100,0.0000
1738264898.822036,1146715.000,54252,1,SF,1,100,0.0000
1738264899.155050,1147048.000,54302,1,SF,1,100,0.0000
1738264899.488063,1147381.000,54354,1,SF,1,100,0.0000
1738264899.888079,1147781.000,54420,1,SF,1,100,0.0000
1738264900.155090,1148048.000,54469,1,SF,1,100,0.0000
1738264900.488103,1148381.000,54519,1,SF,1,100,0.0000
1738264900.888119,1148781.000,54585,1,SF,1,100,0.0000
1738264901.155129,1149048.000,54635,1,SF,1,100,0.0000
1738264901.488143,1149381.000,54685,1,SF,1,100,0.0000
1738264901.888159,1149781.000,54755,1,SF,1,100,0.0000
1738264902.221172,1150114.000,54806,1,SF,1,100,0.0000
1738264902.555185,1150448.000,54862,1,SF,1,100,0.0000
1738264902.821196,1150714.000,54911,1,SF,1,100,0.0000
1738264903.154209,1151047.000,54961,1,SF,1,100,0.0000
1738264903.554225,1151447.000,55027,1,SF,1,100,0.0000
1738264903.821236,1151714.000,55077,1,SF,1,100,0.0000
1738264904.155249,1152048.000,55129,1,SF,1,100,0.0000
1738264904.488262,1152381.000,55178,1,SF,1,100,0.0000
1738264904.888278,1152781.000,55246,1,SF,1,100,0.0000
1738264905.154289,1153047.000,55297,1,SF,1,100,0.0000
1738264905.488302,1153381.000,55348,1,SF,1,100,0.0000
1738264905.887318,1153780.000,55416,1,SF,1,100,0.0000
1738264906.221332,1154114.000,55468,1,SF,1,100,0.0000
1738264906.487342,1154380.000,55518,1,SF,1,100,0.0000
1738264906.821356,1154714.000,55570,1,SF,1,100,0.0000
1738264907.221372,1155114.000,55640,1,SF,1,100,0.0000
1738264907.554385,1155447.000,55694,1,SF,1,100,0.0000
1738264907.887398,1155780.000,55746,1,SF,1,100,0.0000
1738264908.154409,1156047.000,55797,1,SF,1,100,0.0000
1738264908.487422,1156380.000,55847,1,SF,1,100,0.0000
1738264908.887438,1156780.000,55913,1,SF,1,100,0.0000
1738264909.154449,1157047.000,55963,1,SF,1,100,0.0000
1738264909.487462,1157380.000,56015,1,SF,1,100,0.0000
1738264909.820475,1157713.000,56064,1,SF,1,100,0.0000
1738264910.220491,1158113.000,56130,1,SF,1,100,0.0000
1738264910.487502,1158380.000,56181,1,SF,1,100,0.0000
1738264910.820515,1158713.000,56230,1,SF,1,100,0.0000
1738264911.220531,1159113.000,56296,1,SF,1,100,0.0000
1738264911.487542,1159380.000,56348,1,SF,1,100,0.0000
1738264911.820555,1159713.000,56398,1,SF,1,100,0.0000
1738264912.154569,1160047.000,56448,1,SF,1,100,0.0000
1738264912.553585,1160446.000,56523,1,SF,1,100,0.0000
1738264912.887598,1160780.000,56573,1,SF,1,100,0.0000
1738264913.220611,1161113.000,56623,1,SF,1,100,0.0000
1738264913.487622,1161380.000,56672,1,SF,1,100,0.0000
1738264913.820635,1161713.000,56722,1,SF,1,100,0.0000
1738264914.220651,1162113.000,56790,1,SF,1,100,0.0000
1738264914.487662,1162380.000,56840,1,SF,1,100,0.0000
1738264914.820675,1162713.000,56892,1,SF,1,100,0.0000
1738264915.153688,1163046.000,56941,1,SF,1,100,0.0000
1738264915.553704,1163446.000,57009,1,SF,1,100,0.0000
1738264915.820715,1163713.000,57060,1,SF,1,100,0.0000
1738264916.153728,1164046.000,57111,1,SF,1,100,0.0000
1738264916.553744,1164446.000,57179,1,SF,1,100,0.0000
1738264916.820755,1164713.000,57229,1,SF,1,100,0.0000
1738264917.153768,1165046.000,57279,1,SF,1,100,0.0000
1738264917.486781,1165379.000,57333,1,SF,1,100,0.0000
1738264917.820795,1165713.000,57387,1,SF,1,100,0.0000
1738264918.220811,1166113.000,57455,1,SF,1,100,0.0000
1738264918.486821,1166379.000,57506,1,SF,1,100,0.0000
1738264918.820835,1166713.000,57555,1,SF,1,100,0.0000
1738264919.153848,1167046.000,57605,1,SF,1,100,0.0000
1738264919.553864,1167446.000,57671,1,SF,1,100,0.0000
1738264919.819875,1167712.000,57721,1,SF,1,100,0.0000
1738264920.153888,1168046.000,57773,1,SF,1,100,0.0000
1738264920.553904,1168446.000,57839,1,SF,1,100,0.0000
1738264920.886917,1168779.000,57888,1,SF,1,100,0.0000
1738264921.153928,1169046.000,57939,1,SF,1,100,0.0000
1738264921.486941,1169379.000,57988,1,SF,1,100,0.0000
1738264921.886957,1169779.000,58056,1,SF,1,100,0.0000
1738264922.153968,1170046.000,58108,1,SF,1,100,0.0000
1738264922.486981,1170379.000,58159,1,SF,1,100,0.0000
1738264922.819994,1170712.000,58215,1,SF,1,100,0.0000
1738264923.153008,1171045.000,58264,1,SF,1,100,0.0000
1738264923.554024,1171446.000,58332,1,SF,1,100,0.0000
1738264923.820034,1171712.000,58383,1,SF,1,100,0.0000
1738264924.153048,1172045.000,58432,1,SF,1,100,0.0000
1738264924.487061,1172379.000,58482,1,SF,1,100,0.0000
1738264924.887077,1172779.000,58548,1,SF,1,100,0.0000
1738264925.153087,1173045.000,58598,1,SF,1,100,0.0000
1738264925.487101,1173379.000,58650,1,SF,1,100,0.0000
1738264925.887117,1173779.000,58716,1,SF,1,100,0.0000
1738264926.220130,1174112.000,58765,1,SF,1,100,0.0000
1738264926.487141,1174379.000,58818,1,SF,1,100,0.0000
1738264926.820154,1174712.000,58867,1,SF,1,100,0.0000
1738264927.220170,1175112.000,58935,1,SF,1,100,0.0000
1738264927.486181,1175378.000,58987,1,SF,1,100,0.0000
1738264927.820194,1175712.000,59037,1,SF,1,100,0.0000
1738264928.153207,1176045.000,59090,1,SF,1,100,0.0000
1738264928.486221,1176378.000,59141,1,SF,1,100,0.0000
1738264928.886236,1176778.000,59208,1,SF,1,100,0.0000
1738264929.153247,1177045.000,59260,1,SF,1,100,0.0000
1738264929.486260,1177378.000,59309,1,SF,1,100,0.0000
1738264929.820274,1177712.000,59361,1,SF,1,100,0.0000
1738264930.219290,1178111.000,59429,1,SF,1,100,0.0000
1738264930.486300,1178378.000,59479,1,SF,1,100,0.0000
1738264930.819314,1178711.000,59529,1,SF,1,100,0.0000
1738264931.219330,1179111.000,59597,1,SF,1,100,0.0000
1738264931.553343,1179445.000,59646,1,SF,1,100,0.0000
1738264931.819354,1179711.000,59699,1,SF,1,100,0.0000
1738264932.153367,1180045.000,59748,1,SF,1,100,0.0000
1738264932.553383,1180445.000,59818,1,SF,1,100,0.0000
1738264932.819393,1180711.000,59868,1,SF,1,100,0.0000
1738264933.219409,1181111.000,59923,1,SF,1,100,0.0000
1738264933.486420,1181378.000,59975,1,SF,1,100,0.0000
1738264933.819433,1181711.000,60024,1,SF,1,100,0.0000
1738264934.219449,1182111.000,60090,1,SF,1,100,0.0000
1738264934.486460,1182378.000,60141,1,SF,1,100,0.0000
1738264934.819473,1182711.000,60192,1,SF,1,100,0.0000
1738264935.152487,1183044.000,60242,1,SF,1,100,0.0000
1738264935.552503,1183444.000,60308,1,SF,1,100,0.0000
1738264935.819513,1183711.000,60358,1,SF,1,100,0.0000
1738264936.152527,1184044.000,60410,1,SF,1,100,0.0000
1738264936.552542,1184444.000,60476,1,SF,1,100,0.0000
1738264936.819553,1184711.000,60527,1,SF,1,100,0.0000
1738264937.152566,1185044.000,60578,1,SF,1,100,0.0000
1738264937.485580,1185377.000,60631,1,SF,1,100,0.0000
1738264937.885596,1185777.000,60697,1,SF,1,100,0.0000
1738264938.219609,1186111.000,60754,1,SF,1,100,0.0000
1738264938.552622,1186444.000,60804,1,SF,1,100,0.0000
1738264938.819633,1186711.000,60856,1,SF,1,100,0.0000
1738264939.152646,1187044.000,60905,1,SF,1,100,0.0000
1738264939.552662,1187444.000,60971,1,SF,1,100,0.0000
1738264939.819673,1187711.000,61022,1,SF,1,100,0.0000
1738264940.152686,1188044.000,61071,1,SF,1,100,0.0000
1738264940.485699,1188377.000,61123,1,SF,1,100,0.0000
1738264940.885715,1188777.000,61189,1,SF,1,100,0.0000
1738264941.152726,1189044.000,61239,1,SF,1,100,0.0000
1738264941.485739,1189377.000,61289,1,SF,1,100,0.0000
1738264941.885755,1189777.000,61355,1,SF,1,100,0.0000
1738264942.152766,1190044.000,61406,1,SF,1,100,0.0000
1738264942.485779,1190377.000,61458,1,SF,1,100,0.0000
1738264942.885795,1190777.000,61527,1,SF,1,100,0.0000
1738264943.218809,1191110.000,61576,1,SF,1,100,0.0000
1738264943.551822,1191443.000,61635,1,SF,1,100,0.0000
1738264943.818833,1191710.000,61685,1,SF,1,100,0.0000
1738264944.151846,1192043.000,61735,1,SF,1,100,0.0000
1738264944.485859,1192377.000,61784,1,SF,1,100,0.0000
1738264944.885875,1192777.000,61852,1,SF,1,100,0.0000
1738264945.151886,1193043.000,61903,1,SF,1,100,0.0000
1738264945.485899,1193377.000,61952,1,SF,1,100,0.0000
1738264945.884915,1193776.000,62018,1,SF,1,100,0.0000
1738264946.151926,1194043.000,62068,1,SF,1,100,0.0000
1738264946.484939,1194376.000,62120,1,SF,1,100,0.0000
1738264946.818952,1194710.000,62170,1,SF,1,100,0.0000
1738264947.218968,1195110.000,62238,1,SF,1,100,0.0000
1738264947.484979,1195376.000,62287,1,SF,1,100,0.0000
1738264947.818992,1195710.000,62339,1,SF,1,100,0.0000
1738264948.219008,1196110.000,62406,1,SF,1,100,0.0000
1738264948.485019,1196376.000,62444,1,SF,1,100,0.0000
1738264948.885035,1196776.000,62510,1,SF,1,100,0.0000
1738264949.152045,1197043.000,62562,1,SF,1,100,0.0000
1738264949.485059,1197376.000,62612,1,SF,1,100,0.0000
1738264949.885075,1197776.000,62678,1,SF,1,100,0.0000
1738264950.218088,1198109.000,62729,1,SF,1,100,0.0000
1738264950.485099,1198376.000,62780,1,SF,1,100,0.0000
1738264950.818112,1198709.000,62831,1,SF,1,100,0.0000
1738264951.218128,1199109.000,62899,1,SF,1,100,0.0000
1738264951.485139,1199376.000,62949,1,SF,1,100,0.0000
1738264951.818152,1199709.000,62999,1,SF,1,100,0.0000
1738264952.152165,1200043.000,63049,1,SF,1,100,0.0000
1738264952.552181,1200443.000,63117,1,SF,1,100,0.0000
1738264952.818192,1200709.000,63166,1,SF,1,100,0.0000
1738264953.151205,1201042.000,63218,1,SF,1,100,0.0000
1738264953.551221,1201442.000,63289,1,SF,1,100,0.0000
1738264953.885234,1201776.000,63340,1,SF,1,100,0.0000
1738264954.218248,1202109.000,63390,1,SF,1,100,0.0000
1738264954.485258,1202376.000,63442,1,SF,1,100,0.0000
1738264954.818272,1202709.000,63492,1,SF,1,100,0.0000
1738264955.218288,1203109.000,63558,1,SF,1,100,0.0000
1738264955.485298,1203376.000,63609,1,SF,1,100,0.0000
1738264955.818312,1203709.000,63659,1,SF,1,100,0.0000
1738264956.218328,1204109.000,63726,1,SF,1,100,0.0000
1738264956.551341,1204442.000,63775,1,SF,1,100,0.0000
1738264956.818352,1204709.000,63825,1,SF,1,100,0.0000
1738264957.151365,1205042.000,63876,1,SF,1,100,0.0000
1738264957.551381,1205442.000,63944,1,SF,1,100,0.0000
1738264957.818391,1205709.000,63997,1,SF,1,100,0.0000
1738264958.151405,1206042.000,64046,1,SF,1,100,0.0000
1738264958.551421,1206442.000,64112,1,SF,1,100,0.0000
1738264958.818431,1206709.000,64151,1,SF,1,100,0.0000
1738264959.218447,1207109.000,64219,1,SF,1,100,0.0000
1738264959.484458,1207375.000,64269,1,SF,1,100,0.0000
1738264959.817471,1207708.000,64319,1,SF,1,100,0.0000
1738264960.217487,1208108.000,64385,1,SF,1,100,0.0000
1738264960.551501,1208442.000,64435,1,SF,1,100,0.0000
1738264960.817511,1208708.000,64486,1,SF,1,100,0.0000
1738264961.151525,1209042.000,64538,1,SF,1,100,0.0000
1738264961.551540,1209442.000,64606,1,SF,1,100,0.0000
1738264961.817551,1209708.000,64656,1,SF,1,100,0.0000
1738264962.151564,1210042.000,64706,1,SF,1,100,0.0000
1738264962.484578,1210375.000,64759,1,SF,1,100,0.0000
1738264962.884594,1210775.000,64825,1,SF,1,100,0.0000
1738264963.150604,1211041.000,64876,1,SF,1,100,0.0000
1738264963.484618,1211375.000,64927,1,SF,1,100,0.0000
1738264963.817631,1211708.000,64982,1,SF,1,100,0.0000
1738264964.150644,1212041.000,65034,1,SF,1,100,0.0000
1738264964.550660,1212441.000,65100,1,SF,1,100,0.0000
1738264964.817671,1212708.000,65150,1,SF,1,100,0.0000
1738264965.150684,1213041.000,65201,1,SF,1,100,0.0000
1738264965.550700,1213441.000,65267,1,SF,1,100,0.0000
1738264965.817711,1213708.000,65320,1,SF,1,100,0.0000
1738264966.150724,1214041.000,65369,1,SF,1,100,0.0000
1738264966.483737,1214374.000,65421,1,SF,1,100,0.0000
1738264966.883753,1214774.000,65487,1,SF,1,100,0.0000
1738264967.150764,1215041.000,1,1,SF,1,100,0.0000
1738264967.483777,1215374.000,53,1,SF,1,100,0.0000
1738264967.883793,1215774.000,119,1,SF,1,100,0.0000
1738264968.150804,1216041.000,170,1,SF,1,100,0.0000
1738264968.483817,1216374.000,221,1,SF,1,100,0.0000
1738264968.817831,1216708.000,270,1,SF,1,100,0.0000
1738264969.150844,1217041.000,325,1,SF,1,100,0.0000
1738264969.550860,1217441.000,392,1,SF,1,100,0.0000
1738264969.883873,1217774.000,443,1,SF,1,100,0.0000
1738264970.150884,1218041.000,493,1,SF,1,100,0.0000
1738264970.483897,1218374.000,544,1,SF,1,100,0.0000
1738264970.883913,1218774.000,612,1,SF,1,100,0.0000
1738264971.150924,1219041.000,663,1,SF,1,100,0.0000
1738264971.483937,1219374.000,714,1,SF,1,100,0.0000
1738264971.816950,1219707.000,764,1,SF,1,100,0.0000
1738264972.216966,1220107.000,832,1,SF,1,100,0.0000
1738264972.483977,1220374.000,884,1,SF,1,100,0.0000
1738264972.816990,1220707.000,934,1,SF,1,100,0.0000
1738264973.217006,1221107.000,1002,1,SF,1,100,0.0000
1738264973.484017,1221374.000,1053,1,SF,1,100,0.0000
1738264973.817030,1221707.000,1104,1,SF,1,100,0.0000
1738264974.150043,1222040.000,1162,1,SF,1,100,0.0000
1738264974.550059,1222440.000,1228,1,SF,1,100,0.0000
1738264974.817070,1222707.000,1278,1,SF,1,100,0.0000
1738264975.150083,1223040.000,1329,1,SF,1,100,0.0000
1738264975.550099,1223440.000,1396,1,SF,1,100,0.0000
1738264975.883113,1223773.000,1446,1,SF,1,100,0.0000
1738264976.150123,1224040.000,1497,1,SF,1,100,0.0000
1738264976.483136,1224373.000,1547,1,SF,1,100,0.0000
1738264976.883152,1224773.000,1613,1,SF,1,100,0.0000
1738264977.150163,1225040.000,1663,1,SF,1,100,0.0000
1738264977.483176,1225373.000,1717,1,SF,1,100,0.0000
1738264977.883192,1225773.000,1783,1,SF,1,100,0.0000
1738264978.217206,1226107.000,1832,1,SF,1,100,0.0000
1738264978.483216,1226373.000,1883,1,SF,1,100,0.0000
1738264978.817230,1226707.000,1934,1,SF,1,100,0.0000
1738264979.216246,1227106.000,2007,1,SF,1,100,0.0000
1738264979.483256,1227373.000,2057,1,SF,1,100,0.0000
1738264979.816270,1227706.000,2107,1,SF,1,100,0.0000
1738264980.150283,1228040.000,2159,1,SF,1,100,0.0000
1738264980.550299,1228440.000,2225,1,SF,1,100,0.0000
1738264980.816309,1228706.000,2274,1,SF,1,100,0.0000
1738264981.150323,1229040.000,2324,1,SF,1,100,0.0000
1738264981.550339,1229440.000,2393,1,SF,1,100,0.0000
1738264981.883352,1229773.000,2442,1,SF,1,100,0.0000
1738264982.150363,1230040.000,2492,1,SF,1,100,0.0000
1738264982.483376,1230373.000,2545,1,SF,1,100,0.0000
1738264982.883392,1230773.000,2611,1,SF,1,100,0.0000
1738264983.150403,1231040.000,2664,1,SF,1,100,0.0000
1738264983.483416,1231373.000,2713,1,SF,1,100,0.0000
1738264983.883432,1231773.000,2779,1,SF,1,100,0.0000
1738264984.283448,1232173.000,2834,1,SF,1,100,0.0000
1738264984.483456,1232373.000,2867,1,SF,1,100,0.0000
1738264984.883472,1232773.000,2935,1,SF,1,100,0.0000
1738264985.149482,1233039.000,2986,1,SF,1,100,0.0000
1738264985.483496,1233373.000,3037,1,SF,1,100,0.0000
1738264985.816509,1233706.000,3087,1,SF,1,100,0.0000
1738264986.216525,1234106.000,3155,1,SF,1,100,0.0000
1738264986.482536,1234372.000,3205,1,SF,1,100,0.0000
1738264986.816549,1234706.000,3255,1,SF,1,100,0.0000
1738264987.216565,1235106.000,3323,1,SF,1,100,0.0000
1738264987.482576,1235372.000,3372,1,SF,1,100,0.0000
1738264987.816589,1235706.000,3423,1,SF,1,100,0.0000
1738264988.149602,1236039.000,3474,1,SF,1,100,0.0000
1738264988.549618,1236439.000,3540,1,SF,1,100,0.0000
1738264988.816629,1236706.000,3590,1,SF,1,100,0.0000
1738264989.149642,1237039.000,3641,1,SF,1,100,0.0000
1738264989.482656,1237372.000,3695,1,SF,1,100,0.0000
1738264989.816669,1237706.000,3747,1,SF,1,100,0.0000
1738264990.215685,1238105.000,3815,1,SF,1,100,0.0000
1738264990.482695,1238372.000,3865,1,SF,1,100,0.0000
1738264990.815709,1238705.000,3917,1,SF,1,100,0.0000
1738264991.149722,1239039.000,3966,1,SF,1,100,0.0000
1738264991.549738,1239439.000,4034,1,SF,1,100,0.0000
1738264991.815749,1239705.000,4085,1,SF,1,100,0.0000
1738264992.149762,1240039.000,4136,1,SF,1,100,0.0000
1738264992.482775,1240372.000,4188,1,SF,1,100,0.0000
1738264992.882791,1240772.000,4256,1,SF,1,100,0.0000
1738264993.149802,1241039.000,4306,1,SF,1,100,0.0000
1738264993.482815,1241372.000,4358,1,SF,1,100,0.0000
1738264993.882831,1241772.000,4424,1,SF,1,100,0.0000
1738264994.148842,1242038.000,4473,1,SF,1,100,0.0000
1738264994.482855,1242372.000,4531,1,SF,1,100,0.0000
1738264994.815868,1242705.000,4580,1,SF,1,100,0.0000
1738264995.215884,1243105.000,4646,1,SF,1,100,0.0000
1738264995.482895,1243372.000,4698,1,SF,1,100,0.0000
1738264995.815908,1243705.000,4748,1,SF,1,100,0.0000
1738264996.215924,1244105.000,4816,1,SF,1,100,0.0000
1738264996.548938,1244438.000,4866,1,SF,1,100,0.0000
1738264996.815948,1244705.000,4915,1,SF,1,100,0.0000
1738264997.148962,1245038.000,4967,1,SF,1,100,0.0000
1738264997.548977,1245438.000,5035,1,SF,1,100,0.0000
1738264997.815988,1245705.000,5085,1,SF,1,100,0.0000
1738264998.149001,1246038.000,5137,1,SF,1,100,0.0000
1738264998.482015,1246371.000,5188,1,SF,1,100,0.0000
1738264998.882031,1246771.000,5256,1,SF,1,100,0.0000
1738264999.149041,1247038.000,5307,1,SF,1,100,0.0000
1738264999.482055,1247371.000,5356,1,SF,1,100,0.0000
1738264999.882071,1247771.000,5429,1,SF,1,100,0.0000
1738265000.215084,1248104.000,5481,1,SF,1,100,0.0000
1738265000.482095,1248371.000,5531,1,SF,1,100,0.0000
1738265000.815108,1248704.000,5581,1,SF,1,100,0.0000
1738265001.215124,1249104.000,5649,1,SF,1,100,0.0000
1738265001.482134,1249371.000,5698,1,SF,1,100,0.0000
1738265001.815148,1249704.000,5748,1,SF,1,100,0.0000
1738265002.215164,1250104.000,5817,1,SF,1,100,0.0000
1738265002.549177,1250438.000,5866,1,SF,1,100,0.0000
1738265002.815188,1250704.000,5918,1,SF,1,100,0.0000
1738265003.148201,1251037.000,5967,1,SF,1,100,0.0000
1738265003.548217,1251437.000,6035,1,SF,1,100,0.0000
1738265003.815228,1251704.000,6086,1,SF,1,100,0.0000
1738265004.148241,1252037.000,6137,1,SF,1,100,0.0000
1738265004.548257,1252437.000,6203,1,SF,1,100,0.0000
1738265004.882270,1252771.000,6260,1,SF,1,100,0.0000
1738265005.148281,1253037.000,6312,1,SF,1,100,0.0000
1738265005.482294,1253371.000,6362,1,SF,1,100,0.0000
1738265005.881310,1253770.000,6430,1,SF,1,100,0.0000
1738265006.215323,1254104.000,6481,1,SF,1,100,0.0000
1738265006.481334,1254370.000,6532,1,SF,1,100,0.0000
1738265006.815347,1254704.000,6581,1,SF,1,100,0.0000
1738265007.215363,1255104.000,6651,1,SF,1,100,0.0000
1738265007.481374,1255370.000,6701,1,SF,1,100,0.0000
1738265007.815387,1255704.000,6753,1,SF,1,100,0.0000
1738265008.148401,1256037.000,6803,1,SF,1,100,0.0000
1738265008.548417,1256437.000,6869,1,SF,1,100,0.0000
1738265008.815427,1256704.000,6920,1,SF,1,100,0.0000
1738265009.148441,1257037.000,6970,1,SF,1,100,0.0000
1738265009.548456,1257437.000,7037,1,SF,1,100,0.0000
1738265009.881470,1257770.000,7092,1,SF,1,100,0.0000
1738265010.214483,1258103.000,7141,1,SF,1,100,0.0000
1738265010.481494,1258370.000,7194,1,SF,1,100,0.0000
1738265010.814507,1258703.000,7243,1,SF,1,100,0.0000
1738265011.148520,1259037.000,7295,1,SF,1,100,0.0000
1738265011.548536,1259437.000,7361,1,SF,1,100,0.0000
1738265011.814547,1259703.000,7411,1,SF,1,100,0.0000
1738265012.148560,1260037.000,7463,1,SF,1,100,0.0000
1738265012.548576,1260437.000,7531,1,SF,1,100,0.0000
1738265012.881589,1260770.000,7580,1,SF,1,100,0.0000
1738265013.147600,1261036.000,7633,1,SF,1,100,0.0000
1738265013.481613,1261370.000,7682,1,SF,1,100,0.0000
1738265013.881629,1261770.000,7748,1,SF,1,100,0.0000
1738265014.147640,1262036.000,7798,1,SF,1,100,0.0000
1738265014.481653,1262370.000,7850,1,SF,1,100,0.0000
1738265014.814667,1262703.000,7902,1,SF,1,100,0.0000
1738265015.214683,1263103.000,7975,1,SF,1,100,0.0000
1738265015.480693,1263369.000,8024,1,SF,1,100,0.0000
1738265015.814707,1263703.000,8074,1,SF,1,100,0.0000
1738265016.214723,1264103.000,8140,1,SF,1,100,0.0000
1738265016.481733,1264370.000,8192,1,SF,1,100,0.0000
1738265016.814747,1264703.000,8242,1,SF,1,100,0.0000
1738265017.147760,1265036.000,8291,1,SF,1,100,0.0000
1738265017.547776,1265436.000,8361,1,SF,1,100,0.0000
1738265017.814786,1265703.000,8412,1,SF,1,100,0.0000
1738265018.147800,1266036.000,8463,1,SF,1,100,0.0000
1738265018.547816,1266436.000,8529,1,SF,1,100,0.0000
1738265018.814826,1266703.000,8581,1,SF,1,100,0.0000
1738265019.147840,1267036.000,8631,1,SF,1,100,0.0000
1738265019.480853,1267369.000,8681,1,SF,1,100,0.0000
1738265019.880869,1267769.000,8749,1,SF,1,100,0.0000
1738265020.147880,1268036.000,8803,1,SF,1,100,0.0000
1738265020.480893,1268369.000,8855,1,SF,1,100,0.0000
1738265020.880909,1268769.000,8922,1,SF,1,100,0.0000
1738265021.213922,1269102.000,8971,1,SF,1,100,0.0000
1738265021.480933,1269369.000,9023,1,SF,1,100,0.0000
1738265021.813946,1269702.000,9072,1,SF,1,100,0.0000
1738265022.213962,1270102.000,9140,1,SF,1,100,0.0000
1738265022.480973,1270369.000,9191,1,SF,1,100,0.0000
1738265022.813986,1270702.000,9240,1,SF,1,100,0.0000
1738265023.214002,1271102.000,9306,1,SF,1,100,0.0000
1738265023.547015,1271435.000,9358,1,SF,1,100,0.0000
1738265023.814026,1271702.000,9408,1,SF,1,100,0.0000
1738265024.147039,1272035.000,9458,1,SF,1,100,0.0000
1738265024.547055,1272435.000,9526,1,SF,1,100,0.0000
1738265024.814066,1272702.000,9575,1,SF,1,100,0.0000
1738265025.147079,1273035.000,9630,1,SF,1,100,0.0000
1738265025.481092,1273369.000,9682,1,SF,1,100,0.0000
1738265025.881109,1273769.000,9748,1,SF,1,100,0.0000
1738265026.214122,1274102.000,9800,1,SF,1,100,0.0000
1738265026.480132,1274368.000,9850,1,SF,1,100,0.0000
1738265026.814146,1274702.000,9900,1,SF,1,100,0.0000
1738265027.214162,1275102.000,9968,1,SF,1,100,0.0000
1738265027.480172,1275368.000,10019,1,SF,1,100,0.0000
1738265027.814186,1275702.000,10069,1,SF,1,100,0.0000
1738265028.214202,1276102.000,10136,1,SF,1,100,0.0000
1738265028.547215,1276435.000,10185,1,SF,1,100,0.0000
1738265028.814225,1276702.000,10235,1,SF,1,100,0.0000
1738265029.147239,1277035.000,10286,1,SF,1,100,0.0000
1738265029.547255,1277435.000,10354,1,SF,1,100,0.0000
1738265029.814265,1277702.000,10405,1,SF,1,100,0.0000
1738265030.147279,1278035.000,10456,1,SF,1,100,0.0000
1738265030.480292,1278368.000,10512,1,SF,1,100,0.0000
1738265030.813305,1278701.000,10561,1,SF,1,100,0.0000
1738265031.213321,1279101.000,10629,1,SF,1,100,0.0000
1738265031.480332,1279368.000,10681,1,SF,1,100,0.0000
1738265031.813345,1279701.000,10730,1,SF,1,100,0.0000
1738265032.213361,1280101.000,10799,1,SF,1,100,0.0000
1738265032.547374,1280435.000,10849,1,SF,1,100,0.0000
1738265032.813385,1280701.000,10898,1,SF,1,100,0.0000
1738265033.146399,1281034.000,10948,1,SF,1,100,0.0000
1738265033.546414,1281434.000,11016,1,SF,1,100,0.0000
1738265033.813425,1281701.000,11066,1,SF,1,100,0.0000
1738265034.146438,1282034.000,11118,1,SF,1,100,0.0000
1738265034.480452,1282368.000,11167,1,SF,1,100,0.0000
1738265034.880468,1282768.000,11233,1,SF,1,100,0.0000
1738265035.146478,1283034.000,11284,1,SF,1,100,0.0000
1738265035.479492,1283367.000,11322,1,SF,1,100,0.0000
1738265035.879508,1283767.000,11388,1,SF,1,100,0.0000
1738265036.146518,1284034.000,11438,1,SF,1,100,0.0000
1738265036.479532,1284367.000,11490,1,SF,1,100,0.0000
1738265036.813545,1284701.000,11540,1,SF,1,100,0.0000
1738265037.213561,1285101.000,11608,1,SF,1,100,0.0000
1738265037.479571,1285367.000,11657,1,SF,1,100,0.0000
1738265037.813585,1285701.000,11707,1,SF,1,100,0.0000
1738265038.213601,1286101.000,11773,1,SF,1,100,0.0000
1738265038.479611,1286367.000,11823,1,SF,1,100,0.0000
1738265038.813625,1286701.000,11873,1,SF,1,100,0.0000
1738265039.146638,1287034.000,11922,1,SF,1,100,0.0000
1738265039.546654,1287434.000,11990,1,SF,1,100,0.0000
1738265039.813665,1287701.000,12041,1,SF,1,100,0.0000
1738265040.146678,1288034.000,12090,1,SF,1,100,0.0000
1738265040.546694,1288434.000,12163,1,SF,1,100,0.0000
1738265040.812705,1288700.000,12215,1,SF,1,100,0.0000
1738265041.146718,1289034.000,12265,1,SF,1,100,0.0000
1738265041.479731,1289367.000,12317,1,SF,1,100,0.0000
1738265041.879747,1289767.000,12383,1,SF,1,100,0.0000
1738265042.146758,1290034.000,12434,1,SF,1,100,0.0000
1738265042.479771,1290367.000,12486,1,SF,1,100,0.0000
1738265042.879787,1290767.000,12552,1,SF,1,100,0.0000
1738265043.146798,1291034.000,12604,1,SF,1,100,0.0000
1738265043.479811,1291367.000,12654,1,SF,1,100,0.0000
1738265043.812824,1291700.000,12703,1,SF,1,100,0.0000
1738265044.212840,1292100.000,12769,1,SF,1,100,0.0000
1738265044.479851,1292367.000,12820,1,SF,1,100,0.0000
1738265044.812864,1292700.000,12869,1,SF,1,100,0.0000
1738265045.212880,1293100.000,12937,1,SF,1,100,0.0000
1738265045.479891,1293367.000,12989,1,SF,1,100,0.0000
1738265045.812904,1293700.000,13044,1,SF,1,100,0.0000
1738265046.145917,1294033.000,13096,1,SF,1,100,0.0000
1738265046.545933,1294433.000,13162,1,SF,1,100,0.0000
1738265046.812944,1294700.000,13211,1,SF,1,100,0.0000
1738265047.145957,1295033.000,13263,1,SF,1,100,0.0000
1738265047.545973,1295433.000,13333,1,SF,1,100,0.0000
1738265047.812984,1295700.000,13385,1,SF,1,100,0.0000
1738265048.145997,1296033.000,13435,1,SF,1,100,0.0000
1738265048.479011,1296366.000,13486,1,SF,1,100,0.0000
1738265048.879026,1296766.000,13552,1,SF,1,100,0.0000
1738265049.146037,1297033.000,13603,1,SF,1,100,0.0000
1738265049.479050,1297366.000,13654,1,SF,1,100,0.0000
1738265049.879066,1297766.000,13720,1,SF,1,100,0.0000
1738265050.146077,1298033.000,13770,1,SF,1,100,0.0000
1738265050.479090,1298366.000,13820,1,SF,1,100,0.0000
1738265050.812104,1298699.000,13875,1,SF,1,100,0.0000
1738265051.212120,1299099.000,13943,1,SF,1,100,0.0000
1738265051.479130,1299366.000,13992,1,SF,1,100,0.0000
1738265051.812144,1299699.000,14042,1,SF,1,100,0.0000
1738265052.212160,1300099.000,14112,1,SF,1,100,0.0000
1738265052.479170,1300366.000,14162,1,SF,1,100,0.0000
1738265052.812184,1300699.000,14212,1,SF,1,100,0.0000
1738265053.145197,1301032.000,14263,1,SF,1,100,0.0000
1738265053.545213,1301432.000,14329,1,SF,1,100,0.0000
1738265053.812223,1301699.000,14380,1,SF,1,100,0.0000
1738265054.145237,1302032.000,14429,1,SF,1,100,0.0000
1738265054.545253,1302432.000,14497,1,SF,1,100,0.0000
1738265054.812263,1302699.000,14547,1,SF,1,100,0.0000
1738265055.145277,1303032.000,14597,1,SF,1,100,0.0000
1738265055.479290,1303366.000,14649,1,SF,1,100,0.0000
1738265055.945309,1303832.000,14718,1,SF,1,100,0.0000
1738265056.145317,1304032.000,14752,1,SF,1,100,0.0000
1738265056.545332,1304432.000,14820,1,SF,1,100,0.0000
1738265056.812343,1304699.000,14870,1,SF,1,100,0.0000
1738265057.145356,1305032.000,14920,1,SF,1,100,0.0000
1738265057.478370,1305365.000,14972,1,SF,1,100,0.0000
1738265057.878386,1305765.000,15038,1,SF,1,100,0.0000
1738265058.145396,1306032.000,15089,1,SF,1,100,0.0000
1738265058.478410,1306365.000,15139,1,SF,1,100,0.0000
1738265058.878426,1306765.000,15205,1,SF,1,100,0.0000
1738265059.145436,1307032.000,15257,1,SF,1,100,0.0000
1738265059.478450,1307365.000,15307,1,SF,1,100,0.0000
1738265059.811463,1307698.000,15356,1,SF,1,100,0.0000
1738265060.211479,1308098.000,15422,1,SF,1,100,0.0000
1738265060.478490,1308365.000,15475,1,SF,1,100,0.0000
1738265060.811503,1308698.000,15524,1,SF,1,100,0.0000
1738265061.145516,1309032.000,15581,1,SF,1,100,0.0000
1738265061.545532,1309432.000,15649,1,SF,1,100,0.0000
1738265061.812543,1309699.000,15699,1,SF,1,100,0.0000
1738265062.145556,1310032.000,15751,1,SF,1,100,0.0000
1738265062.478569,1310365.000,15802,1,SF,1,100,0.0000
1738265062.878585,1310765.000,15870,1,SF,1,100,0.0000
1738265063.145596,1311032.000,15921,1,SF,1,100,0.0000
1738265063.478609,1311365.000,15970,1,SF,1,100,0.0000
1738265063.878625,1311765.000,16036,1,SF,1,100,0.0000
1738265064.145636,1312032.000,16086,1,SF,1,100,0.0000
1738265064.478649,1312365.000,16136,1,SF,1,100,0.0000
1738265064.811662,1312698.000,16188,1,SF,1,100,0.0000
1738265065.211679,1313098.000,16254,1,SF,1,100,0.0000
1738265065.478689,1313365.000,16305,1,SF,1,100,0.0000
1738265065.811702,1313698.000,16355,1,SF,1,100,0.0000
1738265066.211718,1314098.000,16426,1,SF,1,100,0.0000
1738265066.477729,1314364.000,16476,1,SF,1,100,0.0000
1738265066.811742,1314698.000,16526,1,SF,1,100,0.0000
1738265067.144756,1315031.000,16575,1,SF,1,100,0.0000
1738265067.544772,1315431.000,16645,1,SF,1,100,0.0000
1738265067.811782,1315698.000,16696,1,SF,1,100,0.0000
1738265068.144796,1316031.000,16747,1,SF,1,100,0.0000
1738265068.544811,1316431.000,16813,1,SF,1,100,0.0000
1738265068.877825,1316764.000,16863,1,SF,1,100,0.0000
1738265069.144835,1317031.000,16913,1,SF,1,100,0.0000
1738265069.477849,1317364.000,16963,1,SF,1,100,0.0000
1738265069.877865,1317764.000,17031,1,SF,1,100,0.0000
1738265070.144876,1318031.000,17080,1,SF,1,100,0.0000
1738265070.477889,1318364.000,17130,1,SF,1,100,0.0000
1738265070.810902,1318697.000,17180,1,SF,1,100,0.0000
1738265071.210918,1319097.000,17251,1,SF,1,100,0.0000
1738265071.477929,1319364.000,17303,1,SF,1,100,0.0000
1738265071.810942,1319697.000,17352,1,SF,1,100,0.0000
1738265072.210958,1320097.000,17421,1,SF,1,100,0.0000
1738265072.543971,1320430.000,17471,1,SF,1,100,0.0000
1738265072.810982,1320697.000,17520,1,SF,1,100,0.0000
1738265073.143995,1321030.000,17570,1,SF,1,100,0.0000
1738265073.544011,1321430.000,17638,1,SF,1,100,0.0000
1738265073.811022,1321697.000,17688,1,SF,1,100,0.0000
1738265074.144035,1322030.000,17740,1,SF,1,100,0.0000
1738265074.544051,1322430.000,17808,1,SF,1,100,0.0000
1738265074.878064,1322764.000,17857,1,SF,1,100,0.0000
1738265075.144075,1323030.000,17908,1,SF,1,100,0.0000
1738265075.477088,1323363.000,17959,1,SF,1,100,0.0000
1738265075.878104,1323764.000,18027,1,SF,1,100,0.0000
1738265076.144115,1324030.000,18077,1,SF,1,100,0.0000
1738265076.477128,1324363.000,18134,1,SF,1,100,0.0000
1738265076.811141,1324697.000,18184,1,SF,1,100,0.0000
1738265077.211158,1325097.000,18252,1,SF,1,100,0.0000
1738265077.477168,1325363.000,18301,1,SF,1,100,0.0000
1738265077.811182,1325697.000,18354,1,SF,1,100,0.0000
1738265078.144195,1326030.000,18403,1,SF,1,100,0.0000
1738265078.544211,1326430.000,18469,1,SF,1,100,0.0000
1738265078.811221,1326697.000,18519,1,SF,1,100,0.0000
1738265079.144235,1327030.000,18568,1,SF,1,100,0.0000
1738265079.544251,1327430.000,18636,1,SF,1,100,0.0000
1738265079.811261,1327697.000,18687,1,SF,1,100,0.0000
1738265080.144274,1328030.000,18736,1,SF,1,100,0.0000
1738265080.477288,1328363.000,18786,1,SF,1,100,0.0000
1738265080.877304,1328763.000,18852,1,SF,1,100,0.0000
1738265081.144315,1329030.000,18904,1,SF,1,100,0.0000
1738265081.477328,1329363.000,18959,1,SF,1,100,0.0000
1738265081.877344,1329763.000,19025,1,SF,1,100,0.0000
1738265082.144354,1330030.000,19074,1,SF,1,100,0.0000
1738265082.477368,1330363.000,19127,1,SF,1,100,0.0000
1738265082.810381,1330696.000,19176,1,SF,1,100,0.0000
1738265083.210397,1331096.000,19242,1,SF,1,100,0.0000
1738265083.477408,1331363.000,19292,1,SF,1,100,0.0000
1738265083.810421,1331696.000,19341,1,SF,1,100,0.0000
1738265084.210437,1332096.000,19410,1,SF,1,100,0.0000
1738265084.543450,1332429.000,19460,1,SF,1,100,0.0000
1738265084.810461,1332696.000,19509,1,SF,1,100,0.0000
1738265085.143474,1333029.000,19559,1,SF,1,100,0.0000
1738265085.543490,1333429.000,19625,1,SF,1,100,0.0000
1738265085.810501,1333696.000,19675,1,SF,1,100,0.0000
1738265086.143514,1334029.000,19727,1,SF,1,100,0.0000
1738265086.543530,1334429.000,19798,1,SF,1,100,0.0000
1738265086.876543,1334762.000,19847,1,SF,1,100,0.0000
1738265087.143554,1335029.000,19900,1,SF,1,100,0.0000
1738265087.476567,1335362.000,19951,1,SF,1,100,0.0000
1738265087.876583,1335762.000,20019,1,SF,1,100,0.0000
1738265088.143594,1336029.000,20069,1,SF,1,100,0.0000
1738265088.476607,1336362.000,20121,1,SF,1,100,0.0000
1738265088.810621,1336696.000,20171,1,SF,1,100,0.0000
1738265089.210637,1337096.000,20239,1,SF,1,100,0.0000
1738265089.476647,1337362.000,20288,1,SF,1,100,0.0000
1738265089.809660,1337695.000,20338,1,SF,1,100,0.0000
1738265090.209677,1338095.000,20406,1,SF,1,100,0.0000
1738265090.476687,1338362.000,20456,1,SF,1,100,0.0000
1738265090.809700,1338695.000,20508,1,SF,1,100,0.0000
1738265091.143714,1339029.000,20557,1,SF,1,100,0.0000
1738265091.543730,1339429.000,20623,1,SF,1,100,0.0000
1738265091.809740,1339695.000,20679,1,SF,1,100,0.0000
1738265092.143754,1340029.000,20730,1,SF,1,100,0.0000
1738265092.476767,1340362.000,20782,1,SF,1,100,0.0000
1738265092.876783,1340762.000,20848,1,SF,1,100,0.0000
1738265093.142793,1341028.000,20900,1,SF,1,100,0.0000
1738265093.476807,1341362.000,20950,1,SF,1,100,0.0000
1738265093.876823,1341762.000,21018,1,SF,1,100,0.0000
1738265094.142833,1342028.000,21067,1,SF,1,100,0.0000
1738265094.476847,1342362.000,21118,1,SF,1,100,0.0000
1738265094.809860,1342695.000,21167,1,SF,1,100,0.0000
1738265095.209876,1343095.000,21233,1,SF,1,100,0.0000
1738265095.475887,1343361.000,21285,1,SF,1,100,0.0000
1738265095.809900,1343695.000,21336,1,SF,1,100,0.0000
1738265096.209916,1344095.000,21402,1,SF,1,100,0.0000
1738265096.542929,1344428.000,21455,1,SF,1,100,0.0000
1738265096.809940,1344695.000,21509,1,SF,1,100,0.0000
1738265097.142953,1345028.000,21559,1,SF,1,100,0.0000
1738265097.542969,1345428.000,21629,1,SF,1,100,0.0000
1738265097.809980,1345695.000,21679,1,SF,1,100,0.0000
1738265098.142993,1346028.000,21729,1,SF,1,100,0.0000
1738265098.543009,1346428.000,21797,1,SF,1,100,0.0000
1738265098.876022,1346761.000,21846,1,SF,1,100,0.0000
1738265099.143033,1347028.000,21897,1,SF,1,100,0.0000
1738265099.476046,1347361.000,21946,1,SF,1,100,0.0000
1738265099.876062,1347761.000,22012,1,SF,1,100,0.0000
1738265100.143073,1348028.000,22062,1,SF,1,100,0.0000
1738265100.476086,1348361.000,22114,1,SF,1,100,0.0000
1738265100.809099,1348694.000,22164,1,SF,1,100,0.0000
1738265101.209116,1349094.000,22230,1,SF,1,100,0.0000
1738265101.476126,1349361.000,22279,1,SF,1,100,0.0000
1738265101.809139,1349694.000,22331,1,SF,1,100,0.0000
1738265102.209155,1350094.000,22386,1,SF,1,100,0.0000
1738265102.476166,1350361.000,22436,1,SF,1,100,0.0000
1738265102.809179,1350694.000,22486,1,SF,1,100,0.0000
1738265103.209195,1351094.000,22552,1,SF,1,100,0.0000
1738265103.476206,1351361.000,22603,1,SF,1,100,0.0000
1738265103.809219,1351694.000,22654,1,SF,1,100,0.0000
1738265104.143233,1352028.000,22703,1,SF,1,100,0.0000
1738265104.542248,1352427.000,22771,1,SF,1,100,0.0000
1738265104.809259,1352694.000,22821,1,SF,1,100,0.0000
1738265105.142272,1353027.000,22870,1,SF,1,100,0.0000
1738265105.542289,1353427.000,22936,1,SF,1,100,0.0000
1738265105.809299,1353694.000,22987,1,SF,1,100,0.0000
1738265106.142313,1354027.000,23038,1,SF,1,100,0.0000
1738265106.475326,1354360.000,23088,1,SF,1,100,0.0000
1738265106.875342,1354760.000,23154,1,SF,1,100,0.0000
1738265107.142352,1355027.000,23211,1,SF,1,100,0.0000
1738265107.475366,1355360.000,23263,1,SF,1,100,0.0000
1738265107.875382,1355760.000,23331,1,SF,1,100,0.0000
1738265108.142392,1356027.000,23380,1,SF,1,100,0.0000
1738265108.475405,1356360.000,23431,1,SF,1,100,0.0000
1738265108.809419,1356694.000,23480,1,SF,1,100,0.0000
1738265109.209435,1357094.000,23546,1,SF,1,100,0.0000
1738265109.475446,1357360.000,23596,1,SF,1,100,0.0000
1738265109.809459,1357694.000,23645,1,SF,1,100,0.0000
1738265110.208475,1358093.000,23711,1,SF,1,100,0.0000
1738265110.475485,1358360.000,23766,1,SF,1,100,0.0000
1738265110.808499,1358693.000,23815,1,SF,1,100,0.0000
1738265111.142512,1359027.000,23865,1,SF,1,100,0.0000
1738265111.542528,1359427.000,23931,1,SF,1,100,0.0000
1738265111.808539,1359693.000,23981,1,SF,1,100,0.0000
1738265112.142552,1360027.000,24036,1,SF,1,100,0.0000
1738265112.541568,1360426.000,24104,1,SF,1,100,0.0000
1738265112.875581,1360760.000,24155,1,SF,1,100,0.0000
1738265113.141592,1361026.000,24206,1,SF,1,100,0.0000
1738265113.475605,1361360.000,24255,1,SF,1,100,0.0000
1738265113.875621,1361760.000,24321,1,SF,1,100,0.0000
1738265114.141632,1362026.000,24373,1,SF,1,100,0.0000
1738265114.475645,1362360.000,24423,1,SF,1,100,0.0000
1738265114.808658,1362693.000,24473,1,SF,1,100,0.0000
1738265115.208674,1363093.000,24543,1,SF,1,100,0.0000
1738265115.474685,1363359.000,24592,1,SF,1,100,0.0000
1738265115.808698,1363693.000,24642,1,SF,1,100,0.0000
1738265116.208714,1364093.000,24708,1,SF,1,100,0.0000
1738265116.475725,1364360.000,24758,1,SF,1,100,0.0000
1738265116.808738,1364693.000,24808,1,SF,1,100,0.0000
1738265117.141752,1365026.000,24857,1,SF,1,100,0.0000
1738265117.541767,1365426.000,24931,1,SF,1,100,0.0000
1738265117.874781,1365759.000,24981,1,SF,1,100,0.0000
1738265118.141791,1366026.000,25030,1,SF,1,100,0.0000
1738265118.474805,1366359.000,25080,1,SF,1,100,0.0000
1738265118.874821,1366759.000,25146,1,SF,1,100,0.0000
1738265119.141831,1367026.000,25196,1,SF,1,100,0.0000
1738265119.474845,1367359.000,25246,1,SF,1,100,0.0000
1738265119.874861,1367759.000,25312,1,SF,1,100,0.0000
1738265120.207874,1368092.000,25361,1,SF,1,100,0.0000
1738265120.474885,1368359.000,25412,1,SF,1,100,0.0000
1738265120.807898,1368692.000,25461,1,SF,1,100,0.0000
1738265121.207914,1369092.000,25527,1,SF,1,100,0.0000
1738265121.474925,1369359.000,25577,1,SF,1,100,0.0000
1738265121.807938,1369692.000,25627,1,SF,1,100,0.0000
1738265122.141951,1370026.000,25677,1,SF,1,100,0.0000
1738265122.540967,1370425.000,25734,1,SF,1,100,0.0000
1738265122.807978,1370692.000,25783,1,SF,1,100,0.0000
1738265123.140991,1371025.000,25835,1,SF,1,100,0.0000
1738265123.541007,1371425.000,25901,1,SF,1,100,0.0000
1738265123.808018,1371692.000,25951,1,SF,1,100,0.0000
1738265124.141031,1372025.000,26001,1,SF,1,100,0.0000
1738265124.475044,1372359.000,26050,1,SF,1,100,0.0000
1738265124.875060,1372759.000,26116,1,SF,1,100,0.0000
1738265125.141071,1373025.000,26167,1,SF,1,100,0.0000
1738265125.475084,1373359.000,26216,1,SF,1,100,0.0000
1738265125.875100,1373759.000,26282,1,SF,1,100,0.0000
1738265126.141111,1374025.000,26332,1,SF,1,100,0.0000
1738265126.474124,1374358.000,26382,1,SF,1,100,0.0000
1738265126.808137,1374692.000,26432,1,SF,1,100,0.0000
1738265127.208153,1375092.000,26500,1,SF,1,100,0.0000
1738265127.474164,1375358.000,26554,1,SF,1,100,0.0000
1738265127.808177,1375692.000,26604,1,SF,1,100,0.0000
1738265128.208193,1376092.000,26671,1,SF,1,100,0.0000
1738265128.541207,1376425.000,26720,1,SF,1,100,0.0000
1738265128.808217,1376692.000,26770,1,SF,1,100,0.0000
1738265129.141231,1377025.000,26819,1,SF,1,100,0.0000
1738265129.541246,1377425.000,26885,1,SF,1,100,0.0000
1738265129.808257,1377692.000,26936,1,SF,1,100,0.0000
1738265130.141270,1378025.000,26985,1,SF,1,100,0.0000
1738265130.541286,1378425.000,27051,1,SF,1,100,0.0000
1738265130.874300,1378758.000,27101,1,SF,1,100,0.0000
1738265131.141310,1379025.000,27151,1,SF,1,100,0.0000
1738265131.474324,1379358.000,27201,1,SF,1,100,0.0000
1738265131.874340,1379758.000,27267,1,SF,1,100,0.0000
1738265132.141350,1380025.000,27316,1,SF,1,100,0.0000
1738265132.474364,1380358.000,27371,1,SF,1,100,0.0000
1738265132.807377,1380691.000,27425,1,SF,1,100,0.0000
1738265133.207393,1381091.000,27493,1,SF,1,100,0.0000
1738265133.474403,1381358.000,27543,1,SF,1,100,0.0000
1738265133.807417,1381691.000,27592,1,SF,1,100,0.0000
1738265134.207433,1382091.000,27658,1,SF,1,100,0.0000
1738265134.474443,1382358.000,27709,1,SF,1,100,0.0000
1738265134.807457,1382691.000,27758,1,SF,1,100,0.0000
1738265135.140470,1383024.000,27808,1,SF,1,100,0.0000
1738265135.540486,1383424.000,27874,1,SF,1,100,0.0000
1738265135.807497,1383691.000,27924,1,SF,1,100,0.0000
1738265136.140510,1384024.000,27974,1,SF,1,100,0.0000
1738265136.540526,1384424.000,28040,1,SF,1,100,0.0000
1738265136.807537,1384691.000,28089,1,SF,1,100,0.0000
1738265137.140550,1385024.000,28140,1,SF,1,100,0.0000
1738265137.473563,1385357.000,28191,1,SF,1,100,0.0000
1738265137.873579,1385757.000,28262,1,SF,1,100,0.0000
1738265138.140590,1386024.000,28314,1,SF,1,100,0.0000
1738265138.473603,1386357.000,28364,1,SF,1,100,0.0000
1738265138.807616,1386691.000,28416,1,SF,1,100,0.0000
1738265139.206632,1387090.000,28482,1,SF,1,100,0.0000
1738265139.473643,1387357.000,28531,1,SF,1,100,0.0000
1738265139.806656,1387690.000,28581,1,SF,1,100,0.0000
1738265140.206672,1388090.000,28649,1,SF,1,100,0.0000
1738265140.473683,1388357.000,28699,1,SF,1,100,0.0000
1738265140.806696,1388690.000,28749,1,SF,1,100,0.0000
1738265141.140710,1389024.000,28798,1,SF,1,100,0.0000
1738265141.540725,1389424.000,28866,1,SF,1,100,0.0000
1738265141.806736,1389690.000,28917,1,SF,1,100,0.0000
1738265142.140749,1390024.000,28966,1,SF,1,100,0.0000
1738265142.540766,1390424.000,29034,1,SF,1,100,0.0000
1738265142.806776,1390690.000,29089,1,SF,1,100,0.0000
1738265143.139789,1391023.000,29139,1,SF,1,100,0.0000
1738265143.473803,1391357.000,29191,1,SF,1,100,0.0000
1738265143.873819,1391757.000,29257,1,SF,1,100,0.0000
1738265144.139829,1392023.000,29306,1,SF,1,100,0.0000
1738265144.473843,1392357.000,29357,1,SF,1,100,0.0000
1738265144.806856,1392690.000,29406,1,SF,1,100,0.0000
1738265145.206872,1393090.000,29472,1,SF,1,100,0.0000
1738265145.473882,1393357.000,29522,1,SF,1,100,0.0000
1738265145.806896,1393690.000,29571,1,SF,1,100,0.0000
1738265146.206912,1394090.000,29637,1,SF,1,100,0.0000
1738265146.473922,1394357.000,29688,1,SF,1,100,0.0000
1738265146.806936,1394690.000,29739,1,SF,1,100,0.0000
1738265147.139949,1395023.000,29789,1,SF,1,100,0.0000
1738265147.539965,1395423.000,29857,1,SF,1,100,0.0000
1738265147.806976,1395690.000,29909,1,SF,1,100,0.0000
1738265148.139989,1396023.000,29964,1,SF,1,100,0.0000
1738265148.473002,1396356.000,30013,1,SF,1,100,0.0000
1738265148.873018,1396756.000,30079,1,SF,1,100,0.0000
1738265149.140029,1397023.000,30130,1,SF,1,100,0.0000
1738265149.473042,1397356.000,30179,1,SF,1,100,0.0000
1738265149.806056,1397689.000,30229,1,SF,1,100,0.0000
1738265150.206071,1398089.000,30295,1,SF,1,100,0.0000
1738265150.473082,1398356.000,30345,1,SF,1,100,0.0000
1738265150.806095,1398689.000,30397,1,SF,1,100,0.0000
1738265151.206111,1399089.000,30463,1,SF,1,100,0.0000
1738265151.473122,1399356.000,30512,1,SF,1,100,0.0000
1738265151.806135,1399689.000,30563,1,SF,1,100,0.0000
1738265152.140149,1400023.000,30612,1,SF,1,100,0.0000
1738265152.540164,1400423.000,30680,1,SF,1,100,0.0000
1738265152.806175,1400689.000,30730,1,SF,1,100,0.0000
1738265153.139189,1401022.000,30787,1,SF,1,100,0.0000
1738265153.473202,1401356.000,30837,1,SF,1,100,0.0000
1738265153.873218,1401756.000,30903,1,SF,1,100,0.0000
1738265154.139228,1402022.000,30952,1,SF,1,100,0.0000
1738265154.473242,1402356.000,31002,1,SF,1,100,0.0000
1738265154.873258,1402756.000,31071,1,SF,1,100,0.0000
1738265155.206271,1403089.000,31120,1,SF,1,100,0.0000
1738265155.473282,1403356.000,31172,1,SF,1,100,0.0000
1738265155.806295,1403689.000,31221,1,SF,1,100,0.0000
1738265156.206311,1404089.000,31287,1,SF,1,100,0.0000
1738265156.473322,1404356.000,31338,1,SF,1,100,0.0000
1738265156.806335,1404689.000,31387,1,SF,1,100,0.0000
1738265157.139348,1405022.000,31439,1,SF,1,100,0.0000
1738265157.539364,1405422.000,31507,1,SF,1,100,0.0000
1738265157.806375,1405689.000,31557,1,SF,1,100,0.0000
1738265158.139388,1406022.000,31612,1,SF,1,100,0.0000
1738265158.539404,1406422.000,31678,1,SF,1,100,0.0000
1738265158.806415,1406689.000,31727,1,SF,1,100,0.0000
1738265159.139428,1407022.000,31778,1,SF,1,100,0.0000
1738265159.472441,1407355.000,31827,1,SF,1,100,0.0000
1738265159.872457,1407755.000,31895,1,SF,1,100,0.0000
1738265160.139468,1408022.000,31945,1,SF,1,100,0.0000
1738265160.472481,1408355.000,31994,1,SF,1,100,0.0000
1738265160.872497,1408755.000,32061,1,SF,1,100,0.0000
1738265161.205510,1409088.000,32111,1,SF,1,100,0.0000
1738265161.472521,1409355.000,32160,1,SF,1,100,0.0000
1738265161.805534,1409688.000,32210,1,SF,1,100,0.0000
1738265162.205550,1410088.000,32280,1,SF,1,100,0.0000
1738265162.472561,1410355.000,32330,1,SF,1,100,0.0000
1738265162.805574,1410688.000,32380,1,SF,1,100,0.0000
1738265163.138588,1411021.000,32429,1,SF,1,100,0.0000
1738265163.538604,1411421.000,32501,1,SF,1,100,0.0000
1738265163.872617,1411755.000,32551,1,SF,1,100,0.0000
1738265164.138628,1412021.000,32600,1,SF,1,100,0.0000
1738265164.472641,1412355.000,32650,1,SF,1,100,0.0000
1738265164.872657,1412755.000,32716,1,SF,1,100,0.0000
1738265165.138668,1413021.000,32766,1,SF,1,100,0.0000
1738265165.471681,1413354.000,32816,1,SF,1,100,0.0000
1738265165.805694,1413688.000,32865,1,SF,1,100,0.0000
1738265166.205710,1414088.000,32931,1,SF,1,100,0.0000
1738265166.472721,1414355.000,32982,1,SF,1,100,0.0000
1738265166.805734,1414688.000,33031,1,SF,1,100,0.0000
1738265167.205750,1415088.000,33101,1,SF,1,100,0.0000
1738265167.471761,1415354.000,33151,1,SF,1,100,0.0000
1738265167.805774,1415688.000,33203,1,SF,1,100,0.0000
1738265168.138787,1416021.000,33253,1,SF,1,100,0.0000
1738265168.538803,1416421.000,33306,1,SF,1,100,0.0000
1738265168.805814,1416688.000,33355,1,SF,1,100,0.0000
1738265169.138827,1417021.000,33408,1,SF,1,100,0.0000
1738265169.471840,1417354.000,33457,1,SF,1,100,0.0000
1738265169.871856,1417754.000,33523,1,SF,1,100,0.0000
1738265170.138867,1418021.000,33573,1,SF,1,100,0.0000
1738265170.471880,1418354.000,33624,1,SF,1,100,0.0000
1738265170.871896,1418754.000,33690,1,SF,1,100,0.0000
1738265171.138907,1419021.000,33741,1,SF,1,100,0.0000
1738265171.471920,1419354.000,33790,1,SF,1,100,0.0000
1738265171.804934,1419687.000,33842,1,SF,1,100,0.0000
1738265172.204950,1420087.000,33910,1,SF,1,100,0.0000
1738265172.471960,1420354.000,33960,1,SF,1,100,0.0000
1738265172.804974,1420687.000,34010,1,SF,1,100,0.0000
1738265173.204989,1421087.000,34076,1,SF,1,100,0.0000
1738265173.538003,1421420.000,34133,1,SF,1,100,0.0000
1738265173.872016,1421754.000,34182,1,SF,1,100,0.0000
1738265174.205029,1422087.000,34232,1,SF,1,100,0.0000
1738265174.472040,1422354.000,34282,1,SF,1,100,0.0000
1738265174.805053,1422687.000,34332,1,SF,1,100,0.0000
1738265175.205069,1423087.000,34398,1,SF,1,100,0.0000
1738265175.472080,1423354.000,34449,1,SF,1,100,0.0000
1738265175.805093,1423687.000,34500,1,SF,1,100,0.0000
1738265176.138107,1424020.000,34549,1,SF,1,100,0.0000
1738265176.538123,1424420.000,34617,1,SF,1,100,0.0000
1738265176.805133,1424687.000,34667,1,SF,1,100,0.0000
1738265177.138146,1425020.000,34716,1,SF,1,100,0.0000
1738265177.538162,1425420.000,34784,1,SF,1,100,0.0000
1738265177.805173,1425687.000,34835,1,SF,1,100,0.0000
1738265178.138186,1426020.000,34884,1,SF,1,100,0.0000
1738265178.471200,1426353.000,34934,1,SF,1,100,0.0000
1738265178.805213,1426687.000,34989,1,SF,1,100,0.0000
1738265179.204229,1427086.000,35057,1,SF,1,100,0.0000
1738265179.538242,1427420.000,35109,1,SF,1,100,0.0000
1738265179.804253,1427686.000,35159,1,SF,1,100,0.0000
1738265180.138266,1428020.000,35209,1,SF,1,100,0.0000
1738265180.538282,1428420.000,35275,1,SF,1,100,0.0000
1738265180.804293,1428686.000,35326,1,SF,1,100,0.0000
1738265181.138306,1429020.000,35376,1,SF,1,100,0.0000
1738265181.471319,1429353.000,35426,1,SF,1,100,0.0000
1738265181.871336,1429753.000,35494,1,SF,1,100,0.0000
1738265182.138346,1430020.000,35544,1,SF,1,100,0.0000
1738265182.471359,1430353.000,35595,1,SF,1,100,0.0000
1738265182.871375,1430753.000,35663,1,SF,1,100,0.0000
1738265183.138386,1431020.000,35714,1,SF,1,100,0.0000
1738265183.471399,1431353.000,35763,1,SF,1,100,0.0000
1738265183.804413,1431686.000,35818,1,SF,1,100,0.0000
1738265184.137426,1432019.000,35868,1,SF,1,100,0.0000
1738265184.537442,1432419.000,35934,1,SF,1,100,0.0000
1738265184.804453,1432686.000,35986,1,SF,1,100,0.0000
1738265185.137466,1433019.000,36038,1,SF,1,100,0.0000
1738265185.471479,1433353.000,36088,1,SF,1,100,0.0000
1738265185.870495,1433752.000,36154,1,SF,1,100,0.0000
1738265186.137506,1434019.000,36203,1,SF,1,100,0.0000
1738265186.471519,1434353.000,36255,1,SF,1,100,0.0000
1738265186.871535,1434753.000,36321,1,SF,1,100,0.0000
1738265187.137546,1435019.000,36371,1,SF,1,100,0.0000
1738265187.471559,1435353.000,36423,1,SF,1,100,0.0000
1738265187.804572,1435686.000,36474,1,SF,1,100,0.0000
1738265188.204588,1436086.000,36540,1,SF,1,100,0.0000
1738265188.470599,1436352.000,36591,1,SF,1,100,0.0000
1738265188.804612,1436686.000,36640,1,SF,1,100,0.0000
1738265189.137625,1437019.000,36696,1,SF,1,100,0.0000
1738265189.470639,1437352.000,36747,1,SF,1,100,0.0000
1738265189.870655,1437752.000,36813,1,SF,1,100,0.0000
1738265190.137666,1438019.000,36863,1,SF,1,100,0.0000
1738265190.470679,1438352.000,36913,1,SF,1,100,0.0000
1738265190.803692,1438685.000,36963,1,SF,1,100,0.0000
1738265191.203708,1439085.000,37029,1,SF,1,100,0.0000
1738265191.470719,1439352.000,37078,1,SF,1,100,0.0000
1738265191.803732,1439685.000,37128,1,SF,1,100,0.0000
1738265192.203748,1440085.000,37196,1,SF,1,100,0.0000
1738265192.470759,1440352.000,37246,1,SF,1,100,0.0000
1738265192.803772,1440685.000,37296,1,SF,1,100,0.0000
1738265193.136785,1441018.000,37345,1,SF,1,100,0.0000
1738265193.536801,1441418.000,37413,1,SF,1,100,0.0000
1738265193.803812,1441685.000,37464,1,SF,1,100,0.0000
1738265194.203828,1442085.000,37518,1,SF,1,100,0.0000
1738265194.470838,1442352.000,37569,1,SF,1,100,0.0000
1738265194.803852,1442685.000,37618,1,SF,1,100,0.0000
1738265195.203868,1443085.000,37684,1,SF,1,100,0.0000
1738265195.470878,1443352.000,37734,1,SF,1,100,0.0000
1738265195.803892,1443685.000,37784,1,SF,1,100,0.0000
1738265196.136905,1444018.000,37834,1,SF,1,100,0.0000
1738265196.536921,1444418.000,37900,1,SF,1,100,0.0000
1738265196.803931,1444685.000,37949,1,SF,1,100,0.0000
1738265197.136945,1445018.000,37999,1,SF,1,100,0.0000
1738265197.536961,1445418.000,38068,1,SF,1,100,0.0000
1738265197.803972,1445685.000,38119,1,SF,1,100,0.0000
1738265198.136985,1446018.000,38169,1,SF,1,100,0.0000
1738265198.469998,1446351.000,38218,1,SF,1,100,0.0000
1738265198.870014,1446751.000,38284,1,SF,1,100,0.0000
1738265199.203027,1447084.000,38340,1,SF,1,100,0.0000
1738265199.537041,1447418.000,38389,1,SF,1,100,0.0000
1738265199.803051,1447684.000,38440,1,SF,1,100,0.0000
1738265200.137065,1448018.000,38489,1,SF,1,100,0.0000
1738265200.537081,1448418.000,38555,1,SF,1,100,0.0000
1738265200.803091,1448684.000,38605,1,SF,1,100,0.0000
1738265201.137105,1449018.000,38655,1,SF,1,100,0.0000
1738265201.470118,1449351.000,38705,1,SF,1,100,0.0000
1738265201.870134,1449751.000,38771,1,SF,1,100,0.0000
1738265202.137145,1450018.000,38820,1,SF,1,100,0.0000
1738265202.470158,1450351.000,38874,1,SF,1,100,0.0000
1738265202.870174,1450751.000,38941,1,SF,1,100,0.0000
1738265203.203187,1451084.000,38992,1,SF,1,100,0.0000
1738265203.470198,1451351.000,39044,1,SF,1,100,0.0000
1738265203.803211,1451684.000,39093,1,SF,1,100,0.0000
1738265204.203227,1452084.000,39159,1,SF,1,100,0.0000
1738265204.470237,1452351.000,39198,1,SF,1,100,0.0000
1738265204.870254,1452751.000,39266,1,SF,1,100,0.0000
1738265205.136264,1453017.000,39317,1,SF,1,100,0.0000
1738265205.470278,1453351.000,39368,1,SF,1,100,0.0000
1738265205.803291,1453684.000,39418,1,SF,1,100,0.0000
1738265206.203307,1454084.000,39484,1,SF,1,100,0.0000
1738265206.469317,1454350.000,39534,1,SF,1,100,0.0000
1738265206.803331,1454684.000,39584,1,SF,1,100,0.0000
1738265207.203347,1455084.000,39652,1,SF,1,100,0.0000
1738265207.469357,1455350.000,39703,1,SF,1,100,0.0000
1738265207.803371,1455684.000,39754,1,SF,1,100,0.0000
1738265208.136384,1456017.000,39803,1,SF,1,100,0.0000
1738265208.536400,1456417.000,39869,1,SF,1,100,0.0000
1738265208.803411,1456684.000,39919,1,SF,1,100,0.0000
1738265209.136424,1457017.000,39968,1,SF,1,100,0.0000
1738265209.469437,1457350.000,40024,1,SF,1,100,0.0000
1738265209.802450,1457683.000,40073,1,SF,1,100,0.0000
1738265210.202466,1458083.000,40139,1,SF,1,100,0.0000
1738265210.469477,1458350.000,40190,1,SF,1,100,0.0000
1738265210.802490,1458683.000,40241,1,SF,1,100,0.0000
1738265211.202506,1459083.000,40307,1,SF,1,100,0.0000
1738265211.536520,1459417.000,40359,1,SF,1,100,0.0000
1738265211.802530,1459683.000,40409,1,SF,1,100,0.0000
1738265212.136544,1460017.000,40461,1,SF,1,100,0.0000
1738265212.536560,1460417.000,40529,1,SF,1,100,0.0000
1738265212.802570,1460683.000,40578,1,SF,1,100,0.0000
1738265213.136584,1461017.000,40630,1,SF,1,100,0.0000
1738265213.536599,1461417.000,40697,1,SF,1,100,0.0000
1738265213.869613,1461750.000,40746,1,SF,1,100,0.0000
1738265214.135623,1462016.000,40796,1,SF,1,100,0.0000
1738265214.469637,1462350.000,40845,1,SF,1,100,0.0000
1738265214.802650,1462683.000,40903,1,SF,1,100,0.0000
1738265215.135663,1463016.000,40952,1,SF,1,100,0.0000
1738265215.535679,1463416.000,41018,1,SF,1,100,0.0000
1738265215.802690,1463683.000,41069,1,SF,1,100,0.0000
1738265216.135703,1464016.000,41118,1,SF,1,100,0.0000
1738265216.535719,1464416.000,41184,1,SF,1,100,0.0000
1738265216.868732,1464749.000,41236,1,SF,1,100,0.0000
1738265217.135743,1465016.000,41286,1,SF,1,100,0.0000
1738265217.468756,1465349.000,41338,1,SF,1,100,0.0000
1738265217.868773,1465749.000,41404,1,SF,1,100,0.0000
1738265218.135783,1466016.000,41453,1,SF,1,100,0.0000
1738265218.468796,1466349.000,41503,1,SF,1,100,0.0000
1738265218.868812,1466749.000,41570,1,SF,1,100,0.0000
1738265219.201826,1467082.000,41619,1,SF,1,100,0.0000
1738265219.468836,1467349.000,41671,1,SF,1,100,0.0000
1738265219.801850,1467682.000,41726,1,SF,1,100,0.0000
1738265220.135863,1468016.000,41776,1,SF,1,100,0.0000
1738265220.468876,1468349.000,41825,1,SF,1,100,0.0000
1738265220.868892,1468749.000,41891,1,SF,1,100,0.0000
1738265221.135903,1469016.000,41942,1,SF,1,100,0.0000
1738265221.468916,1469349.000,41993,1,SF,1,100,0.0000
1738265221.868932,1469749.000,42059,1,SF,1,100,0.0000
1738265222.135943,1470016.000,42109,1,SF,1,100,0.0000
1738265222.468956,1470349.000,42161,1,SF,1,100,0.0000
1738265222.801969,1470682.000,42211,1,SF,1,100,0.0000
1738265223.201985,1471082.000,42277,1,SF,1,100,0.0000
1738265223.468996,1471349.000,42328,1,SF,1,100,0.0000
1738265223.802009,1471682.000,42378,1,SF,1,100,0.0000
1738265224.202025,1472082.000,42444,1,SF,1,100,0.0000
1738265224.469036,1472349.000,42496,1,SF,1,100,0.0000
1738265224.869052,1472749.000,42551,1,SF,1,100,0.0000
1738265225.135062,1473015.000,42601,1,SF,1,100,0.0000
1738265225.469076,1473349.000,42651,1,SF,1,100,0.0000
1738265225.868092,1473748.000,42717,1,SF,1,100,0.0000
1738265226.202105,1474082.000,42768,1,SF,1,100,0.0000
1738265226.468116,1474348.000,42819,1,SF,1,100,0.0000
1738265226.802129,1474682.000,42868,1,SF,1,100,0.0000
1738265227.202145,1475082.000,42936,1,SF,1,100,0.0000
1738265227.468156,1475348.000,42986,1,SF,1,100,0.0000
1738265227.802169,1475682.000,43035,1,SF,1,100,0.0000
1738265228.202185,1476082.000,43102,1,SF,1,100,0.0000
1738265228.468196,1476348.000,43152,1,SF,1,100,0.0000
1738265228.802209,1476682.000,43201,1,SF,1,100,0.0000
1738265229.135222,1477015.000,43251,1,SF,1,100,0.0000
1738265229.535238,1477415.000,43317,1,SF,1,100,0.0000
1738265229.802249,1477682.000,43367,1,SF,1,100,0.0000
1738265230.201265,1478081.000,43423,1,SF,1,100,0.0000
1738265230.468275,1478348.000,43473,1,SF,1,100,0.0000
1738265230.801289,1478681.000,43523,1,SF,1,100,0.0000
1738265231.201305,1479081.000,43589,1,SF,1,100,0.0000
1738265231.535318,1479415.000,43638,1,SF,1,100,0.0000
1738265231.801329,1479681.000,43689,1,SF,1,100,0.0000
1738265232.135342,1480015.000,43738,1,SF,1,100,0.0000
1738265232.534358,1480414.000,43806,1,SF,1,100,0.0000
1738265232.801368,1480681.000,43858,1,SF,1,100,0.0000
1738265233.134382,1481014.000,43908,1,SF,1,100,0.0000
1738265233.468395,1481348.000,43958,1,SF,1,100,0.0000
1738265233.868411,1481748.000,44026,1,SF,1,100,0.0000
1738265234.135422,1482015.000,44077,1,SF,1,100,0.0000
1738265234.468435,1482348.000,44127,1,SF,1,100,0.0000
1738265234.868451,1482748.000,44193,1,SF,1,100,0.0000
1738265235.134462,1483014.000,44232,1,SF,1,100,0.0000
1738265235.534478,1483414.000,44300,1,SF,1,100,0.0000
1738265235.801488,1483681.000,44350,1,SF,1,100,0.0000
1738265236.134502,1484014.000,44400,1,SF,1,100,0.0000
1738265236.534518,1484414.000,44468,1,SF,1,100,0.0000
1738265236.801528,1484681.000,44517,1,SF,1,100,0.0000
1738265237.134542,1485014.000,44568,1,SF,1,100,0.0000
1738265237.467555,1485347.000,44621,1,SF,1,100,0.0000
1738265237.867571,1485747.000,44687,1,SF,1,100,0.0000
1738265238.134582,1486014.000,44737,1,SF,1,100,0.0000
1738265238.467595,1486347.000,44786,1,SF,1,100,0.0000
1738265238.867611,1486747.000,44855,1,SF,1,100,0.0000
1738265239.200624,1487080.000,44905,1,SF,1,100,0.0000
1738265239.467635,1487347.000,44954,1,SF,1,100,0.0000
1738265239.800648,1487680.000,45004,1,SF,1,100,0.0000
1738265240.267667,1488147.000,45075,1,SF,1,100,0.0000
1738265240.467674,1488347.000,45108,1,SF,1,100,0.0000
1738265240.867691,1488747.000,45176,1,SF,1,100,0.0000
1738265241.134701,1489014.000,45226,1,SF,1,100,0.0000
1738265241.467715,1489347.000,45276,1,SF,1,100,0.0000
1738265241.867730,1489747.000,45342,1,SF,1,100,0.0000
1738265242.200744,1490080.000,45393,1,SF,1,100,0.0000
1738265242.467754,1490347.000,45446,1,SF,1,100,0.0000
1738265242.800768,1490680.000,45495,1,SF,1,100,0.0000
1738265243.134781,1491014.000,45545,1,SF,1,100,0.0000
1738265243.533797,1491413.000,45611,1,SF,1,100,0.0000
1738265243.800808,1491680.000,45661,1,SF,1,100,0.0000
1738265244.133821,1492013.000,45711,1,SF,1,100,0.0000
1738265244.533837,1492413.000,45777,1,SF,1,100,0.0000
1738265244.800848,1492680.000,45828,1,SF,1,100,0.0000
1738265245.133861,1493013.000,45879,1,SF,1,100,0.0000
1738265245.467874,1493347.000,45933,1,SF,1,100,0.0000
1738265245.800888,1493680.000,45983,1,SF,1,100,0.0000
1738265246.200903,1494080.000,46049,1,SF,1,100,0.0000
1738265246.466914,1494346.000,46099,1,SF,1,100,0.0000
1738265246.800927,1494680.000,46151,1,SF,1,100,0.0000
1738265247.133941,1495013.000,46202,1,SF,1,100,0.0000
1738265247.533957,1495413.000,46270,1,SF,1,100,0.0000
1738265247.800967,1495680.000,46321,1,SF,1,100,0.0000
1738265248.133981,1496013.000,46370,1,SF,1,100,0.0000
1738265248.533997,1496413.000,46436,1,SF,1,100,0.0000
1738265248.867010,1496746.000,46486,1,SF,1,100,0.0000
1738265249.134021,1497013.000,46536,1,SF,1,100,0.0000
1738265249.467034,1497346.000,46586,1,SF,1,100,0.0000
1738265249.867050,1497746.000,46654,1,SF,1,100,0.0000
1738265250.134060,1498013.000,46703,1,SF,1,100,0.0000
1738265250.534076,1498413.000,46758,1,SF,1,100,0.0000
1738265250.800087,1498679.000,46807,1,SF,1,100,0.0000
1738265251.134100,1499013.000,46859,1,SF,1,100,0.0000
1738265251.534116,1499413.000,46926,1,SF,1,100,0.0000
1738265251.867130,1499746.000,46975,1,SF,1,100,0.0000
1738265252.134140,1500013.000,47025,1,SF,1,100,0.0000
1738265252.467154,1500346.000,47076,1,SF,1,100,0.0000
1738265252.867170,1500746.000,47142,1,SF,1,100,0.0000
1738265253.133180,1501012.000,47193,1,SF,1,100,0.0000
1738265253.467194,1501346.000,47242,1,SF,1,100,0.0000
1738265253.867209,1501746.000,47310,1,SF,1,100,0.0000
1738265254.200223,1502079.000,47360,1,SF,1,100,0.0000
1738265254.467233,1502346.000,47412,1,SF,1,100,0.0000
1738265254.800247,1502679.000,47462,1,SF,1,100,0.0000
1738265255.200263,1503079.000,47528,1,SF,1,100,0.0000
1738265255.467273,1503346.000,47577,1,SF,1,100,0.0000
1738265255.867289,1503746.000,47635,1,SF,1,100,0.0000
1738265256.133300,1504012.000,47684,1,SF,1,100,0.0000
1738265256.466313,1504345.000,47736,1,SF,1,100,0.0000
1738265256.866329,1504745.000,47802,1,SF,1,100,0.0000
1738265257.133340,1505012.000,47854,1,SF,1,100,0.0000
1738265257.466353,1505345.000,47906,1,SF,1,100,0.0000
1738265257.800366,1505679.000,47955,1,SF,1,100,0.0000
1738265258.200382,1506079.000,48021,1,SF,1,100,0.0000
1738265258.466393,1506345.000,48074,1,SF,1,100,0.0000
1738265258.800406,1506679.000,48123,1,SF,1,100,0.0000
1738265259.199422,1507078.000,48189,1,SF,1,100,0.0000
1738265259.466433,1507345.000,48239,1,SF,1,100,0.0000
1738265259.799446,1507678.000,48289,1,SF,1,100,0.0000
1738265260.133460,1508012.000,48339,1,SF,1,100,0.0000
1738265260.533476,1508412.000,48405,1,SF,1,100,0.0000
1738265260.866489,1508745.000,48459,1,SF,1,100,0.0000
1738265261.199502,1509078.000,48509,1,SF,1,100,0.0000
1738265261.466513,1509345.000,48558,1,SF,1,100,0.0000
1738265261.799526,1509678.000,48608,1,SF,1,100,0.0000
1738265262.199542,1510078.000,48676,1,SF,1,100,0.0000
1738265262.466553,1510345.000,48728,1,SF,1,100,0.0000
1738265262.799566,1510678.000,48778,1,SF,1,100,0.0000
1738265263.199582,1511078.000,48846,1,SF,1,100,0.0000
1738265263.532595,1511411.000,48895,1,SF,1,100,0.0000
1738265263.799606,1511678.000,48946,1,SF,1,100,0.0000
1738265264.132619,1512011.000,48995,1,SF,1,100,0.0000
1738265264.532635,1512411.000,49061,1,SF,1,100,0.0000
1738265264.799646,1512678.000,49111,1,SF,1,100,0.0000
1738265265.132659,1513011.000,49160,1,SF,1,100,0.0000
1738265265.532675,1513411.000,49229,1,SF,1,100,0.0000
1738265265.865689,1513744.000,49284,1,SF,1,100,0.0000
1738265266.199702,1514078.000,49333,1,SF,1,100,0.0000
1738265266.465712,1514344.000,49386,1,SF,1,100,0.0000
1738265266.799726,1514678.000,49435,1,SF,1,100,0.0000
1738265267.132739,1515011.000,49485,1,SF,1,100,0.0000
1738265267.532755,1515411.000,49553,1,SF,1,100,0.0000
1738265267.799766,1515678.000,49603,1,SF,1,100,0.0000
1738265268.132779,1516011.000,49653,1,SF,1,100,0.0000
1738265268.532795,1516411.000,49719,1,SF,1,100,0.0000
1738265268.799806,1516678.000,49768,1,SF,1,100,0.0000
1738265269.132819,1517011.000,49818,1,SF,1,100,0.0000
1738265269.532835,1517411.000,49885,1,SF,1,100,0.0000
1738265269.865848,1517744.000,49934,1,SF,1,100,0.0000
1738265270.132859,1518011.000,49986,1,SF,1,100,0.0000
1738265270.465872,1518344.000,50035,1,SF,1,100,0.0000
1738265270.865888,1518744.000,50101,1,SF,1,100,0.0000
1738265271.132899,1519011.000,50140,1,SF,1,100,0.0000
1738265271.532915,1519411.000,50206,1,SF,1,100,0.0000
1738265271.798925,1519677.000,50257,1,SF,1,100,0.0000
1738265272.132939,1520011.000,50306,1,SF,1,100,0.0000
1738265272.531955,1520410.000,50374,1,SF,1,100,0.0000
1738265272.865968,1520744.000,50424,1,SF,1,100,0.0000
1738265273.131979,1521010.000,50474,1,SF,1,100,0.0000
1738265273.465992,1521344.000,50526,1,SF,1,100,0.0000
1738265273.866008,1521744.000,50592,1,SF,1,100,0.0000
1738265274.132018,1522010.000,50641,1,SF,1,100,0.0000
1738265274.466032,1522344.000,50691,1,SF,1,100,0.0000
1738265274.799045,1522677.000,50741,1,SF,1,100,0.0000
1738265275.199061,1523077.000,50807,1,SF,1,100,0.0000
1738265275.466072,1523344.000,50857,1,SF,1,100,0.0000
1738265275.799085,1523677.000,50906,1,SF,1,100,0.0000
1738265276.132098,1524010.000,50962,1,SF,1,100,0.0000
1738265276.465111,1524343.000,51011,1,SF,1,100,0.0000
1738265276.865128,1524743.000,51079,1,SF,1,100,0.0000
1738265277.132138,1525010.000,51130,1,SF,1,100,0.0000
1738265277.465152,1525343.000,51181,1,SF,1,100,0.0000
1738265277.865167,1525743.000,51249,1,SF,1,100,0.0000
1738265278.132178,1526010.000,51299,1,SF,1,100,0.0000
1738265278.465191,1526343.000,51349,1,SF,1,100,0.0000
1738265278.799205,1526677.000,51401,1,SF,1,100,0.0000
1738265279.198221,1527076.000,51467,1,SF,1,100,0.0000
1738265279.465231,1527343.000,51516,1,SF,1,100,0.0000
1738265279.798245,1527676.000,51568,1,SF,1,100,0.0000
1738265280.198261,1528076.000,51634,1,SF,1,100,0.0000
1738265280.465271,1528343.000,51686,1,SF,1,100,0.0000
1738265280.798285,1528676.000,51736,1,SF,1,100,0.0000
1738265281.132298,1529010.000,51785,1,SF,1,100,0.0000
1738265281.465311,1529343.000,51841,1,SF,1,100,0.0000
1738265281.798325,1529676.000,51892,1,SF,1,100,0.0000
1738265282.198340,1530076.000,51960,1,SF,1,100,0.0000
1738265282.465351,1530343.000,52011,1,SF,1,100,0.0000
1738265282.798364,1530676.000,52060,1,SF,1,100,0.0000
1738265283.198380,1531076.000,52126,1,SF,1,100,0.0000
1738265283.465391,1531343.000,52176,1,SF,1,100,0.0000
1738265283.798404,1531676.000,52226,1,SF,1,100,0.0000
1738265284.131418,1532009.000,52276,1,SF,1,100,0.0000
1738265284.531434,1532409.000,52342,1,SF,1,100,0.0000
1738265284.798444,1532676.000,52391,1,SF,1,100,0.0000
1738265285.131458,1533009.000,52441,1,SF,1,100,0.0000
1738265285.531473,1533409.000,52508,1,SF,1,100,0.0000
1738265285.864487,1533742.000,52557,1,SF,1,100,0.0000
1738265286.131497,1534009.000,52607,1,SF,1,100,0.0000
1738265286.465511,1534343.000,52662,1,SF,1,100,0.0000
1738265286.798524,1534676.000,52714,1,SF,1,100,0.0000
1738265287.131537,1535009.000,52765,1,SF,1,100,0.0000
1738265287.531553,1535409.000,52833,1,SF,1,100,0.0000
1738265287.798564,1535676.000,52886,1,SF,1,100,0.0000
1738265288.131577,1536009.000,52937,1,SF,1,100,0.0000
1738265288.531593,1536409.000,53003,1,SF,1,100,0.0000
1738265288.798604,1536676.000,53055,1,SF,1,100,0.0000
1738265289.131617,1537009.000,53105,1,SF,1,100,0.0000
1738265289.464631,1537342.000,53155,1,SF,1,100,0.0000
1738265289.864646,1537742.000,53223,1,SF,1,100,0.0000
1738265290.131657,1538009.000,53272,1,SF,1,100,0.0000
1738265290.464670,1538342.000,53322,1,SF,1,100,0.0000
1738265290.864686,1538742.000,53390,1,SF,1,100,0.0000
1738265291.131697,1539009.000,53440,1,SF,1,100,0.0000
1738265291.531713,1539409.000,53497,1,SF,1,100,0.0000
1738265291.797724,1539675.000,53547,1,SF,1,100,0.0000
1738265292.131737,1540009.000,53599,1,SF,1,100,0.0000
1738265292.530753,1540408.000,53667,1,SF,1,100,0.0000
1738265292.797764,1540675.000,53716,1,SF,1,100,0.0000
1738265293.130777,1541008.000,53767,1,SF,1,100,0.0000
1738265293.464790,1541342.000,53816,1,SF,1,100,0.0000
1738265293.864806,1541742.000,53882,1,SF,1,100,0.0000
1738265294.130817,1542008.000,53932,1,SF,1,100,0.0000
1738265294.464830,1542342.000,53981,1,SF,1,100,0.0000
1738265294.797843,1542675.000,54032,1,SF,1,100,0.0000
1738265295.197859,1543075.000,54098,1,SF,1,100,0.0000
1738265295.464870,1543342.000,54147,1,SF,1,100,0.0000
1738265295.797883,1543675.000,54197,1,SF,1,100,0.0000
1738265296.197899,1544075.000,54263,1,SF,1,100,0.0000
1738265296.464910,1544342.000,54313,1,SF,1,100,0.0000
1738265296.863926,1544741.000,54367,1,SF,1,100,0.0000
1738265297.130937,1545008.000,54417,1,SF,1,100,0.0000
1738265297.463950,1545341.000,54469,1,SF,1,100,0.0000
1738265297.863966,1545741.000,54535,1,SF,1,100,0.0000
1738265298.130976,1546008.000,54584,1,SF,1,100,0.0000
1738265298.463990,1546341.000,54635,1,SF,1,100,0.0000
1738265298.798003,1546675.000,54684,1,SF,1,100,0.0000
1738265299.197019,1547074.000,54750,1,SF,1,100,0.0000
1738265299.464030,1547341.000,54800,1,SF,1,100,0.0000
1738265299.798043,1547675.000,54849,1,SF,1,100,0.0000
1738265300.197059,1548074.000,54916,1,SF,1,100,0.0000
1738265300.531072,1548408.000,54966,1,SF,1,100,0.0000
1738265300.797083,1548674.000,55015,1,SF,1,100,0.0000
1738265301.131096,1549008.000,55067,1,SF,1,100,0.0000
1738265301.531112,1549408.000,55133,1,SF,1,100,0.0000
1738265301.864125,1549741.000,55188,1,SF,1,100,0.0000
1738265302.197139,1550074.000,55238,1,SF,1,100,0.0000
1738265302.464149,1550341.000,55290,1,SF,1,100,0.0000
1738265302.797163,1550674.000,55340,1,SF,1,100,0.0000
1738265303.197179,1551074.000,55406,1,SF,1,100,0.0000
1738265303.464189,1551341.000,55455,1,SF,1,100,0.0000
1738265303.797203,1551674.000,55505,1,SF,1,100,0.0000
1738265304.197219,1552074.000,55572,1,SF,1,100,0.0000
1738265304.530232,1552407.000,55623,1,SF,1,100,0.0000
1738265304.797243,1552674.000,55673,1,SF,1,100,0.0000
1738265305.130256,1553007.000,55722,1,SF,1,100,0.0000
1738265305.530272,1553407.000,55788,1,SF,1,100,0.0000
1738265305.797282,1553674.000,55839,1,SF,1,100,0.0000
1738265306.130296,1554007.000,55888,1,SF,1,100,0.0000
1738265306.530312,1554407.000,55954,1,SF,1,100,0.0000
1738265306.863325,1554740.000,56009,1,SF,1,100,0.0000
1738265307.197338,1555074.000,56061,1,SF,1,100,0.0000
1738265307.463349,1555340.000,56111,1,SF,1,100,0.0000
1738265307.797362,1555674.000,56160,1,SF,1,100,0.0000
1738265308.197378,1556074.000,56227,1,SF,1,100,0.0000
1738265308.530392,1556407.000,56277,1,SF,1,100,0.0000
1738265308.797402,1556674.000,56326,1,SF,1,100,0.0000
1738265309.130415,1557007.000,56378,1,SF,1,100,0.0000
1738265309.530432,1557407.000,56444,1,SF,1,100,0.0000
1738265309.796442,1557673.000,56494,1,SF,1,100,0.0000
1738265310.130455,1558007.000,56544,1,SF,1,100,0.0000
1738265310.530471,1558407.000,56610,1,SF,1,100,0.0000
1738265310.863485,1558740.000,56659,1,SF,1,100,0.0000
1738265311.130495,1559007.000,56710,1,SF,1,100,0.0000
1738265311.463509,1559340.000,56759,1,SF,1,100,0.0000
1738265311.863525,1559740.000,56825,1,SF,1,100,0.0000
1738265312.196538,1560073.000,56884,1,SF,1,100,0.0000
1738265312.463549,1560340.000,56934,1,SF,1,100,0.0000
1738265312.796562,1560673.000,56986,1,SF,1,100,0.0000
1738265313.129575,1561006.000,57035,1,SF,1,100,0.0000
1738265313.529591,1561406.000,57101,1,SF,1,100,0.0000
1738265313.796602,1561673.000,57152,1,SF,1,100,0.0000
1738265314.129615,1562006.000,57203,1,SF,1,100,0.0000
1738265314.529631,1562406.000,57269,1,SF,1,100,0.0000
1738265314.863644,1562740.000,57319,1,SF,1,100,0.0000
1738265315.129655,1563006.000,57369,1,SF,1,100,0.0000
1738265315.463668,1563340.000,57419,1,SF,1,100,0.0000
1738265315.863684,1563740.000,57487,1,SF,1,100,0.0000
1738265316.129695,1564006.000,57536,1,SF,1,100,0.0000
1738265316.463708,1564340.000,57586,1,SF,1,100,0.0000
1738265316.862724,1564739.000,57653,1,SF,1,100,0.0000
1738265317.129735,1565006.000,57691,1,SF,1,100,0.0000
1738265317.529751,1565406.000,57761,1,SF,1,100,0.0000
1738265317.796762,1565673.000,57811,1,SF,1,100,0.0000
1738265318.129775,1566006.000,57863,1,SF,1,100,0.0000
1738265318.462788,1566339.000,57912,1,SF,1,100,0.0000
1738265318.862804,1566739.000,57978,1,SF,1,100,0.0000
1738265319.129815,1567006.000,58029,1,SF,1,100,0.0000
1738265319.462828,1567339.000,58078,1,SF,1,100,0.0000
1738265319.795841,1567672.000,58128,1,SF,1,100,0.0000
1738265320.195857,1568072.000,58194,1,SF,1,100,0.0000
1738265320.462868,1568339.000,58244,1,SF,1,100,0.0000
1738265320.795881,1568672.000,58296,1,SF,1,100,0.0000
1738265321.195897,1569072.000,58362,1,SF,1,100,0.0000
1738265321.462908,1569339.000,58411,1,SF,1,100,0.0000
1738265321.795921,1569672.000,58462,1,SF,1,100,0.0000
1738265322.129935,1570006.000,58513,1,SF,1,100,0.0000
1738265322.462948,1570339.000,58572,1,SF,1,100,0.0000
1738265322.862964,1570739.000,58638,1,SF,1,100,0.0000
1738265323.129974,1571006.000,58688,1,SF,1,100,0.0000
1738265323.462988,1571339.000,58738,1,SF,1,100,0.0000
1738265323.796001,1571672.000,58787,1,SF,1,100,0.0000
1738265324.196017,1572072.000,58853,1,SF,1,100,0.0000
1738265324.463028,1572339.000,58904,1,SF,1,100,0.0000
1738265324.796041,1572672.000,58953,1,SF,1,100,0.0000
1738265325.196057,1573072.000,59019,1,SF,1,100,0.0000
1738265325.463068,1573339.000,59069,1,SF,1,100,0.0000
1738265325.796081,1573672.000,59119,1,SF,1,100,0.0000
1738265326.129094,1574005.000,59169,1,SF,1,100,0.0000
1738265326.529110,1574405.000,59235,1,SF,1,100,0.0000
1738265326.796121,1574672.000,59284,1,SF,1,100,0.0000
1738265327.129134,1575005.000,59334,1,SF,1,100,0.0000
1738265327.462147,1575338.000,59391,1,SF,1,100,0.0000
1738265327.796161,1575672.000,59441,1,SF,1,100,0.0000
1738265328.196177,1576072.000,59507,1,SF,1,100,0.0000
1738265328.462187,1576338.000,59557,1,SF,1,100,0.0000
1738265328.795201,1576671.000,59607,1,SF,1,100,0.0000
1738265329.196217,1577072.000,59673,1,SF,1,100,0.0000
1738265329.462227,1577338.000,59722,1,SF,1,100,0.0000
1738265329.795240,1577671.000,59773,1,SF,1,100,0.0000
1738265330.129254,1578005.000,59822,1,SF,1,100,0.0000
1738265330.529270,1578405.000,59888,1,SF,1,100,0.0000
1738265330.795280,1578671.000,59940,1,SF,1,100,0.0000
1738265331.129294,1579005.000,59989,1,SF,1,100,0.0000
1738265331.529310,1579405.000,60055,1,SF,1,100,0.0000
1738265331.862323,1579738.000,60106,1,SF,1,100,0.0000
1738265332.129334,1580005.000,60155,1,SF,1,100,0.0000
1738265332.462347,1580338.000,60212,1,SF,1,100,0.0000
1738265332.795360,1580671.000,60262,1,SF,1,100,0.0000
1738265333.128374,1581004.000,60312,1,SF,1,100,0.0000
1738265333.528389,1581404.000,60378,1,SF,1,100,0.0000
1738265333.795400,1581671.000,60428,1,SF,1,100,0.0000
1738265334.128413,1582004.000,60478,1,SF,1,100,0.0000
1738265334.528430,1582404.000,60544,1,SF,1,100,0.0000
1738265334.795440,1582671.000,60593,1,SF,1,100,0.0000
1738265335.128453,1583004.000,60644,1,SF,1,100,0.0000
1738265335.462467,1583338.000,60693,1,SF,1,100,0.0000
1738265335.862483,1583738.000,60761,1,SF,1,100,0.0000
1738265336.128493,1584004.000,60811,1,SF,1,100,0.0000
1738265336.461507,1584337.000,60860,1,SF,1,100,0.0000
1738265336.861523,1584737.000,60928,1,SF,1,100,0.0000
1738265337.128533,1585004.000,60981,1,SF,1,100,0.0000
1738265337.461546,1585337.000,61032,1,SF,1,100,0.0000
1738265337.795560,1585671.000,61088,1,SF,1,100,0.0000
1738265338.128573,1586004.000,61137,1,SF,1,100,0.0000
1738265338.528589,1586404.000,61203,1,SF,1,100,0.0000
1738265338.795600,1586671.000,61253,1,SF,1,100,0.0000
1738265339.128613,1587004.000,61303,1,SF,1,100,0.0000
1738265339.461626,1587337.000,61353,1,SF,1,100,0.0000
1738265339.861642,1587737.000,61419,1,SF,1,100,0.0000
1738265340.128653,1588004.000,61468,1,SF,1,100,0.0000
1738265340.461666,1588337.000,61518,1,SF,1,100,0.0000
1738265340.861682,1588737.000,61584,1,SF,1,100,0.0000
1738265341.128693,1589004.000,61634,1,SF,1,100,0.0000
1738265341.461706,1589337.000,61684,1,SF,1,100,0.0000
1738265341.794719,1589670.000,61733,1,SF,1,100,0.0000
1738265342.194736,1590070.000,61801,1,SF,1,100,0.0000
1738265342.461746,1590337.000,61852,1,SF,1,100,0.0000
1738265342.794760,1590670.000,61906,1,SF,1,100,0.0000
1738265343.127773,1591003.000,61959,1,SF,1,100,0.0000
1738265343.461786,1591337.000,62008,1,SF,1,100,0.0000
1738265343.861802,1591737.000,62074,1,SF,1,100,0.0000
1738265344.127813,1592003.000,62124,1,SF,1,100,0.0000
1738265344.461826,1592337.000,62174,1,SF,1,100,0.0000
1738265344.794839,1592670.000,62224,1,SF,1,100,0.0000
1738265345.194855,1593070.000,62290,1,SF,1,100,0.0000
1738265345.461866,1593337.000,62339,1,SF,1,100,0.0000
1738265345.794879,1593670.000,62391,1,SF,1,100,0.0000
1738265346.194895,1594070.000,62457,1,SF,1,100,0.0000
1738265346.460906,1594336.000,62507,1,SF,1,100,0.0000
1738265346.794919,1594670.000,62557,1,SF,1,100,0.0000
1738265347.127932,1595003.000,62608,1,SF,1,100,0.0000
1738265347.527948,1595403.000,62676,1,SF,1,100,0.0000
1738265347.860962,1595736.000,62732,1,SF,1,100,0.0000
1738265348.127972,1596003.000,62783,1,SF,1,100,0.0000
1738265348.460986,1596336.000,62834,1,SF,1,100,0.0000
1738265348.794999,1596670.000,62883,1,SF,1,100,0.0000
1738265349.195015,1597070.000,62951,1,SF,1,100,0.0000
1738265349.461025,1597336.000,63001,1,SF,1,100,0.0000
1738265349.794039,1597669.000,63050,1,SF,1,100,0.0000
1738265350.194055,1598069.000,63116,1,SF,1,100,0.0000
1738265350.461066,1598336.000,63169,1,SF,1,100,0.0000
1738265350.794079,1598669.000,63218,1,SF,1,100,0.0000
1738265351.128092,1599003.000,63268,1,SF,1,100,0.0000
1738265351.528108,1599403.000,63334,1,SF,1,100,0.0000
1738265351.794119,1599669.000,63384,1,SF,1,100,0.0000
1738265352.128132,1600003.000,63434,1,SF,1,100,0.0000
1738265352.527148,1600402.000,63502,1,SF,1,100,0.0000
1738265352.794158,1600669.000,63551,1,SF,1,100,0.0000
1738265353.194175,1601069.000,63607,1,SF,1,100,0.0000
1738265353.461185,1601336.000,63656,1,SF,1,100,0.0000
1738265353.794199,1601669.000,63706,1,SF,1,100,0.0000
1738265354.194215,1602069.000,63774,1,SF,1,100,0.0000
1738265354.461225,1602336.000,63824,1,SF,1,100,0.0000
1738265354.794238,1602669.000,63876,1,SF,1,100,0.0000
1738265355.127252,1603002.000,63925,1,SF,1,100,0.0000
1738265355.527268,1603402.000,63991,1,SF,1,100,0.0000
1738265355.794278,1603669.000,64042,1,SF,1,100,0.0000
1738265356.127292,1604002.000,64091,1,SF,1,100,0.0000
1738265356.527308,1604402.000,64159,1,SF,1,100,0.0000
1738265356.794318,1604669.000,64209,1,SF,1,100,0.0000
1738265357.127331,1605002.000,64259,1,SF,1,100,0.0000
1738265357.460345,1605335.000,64311,1,SF,1,100,0.0000
1738265357.860361,1605735.000,64377,1,SF,1,100,0.0000
1738265358.127372,1606002.000,64415,1,SF,1,100,0.0000
1738265358.527387,1606402.000,64483,1,SF,1,100,0.0000
1738265358.794398,1606669.000,64532,1,SF,1,100,0.0000
1738265359.127411,1607002.000,64582,1,SF,1,100,0.0000
1738265359.527427,1607402.000,64648,1,SF,1,100,0.0000
1738265359.793438,1607668.000,64700,1,SF,1,100,0.0000
1738265360.127451,1608002.000,64752,1,SF,1,100,0.0000
1738265360.460465,1608335.000,64801,1,SF,1,100,0.0000
1738265360.860481,1608735.000,64867,1,SF,1,100,0.0000
1738265361.127491,1609002.000,64918,1,SF,1,100,0.0000
1738265361.460505,1609335.000,64967,1,SF,1,100,0.0000
1738265361.860521,1609735.000,65033,1,SF,1,100,0.0000
1738265362.127531,1610002.000,65083,1,SF,1,100,0.0000
1738265362.460544,1610335.000,65135,1,SF,1,100,0.0000
1738265362.793558,1610668.000,65185,1,SF,1,100,0.0000
1738265363.193574,1611068.000,65256,1,SF,1,100,0.0000
1738265363.526587,1611401.000,65305,1,SF,1,100,0.0000
1738265363.793598,1611668.000,65356,1,SF,1,100,0.0000
1738265364.126611,1612001.000,65405,1,SF,1,100,0.0000
1738265364.460624,1612335.000,65455,1,SF,1,100,0.0000
1738265364.860640,1612735.000,65521,1,SF,1,100,0.0000
1738265365.126651,1613001.000,35,1,SF,1,100,0.0000
1738265365.460664,1613335.000,85,1,SF,1,100,0.0000
1738265365.860680,1613735.000,151,1,SF,1,100,0.0000
1738265366.126691,1614001.000,202,1,SF,1,100,0.0000
1738265366.459704,1614334.000,253,1,SF,1,100,0.0000
1738265366.793717,1614668.000,304,1,SF,1,100,0.0000
1738265367.193733,1615068.000,372,1,SF,1,100,0.0000
1738265367.459744,1615334.000,424,1,SF,1,100,0.0000
1738265367.793757,1615668.000,473,1,SF,1,100,0.0000
1738265368.193773,1616068.000,542,1,SF,1,100,0.0000
1738265368.526787,1616401.000,597,1,SF,1,100,0.0000
1738265368.792797,1616667.000,646,1,SF,1,100,0.0000
1738265369.126811,1617001.000,696,1,SF,1,100,0.0000
1738265369.526827,1617401.000,764,1,SF,1,100,0.0000
1738265369.792837,1617667.000,816,1,SF,1,100,0.0000
1738265370.126850,1618001.000,866,1,SF,1,100,0.0000
